time,open,high,low,close,Basis,Upper,Lower,温度计,Plot,Shapes,Shapes,Plot,Plot,Plot,Plot,Plot,Plot,ADX,Plot,Plot,Plot,Plot,RSI,RSI-based MA,Regular Bullish,Regular Bullish Label,Regular Bearish,Regular Bearish Label,Histogram,MACD,Signal line,Trend Strength Index,RSI,Regular Bullish,Regular Bullish Label,Hidden Bullish,Hidden Bullish Label,Regular Bearish,Regular Bearish Label,Hidden Bearish,Hidden Bearish Label,Distance from MA,Upper StdDev Band,Lower StdDev Band,Zero Line
2021-11-10,106.75,119.46,95.2,100.73,,,,,,0,0,,,,,,,,,,,0,,,,,,,,,,,,,,,,,,,,,,,0
2021-11-11,114.625,125,108.01,122.99,,,,,,0,0,,,,,,,,,,,0,,,,,,,,,,,,,,,,,,,,,,,0
2021-11-12,128.645,135.2,125.25,129.95,,,,,,0,0,,,,,,,,,,,0,,,,,,,,,,,,,,,,,,,,,,,0
2021-11-15,130.8,152.53,127.51,149.36,,,,,,0,0,,,,,,,,,,,0,,,,,,,,,,,,,,,,,,,,,,,0
2021-11-16,163.8,179.4699,153.78,172.01,,,,,,0,0,,,,,,,,,,,0,,,,,,,,,,,,,,,,,,,,,,,0
2021-11-17,160.88,163,140.35,146.07,,,,,,0,0,,,,,,,,,,,0,,,,,,,,,,,,,,,,,,,,,,,0
2021-11-18,136.81,138.78,120.15,123.38,,,,,,0,0,,,,,,,,,,,0,,,,,,,,,,,,,,,,,,,,,,,0
2021-11-19,129.98,139.9,125.6,128.6,,,,,,0,0,,,,,,,,,,,0,,,,,,,,,,,,,,,,,,,,,,,0
2021-11-22,123.88,124.93,106.91,118.11,,,,,,0,0,,,,,,,,,,,0,,,,,,,,,,,,,,,,,,,,,,,0
2021-11-23,117.83,124,113,119.85,,,,,,0,0,,,,,,,,-8.584722169253645,,,0,,,,,,,,,,,,,,,,,,,,,,,0
2021-11-24,119.38,120,113.4501,114.85,,,,,,0,0,,,,,,,,-13.331874401020249,,,0,,,,,,,,,,,,,,,,,,,,,,,0
2021-11-26,111,114.4999,106.14,112.13,,,,,,0,0,,,,,,,,-14.685272119971692,,,0,,,,,,,,,,,,,,,,,,,,,,,0
2021-11-29,115.85,122.25,113.6,119.77,,,,,,0,0,,,,,,,,-8.16099621970201,,,0,,,,,,,,,,,,,,,,,,,,,,,0
2021-11-30,119.9,121.49,114.1001,119.76,,,,,,0,0,,,,,,,,-6.035950507245802,,,0,,,,,,,,,,-0.27005443406913104,,,,,,,,,,,,,0
2021-12-01,120.54,126.75,113.1,115.69,,,,,,0,0,,,,,,,,-5.032794017451836,,,0,54.7704081632653,,,,,,,,,-0.5871964514509258,54.7704081632653,,,,,54.7704081632653,,54.7704081632653,,,,,0
2021-12-02,114.17,118.45,107.75,110.77,,,,,,0,0,,,,,,,,-6.3580492176074195,,,0,52.98014502106981,,,,,,,,,-0.7263421391586866,52.98014502106981,,,,,,,,,,,,0
2021-12-03,110.49,111.87,100,104.67,,,,,,0,0,,,,,,,,-10.092767565710348,,,0,50.76459658960539,,,,,,,,,-0.8134362297124965,50.76459658960539,50.76459658960539,,50.76459658960539,,,,,,,,,0
2021-12-06,106.36,117.48,100.32,116.78,,,,,,0,0,,,,,,,,1.338100279421739,,,0,54.80527976382291,,,,,,,,,-0.7394661353447257,54.80527976382291,,,,,,,,,,,,0
2021-12-07,119.52,120.21,112.4,116.18,,,,,,0,0,,,,,,,,0.9865704724238533,,,0,54.56633699605375,,,,,,,,,-0.6927382105169893,54.56633699605375,,,,,,,,,,,,0
2021-12-08,116.22,123.4,112.82,122.12,123.1885,155.02690905258916,91.35009094741086,,,0,0,,,,,,,,5.940731487264905,-0.8673699249524103,,0,56.58441090314136,,,,,,,,,-0.4409237076733255,56.58441090314136,,,,,56.58441090314136,,56.58441090314136,,,,,0
2021-12-09,119.95,121.32,114.4,115.4,123.922,154.29941766510126,93.54458233489872,,,0,0,,,,,,,,0.06329827360462836,-6.876906441148456,,0,53.67948431720056,,,,,,,,,-0.3531211818797238,53.67948431720056,,,,,,,,,,,,0
2021-12-10,115.71,118.01,110.801,114.66,123.50550000000001,154.1498603131144,92.86113968688562,42.06299798441413,,0,0,,,,,,,,-0.7959854646132691,-7.162029221370725,,0,53.354653075067866,,,,,,,,,-0.13415730552619273,53.354653075067866,,,,,,,,,,,,0
2021-12-13,118.14,121.6399,113.95,118.9,122.953,153.5110039269583,92.39499607304171,47.268709327087585,,0,0,,,,,,,,2.94996233537963,-3.2963815441672817,,0,55.0336724129265,,,,,,,,,0.021870858915911392,55.0336724129265,,,,,,,,,,,,0
2021-12-14,114.77,117.9,112.71,117.14,121.34200000000001,149.46143427595914,93.2225657240409,44.40994370741798,44.5805503396399,0,0,,,,,,,,1.6566722496550224,-3.4629394603682306,,0,54.16215750395399,,,,,,,,,0.1855124344060638,54.16215750395399,,,,,,,,,,,,0
2021-12-15,115.47,116.7391,109.21,115,118.4915,134.39106386194274,102.59193613805726,41.9082211564335,44.52895806364635,0,0,,,,,,,,-0.1406714020249833,-2.9466248633868264,,0,53.06184893698571,,,,,,,,,0.14374861957785426,53.06184893698571,,,,,,,,,,,,0
2021-12-16,116.76,117,107.06,108.87,116.6315,126.89588751217035,106.36711248782966,36.972650672982326,41.09693851227794,0,0,,,,,,,,-5.307379187976203,-6.6547202085199935,,0,49.93264074876482,,,,,,,-5.117783975080272,,-0.14306083747839313,49.93264074876482,,,,,,,,,,,,0
2021-12-17,99.92,100.6,92.62,97.7,115.3475,128.04926818399733,102.64573181600267,27.534460876364477,35.47177756859343,0,0,,,,,,,,-14.50448479544959,-15.299421313855955,,0,44.75351332875022,,,,,,,-6.212869587504926,,-0.3380081347921894,44.75351332875022,,,,,,,,,,,,0
2021-12-20,94.8,96.4,88.4,89.98,113.4165,128.90830851288834,97.92469148711166,19.473163844892753,27.993425131413186,0,0,,,,,,,,-19.369147363233118,-20.664100902426007,,0,41.54612602453956,52.142519556081986,,,,,,-7.61588116889169,,-0.4777189133649381,41.54612602453956,41.54612602453956,,41.54612602453956,,,,,,,,,0
2021-12-21,92.1904,98.42,92.05,96.82,112.352,129.26786426996853,95.43613573003148,22.758014289876215,23.25521300371115,0,0,,,,,,,,-11.70811333315097,-13.824409000284831,,0,45.287525757346664,51.46517081280208,,,,,,-8.082675072611906,,-0.5685202696909415,45.287525757346664,,,,,,,,,,,,0
2021-12-22,96.3876,98.8999,93.3918,96.34,111.1765,129.0832610415732,93.26973895842681,24.286468754169803,22.17254896297959,0,0,,,,,,,,-10.030724404889767,-13.344996469577652,-18.23073745678411,0,45.069517202108145,50.90012596859054,,,,,,-8.394577133103681,,-0.687099061936972,45.069517202108145,,,,,,,,,,,,0
2021-12-23,96.3505,97.8219,93.8144,96.84,110.276,129.13910197183938,91.41289802816061,25.671560991754077,24.2386813452667,0,0,,,,,,,,-7.968638631503911,-12.183974754252958,-17.715800594218123,0,45.364558527123805,50.51440896412756,,,,,,-8.503394107755597,,-0.8552692611619822,45.364558527123805,,,,,,,,,,,,0
2021-12-27,96.9,107.49,96.8,107.09,110.024,128.9159362692128,91.1320637307872,36.399186703262934,28.785738816395604,0,0,,,,,,,,2.509859478500598,-2.666690903802804,-8.594823588322487,0,51.15638781083979,50.253773824628766,,,,,,-7.674080978405897,,-0.7892072769711982,51.15638781083979,,,,,51.15638781083979,,51.15638781083979,,,,,0
2021-12-28,105.04,106,101,102.87,109.179,127.76093197705775,90.59706802294225,36.208280870844916,32.75967618862064,0,0,,,,,,,,0.00486073980461299,-5.778583793586678,-11.515005548053026,0,48.85988487982511,49.84617010204101,,,,,,-7.273518486996224,,-0.7556326317507015,48.85988487982511,,,,,,,,,,,,0
2021-12-29,101.19,102.58,96.62,99.34,108.15799999999999,126.54517226764419,89.77082773235578,34.55739766098706,35.721621745031634,0,0,,,,,,,,-1.7262699708166296,-8.1528874424453,-13.308064426984402,0,46.96077822285266,49.158767767734666,,,,,0.1786255524953031,-7.158393817236558,-7.337019369731861,-0.698139906582056,46.96077822285266,,,,,,,,,,,,0
2021-12-30,98.852,105.29,98.66,103.42,107.5445,125.70286168270734,89.38613831729266,40.74062706301528,37.16876853161575,0,0,,,,,,,,3.4955517527795354,-3.8351566095895184,-7.910124365557558,0,49.40840625616873,48.85369076337525,,,,,0.5406961330568816,-6.6611492034107584,-7.20184533646764,-0.6083119126157148,49.40840625616873,,,,,,,,,,,,0
2021-12-31,102.44,106.12,102.28,103.69,107.1905,125.35958085182115,89.02141914817885,42.45292074867082,39.250315157557715,0,0,,,,,,,,4.306451126155575,-3.265681193762504,-6.493483070411699,0,49.574246130327644,48.58366169589381,,,,,0.8221793921793719,-6.174121096243425,-6.996300488422797,-0.4944897853273338,49.574246130327644,,,,,,,,,,,,0
2022-01-03,106.14,106.55,100.25,102.72,107.093,125.335915446825,88.85008455317501,42.937332766175125,42.04362685928708,0,0,,,,,,,,2.811502236990937,-4.083366793347842,-6.789350465508792,0,48.95339698721709,48.14935630834314,,,,,0.9573884456090074,-5.799564931411538,-6.756953377020546,-0.3120758382421477,48.95339698721709,,,,,,,,,,,,0
2022-01-04,102.99,106.8,99.0137,101.39,106.32350000000001,124.16089585814049,88.48610414185953,43.529156212769195,42.97313657587171,0,0,,,,,,,,0.3344812571745237,-4.640084271115985,-7.232718788599657,0,48.06456520487133,47.7138140012658,,,,,0.9686713378078098,-5.546114204760784,-6.514785542568593,-0.08014495299015859,48.06456520487133,,,,,,,,,,,,0
2022-01-05,98.32,99.215,89.28,90.01,105.01499999999999,123.59240401670853,86.43759598329144,33.6684565933651,40.04498185743648,0,0,,,,,,,,-10.322702772713221,-14.288434985478249,-16.933015457971234,0,41.17562729764629,46.86479816988441,,,,,0.2581129258542241,-6.192144385250813,-6.450257311105037,-0.0051693757678799145,41.17562729764629,,,,,,,,,,,,0
2022-01-06,91.88,92.03,75.13,87.33,103.27550000000001,121.63447979191673,84.91652020808328,25.79047660860251,34.329363138245604,0,0,,,,,,,,-12.204684829596857,-15.439770323067915,-18.591896787985938,0,39.73139105830751,46.136137477708886,,,,,-0.3130076014106491,-6.841516812868349,-6.5285092114577,-0.04526859998953165,39.73139105830751,,,,,,,,,,,,0
2022-01-07,87.02,89.2699,81.6214,86.28,101.8195,120.71238487764668,82.92661512235333,25.82700408307597,28.4286457616812,0,0,,,,,,,,-12.329546609222241,-15.261811342621012,-18.85028498335245,0,39.1519745401078,45.736027564234426,,,,,-0.6620558824808791,-7.356079064558799,-6.6940231820779195,-0.264616419339886,39.1519745401078,,,,,,,,,,,,0
2022-01-10,83.5201,83.75,77.65,81.44,100.15849999999999,120.05811132786312,80.25888867213686,21.020001722460556,24.212494138046353,0,0,,,,,,,,-15.033020688791721,-18.688878128166852,-22.658334836988004,0,36.508972730233864,45.37623090035545,,,,,-1.0939758808146456,-8.061493033096227,-6.967517152281581,-0.6089163514411783,36.508972730233864,36.508972730233864,,36.508972730233864,,,,,,,,,0
2022-01-11,78.94,86.5799,78.12,83.55,98.39099999999999,117.5852177751533,79.19678222484669,22.262363724620744,23.03645651005243,0,0,,,,,,,,-11.038470138526558,-15.083696679574343,-19.734208630213757,0,38.45938926424672,44.88850686513403,,,,,-1.1091701501569267,-8.35397983997774,-7.244809689820813,-0.7399900566207628,38.45938926424672,,,,,,,,,,,,0
2022-01-12,84.9,88.07,82.63,86.48,96.85799999999998,114.66493752445999,79.05106247553996,24.977027392136392,22.753130946405907,0,0,,,,,,,,-6.64032559294403,-10.714654442586024,-16.024431374960745,0,41.162352653172384,44.60942368306719,,,,,-0.8075137897152889,-8.254201926964924,-7.446688137249636,-0.8294680449544146,41.162352653172384,,,,,,,,,,,,0
2022-01-13,86.9404,86.9404,79.89,80.31,95.12349999999998,112.2697500564998,77.97724994350015,21.044665058299245,22.761352058352134,0,0,,,,,,,,-11.082816651904315,-15.572913107696817,-21.112344429928378,0,37.433767022580945,44.042938575599855,,,,,-0.9019751712904407,-8.574157101362687,-7.672181930072246,-0.9186153263794155,37.433767022580945,,,,,,,,,,,,0
2022-01-14,79.57,81.69,77.01,79.95,93.67749999999998,110.82054509123212,76.53445490876784,19.912432656093753,21.978041702176473,0,0,,,,,,,,-9.091942783071428,-14.65399909263162,-20.665372262483995,0,37.22190915464886,43.04761867158622,,,,,-0.8669272471268039,-8.75584098898075,-7.888913741853947,-0.9155914124945038,37.22190915464886,,,,,,,,,,,,0
2022-01-18,77.525,77.84,72.8554,73.16,92.45049999999998,111.65516971858726,73.2458302814127,16.11634496449936,19.02448089296413,0,0,,,,,,,,-13.919284621720196,-20.865760596210926,-26.638500414471743,0,33.38418465174166,41.942211512437396,,,,,-1.1609143450268853,-9.340056673137553,-8.179142328110668,-0.9291591359560601,33.38418465174166,,,,,,,,,,,,0
2022-01-19,74.82,76.32,68.95,69.4,91.42149999999997,113.09241163287842,69.75058836712151,13.143926847956855,16.390901489516665,0,0,,,,,,,,-15.149588585541185,-24.087878671865994,-29.289018401157453,0,31.450416910764844,40.83432856157399,,,,,-1.449709450837636,-9.991279141657714,-8.541569690820078,-0.9525585469240114,31.450416910764844,,,,,,,,,,,,0
2022-01-20,70.8581,72.0799,64.81,65.02,89.83149999999998,114.1850437051781,65.47795629482185,10.918726945942065,13.392999586132769,0,0,,,,,,,,-17.999293749684718,-27.62004419385181,-32.58030844526167,0,29.31984518651231,39.399431342312816,,,,,-1.7563739704169201,-10.737037153841229,-8.980663183424308,-0.9550257885761454,29.31984518651231,,,,,,,,,,,,0
2022-01-21,63.865,67.16,60.51,64.51,88.23999999999998,114.74900149006038,61.73099850993959,10.113307703927031,11.391987165941993,0,0,,,,,,,,-16.23165822620439,-26.892565729827723,-31.750134891610628,0,29.07287841009436,37.935047933724725,,,,,-1.8071853409719356,-11.239644859639228,-9.432459518667292,-0.9545515329538745,29.07287841009436,,,,,,,,,,,,0
2022-01-24,60.11,64.3,55.1,63.9,86.59299999999996,114.79888314518863,58.387116854811296,10.160526559744834,10.397520403204654,0,0,,,,,,,,-14.540202214732801,-26.206506299585385,-31.144961944750747,0,28.760829542657717,36.49272168768477,,,,,-1.6972321238451133,-11.553999673473683,-9.85676754962857,-0.9530706847412832,28.760829542657717,,,,,,,,,,,,0
2022-01-25,61.1053,61.93,58,59.61,84.21899999999997,113.10878013069717,55.329219869302754,8.766281783348354,9.680038682340083,0,0,,,,,,,,-17.88011957734644,-29.220247212624205,-34.47194272020403,0,26.59858295974385,34.959437241604235,,,,,-1.7232593745418079,-12.010841767805829,-10.287582393264021,-0.9603085051185838,26.59858295974385,,,,,,,,,,,,0
2022-01-26,62.35,68.07,59.01,60.27,82.08899999999997,111.4422069116821,52.735793088317834,11.474058813337752,10.13362238547699,1,0,,,,,,,,-14.219837463173013,-26.579687899718564,-32.29180319274424,0,27.50161563771499,33.98272212303772,,,,,-1.5133270640097827,-12.17924122327625,-10.665914159266467,-0.9615767096309138,27.50161563771499,,,,,,,,,,,,0
2022-01-27,61.33,61.7,53.331,53.94,79.81899999999996,110.47765287321057,49.16034712678935,8.236205230842813,9.49218194250965,0,0,,,,,,,,-19.500947662184544,-32.422105012590954,-37.934129324992426,0,24.40097990742214,32.887692755117335,,,,,-1.609141162002718,-12.677340611769864,-11.068199449767146,-0.9675628129997349,24.40097990742214,24.40097990742214,,24.40097990742214,,,,,,,,,0
2022-01-28,53.6,57.3,50,57.12,77.50399999999995,107.67291738196835,47.33508261803154,11.346574795165516,10.35227961311537,1,0,,,,,,,,-11.699233242641604,-26.300578034682033,-32.782866220801374,0,28.747113721930262,32.1444884109618,,,,,-1.2809949111147976,-12.669443088660643,-11.388448177545845,-0.963505662954593,28.747113721930262,,,,,,,,,,,,0
2022-01-31,58.65,65.93,57.92,65.74,75.60650000000001,103.64751586961494,47.56548413038509,27.26038582252921,15.61438861617919,0,0,,,,,,,,3.908830828077825,-13.049803918975245,-21.307786227865087,0,38.98657608341902,32.32146007904645,,,,,-0.35423275804357246,-11.83123912510031,-11.477006367056738,-0.9029214616063341,38.98657608341902,,,,,,,,,,,,0
2022-02-01,67.28,71.46,62.35,69.62,73.9515,99.16026298036076,48.742737019639236,36.0294950469243,24.87881855487302,0,0,,,,,,,,10.660753739290785,-5.8572172302116865,-15.719047350028637,0,42.959986752396034,32.64293132819998,,,,,0.5974594835468956,-10.730182012623118,-11.327641496170013,-0.7625224514878948,42.959986752396034,,,,,42.959986752396034,,42.959986752396034,,,,,0
2022-02-02,69.39,69.9,63.55,64.32,72.098,94.227590687584,49.968409312416,38.4715746042543,33.92048515790261,0,0,,,,,,,,3.0686643698421667,-10.788093983189551,-21.32045929018791,0,39.20421141086763,32.50306409660678,,,,,0.9276802568813274,-10.168041175068353,-11.09572143194968,-0.6475336881632486,39.20421141086763,,,,,,,,,,,,0
2022-02-03,60.8268,63.9193,59,60.36,70.61550000000001,91.69429832912688,49.53670167087314,39.45384983969913,37.98497316362592,0,0,,,,,,,,-2.549282358449423,-14.52301548526883,-25.05028931879705,0,36.62760552004403,32.445481132139854,,,,,0.9344653337736162,-9.92763976473266,-10.862105098506277,-0.5610191103617085,36.62760552004403,,,,,,,,,,,,0
2022-02-04,62.065,62.78,59.11,60.87,69.2925,89.3033589270926,49.2816410729074,40.11351330294967,39.346312582301046,0,0,,,,,,,,-1.1449451887941442,-12.154995129343016,-23.29083615130958,0,37.20005113970615,32.44391984535823,,,,,1.0213066189305664,-9.585471824843069,-10.606778443773635,-0.41576544167328233,37.20005113970615,,,,,,,,,,,,0
2022-02-07,60.8753,63.83,57.52,58.36,67.89650000000002,86.83925827328227,48.953741726717766,37.91344728620433,39.160270142951056,0,0,,,,,,,,-4.360793825076604,-14.045643000743802,-25.24561605759007,0,35.50041566736449,32.59507920361701,,,,,0.9587161117119987,-9.408383304133636,-10.367099415845635,-0.31400653917138766,35.50041566736449,,,,,,,,,,,,0
2022-02-08,58.08,61.54,56.44,60.95,66.87200000000001,84.9715907136046,48.77240928639542,39.99837242259874,39.34177767058426,0,0,,,,,,,,-0.3352138009974359,-8.855724368943674,-20.35907018071107,0,38.61694674799083,33.1069741919903,,,,,1.12903072734483,-8.955811006664597,-10.084841734009427,-0.15199187501228015,38.61694674799083,,,,,,,,,,,,0
2022-02-09,61.86,65.12,60.75,64.53,65.92100000000002,82.33573228535863,49.50626771464142,46.26671139959011,41.392843702797734,0,0,,,,,,,,4.788814731816671,-2.1101014851109934,-14.24926581000091,0,42.73570596241448,34.065249961697596,,,,,1.497003786048273,-8.213587001449085,-9.710590787497358,0.04210819963093051,42.73570596241448,,,,,,,,,,,,0
2022-02-10,61.455,68.98,60.66,64.72,64.833,78.26663108024053,51.39936891975947,53.75394912213227,46.67301098144038,0,0,,,,,,,,3.289232193300262,-0.17429395523884672,-12.657390787999823,0,42.95447946589498,35.056792894254784,,,,,1.749821717021085,-7.5233136412210015,-9.273135358242087,0.22698703728180047,42.95447946589498,,,,,42.95447946589498,,42.95447946589498,,,,,0
2022-02-11,64.5,66.3999,57.7,58.85,63.760000000000005,75.38363454346374,52.13636545653627,49.800654801653806,49.9404384411254,0,0,,,,,,,,-6.337535014005569,-7.700752823086576,-18.954278369445444,0,38.11027884714456,35.72461070171813,,,,,1.5264862707738072,-7.365027519774827,-8.891513790548634,0.21444693462374564,38.11027884714456,,,,,,,,,,,,0
2022-02-14,60.36,66.3999,59.9,62.65,62.895,71.83587132219265,53.95412867780737,53.97872987325472,52.51111126568028,0,0,,,,,,,,0.2031252499080649,-0.3895381190873737,-12.064415914960502,0,42.621489519565124,36.86910402741965,,,,,1.6300523635747073,-6.853948336080251,-8.484000699654958,0.19281959040531468,42.621489519565124,,,,,,,,,,,,0
2022-02-15,65.8,67.18,63.88,66.29,62.5515,70.34241592818273,54.76058407181727,59.81562601339262,54.53167022943372,0,0,,,,,,,,6.592699790963219,5.976675219619043,-5.3419200068540835,0,46.63421934797737,38.23571857815268,,,,,1.9191588569232074,-6.085052128500948,-8.004210985424155,0.27581996231872835,46.63421934797737,,,,,46.63421934797737,,46.63421934797737,,,,,0
2022-02-16,65.37,66.43,63.34,66.25,62.394000000000005,69.7393751435857,55.048624856414314,62.49297951955565,58.762445135401,0,0,,,,,,,,6.198804161390159,6.180081418085059,-3.7898334293418046,0,46.59565558828992,39.82105255535752,,,,,2.0701798846230277,-5.416486129645371,-7.4866660142683985,0.150774311186785,46.59565558828992,,,,,,,,,,,,0
2022-02-17,64.685,71.5,64.13,64.74,62.38000000000001,69.70634424525657,55.053655754743446,69.83812532825021,64.04891028706616,0,0,,,,,,,,3.054711004282007,3.783263866623887,-4.8183796287220915,0,45.08013613636367,40.98769701353133,,,,,2.028204521268484,-4.951410362682793,-6.979614883951277,-0.010715641547538748,45.08013613636367,,,,,,,,,,,,0
2022-02-18,65.7725,66.8999,63.0101,66.37,62.473,69.95079138516246,54.99520861483754,69.65780197000016,67.32963560593534,0,0,,,,,,,,4.732448596361127,6.237894770540886,-1.4092178494325314,0,47.08102449175196,41.56587189984083,,,,,2.0632279528904345,-4.400579942838235,-6.463807895728669,0.19386340250561965,47.08102449175196,,,,,47.08102449175196,,47.08102449175196,,,,,0
2022-02-22,65.25,69.1,59.76,62.39,62.3975,69.84657208986502,54.94842791013498,61.31589781421937,66.93727503748993,0,0,,,,,,,,-2.1701633894690375,-0.012019712328215082,-6.21194886930202,0,42.96490986339709,41.56622355062662,,,,,1.7819571434601738,-4.2363614664034515,-6.018318609863625,0.4904045874363835,42.96490986339709,,,,,,,,,,,,0
2022-02-23,63.427,63.5,57.05,57.53,62.29350000000001,69.9505158025176,54.63648419748242,51.638128627896016,60.87060947070518,0,0,,,,,,,,-9.30445201160297,-7.646865242762102,-12.46906317198846,0,38.5346348640039,41.51839665442206,,,,,1.2569629270420464,-4.447114951061067,-5.704077878103114,0.2867388301938634,38.5346348640039,38.5346348640039,,38.5346348640039,,,,,,,,,0
2022-02-24,54.24,64.43,53.5,63.71,62.4655,70.08743800814503,54.84356199185497,51.4657123700094,54.80657960404161,0,0,,,,,,,,0.5682715074980305,1.9922997494617123,-2.081027910979949,0,46.13999921228011,42.19785334672464,,,,,1.3084108009462287,-4.068564376920328,-5.376975177866557,0.2423544842831191,46.13999921228011,,,,,,,,,,,,0
2022-02-25,63.35,63.99,60.81,63.43,62.94,69.48542282820675,56.394577171793244,51.76205390338822,51.62196496709788,0,0,,,,,,,,0.33058635579952256,0.7785192246584138,-1.346384152379343,0,45.863109199221164,42.81664320811858,,,,,1.3032201858199652,-3.7479499455916,-5.051170131411565,0.1878979557178913,45.863109199221164,,,,,,,,,,,,0
2022-02-28,63.49,68.15,62.4,67.56,63.462,69.72674452791219,57.19725547208782,61.045530188818276,54.7577654874053,0,0,,,,,,,,5.410971728140801,6.457407582490315,5.776256184372608,0,50.574582745980024,43.89336942801968,,,,,1.541267358679379,-3.124585933062342,-4.665853291741721,0.16740511674150269,50.574582745980024,,,,,50.574582745980024,,50.574582745980024,,,,,0
2022-03-01,65.43,66.54,60.8,61.91,63.27049999999999,69.47889906900389,57.06210093099609,54.994612598859796,55.93406556368877,0,0,,,,,,,,-3.292823893280017,-2.150291209963562,-2.1484868920171762,0,44.82698862547177,44.33694384783975,,,,,1.2916428263800768,-3.051299758766625,-4.342942585146702,-0.025571125946116626,44.82698862547177,,,,,,,,,,,,0
2022-03-02,59.135,59.14,53.3,53.56,62.467499999999994,69.30566605531097,55.62933394468902,35.03271924175542,50.357620676477836,0,0,,,,,,,,-14.638616622838452,-14.259414895745781,-14.4627571227801,0,37.960851936319024,43.99588284597579,,,,,0.5741892399448316,-3.625206035215662,-4.1993952751604935,-0.2959086071020735,37.960851936319024,,,,,,,,,,,,0
2022-03-03,54.36,56,50.02,50.91,61.797000000000004,70.22261831558968,53.37138168441032,27.220244578214157,39.08252547294313,0,0,,,,,,,,-16.828674584633475,-17.617360066022634,-17.886655304598385,0,36.07245758237333,43.50430985429567,,,,,-0.03642844139484147,-4.244930826904046,-4.208502385509204,-0.46608037389242213,36.07245758237333,,,,,,,,,,,,0
2022-03-04,51.01,51.41,46.66,47.39,61.1485,71.65602925287399,50.640970747126005,20.67580405092619,27.642922623631932,0,0,,,,,,,,-20.320801667899634,-22.5001430942705,-22.832671139190996,0,33.676056818954194,43.18757970942493,,,,,-0.6035121990570484,-4.962892634330515,-4.359380435273467,-0.7107257003699081,33.676056818954194,,,,,,,,,,,,0
2022-03-07,48,49.44,42.28,42.43,60.2265,73.53321901709823,46.91978098290177,14.495901714546324,20.797316781228897,0,0,,,,,,,,-25.668336778669275,-29.549284783276462,-30.071197837695262,0,30.59204570995088,42.32833372302391,,,,,-1.2041041786301534,-5.864510658561159,-4.660406479931005,-0.8107468522168542,30.59204570995088,,,,,,,,,,,,0
2022-03-08,41.89,45.06,39.86,42.21,59.419,74.86835713872927,43.96964286127073,12.708286418382812,15.95999739461845,0,0,,,,,,,,-23.343745459828547,-28.9621164947239,-29.59484929861722,0,30.45880612705774,41.1729470643868,,,,,-1.4889743150504104,-6.521624373744018,-5.032650058693608,-0.85099451095955,30.45880612705774,30.45880612705774,,30.45880612705774,,,,,,,,,0
2022-03-09,43.39,46.25,42.69,43.95,58.568999999999996,75.39700748751923,41.74099251248076,14.999009548413085,14.067732560447416,1,0,,,,,,,,-18.1655680929505,-24.960303232085224,-26.048695125439547,0,32.946281902789124,40.197991801136745,,,,,-1.4325464587190968,-6.823333132092479,-5.390786673373382,-0.871854375768983,32.946281902789124,,,,,,,,,,,,0
2022-03-10,44.105,44.19,39.77,41.16,57.40049999999999,75.60017634327625,39.20082365672373,10.940138276919736,12.88247808123855,0,0,,,,,,,,-20.00155487745623,-28.29330754958579,-29.992856413919778,0,31.029672776185663,39.19438727540974,,,,,-1.4509866279837311,-7.204519958353046,-5.753533330369315,-0.8953734463658017,31.029672776185663,,,,,,,,,,,,0
2022-03-11,38.32,41,37.5,38.05,56.066999999999986,75.77204209587006,36.36195790412991,9.277837205401255,11.7389950102447,0,0,,,,,,,,-22.2088197411731,-32.13476733194213,-34.69418111709277,0,29.004189137667822,37.90318475011801,,,,,-1.532500521505483,-7.669158982251169,-6.136658460745686,-0.9038325874970095,29.004189137667822,,,,,,,,,,,,0
2022-03-14,37.74,37.74,34.9,35.83,54.91599999999998,76.44151267682173,33.39048732317824,7.7234034610467575,9.31379298112259,0,0,,,,,,,,-21.66593790992566,-34.75489839026875,-37.74614279757213,0,27.618308312708976,36.80699892506886,,,,,-1.5889841109775542,-8.122888599467629,-6.533904488490075,-0.9227088564598903,27.618308312708976,27.618308312708976,,27.618308312708976,,,,,,,,,0
2022-03-15,35.67,37.32,33.46,37,53.633499999999984,76.19457557276499,31.072424427234978,11.034684235652104,9.345308300700047,1,0,,,,,,,,-14.448888991652964,-31.013265962504754,-34.62512515460272,0,29.52943930339275,36.163770670739495,,,,,-1.4068547311447945,-8.292472902421068,-6.885618171276273,-0.9526783274098971,29.52943930339275,,,,,,,,,,,,0
2022-03-16,38.5,42.0998,37.65,41.58,52.39799999999998,74.75680730271657,30.039192697283404,21.29162977332591,13.349905823341599,0,0,,,,,,,,-1.1200684882642253,-20.645826176571603,-25.299126872911472,0,36.587726852579486,35.48146550218945,,,,,-0.8638901477705678,-7.965480855989483,-7.101590708218915,-0.9096761617310769,36.587726852579486,,,,,,,,,,,,0
2022-03-17,40.84,42.75,38.52,42.13,51.191999999999986,73.0279635464069,29.35603645359308,26.755839677033997,19.694051228670677,0,0,,,,,,,,2.324338765695999,-17.70198468510702,-23.291678552137228,0,37.39860855658536,34.87685831342976,,,,,-0.3784403548144146,-7.574641151736934,-7.196200796922519,-0.8427888426839991,37.39860855658536,,,,,,,,,,,,0
2022-03-18,42.61,45.7,42.3317,45.6,50.23499999999999,71.2752076985948,29.194792301405183,34.2865566751451,27.444675375168345,0,0,,,,,,,,11.235790603502993,-9.226634816363077,-16.223184376358745,0,42.402832906047074,34.293161896291686,,,,,0.23272232190664166,-6.905297894539217,-7.138020216445859,-0.7089807839380052,42.402832906047074,,,,,,,,,,,,0
2022-03-21,45.64,46.55,42.31,43.56,49.0945,68.95226571017008,29.236734289829908,38.70000074719366,33.24746569979093,0,0,,,,,,,,5.967353492105998,-11.273156870932578,-19.113641990591688,0,40.36019486479162,33.974105199100244,,,,,0.5384754924142721,-6.464925850928019,-7.003401343342291,-0.5474702970508777,40.36019486479162,,,,,,,,,,,,0
2022-03-22,43.65,48.3,43.13,46.93,48.32149999999999,67.22979688258589,29.413203117414096,45.75795328055907,39.581503567632616,0,0,,,,,,,,12.869477380408402,-2.879670540028756,-12.23498756366217,0,45.067879121753755,34.48174999805987,,,,,0.9808020814454732,-5.77739874153545,-6.758200822980923,-0.20498930833506435,45.067879121753755,,,,,,,,,,,,0
2022-03-23,46.47,48,44.63,45.87,47.738499999999995,66.18861682889862,29.288383171101376,49.114142086552455,44.524032038101744,0,0,,,,,,,,9.813028177443694,-3.914031651601957,-13.403268537338942,0,43.8942275891399,35.040447855686054,,,,,1.200595055581668,-5.257457003503838,-6.458052059085506,0.18076879637299784,43.8942275891399,,,,,,,,,,,,0
2022-03-24,46.25,48.7,44.6,48.66,46.986,63.935745012831475,30.036254987168515,55.37435155122973,50.08214897278043,0,0,,,,,,,,14.437572023235568,3.5627633763248623,-7.209417627540937,0,47.751074777597644,36.04580628130345,,,,,1.5123479669102569,-4.567617100447684,-6.079965067357941,0.5599431864326041,47.751074777597644,,,,,47.751074777597644,,47.751074777597644,,,,,0
2022-03-25,48.87,49.1,45.23,46.16,46.12249999999999,61.30033762596008,30.944662374039893,55.75588641561473,53.41479335113231,0,0,,,,,,,,6.526354657066369,0.08130521979512473,-10.925861603180087,0,44.7805396134743,37.059270131555124,,,,,1.5243545940233236,-4.174521824828787,-5.698876418852111,0.6531198813811724,44.7805396134743,,,,,,,,,,,,0
2022-03-28,46.835,48.1645,44,45.98,45.0435,56.610719674580594,33.47628032541941,59.382457076014475,56.83756501428632,0,0,,,,,,,,3.682323494261164,2.0791013131750358,-10.532562800381362,0,44.565574376064525,38.066896435055604,,,,,1.4924393175993158,-3.8333272718529656,-5.325766589452281,0.7166902480780405,44.565574376064525,,,,,,,,,,,,0
2022-03-29,47.36,54.83,46.61,53.88,44.642,54.22723573001753,35.05676426998247,69.46093493078924,61.53309280747282,0,0,,,,,,,,17.041381557510604,20.69351731553246,5.438937522015408,0,54.81717276759934,39.629102925399195,,,,,1.9469128470270585,-2.8921255306684586,-4.839038377695517,0.8673938993668411,54.81717276759934,,,,,54.81717276759934,,54.81717276759934,,,,,0
2022-03-30,52.735,56.7599,51.81,52.01,44.564499999999995,53.881369592304445,35.247630407695546,70.86619673998771,66.56986291559714,0,0,,,,,,,,10.47623093589365,16.707244555644074,2.736478923318053,0,52.34930355988315,41.15193369566331,,,,,2.054485219954211,-2.270931852752753,-4.325417072706964,0.9208461727067412,52.34930355988315,,,,,,,,,,,,0
2022-03-31,51.895,51.93,49.55,50.24,44.53099999999999,53.76077551189668,35.3012244881033,69.81945694280182,70.04886287119292,0,0,,,,,,,,4.909269352043277,12.820282499831603,0.29745862530197176,0,50.05237979600261,42.65537588554436,,,,,1.9406867260210974,-1.8995586651805922,-3.8402453912016896,0.9064183837770687,50.05237979600261,,,,,,,,,,,,0
2022-04-01,50.18,50.26,46.21,46.44,44.48349999999999,53.66357685153061,35.30342314846938,64.60116805428298,68.42894057902417,0,0,,,,,,,,-3.195547495466189,4.398260028999523,-6.145793334815364,0,45.442468188272784,43.92853016237034,,,,,1.5601296913423868,-1.890083277023706,-3.4502129683660927,0.7982257988815933,45.442468188272784,,,,,,,,,,,,0
2022-04-04,46.8,47.6954,45.65,46.53,44.68849999999999,53.859103633349804,35.51789636665018,61.70911750022678,65.37658083243718,0,0,,,,,,,,-3.6047234307022946,4.120746948320053,-4.690049775022342,0,45.570331853527875,45.07430820166571,,,,,1.2770178609969642,-1.8539406421198876,-3.130958503116852,0.6515127594554957,45.570331853527875,,,,,,,,,,,,0
2022-04-05,46.53,46.88,41.89,42.19,44.687499999999986,53.8591887757932,35.51581122420677,53.01113282018281,59.773806124897526,0,0,,,,,,,,-11.729014980333075,-5.58881118881116,-12.371312457161832,0,40.62578898251518,45.36274121094683,,,,,0.7842011541355314,-2.150707060447438,-2.9349082145829692,0.28799037884568585,40.62578898251518,,,,,,,,,,,,0
2022-04-06,43.3,43.35,39.571,40.1,44.49499999999998,53.879663020056306,35.11033697994366,45.93944506870526,53.55323179637162,0,0,,,,,,,,-15.076558165145372,-9.877514327452486,-15.694903851544527,0,38.461518095348346,45.438663320858474,,,,,0.32758214997899193,-2.525430527109229,-2.853012677088221,-0.13325233676650625,38.461518095348346,,,,,,,,,,,,0
2022-04-07,40.36,40.5,37.6,39.98,44.43599999999999,53.91811875057517,34.95388124942482,35.10902315012814,44.68653367967207,0,0,,,,,,,,-13.745118767664133,-10.027905302007378,-14.52577268159887,0,38.33524011123426,45.148120978371836,,,,,0.04256205907480348,-2.7998101032447167,-2.84237216231952,-0.3560705425928069,38.33524011123426,,,,,,,,,,,,0
2022-04-08,39.49,41.0411,38.3085,38.8,44.47349999999999,53.85974797243338,35.08725202756659,31.57643376695404,37.54163399526248,0,0,,,,,,,,-14.94026087909679,-12.757035088310998,-15.566516756129412,0,37.047163699448966,44.91147589513308,,,,,-0.18770566447640302,-3.0770042429150237,-2.8892985784386207,-0.6074762724517369,37.047163699448966,,,,,,,,,,,,0
2022-04-11,37.84,41.94,37.15,39.5,44.657,53.48718029261052,35.826819707389475,30.93266201957198,32.53937297888472,0,0,,,,,,,,-12.157804612271217,-11.548021586761303,-12.25731929450441,0,38.37009011457286,44.43306239462016,,,,,-0.2511796231769603,-3.203273107409821,-2.9520934842328606,-0.702781227945259,38.37009011457286,,,,,,,,,,,,0
2022-04-12,40.23,41.99,37.67,38.15,44.7145,53.35748206639383,36.071517933606174,27.538284211597507,30.01579333270784,0,0,,,,,,,,-12.084619993547484,-14.680920059488534,-13.738524849635958,0,36.765439239907046,43.92386322681781,,,,,-0.33703679325707947,-3.37338947580421,-3.0363526825471303,-0.8091098204785715,36.765439239907046,36.765439239907046,,36.765439239907046,,,,,,,,,0
2022-04-13,38.305,41.27,37.31,41.15,44.693,53.36913992510525,36.016860074894744,32.036118434901105,30.16902155535686,0,0,,,,,,,,-2.737071003119984,-7.927415926431436,-6.076675517548324,0,42.51836801814878,43.550098458285746,,,,,-0.1540475392329954,-3.228912106588375,-3.0748645673553794,-0.8002954547085431,42.51836801814878,,,,,42.51836801814878,,42.51836801814878,,,,,0
2022-04-14,40.25,41.9,40.21,40.59,44.616,53.40831573591424,35.823684264085756,32.528520188339954,30.700974278279517,0,0,,,,,,,,-1.8213482330745046,-9.02366863905325,-6.621678616617455,0,41.7547229465166,43.3339686963602,,,,,-0.03898293176085099,-3.123593232056443,-3.084610300295592,-0.8293269190572385,41.7547229465166,,,,,,,,,,,,0
2022-04-18,40.02,40.64,37.32,38.23,44.247499999999995,53.45207467784395,35.04292532215604,29.22621085463154,31.263616492624195,0,0,,,,,,,,-5.6561867627461515,-13.599638397649583,-11.428770011352318,0,38.60771577020088,42.90840736736994,,,,,-0.08730699857219593,-3.193744048510837,-3.106437049938641,-0.877618424216498,38.60771577020088,,,,,,,,,,,,0
2022-04-19,38.19,39.77,36.66,39.15,44.027,53.4944222468423,34.559577753157704,28.273734166960686,30.009488403310723,0,0,,,,,,,,-1.5936054695354973,-11.077293479001526,-9.06697842227917,0,40.490661308265565,41.88508512027467,,,,,-0.02598576599374436,-3.138919257430821,-3.1129334914370768,-0.8318468687053014,40.490661308265565,,,,,,,,,,,,0
2022-04-20,38.97,39.45,36.12,36.23,43.492,53.439881382485694,33.5441186175143,23.814465670556764,27.10480356404966,0,0,,,,,,,,-7.548229049709088,-16.697323645727955,-15.457791121862453,0,36.648625847320474,40.76360814080591,,,,,-0.1441561465232546,-3.293128674591145,-3.1489725280678904,-0.8207174932802952,36.648625847320474,,,,,,,,,,,,0
2022-04-21,37.19,37.99,33.38,33.76,42.8865,53.624526401532286,32.14847359846771,17.672262962365973,23.253487599961137,0,0,,,,,,,,-12.43450744410437,-21.280589462884592,-20.59210938970082,0,33.73282413660124,39.5979255937058,,,,,-0.3395871964681163,-3.573456523653036,-3.2338693271849195,-0.8312813991331724,33.73282413660124,,,,,,,,,,,,0
2022-04-22,33.78,34.6736,32.4,33.61,42.134,53.25084379668995,31.01715620331005,15.184861651608767,18.890530094843832,0,0,,,,,,,,-11.359021019595417,-20.23069255233303,-20.474173627049673,0,33.5582105332187,38.74905004691623,,,,,-0.42436795067285393,-3.764329265525987,-3.339961314853133,-0.8295288807967366,33.5582105332187,,,,,,,,,,,,0
2022-04-25,33.37,34.85,33.05,33.9,41.521,53.02748321599624,30.01451678400376,14.93977457005525,15.932299728009994,0,0,,,,,,,,-9.42367809335507,-18.354567568218492,-19.52458575339865,0,34.26664969856897,37.941644178704884,,,,,-0.40630390345101075,-3.8478411941668966,-3.441537290715886,-0.8327574028240852,34.26664969856897,,,,,,,,,,,,0
2022-04-26,33.51,33.8,30.58,30.68,40.756,52.98658363284453,28.52541636715547,11.087589390687764,13.737408537450591,0,0,,,,,,,,-16.048707073471068,-24.722740210030423,-26.8705456105642,0,30.391757581473456,37.210641935773324,,,,,-0.54779962555188,-4.126286822655736,-3.578487197103856,-0.8385495791777049,30.391757581473456,30.391757581473456,,30.391757581473456,,,,,,,,,0
2022-04-27,31.92,32.83,30.75,31.22,39.623000000000005,50.945173112967424,28.300826887032585,12.314703718311563,12.780689226351525,0,0,,,,,,,,-12.919781323217672,-21.20737955228026,-25.240060344345906,0,31.78488599980504,36.73373964323452,,,,,-0.5406839182051657,-4.254342094860313,-3.713658176655147,-0.874370176046631,31.78488599980504,,,,,,,,,,,,0
2022-04-28,31.57,32.335,29.44,32.18,38.6315,48.86142722359272,28.401572776407285,14.852554616723982,12.751615908574436,1,0,,,,,,,,-7.938778429409233,-16.70010224816536,-22.358674934253376,0,34.30223391612998,36.44566777215564,,,,,-0.41275871627768,-4.229606572002247,-3.816847855724567,-0.8873268611355832,34.30223391612998,,,,,,,,,,,,0
2022-04-29,32.27,33.7799,30.1,30.24,37.6315,47.00078017512568,28.26221982487432,13.250746613520011,13.472668316185183,0,0,,,,,,,,-10.849056603773576,-19.641789458299574,-26.334935689229553,0,31.752169137970768,36.0674538749072,,,,,-0.39994897855154443,-4.316784078913997,-3.916835100362453,-0.923820739251948,31.752169137970768,,,,,,,,,,,,0
2022-05-02,29.94,31.88,29.32,31.74,36.8965,45.674115336753125,28.11888466324688,19.331132888084493,15.811478039442827,1,0,,,,,,,,-4.601605001352516,-13.975580339598615,-21.800831102278128,0,35.73056076059926,35.87891606390908,,,,,-0.23951856309211816,-4.2162333042276,-3.976714741135482,-0.915380949920222,35.73056076059926,,,,,,,,,,,,0
2022-05-03,31.45,33.63,31.12,31.99,36.169500000000006,43.99166715495155,28.347332845048463,25.782889877652934,19.454923126419146,0,0,,,,,,,,-1.7355244970050476,-11.555315942990664,-20.428823719622912,0,36.39604266333242,35.85253059415375,,,,,-0.07419856271147784,-4.06946294452483,-3.9952643818133518,-0.9066377143870209,36.39604266333242,,,,,,,,,,,,0
2022-05-04,31.6,34.275,30.55,33.92,35.75600000000001,43.12248735830068,28.389512641699334,34.457226912095656,26.523749892611026,0,0,,,,,,,,4.9375077341913265,-5.134802550620887,-14.708150333590353,0,41.43747044319212,35.77532362451399,,,,,0.19290257591938653,-3.7541361619141185,-3.947038737833505,-0.7958060667773716,41.43747044319212,,,,,41.43747044319212,,41.43747044319212,,,,,0
2022-05-05,33.05,33.27,30.08,30.71,35.286500000000004,42.682564561643886,27.890435438356118,33.21223268066298,31.150783156803854,0,0,,,,,,,,-4.088197632655621,-12.96954926104885,-21.785859820700882,0,36.28589921165103,35.38469335773787,,,,,0.1813338211129487,-3.720371461442319,-3.901705282555268,-0.7566869215854367,36.28589921165103,,,,,,,,,,,,0
2022-05-06,30.87,31.045,28.71,28.79,34.727000000000004,42.30886810753158,27.145131892468427,28.35609369051418,32.008517761090935,0,0,,,,,,,,-8.710403652852206,-17.096207561839506,-25.41772807737145,0,33.59554740421565,35.026681331596066,,,,,0.07761811894281312,-3.8046826338767517,-3.8823007528195648,-0.7472823093101882,33.59554740421565,,,,,,,,,,,,0
2022-05-09,25,25.829,22.45,22.78,33.926,42.87846424176073,24.973535758239272,18.417751700246274,26.662026023807808,0,0,,,,,,,,-25.127362366474948,-32.85385839768908,-39.77103475019167,0,26.877810398221584,34.0543348380215,,,,,-0.339607708569877,-4.306810388531911,-3.967202679962034,-0.7231431360375037,26.877810398221584,,,,,,,,,,,,0
2022-05-10,23.87,24.4,21,22.79,33.090500000000006,42.88552827969395,23.29547172030606,15.868717327693588,20.880854239484677,0,0,,,,,,,,-23.10028343906062,-31.128269442891476,-38.487422175837615,0,26.90400097683623,33.35829020441548,,,,,-0.5465075707898972,-4.650337143449406,-4.103829572659508,-0.7394454961757037,26.90400097683623,,,,,,,,,,,,0
2022-05-11,22.9051,23.5,19.25,20.6,32.213,43.11920759017568,21.30679240982432,11.228465024288159,15.171644684076002,0,0,,,,,,,,-27.906488416042563,-36.050662775897926,-42.68224819143014,0,24.808333848157332,32.720826612383775,,,,,-0.7498864190900729,-5.0411875965221,-4.291301177432027,-0.787097898072653,24.808333848157332,24.808333848157332,,24.808333848157332,,,,,,,,,0
2022-05-12,22.19,26.7,21.68,24.3,31.370500000000003,41.98441817379418,20.756581826205828,17.50566713430225,14.867616495427995,1,0,,,,,,,,-12.54588641762039,-22.538690808243423,-30.603813458481266,0,34.14207527187678,32.762531236573636,,,,,-0.5628017260615774,-4.994803335008999,-4.432001608947422,-0.7977850634940054,34.14207527187678,,,,,,,,,,,,0
2022-05-13,26.97,27.98,26.17,26.7,30.676000000000005,40.57997980611823,20.772020193881776,26.609689275853498,18.447940478147967,0,0,,,,,,,,-2.668416447944033,-12.961272656148148,-22.002044890208882,0,39.39708775974019,33.12899109808587,,,,,-0.22246956260164996,-4.710088562199484,-4.487618999597834,-0.7402409276954395,39.39708775974019,,,,,,,,,-68.07680913516424,0,0,0
2022-05-16,26.47,26.9988,24.33,24.86,30.007500000000004,39.58110094217415,20.433899057825855,32.84777056074144,25.654375656965726,0,0,,,,,,,,-7.044570744839962,-17.154044822127812,-25.81835543133373,0,36.96201146388744,33.598294946829725,,,,,-0.07400546940573438,-4.580125836355002,-4.5061203669492675,-0.761015534992466,36.96201146388744,,,,,,,,,-65.29156371252395,2.785245422640419,-1.3926227113202094,0
2022-05-17,25.85,27.87,25.719,27.49,29.424500000000002,38.07578770761894,20.773212292381057,42.195016565143604,33.88415880057951,0,0,,,,,,,,4.548566212824201,-6.574453261737679,-16.387010432613845,0,42.43851130598125,34.35926818298517,,,,,0.23185033205980599,-4.21630745187451,-4.448157783934316,-0.6908988856067754,42.43851130598125,,,,,,,,,-62.74382354052971,4.355803658513241,-2.1779018292566206,0
2022-05-18,27.165,29.22,26.31,27.29,28.977500000000003,37.08267088037009,20.872329119629917,45.746004247887946,40.26293045792433,0,0,,,,,,,,6.472630798642265,-5.823483737382462,-15.722182761495962,0,42.138704942022656,34.91901611340607,,,,,0.43919031815983,-3.899169886234528,-4.338360204394358,-0.5883252016817176,42.138704942022656,,,,,,,,,-60.856244210564626,5.43279118047624,-2.71639559023812,0
2022-05-19,27.825,30.41,27.45,29.61,28.770000000000003,36.58198566306921,20.958014336930795,52.99406208708709,46.97836096670621,0,0,,,,,,,,16.022099447513803,2.9197080291970767,-7.5592648864653444,0,46.83096582568511,35.996073019671385,,,,,0.7337329043191652,-3.4211940739954017,-4.154926978314567,-0.4306881840323942,46.83096582568511,,,,,46.83096582568511,,46.83096582568511,,-56.5081316888442,7.867236275948078,-3.933618137974039,0
2022-05-20,30.3,30.65,27.28,28.92,28.535500000000006,36.02726474537196,21.043735254628054,55.88245724023568,51.54084119173691,0,0,,,,,,,,13.260750372052964,1.3474444113472428,-8.66214679749021,0,45.645370372633394,36.70427370624525,,,,,0.8737284879265359,-3.062766368406397,-3.9364948563329327,-0.2447627786556365,45.645370372633394,,,,,,,,,-53.72117694551388,9.814254203195153,-4.907127101597577,0
2022-05-23,28.61,28.61,26.7,27.99,28.240000000000002,35.316807189686514,21.16319281031349,55.38457755277344,54.75369896003207,0,0,,,,,,,,7.426597582037986,-0.8852691218130482,-10.581745769750949,0,44.02749189598914,37.249377222863586,,,,,0.8922105613055646,-2.821231654700977,-3.7134422160065417,-0.04942069893543693,44.02749189598914,,,,,,,,,-51.77960124619245,11.225978323324405,-5.6129891616622025,0
2022-05-24,27.385,27.5,25.54,26.53,28.032500000000006,35.054114842755084,21.010885157244928,49.986052110612896,53.751028967874014,0,0,,,,,,,,0.382155965038411,-5.359850173905301,-14.058956916099785,0,41.538331942712645,37.25658161568648,,,,,0.7977045695864322,-2.7163115040235013,-3.5140160736099335,0.2537189511951406,41.538331942712645,,,,,,,,,-52.22127516899611,11.65149066020224,-5.82574533010112,0
2022-05-25,26.39,27.725,25.72,27.25,27.83400000000001,34.70683755082263,20.961162449177394,51.516448824270356,52.2956928292189,0,0,,,,,,,,0.5757732339263244,-2.098153337644648,-10.67526223776225,0,43.24251531691916,37.75348276606278,,,,,0.7746383849053866,-2.5457180924782,-3.3203564773835867,0.5396128112818475,43.24251531691916,,,,,,,,,-52.12115047304113,11.78246027956207,-5.891230139781035,0
2022-05-26,27.23,29.92,27.081,29.23,27.686500000000006,34.30171662532665,21.071283374673364,56.78148646309579,52.76132913265968,0,0,,,,,,,,5.9557037735165075,5.574919184440041,-2.9204676290851217,0,47.753006163666576,38.76472982030928,,,,,0.8762031536106232,-2.2251025353703078,-3.101305688980931,0.8035647570224065,47.753006163666576,,,,,,,,,-50.63486141182825,12.052277677862497,-6.0261388389312485,0
2022-05-27,29.59,31.8214,29.58,30.96,27.722500000000007,34.40044841249895,21.04455158750106,68.50198711366423,58.93330746701012,0,0,,,,,,,,10.520115660586171,11.678239696996995,3.933307223185789,0,51.38804728557583,40.515461026548856,,,,,1.03260853621306,-1.8105450187146062,-2.843153554927666,0.8144358543675778,51.38804728557583,,,,,,,,,-47.47357181938645,12.829482857281503,-6.414741428640752,0
2022-05-31,32.345,32.6,30.09,31.4,27.705500000000008,34.344067541269546,21.06693245873047,72.94824876995943,66.07724078223981,0,0,,,,,,,,9.533610074301446,13.334897403042678,6.222232245551518,0,52.29708971273698,42.3292530791132,,,,,1.1305096145093119,-1.430016536791026,-2.560526151300338,0.8152764853621712,52.29708971273698,,,,,,,,,-44.50896592586107,13.955851483726946,-6.977925741863473,0
2022-06-01,31.65,32.22,29.95,30.25,27.618500000000004,34.07325104089985,21.16374895910016,71.87968357300677,71.10997315221015,0,0,,,,,,,,4.51577238019556,9.528033745496668,3.3693275013668478,0,49.68209488830378,44.10595029626652,,,,,1.0825624464248826,-1.2073230932692347,-2.2898855396941173,0.8015568343923847,49.68209488830378,,,,,,,,,-43.33237117585637,14.892873163413931,-7.4464365817069655,0
2022-06-02,29.39,32.79,29.16,31.94,27.519500000000004,33.63651716525283,21.402482834747175,76.03136246440872,73.61976493579164,0,0,,,,,,,,8.609902067464613,16.0631552172096,9.68029944026647,0,53.37198779262032,45.479515476319634,,,,,1.1244886792859337,-0.8842746905867003,-2.008763369872634,0.7982073252036732,53.37198779262032,,,,,53.37198779262032,,53.37198779262032,,-42.10908098770374,15.718742046349465,-7.859371023174733,0
2022-06-03,30.85,31.46,29.8768,30.19,27.493500000000004,33.56026610724349,21.426733892756516,69.27594659503036,72.39566421081527,0,0,,,,,,,,2.4570691644607345,9.807772746285481,4.09626922281221,0,49.337362849481345,46.18953512558686,,,,,0.9984522756225787,-0.7606980253444107,-1.7591503009669893,0.7770670721922036,49.337362849481345,,,,,,,,,-42.309227868256066,16.208940482910247,-8.104470241455124,0
2022-06-06,30.85,31,28.675,28.98,27.503000000000004,33.57844599185921,21.427554008140795,64.97713316732249,70.09481407558718,0,0,,,,,,,,-1.669381107491863,5.370323237465002,0.4587314976369994,0,46.70821467054446,46.88569249749093,,,,,0.8059330456673104,-0.7517339938828513,-1.5576670395501617,0.6226817783579824,46.70821467054446,46.70821467054446,,46.70821467054446,,,,,,-42.64903806900083,16.4620169586891,-8.23100847934455,0
2022-06-07,28.6,29.76,27.4,29.72,27.85,33.590303127884354,22.109696872115645,61.29368491084615,65.18225489106634,0,0,,,,,,,,0.2529937594872411,6.714542190305206,3.5239477503628436,0,48.515178164089626,47.319740130212956,,,,,0.7044434043457222,-0.6771127841180089,-1.381556188463731,0.5488463612647658,48.515178164089626,,,,,,,,,-43.49212254290608,16.496189714593953,-8.248094857296977,0
2022-06-08,29.69,31.42,29.63,29.8,28.200499999999998,33.50139228338014,22.899607716619858,61.93284592270939,62.73455466695933,0,0,,,,,,,,-0.5738689443480549,5.671885250261521,3.908783430384588,0,48.71761998356605,47.78966263318034,,,,,0.6216043732128849,-0.6045507219476249,-1.2261550951605098,0.442344580003043,48.71761998356605,,,,,,,,,-43.16505216547255,16.50730728802826,-8.25365364401413,0
2022-06-09,29.5,30.21,28.73,28.87,28.613999999999997,32.607952428359674,24.620047571640317,56.982044242088776,60.06952502521475,0,0,,,,,,,,-4.194597464657868,0.8946669462501111,0.9417029906062746,0,46.4319396630145,47.76116076441815,,,,,0.4889251395609526,-0.6149986707093191,-1.1039238102702718,0.40320228409714226,46.4319396630145,,,,,,,,,-42.65772670707714,16.521752592289893,-8.260876296144946,0
2022-06-10,28.33,29.64,27.71,28.36,28.816999999999997,32.29228473653599,25.341715263464,52.72755839348339,57.21414951942717,0,0,,,,,,,,-5.6145372250141605,-1.5858694520595407,-0.3980332474830428,0,45.18010051359753,47.72792720305846,,,,,0.3576513567162731,-0.6568596143749303,-1.0145109710912035,0.2688574219292292,45.18010051359753,,,,,,,,,-43.07243259320101,16.45404913190873,-8.227024565954364,0
2022-06-13,27.16,27.87,26.3713,26.81,28.822499999999998,32.28468933624368,25.36031066375632,44.1521575736784,51.287253403083504,0,0,,,,,,,,-9.52348812095034,-6.9823922282938655,-5.462110793751529,0,41.516573401394616,47.54857588201599,,,,,0.16695454166807766,-0.8058177940061064,-0.9727723356741841,-0.052683276055466584,41.516573401394616,41.516573401394616,,41.516573401394616,,,,,,-44.57923051360924,16.25012442097255,-8.125062210486275,0
2022-06-14,26.69,28.68,26.0257,27.3,28.944499999999998,31.985969874912325,25.90303012508767,43.296278384117656,46.72533145042647,0,0,,,,,,,,-6.577236328793379,-5.681562991241851,-3.229236822516024,0,43.087686757360075,47.65924408306223,,,,,0.07881667442266971,-0.8742514926458469,-0.9530681670685166,-0.45394951267758965,43.087686757360075,,,,,,,,,-45.12436791721857,16.01435974904154,-8.00717987452077,0
2022-06-15,27.18,29.56,27.14,29.08,29.023999999999994,31.991459519521708,26.05654048047828,49.73646959987106,45.72830185255569,0,0,,,,,,,,-0.08589589417626886,0.19294377067256008,3.4360105285623055,0,48.50008594365193,48.03478484211457,,,,,0.1417262485857842,-0.7759103563362864,-0.9176366049220706,-0.7157373383038035,48.50008594365193,,,,,,,,,-44.121027249502426,15.84045029411044,-7.92022514705522,0
2022-06-16,27.95,28.9,25.8,26.42,28.9805,32.07130232302212,25.889697676977878,33.11830922468511,42.050352402891264,0,0,,,,,,,,-7.470318355339178,-8.835251289660285,-5.182314097042751,0,42.062475045891006,47.62831833370203,,,,,0.01233815877853961,-0.9022139064488961,-0.9145520652274357,-0.8644742133823667,42.062475045891006,,,,,,,,,-43.8613373206843,15.6800891769831,-7.84004458849155,0
2022-06-17,26.545,27.17,25.59,26.24,28.812,32.10780096486406,25.516199035135944,30.506082478319506,37.786953767625214,0,0,,,,,,,,-6.811563321258629,-8.926836040538678,-5.322027782789085,0,41.65950581999223,46.93342251473177,,,,,-0.07255595880092236,-1.0052470137285887,-0.9326910549276664,-0.8865233078877367,41.65950581999223,,,,,,,,,-44.06847658184702,15.506519783912712,-7.753259891956356,0
2022-06-21,26.98,30.36,26.98,29.07,28.819499999999998,32.11693218277489,25.52206781722511,41.14302337614282,34.92247169304914,0,0,,,,,,,,3.2058792203642605,0.8692031437047998,4.8537385930530474,0,49.802074664828694,46.75520715416689,,,,,0.06714471114273424,-0.8487601659992485,-0.9159048771419828,-0.7492455192736256,49.802074664828694,,,,,,,,,-43.19529314727021,15.380892934887408,-7.690446467443704,0
2022-06-22,28.35,29.98,28.23,28.56,28.847999999999995,32.12605796165968,25.569942038340304,41.04264850825495,37.56391812090575,0,0,,,,,,,,1.8145520658800152,-0.9983361064891727,2.3032560805244184,0,48.488665650661844,46.66996220862104,,,,,0.12698966928926392,-0.7571677905304028,-0.8841574598196668,-0.6646638844611875,48.488665650661844,,,,,,,,,-40.88741597033313,15.400326237619593,-7.7001631188097965,0
2022-06-23,28.86,29.65,27.79,29.47,28.994999999999997,32.10337256454239,25.886627435457605,47.301244895771866,43.162305593389874,0,0,,,,,,,,5.182382753943893,1.6382134850836394,4.727608713678211,0,50.97318366183108,46.498619056421816,,,,,0.223977090225837,-0.6041860970373705,-0.8281631872632075,-0.38626770600859006,50.97318366183108,,,,,,,,,-37.83077493902386,15.650448850076124,-7.825224425038062,0
2022-06-24,29.68,30.7,28.86,29.5,29.107499999999998,32.116379359495745,26.098620640504247,52.792612437257226,47.04550194709467,0,0,,,,,,,,5.053238844770491,1.3484497122734806,3.740519757587135,0,51.05699341082322,46.62144981080338,,,,,0.28249041314644496,-0.47505017083015133,-0.7575405839765963,-0.11710328699369671,51.05699341082322,,,,,51.05699341082322,,51.05699341082322,,-37.02909808668662,15.918770170995318,-7.959385085497659,0
2022-06-27,29.57,30.15,28.01,28.44,29.068,32.09012243299281,26.0458775670072,50.40152080771216,50.16512604691374,0,0,,,,,,,,1.2495994873437999,-2.1604513554424165,-0.47011887124808194,0,47.938703928909156,46.70934190068657,,,,,0.24361644536685445,-0.45302002726802826,-0.6966364726348827,-0.05759076462201139,47.938703928909156,,,,,,,,,-36.71900120847533,16.15875272043195,-8.079376360215974,0
2022-06-28,28.11,28.815,26.861,26.99,28.869500000000006,31.889979928752577,25.849020071247434,44.63177448260851,49.27530257585929,0,0,,,,,,,,-3.974098978902052,-6.510330972133249,-5.576546319619357,0,43.98158678381939,46.38551394495298,,,,,0.12029570806250023,-0.5462668375567574,-0.6665625456192577,-0.047497982981794334,43.98158678381939,,,,,,,,,-38.06462259482995,16.244660492260536,-8.122330246130268,0
2022-06-29,26.53,26.98,25.66,26.27,28.613000000000007,31.601465157902403,25.62453484209761,38.428740473209054,44.487345254509904,0,0,,,,,,,,-6.191972575346383,-8.188585607940468,-8.246306451049556,0,42.12226928486266,45.91441746647417,,,,,-0.003177235211932916,-0.6705340896341738,-0.6673568544222409,-0.056904651493267615,42.12226928486266,,,,,,,,,-39.987920884704856,16.186345795902877,-8.093172897951439,0
2022-06-30,25.93,26.43,24.83,25.74,28.387500000000006,31.52475915410203,25.250240845897984,34.87092326924326,39.3104794083536,0,0,,,,,,,,-6.975063245392121,-9.326287978863967,-9.913903730838314,0,40.756407923123014,45.509022342196204,,,,,-0.10814032483679081,-0.8025322604682295,-0.6943919356314386,-0.15692199176436197,40.756407923123014,,,,,,,,,-41.50546076233304,16.050381556523188,-8.025190778261594,0
2022-07-01,25.91,26.78,25.295,25.7,28.075500000000005,30.969199880774976,25.181800119225034,32.26442366087668,35.18802913444299,0,0,,,,,,,,-6.877309949996391,-8.461113782479401,-9.886744819364402,0,40.64927659580299,45.185392062353735,,,,,-0.16448232924263229,-0.899994847184729,-0.7355125179420967,-0.25701967346421595,40.64927659580299,40.64927659580299,,40.64927659580299,,,,,,-42.07228181389573,15.894424281682122,-7.947212140841061,0
2022-07-05,25.18,26.94,24.48,26.86,27.909000000000002,30.67737063992483,25.140629360075174,34.76919841840326,33.968181782841064,0,0,,,,,,,,-2.8922631959508505,-3.7586441649647195,-5.515688757562964,0,45.151892621514556,45.44505772093373,,,,,-0.11043995332754941,-0.8735624596015334,-0.763122506273984,-0.3860844782059607,45.151892621514556,,,,,,,,,-41.265464925867384,15.76998717835015,-7.884993589175075,0
2022-07-06,28,30.6,28,29.66,27.943000000000005,30.779026092968266,25.106973907031744,48.04621517244745,38.3599457505758,0,0,,,,,,,,7.002417114614512,6.144651612210561,4.243304669743919,0,54.18663569602489,46.237839787981216,,,,,0.11486890667991956,-0.6195363729240846,-0.7344052796040041,-0.2157826562818035,54.18663569602489,,,,,,,,,-37.865844107236626,15.808843668229557,-7.904421834114778,0
2022-07-07,30,31.77,29.66,31.63,28.038500000000006,31.215575856821268,24.861424143178745,62.0465495602369,48.28732105036253,0,0,,,,,,,,12.85948761863982,12.809173101271432,10.69503744662983,0,59.2701062894177,47.00712695553591,,,,,0.3824827477439211,-0.2563018449241028,-0.6387845926680239,0.17990815358300782,59.2701062894177,,,,,,,,,-32.85334727250066,16.192342277312658,-8.096171138656329,0
2022-07-08,31.425,33.2,30.56,31.99,28.148000000000003,31.690335952446798,24.60566404755321,67.01450433269832,59.03575635512755,0,0,,,,,,,,13.126812362967666,13.649282364644,11.24634858812077,0,60.14051018059873,48.29841517944361,,,,,0.558965577294151,0.05992237894966479,-0.4990431983444862,0.2968561423659072,60.14051018059873,,,,,60.14051018059873,,60.14051018059873,,-28.28277604635083,16.948297087035623,-8.474148543517812,0
2022-07-11,32.35,32.7,29.47,29.93,28.201,31.815935130814612,24.58606486918539,64.46519394999744,64.50874928097755,0,0,,,,,,,,5.6812965643868285,6.130988262827564,3.7602847369880843,0,53.142153122315285,49.118604272466676,,,,,0.5133649907230435,0.1426630400593183,-0.37070195066372524,0.2603363541483054,53.142153122315285,,,,,,,,,-27.187637019318476,17.700258287009586,-8.850129143504793,0
2022-07-12,29.73,30.59,28.95,30.15,28.290499999999998,32.00403995535239,24.576960044647603,66.07034034035468,65.85001287435016,0,0,,,,,,,,5.819177312929913,6.572877821176726,4.411968416678236,0,53.760992071502336,49.40138408722908,,,,,0.4752914903446248,0.22341241226705577,-0.25187907807756904,0.38176496830471135,53.760992071502336,,,,,,,,,-27.42070415340717,18.319854890118666,-9.159927445059333,0
2022-07-13,29.5,31.37,29.31,30.76,28.488,32.28479654445663,24.691203455543366,66.08099894215916,65.53884441083709,0,0,,,,,,,,6.550278845820756,7.975287840494261,6.549048586735662,0,55.51526886664543,49.9032843169422,,,,,0.46773730101201993,0.33279254818745585,-0.13494475282456406,0.4821588974548653,55.51526886664543,,,,,,,,,-27.49669987858711,18.845794579154422,-9.422897289577211,0
2022-07-14,30.54,30.96,29.4,30.83,28.664499999999997,32.551115365584636,24.777884634415358,66.51796739256939,66.22310222502774,0,0,,,,,,,,5.13213981244669,7.55464075773169,6.8618502385876745,0,55.72286630885569,50.242547363158245,,,,,0.4441804212890713,0.4202807737867751,-0.023899647502296215,0.62153293495602,55.72286630885569,,,,,,,,,-26.128453561334993,19.4139569300626,-9.7069784650313,0
2022-07-15,31.05,31.63,29.91,31.6,28.7905,32.88087638854887,24.700123611451136,70.35472744880194,67.65123126117685,0,0,,,,,,,,5.646752031025359,9.758427258991675,9.360219643310352,0,58.04239164976297,50.74150438022537,,,,,0.4554882434578437,0.5454606568200084,0.08997241336216473,0.7674978119080937,58.04239164976297,,,,,,,,,-24.329728594806088,20.05744150797162,-10.02872075398581,0
2022-07-18,32.45,33.58,31.7,31.8,29.059500000000003,33.19825573089274,24.92074426910727,74.97667806399986,70.61645763512375,0,0,,,,,,,,4.19055732118867,9.430650905899963,10.070149529259753,0,58.64834126177025,51.50647847542974,,,,,0.45064159238874646,0.6532744038480978,0.20263281145935133,0.8364584787592594,58.64834126177025,,,,,,,,,-22.878596501931636,20.738822353637843,-10.369411176818922,0
2022-07-19,32.22,32.74,31.5819,31.71,29.333000000000006,33.412853428739474,25.253146571260537,75.33098901604176,73.55413150961454,0,0,,,,,,,,2.2705282848480834,8.103501176149708,9.566479314475274,0,58.240726626488375,52.5249884641918,,,,,0.4163894740644603,0.7231196540399267,0.3067301799754664,0.8311060341319311,58.240726626488375,,,,,,,,,-21.589865879120257,21.439781819385313,-10.719890909692657,0
2022-07-20,31.89,33.3,31.788,32.74,29.516499999999997,33.854496196402124,25.17850380359787,78.73444092337547,76.34736933447238,0,0,,,,,,,,4.5538736667305235,10.921010282384437,12.637614678899102,0,61.535555748081855,53.91165178299318,,,,,0.43602887882215174,0.8517662785031561,0.41573739968100437,0.818954160931954,61.535555748081855,,,,,,,,,-20.08194533905298,22.17646781843169,-11.088233909215845,0
2022-07-21,32.78,34.75,32.7,34.13,29.794999999999995,34.54703745776475,25.042962542235237,83.19916690816842,79.08819894919522,0,0,,,,,,,,8.129514636928125,14.549421043799327,16.82888145959085,0,65.4924655601435,55.67851304278036,,,,,0.5103974771053021,1.053734246062632,0.5433367689573299,0.8140422293693499,65.4924655601435,,,,,65.4924655601435,,65.4924655601435,,-17.57814502945628,23.030585667187808,-11.515292833593904,0
2022-07-22,35.12,35.41,32,32.48,29.945499999999992,34.83548762779625,25.055512372203737,79.34088542139912,80.42483108431435,0,0,,,,,,,,2.7425426248694817,8.463709071479864,10.841893321502894,0,57.88071722236675,56.90933023039205,,,,,0.4200017517004355,1.0683389585828742,0.6483372068824387,0.7703185192164099,57.88071722236675,,,,,,,,,-16.423991846781405,23.874510011526805,-11.937255005763403,0
2022-07-25,32.7,32.82,31.2,32.17,30.078999999999997,35.05802359906028,25.099976400939717,75.57858806091912,79.37288013016223,0,0,,,,,,,,1.045952822188001,6.951693872801634,9.373406316934684,0,56.55089078100438,57.72354438464132,,,,,0.3156320340868086,1.0428772494909495,0.7272452154041409,0.7058952523315218,56.55089078100438,,,,,,,,,-16.420328921041033,24.616064791067007,-12.308032395533504,0
2022-07-26,31.334,31.82,30.86,31.69,30.241499999999995,35.208073366013984,25.27492663398601,67.99970193944627,74.30639180725484,0,0,,,,,,,,-0.9408896252071086,4.7897756394359,7.336404281262698,0,54.464300329250655,57.74337757272887,,,,,0.1964065298375557,0.9727533777010855,0.7763468478635298,0.5657101856745751,54.464300329250655,54.464300329250655,,54.464300329250655,,,,,,-17.972220347567692,25.159070745665005,-12.579535372832503,0
2022-07-27,32.17,32.365,31.01,32.01,30.4925,35.280601398257865,25.704398601742138,63.36449935086401,68.98092978374314,0,0,,,,,,,,-0.3300535558600326,4.976633598425839,7.787455663808185,0,55.63943663162589,57.48404402574374,,,,,0.1247261851167274,0.932254579259439,0.8075283941427116,0.5925882950319236,55.63943663162589,,,,,,,,,-17.908150469571982,25.644845674944822,-12.822422837472411,0
2022-07-28,32.8,33.91,31.9,33.845,30.871250000000003,35.45754030372013,26.284959696279877,68.41237335975245,66.59219155002091,0,0,,,,,,,,4.4034857715739895,9.632748916872469,13.135331182831633,0,61.73735965639477,57.59810470258632,,,,,0.18300331188030106,1.036282533993088,0.8532792221127868,0.7638992404926171,61.73735965639477,,,,,,,,,-15.983313040338198,26.20156925105485,-13.100784625527425,0
2022-07-29,33.275,34.365,32.94,34.3,31.29925,35.468979337738595,27.12952066226141,71.91587397689547,67.89758222917065,0,0,,,,,,,,4.933078393881396,9.587290430281858,13.99325346050948,0,63.09212457591961,58.30881694927234,,,,,0.2311948031584412,1.1422727260608383,0.9110779229023971,0.7683940906122483,63.09212457591961,,,,,,,,,-13.30885131508886,26.877535909013094,-13.438767954506547,0
2022-08-01,34.3,35.48,33.8349,34.81,31.75475,35.325670714605366,28.18382928539464,79.03040127191535,73.11954953618776,0,0,,,,,,,,5.521621171014113,9.621395224336515,14.622835661169509,0,64.60490385102341,59.083382076380985,,,,,0.2735215676877514,1.2529798825120864,0.979458314824335,0.7733446664374715,64.60490385102341,,,,,,,,,-10.42248970659111,27.68316736290717,-13.841583681453585,0
2022-08-02,34.18,35.555,34,35.01,32.16225,35.23061515916829,29.093884840831713,82.76941243842454,77.90522922907847,0,0,,,,,,,,5.0767591578251725,8.854324557516957,14.18228071033707,0,65.20717316829246,59.77566095507006,,,,,0.2895467094072868,1.3413917015834436,1.0518449921761568,0.7852709210628586,65.20717316829246,,,,,,,,,-8.929006178412124,28.50799998212909,-14.253999991064545,0
2022-08-03,35.44,36.79,34.48,36.59,32.50875,35.91512031897572,29.10237968102428,87.08880882577773,82.96287417870589,0,0,,,,,,,,8.56439242215199,12.554312300534477,18.367633024752926,0,69.60697701682591,60.767383148496506,,,,,0.37565487963588606,1.5214135917210143,1.1457587120851283,0.7941601991754927,69.60697701682591,,,,,69.60697701682591,,69.60697701682591,,-6.287920789285732,29.433739587392115,-14.716869793696057,0
2022-08-04,36,37.29,35.62,36.18,32.73625,36.4695473026533,29.002952697346696,85.61353850896411,85.15725325772213,0,0,,,,,,,,6.698910302726424,10.519683836725346,16.08742386241493,0,67.2310930596531,61.42371896348866,,,,,0.3733224573746876,1.6124117838034877,1.2390893264288,0.8205831751558724,67.2310930596531,,,,,,,,,-4.460866724053205,30.392347213680786,-15.196173606840393,0
2022-08-05,36.09,36.31,35.105,35.67,32.920249999999996,36.84607281184465,28.994427188155342,79.91034663733285,84.20423132402492,0,1,,,,,,,,4.214447447228098,8.352761598104518,13.69709462008002,0,64.29143656751113,61.826797199613004,,,,,0.3084468107714686,1.6246478398931359,1.3162010291216673,0.8248149554801352,64.29143656751113,,,,,,,,,-3.280613006246431,31.333712562468396,-15.666856281234198,0
2022-08-08,36.56,39.29,36.06,38.09,33.328250000000004,37.60647074582394,29.050029254176067,85.42813977445896,83.65067497358531,0,0,,,,,,,,9.392725340685537,14.287428832897021,20.312705640809668,0,70.8129266154635,62.72481148453979,,,,,0.3940539137227723,1.8087684212751327,1.4147145075523604,0.8400135131177424,70.8129266154635,,,,,70.8129266154635,,70.8129266154635,,-1.4768048946448114,32.30321814720627,-16.151609073603137,0
2022-08-09,37.74,38.09,36.28,36.7,33.65575,37.913405781060526,29.398094218939466,81.14303550673885,82.1605073061769,0,1,,,,,,,,3.905663849605734,9.045259725306988,14.922732468020495,0,63.62525673214477,62.8740758405443,,,,,0.3254495952402072,1.8215265016026194,1.4960769063624122,0.8600367801512592,63.62525673214477,63.62525673214477,,63.62525673214477,,,,,,-0.5961052778089382,33.234206921613364,-16.617103460806682,0
2022-08-10,38.19,38.26,36.7705,37.4,33.98775,38.32520832833007,29.650291671669926,81.7105919721975,82.76058908446511,0,0,,,,,,,,4.295932737489339,10.039646637391408,15.855830738968123,0,65.52314708443507,62.87626737799368,,,,,0.296422049032389,1.8666044676528983,1.5701824186205093,0.9389967940005313,65.52314708443507,,,,,,,,,1.3100060065490897,34.199331151436745,-17.099665575718372,0
2022-08-11,38.605,39.95,37.75,38.95,34.39375,38.98555887559572,29.801941124404273,86.34487835806861,83.066168612335,0,0,,,,,,,,7.093758592246324,13.247319643830657,19.097974264237493,0,69.33809534048257,63.69465152928767,,,,,0.34729153733010376,2.004296840283139,1.6570053029530354,0.9526748564938703,69.33809534048257,,,,,,,,,2.4398647005268903,35.14376535464003,-17.571882677320016,0
2022-08-12,39.73,40.56,37.3,38.9,34.75875,39.56000595547651,29.95749404452349,85.42328369200726,84.49291800742448,0,0,,,,,,,,5.620418137387984,11.91426619196605,17.37077397325717,0,69.07257994807094,64.58905789836385,,,,,0.34267246658700645,2.0853458861867935,1.742673419599787,0.9535832927727401,69.07257994807094,,,,,,,,,4.817778200371502,36.15067539332594,-18.07533769666297,0
2022-08-15,37.24,39.29,36.46,37.28,35.03275000000001,39.752098975229224,30.31340102477079,79.02881729304298,83.59899311437296,0,1,,,,,,,,0.5475092375326618,6.414711948105678,11.187883065818971,0,60.931378644726884,65.050992063755,,,,,0.20254162928956898,1.9958504562117483,1.7933088269221793,0.9061505541097042,60.931378644726884,,,,,,,,,5.100136933583456,37.07986331124892,-18.53993165562446,0
2022-08-16,36.96,38.645,35.85,38.23,35.35875,40.015304386023935,30.702195613976063,78.20226586039736,80.88478894848254,0,0,,,,,,,,2.221984545041278,8.120337964435942,12.746808751173532,0,63.637978817997244,65.62231650563866,,,,,0.14837029472969832,1.9787716953343022,1.8304014006046039,0.8907301063128218,63.637978817997244,,,,,,,,,5.000978638815172,37.917534823404644,-18.958767411702322,0
2022-08-17,37.65,38.13,36.265,36.42,35.54275,40.059580166167294,31.025919833832702,63.27042684281815,73.50050333208617,0,0,,,,,,,,-2.5734310630784907,2.4681545462858168,6.699739744822986,0,55.717885501595816,65.19235406601017,,,,,-0.025558456005720043,1.7984533305974537,1.8240117866031738,0.7406422187029663,55.717885501595816,,,,,,,,,3.3012676473546576,38.58610715884416,-19.29305357942208,0
2022-08-18,36.46,36.7,35.01,35.9,35.63125,40.10302579379805,31.159474206201953,54.91551443933812,65.46273571418455,0,0,,,,,,,,-3.892488086951884,0.7542536397123323,4.739536987060733,0,53.65198607004745,64.51805845844787,,,,,-0.1830481633801253,1.5952015823780172,1.7782497457581425,0.49358913557258594,53.65198607004745,,,,,,,,,2.622495634790122,39.16175545707836,-19.58087772853918,0
2022-08-19,34.96,35.08,33.77,34.45,35.729749999999996,40.001864786613304,31.457635213386684,39.9835760327444,52.723172438300224,0,0,,,,,,,,-7.472067039106167,-3.581749102638543,0.26922797060324744,0,48.27670127797513,63.351758274658714,,,,,-0.3809115497123261,1.3021103086177348,1.683021858330061,0.06209201296979864,48.27670127797513,,,,,,,,,-0.2994042221603421,39.552200165109625,-19.776100082554812,0
2022-08-22,33.25,34.065,32.9,33.06,35.774249999999995,39.913596898968564,31.634903101031426,32.16158942037712,42.35355996415321,0,0,,,,,,,,-9.989381687494925,-7.587161156418354,-4.067785134278957,0,43.75147919505562,61.81920870514178,,,,,-0.589010815880513,0.9467583384794196,1.5357691543599326,-0.37509511523357864,43.75147919505562,,,,,,,,,-2.8655111825603563,39.80343461634916,-19.90171730817458,0
2022-08-23,33.18,33.59,31.97,32.21,35.80024999999999,39.84203732122333,31.758462678776652,26.849423089375712,32.99819618083241,0,0,,,,,,,,-11.2183020948181,-10.02856125306385,-6.720145957921231,0,41.20775470634573,59.79069282582178,,,,,-0.7568128125721099,0.5897531386447952,1.346565951216905,-0.5736527582023113,41.20775470634573,41.20775470634573,,41.20775470634573,,,,,,-5.6667343798847725,39.93030851010411,-19.965154255052056,0
2022-08-24,32.47,33.72,32.43,32.56,35.827749999999995,39.77232408981002,31.88317591018997,26.413647317527115,28.474886609093314,0,0,,,,,,,,-9.040116214102145,-9.120723461562596,-5.870108844914035,0,42.68542057562751,58.03743050553423,,,,,-0.8122546774288557,0.33124760443083545,1.1435022818596912,-0.7254736910144982,42.68542057562751,,,,,,,,,-6.831260866956897,40.004396295277424,-20.002198147638712,0
2022-08-25,32.89,33.37,32.5811,32.9,35.7805,39.83991116419599,31.721088835804018,26.249303356396872,26.50412458776657,0,0,,,,,,,,-6.510187263789069,-8.050474420424546,-5.076530244233169,0,44.1538233542602,56.59902956173058,,,,,-0.7931519181859658,0.15206238412723394,0.9452143023131997,-0.8627776896861271,44.1538233542602,,,,,,,,,-6.2661912637657755,40.08402795222518,-20.04201397611259,0
2022-08-26,32.82,33.86,31.44,32.11,35.671,39.99384582190939,31.34815417809061,21.963888950864234,24.875613208262738,0,0,,,,,,,,-6.959898006490539,-9.982899273919987,-7.401265987051719,0,41.49373838173427,54.50480183074993,,,,,-0.7986336373863788,-0.053077744419773865,0.745555892966605,-0.8866439275952369,41.49373838173427,,,,,,,,,-5.737437873466881,40.167923716400296,-20.083961858200148,0
2022-08-29,31.6,33.26,31.55,32.31,35.546,40.09962449044717,30.99237550955283,24.73896172195009,24.31738467640373,0,0,,,,,,,,-5.012494487726016,-9.103696618466206,-6.870162998832585,0,42.4391950736484,52.991511712285906,,,,,-0.7542373358298945,-0.19724077682076313,0.5569965590091314,-0.931806594734422,42.4391950736484,,,,,,,,,-5.289360831837552,40.25349961899493,-20.126749809497465,0
2022-08-30,32.74,33.04,31.445,31.89,35.39,40.21223599588397,30.56776400411603,22.31030190264097,23.004384191818428,0,0,,,,,,,,-4.466612743776444,-9.889799378355468,-8.096658453291795,0,40.94288463048436,51.23577867986086,,,,,-0.7187536767618974,-0.3414455369432403,0.377308139818657,-0.9460428233879155,40.94288463048436,40.94288463048436,,40.94288463048436,,,,,,-5.658402295136146,40.31633159108416,-20.15816579554208,0
2022-08-31,32.55,33.1397,31.76,32.71,35.196,40.120621406768215,30.27137859323178,25.08777203202142,24.045678552204155,0,0,,,,,,,,-0.9088155104514106,-7.063302648028181,-5.730795279334833,0,45.01873770770757,49.49868170609121,,,,,-0.6099443132292532,-0.3851222517179096,0.22482206151134368,-0.90415324188768,45.01873770770757,,,,,45.01873770770757,,45.01873770770757,,-4.305995407774659,40.40864459211988,-20.20432229605994,0
2022-09-01,32.28,32.43,30.71,31.95,34.9845,40.08220722972586,29.886792770274134,20.717337442796236,22.705137125819537,0,0,,,,,,,,-2.0389391384332822,-8.673841272563553,-7.727852518591593,0,42.11743759596399,47.57331439522643,,,,,-0.5603215076914612,-0.47557982310298286,0.08474168458847836,-0.8735535768512431,42.11743759596399,,,,,,,,,-3.9502609421062864,40.49978267933416,-20.24989133966708,0
2022-09-02,32.21,32.56,30.9,32.07,34.804500000000004,40.04491019386823,29.564089806131772,21.84899612233269,22.551368532383446,0,0,,,,,,,,-0.9482039719554525,-7.856742662586747,-7.344719823954005,0,42.744868769791836,46.27427797558822,,,,,-0.4929603693178072,-0.5314587770587806,-0.038498407740973434,-0.828204356574993,42.744868769791836,,,,,,,,,-3.108306082831922,40.60438550024508,-20.30219275012254,0
2022-09-06,32.39,34.99,32.02,33.22,34.561,39.617476638925375,29.504523361074625,29.653640251493712,24.073324605540876,0,0,,,,,,,,2.553020714351817,-3.880096062035243,-4.119143941544035,0,48.50562398544347,45.19339548754866,,,,,-0.35115661962429434,-0.47744418227134133,-0.12628756264704702,-0.7078999059248723,48.50562398544347,,,,,,,,,-2.1310559376092453,40.72620821080615,-20.363104105403075,0
2022-09-07,33.28,34.4,32.7,33.25,34.3885,39.376246084154545,29.400753915845456,33.6683473388526,28.39032790422633,0,0,,,,,,,,2.3171369664891417,-3.310699797897554,-4.176373111746212,0,48.65077064161122,44.688601568978335,,,,,-0.24080269673503074,-0.4272909335658355,-0.18648823683080473,-0.5059392241994125,48.65077064161122,,,,,,,,,-0.47744606534419987,40.885937187469935,-20.442968593734967,0
2022-09-08,35.24,36.9,34.6,36.88,34.3625,39.29226622163761,29.432733778362383,57.47754792003218,40.26651183679282,0,0,,,,,,,,11.998542318321181,7.326300472899261,5.79005493165814,0,62.44471224100161,45.3166534383322,,,,,0.07434657680747722,-0.0935550158214582,-0.16790159262893542,0.25061303735387847,62.44471224100161,,,,,,,,,4.580716959093359,41.201217579235994,-20.600608789617997,0
2022-09-09,36.28,37.88,35.21,37.55,34.2925,38.99420128783177,29.590798712168223,66.8879343115388,52.677943190141185,0,0,,,,,,,,12.445349463975486,9.499161624261877,7.331713591539235,0,64.34836097541881,46.46462913100676,,,,,0.31226722712801136,0.22243244128107875,-0.08983478584693258,0.6114302378653858,64.34836097541881,,,,,,,,,9.133127987737982,41.66592447161549,-20.832962235807745,0
2022-09-12,37.82,38.99,37.75,38.74,34.284499999999994,38.9552578614182,29.613742138581788,75.06647043575957,66.47731755577685,0,0,,,,,,,,13.750477141263096,12.995668596596154,10.266700822588447,0,67.49946719714652,48.160913988298965,,,,,0.5217837439544272,0.5623948940961014,0.04061115014167424,0.748738144308018,67.49946719714652,,,,,,,,,14.812648706343126,42.33773341240336,-21.16886670620168,0
2022-09-13,37.02,39.57,36.85,38.76,34.35849999999999,39.25803987635572,29.458960123644264,79.70879668205474,73.88773380978436,0,0,,,,,,,,11.693850498530267,12.810512682451236,9.911715220144801,0,67.5513767795175,50.04260127923981,,,,,0.6266579807994312,0.8239336261409633,0.19727564534153205,0.8144811067185975,67.5513767795175,,,,,,,,,16.793719765880404,43.050702378628024,-21.525351189314012,0
2022-09-14,38.3,40.345,37.7738,40.1,34.451999999999984,39.70231275258949,29.20168724741048,84.689016441432,79.8214278530821,0,0,,,,,,,,12.884609971004624,16.393823290375064,13.167079009999716,0,70.9044505139872,52.058246274836925,,,,,0.7432578189592579,1.1263479190406045,0.3830901000813466,0.8743799154899541,70.9044505139872,,,,,70.9044505139872,,70.9044505139872,,19.336876542363214,43.82885914090524,-21.91442957045262,0
2022-09-15,39.8,40.86,38.89,39.69,34.61549999999998,40.28749955923864,28.94350044076133,83.44500481417904,82.61427264588859,0,0,,,,,,,,9.57731702603455,14.659617801274049,11.684316171573794,0,68.56968783171874,53.802236594655405,,,,,0.7477197340762077,1.3177397676766063,0.5700200336003985,0.9243412572283981,68.56968783171874,,,,,,,,,20.227807708293668,44.59297453547897,-22.296487267739487,0
2022-09-16,38.81,39.81,38.17,39.26,34.78349999999999,40.78707984872372,28.779920151276258,81.70256314722849,83.27886146761317,0,0,,,,,,,,6.245940679800732,12.869607716302301,10.156096557271233,0,66.11095161598479,55.56060896853044,,,,,0.6786813127406119,1.4183716745261634,0.7396903617855515,0.9349852461764984,66.11095161598479,,,,,,,,,20.556937590125685,45.31902747741152,-22.65951373870576,0
2022-09-19,38.82,38.89,37.01,37.94,34.957999999999984,41.113617272053496,28.802382727946473,74.07825405266124,79.74194067135625,0,0,,,,,,,,1.0682223820559056,8.530236283540283,6.226901108746774,0,59.104610404111725,56.75099577784925,,,,,0.5088488397891217,1.3757514115219536,0.8669025717328319,0.9070688015297975,59.104610404111725,,,,,,,,,18.323228674898992,45.90333484195283,-22.951667420976413,0
2022-09-20,37.71,38.34,35.73,35.75,35.09249999999999,41.193666691707676,28.9913333082923,62.47710756683669,72.7526415889088,0,0,,,,,,,,-5.403259949195649,1.8736197193132798,0.3142712834614647,0,49.69474869310932,57.3761289251796,,,,,0.22806236990025286,1.151980534108148,0.9239181642078951,0.7759331548015849,49.69474869310932,,,,,,,,,14.308296393539479,46.29972639715114,-23.14986319857557,0
2022-09-21,35.65,36.67,34.84,35.1,35.23699999999999,41.19342208041056,29.280577919589412,55.10849318469024,63.887951601396054,0,0,,,,,,,,-7.5756378860890035,-0.38879586797964105,-1.3620098544316672,0,47.28833742528377,57.538243190720756,,,,,-0.009789222997697244,0.9116816354607735,0.9214708584584708,0.5978153037995563,47.28833742528377,,,,,,,,,10.290018484309156,46.53955797597097,-23.269778987985486,0
2022-09-22,34.758,35.18,33.1,33.33,35.27549999999999,41.1718632011608,29.379136798839177,45.896149434062515,54.49391672852982,0,0,,,,,,,,-11.408218595502706,-5.515159246502499,-5.977601624869533,0,41.408166530729076,57.4875809717754,,,,,-0.2797149651101115,0.5718271520708313,0.8515421171809429,0.26737909284541245,41.408166530729076,41.408166530729076,,41.408166530729076,,,,,,5.795087784678258,46.63763508643583,-23.318817543217914,0
2022-09-23,32.71,33.5827,31.77,33.56,35.308499999999995,41.15851974355641,29.458480256443583,42.28767706075817,47.76410655983698,0,0,,,,,,,,-9.840689896032085,-4.95206536669639,-4.846514441252059,0,42.41028731067896,57.46368229612448,,,,,-0.42732135451662034,0.3173904240351675,0.7447117785517878,-0.09353894914347854,42.41028731067896,,,,,,,,,3.792943276430601,46.67745497484058,-23.33872748742029,0
2022-09-26,33.42,35.05,33.18,33.85,35.395499999999984,41.10267259244911,29.688327407550855,34.52929854149189,40.9043750121042,0,0,,,,,,,,-7.851037186258014,-4.366374256614492,-3.564001025611796,0,43.717396898631996,57.12166607563795,,,,,-0.485719560891811,0.13756232743702412,0.6232818883288351,-0.41668505256100685,43.717396898631996,,,,,,,,,2.7344392554435175,46.68660596543836,-23.34330298271918,0
2022-09-27,34.92,35.17,33.18,33.79,35.46949999999999,41.05173781292071,29.887262187079266,33.151374437252734,36.65611667983427,0,0,,,,,,,,-6.752766509368935,-4.735054060530852,-3.414829353812121,0,43.497424310119484,56.753569909102815,,,,,-0.5063716051219631,-0.009682618073618698,0.49668898704834435,-0.7594867611843577,43.497424310119484,,,,,,,,,3.406475192568775,46.70460903368638,-23.35230451684319,0
2022-09-28,33.86,35.25,33.55,35.08,35.628999999999984,40.970104380182335,30.28789561981763,38.296223564425866,35.32563218105684,0,0,,,,,,,,-1.8329368966000348,-1.5408796205337971,0.5743556417779239,0,49.393264913876195,55.821323671451005,,,,,-0.4149745024294988,-0.02202914098852915,0.39294536144096964,-0.8188906592158894,49.393264913876195,,,,,,,,,5.33224804919843,46.75961267689724,-23.37980633844862,0
2022-09-29,35.34,35.76,32.14,32.31,35.608999999999995,40.99647027834025,30.221529721659742,31.10828525787877,34.18529441985246,0,0,,,,,,,,-7.677800954367564,-9.264511780729567,-7.001957247572599,0,39.79165188677293,54.06727302226201,,,,,-0.5162922566162969,-0.2524199593294014,0.26387229728689543,-0.8905118504343358,39.79165188677293,,,,,,,,,4.2237418279533125,46.78266014913169,-23.391330074565843,0
2022-09-30,31.75,34.13,31.641,32.91,35.657,40.929085355909926,30.384914644090067,28.55371018308017,32.65273966846161,0,0,,,,,,,,-4.225598044351397,-7.703957147264218,-5.002453598129508,0,42.403389568835365,52.274696048811215,,,,,-0.5168464439401538,-0.38218575763829676,0.13466068630185699,-0.898609644425827,42.403389568835365,,,,,,,,,3.8384310281256426,46.791673952424325,-23.395836976212163,0
2022-10-03,32.722,32.85,31.01,31.89,35.64799999999999,40.94510335938436,30.350896640615613,24.73210076622685,28.13136540239527,0,0,,,,53.64548888888889,54.18194377777778,53.109034,,-5.530704742720105,-10.541965888689376,-7.719464084187766,0,39.283650402102595,50.255572736138724,,,,,-0.556421546045323,-0.5608662462547969,-0.004444700209473795,-0.9062362990318664,39.283650402102595,39.283650402102595,,39.283650402102595,,,,,,0.9189818933192427,46.73935800794926,-23.36967900397463,0
2022-10-04,34.17,36.385,33.8,36.3,35.801999999999985,40.985668970912705,30.618331029087262,38.61267798846234,30.632829645923124,0,0,,,,53.35913333333334,53.89272466666667,52.825542000000006,,7.3583343191765405,1.390983743924945,4.714559073819435,0,54.77580062611418,49.10352631557636,,,,,-0.2705814975417141,-0.3426715721366165,-0.07209007459490234,-0.7152758362943673,54.77580062611418,,,,,,,,,5.325796652051508,46.77020572603728,-23.38510286301864,0
2022-10-05,36.17,36.23,34.65,36.13,35.94599999999999,40.99639166798,30.895608332019982,43.1029175628701,35.48256543918643,0,0,,,,52.973088888888896,53.50281977777779,52.443358,,6.53103346601791,0.5118789295053938,3.8327793158283052,0,54.20166605541897,48.07723904584067,,,,,-0.08742993496545753,-0.18137749330172426,-0.09394755833626672,-0.47333508531291557,54.20166605541897,,,,,,,,,8.900914388728145,46.875279523340275,-23.437639761670138,0
2022-10-06,36.48,37.3901,35.28,36.76,35.93999999999998,40.986222349441555,30.893777650558416,50.71945370920445,44.14501642017897,0,0,,,,52.558911111111115,53.084500222222225,52.033322000000005,,7.3034035845641165,2.2815804117974903,5.219971567327231,0,56.0405467671516,47.357924413781156,,,,,0.07301076804541728,-0.0026840982794951174,-0.0756948663249124,-0.08684641774128161,56.0405467671516,,,,,56.0405467671516,,56.0405467671516,,14.147385938006403,47.105430150111395,-23.552715075055698,0
2022-10-07,35.71,36.0082,33.01,33.95,35.759999999999984,40.8204703338725,30.699529666127468,46.335119382685235,46.7191635515866,0,0,,,,52.045977777777786,52.56643755555557,51.525518000000005,,-1.0117502988600258,-5.061521252796375,-2.9204872562288875,0,46.97977371945082,46.49186465059109,,,,,-0.008892992346048526,-0.08681110675747306,-0.07791811441142453,0.14422325947563425,46.97977371945082,,,,,,,,,11.857067364644498,47.26130055778577,-23.630650278892887,0
2022-10-10,32,32.348,30.16,31.48,35.396999999999984,40.59015742106894,30.20384257893103,33.8388481961013,43.63114042933034,0,0,,,,51.421400000000006,51.93561400000001,50.907186,,-7.574867880211478,-11.06590954035649,-9.929328284899519,0,40.74385653155345,45.85251521047996,,,,,-0.21668176231995076,-0.348770317311363,-0.13208855499141223,0.04515181481644808,40.74385653155345,,,,,,,,,7.123288280889337,47.29869558347797,-23.649347791738986,0
2022-10-11,31.448,33.685,30.81,32.33,35.075500000000005,40.19162929860038,29.959370701399624,38.328166867039634,39.50071148194206,0,0,,,,50.915888888888894,51.425047777777785,50.40673,,-4.67063749483998,-7.827400892360781,-7.499070126748897,0,43.522126294129095,45.5835001296832,,,,,-0.28011168138432946,-0.48222815672182406,-0.2021164753374946,0.01101820814813693,43.522126294129095,,,,,,,,,2.6166648489951325,47.24638510636858,-23.62319255318429,0
2022-10-12,32.67,32.9774,31.565,32.35,34.688,39.379556671297756,29.99644332870225,35.9814930787396,36.04950271396019,0,0,,,,50.51131111111112,51.016424222222234,50.006198000000005,,-3.8375791444963947,-6.740083025830257,-7.482435485562311,0,43.589145528266506,45.73928434379301,,,,,-0.3020653980100031,-0.5796982228499985,-0.2776328248399954,-0.13274336208687693,43.589145528266506,,,,,,,,,1.0581268422499779,47.16693112837666,-23.58346556418833,0
2022-10-13,30.95,33.18,30.33,32.5,34.328500000000005,38.505485875005576,30.151514124994435,34.86323164874925,36.39096386484283,0,0,,,,50.08420000000001,50.58504200000001,49.58335800000001,,-3.446226975638833,-5.326477999330015,-7.03484048132117,0,44.12467958684616,45.86174093494781,,,,,-0.2878870199324486,-0.6374915997555561,-0.34960457982310755,-0.2324683516317372,44.12467958684616,,,,,,,,,2.2652919401697056,47.104815074589645,-23.552407537294823,0
2022-10-14,33.055,33.25,28.615,28.71,33.801,38.01807908391555,29.583920916084455,24.71541677173952,31.853380499742794,0,0,,,,49.686866666666674,50.18373533333334,49.18999800000001,,-13.628158844765414,-15.061684565545397,-17.62151615433174,0,35.06635833797398,45.24380960918653,,,,,-0.5025904415869948,-0.9778426318068512,-0.4752521902198563,-0.44591449177679,35.06635833797398,35.06635833797398,,35.06635833797398,,,,,,-1.3984947149072793,46.9885702168224,-23.4942851084112,0
2022-10-17,29.81,30.84,29.4,30.7,33.43900000000001,37.40845285902173,29.469547140978285,27.734010110927947,29.104219510472245,0,0,,,,49.29064444444445,49.7835508888889,48.79773800000001,,-7.309561909362728,-8.191034420885812,-11.7959719202812,0,41.82000566696763,45.123993991818544,,,,,-0.47948583084653273,-1.0746094787780223,-0.5951236479314895,-0.5341912045554861,41.82000566696763,,,,,,,,,-2.9774885492502,46.8533325264775,-23.42666626323875,0
2022-10-18,32.0962,32.31,30.9901,31.64,33.23350000000001,37.127953876989245,29.339046123010768,30.59205337861492,27.680493420427467,0,0,,,,48.92082222222223,49.41003044444445,48.431614,,-3.108252947481349,-4.794860607519535,-8.957500071936252,0,44.743558789583474,44.79187212579763,,,,,-0.37445463619165864,-1.0631919431710628,-0.6887373069794042,-0.5010253468698627,44.743558789583474,,,,,44.743558789583474,,44.743558789583474,,-3.7372218126412746,46.7103957828816,-23.3551978914408,0
2022-10-19,30.91,31.76,30.57,31.5,33.0535,36.91891213843983,29.18808786156017,30.777282496764222,29.70111532876903,0,0,,,,48.56246666666667,49.04809133333334,48.076842000000006,,-2.149602385685967,-4.699956131725836,-9.207947427078134,0,44.385819677347,45.120026967981495,,,,,-0.29164897376336474,-1.0532985241836101,-0.7616495504202454,-0.5993618265712716,44.385819677347,,,,,,,,,-0.6840376455174128,46.60384629037716,-23.30192314518858,0
2022-10-20,31.1,32.16,30.37,30.73,32.923500000000004,36.915773913447936,28.931226086552073,31.966926652985684,31.11208750945494,0,0,,,,48.16673333333334,48.648400666666674,47.685066000000006,,-2.719301022507936,-6.662414384861892,-10.900849529810896,0,42.37888692821191,45.11827677936554,,,,,-0.26665505520833166,-1.09496836943066,-0.8283133142223283,-0.6813323852965023,42.37888692821191,,,,,,,,,-0.5648959764361309,46.49858741780596,-23.24929370890298,0
2022-10-21,30.39,32,30.09,31.92,32.841499999999996,36.84546441043113,28.837535589568866,36.51145338204941,33.08522084393311,0,0,,,,47.77633333333334,48.254096666666676,47.298570000000005,,1.701395526667837,-2.8059010702921494,-6.944201504285474,0,46.41162558286524,45.62741786370572,,,,,-0.1535162583324019,-1.0202086371378307,-0.8666923788054288,-0.7624279810393055,46.41162558286524,,,,,,,,,-0.2055731671216888,46.39765474913583,-23.198827374567916,0
2022-10-24,31.45,31.79,29.45,31.34,32.716,36.742936304437656,28.689063695562346,34.1569577004007,34.211779245145266,0,0,,,,47.40144444444445,47.87545888888889,46.92743000000001,,-0.10200178503133595,-4.205893140970785,-7.973298357574943,0,44.76709094846046,44.9125100295876,,,,,-0.10366825241160849,-0.9962776943199394,-0.8926094419083309,-0.6810792406180797,44.76709094846046,,,,,,,,,-0.32550889633588537,46.29491005658428,-23.14745502829214,0
2022-10-25,31.325,34.75,31.325,34.49,32.751,36.826541191056606,28.67545880894339,48.41857999220015,39.69566369155009,0,0,,,,47.0624222222222,47.53304644444442,46.59179799999998,,9.187033050525418,5.30976153399898,1.7014124377082496,0,54.24878829418909,44.91587590378547,,,,,0.14217336400165292,-0.7148927369062648,-0.8570661009079177,-0.3365457227960982,54.24878829418909,,,,,,,,,3.6518956263301496,46.24678799377641,-23.123393996888204,0
2022-10-26,34,35.85,33.9,34.44,32.719,36.730438146101505,28.707561853898497,53.887213738194525,45.48758381026513,0,0,,,,46.750288888888875,47.21779177777776,46.28278599999999,,8.312104915557983,5.259940707234323,2.1221076769493585,0,54.090061669355066,44.776555539657146,,,,,0.2934319886061896,-0.49027611515018066,-0.7837081037563702,0.16508911379260635,54.090061669355066,,,,,,,,,6.286202027256337,46.23893083929252,-23.11946541964626,0
2022-10-27,34.37,35.22,33.9,34.5,32.828500000000005,36.90828075391277,28.748719246087244,58.68541847592316,53.66373740210594,0,0,,,,46.384599999999985,46.84844599999999,45.92075399999998,,7.822608369534545,5.091612470871332,2.827508097045306,0,54.263000825567815,45.29678604723693,,,,,0.38382975143999454,-0.30392091445637703,-0.6877506658963716,0.5088772896846724,54.263000825567815,,,,,,,,,9.577680559753047,46.2868047546876,-23.1434023773438,0
2022-10-28,34.36,35.07,34.1,34.48,32.907,37.04996077702889,28.764039222971096,68.76123429483536,60.44462216965101,0,0,,,,46.02148888888887,46.48170377777776,45.561273999999976,,5.851292441824674,4.780137964566822,3.258265452803033,0,54.1897239415235,46.25720514794908,,,,,0.42536206633403517,-0.15604808297882755,-0.5814101493128627,0.5983825305093512,54.1897239415235,,,,,,,,,9.52122219795315,46.32857308848396,-23.16428654424198,0
2022-10-31,34.28,35.995,33.97,34.97,33.061,37.26975230917652,28.852247690823482,73.22662951322918,66.89109409466256,0,0,,,,45.63415555555554,46.09049711111109,45.177813999999984,,5.96648586406463,5.774175009830307,5.037094884810589,0,55.76578233673414,47.13175200813515,,,,,0.4656667949207732,0.0006733443381037318,-0.46499345058266944,0.7295886761649492,55.76578233673414,,,,,55.76578233673414,,55.76578233673414,,10.016174632382388,46.374764975343766,-23.187382487671883,0
2022-11-01,36.15,36.4464,33.38,33.48,32.92,36.866005575262044,28.97399442473796,68.80265210108982,70.26350530305145,0,0,,,,45.27006666666665,45.722767333333316,44.817365999999986,,0.8889558535482012,1.7010935601457833,0.7907518163207561,0,50.119168070469,47.59818218972104,,,,,0.375668932540158,0.00459271509252801,-0.37107621744763,0.7799133421948706,50.119168070469,,,,,,,,,8.872971918068878,46.39551988073291,-23.197759940366456,0
2022-11-02,33.51,33.755,31.46,31.52,32.6895,36.38944851315489,28.98955148684512,58.48891882276071,66.83940014569323,0,0,,,,44.90055555555554,45.3495611111111,44.45154999999998,,-5.02305119474501,-3.577601370470651,-4.767659677321934,0,43.831860410309346,47.57726653425412,,,,,0.17786723970071983,-0.14874216782173022,-0.32660940752245005,0.7072218801966427,43.831860410309346,43.831860410309346,,43.831860410309346,,,,,,5.716191907282951,46.36127163686347,-23.180635818431735,0
2022-11-03,31.28,33.55,31.01,32.24,32.463499999999996,35.65911120914291,29.267888790857086,55.27891599350825,60.856828972452924,0,0,,,,44.515399999999985,44.96055399999999,44.07024599999998,,-3.2935389045533614,-0.6884655074160029,-2.485254826838712,0,46.487547036232385,48.39306572698687,,,,,0.09349122964061618,-0.20974537047167985,-0.30323660011229603,0.5110218261668621,46.487547036232385,,,,,,,,,2.8323384486367544,46.28510969475144,-23.14255484737572,0
2022-11-04,33.43,33.5,31.1,31.99,32.365500000000004,35.492226563036496,29.238773436963513,49.32533691223721,54.36439057616872,0,0,,,,44.136955555555545,44.5783251111111,43.69558599999999,,-4.063577747788272,-1.160186000525265,-3.08801551076463,0,45.67993193529633,48.668774746153204,,,,,0.02251515067123655,-0.2750926617732503,-0.29760781244448686,0.2996554403898015,45.67993193529633,,,,,,,,,1.2384043355147696,46.18897637657521,-23.094488188287606,0
2022-11-07,32.565,32.9276,31.01,31.32,32.3575,35.49405145023928,29.22094854976072,41.33198191838776,48.645411608044405,0,0,,,,43.76504444444443,44.20269488888887,43.327393999999984,,-6.067240500254933,-3.206366375647074,-4.874715261958984,0,43.49888313088179,48.579869341960226,,,,,-0.06319616313443471,-0.37660301636253024,-0.3134068532280955,0.07359024692227689,43.49888313088179,,,,,,,,,0.6530313415448922,46.08617904984157,-23.043089524920784,0
2022-11-08,31.45,32.84,30.35,31.85,32.3335,35.47786177943934,29.189138220560668,41.775117953916116,44.144145594847025,0,0,,,,43.42273333333332,43.85696066666665,42.98850599999999,,-3.7153481060491544,-1.4953531167365086,-3.0746289853014086,0,45.7072319339326,48.674255931716345,,,,,-0.07692487454539171,-0.40956294640983515,-0.33263807186444344,-0.11699060105248585,45.7072319339326,,,,,,,,,-0.27137647793000136,45.97378536958189,-22.986892684790945,0
2022-11-09,31.03,31.15,27.3601,28.07,32.1195,35.77179503189412,28.46720496810588,25.090395287254076,36.065831719852646,0,0,,,,43.113266666666654,43.544399333333324,42.682133999999984,,-13.47635780778006,-12.607605971450376,-13.96608091540662,0,35.15399034659178,48.15819189017204,,,,,-0.31969540727703893,-0.7322573309607421,-0.41256192368370315,-0.540948958320588,35.15399034659178,35.15399034659178,,35.15399034659178,,,,,,-5.042819289357136,45.82191724823994,-22.91095862411997,0
2022-11-10,32.885,33.52,31.13,32.96,32.142500000000005,35.80985258735749,28.475147412642524,38.346421209777404,35.07064481698253,0,0,,,,42.85984444444443,43.28844288888887,42.43124599999998,,2.081268582755169,2.543361592906579,0.9546173873091979,0,50.936092081874584,48.481368068672715,,,,,-0.13927068804990828,-0.5866502837460885,-0.44737959569618024,-0.5723897474049268,50.936092081874584,,,,,,,,,-4.003585626321141,45.678700720205576,-22.839350360102788,0
2022-11-11,33.185,34.98,31.92,34.9,32.45200000000001,35.94923662339227,28.954763376607758,50.6090447690442,38.01528708869189,0,0,,,,42.58464444444443,43.010490888888874,42.15879799999998,,7.94927312094027,7.543448785899121,6.679980436909028,0,55.557339160202766,49.25210008379715,,,,,0.10900177233845348,-0.3111273802731134,-0.42012915261156686,-0.5191326936694892,55.557339160202766,,,,,,,,,-1.54113277071833,45.55658687841654,-22.77829343920827,0
2022-11-14,34.39,35.15,33.2036,34.38,32.63600000000001,36.13239471455905,29.13960528544097,54.7484521673174,47.901306048713,0,0,,,,42.309266666666645,42.732359333333314,41.886173999999976,,6.5352793529794395,5.343792131388625,4.824530200319144,0,54.086806451640044,49.24052995218651,,,,,0.22954513975374885,-0.13319772791938078,-0.36274286767312963,-0.32122688396221655,54.086806451640044,,,,,,,,,4.392768504722831,45.49939206641914,-22.74969603320957,0
2022-11-15,34.44,35.735,33.92,35.15,32.81150000000001,36.44016518157798,29.182834818422034,61.96259956728808,55.77336550121657,0,0,,,,42.03508888888887,42.45543977777776,41.61473799999998,,8.360564769714518,7.127074348932494,7.2976658051649546,0,55.946271366538255,49.37311635912817,,,,,0.34551291022796915,0.06914827011183178,-0.27636464011613737,-0.07437087540851003,55.946271366538255,,,,,55.946271366538255,,55.946271366538255,,6.249119592176517,45.46580647356102,-22.73290323678051,0
2022-11-16,34.355,34.49,32.85,33.32,32.90250000000001,36.486045032505636,29.31895496749439,59.82059469453873,58.84388214304807,0,0,,,,41.70722222222221,42.12429444444443,41.29014999999998,,2.15218590962043,1.2689005394726616,2.0031225445676926,0,50.691753764869816,49.11802728336402,,,,,0.2858201432892332,0.08091053899540412,-0.20490960429382907,0.052423897232974366,50.691753764869816,,,,,,,,,4.3370810425349395,45.40554965191907,-22.702774825959533,0
2022-11-17,32.24,32.755,31.71,32.07,32.969500000000004,36.43627068754165,29.502729312458357,53.341036266859824,58.3747435095622,0,0,,,,41.39255555555554,41.8064811111111,40.97862999999998,,-1.628784393116789,-2.7282791671090045,-1.351406775490127,0,47.41586611858345,48.63418029601116,,,,,0.15551875118295377,-0.01051116531513685,-0.16602991649809062,0.11616992452366522,47.41586611858345,,,,,,,,,1.784424013834532,45.31528248176503,-22.657641240882516,0
2022-11-18,32.65,32.69,29.81,30.34,32.89050000000001,36.51763371686187,29.263366283138144,43.27789048820979,52.14650714986944,0,0,,,,41.085888888888874,41.49674777777776,40.675029999999985,,-6.461955851523015,-7.754518782019149,-6.326221865448156,0,43.25005898581414,47.740200056659724,,,,,-0.0431950822995355,-0.22002376937251,-0.1768286870729745,0.12965111934429163,43.25005898581414,,,,,,,,,-3.2292463546334296,45.181067881154895,-22.590533940577448,0
2022-11-21,29.68,30.15,28.4,28.42,32.7445,36.81722623680986,28.671773763190142,33.548069556858735,43.388998770642786,0,0,,,,40.752555555555546,41.160081111111104,40.34502999999999,,-11.590866670814426,-13.206798088228556,-11.976956669867144,0,39.14010237098962,46.95598107812549,,,,,-0.2863985069525331,-0.5348268207636409,-0.24842831381110778,-0.03950561202287072,39.14010237098962,39.14010237098962,,39.14010237098962,,,,,,-8.269953584208444,45.02102565168968,-22.51051282584484,0
2022-11-22,28.58,29.47,27.85,28.94,32.467000000000006,36.775661509099734,28.15833849090028,36.13777432491092,37.65457812332648,0,0,,,,40.42033333333332,40.82453666666665,40.01612999999998,,-9.150839742583594,-10.863338158745817,-10.051594455150138,0,40.7814298799834,46.7380931831022,,,,,-0.3883701602047776,-0.7338910140670798,-0.3455208538623022,-0.23095342144301287,40.7814298799834,,,,,,,,,-11.511946920841453,44.85438611828229,-22.427193059141146,0
2022-11-23,29.27,30.18,28.95,29.71,32.230500000000006,36.5988519775766,27.86214802242341,36.43665197128473,35.374165284351456,0,0,,,,40.09584444444443,40.49680288888887,39.69488599999999,,-7.211343264936476,-7.820232388576054,-7.405098796983123,0,43.2232120341868,46.504926397241796,,,,,-0.3796353625847374,-0.820065057093224,-0.44042969450848657,-0.31105642381408444,43.2232120341868,,,,,,,,,-12.22979657103412,44.68870023118727,-22.344350115593635,0
2022-11-25,29.64,29.64,29.1,29.53,31.98200000000001,36.37106641553728,27.59293358446274,33.99051125064396,35.52164584894654,0,0,,,,39.77646666666665,40.17423133333332,39.37870199999998,,-6.774845308751132,-7.666812582077442,-7.681245505986833,0,42.779145983465995,46.29772740068249,,,,,-0.361731313666233,-0.8925938365912778,-0.5308625229250448,-0.3907853817527771,42.779145983465995,,,,,,,,,-11.189315719586055,44.5262143685454,-22.2631071842727,0
2022-11-28,29.1,29.56,28.58,28.64,31.69000000000001,36.15190990496183,27.22809009503818,32.850118101740385,34.42576044122303,0,0,,,,39.503711111111095,39.8987482222222,39.108673999999986,,-7.761674718196487,-9.624487219943223,-10.457094024219959,0,40.56026744418789,46.087826280204354,,,,,-0.3835047979770876,-1.0102435203964042,-0.6267387224193166,-0.5172653274449738,40.56026744418789,,,,,,,,,-11.536333653889569,44.36495559076102,-22.18247779538051,0
2022-11-29,29.15,29.49,28.6647,28.85,31.384000000000007,35.74238685754222,27.02561314245779,33.316484461519224,33.38570460463452,0,0,,,,39.24379999999998,39.63623799999998,38.85136199999998,,-5.4005311997901595,-8.074177925057368,-9.6262882561163,0,41.3334919852918,45.775416283872865,,,,,-0.35793247419893126,-1.0741543151679807,-0.7162218409690494,-0.5860269643302849,41.3334919852918,,,,,,,,,-12.425339628409992,44.20444464069066,-22.10222232034533,0
2022-11-30,29.05,32.23,29.02,32.04,31.312000000000005,35.57606191324638,27.047938086753632,47.02256051006191,37.7297210244405,0,0,,,,39.00273333333332,39.39276066666665,38.61270599999998,,6.141920095408437,2.3249872253448878,0.3246041603607086,0,51.627478223302575,46.952093989352214,,,,,-0.11303281993239311,-0.8575128658845408,-0.7444800459521477,-0.743164711832317,51.627478223302575,,,,,51.627478223302575,,51.627478223302575,,-9.913577110884937,44.049761311812304,-22.024880655906152,0
2022-12-01,31.965,32.6,30.3,31.48,31.31000000000001,35.57370730702723,27.04629269297279,46.81233200170443,42.38379232442851,0,0,,,,38.78068888888887,39.16849577777776,38.39288199999998,,4.9263382441170345,0.5429575215585736,-1.426826849812668,0,49.969863723433605,46.883077678035,,,,,0.01744029679821002,-0.7226796749543851,-0.7401199717525951,-0.6604669366027714,49.969863723433605,,,,,,,,,-7.067309378533395,43.90619201882158,-21.95309600941079,0
2022-12-02,30.63,31.6,30.25,31.36,31.26600000000001,35.5085200058452,27.02347999415482,49.69533691737099,47.84340980971243,0,0,,,,38.54873333333332,38.93422066666665,38.16324599999999,,4.774314256122403,0.3006460692125401,-1.8671117137790905,0,49.60234225597307,46.457720756304305,,,,,0.09739348235163758,-0.6183781188130482,-0.7157716011646857,-0.4973019654224262,49.60234225597307,,,,,,,,,-4.5613053023246675,43.77657302746978,-21.88828651373489,0
2022-12-05,31.01,31.345,29.435,29.53,31.143000000000008,35.43675872633717,26.849241273662848,45.92922032618614,47.47896308175384,0,0,,,,38.29562222222221,38.678578444444426,37.91266599999999,,-1.072026800670034,-5.179334039752126,-7.362675283119502,0,44.25660983177552,45.75556385488541,,,,,0.032140291098678775,-0.6755962372913373,-0.7077365283900161,-0.40294613739743185,44.25660983177552,,,,,,,,,-7.111587826478085,43.63543115669291,-21.817715578346455,0
2022-12-06,29.5,29.54,27.425,27.89,30.971500000000002,35.49132864719431,26.451671352805697,31.239812426524217,42.28812322336044,0,0,,,,38.06264444444442,38.44327088888887,37.68201799999998,,-6.399973151659588,-9.949469673732303,-12.190668093948753,0,40.08708164251105,44.62276458888346,,,,,-0.10865266200963697,-0.8435523559020623,-0.7348996938924254,-0.31289679612652244,40.08708164251105,40.08708164251105,40.08708164251105,40.08708164251105,,,,,,-10.744003119479913,43.485019992561114,-21.742509996280557,0
2022-12-07,27.75,28.2267,27.27,27.94,30.776000000000003,35.46210883356307,26.089891166436935,27.967486874610536,35.045506542440286,0,0,,,,37.83148888888887,38.20980377777776,37.45317399999998,,-5.916422534262722,-9.214972706004687,-11.42437467637456,0,40.27183773292722,43.87848487231614,,,,,-0.18131238190250187,-0.9615401712705527,-0.7802277893680508,-0.23314309054650179,40.27183773292722,,,,,,,,,-14.1921352094083,43.33392785757488,-21.66696392878744,0
2022-12-08,28.26,28.64,27.59,28.58,30.801499999999997,35.43367130512242,26.16932869487758,27.82771048886319,29.0116699299993,0,0,,,,37.63335555555554,38.00968911111109,37.257021999999985,,-3.3937263385614203,-7.212311088745671,-8.830878834600476,0,42.707250652781966,43.542155196187466,,,,,-0.16939289934822255,-0.991968913553329,-0.8225760142051064,-0.12423798061723369,42.707250652781966,,,,,,,,,-15.142490946324429,43.18511152421762,-21.59255576210881,0
2022-12-09,28.35,29.2754,27.245,27.29,30.518,35.279283860472795,25.756716139527207,22.908326419604702,26.234507927692793,0,0,,,,37.446199999999976,37.82066199999998,37.071737999999975,,-7.050408719346057,-10.577364178517602,-12.27337019416228,0,39.234629335675926,43.25533879260615,,,,,-0.2278676607288317,-1.107410590116146,-0.8795429293873143,-0.2221636977913681,39.234629335675926,,,,,,,,,-15.746099440419234,43.038560499514915,-21.519280249757458,0
2022-12-12,26.75,26.9,25.52,25.61,30.053499999999996,34.826768377118505,25.28023162288149,21.333306508715097,24.02311447239431,0,0,,,,37.27104444444443,37.64375488888887,36.898333999999984,,-11.86289018136768,-14.785299549137365,-16.883931758927705,0,35.21830714771657,42.97521056237237,,,,,-0.35176835922536775,-1.319253378419024,-0.9674850191936561,-0.5086207506451643,35.21830714771657,,,,,,,,,-18.08113402543426,42.89849305950855,-21.449246529754276,0
2022-12-13,27.2,27.96,24.63,24.96,29.5825,34.413830562070764,24.751169437929235,17.724164071264173,20.655265666527974,0,0,,,,37.095266666666646,37.466219333333314,36.72431399999998,,-12.934282126412743,-15.625792275838757,-18.10665383437595,0,33.77759737090139,42.47493681172365,,,,,-0.44364774326545864,-1.5220446982754794,-1.0783969550100208,-0.6796529586049944,33.77759737090139,,,,,,,,,-21.684002367866132,42.774113408674324,-21.387056704337162,0
2022-12-14,24.92,25.58,24.43,24.54,29.052,33.64568958463662,24.45831041536338,13.795304695403406,17.617591758460875,0,0,,,,36.92033333333331,37.28953666666664,36.55112999999998,,-12.099720610358911,-15.530772408095828,-18.68966888294934,0,32.842692551537525,41.733471134391564,,,,,-0.4949510929996537,-1.6970858212595878,-1.2021347282599342,-0.7663628518651188,32.842692551537525,,,,,,,,,-24.394241733511603,42.666761574112975,-21.333380787056488,0
2022-12-15,24.03,25.06,23.86,23.97,28.58449999999999,33.248182986653475,23.920817013346507,11.381851442762922,14.30044006981015,0,0,,,,36.76193333333332,37.12955266666665,36.39431399999999,,-11.767953767438444,-16.143364410782045,-19.910454742891513,0,31.565767956006894,40.93251556100163,,,,,-0.5265773200648916,-1.8603563783410486,-1.333779058276157,-0.8381469639922844,31.565767956006894,,,,,,,,,-26.00861470929203,42.57167492988569,-21.285837464942844,0
2022-12-16,23.89,24.31,22.3,22.48,28.104999999999997,33.1896337134547,23.020366286545293,8.695243349616543,11.290799829260939,0,0,,,,36.593977777777766,36.95991755555554,36.22803799999999,,-14.456410061265634,-20.01423234299946,-24.06346060735719,0,28.451682364363222,40.06761662672843,,,,,-0.6017244832519963,-2.0859346623411525,-1.4842101790891562,-0.9255963500970043,28.451682364363222,,,,,,,,,-28.331741652784164,42.4963181461841,-21.24815907309205,0
2022-12-19,22.53,22.74,21.85,22.03,27.6895,33.305995259501216,22.073004740498778,7.391428490768396,9.156174427715937,0,0,,,,36.452155555555535,36.81667711111109,36.08763399999998,,-13.705981432880254,-20.439155636613147,-24.739509195467736,0,27.567143575526856,39.08430602603094,,,,,-0.6324685654065296,-2.2747958858473183,-1.6423273204407887,-0.9855070280891933,27.567143575526856,,,,,,,,,-30.670112580026768,42.44350680793324,-21.22175340396662,0
2022-12-20,21.85,22.46,21.29,21.4,27.3385,33.57204241182323,21.104957588176763,5.939263996922756,7.341978612435881,0,0,,,,36.293399999999984,36.65633399999999,35.93046599999998,,-13.98713826366561,-21.722113502935425,-26.056459693859924,0,26.33284715865078,37.27754666427008,,,,,-0.6438156567031312,-2.4470968913197026,-1.8032812346165714,-0.9855916916643293,26.33284715865078,,,,,,,,,-33.030810170385095,42.4160555572627,-21.20802777863135,0
2022-12-21,21.575,21.61,20.73,21.03,26.942999999999994,33.70153859943114,20.184461400568846,4.822854730765618,6.051182406152239,0,0,,,,36.094688888888875,36.455635777777765,35.733741999999985,,-13.059655215180454,-21.9463311435252,-26.417933077524168,0,25.60767080181816,35.537390027011845,,,,,-0.624350277931454,-2.583719082030889,-1.959368804099435,-0.9843406099183877,25.60767080181816,,,,,,,,,-34.39788298128163,42.40383868683109,-21.201919343415543,0
2022-12-22,20.66,20.81,18.92,19.73,26.443999999999996,33.7622003252166,19.125799674783394,3.8116439371263944,4.857920888271572,0,0,,,,35.87295555555554,36.2316851111111,35.51422599999999,,-15.336422931685556,-25.38950234457721,-30.288433226942413,0,23.191130466355247,33.650874899182,,,,,-0.6445200539518954,-2.7650188715393043,-2.120498817587409,-0.9863954842007594,23.191130466355247,,,,,,,,,-36.595085759573045,42.41843553072389,-21.209217765361945,0
2022-12-23,19.765,19.77,18.5224,19.14,25.924499999999988,33.750197349118594,18.098802650881385,3.5062816705097024,4.0469267794672215,0,0,,,,35.67215555555554,36.0288771111111,35.31543399999998,,-14.891724843256714,-26.170225076664888,-31.254115534271165,0,22.16864653424244,32.07316323507249,,,,,-0.6416955112610183,-2.9226182066636817,-2.2809226954026633,-0.9865740489940804,22.16864653424244,,,,,,,,,-38.72883024066389,42.46075301178185,-21.230376505890924,0
2022-12-27,18.65,18.7,17.65,17.74,25.379499999999993,33.86335873291163,16.895641267088358,2.5953769904995454,3.3044341993785302,0,0,,,,35.482733333333314,35.83756066666665,35.12790599999998,,-18.25638190028571,-30.101065820839644,-34.94603283257342,0,19.9238892047875,30.63293520380652,,,,,-0.6748363960915458,-3.1244681905170957,-2.44963179442555,-0.9920791899633999,19.9238892047875,,,,,,,,,-41.89255085802876,42.54881454792433,-21.274407273962165,0
2022-12-28,17.75,18.26,17.45,17.74,24.82399999999999,33.768554544525976,15.879445455474007,3.8477822138136393,3.3164802916076117,1,0,,,,35.291044444444424,35.64395488888887,34.93813399999998,,-15.443279313632052,-28.53689977441184,-33.59535841287665,0,19.923889204787486,29.1795103089394,,,,,-0.6378995961840555,-3.2470062896556193,-2.609106693471564,-0.9929828668342352,19.923889204787486,19.923889204787486,,19.923889204787486,,,,,,-43.73900987138512,42.663414441651355,-21.331707220825677,0
2022-12-29,18.39,19.025,18.14,18.73,24.15849999999999,32.832987362374844,15.484012637625133,8.340949998873374,4.928036401062169,0,0,,,,35.11491111111109,35.466060222222204,34.76376199999998,,-8.18177361635376,-22.470352050003072,-28.42311758786287,0,26.0638236212601,27.990694092402123,,,,,-0.49434235980643804,-3.2270346432296115,-2.7326922834231735,-0.9817260415074428,26.0638236212601,,,,,,,,,-43.95413558807801,42.77681288396121,-21.388406441980607,0
2022-12-30,18.25,18.5781,17.915,18.43,23.50599999999999,31.835824487946983,15.176175512052996,9.057114348086127,7.0819488535910295,0,0,,,,34.92593333333331,35.27519266666665,34.576673999999976,,-7.130259511211923,-21.594486514081478,-28.20785831147583,0,25.42756128805101,27.004474946143198,,,,,-0.3726810870700601,-3.1985436422607485,-2.8258625551906884,-0.9688689103144998,25.42756128805101,,,,,,,,,-43.057764120358854,42.87066473576122,-21.43533236788061,0
2023-01-03,18.9,18.99,17.08,17.34,22.804999999999993,30.722526128785468,14.887473871214517,8.478824910938332,8.625629752632593,0,0,,,,34.71619999999998,35.06336199999998,34.36903799999998,,-10.299518907454374,-23.964042973032207,-31.136733694285212,0,23.210524186580415,26.1467761632049,,,,,-0.3206880039341544,-3.2267225601083815,-2.906034556174227,-0.963186701518096,23.210524186580415,,,,,,,,,-43.27264562453748,42.96380066108615,-21.481900330543073,0
2023-01-04,17.2,18.06,16.56,17.71,22.21399999999999,29.79270543034896,14.635294569651025,10.737992056605858,9.424643771876754,1,0,,,,34.507266666666645,34.85233933333331,34.16219399999998,,-6.29133816604055,-20.27550193571618,-28.471418185734652,0,25.58246284647582,25.56140941146022,,,,,-0.22118245367191758,-3.182512623264124,-2.9613301695922063,-0.9457733634560529,25.58246284647582,,,,,,,,,-44.09784832034061,43.066120889283326,-21.533060444641663,0
2023-01-05,17.35,17.38,16.53,16.56,21.647499999999987,29.13770927611518,14.157290723884794,9.620681047678296,9.61249933840748,0,0,,,,34.31931111111109,34.6625042222222,33.97611799999998,,-10.073309801792051,-23.501559071486277,-32.03086521096699,0,23.185311345184857,24.871596468149317,,,,,-0.1936119843045354,-3.2033451499728756,-3.00973316566834,-0.942907965229029,23.185311345184857,,,,,,,,,-45.77501669361508,43.19190005139344,-21.59595002569672,0
2023-01-06,16.09,16.655,15.84,16.4,21.07049999999999,28.30649744333852,13.834502556661455,9.9285759858762,10.095749696720102,0,0,,,,34.113755555555535,34.45489311111109,33.77261799999998,,-8.645276292335147,-22.166061555254945,-31.51256994905203,0,22.864301833631984,24.25006317369397,,,,,-0.1489535515348308,-3.1959251050868787,-3.046971553552048,-0.9431328963162343,22.864301833631984,,,,,,,,,-46.485376397489595,43.32474511192716,-21.66237255596358,0
2023-01-09,16.62,17.2,16.47,16.62,20.47249999999999,27.07644692589226,13.86855307410772,12.810522392286128,10.78659314194686,1,0,,,,33.89299999999998,34.23192999999998,33.55406999999998,,-5.7876537611246786,-18.81792648675047,-29.305675679507704,0,24.413953125297866,23.96165394233216,,,,,-0.07133557566889959,-3.1361410231381726,-3.064805447469273,-0.9287696265564821,24.413953125297866,,,,,,,,,-47.36127348358159,43.46744827096081,-21.733724135480404,0
2023-01-10,16.82,17.37,16.02,16.45,19.930499999999988,25.961876211114827,13.899123788885149,13.749487149534083,12.162861842565455,0,0,,,,33.67166666666665,34.00838333333332,33.334949999999985,,-5.307391204236744,-17.463184566368085,-28.70660637667759,0,24.012507249352723,23.707751347605434,,,,,-0.0018543599574618597,-3.0671233974161005,-3.0652690374586387,-0.914755899903318,24.012507249352723,,,,,,,,,-47.20615207215403,43.60205779066353,-21.801028895331765,0
2023-01-11,16.515,17.695,16.185,17.08,19.503999999999987,25.055902016426586,13.952097983573388,25.285588870975452,17.281866137598538,0,0,,,,33.45984444444443,33.794442888888874,33.12524599999998,,-1.305905466312296,-12.428219852337929,-24.719018585175924,0,28.69204734997379,23.87626564698565,,,,,0.10994292950009088,-2.927840375583525,-3.037783305083616,-0.8673438262063222,28.69204734997379,,,,,,,,,-46.166781153547845,43.71432637370175,-21.857163186850876,0
2023-01-12,17.25,17.78,16.48,17.58,19.134999999999987,24.14156968392546,14.128430316074516,32.918709615033364,23.98459521184762,0,0,,,,33.24299999999999,33.57542999999999,32.910569999999986,,1.6772700983226807,-8.126469819702065,-21.21067256266992,0,32.25766958516951,24.351265560082172,,,,,0.23385563706170664,-2.7454637587564825,-2.979319395818189,-0.7698799569195355,32.25766958516951,,,,,32.25766958516951,,32.25766958516951,,-44.78186642159496,43.800448709477145,-21.900224354738572,0
2023-01-13,16.82,16.84,15.82,16.45,18.730499999999985,23.203787270006444,14.257212729993524,29.985081548046452,29.39646001135174,0,0,,,,33.0388222222222,33.36921044444443,32.708433999999976,,-3.5869182979721304,-12.175329008835789,-24.517046758133343,0,28.75784108144869,24.748887746874562,,,,,0.2543105487660897,-2.6614312098605772,-2.915741758626667,-0.7353684934787207,28.75784108144869,,,,,,,,,-44.37594803591052,43.87677918860025,-21.938389594300126,0
2023-01-17,16.675,17.28,16.371,16.93,18.37849999999999,22.20897921284029,14.548020787159686,35.700283757772475,32.868024973617416,0,0,,,,32.85837777777776,33.18696155555554,32.52979399999998,,0.10643330179749277,-7.881491960714904,-20.54627370001876,0,32.126532933335724,25.460165346809795,,,,,0.3110146516301149,-2.5269734440890232,-2.837988095719138,-0.6388272810600089,32.126532933335724,,,,,,,,,-44.146363752772636,43.94633068103736,-21.97316534051868,0
2023-01-18,17.39,17.71,16.46,16.5,18.07949999999999,21.49362638899051,14.665373611009468,37.48612523913975,34.39049684831954,0,0,,,,32.64855555555554,32.975041111111096,32.32206999999998,,-1.9491323983836795,-8.736414170745821,-20.721355584740042,0,30.724923764552116,26.23166781536441,,,,,0.32868358310131907,-2.4271336168424895,-2.7558171999438086,-0.6629309864436872,30.724923764552116,,,,,,,,,-44.95832505435055,44.02447378904082,-22.01223689452041,0
2023-01-19,16.232,16.36,15.28,15.79,17.767499999999988,20.79965352513712,14.735346474862853,33.689619470062475,35.62534282232488,0,0,,,,32.436822222222204,32.76119044444442,32.112453999999985,,-5.085357056984896,-11.129871957225212,-22.425651775186683,0,28.512950814016065,26.845172216023595,,,,,0.30234170855551046,-2.3778900642494207,-2.680231772804931,-0.7181687015513175,28.512950814016065,,,,,,,,,-45.37693974063331,44.10533509188918,-22.05266754594459,0
2023-01-20,15.99,16.51,15.545,16.23,17.508999999999983,20.109083844802356,14.908916155197607,35.69345170387685,35.623065471026344,0,0,,,,32.20868888888888,32.53077577777777,31.88660199999999,,-2.2465819430223744,-7.30481466674272,-18.71181007713111,0,31.79023831138163,27.254201836746564,,,,,0.322496813499888,-2.277110755930071,-2.599607569429959,-0.6599279195389074,31.79023831138163,,,,,,,,,-45.814595452034524,44.1891583833852,-22.0945791916926,0
2023-01-23,16.48,18.38,16.44,18.1,17.362499999999986,19.427676747884163,15.29732325211581,47.22897390299448,38.87068169231125,0,0,,,,32.01397777777776,32.33411755555554,31.69383799999998,,7.911524473856768,4.2476601871851205,-7.831754761177279,0,43.62022198774157,28.553677601010175,,,,,0.4612629842735112,-2.02302883908807,-2.4842918233615814,-0.1506129554927794,43.62022198774157,,,,,,,,,-43.60052723439776,44.23834212699966,-22.11917106349983,0
2023-01-24,17.93,18.63,17.62,18.05,17.278499999999987,19.070217332617375,15.4867826673826,50.44759624334526,44.45667395007218,0,0,,,,31.85615555555554,32.17471711111109,31.537593999999984,,6.703712461574796,4.465086668403018,-6.413646497640868,0,43.40346401223672,29.996030445699912,,,,,0.543516695083543,-1.8048959545071526,-2.3484126495906956,0.16371194879195927,43.40346401223672,,,,,,,,,-40.68791610301759,44.248284108034944,-22.124142054017472,0
2023-01-25,17.41,18.765,17.1204,18.69,17.255999999999982,18.96294346713714,15.549056532862824,64.82088839937619,54.16581951523863,0,0,,,,31.71295555555554,32.03008511111109,31.395825999999982,,9.04317386231035,8.310152990264363,-1.633304678865255,0,47.03171857449604,31.528120140558496,,,,,0.6288330189221738,-1.5623713759379783,-2.191204394860152,0.5318876421580998,47.03171857449604,,,,,,,,,-37.56136343243304,44.222483355731136,-22.111241677865568,0
2023-01-26,19.68,19.88,18.01,18.31,17.284499999999987,19.041127165906705,15.52787283409327,65.0446183720342,60.1043676715852,0,0,,,,31.583711111111096,31.899548222222208,31.267873999999985,,6.064994496900833,5.93306141340515,-2.383110305485925,0,45.17972371881862,33.099149595818055,,,,,0.6450692518563139,-1.3848678300397594,-2.0299370818960734,0.6121714361843641,45.17972371881862,,,,,,,,,-37.016735535341795,44.19046416530256,-22.09523208265128,0
2023-01-27,18.22,21.44,18.14,19.83,17.388999999999985,19.461794249317027,15.316205750682942,72.10246020546391,67.32265565895808,0,0,,,,31.483266666666648,31.798099333333315,31.16843399999998,,13.392040256175619,14.037609983322884,6.693209942967848,0,53.13009914530925,35.26099226093786,,,,,0.7369396099002508,-1.10876256952076,-1.8457021794210107,0.691187733598013,53.13009914530925,,,,,53.13009914530925,,53.13009914530925,,-34.506092696961446,44.13517253354003,-22.067586266770014,0
2023-01-30,19.83,19.9485,18.01,18.04,17.354499999999984,19.358700339287946,15.35029966071202,64.27976616808459,67.14228158186087,0,0,,,,31.375844444444425,31.68960288888887,31.06208599999998,,2.2270074233580184,3.949984153965924,-1.7928431443710258,0,44.876240766296945,36.72258423529494,,,,,0.6584838746342938,-1.0225973361281433,-1.681081210762437,0.6827531888369243,44.876240766296945,,,,,,,,,-34.76331175869399,44.08180810261983,-22.040904051309916,0
2023-01-31,18.09,19.43,17.7722,19.4,17.402999999999984,19.550762556709163,15.255237443290808,69.15006709853691,68.51076449069512,0,0,,,,31.266733333333313,31.579400666666647,30.95406599999998,,8.416228903543033,11.475033040280502,6.493934237250931,0,51.09292281940285,38.65689963315566,,,,,0.6769086462088194,-0.834945403001413,-1.5118540492102324,0.7230078425789018,51.09292281940285,,,,,,,,,-32.99140721713031,44.014241818864555,-22.007120909432278,0
2023-02-01,19.5,20.0697,18.215,19.71,17.521499999999982,19.892232165387345,15.150767834612619,71.72691018210836,68.3855811495766,0,0,,,,31.17139999999998,31.48311399999998,30.859685999999982,,8.207521273675479,12.49036897525908,8.7468275278626,0,52.41038893263974,40.35106688906037,,,,,0.6865390268744196,-0.6536802656172078,-1.3402192924916274,0.7940231305098991,52.41038893263974,,,,,,,,,-32.71333751634618,43.94468649625723,-21.972343248128617,0
2023-02-02,20.44,22.09,20.32,20.88,17.679999999999982,20.467235189215664,14.8927648107843,78.24292173794483,73.03996633953001,0,0,,,,31.09508888888887,31.40603977777776,30.78413799999998,,11.51463362529368,18.09954751131233,15.446285408872251,0,57.10678967296438,42.126004038188576,,,,,0.7434708427944079,-0.41088073899861755,-1.1543515817930254,0.8907361806925707,57.10678967296438,,,,,57.10678967296438,,57.10678967296438,,-28.959025065121224,43.851855738456095,-21.925927869228047,0
2023-02-03,19.98,21.32,19.745,19.9,17.84699999999998,20.74388177183716,14.9501182281628,75.39314556153462,75.1209924938626,0,0,,,,31.024288888888872,31.334531777777762,30.714045999999982,,4.237598868576775,11.503333893651702,10.33284666136871,0,52.43879261822423,43.81750057652969,,,,,0.6881633244374818,-0.2941474262461732,-0.982310750683655,0.8898437334813313,52.43879261822423,,,,,,,,,-27.975174416067592,43.754623376782114,-21.877311688391057,0
2023-02-06,19.8,20.36,19.61,20.22,18.03799999999998,21.030233948073334,15.045766051926622,75.28328740697737,76.30645156881893,0,0,,,,30.949711111111096,31.259208222222206,30.640213999999986,,4.750556908252546,12.0966847765829,12.275116606204172,0,53.76770653972911,45.36329869127207,,,,,0.64680017684208,-0.17381052963105503,-0.820610706473135,0.9003327267827018,53.76770653972911,,,,,,,,,-27.035741323218527,43.653779889844344,-21.826889944922172,0
2023-02-07,20.17,20.19,18.71,19.91,18.20249999999998,21.22639731968574,15.178602680314217,72.57177354886242,74.4160688391248,0,0,,,,30.85339999999999,31.16193399999999,30.54486599999999,,2.1601929293447286,9.380579590715676,10.516967028087198,0,52.24476525110771,46.90043022602604,,,,,0.574666098596585,-0.10227808322740373,-0.6769441818239887,0.8683640055843869,52.24476525110771,,,,,,,,,-27.86271674628578,43.55725198903708,-21.77862599451854,0
2023-02-08,19.49,20.38,19.45,20.08,18.38399999999998,21.40110722381595,15.36689277618401,70.86728689182405,72.9074492825546,0,0,,,,30.755399999999987,31.062953999999987,30.447845999999988,,2.302832687996692,9.225413402959216,11.267085334318416,0,53.030452911427034,48.65168037584111,,,,,0.5163494830799218,-0.03150732797408651,-0.5478568110540083,0.8302591977069762,53.030452911427034,,,,,,,,,-27.336970704754282,43.458979567881464,-21.729489783940732,0
2023-02-09,20.49,20.885,19.24,19.42,18.50099999999998,21.48809825750716,15.513901742492799,67.26861163131437,70.23589069066693,0,0,,,,30.639044444444437,30.945434888888883,30.33265399999999,,-1.6160899741628598,4.967299064915531,7.277012594829513,0,49.617402737847584,49.92504926344582,,,,,0.415604912974613,-0.02835066983574208,-0.4439555828103551,0.7268433383170377,49.617402737847584,,,,,,,,,-27.965239283118184,43.364125569797885,-21.682062784898942,0
2023-02-10,18.94,19.16,18.55,18.85,18.56449999999998,21.524455911834174,15.60454408816579,60.463810977771374,66.19990316696992,0,0,,,,30.529222222222213,30.834514444444434,30.223929999999992,,-4.027289852858851,1.5378814403836483,3.9159117220088913,0,46.815076595927984,50.153253164030566,,,,,0.2983448618153301,-0.07102450554119244,-0.36936936735652254,0.5140871770139512,46.815076595927984,46.815076595927984,,46.815076595927984,,,,,,-28.85916748304084,43.274114245155644,-21.637057122577822,0
2023-02-13,18.65,19.065,18.28,18.92,18.68799999999998,21.48646100562474,15.88953899437522,56.53790089173606,61.423441166940584,0,0,,,,30.404733333333322,30.708780666666655,30.10068599999999,,-4.100562623549109,1.2414383561645037,4.2654028436019065,0,47.20939690216323,50.42510551331103,,,,,0.21704350928854105,-0.09806498074584624,-0.3151084900343873,0.26235385883096,47.20939690216323,,,,,,,,,-29.760650508152384,43.189260834224456,-21.594630417112228,0
2023-02-14,18.57,19.64,18.18,19.49,18.81599999999998,21.513475857167624,16.11852414283234,55.73936318395987,57.580358351155745,0,0,,,,30.287488888888877,30.590363777777767,29.984613999999986,,-1.2564596210356105,3.5820578231293476,7.197858609562924,0,50.43211621155636,50.66799105881534,,,,,0.1939564695201828,-0.0726629031341588,-0.2666193726543416,0.1448866990776858,50.43211621155636,,,,,,,,,-29.131517267148947,43.10155965282707,-21.550779826413535,0
2023-02-15,18.995,21.15,18.96,21.15,19.04849999999998,21.708742658105187,16.38825734189477,63.01704207591892,58.43143538387159,0,0,,,,30.165222222222212,30.466874444444436,29.86356999999999,,6.3776280052308065,11.032364753130274,15.521165225307222,0,58.39744607371407,51.61211408416501,,,,,0.2776864814982006,0.0804887292184091,-0.19719775227979147,0.1805442537753428,58.39744607371407,,,,,58.39744607371407,,58.39744607371407,,-25.79002996253507,43.000344863260075,-21.500172431630038,0
2023-02-16,20.79,21.68,20.32,20.68,19.292999999999978,21.58353792808647,17.002462071913484,63.888759931769926,60.88172173054954,0,0,,,,30.05197777777777,30.352497555555548,29.75145799999999,,4.118417077837044,7.189135956046355,12.346528557458969,0,55.66974321372551,51.793517231909036,,,,,0.28741355894233894,0.16206919639813222,-0.12534436254420672,0.33210555312554085,55.66974321372551,,,,,,,,,-23.22952680101274,42.89283554032018,-21.44641777016009,0
2023-02-17,20.4,20.57,19.5,20.22,19.49249999999998,21.331748487834844,17.653251512165113,62.95028873044194,63.285363579376906,0,0,,,,29.937488888888883,30.23686377777777,29.638113999999995,,1.6386850306624678,3.732204694113239,9.124271425487485,0,53.05760871787244,52.37790065702156,,,,,0.25023022422243346,0.1874434177338351,-0.06278680648859836,0.14145837710048767,53.05760871787244,,,,,,,,,-22.010411165401422,42.78392993489714,-21.39196496744857,0
2023-02-21,19.675,19.93,18.97,19.08,19.541499999999978,21.279156755519562,17.803843244480394,54.57627191673411,60.4717735263153,0,0,,,,29.78282222222221,30.080650444444434,29.48499399999999,,-3.5389282103134967,-2.361640611007243,2.477800057290147,0,47.15268312040892,52.09645496423629,,,,,0.14162722711899017,0.11424722741013937,-0.027379999708850807,-0.10462440232034194,47.15268312040892,,,,,,,,,-24.371561240731467,42.68072205488399,-21.340361027441993,0
2023-02-22,19.185,19.535,18.5718,19.02,19.58999999999998,21.208493126337846,17.97150687366211,44.52921227494764,54.01859097404121,0,0,,,,29.636199999999988,29.932561999999987,29.33983799999999,,-3.4076481641359457,-2.9096477794792186,1.7184826012549559,0,46.85710431736319,51.69979177743081,,,,,0.0625531976526689,0.05081149735698531,-0.011741700295683583,-0.27338288366824937,46.85710431736319,,,,,,,,,-26.244295927227075,42.58398138698489,-21.291990693492444,0
2023-02-23,18.89,18.93,17.5,18.18,19.564499999999974,21.25344612110734,17.875553878892607,30.636380413908178,43.247288201863284,0,0,,,,29.4937111111111,29.78864822222221,29.19877399999999,,-6.774011589149332,-7.076592808402848,-3.0727398745312717,0,42.8110179468107,50.6786652255627,,,,,-0.04378780485004643,-0.06647645635824162,-0.02268865150819519,-0.3232709004220036,42.8110179468107,,,,,,,,,-28.582231403794555,42.497320580239816,-21.248660290119908,0
2023-02-24,17.5,17.63,16.905,17.32,19.51499999999998,21.39530316704587,17.634696832954088,26.347798290646942,33.837796993167565,0,0,,,,29.36428888888888,29.65793177777777,29.07064599999999,,-10.217199730444293,-11.247758134768027,-7.697227008686724,0,39.08947223187947,49.72514234082378,,,,,-0.162821198743295,-0.22621514993731395,-0.06339395119401894,-0.49851394616067574,39.08947223187947,39.08947223187947,,39.08947223187947,,,,,,-30.56725594204099,42.42112765709656,-21.21056382854828,0
2023-02-27,17.76,18.63,17.6,18.45,19.445999999999977,21.375636235149816,17.516363764850137,30.75087287094661,29.24501719183389,0,0,,,,29.23948888888888,29.531883777777768,28.94709399999999,,-4.160822814399312,-5.121875964208467,-1.826888967719087,0,45.76125792835618,49.15325315429715,,,,,-0.15620175702197814,-0.2586461474714916,-0.10244439044951348,-0.5113850035967782,45.76125792835618,,,,,,,,,-31.027074715586195,42.34780863691547,-21.173904318457733,0
2023-02-28,18.53,19.76,18.53,19.3,19.508999999999975,21.33013041817526,17.687869581824692,41.80514588111303,32.967939014235505,0,0,,,,29.137755555555547,29.429133111111103,28.84637799999999,,0.05702732127115251,-1.0713004254445435,2.1794758669372527,0,50.1816821523894,49.00589007581727,,,,,-0.08868548477886647,-0.21330124642309656,-0.12461576164423009,-0.44502394413196894,50.1816821523894,,,,,,,,,-29.309198764308636,42.26579051128103,-21.132895255640516,0
2023-03-01,17.65,17.68,15.56,15.76,19.326999999999977,21.774987745067975,16.87901225493198,25.460798235865205,32.672272329308264,0,0,,,,29.029577777777764,29.319873555555542,28.739281999999985,,-16.68428843307257,-18.456045946085688,-16.389615901535016,0,36.74886073304348,47.84291920593273,,,,,-0.26649698548918843,-0.4577369935057156,-0.19124000801652719,-0.5644955113166014,36.74886073304348,,,,,,,,,-30.85124424310207,42.19211820595676,-21.09605910297838,0
2023-03-02,15.565,16.19,15.08,15.72,19.127499999999976,22.026843891297318,16.228156108702635,22.660957788470903,29.975633968483027,0,0,,,,28.921755555555546,29.2109731111111,28.63253799999999,,-14.439666902520031,-17.814664749705813,-16.486630069063235,0,36.629545753408166,46.91521513561563,,,,,-0.3647847849125962,-0.6472209891572724,-0.28243620424467625,-0.6839548582253784,36.629545753408166,36.629545753408166,,36.629545753408166,,,,,,-33.825152902839065,42.13704206046832,-21.06852103023416,0
2023-03-03,16.02,17.48,15.72,16.92,18.929499999999976,21.863735675606687,15.995264324393265,26.35714532375799,24.82630044936468,0,0,,,,28.824511111111097,29.112756222222206,28.536265999999987,,-5.984330721786957,-10.615705644628637,-10.291076825194844,0,42.64575078757677,46.61740614930483,,,,,-0.3281109386937222,-0.692574877611829,-0.3644639389181068,-0.774054078827471,42.64575078757677,,,,,,,,,-36.24456971510634,42.0997537574481,-21.04987687872405,0
2023-03-06,17.14,17.74,16.96,17.13,18.79099999999998,21.789712390343986,15.792287609655972,27.436780822898513,25.484961311709117,0,0,,,,28.725088888888873,29.01233977777776,28.437837999999985,,-3.154681139755766,-8.839337980948226,-9.321899317135163,0,43.65389449726508,46.363441691812106,,,,,-0.2711999072274692,-0.7034638229524433,-0.4322639157249741,-0.8305851034916096,43.65389449726508,,,,,,,,,-33.99987389005114,42.04568413432333,-21.022842067161665,0
2023-03-07,15.925,15.94,14.61,14.64,18.51199999999998,21.9352534232806,15.088746576719359,17.24796894257955,23.680631696411997,0,0,,,,28.620599999999985,28.906805999999985,28.334393999999985,,-15.100904662491299,-20.9161624891961,-22.026736733715634,0,35.65180952215897,45.30770549971229,,,,,-0.37627754327909013,-0.9026108448238368,-0.5263333015447467,-0.8857475707525224,35.65180952215897,35.65180952215897,,35.65180952215897,,,,,,-34.76846942876989,41.99691676653593,-20.998458383267966,0
2023-03-08,14.655,15.23,14.21,15.13,18.272999999999975,21.931809095867504,14.614190904132446,18.578098712543436,21.08761615934048,0,0,,,,28.50495555555554,28.790005111111096,28.219905999999984,,-10.234351824384458,-17.20024079242587,-18.997055411796204,0,38.058089604759225,43.85489432335837,,,,,-0.3863439437636451,-1.009263231249303,-0.622919287485658,-0.8800133097293558,38.058089604759225,,,,,,,,,-36.35378375277546,41.95979292552188,-20.97989646276094,0
2023-03-09,14.89,15.26,14.441,14.53,17.995499999999975,21.897783818484083,14.093216181515867,15.344079669759267,17.056715774960733,0,0,,,,28.38913333333332,28.673024666666652,28.105241999999986,,-11.885991510006077,-19.257592175821625,-21.62750139340872,0,36.269576306642406,42.46916811570958,,,,,-0.4050121426850012,-1.1291844658419095,-0.7241723231569083,-0.8772393635018585,36.269576306642406,,,,,,,,,-39.00256371413059,41.944399268772194,-20.972199634386097,0
2023-03-10,14.72,14.905,14,14.16,17.732499999999977,21.914307623504765,13.550692376495189,12.744887657204618,15.555688679835754,0,0,,,,28.282155555555537,28.564977111111094,27.99933399999998,,-12.452083590948437,-20.146623431552126,-23.049054416346635,0,35.171895377357956,41.191617162815696,,,,,-0.41249199711005136,-1.2397873195444724,-0.827295322434421,-0.8740387567756205,35.171895377357956,,,,,,,,,-38.954186228744724,41.92788957898332,-20.96394478949166,0
2023-03-13,13.801,14.11,13.12,13.73,17.476499999999977,21.96867219171333,12.984327808286624,11.81170542724453,13.300224251402787,0,0,,,,28.169177777777765,28.450869555555542,27.88748599999999,,-12.558909693032728,-21.43735873887781,-24.552148587756896,0,33.88828094774655,40.244159864768385,,,,,-0.41545601475932925,-1.3466153408835826,-0.9311593261242533,-0.8812084726607745,33.88828094774655,,,,,,,,,-40.22547512605388,41.92219962483444,-20.96109981241722,0
2023-03-14,14.09,14.11,13.1,13.21,17.190999999999974,21.994898000582705,12.387101999417244,11.40493576524506,11.987176283231383,0,0,,,,28.06686666666665,28.34753533333332,27.786197999999985,,-12.475982243424088,-23.15746611599081,-26.761656594777396,0,32.35068620153369,39.20798714220913,,,,,-0.42023089614870535,-1.456447946310135,-1.0362170501614296,-0.8838946782026107,32.35068620153369,,,,,,,,,-41.372166908650236,41.926540233571785,-20.963270116785893,0
2023-03-15,12.911,13.3916,12.795,13.03,16.867999999999974,21.874578072895968,11.86142192710398,10.807138559668523,11.341259917386017,0,0,,,,27.97473333333332,28.25448066666665,27.694985999999986,,-12.078272604588392,-22.753142044107065,-26.899053745745604,0,31.81260791717665,38.4223864258067,,,,,-0.4032346877612709,-1.5402604098630182,-1.1370257221017472,-0.8925391786669843,31.81260791717665,31.81260791717665,,31.81260791717665,,,,,,-42.32091060573594,41.93921142436641,-20.969605712183206,0
2023-03-16,13.08,13.5,12.91,13.46,16.48349999999997,21.29289195741031,11.674108042589634,12.958245342481554,11.723439889131692,1,0,,,,27.885177777777763,28.16402955555554,27.606325999999985,,-7.770316568452785,-18.342585009251522,-23.593634695074662,0,34.61062145786292,38.102468513376955,,,,,-0.33363592305822576,-1.5540706259245294,-1.2204347028663036,-0.8998071051929486,34.61062145786292,,,,,,,,,-42.05600319766509,41.948068663193986,-20.974034331596993,0
2023-03-17,13.21,13.32,12.8,13.01,16.099999999999973,20.729565854375824,11.470434145624122,11.209011560503619,11.658131820884543,0,0,,,,27.79233333333332,28.070256666666655,27.514409999999987,,-8.399633880166146,-19.1925465838508,-25.031692981445207,0,33.080767246032806,37.19671917892528,,,,,-0.29011449779294574,-1.5830778251074857,-1.29296332731454,-0.8819452355383024,33.080767246032806,,,,,,,,,-41.6822014932747,41.952202970869784,-20.976101485434892,0
2023-03-20,12.78,13.09,12.58,13.02,15.739999999999972,20.14645889575776,11.333541104242183,10.908701208467978,11.69198603715103,0,0,,,,27.71384444444443,27.990982888888873,27.436705999999987,,-5.597447795823651,-17.280813214739375,-23.969323003854104,0,33.15148111639449,35.98027624778279,,,,,-0.23520195373266573,-1.586965769480372,-1.3517638157477063,-0.8858768912358953,33.15148111639449,,,,,,,,,-40.81010780104761,41.947205916378806,-20.973602958189403,0
2023-03-21,13.18,13.74,13.13,13.61,15.466499999999973,19.684785315149114,11.248214684850833,21.1521371887917,14.42328331925441,1,0,,,,27.635577777777765,27.911933555555542,27.35922199999999,,-0.5771057053108208,-12.003362105194949,-19.48809969830223,0,37.35739303415123,36.023742840719066,,,,,-0.1384779655493742,-1.524861272684424,-1.3863833071350498,-0.8606208064292352,37.35739303415123,,,,,,,,,-39.70403044541836,41.93165191754061,-20.965825958770306,0
2023-03-22,13.81,13.9494,13.235,13.29,15.179999999999973,19.165920219974634,11.194079780025312,21.714518224743717,17.92511887400111,0,0,,,,27.551622222222214,27.827138444444437,27.27610599999999,,-1.5920029618659903,-12.450592885375345,-20.341251923038527,0,36.03319244987438,35.981146176180935,,,,,-0.07837626028081424,-1.4843536324860676,-1.4059773722052533,-0.8386281962347538,36.03319244987438,,,,,,,,,-38.506535471253336,41.905634547976234,-20.952817273988117,0
2023-03-23,13.5,13.99,13.41,13.71,14.956499999999972,18.740668468765975,11.172331531233969,29.45033098254646,24.105662132027273,0,0,,,,27.478155555555542,27.7529371111111,27.203373999999986,,2.13812113536469,-8.334169090361875,-16.764479702108726,0,39.08518947987479,35.726820368487935,,,,,0.0030243834209158216,-1.4021968929291084,-1.4052212763500243,-0.7393529983479346,39.08518947987479,,,,,39.08518947987479,,39.08518947987479,,-37.00785315848171,41.867859962544955,-20.933929981272478,0
2023-03-24,13.59,13.915,13.26,13.62,14.771499999999971,18.435248217331907,11.107751782668036,34.00893668782367,28.391261965037927,0,0,,,,27.39762222222221,27.671598444444435,27.123645999999987,,1.8774777470266901,-7.795416850015058,-16.328787320309658,0,38.65952845630743,35.37007993699096,,,,,0.06095373112392477,-1.3290291124451183,-1.3899828435690431,-0.6617004453213254,38.65952845630743,,,,,,,,,-36.620903123825286,41.82711522828622,-20.91355761414311,0
2023-03-27,13.8,13.84,13.21,13.31,14.51449999999997,17.81295100009125,11.21604899990869,34.63009964758839,32.69645577265282,0,0,,,,27.314599999999988,27.58774599999999,27.041453999999987,,-0.12756059128083974,-8.29859795377017,-17.294946147473112,0,37.158417678370974,35.47769480529182,,,,,0.08695616115641025,-1.2812876421235302,-1.3682438032799404,-0.5883816594939038,37.158417678370974,,,,,,,,,-36.26130817305941,41.783727825716674,-20.891863912858337,0
2023-03-28,13.33,13.435,12.88,12.96,14.197499999999973,16.723547307554345,11.671452692445602,34.75342716787269,34.464154501094896,0,0,,,,27.221444444444433,27.493658888888877,26.94922999999999,,-2.571041948579167,-8.716323296354812,-18.463216173139863,0,35.48320458104244,35.29377444645491,,,,,0.08883343013750578,-1.2572020156080583,-1.346035445745564,-0.5086075434007556,35.48320458104244,,,,,,,,,-37.13376886726456,41.74624849312665,-20.873124246563325,0
2023-03-29,13.32,14.44,13.18,14.24,14.121499999999973,16.54428579325586,11.698714206744086,44.201612458617,37.86171309135934,0,0,,,,27.148244444444433,27.419726888888878,26.87676199999999,,6.0865678313343,0.8391459830756398,-9.412837422337228,0,45.211350036652696,35.93247257002707,,,,,0.17931142867795313,-1.1218961598981227,-1.3012075885760759,0.006220729425264983,45.211350036652696,,,,,,,,,-35.802663761482286,41.69955216128246,-20.84977608064123,0
2023-03-30,14.55,14.84,14.2728,14.4,14.055499999999972,16.37000621083688,11.740993789163063,49.302485838174356,42.75250848822133,0,0,,,,27.084288888888874,27.355131777777764,26.813445999999985,,6.5325146112303,2.450997830031154,-7.064796489114555,0,46.30132256897326,36.72743165514246,,,,,0.24869517134082408,-0.9903386244000458,-1.23903379574087,0.4744447512409706,46.30132256897326,,,,,,,,,-33.72254532029208,41.64036828828165,-20.820184144140825,0
2023-03-31,14.54,15.68,14.41,15.48,13.983499999999973,16.008585430297316,11.95841456970263,64.70628290265756,52.736793733149646,0,0,,,,27.051844444444427,27.322362888888872,26.781325999999982,,12.467306015693126,10.70189866628548,1.0355930728395801,0,53.08581806432261,38.098684306326454,,,,,0.3593656567525927,-0.7898267248001289,-1.1491923815527216,0.6982391336022127,53.08581806432261,,,,,53.08581806432261,,53.08581806432261,,-29.29233539795513,41.56126271300741,-20.780631356503704,0
2023-04-03,15.28,15.59,14.63,15.23,13.888499999999974,15.436250302859706,12.340749697140241,66.6249452155117,60.21123798544787,0,0,,,,27.01824444444443,27.288426888888875,26.748061999999987,,8.902395423668219,9.659070453972918,0.4948861761794543,0,51.464881992970795,39.46398400571481,,,,,0.4044157830412263,-0.6436726527511887,-1.048088435792415,0.7755589611178425,51.464881992970795,,,,,,,,,-27.31271356193138,41.476407291627595,-20.738203645813797,0
2023-04-04,15.28,15.795,14.73,15.38,13.925499999999975,15.575354235986357,12.275645764013593,72.62183777416261,67.98435529744397,0,0,,,,26.995044444444428,27.26499488888887,26.725093999999984,,8.600480158169743,10.444867329719077,2.317330080940194,0,52.40394400664193,40.934793726390915,,,,,0.43058005759984863,-0.5098633637926042,-0.9404434213924528,0.8152055430620719,52.40394400664193,,,,,,,,,-25.354367525154434,41.38764466216761,-20.693822331083805,0
2023-04-05,15.18,15.19,14.3801,14.63,13.900499999999974,15.490663199172412,12.310336800827537,68.85700279178751,69.36792859382062,0,0,,,,26.952066666666653,27.22158733333332,26.682545999999984,,2.3363178511471627,5.248012661415258,-1.715335005374452,0,47.45951478244129,41.85257182100365,,,,,0.3851181951825149,-0.45904567741430924,-0.8441638725968241,0.8336245357225672,47.45951478244129,,,,,,,,,-26.28297512881058,41.30132574885435,-20.650662874427177,0
2023-04-06,14.57,14.81,14.31,14.47,13.897499999999976,15.483121329322339,12.311878670677613,63.560391625796754,68.34641073058229,0,0,,,,26.897711111111093,27.166688222222206,26.62873399999998,,0.6818814361257974,4.11944594351521,-1.9758383199729446,0,46.45257071733585,42.80770064038244,,,,,0.3339203030717961,-0.426763493757079,-0.7606837968288751,0.7802976444109819,46.45257071733585,,,,,,,,,-27.05751264467551,41.2173783345693,-20.60868916728465,0
2023-04-10,14.32,14.845,14.03,14.81,13.929999999999975,15.561784299471594,12.298215700528356,65.08364613908833,65.83368018555753,0,0,,,,26.85304444444443,27.121574888888873,26.584513999999984,,2.201366365330215,6.317300789662794,0.8993050824362747,0,48.93212411170666,43.93488942576188,,,,,0.31295881677257564,-0.3694852758631555,-0.6824440926357311,0.7415494155498086,48.93212411170666,,,,,,,,,-27.474439997223744,41.13502294563809,-20.567511472819046,0
2023-04-11,14.98,15.085,14.65,14.74,13.980499999999974,15.6465549210642,12.31444507893575,61.95601304073952,63.53335026854154,0,0,,,,26.796377777777764,27.06434155555554,26.528413999999987,,0.7243405767390909,5.4325667894569385,1.2756796372214163,0,48.43484914546665,44.72613629085584,,,,,0.2851692209947705,-0.32598256639226797,-0.6111517873870385,0.7218825270642675,48.43484914546665,,,,,,,,,-26.848585403602176,41.051558734261754,-20.525779367130877,0
2023-04-12,15.06,15.24,14.11,14.19,14.029499999999976,15.659278819350012,12.399721180649939,56.786884398002755,61.27551452594353,0,0,,,,26.738155555555544,27.0055371111111,26.470773999999988,,-3.842244358609481,1.1440179621513558,-1.3487208008899243,0,44.599687474770604,45.33802879263414,,,,,0.22327423803812374,-0.33205898983938376,-0.5553332278775075,0.5699110609048132,44.599687474770604,,,,,,,,,-26.836343541842677,40.96856671819873,-20.484283359099365,0
2023-04-13,14.4,14.485,14.19,14.37,14.096499999999974,15.665452198125278,12.52754780187467,55.79635428709765,58.17975057527997,0,0,,,,26.670422222222207,26.93712644444443,26.403717999999984,,-2.708192281652011,1.9401979214700438,0.22551321693435877,0,46.103793402911556,45.83935764427963,,,,,0.18932530384679847,-0.3186765980690094,-0.5080019019158079,0.4653561524049375,46.103793402911556,,,,,,,,,-27.09343025306305,40.88669641318504,-20.44334820659252,0
2023-04-14,13.862,13.92,13.1614,13.38,14.092499999999976,15.668315661808792,12.51668433819116,43.2440440525149,51.942427579205095,0,0,,,,26.60135555555554,26.867369111111095,26.335341999999983,,-8.781019907281163,-5.055880787652844,-6.168914654386526,0,39.71690941705424,45.91488485576155,,,,,0.09957389351419998,-0.3835345350230579,-0.4831084285372579,0.14460358361053757,39.71690941705424,39.71690941705424,,39.71690941705424,,,,,,-28.91520080195345,40.81050684380969,-20.405253421904845,0
2023-04-17,13.39,14.115,13.34,13.73,14.128499999999974,15.63512901870438,12.621870981295569,43.142530644784145,47.39430966146555,0,0,,,,26.537977777777765,26.803357555555543,26.272597999999988,,-5.264610501621469,-2.820540043174957,-2.991050400376849,0,42.73715872371664,46.31336635900052,,,,,0.06484020991729489,-0.4020581661406393,-0.46689837605793416,-0.16641095509802933,42.73715872371664,,,,,,,,,-29.254339427379833,40.73584145974772,-20.36792072987386,0
2023-04-18,13.73,13.73,13.31,13.43,14.148999999999976,15.60504807613005,12.692951923869902,40.24646628683197,42.211013661376995,0,0,,,,26.479755555555542,26.7445531111111,26.214957999999985,,-6.169216795919786,-5.08163121068611,-4.2765502494654495,0,40.848051858436094,46.69656973595721,,,,,0.024782103220964635,-0.43592074703172834,-0.460702850252693,-0.6736374909948633,40.848051858436094,,,,,,,,,-30.419602137976657,40.66573913397617,-20.332869566988084,0
2023-04-19,13,13.08,12.66,12.82,14.109499999999974,15.661588592832937,12.557411407167011,23.6280098979199,35.67233560984533,0,0,,,,26.41562222222221,26.679778444444434,26.15146599999999,,-8.799886177705051,-9.13923243204916,-8.227546053259548,0,37.243171912361866,46.127414155650726,,,,,-0.03635329578658403,-0.506144469985923,-0.46979117419933897,-0.8475290212789898,37.243171912361866,,,,,,,,,-30.979972243699418,40.59816270712687,-20.299081353563434,0
2023-04-20,12.32,12.785,12.02,12.35,14.062499999999975,15.76102730328422,12.36397269671573,18.27560597592245,27.38336072022476,0,0,,,,26.34059999999999,26.60400599999999,26.07719399999999,,-10.69491647986116,-12.17777777777762,-11.001681479702174,0,34.70204022241349,45.29889398803931,,,,,-0.09847738519327953,-0.5928879056909384,-0.4944105204976589,-0.9472037431142352,34.70204022241349,,,,,,,,,-32.94905833422917,40.53958356716536,-20.26979178358268,0
2023-04-21,12.365,12.38,11.88,12.25,13.989499999999975,15.859221637036367,12.119778362963583,14.891352621567481,18.931656165136598,0,0,,,,26.257444444444438,26.52001888888888,25.994869999999995,,-9.972808113470998,-12.434325744308072,-11.236172165595892,0,34.16786325738009,43.94761150182914,,,,,-0.13412753367283625,-0.6620699375887042,-0.527942403915868,-0.9514546073077177,34.16786325738009,,,,,,,,,-34.6060976377016,40.4896977944793,-20.24484889723965,0
2023-04-24,12.3,12.48,12.08,12.36,13.926499999999976,15.922428605938066,11.930571394061886,15.4212979567384,16.1960855180761,0,0,,,,26.172822222222212,26.434550444444433,25.91109399999999,,-7.498877413560834,-11.248339496642945,-10.048032603949375,0,35.34681876333357,42.79632127114076,,,,,-0.13760807599019054,-0.6999524989036061,-0.5623444229134156,-0.9558400086221187,35.34681876333357,,,,,,,,,-35.07397973188375,40.4424616090485,-20.22123080452425,0
2023-04-25,12.19,12.275,11.96,12,13.860999999999976,16.013402378739123,11.70859762126083,12.48301950099993,14.265223359768592,0,0,,,,26.091711111111103,26.352628222222215,25.83079399999999,,-8.312958435207818,-13.426159728735154,-12.299934224950693,0,33.248252046142554,41.42805755967652,,,,,-0.15042354196818353,-0.750373850373645,-0.5999503084054615,-0.9553532275004498,33.248252046142554,33.248252046142554,,33.248252046142554,,,,,,-35.41350822406866,40.397171864769284,-20.198585932384642,0
2023-04-26,12.15,12.33,11.68,12.04,13.814999999999975,16.078894873884817,11.551105126115134,14.762433483732028,14.222250313823443,1,0,,,,26.00326666666666,26.26329933333333,25.743233999999994,,-6.4709081022294885,-12.84835323923257,-11.756083260041073,0,33.719124040392,40.44660107810157,,,,,-0.14254823813925654,-0.7781356060795321,-0.6355873679402756,-0.9631193336396501,33.719124040392,,,,,,,,,-35.49971467122977,40.35237200765975,-20.176186003829876,0
2023-04-27,12.17,12.78,12.08,12.67,13.736499999999975,16.04445385569164,11.42854614430831,24.768348919946206,17.337933968226043,0,0,,,,25.925399999999993,26.18465399999999,25.666145999999994,,-0.259781154058103,-7.763986459432726,-7.056924882629145,0,40.802041630929246,40.04299185764395,,,,,-0.08413987916052235,-0.7407622168909285,-0.6566223377304061,-0.9274993764635507,40.802041630929246,,,,,,,,,-34.5678026017961,40.30244063073931,-20.151220315369656,0
2023-04-28,12.7,12.955,12.47,12.82,13.657499999999976,15.977335123452049,11.337664876547903,31.8172492171949,23.7826772069577,0,0,,,,25.853577777777772,26.11211355555555,25.595041999999996,,1.3679133391317988,-6.132161815851922,-5.809169278996906,0,42.38083857044099,39.57504289041069,,,,,-0.027560949722881256,-0.6910735248840076,-0.6635125751611264,-0.8476945387710386,42.38083857044099,,,,,42.38083857044099,,42.38083857044099,,-32.7096268680028,40.243493452078475,-20.121746726039238,0
2023-05-01,12.805,12.83,12.37,12.65,13.515999999999973,15.71605818104931,11.315941818950638,35.23462320975505,30.606740448965372,0,0,,,,25.777711111111103,26.035488222222213,25.519933999999992,,0.8852380572613283,-6.407221071322688,-6.976174134719127,0,41.044796900493665,39.04718201576976,,,,,0.004546532304747886,-0.6578294097801916,-0.6623759420849394,-0.7633860914405517,41.044796900493665,,,,,,,,,-31.24992475848617,40.178643424777256,-20.089321712388628,0
2023-05-02,12.58,12.87,12.35,12.68,13.388499999999974,15.46875262888959,11.308247371110358,39.352671854516906,35.468181427155606,0,0,,,,25.701622222222216,25.95863844444444,25.444605999999993,,1.732991014120655,-5.291854950143593,-6.677788136009067,0,41.39590065256834,38.81834009989817,,,,,0.03238582822025404,-0.6218936568096218,-0.6542794850298759,-0.6529679281582167,41.39590065256834,,,,,,,,,-30.94456117115062,40.11291456200539,-20.056457281002697,0
2023-05-03,12.68,13.115,12.56,12.81,13.259999999999971,15.140191479611069,11.379808520388874,44.58834417453722,39.725213079603044,0,0,,,,25.630244444444436,25.88654688888888,25.373941999999992,,2.784241354409067,-3.393665158370829,-5.535617717909669,0,42.98058535763968,38.595253810950176,,,,,0.062398478403314916,-0.5762813870257322,-0.6386798654290471,-0.45183320634035856,42.98058535763968,,,,,,,,,-30.592142323129764,40.04619798569469,-20.023098992847345,0
2023-05-04,12.84,13.15,12.59,12.95,13.17599999999997,14.951031267330897,11.400968732669043,50.47831719201587,44.80644440702332,0,0,,,,25.561755555555553,25.81737311111111,25.306137999999997,,3.409726103968702,-1.7152398299937088,-4.423341861838271,0,44.714375218938144,38.952215653941884,,,,,0.09269599010424212,-0.5228098777987444,-0.6155058679029866,-0.23297259671522413,44.714375218938144,,,,,,,,,-29.6672976926336,39.97668997881294,-19.98834498940647,0
2023-05-05,13.14,13.63,13.095,13.41,13.122999999999971,14.800964242766266,11.445035757233676,56.998655217313825,50.688438861288965,0,0,,,,25.502199999999995,25.757221999999995,25.247177999999995,,6.100166152385489,2.1869999237981386,-0.9552415185386187,0,50.084938010239846,39.47705703155069,,,,,0.14179418136799105,-0.4382631411929978,-0.5800573225609889,0.27026828413277537,50.084938010239846,,,,,,,,,-27.9367480171483,39.9026958962482,-19.9513479481241,0
2023-05-08,13.43,14.015,13.23,13.87,13.07599999999997,14.60868914004185,11.54331085995809,70.56167307314759,59.34621516082575,0,0,,,,25.44251111111111,25.69693622222222,25.188086,,8.444096950742775,6.072193331294207,2.3792534999876658,0,54.812237307310824,40.47449884932746,,,,,0.19977928841371217,-0.3303332120438487,-0.5301125004575609,0.7275025170635968,54.812237307310824,,,,,,,,,-25.691128407620226,39.824679152751884,-19.912339576375942,0
2023-05-09,13.35,14.085,13.12,13.86,13.031999999999972,14.41422429439008,11.649775705609864,72.5744961961337,66.71160816219835,0,0,,,,25.374866666666662,25.62861533333333,25.121117999999996,,6.812577065351411,6.353591160221228,2.167182662538658,0,54.69097550854298,41.72077053476897,,,,,0.22984522757243314,-0.24280596599201942,-0.47265119356445257,0.8833727364308124,54.69097550854298,,,,,,,,,-23.700868609120878,39.7449177887026,-19.8724588943513,0
2023-05-10,15.085,15.74,14.045,14.11,13.027999999999972,14.397198305579595,11.65880169442035,76.3448312284278,73.16033349923634,0,0,,,,25.320155555555555,25.57335711111111,25.066954,,7.031783357354171,8.305188824071452,3.716952931663897,0,57.23797817555206,43.33048038856458,,,,,0.25690459579748237,-0.15152044881759963,-0.408425044615082,0.9247089179447734,57.23797817555206,,,,,57.23797817555206,,57.23797817555206,,-22.02700212348287,39.66502911676311,-19.832514558381554,0
2023-05-11,14.21,14.575,13.72,13.84,13.00149999999997,14.283518330603062,11.719481669396878,73.6567812622112,74.19203622892422,0,0,,,,25.26504444444444,25.517694888888887,25.012393999999997,,4.060150375939875,6.449255855093883,1.8320947685968259,0,53.725348484932695,44.72744361910406,,,,,0.24689028408695562,-0.09981218950638748,-0.3467024735933431,0.9376610699778375,53.725348484932695,,,,,,,,,-21.682539444132704,39.58563605355821,-19.792818026779106,0
2023-05-12,13.8,13.97,12.735,12.91,12.977999999999971,14.248584117641242,11.707415882358701,61.63351892035034,70.54504380366309,0,0,,,,25.19322222222222,25.445154444444444,24.94129,,-2.9979712976181294,-0.5239636307595275,-4.66226860968888,0,43.763050315019655,45.32860301565306,,,,,0.17148150377921517,-0.13235059386932413,-0.3038320976485393,0.8222938115647779,43.763050315019655,43.763050315019655,,43.763050315019655,,,,,,-22.99759596485288,39.506914638777616,-19.753457319388808,0
2023-05-15,12.59,13.54,12.55,13.44,12.963499999999971,14.205728239898768,11.721271760101175,62.64003468902685,65.97677829052945,0,0,,,,25.126022222222215,25.377282444444436,24.874761999999993,,0.3884075291305855,3.675704863655871,-0.2474022761009831,0,49.509119413861946,46.49009354191873,,,,,0.15182073846649435,-0.11405617456542139,-0.26587691303191574,0.7510739407225171,49.509119413861946,,,,,,,,,-23.686294151564095,39.42903940734313,-19.714519703671566,0
2023-05-16,13.22,13.33,12.93,13.08,12.94599999999997,14.171192229816315,11.720807770183624,57.21341785712883,60.49565715550201,0,0,,,,25.05317777777778,25.303709555555557,24.802646000000003,,-2.591599642537956,1.0350687471035958,-2.400198980226387,0,46.06608246637344,47.372019143774544,,,,,0.11098864776882947,-0.1271411033208789,-0.23812975108970838,0.5699937084088023,46.06608246637344,,,,,,,,,-24.487027553089405,39.35229838967127,-19.676149194835634,0
2023-05-17,13.08,13.455,13,13.41,12.975499999999968,14.215459273525727,11.735540726474209,56.931258132799826,58.92823689298516,0,0,,,,24.981666666666666,25.231483333333333,24.731849999999998,,-0.5782918149466187,3.3486185503451393,0.554889022195515,0,49.530883542063656,47.99550785171272,,,,,0.10280848859804331,-0.10961914034215425,-0.21242762894019757,0.48909395093144137,49.530883542063656,,,,,,,,,-22.958077773777333,39.27494461239277,-19.637472306196386,0
2023-05-18,13.4,13.56,13.05,13.54,13.034999999999968,14.263340343716854,11.806659656283083,57.97491576679897,57.373197252242534,0,0,,,,24.915444444444447,25.164598888888893,24.66629,,-0.05167195689080861,3.874184886843368,1.8070628336549266,0,50.86987649237804,48.60186770327965,,,,,0.10252489089101285,-0.08427151532643151,-0.18679640621744437,0.4389703909922684,50.86987649237804,,,,,,,,,-22.24026438396776,39.19787153272331,-19.598935766361656,0
2023-05-19,13.52,14.2999,13.29,13.47,13.09599999999997,14.28281759339935,11.90918240660059,58.19431780559634,57.700163901731706,0,0,,,,24.85535555555556,25.103909111111115,24.606802000000002,,-0.6124105364125776,2.8558338423948726,1.5352144526243894,0,50.09911149561947,49.248604460074354,,,,,0.09420836385954315,-0.06903595139301544,-0.16324431525255859,0.30760481741865203,50.09911149561947,,,,,,,,,-21.042824619736468,39.12141793851161,-19.560708969255806,0
2023-05-22,13.47,14.36,13.38,14.23,13.18949999999997,14.423363444633244,11.955636555366697,65.40089900905893,60.52337752715141,0,0,,,,24.801844444444452,25.049862888888896,24.553826000000008,,4.717050555596458,7.888850979946405,7.420548048614717,0,57.609025095078955,50.40668477739654,,,,,0.1340468594916499,0.004314259112003782,-0.12973260037964612,0.3136084335023689,57.609025095078955,,,,,,,,,-19.031429580350622,39.046969182794946,-19.523484591397473,0
2023-05-23,14.04,14.76,14,14.2,13.29949999999997,14.48071081945702,12.11828918054292,63.47505587350129,62.35675756271885,0,0,,,,24.75055555555556,24.998061111111117,24.503050000000005,,4.235484107758936,6.770931238016709,7.339934991306918,0,57.2428068905811,51.42541488689235,,,,,0.1512581163168114,0.05934004501636814,-0.09191807130044327,0.29717812719282505,57.2428068905811,,,,,,,,,-17.406532446140815,38.97536386145194,-19.48768193072597,0
2023-05-24,13.95,14.42,13.6,14.38,13.41649999999997,14.537540142011991,12.29545985798795,66.85342754078611,65.24312747444877,0,0,,,,24.70024444444445,24.947246888888895,24.453242000000007,,5.347985347985351,7.181455670257009,8.648566967208948,0,58.92979569427555,52.440802063702165,,,,,0.16644177725546622,0.11613415026888951,-0.05030762698657671,0.30529625212576295,58.92979569427555,,,,,,,,,-15.303244535622554,38.908811165257035,-19.454405582628517,0
2023-05-25,14.27,14.66,14.14,14.57,13.511499999999973,14.684228016209234,12.338771983790712,70.54499408600863,66.95782583343201,0,0,,,,24.64562222222223,24.89207844444445,24.399166000000008,,6.172119798877795,7.834067276024337,10.028696571514818,0,60.69275154332699,53.19850303035124,,,,,0.17981744993740434,0.17446418543517872,-0.005353264502225626,0.40743461973437073,60.69275154332699,,,,,,,,,-14.315957163821514,38.84536577162163,-19.422682885810815,0
2023-05-26,14.65,15.46,14.65,15.14,13.627499999999973,14.952730168688456,12.30226983131149,75.48227693566959,70.96023285415477,0,0,,,,24.581088888888896,24.826899777777786,24.335278000000006,,8.561594722501088,11.098880939277421,13.828880757856709,0,65.48005159885858,53.960489765461794,,,,,0.21519960765132407,0.26364624506192946,0.04844663741060539,0.6134046398904021,65.48005159885858,,,,,65.48005159885858,,65.48005159885858,,-12.158437830171607,38.78957769442805,-19.394788847214024,0
2023-05-30,15.6,15.66,14.435,14.87,13.738499999999974,15.08928162557905,12.387718374420897,73.27332581199789,73.1001989445587,0,0,,,,24.506600000000006,24.751666000000007,24.261534000000005,,5.543331677194985,8.23597918258927,11.480407836865192,0,61.64983349435698,54.4575510501628,,,,,0.20842289163013775,0.3089752519482776,0.10055236031813983,0.7391367133594581,61.64983349435698,,,,,,,,,-10.946591913168362,38.73890174484307,-19.369450872421535,0
2023-05-31,14.75,15.01,14.38,14.73,13.840999999999974,15.165807910605121,12.516192089394828,69.78118867306858,72.84559714024535,0,0,,,,24.42988888888889,24.674187777777778,24.18559,,3.3394134979654932,6.422946318907785,10.073232700642599,0,59.69982499321501,54.633397251424434,,,,,0.18339831532337628,0.32980025447236017,0.1464019391489839,0.8732374616034696,59.69982499321501,,,,,,,,,-10.38096833511078,38.69084046669339,-19.345420233346694,0
2023-06-01,14.43,14.94,14.02,14.58,13.929499999999972,15.202456794240156,12.656543205759789,72.03138062432653,71.69529836979767,0,0,,,,24.361666666666675,24.605283333333343,24.118050000000007,,1.454317723192533,4.669945080584581,8.476762065373688,0,57.5977041602546,54.909994085376006,,,,,0.14719198485410454,0.33039192021661457,0.18319993536251003,0.9248126184815494,57.5977041602546,,,,,,,,,-11.273866495168742,38.63906931337523,-19.319534656687615,0
2023-06-02,15,15.07,14.45,14.48,14.005999999999975,15.216675844312533,12.795324155687418,67.46820484264332,69.76025804667947,0,0,,,,24.292022222222226,24.534942444444447,24.049102000000005,,0.10369858278604926,3.384263886905803,7.166646108301422,0,56.177532945707476,55.79674284471084,,,,,0.10873054605719348,0.3191131179340019,0.2103825718768084,0.8669255013412684,56.177532945707476,,,,,,,,,-11.712143121845733,38.58570714906626,-19.29285357453313,0
2023-06-05,14.59,14.67,14.025,14.34,14.052499999999972,15.239241336603031,12.865758663396912,63.28385903339766,67.5944815001225,0,0,,,,24.219044444444453,24.4612348888889,23.976854000000007,,-1.4568444200109831,2.045899306173493,5.586098566660058,0,54.163998921177466,56.129234238090525,,,,,0.06807133576437804,0.29547174158228096,0.2274004058179029,0.7892694191726268,54.163998921177466,,,,,,,,,-12.138529524201473,38.53090481668941,-19.265452408344704,0
2023-06-06,14.2,14.92,14.11,14.5,14.083999999999975,15.283072975261295,12.884927024738655,61.81200876858739,64.18802421487612,0,0,,,,24.14646666666667,24.387931333333334,23.905002000000003,,-0.5418753000891563,2.9537063334281966,6.206357732311085,0,56.10056307934373,56.845982853302694,,,,,0.04715617866722413,0.28634562915193307,0.23918945048470894,0.6929644290117393,56.10056307934373,,,,,,,,,-11.914745984193766,38.47713986986962,-19.23856993493481,0
2023-06-07,14.7,14.755,13.81,13.82,14.081999999999974,15.282693133153531,12.881306866846417,49.09295460043181,58.06294080080562,0,0,,,,24.067444444444444,24.308118888888888,23.82677,,-4.958393508011804,-1.860531174548885,0.7778317938745172,0,47.010030719541376,56.66592193740824,,,,,-0.014001697373807243,0.2216873287674499,0.23568902614125714,0.3705571874951987,47.010030719541376,47.010030719541376,,47.010030719541376,,,,,,-12.959364238946087,38.41984682136884,-19.20992341068442,0
2023-06-08,13.85,14.165,13.65,14.05,14.078999999999974,15.27969813025678,12.878301869743169,46.77651857002733,52.56049397968218,0,0,,,,23.988555555555553,24.22844111111111,23.748669999999997,,-3.156878963330567,-0.20598053839031571,1.9568950920393124,0,49.96337265720678,56.60117166346743,,,,,-0.039070946322527916,0.18685034323809724,0.22592128956062515,0.06879968426852315,49.96337265720678,,,,,,,,,-13.2645853079435,38.36178664629159,-19.180893323145796,0
2023-06-09,14.26,14.86,13.83,13.87,14.080499999999976,15.280074507899366,12.880925492100586,45.09866249451745,46.98937855499219,0,0,,,,23.909266666666667,24.148359333333335,23.670174,,-3.93406288959689,-1.4949753204785088,0.3593738694193771,0,47.72173387488731,56.431358976272286,,,,,-0.0662825630831487,0.14306808570668927,0.20935064878983797,-0.42855900680553577,47.72173387488731,,,,,,,,,-14.273605870157903,38.300937458044785,-19.150468729022393,0
2023-06-12,14.03,14.69,13.61,14,14.134999999999973,15.209420774185922,13.060579225814024,44.34615325070279,45.40711143841585,0,0,,,,23.82597777777778,24.064237555555557,23.587718000000002,,-2.261938006143527,-0.9550760523521329,1.0125303638855554,0,49.48449755031317,55.85103558021758,,,,,-0.07347594941572416,0.11750571202018278,0.19098166143590695,-0.6074767582625455,49.48449755031317,,,,,,,,,-13.617770231759705,38.24228189846808,-19.12114094923404,0
2023-06-13,14.22,15.46,14.095,15.25,14.225499999999974,15.354065018065986,13.09693498193396,58.85724937793205,49.43402170771743,0,0,,,,23.742066666666663,23.979487333333328,23.504645999999997,,6.1829828714663915,7.201855822291159,9.347737756638463,0,62.557806951157836,56.23067844168735,,,,,0.0038980424916479905,0.19585421455046692,0.19195617205881893,-0.3567626399852487,62.557806951157836,,,,,62.557806951157836,,62.557806951157836,,-10.854365027140503,38.19371552954916,-19.09685776477458,0
2023-06-14,15.17,15.39,14.52,14.74,14.308499999999972,15.326640952914833,13.290359047085111,57.23490685389109,53.47943649417531,0,0,,,,23.663222222222224,23.899854444444447,23.42659,,2.624799832904001,3.015689974490887,5.173028897609622,0,56.17055003005636,56.033589465671696,,,,,0.017893183480784863,0.2143226514098,0.19642946792901514,-0.3082045691449606,56.17055003005636,,,,,,,,,-8.736088660178945,38.15475081720016,-19.07737540860008,0
2023-06-15,14.48,15.575,14.39,15.24,14.399999999999974,15.407571337425871,13.392428662574076,59.208692086774775,58.43361610619931,0,0,,,,23.587977777777777,23.823857555555556,23.352097999999998,,5.620625129946655,5.833333333333535,8.11577752553907,0,60.43558086789596,56.01522013171234,,,,,0.05584509842150115,0.2662358409558916,0.21039074253439044,-0.07757345783024823,60.43558086789596,,,,,,,,,-5.825310406434113,38.13151534326408,-19.06575767163204,0
2023-06-16,15.3,16.09,14.73,14.88,14.466999999999974,15.413257892966927,13.520742107033021,63.55562978714548,59.99974290927045,0,0,,,,23.51326666666667,23.74839933333334,23.278134,,2.8405556707443713,2.854772931499472,5.082272074574434,0,56.19549332832648,55.352037398102894,,,,,0.05181267990267266,0.27515659241273127,0.2233439125100586,0.18125186267634683,56.19549332832648,,,,,,,,,-6.22509859003896,38.10576511065319,-19.052882555326594,0
2023-06-20,15.24,15.83,15.06,15.7,14.578499999999972,15.55365691045218,13.603343089547764,71.57820205469189,64.78084130953738,0,0,,,,23.440777777777782,23.67518555555556,23.206370000000003,,7.497432386169156,7.692835339712789,10.27862327323803,0,62.62729558042383,55.42185611853625,,,,,0.09686343231183786,0.34442320289985595,0.2475597705880181,0.48858117147523966,62.62729558042383,,,,,62.62729558042383,,62.62729558042383,,-3.908352720884945,38.094141116838756,-19.047070558419378,0
2023-06-21,15.95,16.32,14.41,14.62,14.597999999999974,15.560010394955347,13.635989605044601,62.6272735917662,65.92036847786785,0,0,,,,23.35533333333334,23.588886666666674,23.121780000000008,,0.02052404734214086,0.15070557610648017,2.5125628140702627,0,51.832577965700295,54.859909902285196,,,,,0.048842597866244175,0.3086130179208233,0.2597704200545791,0.5336074235956357,51.832577965700295,,,,,,,,,-4.778409173873602,38.07662555112161,-19.038312775560804,0
2023-06-22,14.4,14.65,14.02,14.15,14.595499999999973,15.561884499049134,13.629115500950812,51.23303424603746,61.812836630831846,0,0,,,,23.265777777777785,23.498435555555563,23.033120000000007,,-3.4129692832764236,-3.0523106436913694,-0.8501891904517778,0,47.95846988915965,54.171393168635554,,,,,-0.016178919862942065,0.23954677022590154,0.2557256900888436,0.4339508145050313,47.95846988915965,,,,,,,,,-5.928398120668149,38.05199818224507,-19.025999091122536,0
2023-06-23,13.96,14.02,13.5,13.53,14.552999999999972,15.622786894667561,13.483213105332384,37.58084607679095,50.48038463819821,0,0,,,,23.171200000000006,23.402912000000008,22.939488000000004,,-7.316070694615673,-7.029478458049709,-5.065955655346688,0,43.35498733988606,53.25549705393403,,,,,-0.09798337565561094,0.13324647051932992,0.23122984617494086,0.1843059976942856,43.35498733988606,,,,,,,,,-10.112752148778783,38.0065933366007,-19.00329666830035,0
2023-06-26,13.59,13.97,13.38,13.45,14.496999999999971,15.669673867706821,13.324326132293121,31.29513844370657,40.036339588844996,0,0,,,,23.075377777777785,23.306131555555563,22.844624000000007,,-7.598241275075557,-7.222183900117085,-5.541119460636357,0,42.78431250570674,52.44266230997183,,,,,-0.15133386474417007,0.04206251524472826,0.19339637998889833,-0.03745464311751601,42.78431250570674,42.78431250570674,,42.78431250570674,,,,,,-12.380702444307845,37.95291743990449,-18.976458719952245,0
2023-06-27,13.72,13.95,13.3,13.94,14.436999999999973,15.594637248883375,13.27936275111657,32.30667751526261,33.72755401192004,0,0,,,,22.974711111111116,23.20445822222223,22.744964000000003,,-4.19243986254294,-3.4425434647085584,-2.335357309668451,0,47.35515528114194,51.817990324385995,,,,,-0.14733224908648973,0.009231068630786154,0.15656331771727588,-0.10113799402873741,47.35515528114194,,,,,,,,,-12.61376700995936,37.89869964017939,-18.949349820089694,0
2023-06-28,13.9,14.87,13.82,14.64,14.425499999999971,15.5702003974851,13.280799602514842,39.04093098644507,34.21424898180475,0,0,,,,22.87897777777778,23.107767555555558,22.650188000000004,,1.042169922009828,1.4869501923678863,2.2822543083371505,0,53.117255798339365,52.25422068715728,,,,,-0.09385570717427999,0.039243683749425884,0.13309939092370587,-0.16897851193534355,53.117255798339365,,,,,,,,,-10.04673981011483,37.85399971559007,-18.926999857795035,0
2023-06-29,14.74,16.01,14.61,16.01,14.489500000000001,15.822743788659501,13.156256211340501,55.32292214862322,42.223510216776965,0,0,,,,22.791600000000003,23.019516000000003,22.563684000000002,,9.537493158182798,10.493805859415438,11.095690791756251,0,61.90537426498186,53.10722080199836,,,,,0.030799182232378236,0.17159836871417866,0.14079918648180043,0.025828555150889096,61.90537426498186,,,,,,,,,-4.417395758093348,37.83826010629834,-18.91913005314917,0
2023-06-30,16.22,16.75,15.78,16.66,14.5935,16.22899717211593,12.958002827884073,67.048281902554,53.80404501254076,0,0,,,,22.696355555555556,22.923319111111113,22.469392,,12.88792519311559,14.160413882893064,14.743560310390658,0,65.23505013314022,54.358171963302134,,,,,0.14751375009462156,0.32519137410007737,0.1776776240054558,0.18448060757864645,65.23505013314022,,,,,,,,,1.4833368278844539,37.864878523958154,-18.932439261979077,0
2023-07-03,17.84,19.7,17.8,19.56,14.847500000000002,17.558115243814402,12.136884756185603,77.64961960855503,66.67360788657741,0,0,,,,22.620177777777776,22.846379555555554,22.393976,,28.46446867200838,31.739350058932448,32.8804347826086,0,75.51694535656561,56.21763252089159,,,,,0.3963866376477132,0.6731609210650973,0.2767742834173841,0.4100344391723755,75.51694535656561,,,,,,,,,11.871460311376714,37.99608372370648,-18.99804186185324,0
2023-07-05,20.705,21.05,19.435,20.43,15.152000000000001,18.77938252738793,11.524617472612073,82.92257547897883,75.87349233002928,0,0,,,,22.544755555555557,22.770203111111112,22.319308000000003,,30.135677431683526,34.83368532206968,36.63723916532897,0,77.65230145187532,57.29581069951427,,,,,0.5845941687645956,1.0075169943731286,0.422922825608533,0.6090483496399369,77.65230145187532,,,,,,,,,20.784758760176253,38.24516572497778,-19.12258286248889,0
2023-07-06,20.05,21.7699,19.64,21.62,15.508000000000004,20.08325343560319,10.932746564396817,88.13149869563723,82.90123126105703,0,0,,,,22.467733333333335,22.692410666666667,22.243056000000003,,31.837307152875184,39.411916430229525,42.252439960521905,0,80.19654179830036,59.01195296867456,,,,,0.7440009240309758,1.3529239806472528,0.608923056616277,0.7192746486506266,80.19654179830036,,,,,,,,,30.419942434445534,38.64905525968974,-19.32452762984487,0
2023-07-07,22.89,25.63,22.6,24.7,16.052000000000003,22.058488491622946,10.04551150837706,91.83839725448853,87.63082380970154,0,0,,,,22.404622222222223,22.628668444444447,22.180576,,41.514839005385575,53.87490655370044,58.859470468431674,0,84.96699442902846,60.76419679446973,,,,,0.9959192014533725,1.8538220584329927,0.8579028569796202,0.808558536020687,84.96699442902846,,,,,,,,,38.94126830673707,39.208904575569726,-19.604452287784863,0
2023-07-10,25.52,26.61,23.58,25.51,16.625000000000004,23.825954103450385,9.424045896549622,93.53868360514343,91.16952651842307,0,0,,,,22.352311111111113,22.575834222222223,22.128788000000004,,36.76817499463865,53.44360902255636,60.24540391138649,0,85.9271044483543,62.887883303043154,,,,,1.1454799381594971,2.2897527796789916,1.1442728415194945,0.8717725469035498,85.9271044483543,,,,,85.9271044483543,,85.9271044483543,,46.47634664521635,39.91702193983842,-19.95851096991921,0
2023-07-11,24.81,25.74,24.31,24.85,17.174000000000003,25.089823141025754,9.258176858974254,90.21803183333397,91.86503756432198,0,1,,,,22.292844444444444,22.51577288888889,22.069916,,25.55578011317703,44.695469896354936,52.810232443733774,0,81.36707658760162,64.22643908927014,,,,,1.1266219840864242,2.5525503216275247,1.4259283375411005,0.935283439090939,81.36707658760162,,,,,,,,,50.055482868439036,40.68545917850716,-20.34272958925358,0
2023-07-12,25.41,26.261,23.71,25.91,17.7695,26.400285537829056,9.138714462170945,92.06714958549237,91.94128834132324,0,0,,,,22.246133333333336,22.46859466666667,22.023672,,23.445614369431624,45.81164354652634,55.887130738222645,0,82.93356353399966,66.44793805843439,,,,,1.1103896049314423,2.8139153437054034,1.703525738773961,0.9657349211289783,82.93356353399966,,,,,,,,,50.13966094771384,41.4308828879781,-20.71544144398905,0
2023-07-13,25.82,26.89,25.18,25.52,18.283000000000005,27.457977057191954,9.108022942808056,91.30893849475736,91.19803997119455,0,0,,,,22.200000000000006,22.422000000000008,21.978000000000005,,15.595416043846555,39.5832193841273,50.32987747408097,0,80.26001279190392,68.75519112291612,,,,,1.001587398353346,2.9555099867156436,1.9539225883622975,0.97443098826291,80.26001279190392,,,,,,,,,48.42717774632382,42.11457408426158,-21.05728704213079,0
2023-07-14,25.35,25.79,24.54,24.82,18.787000000000003,28.231577491873253,9.342422508126754,84.26774526316696,89.21461111447223,0,1,,,,22.157200000000007,22.37877200000001,21.935628000000005,,8.110462583848776,32.11263107467928,43.36600111673752,0,75.55215764049794,71.05498900153125,,,,,0.8184015127133408,2.9769244792539737,2.158522966540633,0.9574963201256582,75.55215764049794,,,,,,,,,46.949274220885066,42.74629162997934,-21.37314581498967,0
2023-07-17,24.01,24.58,23.24,23.99,19.224500000000006,28.781299621212042,9.667700378787972,79.71218001589274,85.09628792460569,0,0,,,,22.116888888888898,22.338057777777788,21.895720000000008,,1.2620826474188718,24.78868111004182,36.10575286508559,0,70.28753873259036,73.01950516059436,,,,,0.5880346860248613,2.8935663240717098,2.3055316380468485,0.9131990698684803,70.28753873259036,70.28753873259036,,70.28753873259036,,,,,,42.201290305334005,43.26537601133822,-21.63268800566911,0
2023-07-18,23.89,25.83,23.74,24.69,19.715000000000007,29.336302406639057,10.09369759336096,77.49610166669049,80.49200898191673,0,0,,,,22.083466666666677,22.304301333333346,21.86263200000001,,2.0079325731284126,25.234592949530764,37.42369988311465,0,72.05606785869533,74.78385605899105,,,,,0.43647274489644783,2.8511225691674085,2.4146498242709606,0.8672617701314664,72.05606785869533,,,,,,,,,39.785467479807025,43.72627687137774,-21.86313843568887,0
2023-07-19,25.38,26.03,24.645,24.83,20.171500000000005,29.853673877802372,10.489326122197637,76.06737290951394,77.75855153069905,0,0,,,,22.04911111111112,22.269602222222233,21.828620000000008,,0.7547476059081237,23.094464962942716,35.5645337409914,0,72.4097747435033,76.16189312650275,,,,,0.30551660531806357,2.79654558091854,2.4910289756004764,0.8102233979624975,72.4097747435033,,,,,,,,,38.994230038330294,44.16176465036181,-22.080882325180905,0
2023-07-20,24.45,26.14,23.85,25.81,20.731000000000005,30.358410659154323,11.103589340845685,77.06408428078517,76.87585295232986,0,0,,,,22.01760000000001,22.237776000000007,21.79742400000001,,2.980489167298428,24.49954174907141,38.07307548280099,0,74.81310447654121,77.08387385589984,,,,,0.24725122364564722,2.8000930051575352,2.552841781511888,0.7629587715159739,74.81310447654121,,,,,,,,,41.494716666537805,44.63089940832253,-22.315449704161264,0
2023-07-21,26.5,27.16,24.32,25.27,21.287000000000006,30.609504170017754,11.964495829982258,76.4804161816812,76.53729112399343,0,0,,,,21.987200000000012,22.20707200000001,21.767328000000013,,0.5971337579617986,18.71095034528112,32.47937928142031,0,71.13604868895844,77.50537375274398,,,,,0.14003498380561918,2.727885511268912,2.587850527463293,0.6945015033676669,71.13604868895844,,,,,,,,,41.595170439904756,45.090259186854055,-22.545129593427028,0
2023-07-24,25.29,26.37,24.7406,25.81,21.901000000000007,30.702045165206123,13.099954834793891,75.78523381826727,76.44324476024454,0,0,,,,21.95831111111112,22.17789422222223,21.73872800000001,,2.6242544731610584,17.84850006848997,32.58561643835609,0,72.5870347522062,77.29609442386118,,,,,0.07636165572951858,2.6833025971251914,2.606940941395673,0.618332415021896,72.5870347522062,,,,,,,,,42.392928733269436,45.55247422390109,-22.776237111950547,0
2023-07-25,25.98,26.56,25.19,25.35,22.496000000000006,30.504591386754505,14.487408613245506,73.36222202618403,75.20929067537749,0,0,,,,21.929244444444457,22.148536888888902,21.709952000000012,,0.5952380952381153,12.686699857752458,27.71209780345263,0,69.38714347976827,76.7057259972821,,,,,-0.02067366522384928,2.581098859865861,2.6017725250897104,0.4767432430162809,69.38714347976827,,,,,,,,,40.71163627674872,45.97464061503455,-22.987320307517276,0
2023-07-26,25.5,27.62,25.45,27.15,23.156500000000005,30.373383745772742,15.93961625422727,76.43026250898242,75.19257278447789,0,0,,,,21.904533333333347,22.12357866666668,21.685488000000014,,7.210551255725806,17.245697752250955,33.82514828385057,0,74.18314077850306,76.27619735301086,,,,,0.010742154576980134,2.6152002183109353,2.604458063733955,0.4405961096804087,74.18314077850306,,,,,,,,,43.3266801538749,46.43147396047983,-23.215736980239914,0
2023-07-27,28.04,28.06,25.885,26.05,23.727000000000007,29.887344470887776,17.56665552911224,73.37886054384848,74.39044835967162,0,0,,,,21.878311111111124,22.097094222222236,21.659528000000012,,2.6520077235291817,9.790533990812133,26.164376927174928,0,67.24938914708966,75.01065411858667,,,,,-0.06407391691015007,2.5243656675962676,2.5884395845064176,0.4473341218687371,67.24938914708966,67.24938914708966,,67.24938914708966,,,,,,42.95418292699222,46.87105298538966,-23.43552649269483,0
2023-07-28,26.66,27.4695,26.33,26.94,24.273500000000006,29.460932023650884,19.086067976349128,72.28298015791384,74.03070107024824,0,0,,,,21.855511111111124,22.074066222222235,21.636956000000012,,5.279612333424533,10.985230807258928,27.954656998559237,0,69.71577769315013,73.85270220750066,,,,,-0.07440890929317723,2.495428447889946,2.5698373571831232,0.6236649391997159,69.71577769315013,,,,,,,,,44.990524328368345,47.33499976454119,-23.667499882270594,0
2023-07-31,27.01,27.78,26.61,27.64,24.82250000000001,28.869404372479934,20.775595627520083,75.16442608189992,73.60875559455405,0,0,,,,21.83071111111112,22.049018222222234,21.61240400000001,,6.4961084996532525,11.350589183200688,28.75176622207034,0,71.53169637254027,73.15017504928198,,,,,-0.0557423962910617,2.5001593618192963,2.555901758110358,0.697042632731369,71.53169637254027,,,,,,,,,45.2249746786247,47.79193720023435,-23.895968600117175,0
2023-08-01,27.19,27.6352,26.35,27.3,25.20950000000001,28.595822341419606,21.823177658580413,73.55456347611295,73.66732323864221,0,0,,,,21.804266666666674,22.02230933333334,21.58622400000001,,4.138851802403232,8.292508776453289,24.76197730215548,0,69.35633376682313,72.18037292305509,,,,,-0.08612015319628119,2.4482515666150064,2.5343717198112876,0.8424499668396319,69.35633376682313,,,,,,,,,46.91749654197315,48.266990248011986,-24.133495124005993,0
2023-08-02,26.42,26.48,24.84,25.91,25.483500000000006,28.071219266071566,22.895780733928447,61.510091073366496,70.07636021045975,0,0,,,,21.755511111111115,21.973066222222226,21.537956000000005,,-1.5689701021920022,1.6736319579335301,16.59616596165956,0,61.166628978177904,70.81655979350323,,,,,-0.21245771787928147,2.2687995724621857,2.481257290341467,0.8218100873656746,61.166628978177904,,,,,,,,,44.57541922428104,48.691731597460915,-24.345865798730458,0
2023-08-03,25.37,27.01,25.35,26.5,25.72750000000001,27.645695766859493,23.809304233140526,60.157198105909416,65.07395088512959,0,0,,,,21.706400000000006,21.923464000000006,21.489336000000005,,0.4092149136101897,3.002623651734493,17.163321248563037,0,63.155369920152616,69.9310749563357,,,,,-0.265474998649577,2.149413542029496,2.414888540679073,0.7882159793775451,63.155369920152616,,,,,,,,,42.053001592598015,49.0669771863312,-24.5334885931656,0
2023-08-04,26.83,26.83,25.18,25.26,25.755500000000005,27.62870554131097,23.88229445868904,51.221497688251674,57.629595622509164,0,0,,,,21.646488888888893,21.862953777777783,21.430024000000003,,-4.285551892690675,-1.9238609229096815,9.881824113680814,0,56.59530842731239,68.95305850595871,,,,,-0.3859385460127842,1.9324653581630926,2.318403904175877,0.525307653026741,56.59530842731239,,,,,,,,,38.072157783667315,49.37534130488139,-24.687670652440694,0
2023-08-07,25.69,25.74,23.63,24.28,25.694000000000006,27.673175585944367,23.714824414055645,36.05457790251883,49.14442456555994,0,0,,,,21.582133333333335,21.79795466666667,21.366312,,-7.4624590288893895,-5.503230326146202,3.997715591090767,0,51.99829468588883,67.52036042218683,,,,,-0.5248889838094581,1.6622926744140543,2.1871816582235124,0.09915807090695432,51.99829468588883,,,,,,,,,34.918852632885866,49.63427602015808,-24.81713801007904,0
2023-08-08,23.78,25.2493,23.6,24.8,25.69150000000001,27.675055141657964,23.707944858342053,35.370384528461805,40.88215337307741,0,0,,,,21.514133333333334,21.72927466666667,21.298992,,-5.2820532406523295,-3.470019267072799,4.531085353003128,0,54.12746340949036,66.2144810411859,,,,,-0.5712198109305122,1.473156894560372,2.044376705490884,-0.20989129818361313,54.12746340949036,,,,,,,,,31.59174883758367,49.84587567471489,-24.922937837357445,0
2023-08-09,24.83,25.73,22.26,22.35,25.513500000000008,27.96937682915856,23.057623170841456,24.803427781561638,32.0761300708474,0,0,,,,21.437066666666666,21.651437333333334,21.222696,,-13.045169824534087,-12.399318008113369,-6.89568984670077,0,44.18347320474343,64.02665023605749,,,,,-0.7453062579478378,1.112743883056087,1.8580501410039247,-0.4819709547002347,44.18347320474343,,,,,,,,,26.1002020165046,49.99062335210826,-24.99531167605413,0
2023-08-10,22.66,22.9,21.51,21.91,25.333000000000006,28.24814047688934,22.41785952311067,21.124091616285007,27.099301308769455,0,0,,,,21.35995555555556,21.573555111111116,21.146356,,-13.361540590770682,-13.51201989499864,-9.640790179123805,0,42.66743271459304,61.993177666459964,,,,,-0.8603693452663117,0.782588459421035,1.6429578046873468,-0.6920370600085174,42.66743271459304,,,,,,,,,21.605839194537435,50.0873758371086,-25.0436879185543,0
2023-08-11,21.98,21.98,21.28,21.57,25.170500000000004,28.51292711214446,21.828072887855548,18.468724599169242,21.465414665671933,0,0,,,,21.28720000000001,21.50007200000001,21.07432800000001,,-12.85552682611506,-14.304443694006885,-11.717758768878184,0,41.48294263385398,59.77145680086338,,,,,-0.9240632148736139,0.48787878609532953,1.4119420009689434,-0.8057401665270056,41.48294263385398,,,,,,,,,15.717233673220553,50.13113627835893,-25.065568139179465,0
2023-08-14,20.9,21.8,20.52,21.56,25.049000000000007,28.715223670208623,21.38277632979139,17.341563677405485,18.978126630953213,0,0,,,,21.224133333333338,21.436374666666673,21.011892000000003,,-10.702451954937043,-13.928699748492978,-12.344658417921417,0,41.44649842493364,57.77569643980376,,,,,-0.9290549600674392,0.25062330088464435,1.1796782609520835,-0.9123710751973089,41.44649842493364,,,,,,,,,14.210214629105183,50.162219623821116,-25.081109811910558,0
2023-08-15,21.66,21.86,20.45,20.78,24.853500000000007,28.965362230182077,20.741637769817938,13.932157029679225,16.580815102084618,0,0,,,,21.160488888888892,21.37209377777778,20.948884000000003,,-11.544355525285187,-16.39004566761223,-15.655315176360784,0,38.59807894121998,55.23390630856925,,,,,-0.9440137723536164,-0.0003389544899370378,0.9436748178636793,-0.9327463928019855,38.59807894121998,38.59807894121998,,38.59807894121998,,,,,,12.13973768485036,50.17752036210832,-25.08876018105416,0
2023-08-16,20.375,21.45,20.2,21.04,24.66400000000001,29.099337191240114,20.228662808759903,15.128120267768345,15.467280324950986,0,0,,,,21.105866666666664,21.31692533333333,20.894807999999998,,-8.541621386655084,-14.693480376256929,-14.670415833017925,0,40.07642878171414,53.292980568185286,,,,,-0.8959136148288727,-0.17621720067241142,0.7196964141564612,-0.9665741221237915,40.07642878171414,,,,,,,,,11.12985383492589,50.185307197564775,-25.092653598782388,0
2023-08-17,21.06,21.8,20.66,20.95,24.421000000000006,29.104173710209633,19.73782628979038,15.424638716037766,14.828305337828416,1,0,,,,21.04982222222222,21.260320444444446,20.839323999999998,,-6.681514476614703,-14.213177183571545,-14.958392530951926,0,39.71993038314135,51.1504200460418,,,,,-0.8311050204043896,-0.3191848613490258,0.5119201590553638,-0.9656919186979107,39.71993038314135,,,,,,,,,10.012707343888982,50.185302757357825,-25.092651378678912,0
2023-08-18,20.25,21.17,20.18,20.78,24.196500000000007,29.119683015082618,19.273316984917397,13.22335174989459,14.592036911233537,0,0,,,,20.991733333333325,21.20165066666666,20.781815999999992,,-5.554040541768924,-14.11981071642595,-15.19867234366713,0,39.01397083083902,48.82772536449171,,,,,-0.762432431686869,-0.44112038055322245,0.3213120511336466,-0.9502598691866557,39.01397083083902,,,,,,,,,9.984518403358972,50.184625745119995,-25.092312872559997,0
2023-08-21,20.86,21.32,20.74,21.18,23.96500000000001,28.997150633675222,18.9328493663248,20.487332980601295,16.37844114884452,1,0,,,,20.935688888888883,21.14504577777777,20.726331999999996,,-2.360317167619397,-11.62111412476532,-13.05418719211826,0,41.642216064212654,46.84814552859097,,,,,-0.6568240906690173,-0.49971806220262494,0.15710602846639227,-0.9167408417792864,41.642216064212654,,,,,41.642216064212654,,41.642216064212654,,10.213188554215124,50.18489135085829,-25.092445675429143,0
2023-08-22,21.38,21.47,19.77,20.08,23.701500000000006,28.962660613400686,18.440339386599327,17.45729644616606,17.05599372555395,0,0,,,,20.869022222222217,21.07771244444444,20.660331999999993,,-5.372290292177196,-15.279623652511475,-17.028221974298617,0,36.92897012798964,45.11688418214895,,,,,-0.6278307601814259,-0.6276824217603902,0.00014833842103573192,-0.9046778164939886,36.92897012798964,,,,,,,,,8.664356235401545,50.17530945028904,-25.08765472514452,0
2023-08-23,19.76,20.49,19.61,20.32,23.360000000000007,28.567859445107807,18.152140554892206,17.979588905886658,18.641406110884642,0,0,,,,20.81573333333333,21.023890666666663,20.607575999999998,,-3.316362944283191,-13.013698630137005,-15.385042474043676,0,38.56285163759714,43.36027573339499,,,,,-0.5614314894929331,-0.7016410234451307,-0.14020953395219754,-0.8871488326995276,38.56285163759714,,,,,,,,,7.828839208065676,50.160587528993574,-25.080293764496787,0
2023-08-24,20.2,20.265,19.48,19.64,23.039500000000007,28.333966828680555,17.74503317131946,15.77853047565938,17.071805275904,0,0,,,,20.756755555555554,20.96432311111111,20.549187999999997,,-5.531505531505521,-14.755094511599665,-17.54366323331844,0,35.73795424209899,41.87046472016546,,,,,-0.5325002944308672,-0.8058349019907816,-0.27333460755991434,-0.8806411454972074,35.73795424209899,35.73795424209899,,35.73795424209899,,,,,,5.100135499492772,50.13127001409318,-25.06563500704659,0
2023-08-25,19.92,20.325,19.57,20.07,22.696000000000005,27.822423314553653,17.569576685446357,18.113161356671228,17.29042691273906,1,0,,,,20.704222222222217,20.91126444444444,20.497179999999993,,-2.761627906976727,-11.570320761367658,-15.174483312435738,0,38.7913999973114,40.927115099552786,,,,,-0.4565187016235308,-0.8439829845893279,-0.38746428296579705,-0.8491756210616377,38.7913999973114,,,,,,,,,5.043001603517188,50.101538791967435,-25.050769395983718,0
2023-08-28,20.3,20.74,19.98,20.53,22.34050000000001,27.012156986551794,17.668843013448225,23.74926561167126,19.213652481333927,0,0,,,,20.634133333333327,20.840474666666662,20.427791999999993,,-0.034084822515445534,-8.10411584342341,-12.80526651093653,0,41.968102136139464,40.058589294313435,,,,,-0.35207488329596187,-0.8275578870857494,-0.47548300378978753,-0.8827185267741259,41.968102136139464,,,,,,,,,5.365939537389853,50.07325183467071,-25.036625917335353,0
2023-08-29,20.38,22.33,20.3519,22.31,22.091000000000008,26.17220521414913,18.009794785850886,33.59945100396997,25.15395932410412,0,0,,,,20.57271111111111,20.778438222222224,20.366984,,7.829869502174969,0.9913539450454589,-4.924925778087175,0,52.28727962063328,40.63743260973415,,,,,-0.15022484484343235,-0.663264059844078,-0.5130392150006456,-0.4063184674845277,52.28727962063328,,,,,,,,,9.962641453643068,50.06985530740227,-25.034927653701136,0
2023-08-30,22.09,22.92,21.98,22.88,21.93950000000001,25.65056170792108,18.228438292078938,51.26199774644392,36.20357145402835,0,0,,,,20.511022222222216,20.71613244444444,20.305911999999992,,9.610041199578422,4.286788668839248,-2.2250078345346758,0,55.04407650024094,41.521478594423286,,,,,0.025219232343684395,-0.4815151745710402,-0.5067344069147246,0.07461885801696826,55.04407650024094,,,,,,,,,14.663740391225062,50.096791716668264,-25.048395858334132,0
2023-08-31,23.03,23.455,22.365,22.73,21.751000000000012,24.848611337788775,18.65338866221125,57.44007282101947,47.43384052381109,0,0,,,,20.461155555555553,20.66576711111111,20.256543999999998,,7.970739122173676,4.5009424854029145,-2.437977508799072,0,54.15727085876778,42.4267877533457,,,,,0.12890929846382504,-0.34559778383494333,-0.47450708229876837,0.35899396437057635,54.15727085876778,,,,,,,,,18.21316838082404,50.14953196451567,-25.074765982257833,0
2023-09-01,23,23.755,22.46,23.31,21.653500000000008,24.406798203972503,18.900201796027513,64.63471196252281,57.77892750999538,0,0,,,,20.424844444444442,20.629092888888888,20.220595999999997,,9.410936399906111,7.650033481885088,0.332864644609554,0,57.03937622424693,43.54056473901094,,,,,0.2284828201676764,-0.18890355708917284,-0.41738637725684924,0.5995192858165801,57.03937622424693,,,,,,,,,19.60517030201321,50.212301531045185,-25.106150765522592,0
2023-09-05,23.17,23.7101,23.12,23.39,21.60900000000001,24.21593613270406,19.00206386729596,69.322153757249,63.79897951359707,0,0,,,,20.385111111111105,20.588962222222214,20.181259999999995,,8.65929573538975,8.241936230274383,1.0279889426399125,0,57.43686028949206,44.88619197817322,,,,,0.287826772563644,-0.057602911552294245,-0.3454296841159382,0.698892001394637,57.43686028949206,,,,,57.43686028949206,,57.43686028949206,,20.23561490658175,50.2789538960292,-25.1394769480146,0
2023-09-06,23.25,23.42,22.501,23.26,21.53200000000001,23.830056570234465,19.233943429765556,70.66099445770881,68.20595339249353,0,0,,,,20.344711111111106,20.548158222222217,20.141263999999996,,6.4823292437282465,8.025264722273784,0.7697084350224204,0,56.52168913059579,46.060853431664775,,,,,0.3047869774101172,0.03555403764670828,-0.2692329397634089,0.7839442717244205,56.52168913059579,,,,,,,,,20.71401547998929,50.34822108699704,-25.17411054349852,0
2023-09-07,22.49,23.49,22.43,23.42,21.58550000000001,24.003908360884836,19.167091639115185,71.29251027543884,70.42521949679886,0,0,,,,20.30435555555555,20.507399111111106,20.101311999999993,,5.714543649002435,8.498760742164846,2.012370415541387,0,57.42091597156305,47.325209545123464,,,,,0.31210523977228766,0.12089860995195068,-0.19120662982033698,0.8431881838606995,57.42091597156305,,,,,,,,,20.37980043349877,50.41334402763334,-25.20667201381667,0
2023-09-08,23.4,23.74,22.76,23.1,21.64500000000001,24.149440057177927,19.140559942822094,71.57271215825602,71.17540563046786,0,0,,,,20.279422222222212,20.482216444444436,20.07662799999999,,2.6666666666666616,6.722106722106669,1.0513422476267964,0,54.97211373293473,48.46507689527316,,,,,0.2816526543685608,0.16085918814036404,-0.12079346622819677,0.8589292162944733,54.97211373293473,,,,,,,,,19.30705562655184,50.46853790697987,-25.234268953489934,0
2023-09-11,23.5,23.95,22.89,23.41,21.73700000000001,24.356214386032168,19.11778561396785,76.09299085217204,72.98607109528895,0,0,,,,20.247022222222213,20.449492444444434,20.044551999999992,,2.5225540860120743,7.696554262317656,2.937296631782571,0,56.89014870385583,49.55421494096195,,,,,0.26868559300881456,0.21506352503282145,-0.05362206797599313,0.8948602589259836,56.89014870385583,,,,,,,,,19.132391230367208,50.521190969800045,-25.260595484900023,0
2023-09-12,23.21,24.46,23.06,23.58,21.83800000000001,24.575251175905727,19.100748824094296,77.73848614897497,75.13472971980099,0,0,,,,20.211199999999995,20.413311999999994,20.009087999999995,,1.9058732010890589,7.976920963458123,4.305514597463844,0,57.94802115853249,51.05557572885787,,,,,0.25781101240202386,0.26864169752653666,0.010830685124512823,0.8734667105659688,57.94802115853249,,,,,,,,,18.993626689598752,50.57163656997241,-25.285818284986206,0
2023-09-13,23.59,23.76,23.205,23.25,21.961500000000008,24.719472262369216,19.2035277376308,74.7109196068121,76.18079886931967,0,0,,,,20.174533333333333,20.376278666666668,19.972787999999998,,0.0731717815176669,5.867085581585929,3.4636208558925796,0,55.12041471615041,52.23825880589738,,,,,0.2163215863219969,0.28123266802700897,0.06491108170501206,0.8214235743885062,55.12041471615041,,,,,,,,,18.83581685631317,50.619776269099965,-25.309888134549983,0
2023-09-14,23.25,24.17,23.19,24.11,22.11500000000001,24.98998521735297,19.240014782647048,79.39772971917719,77.28237849165473,0,0,,,,20.14511111111111,20.34656222222222,19.943659999999998,,3.2282925158417353,9.021026452633919,7.5778984160035145,0,60.526196626966126,54.008847547673604,,,,,0.23326829177103786,0.3564964464188094,0.12322815464777154,0.799873563862383,60.526196626966126,,,,,,,,,19.572255581270607,50.672489781359616,-25.336244890679808,0
2023-09-15,24.24,24.62,23.68,24.18,22.27650000000001,25.2332906588052,19.31970934119482,81.24451030614138,78.4510532107102,0,0,,,,20.11071111111111,20.31181822222222,19.909604,,2.8892387557976074,8.544879132718286,8.263809083175321,0,60.938618374569295,55.590791717477735,,,,,0.2350056380255364,0.41698520217969204,0.18197956415415564,0.7919456081164697,60.938618374569295,,,,,60.938618374569295,,60.938618374569295,,20.131804726047488,50.72841808139509,-25.364209040697546,0
2023-09-18,24.03,24.4212,23.41,23.71,22.42300000000001,25.358957084154643,19.487042915845375,77.98964172275939,79.54396058269263,0,0,,,,20.076799999999995,20.277567999999995,19.876031999999995,,0.7178964360052609,5.739642331534545,6.405576831019566,0,56.658258286126845,56.64008858533398,,,,,0.1921218141823053,0.4221318318820373,0.23001001769973198,0.8415858960837369,56.658258286126845,,,,,,,,,20.445486824415145,50.78562898369841,-25.392814491849204,0
2023-09-19,23.5,23.51,21.81,22.74,22.501000000000012,25.383116583345824,19.6188834166542,65.02432432828884,74.75282545239651,0,0,,,,20.024577777777772,20.22482355555555,19.824331999999995,,-3.1351167149429537,1.0621750144437447,2.288061894623139,0,49.007434030131115,56.40581390029811,,,,,0.09117162989995609,0.3439745550746771,0.252802925174721,0.47162919936433995,49.007434030131115,,,,,,,,,17.737241179757127,50.82143370131742,-25.41071685065871,0
2023-09-20,22.96,23.42,22.38,22.4,22.61700000000001,25.27830870062023,19.955691299379794,50.75394074038391,64.58930226381068,0,0,,,,19.971066666666662,20.17077733333333,19.771355999999994,,-4.23257802479694,-0.9594552770040843,1.1225810334967834,0,46.63055303309316,55.80484793835898,,,,,-0.0008841190824776524,0.25169777632162393,0.2525818954041016,0.05249726164312225,46.63055303309316,,,,,,,,,14.41562893851581,50.83400415213481,-25.417002076067405,0
2023-09-21,21.8,22.2,21.52,21.53,22.677500000000013,25.1772989919186,20.177701008081424,40.04011892003012,51.93946132956759,0,0,,,,19.913422222222216,20.11255644444444,19.714287999999993,,-7.202275763975708,-5.0600815786573055,-2.684867112637912,0,41.133095453498804,54.87454969512549,,,,,-0.1163606405933332,0.10713109466243509,0.2234917352557683,-0.400522970399283,41.133095453498804,,,,,,,,,10.507941018025663,50.8230876831944,-25.4115438415972,0
2023-09-22,21.6,21.93,20.58,20.59,22.725000000000016,25.019824612033773,20.43017538796626,30.338854919428634,40.37763819328085,0,0,,,,19.851688888888877,20.050205777777766,19.653171999999987,,-10.283224400871482,-9.394939493949462,-6.74818840579714,0,36.1712008789524,53.38396574189016,,,,,-0.24466540554572724,-0.08234002167639076,0.16232538386933648,-0.5912148444512804,36.1712008789524,36.1712008789524,,36.1712008789524,,,,,,6.7341637771498775,50.793183988922756,-25.396591994461378,0
2023-09-25,20.4,21.67,20.03,21.13,22.778000000000013,24.8646202337744,20.691379766225626,29.95707982572486,33.44535122172784,0,0,,,,19.79017777777777,19.988079555555547,19.592275999999995,,-7.006425490713875,-7.235051365352585,-4.238926823373069,0,40.603865854528316,52.1816089965356,,,,,-0.2792769327704172,-0.18677078209368503,0.09250615067673218,-0.6933003508049018,40.603865854528316,,,,,,,,,4.453337244929152,50.753525011363436,-25.376762505681718,0
2023-09-26,21.5,22.67,21.1,22.26,22.864500000000014,24.699443868350258,21.02955613164977,35.78535188139464,32.02709554218268,0,0,,,,19.7403111111111,19.937714222222212,19.54290799999999,,-1.4608233731739917,-2.6438365151217447,0.7756617269790933,0,48.64152717923483,51.61874028572411,,,,,-0.2150600100029596,-0.17631886182696732,0.03874114817599228,-0.710472895380684,48.64152717923483,,,,,,,,,5.4768993979132246,50.718030544512274,-25.359015272256137,0
2023-09-27,22.64,23.33,21.99,23.05,22.901500000000013,24.719996906787713,21.083003093212312,44.208358506524725,36.65026340454804,0,0,,,,19.70266666666665,19.899693333333317,19.505639999999985,,2.126716880815227,0.6484291421958721,3.9959093438406423,0,53.390297703290166,51.330838980847474,,,,,-0.11347352704360816,-0.10310076062851792,0.010372766415090239,-0.6157135121204894,53.390297703290166,,,,,,,,,9.325788571546775,50.70020898897499,-25.350104494487496,0
2023-09-28,23.02,23.24,22.23,23.08,22.91150000000001,24.731612908584694,21.091387091415328,50.888736252135566,43.62748221335161,0,0,,,,19.66195555555554,19.858575111111097,19.465335999999983,,2.7284461654871306,0.7354385352333459,3.8127651918376415,0,53.56588178147438,51.23039384145745,,,,,-0.04203265440505845,-0.042168051591232825,-0.00013539718617437517,-0.5447458290629668,53.56588178147438,,,,,,,,,12.27621509077693,50.69794077293325,-25.348970386466625,0
2023-09-29,23.45,24.5,23.39,24.28,22.98900000000001,24.901264626038124,21.0767353739619,61.621490832622115,52.239528530427435,0,0,,,,19.62768888888888,19.82396577777777,19.43141199999999,,8.02153312274767,5.615729261820834,8.66776070416224,0,60.048963923009694,51.456023499968445,,,,,0.08153095269616449,0.10177829368403124,0.02024734098786675,-0.286696994564743,60.048963923009694,,,,,60.048963923009694,,60.048963923009694,,15.282051274677778,50.71328086336232,-25.35664043168116,0
2023-10-02,23.93,24.87,23.37,23.66,23.006500000000013,24.93651839369383,21.076481606306196,66.04725161844189,59.51915956773316,0,0,,,,19.593644444444436,19.78958088888888,19.39770799999999,,5.286578853684554,2.8405015973745895,5.439852639709963,0,55.720309010327234,51.29690120366807,,,,,0.11495269782864026,0.1639382132736671,0.04898551544502682,-0.11492497310169267,55.720309010327234,,,,,,,,,15.91806045875112,50.73206855184962,-25.36603427592481,0
2023-10-03,23.18,23.4198,21.56,21.69,22.921500000000016,24.924819994408328,20.918180005591704,53.37003457676122,60.34625900927504,0,0,,,,19.548488888888876,19.743973777777764,19.353003999999988,,-3.0267805248804125,-5.372685033702041,-3.412548798408821,0,44.69551239294706,50.55226532343926,,,,,0.00370740050577352,0.053619766077243725,0.049912365571470205,-0.18283876968843105,44.69551239294706,,,,,,,,,13.338597248035484,50.734469427446754,-25.367234713723377,0
2023-10-04,21.73,23.74,21.5827,23.69,22.943000000000016,24.96948562787841,20.916514372121622,62.8765412675899,60.76460915426431,0,0,,,,19.529022222222206,19.72431244444443,19.333731999999983,,5.307610241820737,3.255895044239998,4.93134504650814,0,54.53146606178787,50.124070283069386,,,,,0.06096694138849067,0.12612104230708354,0.06515410091859287,0.07226438477038072,54.53146606178787,,,,,,,,,12.054742297401624,50.72918938513262,-25.36459469256631,0
2023-10-05,21.2,21.39,18.01,18.27,22.68550000000001,25.542648753565086,19.828351246434938,34.72316054913038,50.3232454644938,0,0,,,,19.463733333333312,19.658370666666645,19.26909599999998,,-17.591339648173232,-19.46397478565608,-18.830062939652038,0,35.89837615233451,48.335481552909755,,,,,-0.2528256108915362,-0.2508779126958274,0.0019476981957088219,-0.15487076112974366,35.89837615233451,35.89837615233451,,35.89837615233451,,,,,,3.2432690826666506,50.68409045990147,-25.342045229950735,0
2023-10-06,17.725,19,17.65,18.92,22.476500000000012,25.761315215502705,19.19168478449732,32.86826762198272,43.48932314623429,0,0,,,,19.392711111111094,19.586638222222206,19.198783999999982,,-14.01172567377178,-15.823193112806743,-15.852519532118702,0,38.60763692913829,47.046151455982006,,,,,-0.39478744250244097,-0.4915366049323424,-0.09674916242990143,-0.25703405746646063,38.60763692913829,,,,,,,,,-1.2073448842448125,50.625796761820276,-25.312898380910138,0
2023-10-09,18.29,18.97,17.788,18.78,22.24500000000001,25.869110925454446,18.620889074545577,29.406782819839528,32.332736996984174,0,0,,,,19.323377777777758,19.516611555555535,19.13014399999998,,-13.726571113561214,-15.576534052596125,-16.31513279068392,0,38.23282147466837,46.27653627344896,,,,,-0.471123387495544,-0.6856533967993315,-0.21453000930378746,-0.37359697158162847,38.23282147466837,,,,,,,,,-9.025802767214445,50.55520712091644,-25.27760356045822,0
2023-10-10,19.35,19.98,19.1099,19.64,22.048000000000016,25.78694423601074,18.309055763989292,29.978280028047635,30.75111015662326,0,0,,,,19.254444444444424,19.446988888888868,19.06189999999998,,-8.676648377197093,-10.92162554426711,-12.367070722094198,0,41.960375624266874,45.9429521728185,,,,,-0.4374331924493691,-0.7613214998654989,-0.3238883074161298,-0.43327383190216073,41.960375624266874,,,,,,,,,-6.777823954637525,50.48709389705877,-25.243546948529385,0
2023-10-11,19.82,20.19,19.1,19.37,21.854000000000017,25.723694561589816,17.984305438410217,30.32159875825409,29.902220535380383,0,0,,,,19.192444444444426,19.384368888888872,19.00051999999998,,-8.364083640836439,-11.366340258076391,-13.192214039228611,0,41.12133422267737,45.94211208490268,,,,,-0.4076638014665806,-0.8334680592493555,-0.4258042577827749,-0.5343370368110708,41.12133422267737,,,,,,,,,-6.085378155327239,50.420149982166755,-25.210074991083378,0
2023-10-12,19.36,19.89,18.72,19.33,21.615000000000016,25.488275099963573,17.74172490003646,29.638708128557944,29.979528971619857,0,0,,,,19.1358222222222,19.327180444444423,18.944463999999975,,-6.901700139671563,-10.571362479759506,-12.909620640975628,0,40.990564010485194,46.286352308583595,,,,,-0.36630524423551736,-0.8836858130771716,-0.5173805688416543,-0.6775018965086463,40.990564010485194,,,,,,,,,-5.242584396195167,50.354699409474335,-25.177349704737168,0
2023-10-13,19.27,19.465,18.78,19.3,21.371000000000016,25.181526997673448,17.560473002326585,29.057944592196833,29.672750493002923,0,0,,,,19.086755555555534,19.27762311111109,18.895887999999978,,-4.761904761904789,-9.690702353656889,-12.594538290838331,0,40.885547545270114,46.30647242935087,,,,,-0.318377845645598,-0.9153528758986518,-0.5969750302530538,-0.7694444952328967,40.885547545270114,,,,,,,,,-5.902799934905169,50.288528814725865,-25.144264407362932,0
2023-10-16,19.2,19.79,19.13,19.66,21.168500000000016,24.889710958814177,17.447289041185854,31.826497207126273,30.17438330929365,0,0,,,,19.0478222222222,19.238300444444423,18.85734399999998,,-1.0319657689403794,-7.126154427569331,-10.470870396794119,0,42.78001509394214,45.88779299468711,,,,,-0.24323112158158022,-0.901013932230029,-0.6577828106484488,-0.7729787205530054,42.78001509394214,,,,,,,,,-5.555768202841308,50.2231135903117,-25.11155679515585,0
2023-10-17,19.28,20.22,19.21,19.9,21.026500000000016,24.713592485956678,17.339407514043355,34.994540965493286,31.95966092160543,0,0,,,,19.00764444444443,19.197720888888874,18.817567999999987,,1.0870669511327424,-5.357525027941012,-8.895298264890418,0,44.06694665343954,45.22183934826921,,,,,-0.1620669138173072,-0.8603664529200827,-0.6982995391027755,-0.7183158056563093,44.06694665343954,,,,,44.06694665343954,,44.06694665343954,,-4.7798933398399805,50.159153299439005,-25.079576649719503,0
2023-10-18,19.71,19.73,17.9,18.09,20.811000000000014,24.6523794397324,16.96962056026763,27.25687561398305,31.359304595534166,0,0,,,,18.95599999999998,19.145559999999982,18.76643999999998,,-5.416710237373246,-13.074816202969641,-16.52310342705968,0,37.26065951917112,44.057180615247546,,,,,-0.21184265328309793,-0.9631028557066479,-0.75126020242355,-0.7135146377989446,37.26065951917112,,,,,,,,,-6.848111413291154,50.09253901198822,-25.04626950599411,0
2023-10-19,17.8,17.99,17.07,17.16,20.592500000000015,24.731074029783525,16.453925970216506,20.370667931330836,27.54069483693569,0,0,,,,18.9010222222222,19.09003244444442,18.712011999999977,,-9.755456218774682,-16.668690057059663,-20.0447302208555,0,34.32692217431685,42.21989191891233,,,,,-0.2844373120133229,-1.1068068424402036,-0.8223695304268807,-0.6921585637000042,34.32692217431685,,,,,,,,,-10.988608539881563,50.023253858842374,-25.011626929421187,0
2023-10-20,17.02,17.39,16.6215,16.72,20.399000000000015,24.868594612489886,15.929405387510144,17.39372620769438,21.67375658433605,0,0,,,,18.848044444444422,19.036524888888867,18.65956399999998,,-11.0401702580474,-18.035197803813972,-21.315178515404465,0,33.00295291181433,40.59722362616141,,,,,-0.3356099498544599,-1.2418819677449555,-0.9062720178904956,-0.672156940921279,33.00295291181433,33.00295291181433,,33.00295291181433,,,,,,-16.205043183028554,49.95594993126671,-24.977974965633354,0
2023-10-23,16.55,17.65,16.09,17.07,20.196000000000016,24.87809525746738,15.51390474253265,18.711844507651048,18.825412882225386,0,0,,,,18.79568888888887,18.983645777777756,18.60773199999998,,-8.344072164948479,-15.47831253713613,-18.861108470386956,0,35.14575230310933,39.91509790545872,,,,,-0.3194922484028312,-1.3056373283940346,-0.9861450799912034,-0.6566307203835984,35.14575230310933,,,,,,,,,-17.899564068785324,49.89075185128208,-24.94537592564104,0
2023-10-24,17.3,17.65,16.99,17.43,19.954500000000017,24.683861373377862,15.225138626622172,20.655215741019013,18.920262152121445,1,0,,,,18.730755555555533,18.91806311111109,18.543447999999977,,-5.2871814378091075,-12.65128166578975,-16.334661354581726,0,37.36478432713641,38.68890635298362,,,,,-0.2606768183574133,-1.31199110293797,-1.0513142845805568,-0.6061254682549908,37.36478432713641,,,,,,,,,-17.50130592688527,49.82532124360934,-24.91266062180467,0
2023-10-25,17.31,17.6,16.96,17.02,19.653000000000016,24.323019700172424,14.982980299827608,20.180655304373424,19.849238517681126,0,0,,,,18.666488888888864,18.853153777777752,18.479823999999976,,-6.318802289740233,-13.397445682593068,-17.480121533389404,0,35.85990951718962,38.68615873618756,,,,,-0.22672794719380196,-1.3347242185728092,-1.1079962713790072,-0.7580163606741488,35.85990951718962,,,,,,,,,-17.070525828897168,49.759662196213846,-24.879831098106923,0
2023-10-26,16.95,17.01,15.88,16.17,19.30750000000002,23.93448551975237,14.680514480247666,20.020532208024637,20.28546775113899,0,0,,,,18.598977777777755,18.784967555555532,18.412987999999977,,-9.42191351109124,-16.250161854201806,-20.58216823286734,0,32.90140592113069,38.27857080704416,,,,,-0.23770762254203026,-1.4051307995565452,-1.167423177014515,-0.8374907650215636,32.90140592113069,,,,,,,,,-18.579719282585632,49.69613017382771,-24.848065086913856,0
2023-10-27,16.71,16.81,15.93,16.01,18.894000000000016,23.13128875579642,14.656711244203613,18.678259487980753,19.62648233345957,0,0,,,,18.53888888888887,18.724277777777758,18.353499999999983,,-8.63436626148495,-15.264105006880557,-20.301999502198665,0,32.36020329695518,37.85909808006465,,,,,-0.23169609591920848,-1.4570432969135254,-1.225347200994317,-0.9055729169448503,32.36020329695518,,,,,,,,,-20.912476447974154,49.63669575382499,-24.818347876912494,0
2023-10-30,16.06,16.25,15.29,15.72,18.497000000000018,22.34356782079796,14.650432179202074,15.318047428256826,18.005613041420705,0,0,,,,18.484799999999982,18.66964799999998,18.299951999999983,,-8.225815867826537,-15.013245391144592,-20.69417818585414,0,31.35351645479909,37.10146528224551,,,,,-0.22311816126075756,-1.5042449025702638,-1.2811267413095062,-0.9168274307462407,31.35351645479909,31.35351645479909,,31.35351645479909,,,,,,-23.012275200128915,49.58194092326948,-24.79097046163474,0
2023-10-31,15.71,16.43,15.45,16.22,18.223500000000016,21.897022968486667,14.549977031513363,17.47508039158605,17.157129102607843,1,0,,,,18.432711111111107,18.61703822222222,18.248383999999994,,-3.2277310423005856,-10.99404614920303,-17.264596864692127,0,35.102126847962424,36.6715218983373,,,,,-0.16245683543669176,-1.484197785605371,-1.3217409501686792,-0.9077279889698341,35.102126847962424,,,,,,,,,-22.909674076800556,49.527114056193035,-24.763557028096518,0
2023-11-01,16.25,16.299,15.89,16.13,17.84550000000002,20.64250893813347,15.048491061866567,19.019921466926228,17.271016428923,0,0,,,,18.37737777777777,18.561151555555547,18.193603999999993,,-2.626018714156342,-9.613067720153644,-16.837094196298196,0,34.73444720123811,36.22465641196251,,,,,-0.10961276565358746,-1.4587569072356636,-1.3491441415820762,-0.8871048248675858,34.73444720123811,,,,,,,,,-22.69506021205701,49.47196415823015,-24.735982079115075,0
2023-11-02,16.68,17.9,16.62,17.59,17.811500000000017,20.60356930429724,15.019430695702795,34.762503324349176,23.75250172762045,0,0,,,,18.334266666666664,18.517609333333333,18.150923999999996,,5.912813102119485,-1.2435785868681326,-8.691364006021562,0,44.83007993027482,36.50640872517714,,,,,0.034728634612426035,-1.3057333483165436,-1.3404619829289697,-0.7307008396491579,44.83007993027482,,,,,,,,,-19.667750016469217,49.411140902704226,-24.705570451352113,0
2023-11-03,17.95,18.435,17.63,17.71,17.751000000000015,20.496417272474094,15.005582727525937,44.03124292741004,32.60455590622845,0,0,,,,18.29915555555555,18.482147111111107,18.116163999999994,,6.003471598731069,-0.23097290293512263,-7.608034083992754,0,45.57525615389179,36.70606880088782,,,,,0.14325735121364436,-1.1613902939119143,-1.3046476451255586,-0.49575253028857497,45.57525615389179,,,,,45.57525615389179,,45.57525615389179,,-17.278638836070186,49.34734769019923,-24.673673845099614,0
2023-11-06,18.01,18.15,16.885,17.18,17.671000000000017,20.384882090290365,14.95711790970967,44.48978370411863,41.09450998529258,0,0,,,,18.264577777777777,18.447223555555556,18.081932,,2.763488455556873,-2.7785637485146064,-9.753108037121406,0,42.824046757341165,36.6172902368808,,,,,0.18184212287842683,-1.077344991527525,-1.2591871144059519,-0.18592683646512156,42.824046757341165,,,,,,,,,-15.603100277548016,49.282309289033634,-24.641154644516817,0
2023-11-07,17.13,17.53,16.76,17.42,17.56000000000002,20.11989843548493,15.00010156451511,48.689187629530245,45.7367380870196,0,0,,,,18.23293333333333,18.415262666666663,18.050604,,4.2052999940180635,-0.7972665148064828,-7.710239112775108,0,44.45908389733782,37.13146340674984,,,,,0.22328985356614472,-0.9800747974482711,-1.2033646510144158,0.15032041796672688,44.45908389733782,,,,,,,,,-15.918783230240999,49.21776069503236,-24.60888034751618,0
2023-11-08,18.58,18.7699,16.33,17,17.44150000000002,19.871399380632603,15.011600619367435,54.44399095130002,49.207654094982935,0,0,,,,18.201955555555557,18.383975111111113,18.019936,,1.7050553395153933,-2.5313189805923675,-8.96271041216693,0,42.185553863565964,37.69279424169621,,,,,0.22173069211009233,-0.9262012858768003,-1.1479319779868926,0.2544918440003732,42.185553863565964,,,,,,,,,-17.09204060926742,49.15451791910955,-24.577258959554776,0
2023-11-09,16.88,17.37,15.325,15.33,17.24150000000002,19.675182600504563,14.807817399495478,45.02129204205821,49.38482354096279,0,0,,,,18.170177777777777,18.351879555555556,17.988476,,-7.822740665023165,-11.086622393643342,-16.754154146906643,0,34.607434296404776,37.807400054881235,,,,,0.11301992878929878,-1.006657067000269,-1.1196769957895678,-0.032049011569899616,34.607434296404776,34.607434296404776,,34.607434296404776,,,,,,-20.041038076253965,49.09546638337554,-24.54773319168777,0
2023-11-10,15.42,15.7602,15.12,15.4,17.046500000000016,19.413238473088946,14.679761526911086,35.710933952882996,45.05873898208038,0,0,,,,18.140711111111113,18.322118222222223,17.959304000000003,,-7.060953530476766,-9.658874255712401,-15.007910519150903,0,35.133433228547204,37.80652012098394,,,,,0.05363255490391028,-1.05263630215968,-1.1062688570635903,-0.15948121796223652,35.133433228547204,,,,,,,,,-23.238356827495668,49.04300445819016,-24.52150222909508,0
2023-11-13,15.35,16.38,15.28,16.19,16.87300000000002,18.93738465407957,14.808615345920467,35.991519398558026,38.90791513116637,0,0,,,,18.117555555555544,18.2987311111111,17.93637999999999,,-2.56965757958717,-4.047887156996488,-9.40292104232342,0,40.91017462540594,38.05976228514605,,,,,0.07409978874318623,-1.0136441211346074,-1.0877439098777937,-0.08212991850774928,40.91017462540594,,,,,,,,,-24.490673894518565,48.993784711957915,-24.496892355978957,0
2023-11-14,16.85,17.2181,16.57,16.9,16.72300000000002,18.252471804250934,15.193528195749108,42.941361283762134,38.21460487840102,0,0,,,,18.09919999999999,18.28019199999999,17.91820799999999,,1.2885825591848699,1.0584225318422513,-4.577279229089848,0,45.59920654109369,38.75542635828206,,,,,0.13827111593229202,-0.9149050149624287,-1.0531761308947207,0.06556355549207017,45.59920654109369,,,,,,,,,-21.944238755698223,48.93879701939572,-24.46939850969786,0
2023-11-15,16.57,17.75,16.25,17.24,16.680500000000016,18.09887195403712,15.262128045962916,51.235924687927856,43.389601790082644,0,0,,,,18.088133333333325,18.269014666666656,17.907251999999993,,2.64348654441533,3.354216000719301,-1.4613142301903692,0,47.73796646738622,39.815180683014596,,,,,0.20254367167961873,-0.7999965412951973,-1.002540212974816,0.11769699744175632,47.73796646738622,,,,,47.73796646738622,,47.73796646738622,,-18.951271352024968,48.87886284683088,-24.43943142341544,0
2023-11-16,17.08,17.15,15.93,16.39,16.642000000000017,18.047967282691516,15.236032717308518,49.001282615163724,47.7261895289512,0,0,,,,18.075911111111104,18.256670222222215,17.895151999999992,,-1.7150395778364191,-1.5142410767937542,-5.982905982906017,0,43.16866212665212,40.58721345656438,,,,,0.18710574400732993,-0.7686580329656536,-0.9557637769729835,-0.005297624165087913,43.16866212665212,,,,,,,,,-18.58760381236647,48.818657214377104,-24.409328607188552,0
2023-11-17,16.48,16.95,16.3,16.7,16.64100000000002,18.046772385558473,15.235227614441564,52.40187320402655,50.879693502372675,0,0,,,,18.07128888888888,18.252001777777767,17.890575999999992,,0.7541478129713397,0.3545460008411716,-3.796301630278276,0,45.22774690507912,41.578229917298664,,,,,0.19611814944514994,-0.7106160901665461,-0.9067342396116961,-0.15060359701867515,45.22774690507912,,,,,,,,,-18.89384583044113,48.75908090325441,-24.379540451627204,0
2023-11-20,16.89,17.16,16.73,16.93,16.634000000000018,18.032533517653075,15.235466482346963,56.100693563475545,52.50128312755523,0,0,,,,18.067688888888878,18.248365777777767,17.887011999999988,,2.29607250755286,1.7794877960802147,-2.123641409080401,0,46.768751128986864,42.411560223086134,,,,,0.21443069877075382,-0.6386958661482538,-0.8531265649190076,-0.19428794599303045,46.768751128986864,,,,,,,,,-19.402251583624988,48.70044062734967,-24.350220313674836,0
2023-11-21,16.7,16.99,15.715,15.72,16.54850000000002,17.95100169340321,15.145998306596827,45.511569082448446,51.33804528331681,0,0,,,,18.0543111111111,18.23485422222221,17.87376799999999,,-4.029304029304037,-5.006496057044552,-8.427184466019444,0,40.33879051081717,42.81187045948463,,,,,0.14522625718098714,-0.6715937434427737,-0.8168200006237608,-0.4443604559982724,40.33879051081717,40.33879051081717,,40.33879051081717,,,,,,-20.487577389036066,48.64372474044736,-24.32186237022368,0
2023-11-22,15.968,16.14,15.73,15.98,16.496500000000015,17.902334627543212,15.090665372456819,44.37422450233712,48.66216238275367,0,0,,,,18.043422222222215,18.223856444444436,17.862987999999994,,-1.8306917311709192,-3.130967174855359,-6.295811262485107,0,42.17835757215474,42.62246171961891,,,,,0.11827663814998202,-0.6689742029362833,-0.7872508410862653,-0.40759649737139053,42.17835757215474,,,,,,,,,-21.64645749809021,48.58930404038992,-24.29465202019496,0
2023-11-24,15.98,16.47,15.78,16.43,16.509500000000017,17.907805760554332,15.1111942394457,47.1329225774776,45.67290538742102,0,0,,,,18.03937777777777,18.219771555555546,17.858983999999992,,0.2562850866487665,-0.48154093097924067,-3.107861060329098,0,45.320815344267594,42.60428737607433,,,,,0.13108004659071038,-0.6234007828478774,-0.7544808294385877,-0.24872935087956738,45.320815344267594,,,,,,,,,-22.448630607475394,48.53667499037212,-24.26833749518606,0
2023-11-27,16.38,16.77,16.1,16.66,16.542000000000016,17.922457895047682,15.16154210495235,49.971754349674775,47.15963380982979,0,0,,,,18.034711111111104,18.215058222222215,17.854363999999993,,0.88409834080172,0.7133357514205407,-1.2389590372873682,0,46.90899624404291,42.89606948226731,,,,,0.15379006269866946,-0.5622432510652509,-0.7160333137639203,-0.08146611453571641,46.90899624404291,,,,,,,,,-20.95850696070453,48.481327999518335,-24.240663999759168,0
2023-11-28,16.71,17.43,16.17,17.42,16.627000000000017,18.003881984775514,15.250118015224519,59.002670104625594,52.03578234392595,0,0,,,,18.038533333333326,18.21891866666666,17.858147999999993,,4.706377351685975,4.769351055512017,3.7254629537740724,0,51.88238565502137,43.42630532210185,,,,,0.2149916951606068,-0.44729369481316184,-0.6622853899737686,0.2996438670571159,51.88238565502137,,,,,51.88238565502137,,51.88238565502137,,-18.67030207128676,48.42267767794475,-24.211338838972374,0
2023-11-29,17.7,18.27,17.26,17.32,16.68200000000002,18.077214678821534,15.286785321178506,60.86363771892282,56.61268739107436,0,0,,,,18.042622222222217,18.22304844444444,17.862195999999994,,3.843156064512243,3.8244814770409974,3.6608478802992117,0,51.202719493827374,44.070388581406235,,,,,0.24173763589732644,-0.36011334510211057,-0.601850980999437,0.552495228066057,51.202719493827374,,,,,,,,,-17.292272633080273,48.36268103046974,-24.18134051523487,0
2023-11-30,17.5,17.59,16.69,16.76,16.713500000000018,18.085699329543356,15.341300670456679,63.67684601145636,61.181051278334884,0,0,,,,18.043244444444436,18.223676888888882,17.86281199999999,,0.7756599122121122,0.27821820683868737,0.5760921747479442,0,47.45369357916817,44.98797853017505,,,,,0.21557825584252444,-0.3323781611962815,-0.5479564170388059,0.422804826348612,47.45369357916817,,,,,,,,,-17.183948931890242,48.3028014718109,-24.15140073590545,0
2023-12-01,16.805,18.085,16.62,18.03,16.73550000000002,18.175631591209342,15.295368408790695,73.14623490978985,65.89557288005632,0,0,,,,18.050266666666662,18.230769333333328,17.869763999999996,,7.353378981839809,7.735054226046301,8.009345234529409,0,55.424807549535856,46.43736241024566,,,,,0.27392514192504624,-0.20554998963249815,-0.4794751315575444,0.43167203323839465,55.424807549535856,,,,,55.424807549535856,,55.424807549535856,,-16.25082126361798,48.24234563108489,-24.121172815542444,0
2023-12-04,17.76,18.25,17.51,17.74,16.73700000000002,18.181245131547655,15.292754868452386,71.91167185205153,69.57825092443255,0,0,,,,18.053199999999993,18.233731999999993,17.872667999999994,,4.976625835848236,5.992710760590181,6.056077001255411,0,53.431593625460664,47.33174948167814,,,,,0.28200039191854537,-0.12697464165936267,-0.40897503357790804,0.4719604527124067,53.431593625460664,,,,,,,,,-15.59508355719563,48.18166748998409,-24.090833744992047,0
2023-12-05,17.6,18.02,17.2912,17.41,16.74850000000002,18.21022877101011,15.286771228989933,67.10557232711909,70.72115969632013,0,0,,,,18.05244444444444,18.232968888888884,17.871919999999996,,2.732046969965163,3.949607427530699,4.01274519565864,0,51.176219745469886,47.73010756770502,,,,,0.25494759389779753,-0.09029054120566116,-0.3452381351034587,0.5637005228252764,51.176219745469886,,,,,,,,,-14.573346815419411,48.12070199695716,-24.06035099847858,0
2023-12-06,17.65,19.42,17.4,18.38,16.79650000000002,18.3995006238299,15.19349937617014,75.57276594226367,71.5300033738114,0,0,,,,18.061022222222217,18.241632444444438,17.880411999999996,,6.7797594841108255,9.42755931295196,9.600477042337463,0,56.93098761155972,48.38675193514598,,,,,0.2896772541258552,0.016858432553860325,-0.2728188215719949,0.7751021894642227,56.93098761155972,,,,,,,,,-14.048940075921479,48.059788948535406,-24.029894474267703,0
2023-12-07,18.95,19.23,18.3,19.19,16.90600000000002,18.818886823625206,14.993113176374834,80.3570868995561,74.34514172297959,0,0,,,,18.07106666666666,18.251777333333326,17.890355999999993,,9.444507813391123,13.509996450964024,13.939082074930198,0,61.058660405609615,49.664608955071515,,,,,0.35043931681328183,0.1652303244446074,-0.18520899236867444,0.8209546988474609,61.058660405609615,,,,,61.058660405609615,,61.058660405609615,,-11.770021943137714,47.99900625756298,-23.99950312878149,0
2023-12-08,19.04,19.55,18.62,19.04,17.09150000000002,19.07531727989218,15.107682720107864,80.96260649121335,78.96415311101102,0,0,,,,18.082355555555548,18.263179111111103,17.901531999999992,,6.9963472885641975,11.400403709446083,12.409965757468399,0,59.91352680389049,50.71359323355805,,,,,0.3622690579456153,0.2676273300633447,-0.0946417278822706,0.8828205092807766,59.91352680389049,,,,,,,,,-9.21785892667703,47.939635763293566,-23.969817881646783,0
2023-12-11,19.11,19.29,18.77,18.95,17.269000000000023,19.25093743594454,15.287062564055507,81.28451428313396,80.86806922463444,0,0,,,,18.096399999999992,18.27736399999999,17.915435999999993,,5.137594318686189,9.734205802304551,11.235031697581555,0,59.196164765868616,51.60126563619246,,,,,0.3458122086924458,0.3376235329832866,-0.008188675709159154,0.9423940723282054,59.196164765868616,,,,,,,,,-8.399698920613003,47.881151264245666,-23.940575632122833,0
2023-12-12,18.91,18.91,17.75,18.21,17.370000000000022,19.327426882414432,15.412573117585614,72.56541106976573,78.27084394803764,0,0,,,,18.10519999999999,18.28625199999999,17.924147999999988,,0.5910622548748856,4.835924006908332,6.373035808166327,0,53.521789842132996,52.54290844557216,,,,,0.2702189103637599,0.3295849622455407,0.05936605188178082,0.8877757426522463,53.521789842132996,,,,,,,,,-10.091860417705965,47.82166239166451,-23.910831195832255,0
2023-12-13,18.1,19.69,17.94,19.68,17.50900000000002,19.694698057829296,15.323301942170747,80.54166618247355,78.13053051179105,0,0,,,,18.11222222222221,18.293344444444433,17.93109999999999,,7.3122852936365,12.399337483579732,14.190665918805445,0,61.43100028763546,53.91809721096364,,,,,0.30194391050898484,0.4367959400180119,0.13485202950902705,0.8879124290933208,61.43100028763546,,,,,,,,,-9.206869260303984,47.762954670684124,-23.881477335342062,0
2023-12-14,20.315,22.535,20.3,22.43,17.768500000000024,20.824099941091525,14.712900058908524,87.48373788301771,80.19693837841896,0,0,,,,18.131688888888878,18.313005777777768,17.950371999999987,,18.639585316830633,26.234628696851004,28.580436818068854,0,71.27790765726128,55.77217523332033,,,,,0.48026928254361656,0.7351886326885477,0.25491935014493117,0.8274604293123383,71.27790765726128,,,,,,,,,-3.834212941020509,47.711362641638296,-23.855681320819148,0
2023-12-15,22.75,22.995,21.65,22.83,18.090500000000024,21.787209212258702,14.393790787741345,89.08320542876282,85.702869831418,0,0,,,,18.150088888888877,18.331589777777765,17.96858799999999,,17.76539770968739,26.1988336419666,29.57602588115098,0,72.38239189033986,57.59170349377011,,,,,0.5900666760716857,0.9925026952345384,0.40243601916285265,0.8397698825248399,72.38239189033986,,,,,,,,,3.1971192789350016,47.67801737844288,-23.83900868922144,0
2023-12-18,22.6,24.17,22.52,23.8,18.44550000000002,22.83805495127822,14.05294504872182,91.9839657156482,89.51696967580955,0,0,,,,18.174488888888877,18.356233777777767,17.992743999999988,,19.047619047619047,29.02876040226601,33.54281225451685,0,74.90276981256815,59.2360166478806,,,,,0.6861874865421553,1.2601703773405468,0.5739828907983915,0.8769449826737259,74.90276981256815,,,,,,,,,9.350697540334329,47.66887571870825,-23.834437859354125,0
2023-12-19,23.96,24.52,23.82,24.35,18.81650000000002,23.84215926023634,13.790840739763699,92.70662484157218,91.25793199532772,0,0,,,,18.194577777777763,18.37652355555554,18.012631999999986,,17.712462535047855,29.407700688225646,34.82088477935883,0,76.22750770184918,61.02350151988215,,,,,0.7403298891078911,1.4993952521832554,0.7590653630753643,0.9061971437392734,76.22750770184918,,,,,76.22750770184918,,76.22750770184918,,11.937911825838006,47.67199233605085,-23.835996168025424,0
2023-12-20,24.05,24.565,23.15,23.18,19.18950000000002,24.34615579615305,14.032844203846992,87.98315017899705,90.89124691207246,0,1,,,,18.21742222222221,18.399596444444434,18.03524799999999,,9.51526032315979,20.795226556189462,26.99282309757296,0,68.00417948611785,62.49139337037856,,,,,0.6538690613102693,1.576401689713201,0.9225326284029316,0.905233204822495,68.00417948611785,,,,,,,,,12.175982187093254,47.67599634747896,-23.83799817373948,0
2023-12-21,23.54,24.12,23.4,23.58,19.569500000000023,24.84288781050648,14.296112189493567,88.38377803879109,89.6911843531201,0,0,,,,18.235999999999986,18.418359999999986,18.053639999999987,,9.14140245313586,20.493625284243187,27.650359997834563,0,69.2264634824985,63.47722593701875,,,,,0.5825167044599129,1.6506785089778226,1.0681618045179098,0.9206215703407374,69.2264634824985,,,,,,,,,11.536920008530993,47.676463435496856,-23.838231717748428,0
2023-12-22,23.73,23.7874,22.8,23.21,19.90850000000002,25.202675195438708,14.614324804561335,81.13871753550444,85.83521525109751,0,0,,,,18.25155555555554,18.434071111111095,18.069039999999987,,5.394605394605412,16.583368912775832,23.88577528689615,0,66.68866398673582,64.4241595342527,,,,,0.4739071784097777,1.6605457775301318,1.186638599120354,0.9061564174734869,66.68866398673582,66.68866398673582,,66.68866398673582,,,,,,9.527871249099169,47.66715263213408,-23.83357631606704,0
2023-12-26,23.47,24.615,23.31,23.59,20.255000000000024,25.56048584014677,14.949514159853276,81.91936832617708,83.81395463349085,0,0,,,,18.263599999999986,18.446235999999985,18.080963999999987,,4.9097216045539405,16.465070352999113,24.105639730639705,0,67.98668684327038,65.62490718409558,,,,,0.3944221888628985,1.6796663351989771,1.2852441463360786,0.8810797045198483,67.98668684327038,,,,,,,,,9.946531272498943,47.65954243667441,-23.829771218337203,0
2023-12-27,23.8,23.82,23.14,23.73,20.570500000000024,25.91444040011656,15.226559599883487,81.90820497893019,81.65543028020387,0,0,,,,18.280622222222206,18.46342844444443,18.097815999999984,,3.003732962930794,15.359373860625514,23.212987642355177,0,68.47408856864128,66.44941439531569,,,,,0.32114342178692623,1.6866734235697365,1.3655300017828103,0.8546470821695045,68.47408856864128,,,,,,,,,9.950052391484308,47.65173516612602,-23.82586758306301,0
2023-12-28,23.68,24.3,23.5,23.54,20.881500000000024,26.15608538654917,15.60691461345088,77.26333036471163,80.36363455660627,0,0,,,,18.295377777777762,18.478331555555542,18.112423999999983,,0.4952185792349795,12.731365083925827,20.83775367030556,0,66.98357809985025,66.87262280204716,,,,,0.23380420890003517,1.6577852629078542,1.423981054007819,0.8172757472897013,66.98357809985025,,,,,,,,,10.205949144505029,47.64488540236124,-23.82244270118062,0
2023-12-29,23.6,23.93,23.1,23.46,21.216500000000025,26.246880800694683,16.186119199305367,75.21953888339759,78.13035807567978,0,0,,,,18.311155555555537,18.494267111111093,18.12804399999998,,-0.28477918986695716,10.574317158814939,19.15887850467286,0,66.3288928026125,67.3308632305273,,,,,0.14871770276983165,1.6098781824701085,1.4611604797002768,0.7514672284642883,66.3288928026125,,,,,,,,,9.75547730599928,47.63578129358069,-23.817890646790346,0
2024-01-02,21.855,21.94,20.76,21.1,21.370000000000026,26.18481463817636,16.555185361823693,61.41874356646676,71.30053760485863,0,0,,,,18.31568888888887,18.49884577777776,18.132531999999983,,-9.651451571465275,-1.263453439401141,6.324011085915826,0,50.61316659932486,66.71779193291704,,,,,-0.07633970638871501,1.365735846714383,1.442075553103098,0.47785942938133763,50.61316659932486,,,,,,,,,5.478068754242774,47.609291287790946,-23.804645643895473,0
2024-01-03,20.53,20.66,19.66,20.32,21.499000000000024,26.048834722272638,16.94916527772741,52.333125493056805,62.99046931430703,0,0,,,,18.319688888888873,18.502885777777763,18.136491999999983,,-11.675215161262276,-5.483975998883772,1.7747132577591307,0,46.67676216931448,66.22886138485858,,,,,-0.27632438213588806,1.096670075433238,1.372994457569126,-0.030735330042185694,46.67676216931448,,,,,,,,,0.3619702512828716,47.56716911658361,-23.783584558291803,0
2024-01-04,19.92,20.295,19.475,19.5,21.60350000000002,25.85938192975295,17.347618070247094,44.23946872683182,52.66377926211843,0,0,,,,18.322577777777763,18.50580355555554,18.139351999999985,,-13.414146796323434,-9.736848195894277,-2.7496093360375284,0,42.899378201818536,64.90517409301451,,,,,-0.4520333345498486,0.8079527893818153,1.2599861239316639,-0.5989157665159253,42.899378201818536,,,,,,,,,-5.809802229478613,47.51347045923667,-23.756735229618336,0
2024-01-05,19.38,19.9,19,19.08,21.638500000000022,25.798193618525048,17.478806381474996,31.66584207910995,42.746145432999505,0,0,,,,18.32328888888887,18.50652177777776,18.140055999999984,,-13.708109085975318,-11.823832520738598,-5.372788890725788,0,41.06623893200798,62.74719775549642,,,,,-0.576758439313195,0.5390380747901702,1.1157965141033652,-0.7722927778538131,41.06623893200798,41.06623893200798,,41.06623893200798,,,,,,-8.730836085101657,47.457142134481856,-23.728571067240928,0
2024-01-08,19.06,19.58,18.89,19.58,21.658000000000023,25.775035826902382,17.540964173097663,30.724474299780617,35.54326170190745,0,0,,,,18.32368888888887,18.50692577777776,18.140451999999982,,-9.81530099949336,-9.594607073598771,-3.4675431388661027,0,44.12714982557854,60.72896617944205,,,,,-0.6029627601385638,0.3620930639301605,0.9650558240687243,-0.8675755986192217,44.12714982557854,,,,,,,,,-9.432433304616522,47.4005983988529,-23.70029919942645,0
2024-01-09,19.58,19.759,19.16,19.25,21.668500000000023,25.75976520773191,17.577234792268136,27.383739127038098,29.92468516864287,0,0,,,,18.31524444444443,18.498396888888877,18.132091999999986,,-9.688013136289008,-11.161363269261926,-5.532290780605931,0,42.55614531810394,58.41849300126603,,,,,-0.6176368753295921,0.19300972990673415,0.8106466052363263,-0.898103655911986,42.55614531810394,,,,,,,,,-9.293382115183483,47.344330342261195,-23.672165171130597,0
2024-01-10,19.29,19.39,18.88,19.07,21.674500000000023,25.75012252913561,17.598877470864437,24.086381024874257,27.39819815056431,0,0,,,,18.308088888888875,18.491169777777763,18.125007999999987,,-8.594161913435261,-12.016424831022722,-6.783113095335103,0,41.68440249000074,55.95112834327686,,,,,-0.613334470693463,0.0439785168694975,0.6573129875629605,-0.9005146601491651,41.68440249000074,,,,,,,,,-8.841314736824167,47.288529162130956,-23.644264581065478,0
2024-01-11,18.88,19.12,18.2812,18.79,21.703500000000023,25.687323665776056,17.71967633422399,21.82068981734922,24.430269989753842,0,0,,,,18.301733333333324,18.484750666666656,18.118715999999992,,-7.751976042024644,-13.42410210334748,-8.35636481872869,0,40.30142007232868,53.97235981372048,,,,,-0.6023473432846118,-0.09562119154280424,0.5067261517418076,-0.9237431130267775,40.30142007232868,,,,,,,,,-9.676517432776517,47.23246563582878,-23.61623281791439,0
2024-01-12,18.445,18.865,17.78,18.06,21.622500000000024,25.827344230170443,17.417655769829604,17.965925845921245,21.290998896048226,0,0,,,,18.297199999999986,18.480171999999985,18.114227999999986,,-8.884516421976684,-16.475893166840194,-12.02260327357758,0,36.86716655815954,51.66098146198199,,,,,-0.6150914018008212,-0.26213810050921893,0.3529533012916023,-0.9323535868107058,36.86716655815954,,,,,,,,,-11.17623992454878,47.17613273516934,-23.58806636758467,0
2024-01-16,17.72,18.02,17.075,17.82,21.39200000000002,25.889730983506915,16.894269016493126,16.38989804169555,18.72550456832199,0,0,,,,18.29186666666665,18.474785333333315,18.108947999999984,,-7.462221529833291,-16.697830964846748,-13.340898038580008,0,35.78743537611028,49.453750846937304,,,,,-0.609369070303853,-0.40875803658821397,0.20061103371563904,-0.9384918804453446,35.78743537611028,,,,,,,,,-12.853904775403239,47.12001575880344,-23.56000787940172,0
2024-01-17,17.05,17.16,16.28,16.76,21.088500000000025,25.960732650438338,16.21626734956171,12.56968711658321,15.641837001399987,0,0,,,,18.28555555555554,18.468411111111095,18.102699999999984,,-10.959995749880457,-20.525404841501384,-18.327566882705526,0,31.41173908251288,46.84125457831177,,,,,-0.6433139463293973,-0.6035313991961075,0.039782547133289714,-0.9395698718799329,31.41173908251288,,,,,,,,,-15.808848381599327,47.06550188523955,-23.532750942619774,0
2024-01-18,17,17.01,15.36,15.74,20.685500000000026,25.914253101839602,15.45674689816045,10.226320771648663,13.061968643309127,0,0,,,,18.27853333333332,18.461318666666656,18.095747999999986,,-14.293493057446216,-23.908051533683107,-23.048090869090508,0,27.879280016062296,43.9416253959847,,,,,-0.696323063890609,-0.8306212827299717,-0.1342982188393626,-0.9396090519593142,27.879280016062296,,,,,,,,,-19.196893920158427,47.0149386369902,-23.5074693184951,0
2024-01-19,15.74,15.86,15.16,15.48,20.242000000000026,25.653730222396327,14.830269777603725,8.160207413030836,10.318738433754223,0,0,,,,18.26533333333332,18.447986666666655,18.082679999999986,,-13.822858097199797,-23.52534334551931,-24.080431584109874,0,27.04440689758809,41.08882745296597,,,,,-0.7084139675589678,-1.0198156782880723,-0.31140171072910455,-0.9421304168001583,27.04440689758809,27.04440689758809,,27.04440689758809,,,,,,-22.54190145877577,46.97049518994682,-23.48524759497341,0
2024-01-22,15.54,16.81,15.4201,16.03,19.884500000000024,25.415993378826187,14.353006621173861,11.228869597925463,9.871799260868308,1,0,,,,18.250799999999984,18.433307999999982,18.068291999999985,,-9.219617170687489,-19.38444517086182,-21.07983917288916,0,31.70360050589248,38.61559228891455,,,,,-0.640917375905462,-1.1125484306109321,-0.47163105470547007,-0.9574978399350206,31.70360050589248,,,,,,,,,-23.26960141742529,46.927755123678374,-23.463877561839187,0
2024-01-23,16.625,16.86,15.8427,16.04,19.50750000000002,25.00782680847223,14.007173191527812,14.586118311362387,11.32506510743955,0,0,,,,18.252044444444433,18.43456488888888,18.069523999999987,,-7.304669440591772,-17.775214661027906,-20.620257340811634,0,31.788896617542065,37.271001575930065,,,,,-0.5600759250351265,-1.1717259609993782,-0.6116500359642517,-0.9477559497339664,31.788896617542065,,,,,,,,,-22.343841617922532,46.88312374227195,-23.441561871135974,0
2024-01-24,16.345,16.49,15.25,15.34,19.114000000000022,24.62454770417592,13.603452295824123,13.628431400430987,13.147806436572933,0,0,,,,18.250355555555544,18.4328591111111,18.067851999999988,,-9.30053804765565,-19.74468975619974,-23.618257261410804,0,29.05354431956576,36.01220030094801,,,,,-0.519142032365023,-1.2605775764205305,-0.7414355440555075,-0.9468138682115069,29.05354431956576,,,,,,,,,-22.195610704395914,46.838307702847295,-23.419153851423648,0
2024-01-25,15,15.29,14.59,15,18.68450000000002,24.070253336349396,13.298746663650645,11.998747534268876,13.404432415354071,0,0,,,,18.241822222222208,18.42424044444443,18.059403999999986,,-9.123954925481648,-19.719553640718335,-24.818310918051978,0,27.80218425035224,34.93382930441471,,,,,-0.4812096576530094,-1.3429476161217693,-0.8617379584687599,-0.953930682586008,27.80218425035224,,,,,,,,,-23.45906114975702,46.79631817347404,-23.39815908673702,0
2024-01-26,15.13,15.48,15.04,15.29,18.262500000000024,23.312956910022926,13.212043089977122,14.282085972404523,13.303088302368115,1,0,,,,18.23364444444443,18.415980888888875,18.051307999999985,,-5.360237682594704,-16.27652292950046,-22.98910397394357,0,30.549827019422153,34.18265702494429,,,,,-0.405845151657117,-1.369044398040156,-0.9631992463830391,-0.9521905881551573,30.549827019422153,,,,,,,,,-24.239942840616724,46.7562529792099,-23.37812648960495,0
2024-01-29,15.43,16.14,15.03,16.12,17.891500000000022,22.39751941851106,13.385480581488986,22.783259325388613,16.354697610687325,0,0,,,,18.240222222222208,18.42262444444443,18.057819999999985,,0.9898508958777086,-9.901349802979176,-18.32046886347899,0,37.84111426056955,33.7336544845865,,,,,-0.2755831012354282,-1.3076781229273244,-1.0320950216918963,-0.8900193853112898,37.84111426056955,,,,,37.84111426056955,,37.84111426056955,,-22.449336688628147,46.7122820695948,-23.3561410347974,0
2024-01-30,16,16.31,15.65,15.66,17.50150000000002,21.308085215123747,13.694914784876296,24.465141971765867,20.51016242318632,0,0,,,,18.24257777777776,18.425003555555538,18.060151999999984,,-0.5461704559888148,-10.521955260977744,-19.733470015376753,0,35.609780215840686,33.23748554871056,,,,,-0.1994375621330975,-1.281391974358268,-1.0819544122251705,-0.8383280669471248,35.609780215840686,,,,,,,,,-20.943163793593005,46.66557442841249,-23.332787214206245,0
2024-01-31,15.6,16.25,15.31,15.31,17.212000000000025,20.75114452940233,13.67285547059772,25.564369513735066,24.270923603629836,0,0,,,,18.24604444444443,18.428504888888874,18.063583999999985,,-1.8652650471123522,-11.050429932605288,-20.506074976634736,0,33.96853890932255,32.68635243580497,,,,,-0.15372837733286415,-1.2741148838912508,-1.1203865065583867,-0.7927244215834733,33.96853890932255,,,,,,,,,-20.52666151326378,46.618295461427074,-23.309147730713537,0
2024-02-01,15.54,15.76,14.97,15.53,16.97250000000002,20.278554294774743,13.666445705225302,29.358384552727777,26.46263201274289,0,0,,,,18.25213333333332,18.434654666666653,18.069611999999985,,-0.320924261874167,-8.499042568861515,-18.192832434900218,0,35.96633350992832,32.37670339563352,,,,,-0.09276581431302833,-1.2363437744496721,-1.1435779601366438,-0.7167102071208794,35.96633350992832,,,,,,,,,-21.148938058265912,46.57221988982031,-23.286109944910155,0
2024-02-02,15.25,15.66,15,15.6,16.777500000000025,19.92026868381976,13.63473131618029,30.226124209185166,28.38295942521599,0,0,,,,18.26044444444443,18.443048888888875,18.077839999999988,,0.05130836326323607,-7.018328118015338,-16.541836079606288,0,36.623369435381385,32.359289315435085,,,,,-0.034799705138779835,-1.1870775915601186,-1.1522778864213388,-0.5998816971270146,36.623369435381385,,,,,,,,,-20.901658455845837,46.52584489875247,-23.262922449376234,0
2024-02-05,15.3,15.35,14.73,14.94,16.570500000000024,19.62346233189967,13.517537668100376,28.436582243031914,29.34036366831494,0,0,,,,18.268133333333317,18.450814666666652,18.085451999999982,,-3.5070722728153148,-9.839775504662029,-18.880764497212798,0,33.16773970150878,32.172168195820696,,,,,-0.028257973430981354,-1.1876003532100654,-1.159342379779084,-0.550108520004635,33.16773970150878,,,,,,,,,-21.2253376295048,46.480167299803476,-23.240083649901738,0
2024-02-06,15.03,15.53,14.735,15.5,16.366500000000023,19.118206924801108,13.614793075198941,33.98933568538636,30.8840140458678,0,0,,,,18.279111111111092,18.461902222222204,18.09631999999998,,0.4601724026184639,-5.2943512663063075,-14.591139519506314,0,38.472513310209216,32.67650921208472,,,,,0.023630981845766064,-1.1298036524718764,-1.1534346343176425,-0.3522116546649341,38.472513310209216,,,,,,,,,-20.99049698735958,46.43420891366274,-23.21710445683137,0
2024-02-07,15.64,15.765,15.11,15.17,16.162500000000023,18.617868607765153,13.707131392234892,34.20309844378994,32.20967212406939,0,0,,,,18.286711111111092,18.469578222222204,18.10384399999998,,-1.5702050350376084,-6.140757927300989,-15.156599552572736,0,36.62750374296326,33.30138233543479,,,,,0.04437101297037871,-1.0979708681046692,-1.1423418810750479,-0.3907140331313572,36.62750374296326,,,,,,,,,-21.416952214008234,46.38913109119885,-23.194565545599424,0
2024-02-08,15.2,16.12,15.15,16.11,16.01450000000002,18.076309642037465,13.952690357962574,46.842402202310716,38.344945443829,0,0,,,,18.300488888888868,18.483493777777756,18.11748399999998,,3.781485537589435,0.596334571794177,-8.625122891930726,0,44.754720392360014,34.5664047279185,,,,,0.12544757772308524,-0.9855324089211912,-1.1109799866442764,-0.18419694321800528,44.754720392360014,,,,,,,,,-19.03799877933899,46.340471395439,-23.1702356977195,0
2024-02-09,16.57,16.84,16.27,16.68,15.90900000000002,17.568649360557416,14.249350639442623,55.60862166238343,45.55137410282802,0,0,,,,18.316755555555538,18.499923111111094,18.133587999999982,,6.499808453581957,4.846313407505054,-4.114051392109152,0,49.02385363022417,35.80356566537076,,,,,0.2161932893263656,-0.8407383749863193,-1.056931664312685,0.2607427400318268,49.02385363022417,,,,,49.02385363022417,,49.02385363022417,,-16.63567294047827,46.28936130749802,-23.14468065374901,0
2024-02-12,15.96,16.8,15.85,16.33,15.82250000000002,17.176972221936914,14.468027778063124,56.06786406967612,52.83962931145675,0,0,,,,18.328844444444425,18.512132888888868,18.14555599999998,,4.125486195243289,3.207457734239072,-4.810943146931956,0,46.64051505131363,36.86439555349731,,,,,0.24903739575063177,-0.7456349196243952,-0.994672315375027,0.5378093215988445,46.64051505131363,,,,,,,,,-14.336826418190043,46.23699989996822,-23.11849994998411,0
2024-02-13,15.56,15.58,15.035,15.38,15.70050000000002,16.708576881988115,14.692423118011924,56.84668679114699,56.174390841068835,0,0,,,,18.338133333333317,18.52151466666665,18.154751999999984,,-1.75662727563074,-2.041336263176452,-8.918630818429474,0,40.83721931540147,37.706086624628426,,,,,0.20500995056751914,-0.738409877165628,-0.9434198277331471,0.41239136158143486,40.83721931540147,,,,,,,,,-15.400737346800698,46.18534213819006,-23.09267106909503,0
2024-02-14,15.595,15.83,15.37,15.54,15.639500000000021,16.52379576500097,14.755204234999072,56.89732461218382,56.60395849100231,0,0,,,,18.34626666666665,18.529729333333318,18.162803999999984,,-0.8802143130500983,-0.6362095974936643,-6.949822362380753,0,42.1429355986018,38.730426006646255,,,,,0.18547924520574866,-0.7115707712259614,-0.89705001643171,0.24447054986085334,42.1429355986018,,,,,,,,,-17.21416651700426,46.13526250396296,-23.06763125198148,0
2024-02-15,15.6,16.55,15.57,16.35,15.670000000000021,16.60658955791614,14.7334104420839,61.088490330215336,58.27750057784871,0,0,,,,18.358400000000007,18.541984000000006,18.174816000000007,,3.743654822335074,4.339502233567183,-1.3177748717432824,0,48.35681704738976,40.002353865786795,,,,,0.22338519039437066,-0.6178185284387467,-0.8412037188331174,0.29933826231206584,48.35681704738976,,,,,,,,,-17.000871901927912,46.08514687800087,-23.042573439000435,0
2024-02-16,16.2,16.73,16.065,16.3,15.711000000000022,16.68189443298296,14.740105567017082,62.01197099563959,59.999261979346244,0,0,,,,18.371688888888897,18.555405777777786,18.18797200000001,,2.9690461149716185,3.7489656928265447,-0.9820795788194725,0,48.01401433022234,40.72898958504771,,,,,0.23991189221347875,-0.5413138535662689,-0.7812257457797477,0.5268736656987834,48.01401433022234,,,,,,,,,-15.238559091486328,46.03390336837901,-23.016951684189504,0
2024-02-20,16.198,16.5,15.46,15.89,15.704000000000022,16.66758497289928,14.740415027100763,59.24519467503417,60.781885333629695,0,0,,,,18.384711111111116,18.568558222222226,18.200864000000006,,-0.2197802197801746,1.1844116148750583,-2.8451473525455517,0,45.185341902240246,41.41295827693339,,,,,0.21865097474900874,-0.5079120273434867,-0.7265630020924955,0.5378985378316834,45.185341902240246,,,,,,,,,-14.480304579158094,45.98246350830868,-22.99123175415434,0
2024-02-21,15.7,16.095,15.18,15.39,15.671500000000023,16.631401557451138,14.711598442548906,52.945838420221435,58.06766803029839,0,0,,,,18.389822222222225,18.573720444444447,18.205924000000003,,-3.2926982531104376,-1.7962543470632863,-5.091783666002037,0,41.94032292774835,41.98237142110666,,,,,0.1685781024673274,-0.5158403740083362,-0.6844184764756636,0.33695469618198964,41.94032292774835,,,,,,,,,-16.00653121263495,45.93204628632009,-22.966023143160044,0
2024-02-22,11.98,12.25,11.06,11.45,15.477000000000023,17.553613589476203,13.400386410523843,29.22589750339833,47.13897686621797,0,0,,,,18.376711111111117,18.56047822222223,18.192944000000004,,-26.32865783039503,-26.01925437746345,-28.23866129065956,0,26.058962786686024,41.274702083732215,,,,,-0.11684562933508413,-0.8304755131445187,-0.7136298838094346,-0.296041620349958,26.058962786686024,,,,,,,,,-24.117776635465095,45.89391836345203,-22.946959181726015,0
2024-02-23,10.92,11.02,10.06,10.07,15.230500000000024,18.3722986886491,12.088701311350949,19.598535849462564,33.923423924360776,0,0,,,,18.35266666666667,18.536193333333337,18.169140000000006,,-32.588030526174826,-33.882669643150365,-35.67824217003429,0,22.80210750503859,40.287469088707724,,,,,-0.37118080252190633,-1.1776058869618176,-0.8064250844399112,-0.5229994289337684,22.80210750503859,22.80210750503859,,22.80210750503859,,,,,,-33.807224774147244,45.887061746117645,-22.943530873058823,0
2024-02-26,10.21,10.92,10.05,10.7,15.001000000000023,18.711066845758605,11.290933154241442,19.506756435351644,22.77706326273751,0,0,,,,18.33253333333334,18.515858666666674,18.14920800000001,,-25.38354253835423,-28.67142190520643,-30.456258936695725,0,27.270953378189603,39.8662700656135,,,,,-0.46357809900193614,-1.3858977081923314,-0.9223196091903952,-0.6875487953298859,27.270953378189603,,,,,,,,,-41.412963342298355,45.917146979468065,-22.958573489734032,0
2024-02-27,10.97,11.25,10.56,11.14,14.75200000000002,18.782834156846153,10.721165843153887,20.162209129398278,19.755833804737488,1,0,,,,18.313688888888894,18.496825777777783,18.130552000000005,,-19.39801750958683,-24.484815618221354,-26.494523380108237,0,30.305442652057735,39.282907875745536,,,,,-0.4607010205249029,-1.498195884846524,-1.037494864321621,-0.7724300824766716,30.305442652057735,,,,,,,,,-41.47447520521868,45.947061739783145,-22.973530869891572,0
2024-02-28,11.04,11.54,10.77,11.3,14.534000000000024,18.80903169578861,10.258968304211438,21.92069225092805,20.529885938559318,0,0,,,,18.298888888888897,18.481877777777786,18.115900000000007,,-15.75337359278307,-22.25127287739107,-24.35399651894501,0,31.425886010622065,38.91136375200688,,,,,-0.4150775458569982,-1.5563417966428688,-1.1412642507858706,-0.8428206297095169,31.425886010622065,,,,,,,,,-38.89482471389519,45.96273645009966,-22.98136822504983,0
2024-02-29,11.51,11.7599,11.01,11.32,14.334500000000023,18.813586848900957,9.85541315109909,25.68160390091149,22.588168427079268,0,0,,,,18.284888888888897,18.467737777777785,18.10204000000001,,-12.862751135401407,-21.029683630402307,-23.28890896769825,0,31.573969651809037,37.96988155625324,,,,,-0.3530415433691838,-1.5825661799973503,-1.2295246366281665,-0.858717007936012,31.573969651809037,,,,,,,,,-37.44137415693715,45.97090453761049,-22.985452268805243,0
2024-03-01,11.2,11.59,11.01,11.35,14.125500000000025,18.749686306800072,9.501313693199979,27.62572856670318,25.076008239514234,0,0,,,,18.26951111111112,18.452206222222234,18.08681600000001,,-9.134576895364631,-19.64886198718644,-22.31525632543181,0,31.811835352601193,36.74045167928017,,,,,-0.28252768643892123,-1.582684244676818,-1.3001565582378967,-0.8416662563085081,31.811835352601193,,,,,31.811835352601193,,31.811835352601193,,-36.77399579528066,45.97564751683416,-22.98782375841708,0
2024-03-04,10.89,11.08,10.55,10.91,13.891000000000023,18.66553620784235,9.116463792157695,25.69638606953862,26.33457284571776,0,0,,,,18.252488888888898,18.435013777777787,18.06996400000001,,-8.71820615796517,-21.459938089410535,-24.54004703278465,0,30.156060839037792,35.562990664117606,,,,,-0.23974689173380703,-1.5998401729051555,-1.3600932811713484,-0.8251285157146099,30.156060839037792,,,,,,,,,-37.200843349839175,45.98210516452796,-22.99105258226398,0
2024-03-05,10.73,11.195,10.64,10.93,13.690500000000025,18.606679309178787,8.774320690821263,27.673392746299463,26.99850246084708,0,0,,,,18.23800000000001,18.420380000000012,18.055620000000008,,-4.5914804469273545,-20.16361710675301,-23.502239641657386,0,30.333560727224864,34.8127293363907,,,,,-0.1866887260848742,-1.5934541887774412,-1.406765462692567,-0.811369305664741,30.333560727224864,,,,,,,,,-37.64782680447704,45.99038429221684,-22.99519214610842,0
2024-03-06,10.99,11.125,10.735,11.03,13.467000000000024,18.43990699691818,8.494093003081868,28.042135268771297,27.137304694869787,0,0,,,,18.223155555555564,18.40538711111112,18.040924000000008,,0.09074410163343316,-18.09608673052662,-21.889384604489813,0,31.274030669953135,34.036378984344374,,,,,-0.12443938567648871,-1.5623146947881779,-1.4378753091116891,-0.7704968747144114,31.274030669953135,,,,,,,,,-37.97214339585668,45.99990930538156,-22.99995465269078,0
2024-03-07,11.58,12.74,11.045,12.51,13.334000000000023,18.25966503124176,8.408334968758284,40.95425027000238,32.223259428357714,0,0,,,,18.2192888888889,18.40148177777779,18.037096000000012,,12.439331296063294,-6.179691015449384,-10.812737642585601,0,43.443006301306774,33.6853925024813,,,,,0.028659590321942208,-1.4020508212092615,-1.4307104115312037,-0.6117568069453707,43.443006301306774,,,,,,,,,-34.54469632746976,45.993915004680446,-22.996957502340223,0
2024-03-08,13.13,13.64,12.425,12.78,13.167500000000024,17.928953034526113,8.406046965473934,48.19665644258837,39.06434732712068,0,0,,,,18.215066666666676,18.397217333333344,18.032916000000007,,12.134772308502262,-2.9428517182458536,-8.404606049022956,0,45.34432594128957,33.49470047470039,,,,,0.15339096232943805,-1.238971708619406,-1.3923626709488441,-0.36424716826254094,45.34432594128957,,,,,45.34432594128957,,45.34432594128957,,-30.56194861510684,45.97294368924058,-22.98647184462029,0
2024-03-11,12.87,13.52,12.555,12.69,12.968000000000023,17.45022087809135,8.485779121908696,51.625913345847295,46.92560668614601,0,0,,,,18.211777777777783,18.39389555555556,18.029660000000007,,9.434287685408771,-2.143738433066189,-8.481176979662553,0,44.803639423994376,33.46743601196853,,,,,0.23047947709246785,-1.1042633245832594,-1.3347428016757272,0.011241422584956142,44.803639423994376,,,,,,,,,-26.90363881238622,45.94102162488685,-22.970510812443425,0
2024-03-12,12.75,12.88,11.97,12.37,12.770000000000024,16.98241023643209,8.557589763567957,52.90208469059601,50.908218159677226,0,0,,,,18.209777777777784,18.39187555555556,18.027680000000007,,5.555081491594871,-3.1323414252155346,-9.977439778764353,0,42.847325867611,33.53222193624443,,,,,0.2584618925760227,-1.011665435955699,-1.2701273285317216,0.7465394640638355,42.847325867611,,,,,,,,,-26.81074892065566,45.90889404509396,-22.95444702254698,0
2024-03-13,11.95,12.37,11.645,11.71,12.586500000000026,16.64507253230711,8.527927467692939,55.20631327129059,53.2447704359113,0,0,,,,18.206933333333343,18.389002666666677,18.024864000000008,,-0.4251700680271919,-6.963810431812045,-13.956108552953895,0,39.05917809634847,34.46080874407747,,,,,0.23191157928338724,-0.9802378544274877,-1.212149433710875,0.776646724315159,39.05917809634847,,,,,,,,,-28.59427172341995,45.88173911530818,-22.94086955765409,0
2024-03-14,11.52,11.59,10.54,10.69,12.344000000000024,16.2441917901557,8.443808209844349,49.63578709037358,52.58139501742006,0,0,,,,18.200000000000006,18.382000000000005,18.018000000000008,,-8.609045054287423,-13.399222294232194,-20.551949660605494,0,34.049047199472994,35.26416157939421,,,,,0.14907008698903002,-1.0258118249745873,-1.1748819119636174,0.459720660253405,34.049047199472994,,,,,,,,,-32.18460631752333,45.866299183533584,-22.933149591766792,0
2024-03-15,11.01,11.2888,10.8741,11.04,12.078500000000023,15.551252654595203,8.605747345404843,48.83057926118142,51.22422654094853,0,0,,,,18.194133333333344,18.37607466666668,18.01219200000001,,-5.366020915480885,-8.597921927391827,-17.027832752962446,0,37.03365331389249,35.961497289087276,,,,,0.12237950070107262,-1.0219075360872765,-1.144287036788349,0.23573263844932082,37.03365331389249,,,,,,,,,-34.45776415863982,45.85941037413354,-22.92970518706677,0
2024-03-18,11.19,11.56,10.76,11.4,11.833500000000024,14.722750940987638,8.94424905901241,43.25932016733996,47.24189550629831,0,0,,,,18.191466666666674,18.37338133333334,18.009552000000006,,-2.688860435339291,-3.6633286855116687,-13.411145150264625,0,40.039391319950205,36.65677933679388,,,,,0.13264162811267566,-0.9784850016475044,-1.11112662976018,0.1326283908027166,40.039391319950205,,,,,,,,,-34.7052244667696,45.85336080775572,-22.92668040387786,0
2024-03-19,11.16,11.38,10.97,11.26,11.602000000000023,13.817433140493787,9.38656685950626,41.275047366238944,44.45498226492011,0,0,,,,18.188000000000006,18.369880000000006,18.006120000000006,,-4.153898535920986,-2.9477676262715247,-13.670167906156594,0,39.25461911529621,37.21597455855631,,,,,0.13331589389191234,-0.9444817623952897,-1.077797656287202,0.027555904725498664,39.25461911529621,,,,,,,,,-33.277937337214205,45.84159322004119,-22.920796610020595,0
2024-03-20,11.2,11.46,10.96,11.36,11.400500000000026,12.774421031208815,10.026578968791236,44.53048438810652,43.021617307228475,0,0,,,,18.18217777777778,18.36399955555556,18.000356000000004,,-3.573550632374145,-0.35524757686089536,-11.972103835722624,0,40.15686954481096,37.82903883662788,,,,,0.14295771304843563,-0.8991005149766575,-1.0420582280250932,-0.05583019411994552,40.15686954481096,,,,,,,,,-32.3493312755294,45.826315496408085,-22.913157748204043,0
2024-03-21,11.4,11.42,11.08,11.17,11.386500000000026,12.763820224202757,10.009179775797296,45.136406898814656,43.64731288438671,0,0,,,,18.17484444444445,18.356592888888894,17.993096000000005,,-4.095475229672852,-1.901374434637737,-12.540780373222027,0,38.97243871007426,38.34051050501881,,,,,0.13888182878639577,-0.8684559420420985,-1.0073377708284943,-0.16484660750143798,38.97243871007426,,,,,,,,,-32.571342409944265,45.81174662992073,-22.905873314960363,0
2024-03-22,11.02,11.07,10.71,10.8,11.423000000000027,12.69337159917788,10.152628400822174,41.081880093350385,43.58292379342385,0,0,,,,18.16662222222223,18.348288444444453,17.984956000000007,,-5.66861734649311,-5.453908780530725,-14.249417742960024,0,36.70218407616072,38.80809073624188,,,,,0.11461789909788556,-0.8640653969561374,-0.9786832960540229,-0.4103360544420476,36.70218407616072,,,,,,,,,-33.266493786475365,45.79962364774034,-22.89981182387017,0
2024-03-25,10.66,11.13,10.36,10.65,11.420500000000025,12.696736263392447,10.144263736607604,35.92383272495029,40.71403990570511,0,0,,,,18.15760000000001,18.33917600000001,17.97602400000001,,-5.291240551356136,-6.746639814369104,-14.06901374357875,0,35.79190201492369,39.19797225679179,,,,,0.09275109759503453,-0.8627444240602298,-0.9554955216552643,-0.6560262154609622,35.79190201492369,,,,,,,,,-34.46086438207632,45.791941287089294,-22.895970643544647,0
2024-03-26,10.85,11.035,10.5,10.52,11.389500000000023,12.720431628596316,10.05856837140373,31.9950522001716,36.33358833949076,0,0,,,,18.147422222222232,18.328896444444453,17.96594800000001,,-4.88245931283905,-7.634224505026754,-13.77049180327875,0,34.98212209559318,39.4628359300518,,,,,0.07459801823013701,-0.8622479988675931,-0.9368460170977301,-0.8658180612524772,34.98212209559318,34.98212209559318,,34.98212209559318,,,,,,-35.52524114986567,45.78837542599099,-22.894187712995496,0
2024-03-27,10.64,11.07,10.48,10.99,11.374000000000024,12.71591504947148,10.032084950528567,33.79732890445859,33.90540460986016,0,0,,,,18.138711111111125,18.320098222222235,17.957324000000014,,0.018201674554085834,-3.376120977668562,-8.824424103315787,0,40.24580606613317,39.234464484682256,,,,,0.09784481668882816,-0.8145399962366948,-0.912384812925523,-0.8138770420794881,40.24580606613317,,,,,,,,,-34.85979922657002,45.781955240651,-22.8909776203255,0
2024-03-28,10.88,11.495,10.88,10.95,11.355500000000024,12.71002537812993,10.000974621870117,35.6257970773239,33.806059393984704,0,0,,,,18.12777777777779,18.30905555555557,17.94650000000001,,-0.5810786272017476,-3.570956805072645,-7.9883479917092215,0,39.94938170344551,38.84911132483625,,,,,0.1130516042534987,-0.7710703076086496,-0.8841219118621483,-0.7359456825593332,39.94938170344551,,,,,,,,,-33.957795144818725,45.77189885172674,-22.88594942586337,0
2024-04-01,10.99,11.13,10.78,11.09,11.342500000000024,12.701968646198921,9.983031353801127,39.45213389393435,36.29175329190562,0,0,,,,18.115422222222236,18.296576444444458,17.934268000000014,,0.6443415917960049,-2.226140621556305,-5.418467136684157,0,41.571457141204014,38.6182411617798,,,,,0.13365141583162443,-0.7170576420726178,-0.8507090579042422,-0.600018347368363,41.571457141204014,,,,,41.571457141204014,,41.571457141204014,,-32.51059249929147,45.756466862370246,-22.878233431185123,0
2024-04-02,10.77,10.8,10.26,10.51,11.322500000000025,12.718119933935432,9.926880066064617,33.339382313059595,36.13910442810596,0,0,,,,18.10053333333335,18.281538666666684,17.919528000000014,,-3.8426349496797685,-7.175977036873682,-8.864930485302269,0,37.10033956578647,38.2077421402209,,,,,0.11029825765834622,-0.7128362358313094,-0.8231344934896556,-0.5473050633196014,37.10033956578647,,,,,,,,,-33.17409040476361,45.74330663427308,-22.87165331713654,0
2024-04-03,10.46,10.8,10.37,10.54,11.303000000000026,12.730544745357562,9.875455254642489,33.652614359866604,35.48137685562019,0,0,,,,18.08466666666668,18.26551333333335,17.903820000000014,,-2.9287161539878426,-6.750420242413735,-7.169279549057672,0,37.474926820352074,38.094581334792586,,,,,0.09929782358464778,-0.699012214008846,-0.7983100375934937,-0.4922420481752854,37.474926820352074,,,,,,,,,-33.66527234333741,45.73183569556091,-22.865917847780455,0
2024-04-04,10.63,10.71,10.13,10.13,11.258000000000028,12.771295741088874,9.744704258911181,29.124094898741923,32.03869719055604,0,0,,,,18.06817777777779,18.24885955555557,17.887496000000013,,-5.635770843036781,-10.01954165926474,-9.380963740458082,0,34.4549500305577,38.12357439415579,,,,,0.06831040669042654,-0.7129220292304606,-0.7812324359208871,-0.7518030156230496,34.4549500305577,,,,,,,,,-35.24699634690857,45.72628439119886,-22.86314219559943,0
2024-04-05,10.11,10.365,10.01,10.1,11.137500000000028,12.616241018568745,9.65875898143131,26.184789186065956,29.653832814891498,0,0,,,,18.055688888888906,18.236245777777796,17.875132000000015,,-4.968009032743681,-9.315375982042873,-9.284153169066867,0,34.237536085723434,37.923851735000845,,,,,0.05051496679046674,-0.7180887274328036,-0.7686036942232704,-0.8325645815043974,34.237536085723434,34.237536085723434,,34.237536085723434,,,,,,-35.68654240846457,45.72232686037165,-22.861163430185826,0
2024-04-08,10.19,10.495,10.16,10.44,11.020500000000029,12.320368839536394,9.720631160463663,27.378324615388287,27.562402900065393,0,0,,,,18.04235555555557,18.222779111111127,17.861932000000014,,-1.4350453172205402,-5.267456104532709,-6.334110891799838,0,38.94009496485305,37.84533056677962,,,,,0.06541827064966466,-0.6868308559111895,-0.7522491265608542,-0.7960023843799909,38.94009496485305,,,,,,,,,-35.448048404154314,45.71725128347202,-22.85862564173601,0
2024-04-09,10.45,10.69,10.39,10.63,10.917500000000029,11.975930441738011,9.859069558262046,36.700486889783996,30.08786689707942,0,0,,,,18.03146666666668,18.21178133333335,17.851152000000013,,0.37771482530692957,-2.633386764369383,-4.609494182046658,0,41.459355215102036,38.002811716765756,,,,,0.09031350675811256,-0.6393572431132135,-0.7296707498713261,-0.7044819002135991,41.459355215102036,,,,,,,,,-33.925910898516335,45.70622410246063,-22.853112051230315,0
2024-04-10,10.25,10.42,10.11,10.27,10.812500000000028,11.671612914579741,9.953387085420315,35.20675399821532,33.0951885011292,0,0,,,,18.017511111111126,18.197686222222238,17.837336000000015,,-2.7922385234263936,-5.017341040462686,-7.599568138195833,0,38.24000356685053,37.865892718340014,,,,,0.08486088516009826,-0.6235946434212032,-0.7084555285813015,-0.6643695228912702,38.24000356685053,,,,,,,,,-33.16757987826124,45.6923692345347,-22.84618461726735,0
2024-04-11,10.25,10.3,9.38,9.57,10.705500000000027,11.621981860157584,9.78901813984247,25.065271178691006,32.32417068889678,0,0,,,,17.999866666666684,18.17986533333335,17.819868000000017,,-8.183824234865188,-10.606697491943617,-13.448494166591352,0,32.89173848291817,37.43155698782886,,,,,0.038781228900701015,-0.6599789924554251,-0.6987602213561261,-0.6830972946884794,32.89173848291817,,,,,,,,,-34.607797649614426,45.68365803018496,-22.84182901509248,0
2024-04-12,9.48,9.51,9.08,9.13,10.627500000000028,11.772923502464401,9.482076497535655,19.120685692142192,26.46423695634951,0,0,,,,17.980577777777796,18.160383555555573,17.80077200000002,,-10.848549946294261,-14.09080216419688,-16.879096868171928,0,30.047041349813753,36.95618965023265,,,,,-0.013842891556567039,-0.716063835801835,-0.7022209442452679,-0.7480432378603084,30.047041349813753,,,,,,,,,-37.41787857953296,45.68606827056837,-22.843034135284185,0
2024-04-15,9.12,9.17,8.32,8.4,10.495500000000028,11.978948347600202,9.012051652399855,13.03350027298453,19.07315238127258,0,0,,,,17.954666666666682,18.13421333333335,17.775120000000015,,-15.764139590854365,-19.965699585536868,-22.83430811158409,0,26.025414845754597,36.25858342386342,,,,,-0.08628588379124791,-0.8100782989843278,-0.7237924151930799,-0.8074986601654541,26.025414845754597,26.025414845754597,,26.025414845754597,,,,,,-40.97026328374776,45.704463708308396,-22.852231854154198,0
2024-04-16,8.365,8.87,8.26,8.71,10.361000000000029,11.974144754818292,8.747855245181766,14.244691885720748,15.466292616949161,0,0,,,,17.930266666666686,18.109569333333354,17.750964000000018,,-11.049836601307161,-15.934755332497087,-19.44384499183036,0,30.292238309287782,35.92359172484161,,,,,-0.10078634618798044,-0.8497753479280554,-0.748989001740075,-0.8838014573509163,30.292238309287782,,,,,,,,,-42.413485044860984,45.729705387776775,-22.864852693888388,0
2024-04-17,8.75,9.01,8.73,8.74,10.23500000000003,11.938707721411681,8.531292278588378,14.67868492008105,13.985625692928778,1,0,,,,17.905200000000015,18.084252000000014,17.726148000000016,,-9.071993341656249,-14.606741573033954,-18.616922217394062,0,30.708766760508297,35.242374631582685,,,,,-0.09584864861491527,-0.8687998125087191,-0.7729511638938038,-0.8982991878727088,30.708766760508297,,,,,,,,,-42.897654017228746,45.75701838398251,-22.878509191991256,0
2024-04-18,8.7,9.08,8.38,8.83,10.10850000000003,11.834851933991981,8.382148066008078,16.038891828710096,14.987422878170634,0,0,,,,17.879688888888907,18.058485777777797,17.700892000000017,,-6.876186458553002,-12.647771677301535,-17.213575848490592,0,32.02109844520946,34.67606868456583,,,,,-0.07493881293101512,-0.8666246800575728,-0.7916858671265576,-0.8960118535082296,32.02109844520946,,,,,,,,,-41.671816592584705,45.77770718735462,-22.88885359367731,0
2024-04-19,8.66,8.89,8.57,8.63,9.981500000000029,11.750005301094086,8.212994698905971,17.342888956569972,16.020155235120374,0,0,,,,17.850755555555573,18.029263111111128,17.672248000000017,,-7.552222817354004,-13.54004909081825,-18.09553938627022,0,30.632673538895233,33.89472699868662,,,,,-0.0634504004432832,-0.8709988676806617,-0.8075484672373785,-0.8849460868389218,30.632673538895233,,,,,,,,,-41.6062845706521,45.79770131046161,-22.898850655230806,0
2024-04-22,8.46,8.86,8.315,8.79,9.881000000000029,11.680209826562196,8.081790173437861,21.93413749504776,18.438639426775946,0,0,,,,17.82373333333335,18.001970666666686,17.645496000000016,,-4.143947655398028,-11.041392571602326,-15.510557175354922,0,33.13064778388791,33.61117758569387,,,,,-0.03535041978625464,-0.8517364919701969,-0.8163860721839422,-0.8714955677405728,33.13064778388791,,,,,,,,,-41.24485978868693,45.81557693061586,-22.90778846530793,0
2024-04-23,8.72,9.24,8.685,9.04,9.80050000000003,11.59894905404569,8.00205094595437,29.958095282700647,23.07837391143946,0,0,,,,17.798444444444463,17.976428888888908,17.62046000000002,,0.321828875818464,-7.759808173052685,-12.079361991830472,0,36.95110374193173,33.57376165152099,,,,,0.007512483061614894,-0.8069954683569236,-0.8145079514185385,-0.8119833810203891,36.95110374193173,,,,,36.95110374193173,,36.95110374193173,,-40.54440656191888,45.82979114172203,-22.914895570861017,0
2024-04-24,9.16,9.2,8.6933,8.84,9.716500000000028,11.529555707913577,7.90344429208648,32.96911839586936,28.28711705787259,0,0,,,,17.772933333333352,17.950662666666688,17.595204000000017,,-0.315741993685148,-9.020737920033195,-13.029219820942595,0,35.217608655450434,33.62823726758476,,,,,0.02864648415203208,-0.7786998462284984,-0.8073463303805305,-0.7828720403293975,35.217608655450434,,,,,,,,,-39.855322906521714,45.840530448676574,-22.920265224338287,0
2024-04-25,8.62,8.71,8.46,8.52,9.593000000000028,11.378531853537767,7.8074681464622895,32.60258580838941,31.843266495653136,0,0,,,,17.746444444444467,17.923908888888914,17.56898000000002,,-2.7730229373502113,-11.185239236943866,-15.291310399681935,0,32.58370249894729,33.51010629710075,,,,,0.027329940530129937,-0.7731839047178681,-0.8005138452479981,-0.7702141214706161,32.58370249894729,,,,,,,,,-40.27759914784359,45.8529088914251,-22.92645444571255,0
2024-04-26,8.55,9.04,8.5,9.04,9.497500000000029,11.18406900244194,7.81093099755812,39.30078372695384,34.95749597707087,0,0,,,,17.722888888888907,17.900117777777798,17.545660000000016,,3.2670779072424105,-4.817057120295109,-9.627111866440174,0,40.386067361899755,33.61339003974694,,,,,0.06555539295810875,-0.7185696040503622,-0.7841249970084709,-0.6406263257723924,40.386067361899755,,,,,,,,,-40.09261025922171,45.86415192703686,-22.93207596351843,0
2024-04-29,9.21,9.41,9.02,9.38,9.41200000000003,10.932139467285142,7.891860532714917,46.26933873157649,39.39090275563991,0,0,,,,17.70013333333335,17.877134666666684,17.523132000000018,,5.964753727971117,-0.33999150021279956,-5.706530844754287,0,44.878127645247254,33.8575880704716,,,,,0.11492456758532676,-0.6404692875268125,-0.7553938551121393,-0.34401857013646414,44.878127645247254,,,,,44.878127645247254,,44.878127645247254,,-38.696812951094024,45.86898545110878,-22.93449272555439,0
2024-04-30,9.11,9.2,8.9,8.9,9.33150000000003,10.779329755184603,7.883670244815457,45.47763828611788,43.682586914882734,0,0,,,,17.678266666666687,17.855049333333355,17.50148400000002,,0.3269079021531063,-4.624122595510139,-9.775960531206795,0,40.26521882152191,34.00224630294813,,,,,0.11609797701773794,-0.6102713838399669,-0.7263693608577049,-0.006923318243444627,40.26521882152191,,,,,,,,,-37.67791295229568,45.86935364548302,-22.93467682274151,0
2024-05-01,8.85,9.55,8.84,9.21,9.26500000000003,10.602677091079107,7.927322908920955,51.81992705113579,47.85563468961005,0,0,,,,17.656755555555577,17.833323111111135,17.48018800000002,,3.2742767436645392,-0.5936319481924413,-5.982033483054394,0,44.25073372051193,34.8136031056334,,,,,0.137153046113889,-0.5549280532153436,-0.6920810993292326,0.47506017557644004,44.25073372051193,,,,,,,,,-37.13588686067285,45.86736034061039,-22.933680170305195,0
2024-05-02,9.42,10.13,9.215,9.83,9.250000000000032,10.554867809395933,7.945132190604132,67.04586035432578,54.78114189719315,0,0,,,,17.63880000000002,17.81518800000002,17.462412000000022,,9.004213794632987,6.270270270269895,0.8722421754745247,0,51.255553725339446,36.328496846742375,,,,,0.1890366890498184,-0.4557852380169596,-0.644821927066778,0.7568222654111,51.255553725339446,,,,,,,,,-35.90551757401114,45.860479663899554,-22.930239831949777,0
2024-05-03,10.13,10.408,9.9,10.07,9.248500000000032,10.549519215844954,7.947480784155109,73.08766312796672,63.98448351114277,0,0,,,,17.621333333333357,17.79754666666669,17.445120000000024,,9.910499890853552,8.882521489970973,3.7253218884119477,0,53.68168773632073,38.30394491035424,,,,,0.232841693420193,-0.35376981029153676,-0.5866115037117298,0.7683414490385804,53.68168773632073,,,,,,,,,-32.99839451487815,45.84342002725131,-22.921710013625656,0
2024-05-06,10.2,10.495,10.08,10.33,9.24300000000003,10.524609925054381,7.96139007494568,78.57345525809633,72.90232624679628,0,0,,,,17.59946666666669,17.775461333333357,17.42347200000002,,10.884499785315604,11.760251000756972,6.575417841667153,0,56.22368807830409,40.156191322426835,,,,,0.2700324928914981,-0.24907088759735707,-0.5191033804888552,0.8194981817354489,56.22368807830409,,,,,56.22368807830409,,56.22368807830409,,-30.166665847835915,45.817975748558496,-22.908987874279248,0
2024-05-07,11.14,11.215,10.07,10.25,9.224000000000029,10.431947018704886,8.016052981295172,75.87162931789918,75.84424923465407,0,0,,,,17.57951111111113,17.75530622222224,17.40371600000002,,8.615025961640388,11.123156981786298,5.895722845925944,0,55.21949634492368,41.906957721313645,,,,,0.27881456933607984,-0.1705851688187554,-0.44939973815483525,0.863810711899539,55.21949634492368,,,,,,,,,-28.878900198326054,45.78922487324927,-22.894612436624634,0
2024-05-08,9.51,10.28,9.25,10.27,9.224000000000029,10.431947018704863,8.016052981295195,75.90343686875653,76.78284048158402,0,0,,,,17.557422222222243,17.732996444444467,17.38184800000002,,7.202505219206712,11.339982653945867,6.19377520421871,0,55.4337990326509,43.57929347755947,,,,,0.27507652917687625,-0.10555407668373995,-0.3806306058606162,0.9023663915286094,55.4337990326509,,,,,,,,,-28.05705555058691,45.758547004658595,-22.879273502329298,0
2024-05-09,10.25,10.47,10.04,10.22,9.256500000000027,10.532968174298942,7.980031825701113,75.98120649190216,75.91875755951929,0,0,,,,17.536711111111135,17.712078222222246,17.361344000000024,,4.820512820512857,10.408901852751807,5.9579762233894495,0,54.72865455724768,45.30043497887035,,,,,0.2585928852078576,-0.05738949935079418,-0.3159823845586518,0.9028989910144051,54.72865455724768,,,,,,,,,-27.949835399061246,45.72766502663293,-22.863832513316463,0
2024-05-10,10.2,10.41,9.84,9.99,9.299500000000029,10.613417425106304,7.985582574893753,69.91294970928166,73.93253102331346,0,0,,,,17.511333333333358,17.68644666666669,17.336220000000026,,1.4728288471305362,7.4251303833536175,3.9181692094312437,0,51.48435283080736,46.61141391079317,,,,,0.22290807856848305,-0.03734728634804796,-0.260255364916531,0.8765326263419155,51.48435283080736,,,,,,,,,-28.20560163021993,45.69741330908999,-22.848706654544994,0
2024-05-13,10.04,11.19,10.025,10.9,9.424500000000029,10.843788201880766,8.00521179811929,76.35930755791321,74.08448791969901,0,0,,,,17.494800000000026,17.669748000000027,17.319852000000026,,9.032709812943907,15.656002970979554,13.45893619235965,0,61.26752964727097,48.34830147546027,,,,,0.24930309583745708,0.051373504880290355,-0.19792959095716672,0.9105404042708533,61.26752964727097,,,,,,,,,-26.361863025632786,45.663237486187235,-22.831618743093617,0
2024-05-14,11.48,12.1299,11.11,11.19,9.548500000000029,11.121449776692787,7.9755502233072715,80.91012900075019,75.72746208931504,0,0,,,,17.481644444444473,17.65646088888892,17.306828000000028,,9.426950909446541,17.19118186102493,16.203399217695203,0,63.77452458259754,50.3880811845422,,,,,0.27308970987400494,0.14343254638533942,-0.1296571634886655,0.9209969886759516,63.77452458259754,,,,,63.77452458259754,,63.77452458259754,,-23.71017566096103,45.62448051223113,-22.812240256115565,0
2024-05-15,11.06,11.14,10.14,10.2,9.62150000000003,11.172954478867437,8.070045521132622,71.84724777024843,76.37222810963728,0,0,,,,17.466844444444472,17.64151288888892,17.292176000000026,,-1.2106537530266137,6.012576001662606,6.047478773176107,0,51.51590716063178,51.740381517519666,,,,,0.21168545730854144,0.13494965814701132,-0.07673579916153012,0.8436975586021178,51.51590716063178,,,,,,,,,-22.924691398431523,45.58468022116873,-22.792340110584366,0
2024-05-16,10.24,10.41,10.08,10.13,9.68650000000003,11.208515440131178,8.164484559868884,67.91468143195856,73.55735273431907,0,0,,,,17.452088888888916,17.626609777777805,17.277568000000027,,-2.1728633510381123,4.578537139317285,5.319701958066125,0,50.772763811699114,52.48228840679104,,,,,0.15833390909896328,0.12118158721217398,-0.0371523218867893,0.738106987359616,50.772763811699114,50.772763811699114,,50.772763811699114,,,,,,-24.479022742781456,45.54733006916414,-22.77366503458207,0
2024-05-17,10.07,10.51,9.89,10.5,9.780000000000031,11.260094591570969,8.299905408429094,65.90688438495029,68.55627119571909,0,0,,,,17.436800000000027,17.611168000000028,17.262432000000025,,0.9809578765147542,7.361963190183696,9.015400588336963,0,54.50829069418227,53.17015719600069,,,,,0.14054531336252385,0.13852931981636551,-0.0020159935461583345,0.696235110270427,54.50829069418227,,,,,,,,,-25.830221975043212,45.512441511612366,-22.756220755806183,0
2024-05-20,10.43,10.6,10.21,10.28,9.85450000000003,11.276631850426558,8.432368149573502,62.686723656877234,65.5027631579287,0,0,,,,17.41742222222225,17.591596444444473,17.243248000000026,,-1.0872702780717614,4.31782434420791,6.7904013296858245,0,51.98243424043843,54.00710115449472,,,,,0.10800664199916313,0.13299230895279557,0.024985666953632447,0.5450390311742461,51.98243424043843,,,,,,,,,-25.400389581552023,45.47683665762611,-22.738418328813054,0
2024-05-21,10.24,10.35,9.98,10.05,9.90500000000003,11.278761260189595,8.531238739810464,57.122839458932134,61.90548250025322,0,0,,,,17.39093333333336,17.564842666666696,17.217024000000027,,-3.113853272920031,1.4639071176170804,4.611220984698572,0,49.40489141371412,54.37525527543774,,,,,0.06704429428698148,0.1087910348123593,0.041746740525377815,0.23901177543082602,49.40489141371412,,,,,,,,,-25.386510406784016,45.44128286247979,-22.720641431239894,0
2024-05-22,10.02,10.74,9.94,10.7,9.99800000000003,11.321700872553045,8.674299127447014,61.93905451100723,60.582872542272206,0,0,,,,17.364444444444473,17.538088888888918,17.190800000000028,,2.7265745007680753,7.0214042808558474,11.211197339246004,0,56.03905930695437,54.71693424555309,,,,,0.07895620003843072,0.14044199057341622,0.0614857905349855,0.19810461217479008,56.03905930695437,,,,,,,,,-24.706922555493744,45.40463445693126,-22.70231722846563,0
2024-05-23,10.55,10.5501,9.89,9.95,10.06950000000003,11.207612033148617,8.931387966851442,51.54240762995707,56.86810053329881,0,0,,,,17.321733333333366,17.4949506666667,17.148516000000033,,-4.225623255366218,-1.186752073092312,3.2800498235415088,0,48.18767106725995,54.32450448347732,,,,,0.03385953523757389,0.10381020958195286,0.06995067434437897,-0.05950152826254875,48.18767106725995,48.18767106725995,,48.18767106725995,,,,,,-25.305605830308078,45.36909272371911,-22.684546361859557,0
2024-05-24,10.06,10.46,10.02,10.44,10.13950000000003,11.184095136882023,9.094904863118037,54.304526661342784,55.928662934102356,0,0,,,,17.277333333333363,17.4501066666667,17.104560000000028,,0.05750431282349755,2.9636569850581163,7.877243137119727,0,52.83686616800159,54.08258863274143,,,,,0.034451774945660665,0.1130153930264548,0.07856361808079414,-0.040027092639167816,52.83686616800159,,,,,,,,,-24.165789181959564,45.33173747229694,-22.66586873614847,0
2024-05-28,10.44,10.675,10.31,10.42,10.19150000000003,11.181818635590387,9.201181364409672,54.28761237656696,53.378182222622264,0,0,,,,17.227555555555586,17.39983111111114,17.05528000000003,,0.3273637589062517,2.242064465485649,6.926629040533516,0,52.629283678774264,53.89757344230218,,,,,0.031024357563667865,0.11734406503537897,0.08631970747171111,-0.06426393181955668,52.629283678774264,,,,,,,,,-24.679544057518484,45.29529155273047,-22.647645776365234,0
2024-05-29,10.22,10.35,9.97,10.22,10.25750000000003,11.051146646812999,9.463853353187062,49.534336517377966,52.7088251850959,0,0,,,,17.16320000000003,17.33483200000003,16.991568000000033,,-0.6706191077849644,-0.3655861564711649,4.335397808480157,0,50.492949974666026,53.54465565244612,,,,,0.013699277600363685,0.10344380447216572,0.08974452687180204,-0.15616574933738903,50.492949974666026,,,,,,,,,-23.88311870861528,45.25767773808424,-22.62883886904212,0
2024-05-30,10.3,11.2286,10.255,10.97,10.345500000000028,11.03902649552681,9.651973504473245,59.066412507968565,54.29612046730449,0,0,,,,17.09857777777781,17.26956355555559,16.92759200000003,,5.826741269535063,6.036440964670353,11.148637238677338,0,57.46560038384655,53.740151782917465,,,,,0.049167178495625824,0.1512034999913343,0.10203632149570849,-0.012358399961641458,57.46560038384655,,,,,,,,,-22.383822038096522,45.21810256431829,-22.609051282159147,0
2024-05-31,10.84,11.1,10.47,10.92,10.400000000000029,11.094233390148965,9.705766609851093,60.70708994909525,56.435946324813926,0,0,,,,17.036666666666694,17.20703333333336,16.866300000000027,,4.5476304451891325,4.999999999999716,9.866523576363173,0,56.89034219068238,54.12629388005139,,,,,0.0646992180507594,0.18291034405915774,0.11821112600839834,-0.014038817700960474,56.89034219068238,,,,,,,,,-20.890520262839228,45.1769754252695,-22.58848771263475,0
2024-06-03,11.128,11.42,10.64,11.4,10.466500000000028,11.268055363027234,9.664944636972823,64.75763933700865,61.51038059802415,0,0,,,,16.97217777777781,17.141899555555586,16.80245600000003,,8.210726150925552,8.9189318301244,13.640139558066,0,60.933454377688086,54.10243136079548,,,,,0.10059752997887489,0.24395803848199193,0.14336050850311705,0.35832241190873126,60.933454377688086,,,,,60.933454377688086,,60.933454377688086,,-17.702838755440578,45.13371766169419,-22.566858830847096,0
2024-06-04,11.305,11.55,11.12,11.22,10.511000000000028,11.373783866329054,9.648216133671001,65.72213977272673,63.72895635294355,0,0,,,,16.908622222222252,17.077708444444475,16.73953600000003,,5.5602596669489746,6.745314432499017,10.949963741841806,0,58.70979761825878,53.740665149056994,,,,,0.10503023780042561,0.27464830575364907,0.16961806795322346,0.7438193067834159,58.70979761825878,,,,,,,,,-16.809916510359656,45.09026922428739,-22.545134612143695,0
2024-06-05,11.26,11.51,11.0912,11.45,10.571000000000028,11.515836493790125,9.62616350620993,76.59005466978775,69.0232779265077,0,0,,,,16.849200000000028,17.01769200000003,16.680708000000028,,6.323706936577267,8.315201967647035,12.331992543902581,0,60.68412821507044,54.395538081516904,,,,,0.11543440169718469,0.3139110700747043,0.19847666837751962,0.7975622563018556,60.68412821507044,,,,,,,,,-15.255101742658221,45.046725016396685,-22.523362508198343,0
2024-06-06,11.27,11.81,11.145,11.74,10.644500000000027,11.705772349586894,9.58322765041316,82.56894052141519,74.96037832130989,0,0,,,,16.794755555555586,16.962703111111143,16.62680800000003,,7.973880253839849,10.291699938935327,14.09504681071616,0,63.081170177697274,55.27470996480248,,,,,0.13260191658963855,0.3642290641145678,0.23162714752492924,0.830545150945286,63.081170177697274,,,,,,,,,-14.170869788809734,45.003397311346504,-22.501698655673252,0
2024-06-07,11.51,11.9,11.35,11.52,10.709500000000027,11.817046387289386,9.601953612710668,80.97897962114206,80.045991604115,0,0,,,,16.73622222222225,16.903584444444473,16.568860000000026,,4.442429737080733,7.568047061020322,10.879399403253153,0,60.08817441076473,55.67327308741552,,,,,0.1202593842221471,0.3819513778026131,0.261691993580466,0.8891604406521256,60.08817441076473,,,,,,,,,-13.141873099781323,44.96046559523172,-22.48023279761586,0
2024-06-10,11.43,11.97,11.3809,11.87,10.803500000000026,11.96845965595282,9.638540344047232,83.31445722159211,82.28745912138312,0,0,,,,16.67862222222225,16.84540844444447,16.511836000000027,,6.238252931173416,9.871800805294306,13.220144982830906,0,63.08868987064692,56.466577061001836,,,,,0.12616951479196725,0.4194038870704251,0.29323437227845783,0.9160674707516365,63.08868987064692,,,,,63.08868987064692,,63.08868987064692,,-11.770010155332571,44.918297736406174,-22.459148868203087,0
2024-06-11,11.76,11.9,11.52,11.83,10.850000000000026,12.097942306357874,9.602057693642179,83.28090478185763,82.5247805415306,0,0,,,,16.616488888888917,16.782653777777806,16.450324000000027,,4.5607212303341305,9.032258064515863,11.966432154462492,0,62.51029761070527,57.40267750364406,,,,,0.11803378733298542,0.44077660644468963,0.3227428191117042,0.9120518046055154,62.51029761070527,,,,,,,,,-11.181553546449386,44.87662063739404,-22.43831031869702,0
2024-06-12,12.25,12.46,11.73,11.8,10.880500000000028,12.188559249421719,9.572440750578338,82.56735174041751,83.05423791462242,0,0,,,,16.55662222222225,16.72218844444447,16.391056000000027,,2.859135285913572,8.450898396213136,10.669959671116324,0,62.0508199142849,57.83208897559624,,,,,0.10189003021315585,0.450105356878149,0.34821532666499316,0.9466060316421544,62.0508199142849,,,,,,,,,-10.19758888862941,44.835811707310555,-22.417905853655277,0
2024-06-13,11.83,11.89,11.07,11.11,10.926000000000027,12.199049881189923,9.65295011881013,71.579633799418,79.14263010723106,0,0,,,,16.491288888888917,16.656201777777806,16.326376000000028,,-3.2735504091937484,1.6840563792785312,3.5833048450756078,0,52.49359690698907,58.13965510700546,,,,,0.03922139155898796,0.39724206611372814,0.3580206745547402,0.812263206275383,52.49359690698907,,,,,,,,,-11.858769588775198,44.79394265786069,-22.396971328930345,0
2024-06-14,10.92,11.235,10.81,10.88,10.963500000000026,12.183635648195628,9.743364351804425,60.41673673277373,71.52124075753642,0,0,,,,16.426977777777804,16.591247555555583,16.262708000000025,,-5.242989026301981,-0.7616180964110542,1.10897713896283,0,49.74328417575318,57.918684964702,,,,,-0.020056216039807395,0.3329504045049809,0.3530066205447883,0.5880913875804282,49.74328417575318,49.74328417575318,,49.74328417575318,,,,,,-13.959186098521611,44.75138512053954,-22.37569256026977,0
2024-06-17,10.88,11.105,10.65,10.96,10.986500000000026,12.188020286968856,9.784979713031197,55.07862795066806,62.35833282761993,0,0,,,,16.355022222222246,16.51857244444447,16.191472000000022,,-4.179052281867401,-0.24120511536909195,1.5723950449475943,0,50.71061708391848,57.78163735078373,,,,,-0.054271772969568643,0.28516690433282754,0.3394386773023962,0.336702758046409,50.71061708391848,,,,,,,,,-15.488223315949242,44.708834495758516,-22.354417247879258,0
2024-06-18,10.83,11.21,10.71,11.02,11.023500000000027,12.180466291642817,9.866533708357236,50.98679338939552,55.49405269094577,0,0,,,,16.288222222222245,16.451104444444468,16.125340000000023,,-3.485724294972803,-0.031750351521997455,1.9112207151664062,0,51.46515565537856,57.85108061369177,,,,,-0.07213794296750348,0.24926624859301683,0.3214041915605203,-0.0494540301083948,51.46515565537856,,,,,,,,,-14.926467817302061,44.66640089334662,-22.33320044667331,0
2024-06-20,10.77,10.8684,10.28,10.33,11.037500000000026,12.153042468935089,9.921957531064963,40.84636687655233,48.970596072205296,0,0,,,,16.214400000000023,16.376544000000024,16.05225600000002,,-8.632584468423799,-6.409966024915281,-4.4933431952663305,0,43.263012494588516,56.83661005017335,,,,,-0.12651889072230965,0.16325557815763325,0.2897744688799429,-0.41990115903308256,43.263012494588516,,,,,,,,,-15.478193749299608,44.6240915019773,-22.31204575098865,0
2024-06-21,10.33,10.43,10.15,10.32,11.018500000000028,12.168791702133715,9.86820829786634,30.794635351267118,40.87593187240498,0,0,,,,16.137422222222245,16.298796444444466,15.976048000000022,,-7.560014331780673,-6.339338385442894,-4.600499183434548,0,43.15566609778404,55.855561757823466,,,,,-0.1572514810846546,0.09321011752412467,0.25046159860877926,-0.6947654234358301,43.15566609778404,43.15566609778404,,43.15566609778404,,,,,,-16.392057119317435,44.58202137468973,-22.291010687344865,0
2024-06-24,10.32,11.13,10.31,11.01,11.071500000000027,12.112466377938159,10.030533622061895,38.67475998378272,36.77192073720072,0,0,,,,16.065022222222243,16.225672444444466,15.90437200000002,,-0.926842436785702,-0.5554802872241971,1.5308004426410449,0,52.004826280333695,55.21780260801244,,,,,-0.12651991340176724,0.0923117068565702,0.21883162025833744,-0.7063777623023668,52.004826280333695,,,,,,,,,-15.687769605399325,44.53996597944063,-22.269982989720315,0
2024-06-25,11.12,12.04,11.0701,11.96,11.147500000000027,12.214568413925653,10.080431586074402,53.01298426418882,40.82745986641288,0,0,,,,16.003022222222242,16.163052444444464,15.84299200000002,,7.5346160762453485,7.288629737609065,9.627547434996453,0,61.00554058286438,55.38178424834142,,,,,-0.04199384470660633,0.16633931437507954,0.20833315908168587,-0.49757203277111034,61.00554058286438,,,,,,,,,-10.698367753397212,44.49969392454439,-22.249846962272194,0
2024-06-26,16.33,16.35,14.17,14.74,11.363500000000027,13.214816018403617,9.512183981596436,68.93384126215507,53.540528503375526,0,0,,,,15.950755555555576,16.11026311111113,15.791248000000019,,29.150968194164605,29.713556562678445,33.54271736176118,0,75.49055139432632,56.43938590400255,,,,,0.1887006161095629,0.4442089292186395,0.2555083131090766,0.1531537438584225,75.49055139432632,,,,,75.49055139432632,,75.49055139432632,,1.3708841589030538,44.480907345982565,-22.240453672991283,0
2024-06-27,13.96,14.668,13.43,14.47,11.576000000000027,13.793046684217034,9.35895331578302,72.02834141113281,64.65838897915889,0,0,,,,15.902800000000019,16.06182800000002,15.743772000000018,,23.886986301369937,24.999999999999712,29.81071140217091,0,72.66724340555854,57.12410542027835,,,,,0.30384324699615106,0.6353123718542655,0.3314691248581144,0.4116763081529601,72.66724340555854,,,,,,,,,10.74310820003324,44.49553467402194,-22.24776733701097,0
2024-06-28,14.49,15.12,13.21,13.42,11.698500000000028,14.035568890725685,9.36143110927437,69.04715113048012,70.00311126792266,0,0,,,,15.854533333333354,16.013078666666686,15.69598800000002,,12.668961464192808,14.715561824165224,19.24295826792637,0,62.826679523196425,57.31971292830919,,,,,0.2900539645197234,0.6940365805077686,0.40398261598804525,0.5175466687824498,62.826679523196425,,,,,,,,,14.647852996565787,44.52810591994046,-22.26405295997023,0
2024-07-01,13.46,14.51,13.31,13.92,11.848500000000026,14.346036986712665,9.350963013287387,71.9382802064546,71.00459091602251,0,0,,,,15.806177777777798,15.964239555555576,15.64811600000002,,13.95824805566932,17.483225724775032,22.312694042528204,0,65.24057921269011,57.47341930988368,,,,,0.29443180080707826,0.7720223669968931,0.4775905661898148,0.6482389574268469,65.24057921269011,,,,,,,,,12.713939607628005,44.550957261150046,-22.275478630575023,0
2024-07-02,14.27,15.18,13.9499,14.89,12.023000000000028,14.838280447841342,9.207719552158714,76.48385549000601,72.48976227564691,0,0,,,,15.773022222222242,15.930752444444463,15.61529200000002,,18.09961928934016,23.84596190634589,29.174980480610667,0,69.39294682010467,57.96503711055506,,,,,0.33929017413061147,0.9017032838530792,0.5624131097224677,0.7692246943172967,69.39294682010467,,,,,,,,,14.049498018838117,44.57979956846651,-22.289899784233256,0
2024-07-03,14.8,15.31,14.53,14.65,12.194500000000028,15.204386874950238,9.184613125049818,74.61366512431522,74.34526694025861,0,0,,,,15.740755555555575,15.898163111111131,15.583348000000019,,12.944260272916551,20.136126942473798,25.50688217488142,0,67.25225425599345,58.33656813496282,,,,,0.32917672961796796,0.9738840217449276,0.6447072921269597,0.8510906215606129,67.25225425599345,,,,,,,,,17.653470035655953,44.62673316337088,-22.31336658168544,0
2024-07-05,14.58,14.86,14.03,14.79,12.361500000000028,15.552789864615498,9.170210135384558,76.47602060884694,75.85784707438937,0,0,,,,15.71062222222224,15.867728444444461,15.553516000000018,,10.2332861295372,19.64567406868072,25.014087681731034,0,67.87482112029059,59.435227007341496,,,,,0.3086386300380296,1.0305055796744966,0.721866949636467,0.8790031745684095,67.87482112029059,,,,,,,,,20.31120919250759,44.688053510729645,-22.344026755364823,0
2024-07-08,14.82,15.77,14.45,15.49,12.549000000000028,16.002108165116997,9.09589183488306,79.79051201162196,76.96006591492802,0,0,,,,15.683644444444463,15.840480888888907,15.526808000000019,,11.166929811970782,23.43613036895342,29.187400961885924,0,70.85799587503712,60.94342070014749,,,,,0.3176776416074806,1.1189640016458178,0.8012863600383372,0.8961065763034656,70.85799587503712,,,,,,,,,22.261539749356867,44.76032904080468,-22.38016452040234,0
2024-07-09,15.5,16.17,15.35,15.71,12.758500000000028,16.43749592280253,9.079504077197525,80.89017883383939,79.05223715143609,0,0,,,,15.661111111111127,15.817722222222239,15.504500000000016,,9.066925853929519,23.133597209703073,28.95723315183185,0,71.74601471423708,62.4459491023131,,,,,0.313424643281494,1.1930671641402046,0.8796425208587106,0.9037823722826824,71.74601471423708,,,,,,,,,25.285976278533084,44.85099951184792,-22.42549975592396,0
2024-07-10,15.85,16.74,15.46,16.37,12.983500000000001,16.956308955890048,9.010691044109954,87.11471019892056,82.59846701479397,0,0,,,,15.64035555555557,15.796759111111127,15.483952000000015,,10.272819131020604,26.083105480032344,32.2294022617124,0,74.27827738334238,64.07545779716767,,,,,0.3284288337805128,1.2901785630843516,0.9617497293038388,0.9096749918965488,74.27827738334238,,,,,,,,,29.553105351350837,44.970136327070506,-22.485068163535253,0
2024-07-11,16.76,17.23,16.3301,16.76,13.23,17.48751570754592,8.97248429245408,88.14225557921242,85.38238153732412,0,0,,,,15.621733333333347,15.777950666666682,15.465516000000013,,11.384329102146683,26.68178382464097,33.1074283898978,0,75.66613673525156,66.38996667150074,,,,,0.33673718772481687,1.3826712139598598,1.045934026235043,0.9037143895474007,75.66613673525156,,,,,,,,,32.86970237413038,45.11273056696365,-22.556365283481824,0
2024-07-12,16.75,18.855,16.75,18.11,13.5455,18.24466790506577,8.84633209493423,91.34364199349889,88.86686925721062,0,0,,,,15.60986666666668,15.765965333333346,15.453768000000013,,17.513464408539402,33.69753792772507,40.88634183025172,0,79.74103292377922,69.00320715907182,,,,,0.4009106484930729,1.5470723368513841,1.1461616883583112,0.9078835705262306,79.74103292377922,,,,,79.74103292377922,,79.74103292377922,,38.92003369519257,45.303174203804005,-22.651587101902003,0
2024-07-15,17.76,17.94,17.02,17.5,13.865,18.72454113060073,9.00545886939927,88.58589133891525,89.35726297054218,0,1,,,,15.593511111111123,15.749446222222234,15.437576000000012,,10.626461849674506,26.217093400649105,33.87392900856787,0,73.73279742314915,70.55520509784435,,,,,0.37073881953010135,1.6095852127709378,1.2388463932408365,0.9097338684571069,73.73279742314915,,,,,,,,,41.5085310721749,45.51407370304481,-22.757036851522404,0
2024-07-16,17.72,18.35,17.27,17.94,14.218,19.18345909257143,9.252540907428571,88.64321701852421,89.52425011697945,0,0,,,,15.584000000000012,15.739840000000012,15.428160000000013,,10.597373774736507,26.178084118722754,34.82639410792119,0,75.18518857396091,71.56803709720839,,,,,0.34917840611249984,1.6753194008814614,1.3261409947689615,0.9130042667909687,75.18518857396091,,,,,,,,,44.26082360699897,45.74751523055646,-22.87375761527823,0
2024-07-17,17.495,18.49,16.94,17.19,14.529500000000002,19.419418097473617,9.639581902526388,80.89891913204124,86.04267582982688,0,0,,,,15.5700888888889,15.72578977777779,15.414388000000011,,4.4921281381071765,18.31102240269795,27.34276613082447,0,68.25713704174157,71.05136464345233,,,,,0.2574068254640589,1.6478995265990353,1.3904927011349764,0.9366855232330314,68.25713704174157,,,,,,,,,41.58239823375163,45.95359721168147,-22.976798605840735,0
2024-07-18,17.42,17.48,16.45,16.9,14.823500000000001,19.53795553590233,10.109044464097671,72.77939300329591,80.7738430512871,0,0,,,,15.557911111111125,15.713490222222235,15.402332000000014,,1.3432477812425292,14.008162714608542,23.46280287349318,0,65.734842161214,70.55619312599916,,,,,0.15520850644745643,1.584503334194297,1.4292948277468405,0.9175590554495957,65.734842161214,,,,,,,,,39.868597980879876,46.14225921516973,-23.071129607584865,0
2024-07-19,16.5,17.025,16.33,16.75,15.144500000000003,19.447742846970186,10.841257153029819,68.37999163611507,74.01943459048407,0,0,,,,15.54315555555557,15.698587111111125,15.387724000000015,,-0.7230915125651549,10.601208359470427,20.80778939776411,0,64.40905843147397,70.66922019087613,,,,,0.060413035931570436,1.5048111226613035,1.444398086729733,0.8482329913659551,64.40905843147397,64.40905843147397,,64.40905843147397,,,,,,36.661812074244104,46.30228264782312,-23.15114132391156,0
2024-07-22,17.04,17.445,16.84,17.22,15.489500000000001,19.264176012587065,11.714823987412938,67.45809039237723,69.53915834392939,0,0,,,,15.528444444444458,15.683728888888902,15.373160000000015,,1.0266940451745699,11.172084315181241,22.582635313100564,0,66.67690502462195,70.7718148917284,,,,,0.014656120683219864,1.4627182375837577,1.4480621169005379,0.7935031597757009,66.67690502462195,,,,,,,,,36.80585578920665,46.46158519462253,-23.230792597311265,0
2024-07-23,17.11,17.5599,16.55,17.5,15.814000000000002,19.073174128517834,12.55482587148217,67.92551733950474,67.92119978933233,0,0,,,,15.507066666666681,15.662137333333348,15.351996000000014,,1.6024152345564646,10.661439231061065,22.832877096932624,0,67.98567522907344,70.67129549236903,,,,,-0.010124485440114794,1.4354065101003943,1.4455309955405091,0.7568423397250021,67.98567522907344,,,,,,,,,38.46931415999554,46.63235824950261,-23.316179124751304,0
2024-07-24,16.85,16.955,16.05,16.27,16.029500000000002,18.769459671236042,13.289540328763964,55.94926901542016,63.77762558243402,0,0,,,,15.477688888888903,15.632465777777792,15.322912000000013,,-5.483908446613173,1.5003587136217522,13.035825941965173,0,57.333086624484096,69.96278351868979,,,,,-0.11680010367591143,1.29953086594562,1.4163309696215314,0.5422139799671886,57.333086624484096,,,,,,,,,37.16417199062417,46.7907146546312,-23.3953573273156,0
2024-07-25,15.99,16.9,15.85,16.25,16.105,18.78114274656641,13.428857253433591,50.14225076306431,58.00567903932972,0,0,,,,15.448888888888902,15.60337777777779,15.294400000000014,,-5.3195828235156455,0.9003415088481903,11.752974348394151,0,57.17620840211811,69.19859689596318,,,,,-0.19172823247086046,1.1766706790329557,1.3683989115038162,0.23579050201149046,57.17620840211811,,,,,,,,,34.54249243805179,46.927265021435524,-23.463632510717762,0
2024-07-26,16.32,16.9,16.14,16.21,16.192,18.760856554967663,13.623143445032337,46.83246702204378,50.97466226684273,0,0,,,,15.417333333333348,15.571506666666682,15.263160000000013,,-4.495375007364588,0.11116600790515019,10.362200435729797,0,56.84121567917437,68.19739831054441,,,,,-0.24366915946298828,1.0638124621750809,1.3074816216380691,-0.1140206360948329,56.84121567917437,,,,,,,,,31.0644900397877,47.03756504308279,-23.518782521541397,0
2024-07-29,16.3,16.5499,16.005,16.3,16.336000000000002,18.567953404531565,14.10404659546844,43.920311134479874,46.965009639862636,0,0,,,,15.385822222222236,15.539680444444459,15.231964000000014,,-3.2813148994243813,-0.2203721841332107,9.683063050938646,0,57.44535101034765,67.17592233169516,,,,,-0.26962765688005774,0.970447050537997,1.2400747074180547,-0.49321544913943377,57.44535101034765,,,,,,,,,31.15806011032342,47.14729906062923,-23.573649530314615,0
2024-07-30,16.4,16.65,16.12,16.22,16.451,18.39110205917115,14.510897940828851,41.43499548564677,44.06259121405679,0,0,,,,15.354533333333345,15.508078666666679,15.200988000000011,,-2.7636232839757358,-1.404169959273005,7.852915752377099,0,56.68577492855783,65.91931501349627,,,,,-0.2881745503527058,0.8798565194771726,1.1680310698298784,-0.7387065443773505,56.68577492855783,,,,,,,,,31.128652694029324,47.255639647117476,-23.627819823558738,0
2024-07-31,16.36,17.05,16.34,16.41,16.527000000000005,18.330852543862587,14.72314745613742,39.04854681967435,41.467951146600306,0,0,,,,15.32337777777779,15.476611555555568,15.170144000000011,,-1.1624405227970258,-0.707932474133266,7.8139371906617905,0,58.102712125850765,64.66478468425335,,,,,-0.2832161579337569,0.8140108724126822,1.097227030346439,-0.8540465663081878,58.102712125850765,,,,,,,,,31.691036289255724,47.36661425408152,-23.68330712704076,0
2024-08-01,16.4,16.45,14.9,15.24,16.556500000000003,18.252687194857845,14.860312805142163,27.454851895927177,35.97946473374941,0,0,,,,15.288444444444456,15.4413288888889,15.135560000000012,,-7.28235079394044,-7.951559810346409,-0.7898619911466453,0,47.744979264756516,62.379352280037445,,,,,-0.3499315506943239,0.6598125919785343,1.0097441426728582,-0.8511478250553652,47.744979264756516,,,,,,,,,28.862015365363263,47.45781427927863,-23.728907139639315,0
2024-08-02,14.52,15.01,14.26,14.72,16.553000000000004,18.263977498390755,14.842022501609254,23.81762818554848,30.107008967049982,0,0,,,,15.249822222222235,15.402320444444458,15.097324000000013,,-9.326105704077802,-11.073521416057531,-5.079208133611379,0,43.99145846577468,60.25497092593927,,,,,-0.4157943060535887,0.4900012601058723,0.905795566159461,-0.8654232712965416,43.99145846577468,,,,,,,,,24.81779954604042,47.52371360033886,-23.76185680016943,0
2024-08-05,12.96,15.05,12.96,14.61,16.509000000000004,18.366082658364878,14.65191734163513,21.64032668938137,24.30426892361899,0,0,,,,15.209955555555567,15.362055111111122,15.057856000000012,,-8.533149690101993,-11.50281664546613,-6.649344010904801,0,43.217452503859555,57.97156120664631,,,,,-0.4505570888437951,0.3425992051047171,0.7931562939485122,-0.8656119001199754,43.217452503859555,,,,,,,,,19.977786997697198,47.56314479310211,-23.781572396551056,0
2024-08-06,15.12,15.15,14.51,14.8,16.463500000000003,18.437564588608883,14.489435411391124,23.524555868295398,22.994170247741735,0,0,,,,15.172400000000012,15.324124000000012,15.020676000000012,,-5.75049353626691,-10.104169830230525,-6.192558788109315,0,45.016946489514325,56.31154759577294,,,,,-0.44383247892856637,0.23836569528780416,0.6821981742163705,-0.882355056358422,45.016946489514325,,,,,,,,,18.7959423506078,47.59637977115684,-23.79818988557842,0
2024-08-07,13.485,14.665,13.305,13.785,16.334250000000004,18.6284236529739,14.040076347026108,20.83267975038819,21.99918743602164,0,0,,,,15.126511111111125,15.277776222222236,14.975246000000013,,-10.802678831408274,-15.606777170669018,-12.961579340608498,0,38.075117596967736,54.33585298404106,,,,,-0.4873455910763068,0.07301618537098697,0.5603617764472938,-0.9098716244782601,38.075117596967736,38.075117596967736,,38.075117596967736,,,,,,16.28328745316566,47.61776218710106,-23.80888109355053,0
2024-08-08,13.9,15.338,13.8,14.72,16.23225,18.62108334496155,13.843416655038448,27.64027843649965,23.99917135172773,0,0,,,,15.08446666666668,15.235311333333346,14.933622000000014,,-3.8002810182007685,-9.316330145235563,-7.0540816433916405,0,46.29134416493769,53.041730536431324,,,,,-0.4345105012795254,0.017223649847887046,0.45173415112741244,-0.9179930545744477,46.29134416493769,,,,,,,,,16.578464866131444,47.64012271213769,-23.820061356068845,0
2024-08-09,14.64,14.655,13.83,13.95,16.024250000000002,18.44706091915979,13.601439080840215,24.01440952877048,24.162455905219428,0,0,,,,15.041088888888902,15.191499777777791,14.890678000000014,,-7.465755696328424,-12.944443577702557,-11.81955140698917,0,41.41766812446193,51.23749932927704,,,,,-0.4318747072760285,-0.08810923296762319,0.3437654743084053,-0.9192750777137576,41.41766812446193,,,,,,,,,14.38488594321917,47.65292352081919,-23.826461760409597,0
2024-08-12,13.97,14,13.35,13.39,15.81875,18.398164419979896,13.239335580020104,20.221713682100358,23.95880054912348,0,0,,,,14.99953333333335,15.149528666666683,14.849538000000017,,-9.43217558929954,-15.353615171868817,-15.354061087522297,0,38.26256920835997,49.114420327797504,,,,,-0.44645499281203627,-0.21430326670664002,0.23215172610539625,-0.9202840232713471,38.26256920835997,,,,,,,,,13.482520187205685,47.66190046207264,-23.83095023103632,0
2024-08-13,13.51,13.865,13.405,13.54,15.59875,18.167480961000038,13.030019038999965,23.903543158033,22.71322212296793,0,0,,,,14.960155555555572,15.109757111111128,14.810554000000016,,-6.726828092170944,-13.198172930523288,-14.337231249406923,0,39.59003648609089,47.84705960362656,,,,,-0.42473355826422365,-0.2987652217248833,0.12596833653934034,-0.9348724596824194,39.59003648609089,,,,,,,,,10.541385021637153,47.659873580909384,-23.829936790454692,0
2024-08-14,13.58,13.77,13.2,13.25,15.401750000000002,18.055059772717858,12.748440227282146,21.47094303585154,21.865399958661616,0,0,,,,14.92335555555557,15.072589111111126,14.774122000000014,,-6.6934262878067035,-13.970815004788427,-15.881027203758425,0,37.89361885721465,46.4697317789906,,,,,-0.40850930072674574,-0.3846682893690918,0.023841011357653902,-0.9436415697231378,37.89361885721465,37.89361885721465,,37.89361885721465,,,,,,8.843145542123699,47.652085375648205,-23.826042687824103,0
2024-08-15,13.03,14.13,12.92,13.76,15.244750000000002,17.896461664189758,12.593038335810245,21.274164666238235,22.216216953374243,0,0,,,,14.893000000000015,15.041930000000015,14.744070000000015,,-2.0814801636718894,-9.739418488332063,-12.478400525808098,0,42.555410577785096,45.449317128891366,,,,,-0.34459586324733527,-0.4069038177015152,-0.06230795445417993,-0.9188538158649294,42.555410577785096,,,,,,,,,9.971521007867397,47.64788139137929,-23.823940695689647,0
2024-08-16,13.55,13.77,13.01,13.21,15.06775,17.76610964059654,12.369390359403459,18.821346198099132,20.522151300062955,0,0,,,,14.857800000000017,15.006378000000018,14.709222000000016,,-4.974283350717467,-12.329312604735277,-15.69430410040955,0,39.14309635981543,44.14201322528192,,,,,-0.3210035396476928,-0.46356237901379593,-0.14255883936610314,-0.9065814435929405,39.14309635981543,,,,,,,,,9.196416737264775,47.64102039633297,-23.820510198166485,0
2024-08-19,13.33,13.59,13.14,13.53,14.883250000000004,17.470040047529928,12.29645995247008,20.586012968317327,20.227174610884884,1,0,,,,14.819000000000019,14.967190000000018,14.670810000000019,,-1.9103200782976781,-9.092436127861891,-13.290537581577222,0,42.05439466183025,43.09691463480137,,,,,-0.2676674581450995,-0.47714316204747753,-0.20947570390237802,-0.8659507150313247,42.05439466183025,,,,,,,,,10.06622344324986,47.636904606537925,-23.818452303268963,0
2024-08-20,13.49,13.69,13.19,13.2,14.668250000000004,17.056507262105526,12.279992737894483,18.82804983470968,19.41180300037536,0,0,,,,14.77522222222224,14.922974444444463,14.627470000000017,,-3.179667730223279,-10.009714860327612,-14.949366952674525,0,39.93283317069308,41.79906613800439,,,,,-0.23935594414815248,-0.5086706340875686,-0.26931468993941615,-0.8739372736438984,39.93283317069308,,,,,,,,,8.682748918929581,47.62821301249695,-23.814106506248475,0
2024-08-21,13.31,13.35,12.85,13.07,14.508250000000004,16.874498666138003,12.142001333862005,16.585764735496145,18.6666091795077,0,0,,,,14.730733333333351,14.878040666666685,14.583426000000017,,-3.627783512756144,-9.913325177054455,-15.185862147283757,0,39.09609097534454,41.181288403046395,,,,,-0.21490440722661303,-0.5379451989726824,-0.3230407917460694,-0.8586593358212854,39.09609097534454,,,,,,,,,8.454657647569316,47.61872894261259,-23.809364471306296,0
2024-08-22,13.16,13.21,12.77,12.81,14.336250000000003,16.670959564378368,12.001540435621639,16.720672892680774,17.37816248762885,0,0,,,,14.67975555555557,14.826553111111126,14.532958000000013,,-4.195647296387628,-10.64608945854043,-16.156690774617964,0,37.40783312608215,40.71102945021122,,,,,-0.20196050480696848,-0.57549142275478,-0.37353091794781157,-0.857806967329721,37.40783312608215,37.40783312608215,,37.40783312608215,,,,,,6.524364764704775,47.60351713388543,-23.801758566942716,0
2024-08-23,12.92,14.08,12.89,13.96,14.223750000000004,16.397771331542035,12.049728668457975,29.17390000448205,20.826779210886304,1,0,,,,14.636644444444462,14.783010888888906,14.490278000000018,,4.39724798085559,-1.8542929958696108,-7.79493840886828,0,48.08604906411631,41.05878634737241,,,,,-0.10646469068103326,-0.5066117812991031,-0.40014709061806986,-0.6581190112241189,48.08604906411631,,,,,,,,,8.391579519620686,47.59369802106184,-23.79684901053092,0
2024-08-26,13.95,14.72,13.72,14.36,14.126750000000005,16.083860816995195,12.169639183004815,39.67582877970816,28.523467225623644,0,0,,,,14.604066666666684,14.750107333333352,14.458026000000016,,6.615190437300544,1.6511228697329239,-4.4927006085597965,0,51.204273261286,41.50073825964182,,,,,-0.011853579267315784,-0.4149640647022146,-0.4031104854348988,-0.2608617624121987,51.204273261286,,,,,,,,,11.513877999834898,47.59399818177776,-23.79699909088888,0
2024-08-27,14.35,14.55,13.94,14.48,14.039750000000003,15.756906006308014,12.322593993691992,47.35994192460969,38.73655690293328,0,0,,,,14.563133333333353,14.708764666666687,14.417502000000018,,6.761041067610485,3.1357395965027735,-2.9501457758515315,0,52.133162493022695,42.50488432364575,,,,,0.05940141766410356,-0.32885871335476935,-0.3882601310188729,-0.013704946214916405,52.133162493022695,,,,,52.133162493022695,,52.133162493022695,,15.682170770859727,47.60992994923774,-23.80496497461887,0
2024-08-28,14.42,14.51,13.59,13.83,13.910750000000004,15.24012682769026,12.581373172309748,45.92988026759631,44.3218836573047,0,0,,,,14.543400000000018,14.688834000000018,14.397966000000018,,1.534395418838641,-0.58048631454094,-6.605589258179656,0,46.92263896918163,42.54997680966318,,,,,0.06300696085257301,-0.30950142995315666,-0.37250839080572967,0.32668768725580516,46.92263896918163,,,,,,,,,15.104674803995792,47.623274618392486,-23.811637309196243,0
2024-08-29,13.99,14.64,13.93,14.09,13.853250000000006,15.039446758552083,12.66705324144793,53.8660489964659,49.051957062890615,0,0,,,,14.521933333333351,14.667152666666684,14.376714000000018,,3.1932034568625145,1.7089852561672725,-4.244112949811473,0,49.113498622323355,43.099678988081855,,,,,0.08195259695614737,-0.27006764461054544,-0.3520202415666928,0.538454682456994,49.113498622323355,,,,,,,,,14.20082077584299,47.63284732371696,-23.81642366185848,0
2024-08-30,14.2,14.34,13.77,14.13,13.823750000000004,14.950093087162912,12.697406912837096,53.73900237551789,51.17831054652668,0,0,,,,14.501266666666684,14.64627933333335,14.356254000000018,,2.7935399388913984,2.2153901799439213,-3.398926654740664,0,49.45913483227579,43.899433675504405,,,,,0.09529327197553916,-0.2329036515972689,-0.32819692357280805,0.5877103089367933,49.45913483227579,,,,,,,,,13.10917745276472,47.63811558739923,-23.819057793699614,0
2024-09-03,13.94,13.98,13.125,13.15,13.750750000000005,14.852785729910586,12.648714270089425,42.79539817357879,50.13348318185418,0,0,,,,14.472422222222239,14.617146444444462,14.327698000000016,,-4.070615698861902,-4.368852608039598,-9.257150743539366,0,41.94252538631797,44.067468596949205,,,,,0.03911031600787307,-0.2793090285629667,-0.31841934457083976,0.4221107168344896,41.94252538631797,41.94252538631797,,41.94252538631797,,,,,,11.142004416644154,47.63628827452432,-23.81814413726216,0
2024-09-04,13.11,13.8,13.01,13.28,13.674750000000003,14.682477517734702,12.667022482265304,41.22276232892682,45.91905429267448,0,0,,,,14.445355555555574,14.58980911111113,14.300902000000018,,-3.178769320501529,-2.8867072524178083,-7.461819871087694,0,43.17621967156741,44.44479722654582,,,,,0.013044964940053139,-0.30211313839577336,-0.3151581033358265,0.24379251975305602,43.17621967156741,,,,,,,,,8.836179490492302,47.626962475535706,-23.813481237767853,0
2024-09-05,13.4,13.96,13.28,13.74,13.672500000000003,14.67943346354166,12.665566536458346,44.489021607809235,42.835727370104934,0,0,,,,14.42051111111113,14.564716222222241,14.27630600000002,,-0.3119785242689521,0.4936917169500621,-3.690463673641109,0,47.432823447432234,44.79318386009205,,,,,0.028253230868421852,-0.2798415647502992,-0.30809479561872105,0.3017032395537479,47.432823447432234,,,,,,,,,7.662327806771535,47.614112419385066,-23.807056209692533,0
2024-09-06,13.75,14.065,13.08,13.23,13.598000000000003,14.49879076371825,12.697209236281756,38.546062185135135,41.41928204062371,0,0,,,,14.39353333333335,14.537468666666683,14.249598000000017,,-4.303797468354354,-2.7062803353434473,-6.60627095711519,0,43.538733962325644,45.10715797455707,,,,,0.0065662291654073335,-0.29988700916196187,-0.3064532383273692,0.09998101494687249,43.538733962325644,,,,,,,,,7.799438969138698,47.601597444430375,-23.800798722215188,0
2024-09-09,13.29,13.695,13.01,13.08,13.554500000000004,14.46704534133918,12.64195465866083,34.92478970112989,39.319957831358074,0,0,,,,14.364288888888906,14.507931777777795,14.220646000000016,,-4.782703647084441,-3.5006824301892725,-6.980051914802909,0,42.43526620549718,45.13436308481899,,,,,-0.014149749833621106,-0.3241404256193956,-0.3099906757857745,-0.051175522401019094,42.43526620549718,,,,,,,,,7.236601148458193,47.587442288050646,-23.793721144025323,0
2024-09-10,13.1,13.49,12.81,13.23,13.546500000000004,14.467440280365656,12.625559719634351,35.506123560661734,36.32565848230891,0,0,,,,14.33464444444446,14.477990888888906,14.191298000000016,,-2.8919553728713243,-2.3363968552762904,-5.223568742164719,0,43.96469847094007,45.422353463408065,,,,,-0.013993595475595866,-0.3274826701302693,-0.31348907465467346,-0.2347983226295043,43.96469847094007,,,,,,,,,5.874738647595701,47.56961100569021,-23.784805502845106,0
2024-09-11,13.21,13.99,12.96,13.93,13.566000000000003,14.501957263981609,12.630042736018396,49.28932468517643,39.90674598232267,0,0,,,,14.316155555555572,14.459317111111128,14.172994000000015,,2.6604760851942855,2.683178534571695,0.33974813018466943,0,50.56548233912642,46.24159570367819,,,,,0.03436823117514881,-0.27052878568573746,-0.30489701686088627,-0.30752495447580275,50.56548233912642,,,,,50.56548233912642,,50.56548233912642,,7.732319594616594,47.55675723175627,-23.778378615878136,0
2024-09-12,13.77,13.97,13.51,13.72,13.589500000000005,14.51609538095107,12.66290461904894,51.8742506959607,45.55656631393294,0,0,,,,14.300866666666682,14.443875333333349,14.157858000000015,,1.1948664994837932,0.9603002317965847,-0.5304559020771982,0,48.71164126485804,47.04901057073362,,,,,0.05225682622784389,-0.23957598407608138,-0.29183281030392527,-0.5867682322035976,48.71164126485804,,,,,,,,,9.38806956623498,47.5487091474494,-23.7743545737247,0
2024-09-13,13.83,14.08,13.39,13.5,13.576500000000005,14.500454003184037,12.652545996815972,43.288512388386536,48.150695923174545,0,0,,,,14.286555555555571,14.429421111111127,14.143690000000015,,0.007407956144978023,-0.5634736493205561,-1.7121500770529097,0,46.77683601017429,46.955495352594895,,,,,0.0493503598516985,-0.23014486048930216,-0.27949522034100066,-0.578906767009745,46.77683601017429,,,,,,,,,9.979119546921856,47.5424004924393,-23.77120024621965,0
2024-09-16,13.37,13.59,13.19,13.2,13.576000000000004,14.500757265448511,12.651242734551497,35.89662414923334,43.68646241119351,0,0,,,,14.269355555555572,14.412049111111129,14.126662000000016,,-1.5366253916156092,-2.769593400117887,-3.5405020278417965,0,44.19874810608188,46.45510069865175,,,,,0.028344421051323343,-0.2440646940268465,-0.27240911507816984,-0.5381975729842207,44.19874810608188,,,,,,,,,7.873391108201775,47.52974671781136,-23.76487335890568,0
2024-09-17,13.479,13.5399,13.05,13.1,13.554500000000004,14.502244163790898,12.60675583620911,32.73336368896749,37.30616674219578,0,0,,,,14.250111111111128,14.392612222222239,14.107610000000017,,-2.246101037235937,-3.353129956840939,-3.917853431941909,0,43.341252768224344,45.827107146880444,,,,,0.009794179697542704,-0.26016639045624146,-0.26996057015378416,-0.46819873603898415,43.341252768224344,,,,,,,,,6.060611890218783,47.51218069732781,-23.756090348663903,0
2024-09-18,13.14,13.595,12.82,12.9,13.539500000000004,14.518202712778324,12.560797287221684,27.090141642557263,31.906709826919354,0,0,,,,14.23180000000002,14.374118000000019,14.08948200000002,,-3.464790840380072,-4.723217253222078,-4.943199263125663,0,41.60281481938835,45.447119707609495,,,,,-0.012648533065347134,-0.2857712364854681,-0.27312270342012096,-0.5181145697371815,41.60281481938835,,,,,,,,,4.354251529829978,47.490458980450825,-23.745229490225412,0
2024-09-19,13.35,13.65,13.09,13.15,13.543500000000005,14.515122869224276,12.571877130775734,28.139152201584487,29.320885844369737,0,0,,,,14.218377777777796,14.360561555555574,14.076194000000019,,-1.157546602525461,-2.905452800236308,-2.949642057615287,0,44.594430840552555,45.12432915176872,,,,,-0.007607710126568301,-0.28263234107833135,-0.27502463095176305,-0.42810344505403247,44.594430840552555,,,,,,,,,4.129402646682974,47.46822616087604,-23.73411308043802,0
2024-09-20,13.14,13.15,11.65,11.71,13.488500000000005,14.71189323195758,12.26510676804243,14.552782564121827,23.26069213608785,0,0,,,,14.199266666666684,14.341259333333351,14.057274000000017,,-10.96411192214105,-13.185306001408637,-12.93248735996836,0,33.84067597002773,44.008724947322435,,,,,-0.09343950006416074,-0.391824006031964,-0.29838450596780325,-0.48368515336782614,33.84067597002773,33.84067597002773,,33.84067597002773,,,,,,0.39108853441550906,47.43856216625007,-23.719281083125036,0
2024-09-23,11.85,12.18,11.41,11.91,13.386000000000006,14.767497737963897,12.004502262036116,19.40011047247911,20.697348412728463,0,0,,,,14.182333333333352,14.324156666666685,14.040510000000019,,-8.630609896432617,-11.02644554011658,-10.995416500597932,0,36.14388925958937,43.59453665255611,,,,,-0.1268551028162761,-0.4569533844881484,-0.3300982816718723,-0.6628948917299432,36.14388925958937,,,,,,,,,-2.270566070144469,47.4048732231371,-23.70243661156855,0
2024-09-24,12.05,12.12,11.73,11.84,13.260000000000009,14.720588922318411,11.799411077681606,17.81271458956634,17.255202542055745,1,0,,,,14.162866666666686,14.304495333333353,14.021238000000018,,-8.188585607940379,-10.708898944193123,-11.175573282652806,0,35.6757565175796,43.05878928441412,,,,,-0.14260719458919963,-0.5083572749083718,-0.36575008031917217,-0.7685159331959419,35.6757565175796,,,,,,,,,-5.788427085735894,47.36742687899326,-23.68371343949663,0
2024-09-25,11.43,11.6,10.98,11.03,13.08750000000001,14.734070678713552,11.440929321286466,11.77518253254819,16.329335864864536,0,0,,,,14.140200000000018,14.281602000000019,13.998798000000017,,-12.501983182611397,-15.721107927411715,-16.729578740752014,0,30.717866923222246,41.864863818399115,,,,,-0.1933624297817359,-0.607453117546342,-0.4140906877646061,-0.8015202361149024,30.717866923222246,30.717866923222246,,30.717866923222246,,,,,,-7.6391247374057025,47.328764697033286,-23.664382348516643,0
2024-09-26,11.2,11.35,10.95,11.17,12.954500000000007,14.761580241715748,11.147419758284265,12.88174932631583,14.156548816143442,0,0,,,,14.111666666666688,14.252783333333355,13.97055000000002,,-9.561978787142667,-13.775136053109005,-15.228940045535122,0,32.464820713756325,41.073870014929874,,,,,-0.20232879113081725,-0.6670016766781277,-0.46467288554731045,-0.8690142571630194,32.464820713756325,,,,,,,,,-9.635942763077995,47.28933740550154,-23.64466870275077,0
2024-09-27,11.42,11.84,11.34,11.6,12.830000000000007,14.65005494422543,11.009945055774585,17.42185548961251,14.026262449492165,1,0,,,,14.08451111111113,14.225356222222242,13.943666000000018,,-4.613107474714184,-9.586905689789605,-11.481914839497465,0,37.663882954277014,40.733056925557,,,,,-0.1656643937126957,-0.6717533776881801,-0.5060889839754844,-0.9137339234680513,37.663882954277014,,,,,,,,,-10.285234823669077,47.2498511537046,-23.6249255768523,0
2024-09-30,11.37,11.54,11.14,11.22,12.684500000000009,14.530668735516693,10.838331264483324,15.464165361596631,15.25592339250831,0,0,,,,14.058022222222242,14.198602444444465,13.917442000000019,,-6.210816684777987,-11.545587133903634,-13.946056500063996,0,35.092818114021,40.09935118577708,,,,,-0.15363625404026915,-0.6981343015258208,-0.5444980474855516,-0.9449290066300499,35.092818114021,,,,,,,,,-9.797447769004494,47.2105760081186,-23.6052880040593,0
2024-10-01,11.2,11.21,10.43,10.44,12.549000000000008,14.622430973049083,10.475569026950934,10.859140372031,14.581720407746701,0,0,,,,14.027000000000019,14.16727000000002,13.886730000000018,,-10.746345216722164,-16.806120009562576,-19.290831314745226,0,30.491682662469444,38.665508351730146,,,,,-0.18285707582309296,-0.7730693922644178,-0.5902123164413249,-0.9464555191638871,30.491682662469444,30.491682662469444,,30.491682662469444,,,,,,-11.74232090838571,47.1711521245449,-23.58557606227245,0
2024-10-02,10.3,10.8,10.3,10.64,12.417000000000009,14.619590293268189,10.214409706731828,11.995772523648256,12.773026085758616,0,0,,,,13.998733333333352,14.138720666666686,13.858746000000018,,-7.244355330834207,-14.311025207377037,-17.19844357976662,0,32.920293901796995,37.53755496865437,,,,,-0.1734420649526207,-0.8070148976321008,-0.6335728326794801,-0.941830492071365,32.920293901796995,,,,,,,,,-14.284938953269403,47.132310397174756,-23.566155198587378,0
2024-10-03,10.45,10.8,10.44,10.78,12.269000000000009,14.49378673135184,10.044213268648178,13.300644850108213,12.051852581929142,1,0,,,,13.978511111111132,14.118296222222243,13.83872600000002,,-4.04130318675443,-12.136278425299608,-15.607630281047037,0,34.64178248987467,36.6707654314901,,,,,-0.14373816338223266,-0.8132455369072709,-0.6695073735250382,-0.9244084906452459,34.64178248987467,,,,,,,,,-15.479013801115693,47.094105368629386,-23.547052684314693,0
2024-10-04,10.05,10.47,9.825,10.44,12.12950000000001,14.443842023124288,9.815157976875733,14.036904155940626,13.111107176565682,0,0,,,,13.956466666666687,14.096031333333354,13.81690200000002,,-6.00522193211479,-13.928851148027622,-17.760739418128445,0,32.462890282741824,35.8324898726801,,,,,-0.13317957606884623,-0.835981843611096,-0.7028022675422497,-0.9158261932233309,32.462890282741824,,,,,,,,,-15.480877616335855,47.05599400637875,-23.527997003189373,0
2024-10-07,10.38,10.57,10.25,10.49,12.00000000000001,14.376131309502718,9.623868690497304,19.149239840108326,15.495596282052373,0,0,,,,13.931133333333351,14.070444666666685,13.791822000000018,,-4.331965344277144,-12.583333333333414,-16.60704348517379,0,33.1290050636662,35.1030436080688,,,,,-0.10998196733737164,-0.8402797267139643,-0.7302977593765927,-0.8959225150887029,33.1290050636662,,,,,,,,,-15.876388211660688,47.01819747211766,-23.50909873605883,0
2024-10-08,10.42,10.76,10.33,10.47,11.862000000000009,14.25687452698452,9.467125473015498,19.940540829700655,17.708894941916522,0,0,,,,13.902555555555574,14.04158111111113,13.763530000000019,,-3.3062430735130044,-11.7349519473951,-15.899111063510851,0,32.98884689643951,34.48776018500103,,,,,-0.0842950871381214,-0.8356666182992445,-0.7513715311611231,-0.868900355815466,32.98884689643951,,,,,,,,,-16.66885433356808,46.981002715997654,-23.490501357998827,0
2024-10-09,10.47,10.94,10.37,10.42,11.686500000000008,13.960872660757133,9.412127339242883,20.563110952155156,19.884297207321364,0,0,,,,13.872244444444465,14.01096688888891,13.73352200000002,,-3.2228104393052015,-10.837290891199302,-15.380867305506019,0,32.61732615485555,33.63225270745125,,,,,-0.06011693287347253,-0.8265176972529638,-0.7664007643794912,-0.8861306000614769,32.61732615485555,,,,,,,,,-16.722054800514773,46.943933209024785,-23.471966604512392,0
2024-10-10,10.36,10.515,10.18,10.26,11.513500000000006,13.66594303060492,9.361056969395092,19.483764212062937,19.995805331306233,0,0,,,,13.845000000000022,13.983450000000023,13.706550000000021,,-3.8965904833270004,-10.887219351196464,-15.8671586715868,0,31.398722247342334,33.45782744154515,,,,,-0.045034801964329296,-0.8226942668349029,-0.7776594648705736,-0.882426663805443,31.398722247342334,31.398722247342334,31.398722247342334,31.398722247342334,,,,,,-17.414230108825404,46.907472328830224,-23.453736164415112,0
2024-10-11,10.08,10.57,10.08,10.5,11.363500000000005,13.3532766206285,9.37372337937151,23.668857018148167,21.23857739412207,1,0,,,,13.817444444444467,13.955618888888912,13.679270000000022,,-0.6246450880180832,-7.59889118669429,-13.045878650692943,0,35.303284789610814,33.39778426511811,,,,,-0.010814803549111462,-0.7911779693069629,-0.7803631657578515,-0.8291114553182046,35.303284789610814,,,,,35.303284789610814,,35.303284789610814,,-17.48364459940534,46.87115167888192,-23.43557583944096,0
2024-10-14,10.35,10.55,10.26,10.35,11.221000000000007,13.067314166115706,9.374685833884309,25.053623025786223,22.73541475199909,0,0,,,,13.788200000000023,13.926082000000024,13.650318000000022,,-1.2310334955624502,-7.762231530166719,-13.384289221156088,0,34.00073831670342,33.27814010791267,,,,,0.008742330830023182,-0.7694352522203225,-0.7781775830503457,-0.791907009015643,34.00073831670342,,,,,,,,,-17.955527719242173,46.835311422642825,-23.417655711321412,0
2024-10-15,10.28,10.47,10.1,10.15,11.073500000000006,12.760251611826591,9.386748388173421,25.466915723021515,24.729798588985286,0,0,,,,13.763444444444467,13.901078888888911,13.625810000000023,,-2.8708133971290906,-8.339729986002665,-14.34117249915614,0,32.29005239700153,33.39043907032547,,,,,0.014873040066200716,-0.7595862829675948,-0.7744593230337955,-0.8160093823530136,32.29005239700153,,,,,,,,,-18.511664134768058,46.800058900538914,-23.400029450269457,0
2024-10-16,10.2,10.29,10.11,10.24,10.940500000000009,12.439199102555065,9.441800897444953,26.952888014695844,25.824475587834513,0,0,,,,13.737933333333357,13.87531266666669,13.600554000000024,,-1.633045148895207,-6.4028152278233,-12.836227442969106,0,33.90169758559158,33.49307313259942,,,,,0.030740168067481477,-0.7360341129494437,-0.7667742810169251,-0.7873075121282407,33.90169758559158,,,,,,,,,-19.437433381456316,46.76582156984772,-23.38291078492386,0
2024-10-17,10.15,10.2699,9.93,10.12,10.789000000000007,11.934668363881821,9.643331636118193,25.207846184092887,25.87588330727007,0,0,,,,13.709888888888912,13.846987777777802,13.572790000000023,,-2.165506573859155,-6.200760033367381,-12.96370620950642,0,32.78131400368386,33.14431820755705,,,,,0.038406341193105265,-0.7187663545255436,-0.7571726957186489,-0.7960104253660272,32.78131400368386,,,,,,,,,-20.165411158138408,46.73247652197951,-23.366238260989753,0
2024-10-18,10.17,10.265,10.01,10.04,10.705500000000008,11.813299169524647,9.597700830475368,24.78519750141288,25.64864390006719,0,0,,,,13.68046666666669,13.817271333333357,13.543662000000024,,-2.5621118012421618,-6.216430806594819,-12.854786910858518,0,32.02154598181667,32.92494162668531,,,,,0.04299561195089385,-0.7034281807800316,-0.7464237927309254,-0.8366365187964498,32.02154598181667,,,,,,,,,-20.538032985107133,46.69964723011036,-23.34982361505518,0
2024-10-21,10.05,10.17,9.96,10.03,10.611500000000008,11.607979302343765,9.615020697656252,25.34905731871971,25.114033668075148,0,0,,,,13.647622222222244,13.784098444444467,13.511146000000021,,-2.2226554883992278,-5.479903877868431,-12.16650125518135,0,31.921950698465764,33.02710362925648,,,,,0.0497850035279761,-0.6841925383209553,-0.7339775418489314,-0.9156529769621639,31.921950698465764,31.921950698465764,31.921950698465764,31.921950698465764,,,,,,-21.1744472726275,46.667690185405036,-23.333845092702518,0
2024-10-22,10.07,10.53,10.005,10.49,10.544000000000008,11.366104616213583,9.721895383786432,39.881291706682106,30.005182175604887,0,0,,,,13.61726666666669,13.753439333333358,13.481094000000024,,2.2417153996102224,-0.5121396054628913,-7.3975988700565765,0,41.01084705322418,33.60500028292985,,,,,0.08747830898655162,-0.6246296556157418,-0.7121079646022934,-0.7006511961521313,41.01084705322418,,,,,,,,,-20.30758124379658,46.634714916887326,-23.317357458443663,0
2024-10-23,10.42,10.58,10.01,10.16,10.500500000000008,11.307059979170583,9.693940020829432,40.49902768679731,35.243125570733035,0,0,,,,13.587933333333357,13.72381266666669,13.452054000000023,,-0.7230799296461865,-3.242702728441571,-9.304609158806286,0,37.176324553396014,33.7860390017528,,,,,0.09195030842319396,-0.597170079073301,-0.689120387496495,-0.6276443669089141,37.176324553396014,,,,,,,,,-20.100712034254453,46.601565533819254,-23.300782766909627,0
2024-10-24,10.3899,10.83,10.26,10.43,10.463500000000009,11.20942962134479,9.717570378655227,49.09370806678587,43.15800915342175,0,0,,,,13.55415555555558,13.689697111111135,13.418614000000025,,1.7461711052580986,-0.3201605581307332,-5.973916701724935,0,41.95809492961051,34.46426790510056,,,,,0.11344643218690653,-0.5473123472628618,-0.6607587794497684,-0.4256939606987747,41.95809492961051,,,,,,,,,-19.132011806977072,46.56743486883461,-23.283717434417305,0
2024-10-25,10.42,10.63,10.33,10.45,10.40600000000001,10.93975649878901,9.87224350121101,49.57875170418889,46.39049581925735,0,0,,,,13.521755555555579,13.656973111111135,13.386538000000023,,1.9910208861995793,0.4228329809724096,-4.922209080156592,0,42.30838593094694,35.11993796704919,,,,,0.12827310161715544,-0.5004174024283241,-0.6286905040454795,-0.17026322840064292,42.30838593094694,,,,,,,,,-19.303658931036626,46.533553987056095,-23.266776993528048,0
2024-10-28,10.54,11.115,10.54,10.86,10.388000000000009,10.82652479975428,9.949475200245738,64.83493105450972,54.502463608494814,0,0,,,,13.492644444444469,13.627570888888913,13.357718000000025,,5.467611925803695,4.543704274162397,-0.4856593054156533,0,49.09132148103761,36.27011472309191,,,,,0.16273877631186884,-0.42526703365564344,-0.5880058099675123,0.27915065634336267,49.09132148103761,,,,,49.09132148103761,,49.09132148103761,,-17.535168875539032,46.49813231311796,-23.24906615655898,0
2024-10-29,10.71,10.89,10.28,10.47,10.389500000000009,10.828930313018539,9.950069686981479,61.85598433925715,58.756555699318575,0,0,,,,13.457488888888912,13.5920637777778,13.322914000000024,,1.3650885855359673,0.7748207324701939,-3.282423943835522,0,43.81432765274829,37.06990054436996,,,,,0.15628200577225315,-0.3926533027521959,-0.548935308524449,0.41450969245445196,43.81432765274829,,,,,,,,,-17.490658393601823,46.46275606331278,-23.23137803165639,0
2024-10-30,10.33,10.58,10.28,10.39,10.37700000000001,10.801174492396076,9.952825507603944,58.11963284129432,61.60351607835372,0,0,,,,13.418377777777803,13.552561555555581,13.284194000000024,,0.4447022428461844,0.12527705502545228,-3.273855702094708,0,42.798041925277104,37.88413766422244,,,,,0.14394159141998286,-0.3690083192494704,-0.5129499106694533,0.4096205987827723,42.798041925277104,,,,,,,,,-17.705068945053235,46.427630310867485,-23.213815155433743,0
2024-10-31,10.38,10.5888,10.01,10.1,10.343000000000009,10.740698378170633,9.945301621829385,50.20498127571373,56.726866152088384,0,0,,,,13.37864444444447,13.512430888888915,13.244858000000026,,-2.3399729259330093,-2.349415063327942,-5.0751879699248885,0,39.24442702819683,38.16564782412144,,,,,0.1148305466180316,-0.36941172739691375,-0.48424227401494535,0.38241958037611384,39.24442702819683,,,,,,,,,-19.757867077988518,46.3945324666813,-23.19726623334065,0
2024-11-01,10.21,10.44,10.13,10.18,10.330000000000009,10.731148351610205,9.928851648389813,49.01327030893531,52.44596147531445,0,0,,,,13.339666666666691,13.473063333333357,13.206270000000025,,-1.6994978756275758,-1.4520813165538105,-3.8624988195297694,0,40.70702963100067,38.64466863228553,,,,,0.10008485819252355,-0.3591362012742909,-0.45922105946681446,0.3407082116200397,40.70702963100067,,,,,,,,,-20.609790261687852,46.362481608119474,-23.181240804059737,0
2024-11-04,10.28,10.549,10.25,10.29,10.320000000000011,10.714613735188564,9.925386264811458,49.33656243110841,49.518271338585805,0,0,,,,13.304466666666691,13.437511333333358,13.171422000000025,,-0.8861491042187808,-0.2906976744187162,-2.325581395348908,0,42.74791635066421,39.39165891469002,,,,,0.09680250647155297,-0.33821792637737325,-0.4350204328489262,0.2575368523255861,42.74791635066421,,,,,,,,,-20.958270455737672,46.33092260722904,-23.16546130361452,0
2024-11-05,10.29,10.62,10.1709,10.59,10.326000000000011,10.73300859941715,9.918991400582872,56.94578588053807,51.76520620686059,0,0,,,,13.264066666666691,13.396707333333358,13.131426000000024,,1.9053117782910745,2.556653108657647,0.9212198221091983,0,48.00440243291639,40.39899497521321,,,,,0.11278194204826802,-0.2940430052885912,-0.4068249473368592,0.3516186539094708,48.00440243291639,,,,,,,,,-19.839979100617743,46.29811506206941,-23.149057531034703,0
2024-11-06,10.1,10.24,9.5,9.71,10.290500000000009,10.774998710008308,9.806001289991709,33.785451461179214,46.68926659094189,0,0,,,,13.207533333333359,13.339608666666692,13.075458000000026,,-6.156373828162676,-5.641125309751782,-7.075411509506246,0,37.211707121669754,40.71545162649793,,,,,0.0644347281584311,-0.32628153713882035,-0.39071626529725145,-0.06432757567091377,37.211707121669754,37.211707121669754,37.211707121669754,37.211707121669754,,,,,,-21.14058953337603,46.2669119807636,-23.1334559903818,0
2024-11-07,9.95,10.24,9.81,10.05,10.28000000000001,10.775661174593642,9.784338825406378,38.497174499384364,43.07613728036721,0,0,,,,13.150733333333358,13.282240666666691,13.019226000000025,,-2.5123678339314504,-2.237354085603205,-3.4767575873992262,0,42.58290319500555,41.46983428458285,,,,,0.05601394751760963,-0.32069883090023943,-0.37671277841784906,-0.2932111905352349,42.58290319500555,,,,,,,,,-21.802972317493275,46.23663908321505,-23.118319541607526,0
2024-11-08,10.12,10.72,9.83,10.59,10.28450000000001,10.789612858675817,9.779387141324204,51.39363112421536,41.22541902825964,0,0,,,,13.092022222222246,13.222942444444469,12.961102000000023,,2.5864574251671435,2.970489571685442,2.0395053797975793,0,49.91163328859122,42.754811612448954,,,,,0.08569557861627736,-0.26959330514750235,-0.3552888837637797,-0.3037910000005682,49.91163328859122,,,,,,,,,-21.726404950982175,46.20631826195588,-23.10315913097794,0
2024-11-11,10.67,11.25,10.25,11.04,10.319000000000008,10.922055552996389,9.715944447003627,64.21269031223434,51.367831978611356,0,0,,,,13.03286666666669,13.163195333333357,12.902538000000023,,6.759501015375746,6.987111154181513,6.436995854356065,0,55.059516398113956,43.75828799422679,,,,,0.1317641957764234,-0.19058363904325049,-0.3223478348196739,0.052195180617189446,55.059516398113956,,,,,,,,,-18.263396468697675,46.172231886611996,-23.086115943305998,0
2024-11-12,10.835,10.87,10.5,10.58,10.34050000000001,10.948561674503306,9.732438325496712,61.566118850417865,59.05748009562253,0,0,,,,12.97686666666669,13.106635333333356,12.847098000000022,,2.202472952086598,2.3161355833856145,1.9562493977064,0,49.46317965827573,44.635920501718196,,,,,0.12731447396550977,-0.1632047423627867,-0.29051921632829647,0.034037026254638336,49.46317965827573,,,,,,,,,-16.91178255174891,46.137179513999904,-23.068589756999952,0
2024-11-13,11.75,13.1,11.46,12.03,10.430000000000009,11.382134444287829,9.477865555712189,73.2486333639012,66.34248084218447,0,0,,,,12.925533333333355,13.054788666666688,12.796278000000022,,14.39710916698369,15.340364333652822,15.414134953629578,0,62.42720348586911,46.0979996843081,,,,,0.2130356602130427,-0.02422464106199307,-0.23726030127503578,0.37863013959924474,62.42720348586911,,,,,62.42720348586911,,62.42720348586911,,-13.269596820034396,46.10065892379129,-23.050329461895647,0
2024-11-14,11.98,11.99,10.22,10.31,10.439500000000008,11.382823380394697,9.496176619605318,58.18438266830999,64.33304496087635,0,0,,,,12.868200000000021,12.99688200000002,12.739518000000022,,-2.154313371927452,-1.2404808659419286,-0.9384107869199854,0,47.01904227311213,46.4344751373199,,,,,0.1479930328358845,-0.05226901023018016,-0.20026204306606465,0.3121735807233386,47.01904227311213,,,,,,,,,-15.145882538603503,46.06479345580575,-23.032396727902874,0
2024-11-15,10.07,10.07,9.55,10.06,10.440500000000009,11.382168200588296,9.498831799411722,48.802126920465,60.0783809842254,0,0,,,,12.80806666666669,12.936147333333357,12.679986000000023,,-4.418052256532013,-3.6444614721517943,-3.222703222703316,0,45.27006449481861,46.16152820973283,,,,,0.08533886961838116,-0.09358845604308819,-0.17892732566146935,0.2990143592373246,45.27006449481861,,,,,,,,,-16.394112996900322,46.0296563029874,-23.0148281514937,0
2024-11-18,10.05,10.72,9.85,10.07,10.442500000000008,11.38083629365986,9.504163706340156,45.536439142939116,50.84098291057137,0,0,,,,12.747355555555577,12.874829111111133,12.619882000000022,,-4.122631629058315,-3.567153459420702,-2.99585781716607,0,45.3576202690132,46.27176339660889,,,,,0.04386427227732112,-0.12409698531481794,-0.16796125759213906,0.21549253415023267,45.3576202690132,,,,,,,,,-21.28089937617192,45.999172838358895,-22.999586419179447,0
2024-11-19,10.065,10.3177,9.9,10.17,10.426500000000008,11.37193693602443,9.481063063975586,45.94710205088075,46.76188937142829,0,0,,,,12.687933333333355,12.814812666666688,12.561054000000022,,-2.781760825924817,-2.460077686663864,-1.9380966155627122,0,46.28307605448951,46.52069440583835,,,,,0.023482397631620244,-0.13860826055261377,-0.16209065818423402,0.15052770775651692,46.28307605448951,,,,,,,,,-21.519568250810508,45.96905334774571,-22.984526673872853,0
2024-11-20,10.09,10.47,9.91,10.05,10.42100000000001,11.37382527254426,9.46817472745576,44.330143960262596,45.271228384694155,0,0,,,,12.628333333333357,12.75461666666669,12.502050000000024,,-4.240114340161938,-3.5601189905000385,-2.9797914789549074,0,45.29176210689666,46.95264691145977,,,,,0.003296077311715828,-0.15797056154458922,-0.16126663885630504,-0.00128834232567577,45.29176210689666,,,,,,,,,-21.501615834599942,45.93896638077758,-22.96948319038879,0
2024-11-21,10.02,10.39,9.92,10.02,10.40050000000001,11.369178997397565,9.431821002602454,42.59278670696565,44.290010906036336,0,0,,,,12.579088888888911,12.704879777777801,12.453298000000022,,-4.4986656500190065,-3.6584779577905846,-3.1946412469407215,0,45.032083760507284,47.26157934928167,,,,,-0.009973395761145587,-0.17373338355773704,-0.16375998779659146,-0.13630265660278906,45.032083760507284,45.032083760507284,,45.032083760507284,,,,,,-21.62893383083488,45.909100715814894,-22.954550357907447,0
2024-11-22,10.03,10.57,10,10.24,10.390000000000011,11.360855293027273,9.41914470697275,46.6616175813511,44.52818274952645,0,0,,,,12.53428888888891,12.659631777777799,12.40894600000002,,-2.0751649612699152,-1.443695861405303,-0.9862695803520727,0,47.41319357950057,47.59481343705569,,,,,-0.002234767935150067,-0.16655344771552905,-0.16431867978037898,-0.19413063808401212,47.41319357950057,,,,,,,,,-21.447963331630202,45.87905575938727,-22.939527879693635,0
2024-11-25,10.52,11.84,10.48,11.6,10.42700000000001,11.51590954628893,9.338090453711091,59.74422440335674,49.666209563891165,0,0,,,,12.499177777777799,12.624169555555577,12.374186000000021,,10.339579568153766,11.249640356765966,11.71390966582122,0,59.183900852532176,48.393349038456826,,,,,0.0910228891218961,-0.05054006837800884,-0.14156295749990494,0.08921021545988389,59.183900852532176,,,,,,,,,-17.397654163166468,45.845010651009964,-22.922505325504982,0
2024-11-26,12.24,12.27,11.22,11.55,10.481000000000009,11.675117247174352,9.286882752825665,62.616719770119616,56.34085391827582,0,0,,,,12.465711111111133,12.590368222222246,12.341054000000021,,8.85956644674839,10.199408453391756,10.73471605253895,0,58.6640086810881,49.92565629270099,,,,,0.14280313087889546,0.036940956098714395,-0.10586217478018106,0.12368153768145068,58.6640086810881,,,,,,,,,-13.369342828140818,45.809234596662506,-22.904617298331253,0
2024-11-27,11.745,12.45,11.62,12.22,10.572500000000009,11.985155301196764,9.159844698803253,66.26382467883703,62.87492295077113,0,0,,,,12.43300000000002,12.55733000000002,12.308670000000019,,14.968482453664578,15.582880113501929,16.421607545491955,0,63.31445037110076,51.40648109099351,,,,,0.21149496716853763,0.158506534180491,-0.052988432988046646,0.25783043682714213,63.31445037110076,,,,,,,,,-8.210491033919153,45.774462737274206,-22.887231368637103,0
2024-11-29,12.23,12.63,11.93,12.23,10.679000000000007,12.24585544961855,9.112144550381466,70.26168743501366,66.38074396132343,0,0,,,,12.40180000000002,12.525818000000019,12.27778200000002,,13.020977728490957,14.523831819458666,15.741324921135558,0,63.38066990534351,52.368555135047245,,,,,0.24458402578216318,0.25274159923965733,0.008157573457494155,0.40690291983766846,63.38066990534351,,,,,63.38066990534351,,63.38066990534351,,-6.610272192904444,45.74079048957647,-22.870395244788234,0
2024-12-02,12.27,12.47,11.515,11.87,10.76350000000001,12.394564376411683,9.132435623588336,68.43723974782719,68.32091728722597,0,0,,,,12.36980000000002,12.49349800000002,12.246102000000018,,7.889474640974425,10.280113346030472,11.689615155411847,0,59.23533944807639,52.66682821004456,,,,,0.2294533778777232,0.2949742958046482,0.06552091792692497,0.5454033966932599,59.23533944807639,,,,,,,,,-5.845906157427556,45.707801296875765,-22.853900648437882,0
2024-12-03,11.68,12.039,11.55,11.88,10.843000000000007,12.528100590469142,9.157899409530872,68.67250199957286,69.12380972747124,0,0,,,,12.339088888888908,12.462479777777796,12.21569800000002,,6.232674595368026,9.5637738633219,11.138829986279042,0,59.314940621333214,53.370525421691525,,,,,0.20798229061477966,0.32549878119539954,0.11751649058061989,0.5990762119221876,59.314940621333214,,,,,,,,,-6.774585843953396,45.67415480487418,-22.83707740243709,0
2024-12-04,11.83,12.28,11.71,11.96,10.911500000000007,12.660079709364002,9.162920290636013,67.36202137596283,68.1572543744543,0,0,,,,12.311977777777797,12.435097555555574,12.18885800000002,,5.263157894736903,9.609127984236743,11.376687878317448,0,59.988071926152664,53.196301738854636,,,,,0.1876558914266951,0.35208635486398876,0.16443046343729367,0.8701793875175837,59.988071926152664,,,,,,,,,-7.496247234871196,45.64009867848332,-22.82004933924166,0
2024-12-05,12.085,12.85,12.05,12.34,11.04300000000001,12.805885135225552,9.280114864774468,77.54127781704065,71.19193373085878,0,0,,,,12.287622222222241,12.410498444444464,12.164746000000019,,6.461910102665924,11.744996830571308,14.143002497456191,0,63.110191473179675,54.34566953885946,,,,,0.18783009739071557,0.39921808517568813,0.21138798778497256,0.8981068017358979,63.110191473179675,,,,,,,,,-6.299364570522179,45.60695716168955,-22.803478580844775,0
2024-12-06,12.61,13.52,12.5,13,11.190500000000009,13.085097318693153,9.295902681306865,82.53375858857271,75.81235259385873,0,0,,,,12.270911111111133,12.393620222222244,12.14820200000002,,9.344772478761932,16.169965595817782,19.302539002753004,0,67.80854486420286,55.955560993815475,,,,,0.21828539641972755,0.484244733309632,0.2659593368899045,0.9122874226436656,67.80854486420286,,,,,,,,,-3.4298592409779594,45.57668432804178,-22.78834216402089,0
2024-12-09,13.535,14.99,13.42,14.45,11.383500000000009,13.727268546593121,9.039731453406896,87.49605034696941,82.52369558419426,0,0,,,,12.265177777777797,12.387829555555575,12.14252600000002,,17.384240454914735,26.938112179909425,31.006346328195676,0,75.26272502648553,58.091639905063495,,,,,0.3160422186824395,0.6610121102429538,0.34496989156051433,0.9057927608561852,75.26272502648553,,,,,75.26272502648553,,75.26272502648553,,2.9044491975901785,45.55657623328599,-22.778288116642994,0
2024-12-10,14.48,14.51,13.7701,14.06,11.534500000000008,14.14432355725426,8.924676442745756,84.18509809916038,84.73830234490083,0,1,,,,12.25886666666669,12.381455333333356,12.136278000000022,,11.978337050015986,21.895184013177783,26.249625860520666,0,70.53200961215613,59.82370658775397,,,,,0.3327129321327141,0.7608610567264069,0.42814812459369284,0.9161178832532796,70.53200961215613,,,,,,,,,7.217232669128248,45.546440641112255,-22.773220320556128,0
2024-12-11,14.21,14.33,13.23,13.76,11.693500000000007,14.435472100514403,8.951527899485612,81.10854013356085,84.26322952656355,0,0,,,,12.248777777777798,12.371265555555576,12.12629000000002,,7.693511778977902,17.67221105742498,22.350988470316114,0,67.04117072690758,61.3772357748976,,,,,0.30267180680256667,0.8064878830969011,0.5038160762943344,0.9077778829241028,67.04117072690758,,,,,,,,,9.028759508442933,45.54117923248441,-22.770589616242205,0
2024-12-12,13.7,14.31,13.48,14.2,11.802000000000007,14.752454880183647,8.851545119816366,82.37536791145669,82.55633538139264,0,0,,,,12.240600000000022,12.363006000000022,12.118194000000022,,9.441233140655147,20.31859006947967,24.853458382180428,0,69.43086734368516,63.12000603083887,,,,,0.29146263226712144,0.8681443666282362,0.5766817343611148,0.9027506144021568,69.43086734368516,,,,,,,,,8.253828012509524,45.53368837620392,-22.76684418810196,0
2024-12-13,14.02,14.41,13.7517,14.37,12.005000000000006,15.07323401975787,8.936765980242143,80.76828546210913,81.41739783570888,0,0,,,,12.23628888888891,12.358651777777798,12.11392600000002,,8.954431723405932,19.700124947938292,24.786522708194504,0,70.32608125698647,64.75664086494501,,,,,0.2747494915791776,0.9201185988350868,0.6453691072559092,0.8994173271389468,70.32608125698647,,,,,,,,,8.906800222641087,45.52793869161283,-22.763969345806416,0
2024-12-16,14.11,15.49,13.88,15.34,12.269000000000005,15.525242619953184,9.012757380046827,86.83761263796629,83.3270886705107,0,0,,,,12.237800000000021,12.360178000000023,12.11542200000002,,13.327423167848762,25.03056483821007,31.249465248267285,0,74.85153989979553,65.87575793974953,,,,,0.30589062337512185,1.0277323864748116,0.7218417630996897,0.9147257814391726,74.85153989979553,,,,,,,,,12.758875887315918,45.533892436452035,-22.766946218226018,0
2024-12-17,15.345,15.46,14.58,14.7,12.500500000000006,15.756813713388105,9.244186286611907,82.34186543815173,83.31592117940905,0,1,,,,12.235177777777798,12.357529555555576,12.11282600000002,,6.382978723404298,17.59529618815241,24.211356466876822,0,67.53342238276036,66.50928748986898,,,,,0.26194979113320316,1.0492790020161937,0.7873292108829906,0.9099757070146878,67.53342238276036,,,,,,,,,13.837654863781296,45.54334581328094,-22.77167290664047,0
2024-12-18,14.48,14.53,12.8,13.06,12.645000000000007,15.726626194073418,9.563373805926595,66.33199706998163,78.50382504869987,0,0,,,,12.221577777777796,12.343793555555575,12.099362000000017,,-6.23205054566337,3.2819296164491307,9.591340102374657,0,53.1841619596907,65.78569546048256,,,,,0.10883778906796393,0.9233764472179455,0.8145386581499816,0.7860697372439234,53.1841619596907,,,,,,,,,10.290458650464052,45.541277780917014,-22.770638890458507,0
2024-12-19,13.47,13.75,12.8,13.06,12.795500000000006,15.640400525501622,9.95059947449839,59.38086514854939,69.3515758855609,0,0,,,,12.210022222222241,12.332122444444463,12.087922000000018,,-6.714285714285673,2.0671329764369917,8.57396220140767,0,53.1841619596907,65.0573734643645,,,,,-0.00026129776760108747,0.8142120359404803,0.8144733337080814,0.643850219270794,53.1841619596907,53.1841619596907,,53.1841619596907,,,,,,4.311410928244952,45.52383961735392,-22.76191980867696,0
2024-12-20,12.94,14.17,12.7301,13.83,12.986000000000004,15.559257857269596,10.412742142730412,58.385841506928074,61.36623457515302,0,0,,,,12.203444444444463,12.325478888888908,12.081410000000018,,-1.7964922246679893,6.499306945941741,13.783457656866949,0,58.038980821924035,64.97191927678219,,,,,-0.026914590909383862,0.7808300950713516,0.8077446859807355,0.5390987817709397,58.038980821924035,,,,,,,,,1.9381613168329863,45.50167094760078,-22.75083547380039,0
2024-12-23,13.8,14.22,13.71,13.75,13.161500000000004,15.421387386574773,10.901612613425234,58.19513652359217,58.65394772635654,0,0,,,,12.195533333333351,12.317488666666685,12.073578000000017,,-1.8768286591022254,4.471374843292919,12.153344208809024,0,57.37328794044694,64.83322979957602,,,,,-0.05467891858345175,0.7393960377514208,0.7940749563348726,0.38063029264441284,57.37328794044694,,,,,,,,,3.5316740870936427,45.482602234978756,-22.741301117489378,0
2024-12-24,13.82,14.37,13.74,14.06,13.284500000000005,15.457143320934097,11.111856679065912,61.95061308227676,59.51053037093234,0,0,,,,12.188688888888908,12.310575777777798,12.066802000000019,,0.335402840219845,5.837630321050824,13.747910037214716,0,59.32038396752412,64.78553780253114,,,,,-0.056670656038241285,0.723236636287071,0.7799072923253123,0.19859197860014738,59.32038396752412,,,,,,,,,6.199289785196921,45.46943890096757,-22.734719450483784,0
2024-12-26,13.93,14.35,13.69,14.04,13.409000000000006,15.451262470888466,11.366737529111546,61.459472498462446,60.535074034777125,0,0,,,,12.184688888888909,12.306535777777798,12.06284200000002,,-0.0071219998575178245,4.705794615556669,12.536069252965598,0,59.13271763824397,64.50143252860715,,,,,-0.06333488824448374,0.7007386820197077,0.7640735702641914,-0.04686020465885438,59.13271763824397,,,,,,,,,6.974989263540248,45.458136222389136,-22.729068111194568,0
2024-12-27,13.92,14.1,13.31,13.65,13.480500000000006,15.450083458500652,11.51091654149936,53.31950561819767,58.909863732978955,0,0,,,,12.176466666666684,12.298231333333352,12.054702000000017,,-2.4024024024023594,1.2573717592077038,8.938547486033421,0,55.448927737760435,63.618602733861266,,,,,-0.09604658216619288,0.6440153425564503,0.7400619247226432,-0.3400496736679914,55.448927737760435,,,,,,,,,7.037269618124454,45.44694951432177,-22.723474757160886,0
2024-12-30,13.35,13.65,13.02,13.58,13.548000000000005,15.432214425164911,11.6637855748351,44.11324527027595,52.96407446231202,0,0,,,,12.169400000000017,12.291094000000017,12.047706000000018,,-2.3513338606456657,0.2361972246825772,7.445209272885411,0,54.78917696596569,62.15620644382414,,,,,-0.12272895740844592,0.5866507279620858,0.7093796853705318,-0.33180472948382583,54.78917696596569,,,,,,,,,5.926138194903813,45.433047994622704,-22.716523997311352,0
2024-12-31,13.725,14.72,13.29,13.3,13.619500000000006,15.345471900118755,11.893528099881257,41.29312757798439,46.24195948881933,0,0,,,,12.156911111111128,12.278480222222239,12.035342000000018,,-2.940961833175171,-2.34590109769085,4.338275672707215,0,52.11790340326314,60.84091314318892,,,,,-0.15735552359125482,0.5126852808814633,0.6700408044727181,-0.4238680798982422,52.11790340326314,,,,,,,,,4.167222565408235,45.41523319840216,-22.70761659920108,0
2025-01-02,13.35,13.79,12.76,13.25,13.688000000000006,15.231484369859094,12.144515630140917,37.75582223908046,41.054065029113595,0,0,,,,12.141666666666683,12.26308333333335,12.020250000000017,,-2.2717214928455243,-3.199883109292856,3.088773049093496,0,51.63378211138072,59.740385384937,,,,,-0.18010946518798232,0.4449039729877402,0.6250134381757225,-0.5610733368644988,51.63378211138072,51.63378211138072,,51.63378211138072,,,,,,3.313950323241786,45.3956812893583,-22.69784064467915,0
2025-01-03,13.91,16.65,13.71,16.49,13.914500000000004,15.689374361750582,12.139625638249425,65.74252184325208,48.26382388677231,0,0,,,,12.142377777777794,12.263801555555572,12.020954000000016,,18.624559384217008,18.509468540012165,26.22796050113534,0,70.65560400351642,59.82786657492495,,,,,0.016141543376166023,0.64519036739593,0.629048824019764,-0.004820764335103501,70.65560400351642,,,,,70.65560400351642,70.65560400351642,70.65560400351642,,10.692421770787456,45.39428093057426,-22.69714046528713,0
2025-01-06,16.465,16.64,15.53,15.715,14.083250000000007,15.868977512807936,12.297522487192078,66.27985741198981,56.592733831440775,0,0,,,,12.143866666666682,12.265305333333348,12.022428000000016,,10.930716831962783,11.586459091473866,18.581399735898763,0,64.1559763581353,59.38714479643558,,,,,0.08310809964148791,0.732933948571624,0.6498258489301361,0.230457836756932,64.1559763581353,,,,,,,,,16.699378916243997,45.41282234036912,-22.70641117018456,0
2025-01-07,15.93,16.345,14.81,14.95,14.180750000000007,15.931853295068299,12.429646704931715,63.98545935991861,65.33594620505349,0,0,,,,12.14124444444446,12.262656888888905,12.019832000000015,,4.702874951850733,5.4246073021525065,11.42718723990994,0,58.441126096808226,58.21497238193649,,,,,0.06597992479359838,0.7323007549221341,0.6663208301285357,0.49602088541882194,58.441126096808226,,,,,,,,,20.869807298686997,45.44779848687226,-22.72389924343613,0
2025-01-08,14.565,14.76,13.98,14.21,14.168750000000006,15.91559250864214,12.421907491357873,60.26039777571721,63.50857151587521,0,0,,,,12.131733333333349,12.253050666666683,12.010416000000015,,-0.7993298195399068,0.2911336568151457,4.87729872685887,0,53.47860072410366,57.2110565491753,,,,,-0.001514251101412123,0.6644280162517706,0.6659422673531827,0.5971531738709247,53.47860072410366,,,,,,,,,15.14818267028726,45.46025674103488,-22.73012837051744,0
2025-01-10,14,14.155,13.76,13.85,14.158250000000006,15.910098380996278,12.406401619003734,50.6656051394169,58.3038207583509,0,0,,,,12.120844444444462,12.242052888888907,11.999636000000017,,-3.170552661935855,-2.1771758515353734,1.6575937366198668,0,51.20079674085163,57.069387604972505,,,,,-0.072784540936644,0.5749615911823778,0.6477461321190218,0.45130667677789865,51.20079674085163,,,,,,,,,10.625397792686154,45.458097005957605,-22.729048502978802,0
2025-01-13,13.54,13.63,13.01,13.49,14.144750000000007,15.912753040155497,12.376746959844517,44.21357548337592,51.71319279950334,0,0,,,,12.110177777777794,12.231279555555572,11.989076000000017,,-5.323367372004018,-4.628925926580585,-1.452522128742506,0,48.955259049486465,56.76732311138649,,,,,-0.14251962878079827,0.46959659614302396,0.6121162249238222,0.22895313316099009,48.955259049486465,,,,,,,,,7.3935601073129105,45.4472035742057,-22.72360178710285,0
2025-01-14,13.87,14.12,13.08,13.34,14.101750000000006,15.90379127311203,12.299708726887982,39.97165669126254,44.950279104685116,0,0,,,,12.101066666666682,12.222077333333349,11.980056000000015,,-6.171971162299927,-5.401811831864878,-2.813361341476839,0,48.010431216560484,56.0509981395748,,,,,-0.1939103127577313,0.36972833397665816,0.5636386467343895,0.0759510627746068,48.010431216560484,48.010431216560484,,48.010431216560484,,,,,,5.716652275157073,45.432336792187336,-22.716168396093668,0
2025-01-15,13.895,14.21,13.745,13.94,14.080250000000007,15.879234366246457,12.281265633753556,39.606074165347664,41.26376877999537,0,0,,,,12.112133333333347,12.23325466666668,11.991012000000014,,-2.199459781807933,-0.9960760639903921,1.137861400984197,0,52.00096087994363,55.667260492396,,,,,-0.18280388651765356,0.33513378858732246,0.517937675104976,0.0006241560008252653,52.00096087994363,,,,,,,,,6.534871993860125,45.4193215303718,-22.7096607651859,0
2025-01-16,14.03,14.66,13.95,14.44,14.035250000000008,15.74894038918905,12.321559610810967,44.98813702537042,41.5219559606602,0,0,,,,12.131555555555572,12.252871111111128,12.010240000000016,,0.5046111014442856,2.883810405942122,4.1183468929132605,0,55.094244706964226,55.365393402356,,,,,-0.13907281892675327,0.34409665144653445,0.4831694703732877,0.028282168792515324,55.094244706964226,,,,,,,,,9.38840811518373,45.41346400295282,-22.70673200147641,0
2025-01-17,14.675,15.34,14.19,14.21,14.010750000000007,15.699555124932736,12.321944875067278,44.829789359362636,43.14133351669357,0,0,,,,12.147155555555571,12.268627111111126,12.025684000000016,,-1.7526878003249036,1.4221222989489801,1.88936292259696,0,53.38978052956958,54.95518360887926,,,,,-0.12345563250779079,0.3288499297385492,0.45230556224634,0.01718995718538527,53.38978052956958,,,,,,,,,11.925314096560852,45.41480140489275,-22.707400702446375,0
2025-01-21,13.84,14.06,12.99,13.29,14.022250000000005,15.687976493155261,12.356523506844749,37.16993748048137,42.32928795507147,0,0,,,,12.156711111111129,12.27827822222224,12.035144000000017,,-6.034574186021802,-5.222057800994884,-5.009232235392325,0,47.11134010922793,54.35964163541265,,,,,-0.17003116854446665,0.2397666015657567,0.40979777011022334,-0.16436274100151144,47.11134010922793,,,,,,,,,10.3943571006947,45.41156207369461,-22.705781036847306,0
2025-01-22,13.1,13.14,12.66,12.69,14.003750000000005,15.719287452228686,12.288212547771325,26.872733751487274,36.29082019711043,0,0,,,,12.162888888888906,12.284517777777795,12.041260000000017,,-8.315873130554085,-9.381415692225337,-9.373326191751573,0,43.51714122034537,53.55449622501121,,,,,-0.23233714373308023,0.11937634044387302,0.35171348417695325,-0.39514723491848003,43.51714122034537,,,,,,,,,5.942619143590552,45.39701770809238,-22.69850885404619,0
2025-01-23,12.6,12.7695,12.17,12.49,13.936750000000007,15.774510253678127,12.098989746321887,24.13716660236269,29.39327927811044,0,0,,,,12.168088888888903,12.289769777777792,12.046408000000014,,-8.12798823096722,-10.380827667856607,-10.693217975760694,0,42.35711852972291,52.85729730547263,,,,,-0.27517986238314507,0.007738656198021943,0.282918518581167,-0.6395507117413936,42.35711852972291,42.35711852972291,,42.35711852972291,,,,,,1.6006948955294835,45.37401817268819,-22.687009086344094,0
2025-01-24,12.71,13.19,12.48,12.77,13.887750000000006,15.793804760493302,11.98169523950671,24.57664140028036,25.195513918043435,0,0,,,,12.174400000000013,12.296144000000012,12.052656000000013,,-5.062820608133178,-8.048459973717891,-8.324060447252336,0,44.58428059885788,52.35376148314957,,,,,-0.2723178335929,-0.057478773409957995,0.21483906018294202,-0.8456534258307801,44.58428059885788,,,,,,,,,0.45463396990577015,45.3492305537221,-22.67461527686105,0
2025-01-27,12.79,13.56,12.69,12.85,13.827250000000006,15.783740416536466,11.870759583463547,25.730326820867695,24.81471160783691,0,0,,,,12.183022222222236,12.304852444444458,12.061192000000014,,-3.7525279005317547,-7.0675658572746265,-7.481850362992837,0,45.23534379200968,50.53802861089908,,,,,-0.25310185217017056,-0.10153825502977121,0.15156359714039935,-0.8204027319533429,45.23534379200968,,,,,,,,,1.0888051537285504,45.32545669857464,-22.66272834928732,0
2025-01-28,12.88,12.89,12.41,12.71,13.760750000000007,15.773400677588914,11.7480993224111,25.961563751328505,25.42284399082551,0,0,,,,12.190933333333346,12.312842666666679,12.069024000000013,,-4.241693663828761,-7.635848336754936,-8.258646616541442,0,44.255448553665175,49.11656233915122,,,,,-0.23810587928674537,-0.14606875196803237,0.092037127318713,-0.7947150235830435,44.255448553665175,,,,,,,,,1.85412528244741,45.30296108561459,-22.651480542807295,0
2025-01-29,12.34,12.61,12.22,12.42,13.699250000000006,15.795127560832007,11.603372439168005,23.94561081968865,25.212500463961607,0,0,,,,12.197111111111125,12.319082222222237,12.075140000000014,,-5.7734618010772625,-9.338102450864138,-9.966291727579257,0,42.215459135930196,47.95758612765993,,,,,-0.2355709977887114,-0.20242661991717625,0.033144377871535145,-0.777604542719832,42.215459135930196,42.215459135930196,,42.215459135930196,,,,,,1.0667746841236625,45.27920774614564,-22.63960387307282,0
2025-01-30,12.57,12.81,12.34,12.51,13.645750000000007,15.80474808939218,11.486751910607833,27.53993869931817,25.815704423445098,0,0,,,,12.197111111111125,12.319082222222237,12.075140000000014,,-4.049700874367213,-8.323104263232183,-8.904450404747843,0,43.09218192799229,47.21569907079483,,,,,-0.2161917434306177,-0.23709530141673696,-0.020903557986119273,-0.763890535368271,43.09218192799229,,,,,,,,,0.2974991559697496,45.254312844982536,-22.627156422491268,0
2025-01-31,12.45,12.99,12.38,12.56,13.608750000000006,15.81502712447896,11.402472875521052,28.642609866755556,26.709386461920783,0,0,,,,12.196133333333348,12.318094666666681,12.074172000000015,,-2.2568093385213817,-7.7064388720492705,-7.919013697291188,0,43.6041115397078,46.67307869928455,,,,,-0.18933061686805597,-0.2575668290711892,-0.06823621220313326,-0.7559590976616137,43.6041115397078,,,,,,,,,0.05258369474007459,45.22909699527214,-22.61454849763607,0
2025-02-03,12.02,12.555,11.89,12.39,13.565750000000005,15.831051911445627,11.300448088554383,24.53220179295471,26.904916786342806,0,0,,,,12.194800000000013,12.316748000000013,12.072852000000013,,-2.194505841490335,-8.66704752778139,-8.649651630027488,0,42.21366288928793,46.19153611641324,,,,,-0.1727964656623987,-0.28423179428113166,-0.11143532861873295,-0.7897438553808522,42.21366288928793,42.21366288928793,,42.21366288928793,,,,,,0.1356488848821645,45.20403717738006,-22.60201858869003,0
2025-02-04,12.35,12.98,12.31,12.87,13.384750000000006,15.225161570817553,11.544338429182458,30.15471212854969,27.776507929419974,0,0,,,,12.197022222222238,12.31899244444446,12.075052000000015,,1.9325201964201177,-3.845794654364154,-5.0663257151990715,0,47.321509363615725,46.14232741263147,,,,,-0.1217264904914212,-0.26359344173300947,-0.14186695124158827,-0.7652225839008794,47.321509363615725,,,,,47.321509363615725,,47.321509363615725,,1.2513240317436516,45.18070119330691,-22.590350596653455,0
2025-02-05,12.81,13.075,12.715,12.77,13.237500000000006,14.750759726550331,11.72424027344968,30.54137044034271,28.40942812061569,0,0,,,,12.20173333333335,12.323750666666683,12.079716000000015,,1.0764603451005383,-3.5316336166195006,-5.736746921250524,0,46.40130080105101,45.742351692710564,,,,,-0.0884241081363489,-0.2523970864120244,-0.1639729782756755,-0.6719553195620254,46.40130080105101,,,,,,,,,1.951107280059319,45.15853108757251,-22.579265543786256,0
2025-02-06,12.88,13.22,12.65,12.8,13.130000000000006,14.432105986469258,11.827894013530754,33.36478633597833,31.353622968290235,0,0,,,,12.211111111111125,12.333222222222236,12.089000000000013,,1.0659297275957824,-2.5133282559025583,-5.275232186686807,0,46.73593316583728,45.14532943977292,,,,,-0.05950604193034745,-0.23835553068860982,-0.17884948875826237,-0.5043728428257613,46.73593316583728,,,,,,,,,3.1753151515173834,45.13852120089791,-22.569260600448956,0
2025-02-07,12.82,12.8609,12.405,12.48,13.043500000000005,14.275072571957969,11.811927428042042,31.653658799312858,31.85327185854462,0,0,,,,12.217511111111126,12.339686222222237,12.095336000000014,,-1.234567901234529,-4.320159466400919,-7.3531049330018305,0,43.608431390406366,44.446661644118414,,,,,-0.05705246899340996,-0.25016507500002483,-0.19311260600661487,-0.3377228684350365,43.608431390406366,,,,,,,,,2.2624826928775224,45.11691474992327,-22.558457374961634,0
2025-02-10,12.66,13.09,12.55,12.99,13.000500000000008,14.175173997328148,11.825826002671867,39.00269131736279,34.673712150884654,0,0,,,,12.224577777777792,12.34682355555557,12.102332000000015,,2.6877470355731736,-0.08076612437989406,-3.311044672431207,0,49.41804367309404,44.61142618439457,,,,,-0.018216252996754168,-0.21588292225255756,-0.1976666692558034,0.20813647663841436,49.41804367309404,,,,,49.41804367309404,,49.41804367309404,,2.980779892606389,45.09658176058872,-22.54829088029436,0
2025-02-11,12.79,12.94,12.36,12.44,12.948000000000008,14.124326485291757,11.771673514708258,35.46530322092489,35.37388444586684,0,0,,,,12.22982222222224,12.352120444444461,12.107524000000017,,-1.4497346114235476,-3.92338585109675,-7.035833053095786,0,44.137073601731466,44.655707068779286,,,,,-0.02621716491691556,-0.23043812540194786,-0.2042209604850323,0.08065951793691267,44.137073601731466,,,,,,,,,2.117577548544593,45.07476775041642,-22.53738387520821,0
2025-02-12,12.325,12.73,12.25,12.48,12.905000000000006,14.083736611800518,11.726263388199495,34.79302733748395,36.420340625257204,0,0,,,,12.234800000000018,12.357148000000018,12.112452000000017,,-1.1798242141103366,-3.2932971716389425,-6.464305789769609,0,44.60074898094055,44.8159663867234,,,,,-0.025443084331194354,-0.23602481589902524,-0.2105817315678309,-0.12920369605568705,44.60074898094055,,,,,,,,,2.195550409444696,45.053105594295815,-22.526552797147907,0
2025-02-13,12.67,13.33,12.578,13.3,12.873000000000008,13.969487118026858,11.776512881973158,47.163805994124466,39.140712184177765,0,0,,,,12.244266666666684,12.36670933333335,12.121824000000018,,4.658482845451739,3.3170201196301763,-0.24875310941394613,0,53.1801825141062,45.42995938066971,,,,,0.03062618068752218,-0.17229900570842815,-0.20292518639595034,0.2650215755571308,53.1801825141062,,,,,,,,,3.0740435783584794,45.03298760536296,-22.51649380268148,0
2025-02-14,13.475,14.19,13.47,14.03,12.85250000000001,13.841051971318961,11.863948028681058,63.84386751173663,48.60023361444835,0,0,,,,12.258622222222241,12.381208444444464,12.136036000000018,,9.140412290937405,9.161641703948554,5.034624742653837,0,59.232994983994715,46.429791608668644,,,,,0.11260075953633802,-0.06217423697552782,-0.17477499651186584,0.5686300308532456,59.232994983994715,,,,,,,,,7.350483711911199,45.02169386572583,-22.510846932862915,0
2025-02-18,13.78,14.45,13.54,14.44,12.864000000000008,13.918597553571436,11.80940244642858,72.41877411343715,61.14214920643275,0,0,,,,12.275466666666683,12.39822133333335,12.152712000000015,,10.566615620214414,12.251243781094455,7.783984175758452,0,62.18954408738542,47.7107984325058,,,,,0.18583675201527944,0.05752094350723347,-0.12831580850804597,0.7067840068319107,62.18954408738542,,,,,62.18954408738542,,62.18954408738542,,12.587847868522381,45.02431618727553,-22.512158093637765,0
2025-02-19,14.33,14.41,13.8,13.93,12.896000000000006,14.035761378534534,11.756238621465478,72.98539603981685,69.74934588833021,0,0,,,,12.29062222222224,12.413528444444463,12.167716000000016,,5.802825459516958,8.017990074441638,4.643738027569366,0,56.68275731585657,48.74417687392911,,,,,0.19062060584864676,0.1099599488027625,-0.08066065704588427,0.7516964860022773,56.68275731585657,,,,,,,,,14.228254092845864,45.03190481424664,-22.51595240712332,0
2025-02-20,13.93,14.05,13.28,13.61,12.942000000000007,14.118462494089313,11.765537505910702,68.78236884774074,71.39551300033158,0,0,,,,12.302266666666684,12.425289333333351,12.179244000000017,,2.716981132075502,5.161489723381174,2.7816236626808433,0,53.482693464894716,49.48635626942215,,,,,0.1639401010004192,0.12426446920463974,-0.03967563179577946,0.7568746072801877,53.482693464894716,,,,,,,,,13.039265461999696,45.03565407447739,-22.517827037238696,0
2025-02-21,12.71,13.36,12.55,12.97,12.966000000000005,14.124039722979827,11.807960277020182,59.03678647839655,66.93485045531804,0,0,,,,12.311244444444462,12.434356888888907,12.188132000000017,,-2.238637220170314,0.03084991516271174,-1.560958332279283,0,47.68441803516819,49.777806733383606,,,,,0.09814167677457727,0.08300146417244214,-0.015140212602135137,0.6466689631979007,47.68441803516819,,,,,,,,,9.030169281008375,45.02817059897153,-22.514085299485764,0
2025-02-24,12.495,12.72,11.71,11.96,12.925500000000008,14.162115946847956,11.68888405315206,38.4901241060936,55.43642647741029,0,0,,,,12.315111111111129,12.43826222222224,12.191960000000018,,-9.496783957623867,-7.4697303779351465,-8.706936033789713,0,40.26543974597849,49.638647937432935,,,,,-0.012562059698388257,-0.03084278722512046,-0.018280727526732203,0.2700296041912094,40.26543974597849,,,,,,,,,3.71132829864494,45.00907820355109,-22.504539101775546,0
2025-02-25,11.93,12.185,11.38,11.45,12.85550000000001,14.24973778459721,11.46126221540281,29.504036327541904,42.34364897067735,0,0,,,,12.319288888888906,12.442481777777795,12.196096000000017,,-12.334430748028458,-10.933063669246701,-12.062874404792456,0,37.12448594899167,48.91028912210265,,,,,-0.113670839748294,-0.1603692772120997,-0.046698437463805705,-0.039924673244368804,37.12448594899167,,,,,,,,,-2.0668567005924676,44.98154189308956,-22.49077094654478,0
2025-02-26,11.52,12.02,11.33,11.4,12.790000000000006,14.321731046887459,11.258268953112553,24.666680398384514,30.886946944006677,0,0,,,,12.323111111111126,12.446342222222238,12.199880000000014,,-12.016670525584605,-10.867865519937492,-11.975909196201151,0,36.82122821605113,48.22599822317408,,,,,-0.17385019347970787,-0.26401117931344054,-0.09016098583373267,-0.26895535944896815,36.82122821605113,36.82122821605113,,36.82122821605113,,,,,,-6.19199491692219,44.95062673111064,-22.47531336555532,0
2025-02-27,11.5,12.26,11.44,11.6,12.749000000000008,14.359998448167719,11.138001551832296,24.242283554488587,26.137666760138334,0,0,,,,12.329644444444462,12.452940888888907,12.206348000000016,,-9.860906053306362,-9.012471566397418,-10.028697742961379,0,38.968801575070316,47.671203109547875,,,,,-0.1888704188535451,-0.32624900940066404,-0.13737859054711893,-0.417464154516793,38.968801575070316,,,,,,,,,-7.0332353506969945,44.91934267020787,-22.459671335103934,0
2025-02-28,11.57,12.105,11.32,11.84,12.715500000000008,14.372201240416885,11.05879875958313,24.31861544882519,24.409193133899432,0,0,,,,12.337377777777796,12.460751555555573,12.214004000000019,,-6.940187062799619,-6.885297471589846,-7.665912812914377,0,41.53697326490848,47.52324181486946,,,,,-0.17181521197487784,-0.3521476055157162,-0.18033239354083838,-0.5590225841731714,41.53697326490848,,,,,,,,,-5.842411830702829,44.888761066727646,-22.444380533363823,0
2025-03-03,12,12.42,11.39,11.51,12.663000000000007,14.400654741310515,10.9253452586895,24.208585400431424,24.256494801248397,0,0,,,,12.342133333333349,12.465554666666682,12.218712000000016,,-7.705877636115743,-9.105267314222598,-9.550502933780457,0,39.10060457161093,46.786281879049234,,,,,-0.17153427444503438,-0.3947502365971314,-0.223215962152097,-0.6405375505817751,39.10060457161093,,,,,,,,,-5.424155848704122,44.85850763535305,-22.429253817676525,0
2025-03-04,11.15,11.58,10.8501,11.26,12.606500000000008,14.44645951042377,10.766540489576245,21.578123860138525,23.368441569798378,0,0,,,,12.34493333333335,12.468382666666683,12.221484000000016,,-7.347979922652803,-10.680997897909862,-10.826007761146816,0,37.31493301155404,46.298986122607985,,,,,-0.17628547676628392,-0.4435728081099519,-0.267287331343668,-0.7760013675990367,37.31493301155404,,,,,,,,,-6.235091564679302,44.82782064482558,-22.41391032241279,0
2025-03-05,11.4,11.49,11.06,11.42,12.534000000000008,14.439805866293558,10.628194133706458,22.664498651319533,22.817069303963155,0,0,,,,12.350044444444462,12.473544888888906,12.226544000000018,,-4.049739539573127,-8.887825115685388,-9.110203215365908,0,39.22781260862897,45.915204953157165,,,,,-0.1573746285551043,-0.4640056170375484,-0.3066309884824441,-0.8742888259767023,39.22781260862897,,,,,,,,,-7.261853057947889,44.79669121391569,-22.398345606957847,0
2025-03-06,10.97,11.35,10.94,11.03,12.447000000000008,14.457742151544776,10.43625784845524,19.378788465716447,21.2071369923915,0,0,,,,12.356533333333351,12.480098666666684,12.232968000000017,,-5.273102026794874,-11.384269301839867,-11.825836708590975,0,36.31855977192653,44.71080332871576,,,,,-0.15936522987984214,-0.5058375258322467,-0.3464722959524046,-0.8993130488102036,36.31855977192653,36.31855977192653,,36.31855977192653,,,,,,-8.465947131545265,44.76520518589053,-22.382602592945265,0
2025-03-07,10.9,11.26,10.66,11.17,12.365500000000008,14.443416985829552,10.287583014170464,18.880267382644227,20.3078514998934,0,0,,,,12.365600000000017,12.489256000000017,12.241944000000016,,-2.5645498953244417,-9.668027981076444,-10.391485720397975,0,38.09345234384471,43.20083599727648,,,,,-0.14016551681603862,-0.5216791919724528,-0.3815136751564142,-0.8694330482048386,38.09345234384471,,,,,,,,,-8.624302354065792,44.73374378393632,-22.36687189196816,0
2025-03-10,10.97,11.63,10.79,10.96,12.289500000000007,14.454470900497048,10.124529099502967,17.68971721157783,18.6495910199795,0,0,,,,12.376977777777794,12.500747555555572,12.253208000000017,,-3.555086237240346,-10.818178119532984,-11.648528819024639,0,36.45225958658181,41.36245853293336,,,,,-0.1307073226737246,-0.5448978284985699,-0.41419050582484535,-0.8442647867698595,36.45225958658181,,,,,,,,,-9.784217028118846,44.702140694904834,-22.351070347452417,0
2025-03-11,10.98,11.09,10.48,10.79,12.179500000000008,14.413388761778199,9.945611238221817,16.253053847741278,17.607679480654443,0,0,,,,12.38622222222224,12.510084444444463,12.262360000000019,,-4.496371039121916,-11.408514306827112,-12.53478883514829,0,35.132682168812224,39.82316745100162,,,,,-0.12500012305222818,-0.5704406596401306,-0.4454405365879024,-0.8277202488572144,35.132682168812224,35.132682168812224,,35.132682168812224,,,,,,-10.340942573364375,44.670565198575964,-22.335282599287982,0
2025-03-12,11.065,11.33,10.865,11.06,12.110500000000009,14.392669800869076,9.828330199130942,21.917457814875537,18.62007629139821,1,0,,,,12.39653333333335,12.520498666666684,12.272568000000016,,-1.811079545454486,-8.67429090458699,-9.944631418955662,0,38.914889321977924,38.78261001222186,,,,,-0.09357848231726695,-0.5624136394844861,-0.46883515716721913,-0.8102165422080561,38.914889321977924,,,,,,,,,-10.544730644512951,44.63905193560371,-22.319525967801855,0
2025-03-13,11,11.09,10.54,10.61,12.017000000000008,14.3826550889762,9.651344911023816,19.557426423377485,19.242646028664765,0,0,,,,12.404444444444463,12.528488888888909,12.280400000000018,,-4.970891177787684,-11.708413081467983,-13.182227313640539,0,35.228148389176184,37.89287646607958,,,,,-0.09342213605155719,-0.5856128272316656,-0.49219069118010844,-0.8746091474186326,35.228148389176184,,,,,,,,,-11.407554079953796,44.60764392905464,-22.30382196452732,0
2025-03-14,10.735,10.805,10.58,10.75,11.889500000000007,14.239635953513972,9.539364046486043,21.391683618717504,20.955522618990173,0,0,,,,12.413866666666685,12.538005333333352,12.289728000000018,,-2.767727930535402,-9.584086799276726,-11.612355085372961,0,37.22085082662306,37.67540582898276,,,,,-0.07500511698152446,-0.5859470874070141,-0.5109419704254896,-0.8633315603322443,37.22085082662306,,,,,,,,,-11.416821731932169,44.576303048099824,-22.288151524049912,0
2025-03-17,10.75,11.145,10.735,11.02,11.739000000000008,13.899415700738853,9.578584299261163,29.590481562280452,23.51319720145848,0,0,,,,12.423777777777795,12.548015555555573,12.299540000000018,,0.1181066593986202,-6.124882869068982,-9.0083395260508,0,40.991295983557215,37.951606545737434,,,,,-0.03764086440822356,-0.5579930509357691,-0.5203521865275456,-0.8398101388442347,40.991295983557215,,,,,,,,,-11.419529168461574,44.54502840476928,-22.27251420238464,0
2025-03-18,11,11.735,10.96,11.2,11.577000000000007,13.355044993806107,9.798955006193907,38.0724881897216,29.68488445690652,0,0,,,,12.433377777777794,12.557711555555573,12.309044000000016,,1.808926461230853,-3.256456767729188,-7.218202904953985,0,43.43052606339725,38.4236992491193,,,,,0.003982652594982872,-0.5153738707838169,-0.5193565233787998,-0.754163091043806,43.43052606339725,,,,,,,,,-9.700260133729314,44.51383342047597,-22.256916710237984,0
2025-03-19,11.24,11.69,11.21,11.36,11.448500000000006,12.861826218535384,10.035173781464628,44.816927733547814,37.493299161849954,0,0,,,,12.444577777777795,12.569023555555573,12.320132000000017,,3.3196907685312027,-0.7730270341093304,-5.498710589801281,0,45.58378940476109,38.8961983798115,,,,,0.04480838993905656,-0.46334603595497903,-0.5081544258940356,-0.5363882066199198,45.58378940476109,,,,,,,,,-7.9453649229262995,44.48310118109731,-22.241550590548655,0
2025-03-20,11.075,11.1797,10.83,10.88,11.312000000000008,12.33824753349247,10.285752466507546,42.52650585887787,41.805307260715765,0,0,,,,12.455066666666685,12.579617333333353,12.330516000000017,,-0.9107468123860873,-3.818953323903884,-9.01488543234662,0,40.591947392940625,38.828696531813804,,,,,0.04204850960765738,-0.4555937888844639,-0.49764229849212127,-0.4181847393901911,40.591947392940625,,,,,,,,,-8.244297182729246,44.452337651292524,-22.226168825646262,0
2025-03-21,10.8,11.62,10.715,11.6,11.243500000000008,11.951462569631534,10.535537430368482,52.35033770181851,46.564590431414736,0,0,,,,12.466444444444463,12.591108888888908,12.341780000000018,,5.234509661616693,3.1707208609418114,-2.6682329249875125,0,49.52155397784998,39.57305006083088,,,,,0.08860004552072287,-0.3868922415912177,-0.4754922871119406,0.04621475206464032,49.52155397784998,,,,,,,,,-7.069174596136062,44.422074557844645,-22.211037278922323,0
2025-03-24,11.835,12.26,11.74,12.19,11.255000000000006,12.014723633961426,10.495276366038587,69.64419948205534,54.84034768091724,0,0,,,,12.47893333333335,12.603722666666684,12.354144000000016,,9.366588910820074,8.307418924922194,2.3652904128760532,0,55.433130752433186,40.86720704232225,,,,,0.1551204796576216,-0.2815916875399136,-0.4367121671975352,0.4207835028403759,55.433130752433186,,,,,,,,,-4.714241397125682,44.393267809282804,-22.196633904641402,0
2025-03-25,12.2,12.37,11.87,12.36,11.300500000000007,12.197995960993417,10.403004039006596,75.29223584719257,65.76225767702215,0,0,,,,12.494311111111129,12.61925422222224,12.369368000000017,,9.351499601875668,9.375691341091041,3.9762211878188625,0,56.995879018093106,42.13635464299825,,,,,0.20351295150790583,-0.18232097781265288,-0.3858339293205587,0.6841166037488228,56.995879018093106,,,,,,,,,-0.6284045686450314,44.36858014189918,-22.18429007094959,0
2025-03-26,12.56,12.6647,11.95,12.1,11.335500000000007,12.298027402207058,10.372972597792955,74.47407141155732,73.13683558026841,0,0,,,,12.507155555555574,12.63222711111113,12.382084000000019,,6.075216972034769,6.744298884036803,1.886156955203666,0,53.883843296777584,43.39101775191619,,,,,0.21010091183024898,-0.12320778953274747,-0.33330870136299645,0.7693594237652345,53.883843296777584,,,,,,,,,0.7360168205707605,44.34574932497154,-22.17287466248577,0
2025-03-27,12.14,13.3,12.03,13.02,11.406500000000008,12.614726386071453,10.198273613928563,82.42816726871844,77.39815817582279,0,0,,,,12.52133333333335,12.646546666666683,12.396120000000018,,11.778846153846212,14.145443387542112,9.466958130149528,0,61.8264465455919,45.08623162346955,,,,,0.2649672432764047,-0.0020996472674905675,-0.26706689054389526,0.8587656460846611,61.8264465455919,,,,,61.8264465455919,,61.8264465455919,,2.946709667780469,44.32638297263207,-22.163191486316034,0
2025-03-28,12.995,13.0399,12.17,12.41,11.435000000000008,12.707941475480867,10.162058524519148,77.76752467381644,78.22325445136407,0,0,,,,12.531733333333351,12.657050666666684,12.406416000000018,,5.044862028102326,8.526453869698214,4.599218947545758,0,55.055669654104804,46.415046628292636,,,,,0.24897239909295404,0.04414860832229728,-0.20482379077065677,0.8946314698069738,55.055669654104804,,,,,,,,,2.9960456547578893,44.30711365133951,-22.153556825669757,0
2025-03-31,12.03,12.59,11.685,12.45,11.482000000000008,12.829762590369437,10.134237409630579,76.90745137249017,79.03438110500836,0,0,,,,12.541155555555573,12.666567111111128,12.415744000000018,,4.123107802960657,8.430587005748036,5.4042613235500525,0,55.4005816124257,47.86275373140787,,,,,0.23031564201829977,0.08307076175221795,-0.14724488026608182,0.899651325133493,55.4005816124257,,,,,,,,,3.844503477324091,44.28933674203108,-22.14466837101554,0
2025-04-01,12.465,13.49,12.405,13.28,11.583000000000007,13.13617867613468,10.029821323865335,83.63695995024509,79.43731199885057,0,0,,,,12.554622222222239,12.680168444444462,12.429076000000016,,9.165639128647808,14.650781317447903,12.800475664656297,0,61.929287790785516,49.5066393363227,,,,,0.2608594860276759,0.17882947726851306,-0.08203000875916283,0.93517979552963,61.929287790785516,,,,,61.929287790785516,,61.929287790785516,,4.433296410405165,44.27264297797702,-22.13632148898851,0
2025-04-02,12.81,13,12.21,12.49,11.636500000000007,13.236540936976152,10.036459063023862,73.14864477198984,77.89768536490837,0,0,,,,12.564488888888906,12.690133777777795,12.438844000000017,,1.7266655807135267,7.334679671722544,6.524520255863431,0,53.84928433165222,50.83672047507099,,,,,0.21666098792848137,0.18879622615143887,-0.027864761777042488,0.8975288441770075,53.84928433165222,,,,,,,,,4.551595012220439,44.25617160979441,-22.128085804897204,0
2025-04-03,11.775,12.4,11.44,11.53,11.661500000000007,13.238310388093483,10.084689611906532,59.87475276919521,72.22011916381005,0,0,,,,12.570311111111126,12.696014222222237,12.444608000000015,,-6.586729320262452,-1.1276422415641862,-1.0781594074414036,0,45.9957987395726,51.4635024688531,,,,,0.11658957903383682,0.11787221201525355,0.0012826329814167245,0.6883830258591883,45.9957987395726,,,,,,,,,1.9299593845935885,44.235222548569276,-22.117611274284638,0
2025-04-04,11.23,11.37,10.36,11.21,11.663500000000006,13.237911318556755,10.089088681443258,45.27213252299678,59.43184335472728,0,0,,,,12.575733333333348,12.701490666666682,12.449976000000014,,-8.891417425227498,-3.8881982252326086,-3.337069931879011,0,43.70755412850623,51.65752090777803,,,,,0.027321594314221636,0.03543462587419377,0.008113031559972134,0.3900049661470094,43.70755412850623,,,,,,,,,-3.797732045538234,44.20750674730574,-22.10375337365287,0
2025-04-07,10.57,11.975,10.47,11.21,11.676000000000005,13.231730053704588,10.120269946295423,39.718211605047365,48.288365632413125,0,0,,,,12.577111111111126,12.702882222222238,12.451340000000014,,-8.159921350155596,-3.9910928400137435,-3.128240580712127,0,43.70755412850623,51.677308626714385,,,,,-0.030136057180618462,-0.029557039915800942,0.0005790172648175197,0.10443908615662172,43.70755412850623,,,,,,,,,-7.331908865276321,44.17769599215804,-22.08884799607902,0
2025-04-08,11.551,12.175,10.555,10.8,11.676500000000008,13.231096732274803,10.121903267725212,33.00584468473019,39.33206293759145,0,0,,,,12.575377777777794,12.701131555555571,12.449624000000016,,-10.373443983402442,-7.506530210251416,-6.49620501572834,0,40.69891331979654,51.328388906359784,,,,,-0.09074013903813687,-0.11284615653285357,-0.0221060174947167,-0.20439159919283603,40.69891331979654,40.69891331979654,,40.69891331979654,,,,,,-9.367021038479459,44.147415759979374,-22.073707879989687,0
2025-04-09,10.78,11.98,10.67,11.77,11.712000000000007,13.240876711837693,10.18312328816232,39.8557153951614,37.52659056164632,0,0,,,,12.582355555555571,12.708179111111127,12.456532000000015,,-2.055421486227782,0.49521857923491286,1.793127306272968,0,49.547416452712376,51.96806526777205,,,,,-0.06186418517594138,-0.09943624896464343,-0.037572063788702044,-0.46593938106452365,49.547416452712376,,,,,,,,,-7.895782982831491,44.117528568926105,-22.058764284463052,0
2025-04-10,11.475,11.68,10.94,11.46,11.754500000000007,13.203658031409809,10.305341968590206,37.82648738824804,36.89601582271322,0,0,,,,12.588266666666682,12.71414933333335,12.462384000000014,,-3.3808279234465277,-2.5054234548471332,-0.8478975601315941,0,47.12720408845716,51.79704027567256,,,,,-0.05996321235245236,-0.1125260792292675,-0.052562866876815134,-0.6384326020833138,47.12720408845716,,,,,,,,,-7.286173579994645,44.08791743426335,-22.043958717131677,0
2025-04-11,11.41,11.49,10.93,11.47,11.790500000000007,13.17225938571069,10.408740614289323,38.40376239059686,38.69532172466878,0,0,,,,12.592577777777791,12.71850355555557,12.466652000000012,,-2.5240078184753267,-2.718290148848701,-0.6553685365361384,0,47.21677178366541,51.21015749218915,,,,,-0.054510966476504025,-0.12070157497244516,-0.06619060849594113,-0.685315485743633,47.21677178366541,,,,,,,,,-5.515092219688235,44.05925184089693,-22.029625920448463,0
2025-04-14,11.64,12.11,11.52,12.03,11.841000000000006,13.179579844461946,10.502420155538067,45.26040329365194,40.496884357498956,0,0,,,,12.60035555555557,12.726359111111126,12.474352000000014,,2.6012793176972693,1.5961489739041657,4.038744270517958,0,52.10939893038279,50.86112320020984,,,,,-0.011894710570339334,-0.0810589967088653,-0.06916428613852596,-0.6083636582244648,52.10939893038279,,,,,52.10939893038279,,52.10939893038279,,-4.871403442430178,44.03105945745287,-22.015529728726435,0
2025-04-15,11.9,12.1,11.65,11.91,11.876500000000007,13.182459800299961,10.570540199700053,48.85067248407183,44.171612722773546,0,0,,,,12.608622222222234,12.734708444444456,12.482536000000012,,2.778736624093936,0.2820696333094119,2.8083098348390845,0,51.01808861873516,50.65642643749253,,,,,0.008412311337050199,-0.058648896967213204,-0.0670612083042634,-0.5856737167951406,51.01808861873516,,,,,,,,,-3.7194762351146786,44.00379451370712,-22.00189725685356,0
2025-04-16,11.64,12.145,11.17,11.49,11.883000000000006,13.17987470481915,10.586125295180862,47.30470675437943,47.138594177367736,0,0,,,,12.612133333333345,12.738254666666679,12.486012000000011,,0.017409470752149936,-3.3072456450391807,-0.8371450763787758,0,47.28547784715771,49.6177858161758,,,,,-0.00549266257292802,-0.07392703652042343,-0.06843437394749541,-0.4950388602834445,47.28547784715771,,,,,,,,,-3.7169126389072944,43.976581580256905,-21.988290790128453,0
2025-04-17,11.53,11.69,11.345,11.6,11.919000000000008,13.14027638149581,10.697723618504206,49.20406053261672,48.453146590356,0,0,,,,12.61946666666668,12.745661333333347,12.493272000000013,,0.9134406263593409,-2.6763990267640536,-0.05169739789773198,0,48.35127896395943,49.1389007668797,,,,,-0.006276250243074072,-0.076279686751338,-0.07000343650826393,-0.4252516937352393,48.35127896395943,,,,,,,,,-4.935319550774008,43.94850297459767,-21.974251487298837,0
2025-04-21,11.485,11.55,10.85,11.15,11.896500000000007,13.156424997767585,10.636575002232428,42.98991307552211,46.49956012083942,0,0,,,,12.622622222222235,12.748848444444457,12.496396000000013,,-2.9506484463399207,-6.274954818644185,-3.923483455882415,0,44.39669291547469,48.352908717097485,,,,,-0.03451811715513464,-0.11315108295218224,-0.0786329657970476,-0.400227689021909,44.39669291547469,44.39669291547469,,44.39669291547469,,,,,,-7.032351160669659,43.91933486067431,-21.959667430337156,0
2025-04-22,11.32,11.74,11.2501,11.36,11.855000000000008,13.128130001217254,10.58186999878276,40.2145984531977,44.13619068711218,0,0,,,,12.626800000000012,12.753068000000011,12.500532000000012,,-1.2517385257301394,-4.175453395191964,-2.2263025017214444,0,46.5919784617597,47.25738662216707,,,,,-0.03629148431880429,-0.12399732119555296,-0.08770583687674867,-0.15434129426974372,46.5919784617597,,,,,,,,,-7.4327627514132475,43.89006859045919,-21.945034295229593,0
2025-04-23,11.77,12.24,11.77,11.8,11.827000000000009,13.078928112951953,10.575071887048065,49.44032806650048,44.21494653174009,0,0,,,,12.633822222222232,12.760160444444454,12.50748400000001,,1.68907273354022,-0.22829119810610088,1.267271218926047,0,50.96068484408835,47.051058087341076,,,,,-0.006621167471328918,-0.09598229621590981,-0.0893611287445809,0.29822582990365176,50.96068484408835,,,,,,,,,-6.933529143961633,43.861058023866214,-21.930529011933107,0
2025-04-24,11.87,12.2713,11.71,12.09,11.826500000000008,13.077999500598994,10.575000499401023,55.85466230510646,48.50319627493488,0,0,,,,12.63880000000001,12.76518800000001,12.51241200000001,,3.9016844276384077,2.228047182175552,3.451226468910362,0,53.651665081287184,47.59790568317783,,,,,0.031644515719268435,-0.049805484095495345,-0.08144999981476378,0.4809426189468948,53.651665081287184,,,,,,,,,-4.442710435776247,43.833546336208045,-21.916773168104022,0
2025-04-25,12.035,12.65,12.02,12.62,11.806500000000009,12.992118404040482,10.620881595959535,71.64749522277891,58.98082853146195,0,0,,,,12.646355555555568,12.772819111111124,12.519892000000011,,7.385976855003462,6.8902723076270656,7.370749553330769,0,58.169418926981166,48.63089602592605,,,,,0.08853577273381055,0.029219716102499405,-0.05931605663131114,0.5782699060524741,58.169418926981166,,,,,,,,,-1.0971706307677478,43.809220238062586,-21.904610119031293,0
2025-04-28,12.76,13.32,12.75,13.19,11.845500000000008,13.15300869977963,10.537991300220387,79.07085664177777,68.85767138988773,0,0,,,,12.654311111111122,12.780854222222233,12.52776800000001,,10.617242536061777,11.350301802372131,11.449091677228473,0,62.412800325026005,49.96698503996317,,,,,0.15646976050052716,0.1362711439943478,-0.020198616506179344,0.6545506156068402,62.412800325026005,,,,,,,,,2.565536152361128,43.78993491270758,-21.89496745635379,0
2025-04-29,13.15,13.35,12.93,13.3,11.888000000000009,13.320614393338035,10.455385606661983,82.70928231107308,77.80921139187659,0,0,,,,12.663555555555567,12.790191111111122,12.536920000000011,,10.364285121566752,11.877523553162783,11.661489379565037,0,63.18886845862958,51.57341040702267,,,,,0.19805115448425226,0.227365326599136,0.029314172114883727,0.6715859208796096,63.18886845862958,,,,,,,,,5.707756080896364,43.77626109315296,-21.88813054657648,0
2025-04-30,12.89,13.81,12.73,13.66,11.907000000000009,13.420738418617724,10.393261581382294,85.88401447472448,82.55471780919179,0,0,,,,12.67337777777779,12.800111555555567,12.546644000000011,,11.729101913953933,14.722432182749557,13.899774868673331,0,65.68591588259696,52.72616036630014,,,,,0.23643850514847442,0.32486230355047674,0.08842379840200233,0.780138775303941,65.68591588259696,,,,,,,,,8.348118650686473,43.768204531072975,-21.884102265536487,0
2025-05-01,13.72,14.16,13.7,13.76,11.97050000000001,13.671681648149073,10.269318351850947,84.26847910672676,84.28725863084144,0,1,,,,12.682355555555567,12.809179111111122,12.555532000000012,,10.49546294065693,14.949250240173662,13.973328915762373,0,66.36837656700767,54.100529829053755,,,,,0.25368007921260627,0.4055238974177602,0.1518438182051539,0.8274301664257593,66.36837656700767,,,,,,,,,9.702247430524453,43.763320683759176,-21.881660341879588,0
2025-05-02,14.05,14.05,13.61,13.83,12.085500000000009,13.9546867215448,10.216313278455218,85.1583489579496,85.10361417980027,0,0,,,,12.692622222222234,12.819548444444456,12.565696000000012,,9.10381823919224,14.434653096686034,13.62764966862018,0,66.86516644944663,55.50398659089528,,,,,0.2542713402335187,0.46968299349705234,0.21541165326353362,0.8593154300278139,66.86516644944663,,,,,66.86516644944663,,66.86516644944663,,10.943976873026537,43.76151675409161,-21.880758377045805,0
2025-05-05,13.7,13.75,13.13,13.55,12.20250000000001,14.129869969673553,10.275130030326466,81.72514099411708,83.71732301959781,0,1,,,,12.700088888888901,12.82708977777779,12.573088000000013,,4.908640445958556,11.042819094447776,10.735786864256646,0,62.86499616870684,56.27224353648985,,,,,0.22147979457500344,0.49226139648228795,0.2707816019072845,0.9093131377940108,62.86499616870684,,,,,,,,,10.487947984520938,43.75847430424954,-21.87923715212477,0
2025-05-06,13.38,13.725,13.2343,13.5,12.317000000000009,14.266872816365076,10.367127183634942,76.5806487958101,81.15471291595894,0,0,,,,12.707511111111124,12.834586222222235,12.580436000000013,,2.8179741051028495,9.60461151254355,9.934853420195356,0,62.149979453383466,57.06737859610758,,,,,0.1836568048566078,0.5003526079780443,0.31669580312143647,0.9275923033748908,62.149979453383466,,,,,,,,,9.62658755644542,43.75323554741491,-21.876617773707455,0
2025-05-07,13.45,13.82,12.52,12.72,12.413000000000007,14.23984536838772,10.586154631612295,64.77556280353002,74.36045086448574,0,0,,,,12.711600000000013,12.838716000000014,12.584484000000012,,-3.796702465587609,2.47321356642225,3.4819394728277775,0,52.179491262020676,57.41695098288351,,,,,0.09765746150219934,0.4387676299991856,0.3411101684969863,0.826467799568859,52.179491262020676,52.179491262020676,,52.179491262020676,,,,,,6.507911569591893,43.74099606455281,-21.870498032276405,0
2025-05-08,12.92,13.97,12.845,13.68,12.508500000000009,14.389789717188583,10.627210282811435,69.65135676718349,70.33585612217455,0,0,,,,12.723022222222234,12.850252444444456,12.595792000000012,,2.2345116209551152,9.36563137066786,10.817087001134018,0,60.5648276735652,58.28934731928392,,,,,0.09679049463951894,0.462098286796385,0.36530779215686604,0.8065674631293582,60.5648276735652,,,,,,,,,6.686600968580902,43.72910576046854,-21.86455288023427,0
2025-05-09,13.71,14.69,13.65,14.26,12.648500000000007,14.611795953237728,10.685204046762287,77.18052269436673,70.53581408836008,0,0,,,,12.738044444444457,12.865424888888901,12.610664000000012,,5.27870062753788,12.740641182748869,15.12998546746318,0,64.60324496628542,59.732672465770406,,,,,0.1248569825424865,0.5213790203349742,0.3965220377924877,0.7932100849171879,64.60324496628542,,,,,,,,,8.52938234129217,43.72118266350923,-21.860591331754616,0
2025-05-12,14.82,14.98,14.52,14.64,12.807000000000007,14.873272973253897,10.740727026746118,80.01733561523534,75.61640502559518,0,0,,,,12.754400000000013,12.881944000000013,12.626856000000013,,6.939371804236716,14.312485359568928,17.492843958160485,0,66.98849064636005,61.18956619324185,,,,,0.15653900060212939,0.5921957885451494,0.43565678794302004,0.7894860973578218,66.98849064636005,,,,,,,,,13.327046378324248,43.725506942759424,-21.862753471379712,0
2025-05-13,14.72,15.15,14.61,14.87,12.949000000000007,15.166944093073507,10.731055906926507,82.51995486020006,79.90593772326737,0,0,,,,12.771511111111122,12.899226222222234,12.64379600000001,,7.387881851664657,14.835122403274315,18.571086835180537,0,68.37746820303107,62.43362214745205,,,,,0.17889690556117366,0.6592779198944871,0.4803810143333135,0.7872488709615554,68.37746820303107,,,,,,,,,16.080927746597613,43.73802253528427,-21.869011267642136,0
2025-05-14,14.655,15.03,14.215,14.82,13.094500000000007,15.400756490505673,10.788243509494341,82.30704292150176,81.61477779897906,0,0,,,,12.791466666666679,12.919381333333346,12.663552000000012,,6.137649502256015,13.177288174424318,17.69065833708334,0,67.7104884582092,63.43782381723219,,,,,0.1759619106403698,0.7003334026337757,0.5243714919934059,0.7788260367868574,67.7104884582092,,,,,,,,,17.083842851334143,43.75362981014916,-21.87681490507458,0
2025-05-15,14.64,15.56,14.61,15.3,13.285000000000007,15.658103453286346,10.911896546713669,85.67116299249847,83.49938692473343,0,0,,,,12.813600000000012,12.941736000000011,12.685464000000012,,8.37996741517324,15.16748212269472,20.60539177045555,0,70.66843784708576,64.33061088295395,,,,,0.19074998239895002,0.7628089699920935,0.5720589875931434,0.7845177412497347,70.66843784708576,,,,,,,,,18.367311553640867,43.773381378344034,-21.886690689172017,0
2025-05-16,15.38,15.83,15.35,15.81,13.49550000000001,15.977768921772807,11.013231078227214,85.63937994022992,84.53919528474339,0,0,,,,12.834933333333344,12.963282666666679,12.70658400000001,,10.443590639189715,17.15016116483263,23.239619601933082,0,73.45126781841068,65.11907284676714,,,,,0.21735108596148223,0.8437478450449962,0.626396759083514,0.8171143889816085,73.45126781841068,,,,,,,,,20.4110283588311,43.80019332906137,-21.900096664530686,0
2025-05-19,15.44,16.43,15.245,16.29,13.752500000000003,16.2742127116307,11.230787288369307,88.06237619506447,86.4576397092643,0,0,,,,12.854177777777789,12.982719555555567,12.72563600000001,,11.659469463294304,18.451190692601305,25.32697338052006,0,75.78030241309693,66.01846098637196,,,,,0.24755197819224717,0.935836731823823,0.6882847536315758,0.8482424778970121,75.78030241309693,,,,,,,,,23.814545387057887,43.839920262459984,-21.919960131229992,0
2025-05-20,16.31,17.15,16.22,16.92,14.030500000000004,16.659511030787034,11.401488969212974,90.73647020465971,88.14607544665137,0,0,,,,12.863866666666679,12.992505333333346,12.735228000000012,,13.321277878239957,20.59441930080894,28.295210413244032,0,78.45219604053446,66.93033814051036,,,,,0.2874343960851522,1.047577748738016,0.7601433526528638,0.8926179881989856,78.45219604053446,,,,,78.45219604053446,,78.45219604053446,,27.395026066331088,43.89460769296732,-21.94730384648366,0
2025-05-21,16.71,17.08,16.025,16.34,14.257500000000004,16.86082767818418,11.654172321815826,86.97525723401874,88.59136787791431,0,1,,,,12.87217777777779,13.000899555555568,12.74345600000001,,6.846269535081428,14.606347536384323,22.18649517684885,0,70.71740009204022,67.24098267801267,,,,,0.25341981010219905,1.0769181152806127,0.8234983051784136,0.9276013708825979,70.71740009204022,,,,,,,,,27.979444809039094,43.9514931377768,-21.9757465688884,0
2025-05-22,16.19,16.35,15.73,15.91,14.448500000000005,16.946085033587405,11.950914966412604,81.92786306582656,86.54653016816833,0,0,,,,12.883244444444454,13.012076888888899,12.75441200000001,,2.5393142562516458,10.115236875800226,17.75590259788322,0,65.55694934589192,67.14753859918734,,,,,0.1838661690802591,1.0533310165287375,0.8694648474484784,0.9324219574168492,65.55694934589192,,,,,,,,,26.22080649850007,44.000169789182664,-22.000084894591332,0
2025-05-23,15.61,15.87,15.4,15.63,14.599000000000004,16.99854912431477,12.199450875685235,74.05115768809058,80.98475932931196,0,0,,,,12.890844444444454,13.019752888888899,12.76193600000001,,-0.1469366894524704,7.062127542982366,14.505494505494498,0,62.365555481493175,67.11186426438637,,,,,0.10483703504111608,1.0005111412498735,0.8956741062087574,0.8889436445136494,62.365555481493175,,,,,,,,,22.353755010522573,44.03275387597093,-22.016376937985466,0
2025-05-27,15.94,15.9799,14.87,15.37,14.708000000000002,17.038696033377153,12.377303966622849,64.54778883961795,73.50893653117838,0,0,,,,12.892977777777789,13.021907555555567,12.764048000000011,,-2.263767010047024,4.5009518629317125,11.538461538461542,0,59.47045951525808,66.92046998309169,,,,,0.025049091812524793,0.9269854709744134,0.9019363791618886,0.7994303695361308,59.47045951525808,,,,,,,,,19.495514297763116,44.05463716733346,-22.02731858366673,0
2025-05-28,15.4,15.8,15.325,15.48,14.817000000000002,17.076938937228164,12.55706106277184,60.17923343267293,66.25939332012716,0,0,,,,12.896666666666677,13.025633333333344,12.76770000000001,,-1.9446379932855806,4.474589997975298,11.406980928391498,0,60.30992739446789,67.50121542112363,,,,,-0.027476398822685155,0.8675908806335322,0.8950672794562173,0.6809857375017169,60.30992739446789,,,,,,,,,18.072798415418777,44.07150473812997,-22.035752369064983,0
2025-05-29,15.67,15.69,14.96,15.005,14.884250000000003,17.08165136297396,12.686848637026046,52.44910979058633,59.058710687625734,0,0,,,,12.897622222222234,13.026598444444456,12.768646000000011,,-5.064692670272974,0.8112602247341894,7.192608555882329,0,55.011227230804955,67.10452967521219,,,,,-0.0974315483829955,0.773277843977473,0.8707093923604685,0.42882972255857366,55.011227230804955,,,,,,,,,16.179047029572487,44.082184735889406,-22.041092367944703,0
2025-05-30,14.965,14.98,14.41,14.53,14.922750000000002,17.066334556298152,12.779165443701851,44.424645688640055,52.35099630396644,0,0,,,,12.893355555555564,13.02228911111112,12.764422000000009,,-7.619925612741163,-2.6318875542376774,3.053299762402917,0,50.25618137907531,66.0797394189829,,,,,-0.17442203974645543,0.6526818426773993,0.8271038824238547,0.050375183410598524,50.25618137907531,,,,,,,,,13.72939808435696,44.08559894601084,-22.04279947300542,0
2025-06-02,14.4,14.5,13.845,14.1,14.936250000000005,17.055398118938307,12.817101881061701,31.884980922412787,42.9195788005464,0,0,,,,12.886200000000008,13.015062000000007,12.757338000000008,,-9.368471798168054,-5.598794878232516,-0.5840393903427721,0,46.35032982304761,64.60558507446058,,,,,-0.24851684029455512,0.5164578320556608,0.7649746723502159,-0.3241315244228433,46.35032982304761,,,,,,,,,9.928260242690701,44.07928732003412,-22.03964366001706,0
2025-06-03,14.19,14.68,14.19,14.37,14.977250000000003,17.017802559969955,12.93669744003005,31.5397520956107,35.94979290222119,0,0,,,,12.877311111111121,13.006084222222233,12.748538000000009,,-6.4787999088867565,-4.054482631991885,0.5586592178770999,0,49.02905948324315,63.22355588019001,,,,,-0.2716737212366701,0.4253825208043782,0.6970562420410483,-0.5686927244449144,49.02905948324315,,,,,,,,,8.048421014720029,44.06881121762107,-22.034405608810534,0
2025-06-04,14.37,14.53,13.87,14.01,15.002750000000002,16.980606099416754,13.02489390058325,27.795767246812915,30.406833421612145,0,0,,,,12.865088888888897,12.993739777777785,12.736438000000009,,-7.061594082722433,-6.617120194630999,-2.5628542615711014,0,45.74910475077203,61.65488561537307,,,,,-0.30127570787781643,0.3204616071937778,0.6217373150715942,-0.80764359118981,45.74910475077203,,,,,,,,,6.562955923354161,44.05535826920293,-22.027679134601463,0
2025-06-05,14.025,14.27,13.6134,13.78,15.055750000000003,16.8326891520252,13.278810847974807,23.08862079741729,27.474713379946976,0,0,,,,12.845844444444452,12.974302888888896,12.717386000000008,,-7.0081317272328025,-8.473506799727703,-4.6003669216656995,0,43.73601332343763,59.73114100654106,,,,,-0.324382612277615,0.21625904972457555,0.5406416620021905,-0.9300172135267315,43.73601332343763,43.73601332343763,,43.73601332343763,,,,,,5.639204890695019,44.040194967355404,-22.020097483677702,0
2025-06-06,13.915,14.135,13.69,14,15.071750000000003,16.804052730471785,13.339447269528224,23.82614615031517,24.903511398181802,0,0,,,,12.830288888888898,12.958591777777787,12.701986000000009,,-4.289864980345193,-7.110985784663382,-3.5026249583567814,0,46.17572559986017,57.782887990930305,,,,,-0.3127499405410189,0.1497042363259169,0.4624541768669358,-0.9655894808528325,46.17572559986017,,,,,,,,,4.606136102271306,44.02325126928939,-22.011625634644695,0
2025-06-09,14.15,14.55,13.995,14.4,15.078750000000003,16.79896473950201,13.358535260497995,28.716647595343034,25.210471514358506,0,0,,,,12.814555555555563,12.942701111111118,12.686410000000008,,-0.720466062256464,-4.501367818950531,-1.1498198043590202,0,50.388001646739426,55.96915222190477,,,,,-0.2677529795095889,0.12776295247994973,0.3955159319895386,-0.9311164465849916,50.388001646739426,,,,,,,,,5.463394065204252,44.007779294622374,-22.003889647311187,0
2025-06-10,14.59,14.735,14.27,14.4,15.066750000000003,16.80231986318613,13.331180136813874,29.989176507860293,27.510656751172842,0,0,,,,12.802155555555562,12.930177111111117,12.674134000000006,,-0.05205622071829952,-4.425307382149446,-1.4227526327199036,0,50.388001646739426,53.964566908062274,,,,,-0.2291195456989777,0.10911649986581651,0.3382360455647942,-0.8794470915530399,50.388001646739426,,,,,50.388001646739426,,50.388001646739426,,6.900825383060713,43.99495231241164,-21.99747615620582,0
2025-06-11,14.605,14.8,14.065,14.2,15.033250000000004,16.808136686523902,13.258363313476105,30.98831687774601,29.898046993649785,0,0,,,,12.790155555555561,12.918057111111116,12.662254000000006,,-0.556742182849479,-5.542713651406084,-2.9911075181891844,0,48.200590743023405,52.356223383132495,,,,,-0.20874119888020837,0.07730954696453374,0.2860507458447421,-0.829442852285123,48.200590743023405,,,,,,,,,7.297638200461008,43.98288519316972,-21.99144259658486,0
2025-06-12,13.98,14.13,13.88,13.91,14.987750000000002,16.82763715686591,13.147862843134092,28.11476659725774,29.697419994288023,0,0,,,,12.77753333333334,12.905308666666674,12.649758000000006,,-1.8348623853210122,-7.190872545912508,-5.026343639405074,0,45.14057929337414,50.89791123652408,,,,,-0.20614087986931953,0.028374646008092697,0.23451552587741223,-0.7967399383684067,45.14057929337414,,,,,,,,,6.060294926511555,43.9684659326418,-21.9842329663209,0
2025-06-13,13.575,13.7399,13.35,13.42,14.893750000000002,16.848720268316132,12.938779731683875,22.319577992604312,27.14088715586936,0,0,,,,12.76064444444445,12.888250888888894,12.633038000000006,,-4.5451312326622695,-9.895090222408742,-8.300971426619153,0,40.46598839952394,49.33365644495485,,,,,-0.22711349329044977,-0.049376340735650004,0.17773715255479977,-0.7918165587087518,40.46598839952394,40.46598839952394,,40.46598839952394,,,,,,3.65531999829993,43.95002351888844,-21.97501175944422,0
2025-06-16,13.63,14.14,13.45,13.76,14.791250000000002,16.758242310610324,12.824257689389679,23.79251417459832,24.74228625482013,0,0,,,,12.74402222222223,12.871462444444452,12.616582000000006,,-1.8894830659535677,-6.972027381053003,-5.962754143174431,0,44.74200263485151,48.2816238106401,,,,,-0.20827544646503662,-0.082607155526496,0.12566829093854062,-0.7505064085450229,44.74200263485151,,,,,,,,,2.6230598211182286,43.93008164389746,-21.96504082194873,0
2025-06-17,13.475,13.69,13.26,13.39,14.646250000000004,16.577158788627777,12.71534121137223,19.510486739926993,21.874192969043218,0,0,,,,12.731222222222229,12.858534444444452,12.603910000000006,,-3.8558196309326442,-8.57728087394386,-8.45800622130054,0,41.268259970061756,46.921504708896805,,,,,-0.21030821003898315,-0.1372169716101883,0.07309123842879484,-0.7456167906515587,41.268259970061756,,,,,,,,,1.3584381443138775,43.90848014567692,-21.95424007283846,0
2025-06-18,13.44,13.91,13.36,13.77,14.488750000000001,16.146688101980956,12.830811898019048,22.617110696843675,21.973370537123003,1,0,,,,12.720200000000006,12.847402000000006,12.592998000000005,,-0.9566280658849791,-4.960745405918399,-5.917988544359298,0,45.91280560060188,46.27161744959658,,,,,-0.1769732495960299,-0.14812532356624253,0.028847926029787363,-0.6698387789051325,45.91280560060188,,,,,,,,,2.268897007204121,43.888094814677686,-21.944047407338843,0
2025-06-20,13.93,14.03,13.385,13.57,14.350249999999999,15.818386488886645,12.882113511113353,23.666067305031714,21.931221580600802,0,0,,,,12.708466666666673,12.83555133333334,12.581382000000007,,-2.247514767324499,-5.437187505444152,-7.463602577653516,0,43.94313984779446,45.82068591164795,,,,,-0.15982884581619636,-0.1709381312404581,-0.011109285424261733,-0.6421592784383813,43.94313984779446,,,,,,,,,1.893033657022773,43.86723090479723,-21.933615452398616,0
2025-06-23,13.53,13.93,13.43,13.65,14.23725,15.547156389785316,12.927343610214683,28.78822997526671,25.023802659047373,0,0,,,,12.696688888888895,12.823655777777784,12.569722000000006,,-1.42269083555997,-4.124743191276403,-6.911719575817498,0,44.96027722577702,45.72139644041433,,,,,-0.13549787912691158,-0.1804816343329012,-0.04498375520598963,-0.6662909148998369,44.96027722577702,,,,,,,,,2.647824927969745,43.84741315988322,-21.92370657994161,0
2025-06-24,13.835,13.98,13.69,13.81,14.14625,15.300064868165748,12.992435131834252,33.67408200920368,28.709459763167374,0,0,,,,12.685977777777785,12.812837555555562,12.559118000000007,,0.15955903684372608,-2.376955023416094,-5.7241355770215385,0,47.030382177557385,45.57863377572249,,,,,-0.10252374333136408,-0.17313843437019472,-0.07061469103883064,-0.5545786512895937,47.030382177557385,,,,,,,,,2.8230627956146654,43.827862050514966,-21.913931025257483,0
2025-06-25,13.885,13.91,13.5315,13.76,14.06575,15.083439908567637,13.048060091432362,34.15639403700317,32.20623534049119,0,0,,,,12.674200000000006,12.800942000000006,12.547458000000006,,0.2623141941126006,-2.1737198514121148,-5.876987972410652,0,46.44253191071486,45.62816428714698,,,,,-0.07902883232383709,-0.169400731443627,-0.0903718991197899,-0.5320612016813477,46.44253191071486,,,,,,,,,3.296766325892882,43.80901227151409,-21.904506135757046,0
2025-06-26,13.79,14.14,13.66,13.91,13.98725,14.772026879119364,13.202473120880635,39.279454801290875,35.703310282499245,0,0,,,,12.668288888888895,12.794971777777784,12.541606000000007,,1.5699160277474533,-0.5522886914868907,-4.6422083338093945,0,48.521372138607404,45.96997563108768,,,,,-0.0497633023705671,-0.15257602708299878,-0.10281272471243168,-0.5354737524382739,48.521372138607404,,,,,48.521372138607404,,48.521372138607404,,3.930831165632611,43.791130755179694,-21.895565377589847,0
2025-06-27,13.945,13.951,13.38,13.6,13.917000000000002,14.56427428498295,13.269725715017053,35.30860972081384,36.24815285303597,0,0,,,,12.66331111111112,12.789944222222232,12.536678000000009,,-0.4683840749413859,-2.2777897535388503,-6.506719829512264,0,44.66300023690185,45.861923819447796,,,,,-0.04765771242066054,-0.16238486523825735,-0.11472715281759681,-0.5607453739708375,44.66300023690185,,,,,,,,,3.4020501304013244,43.77246658527146,-21.88623329263573,0
2025-06-30,13.6,13.825,13.56,13.74,13.877500000000001,14.463874453741061,13.291125546258941,37.331882420025124,37.30664898070995,0,0,,,,12.659444444444455,12.7860388888889,12.53285000000001,,0.32126168224306806,-0.9908124662223128,-5.205422746559041,0,46.72343219102137,45.600168858325084,,,,,-0.033859254909161696,-0.15705122145404893,-0.12319196654488723,-0.40226205118905783,46.72343219102137,,,,,,,,,3.362222964082004,43.75375992520741,-21.876879962603706,0
2025-07-01,13.545,13.55,12.97,13.47,13.846,14.448640854904628,13.243359145095372,29.58343057808292,34.0746409063073,0,0,,,,12.653533333333343,12.780068666666676,12.52699800000001,,-1.441428257847277,-2.7155857287303187,-6.5653938195817325,0,43.36954862508561,45.09885078534982,,,,,-0.03954334255645037,-0.1726211447404502,-0.13307780218399984,-0.27977704695858935,43.36954862508561,,,,,,,,,2.2683051082640198,43.73353964140297,-21.866769820701485,0
2025-07-02,13.3,13.33,12.83,12.87,13.771,14.461127524447546,13.080872475552455,20.313008550853485,29.076107182987187,0,0,,,,12.649466666666678,12.775961333333345,12.52297200000001,,-5.471905986044733,-6.542734732408695,-10.015731515469339,0,37.01152180026476,44.29963157515277,,,,,-0.0781104445860119,-0.23071585791651472,-0.15260541333050281,-0.3464442594098487,37.01152180026476,,,,,,,,,0.46234676758701737,43.71112585342179,-21.855562926710896,0
2025-07-03,12.97,13.455,12.89,13.07,13.724,14.468510577493866,12.979489422506134,23.11712580838462,24.33785497910701,0,0,,,,12.642133333333344,12.768554666666677,12.515712000000011,,-3.5068290882243724,-4.765374526377153,-7.78999353283557,0,40.160632150271404,43.943921064931146,,,,,-0.08403407120556405,-0.2576480023374579,-0.17361393113189383,-0.40493106574242843,40.160632150271404,,,,,,,,,-1.1891951744740625,43.68705267695884,-21.84352633847942,0
2025-07-07,12.88,12.92,12.4441,12.75,13.672500000000003,14.528534461923059,12.816465538076947,18.367669656988628,20.59926800540892,0,0,,,,12.636800000000012,12.763168000000011,12.510432000000012,,-5.295996434672723,-6.74712013165114,-9.281724714504257,0,36.97537825908555,43.69459176918555,,,,,-0.10218052809017095,-0.3013395912446075,-0.19915906315443657,-0.6433748564969191,36.97537825908555,36.97537825908555,,36.97537825908555,,,,,,-2.961007197854818,43.66155914605603,-21.830779573028014,0
2025-07-08,12.79,13.37,12.78,13.13,13.629000000000001,14.502290329730066,12.755709670269937,22.85282761766823,21.445874361013836,1,0,,,,12.635644444444457,12.762000888888902,12.509288000000012,,-2.09529490716569,-3.661310440971466,-5.957909061608435,0,42.77922034384124,43.55439303411339,,,,,-0.0821314961689748,-0.3018234333656551,-0.2196919371966803,-0.6625398006656451,42.77922034384124,,,,,,,,,-2.28910792076519,43.636619087589985,-21.818309543794992,0
2025-07-09,13.19,13.32,13.06,13.2,13.569000000000003,14.385183802828752,12.752816197171253,31.532388798193793,24.250962024283563,0,0,,,,12.634133333333345,12.76047466666668,12.507792000000011,,-1.1235955056179026,-2.7194340039796816,-4.904844809989816,0,43.805807673455426,43.73564644149865,,,,,-0.05878955670686287,-0.29317888308025886,-0.234389326373396,-0.7621594125768052,43.805807673455426,,,,,,,,,-1.6926707943334753,43.6122161153697,-21.80610805768485,0
2025-07-10,13.215,13.495,13.195,13.32,13.515000000000004,14.242172606744617,12.787827393255391,35.65706541908912,30.014093944983713,0,0,,,,12.634444444444457,12.760788888888902,12.508100000000011,,0.10521569216903615,-1.4428412874584073,-3.5656108597285185,0,45.607373152555574,43.71382983806677,,,,,-0.0312824331471305,-0.2734923678073091,-0.24220993466017862,-0.7055581275428191,45.607373152555574,,,,,45.607373152555574,,45.607373152555574,,0.09400262077270753,43.58957977693553,-21.794789888467765,0
2025-07-11,13.18,13.44,13,13.03,13.456500000000002,14.140817908577603,12.772182091422401,33.96082254878478,33.716758922022564,0,0,,,,12.631200000000014,12.757512000000014,12.504888000000014,,-1.4223029202601767,-3.1694720023780487,-5.1040844813983295,0,42.095075257269414,43.58182522445784,,,,,-0.02870056493071818,-0.27808564082357634,-0.24938507589285816,-0.7522701546219794,42.095075257269414,,,,,,,,,0.23368722949384224,43.56712669893072,-21.78356334946536,0
2025-07-14,12.851,12.88,12.55,12.75,13.398500000000002,14.115110773014235,12.681889226985769,29.262814395136267,32.96023412100339,0,0,,,,12.629155555555567,12.755447111111122,12.502864000000011,,-2.9163176730373164,-4.840094040377673,-6.632167354211937,0,38.97418801912306,43.15424742398256,,,,,-0.04117311864811646,-0.30085147420300373,-0.2596783555548873,-0.7974934689566336,38.97418801912306,,,,,,,,,-0.7401277638252276,43.54370733834609,-21.771853669173044,0
2025-07-15,12.8,13.03,12.62,12.63,13.359,14.149769245734952,12.568230754265048,26.177698504295748,29.8004451494056,0,0,,,,12.625155555555569,12.751407111111124,12.498904000000014,,-3.0102902779910234,-5.456995284078148,-7.079971552590935,0,37.68469300639124,42.48669819747069,,,,,-0.052122992428535464,-0.32483209609055663,-0.27270910366202117,-0.8077296785959335,37.68469300639124,,,,,,,,,-2.3985759735268766,43.518879113842594,-21.759439556921297,0
2025-07-16,12.7,12.7,11.96,12.39,13.290500000000003,14.163528636414544,12.417471363585463,20.13147951593138,25.19066413845447,0,0,,,,12.621555555555569,12.747771111111124,12.495340000000013,,-4.05761189406838,-6.775516346262389,-8.461803674333856,0,35.17785309322396,41.682078281935624,,,,,-0.06908379026126488,-0.35906384148860226,-0.2899800512273374,-0.8218698854924567,35.17785309322396,35.17785309322396,,35.17785309322396,,,,,,-3.950588043690788,43.49303059867735,-21.746515299338675,0
2025-07-17,12.74,13.49,12.69,12.9,13.266000000000002,14.15386034937931,12.378139650620694,26.70547048655355,24.338216168926895,0,0,,,,12.620800000000013,12.747008000000013,12.494592000000013,,-0.13160950685136008,-2.758932609678888,-4.34761116191702,0,43.74209271111732,41.340701179972044,,,,,-0.04090230199478634,-0.3411079287208203,-0.30020562672603396,-0.7394343679163963,43.74209271111732,,,,,,,,,-3.5121475776544613,43.46749920305409,-21.733749601527045,0
2025-07-18,13.03,13.86,12.8,13.7,13.2625,14.142906156271215,12.382093843728784,43.54029209519664,30.125747365893858,0,0,,,,12.624755555555568,12.751003111111125,12.498508000000012,,5.546995377503938,3.2987747408105506,1.6622143069159767,0,54.00712754345563,42.008138844725885,,,,,0.032696523591688176,-0.25933497223642377,-0.29203149582811194,-0.335163369642464,54.00712754345563,,,,,,,,,-0.7550389633332983,43.444223528232975,-21.722111764116487,0
2025-07-21,13.915,14.15,13.62,13.7,13.269,14.16024407431422,12.377755925685781,55.951401641548394,42.0657214077662,0,0,,,,12.623600000000014,12.749836000000014,12.497364000000013,,4.780114722753392,3.2481724319843197,1.6823354774863741,0,54.00712754345563,42.52840279847119,,,,,0.07977523123153912,-0.19231245678868802,-0.27208768802022715,0.09287244810916462,54.00712754345563,,,,,,,,,2.608202838780315,43.42486134741071,-21.712430673705356,0
2025-07-22,13.65,14.51,13.62,14.12,13.292499999999999,14.245345737777287,12.33965426222271,65.32114618345807,54.93761330673436,0,0,,,,12.622533333333347,12.748758666666681,12.496308000000013,,7.18081068771832,6.225315027271017,4.768500197863057,0,58.605919512904194,43.61671500474396,,,,,0.13438529398872326,-0.10410607053432308,-0.23849136452304634,0.46281010653080074,58.605919512904194,,,,,58.605919512904194,,58.605919512904194,,5.750698693771042,43.410311330114546,-21.705155665057273,0
2025-07-23,14.21,14.24,13.77,14.02,13.303,14.282675456465082,12.32332454353492,67.13397065094362,62.802172825316696,0,0,,,,12.620488888888904,12.746693777777793,12.494284000000015,,5.763427881714023,5.389761707885432,4.124374907164419,0,57.14092535620367,45.05452954445387,,,,,0.15736163804473915,-0.0417893169671224,-0.19915095501186156,0.5606896036027283,57.14092535620367,,,,,,,,,6.586571519157346,43.39722419000118,-21.69861209500059,0
2025-07-24,13.785,13.89,13.41,13.82,13.306000000000001,14.291604383107183,12.320395616892819,65.32776254270681,65.92762645903618,0,0,,,,12.62044444444446,12.746648888888906,12.494240000000016,,3.8629189839171296,3.8629189839170186,2.786592621975381,0,54.22160691057041,46.058884884475226,,,,,0.152565696757954,-0.008443834064419065,-0.16100953082237307,0.6415304409167788,54.22160691057041,,,,,,,,,6.862487243500735,43.38463018702234,-21.69231509351117,0
2025-07-25,13.89,14.47,13.8012,14.01,13.310999999999998,14.309737202671625,12.312262797328371,69.36060299902623,67.27411206422556,0,0,,,,12.620088888888903,12.746289777777791,12.493888000000014,,4.521038495971452,5.251295920667132,4.248828037800423,0,56.49553299283597,47.45318165117168,,,,,0.15515519702915728,0.032934465464073526,-0.12222073156508376,0.6642324374160985,56.49553299283597,,,,,,,,,6.484527116571982,43.3713473906927,-21.68567369534635,0
2025-07-28,14.045,14.07,13.7099,13.78,13.319999999999999,14.33214623449399,12.307853765506007,64.17806919623628,66.28881157932311,0,0,,,,12.618533333333348,12.744718666666682,12.492348000000014,,2.0211742059673687,3.45345345345347,2.570464470027778,0,53.05964455596201,48.18749766632317,,,,,0.1350809542238474,0.04663046121472547,-0.08845049300912192,0.6971843266279306,53.05964455596201,,,,,,,,,5.777868227272466,43.35683388824598,-21.67841694412299,0
2025-07-29,13.77,13.83,13.055,13.06,13.285999999999996,14.285027527148566,12.286972472851426,52.179931524951726,61.90620124007142,0,0,,,,12.618133333333347,12.74431466666668,12.491952000000014,,-3.6162361623615413,-1.7010386873400285,-2.701897288169286,0,44.031857714271375,48.20364409781002,,,,,0.07027530921741525,-0.0006063564873528549,-0.0708816657047681,0.5804019866130402,44.031857714271375,,,,,,,,,3.777172451461233,43.339168725616226,-21.669584362808113,0
2025-07-30,13.11,13.18,12.85,13.03,13.263999999999996,14.265227246932788,12.262772753067203,46.44534690276984,54.267782541319285,0,0,,,,12.617022222222234,12.743192444444457,12.490852000000011,,-4.289701777581834,-1.7641737032569105,-2.7490981465356668,0,43.6982360016785,48.06727715846166,,,,,0.02470412328932413,-0.04000151159311294,-0.06470563488243707,0.4900884265557099,43.6982360016785,,,,,,,,,1.2618295253045677,43.31821279909121,-21.659106399545603,0
2025-07-31,12.995,13.13,12.8,12.87,13.263999999999996,14.265227246932788,12.262772753067203,40.22190115758117,46.282393195100916,0,0,,,,12.613155555555569,12.739287111111125,12.487024000000012,,-5.4441260744985005,-2.9704463208684917,-3.8188476197593912,0,41.875874229280576,48.05161994217674,,,,,-0.014774961443097298,-0.08317433668630869,-0.0683993752432114,0.31031147209096005,41.875874229280576,,,,,,,,,-1.0609776007649554,43.29488127773224,-21.64744063886612,0
2025-08-01,12.65,12.7,12.31,12.38,13.229499999999993,14.300228256842484,12.158771743157502,32.366030353111746,39.67775947115425,0,0,,,,12.609377777777791,12.735471555555568,12.483284000000014,,-8.153423844498764,-6.4212555274197225,-7.159284071592853,0,36.81263572964301,47.89722335007103,,,,,-0.06939223024595166,-0.15513966305065097,-0.0857474328046993,-0.02067429011955433,36.81263572964301,,,,,,,,,-2.7824724085968024,43.27020691892013,-21.635103459460066,0
2025-08-04,12.56,12.84,12.35,12.41,13.212499999999995,14.323191226219384,12.101808773780606,30.79074387377677,34.4595584614899,0,0,,,,12.606400000000013,12.732464000000013,12.480336000000014,,-7.0411985018725805,-6.073793755912926,-6.663658243080651,0,37.312389491823446,47.87063024188762,,,,,-0.09729134795286633,-0.2073616177457822,-0.11007026979291588,-0.33274964842916904,37.312389491823446,,,,,,,,,-4.335067997689975,43.24462300782779,-21.622311503913895,0
2025-08-05,12.48,12.52,12.0622,12.15,13.163499999999994,14.367016098770913,11.959983901229075,25.81423463827843,29.657002955055646,0,0,,,,12.601600000000012,12.727616000000012,12.475584000000012,,-7.625636736866015,-7.69932008964177,-8.274195983693211,0,34.74740367261941,47.83988385470157,,,,,-0.12526690416326824,-0.2666538999970012,-0.14138699583373293,-0.7072304473021916,34.74740367261941,,,,,,,,,-6.109581985453957,43.21833619218259,-21.609168096091295,0
2025-08-06,11.675,12.26,11.57,11.64,13.085499999999993,14.459566592273056,11.711433407726929,14.177435272936165,23.594137928330454,0,0,,,,12.591422222222235,12.717336444444458,12.465508000000012,,-9.87224157955856,-11.046578273661634,-11.641911894941948,0,30.341362980723105,46.88268887395913,,,,,-0.16749275300377037,-0.3507529370884459,-0.18326018408467554,-0.905656293552168,30.341362980723105,30.341362980723105,,30.341362980723105,,,,,,-7.897691582959522,43.19170829817065,-21.595854149085326,0
2025-08-07,11.77,12.19,11.715,12.07,13.022999999999993,14.460944366100785,11.5850556338992,17.37628345970609,19.122651123640228,0,0,,,,12.584088888888902,12.709929777777791,12.458248000000012,,-5.259026687598012,-7.31782231436684,-7.984346411872356,0,37.533475160803725,45.70599941805542,,,,,-0.15606650656664817,-0.37834331729298576,-0.2222768107263376,-0.9409661164296531,37.533475160803725,,,,,,,,,-8.662143842072034,43.165074837531535,-21.582537418765767,0
2025-08-08,12.08,12.285,11.78,11.79,12.960999999999993,14.49604267041698,11.425957329583007,14.76750979984001,15.440409510827424,0,0,,,,12.576488888888903,12.702253777777793,12.450724000000013,,-5.815625499280941,-9.03479669778562,-9.63208993357183,0,34.99941715731808,44.34830581904559,,,,,-0.15656598311560183,-0.4179842896208399,-0.26141830650523806,-0.969806029246786,34.99941715731808,,,,,,,,,-9.489417906107795,43.13850652075293,-21.569253260376463,0
2025-08-11,11.88,12.33,11.83,11.93,12.919999999999993,14.517911136453147,11.322088863546838,16.485809362221605,16.20986754058924,1,0,,,,12.57084444444446,12.696552888888904,12.445136000000014,,-3.267655882591325,-7.662538699690358,-8.167192671849765,0,37.279557486547496,42.824994245734395,,,,,-0.13735382405755553,-0.4331105865771825,-0.29575676251962696,-0.9564423927986272,37.279557486547496,,,,,,,,,-8.693935016472885,43.111970512698704,-21.555985256349352,0
2025-08-12,12.08,12.1049,11.58,11.97,12.886999999999992,14.534010625345527,11.239989374654456,22.38891580873099,17.880744990264205,0,0,,,,12.565822222222236,12.691480444444458,12.440164000000014,,-2.0778795811517203,-7.115697990222635,-7.438911227961665,0,37.94929966706578,41.45416383936741,,,,,-0.1128626360362105,-0.43683505756489005,-0.32397242152867956,-0.9296714932916467,37.94929966706578,,,,,,,,,-8.889024044863788,43.08548083929113,-21.542740419645565,0
2025-08-13,12,12.345,11.905,12.28,12.881499999999994,14.535830982603203,11.227169017396784,27.555000609102294,22.143241926684965,0,0,,,,12.563066666666682,12.68869733333335,12.437436000000014,,1.0782780475760312,-4.669487249155724,-4.7495927812395315,0,43.02685986089035,40.65453905010455,,,,,-0.06885851747024557,-0.41004556836648653,-0.34118705089624096,-0.8567373890096206,43.02685986089035,,,,,,,,,-7.595437738711953,43.0591378794936,-21.5295689397468,0
2025-08-14,12.065,12.21,11.79,12.06,12.839499999999992,14.532030354233259,11.146969645766726,26.922282812144637,25.62206640999264,0,0,,,,12.558222222222234,12.683804444444457,12.432640000000012,,-0.06629101756701061,-6.071108688032966,-6.259716032749518,0,40.49436453995279,39.511598446327184,,,,,-0.048597260009183185,-0.40193362590771997,-0.3533363658985368,-0.7954948466808661,40.49436453995279,,,,,,,,,-7.226960637892223,43.03290583272641,-21.516452916363203,0
2025-08-15,12.03,12.45,12.0101,12.24,12.766499999999994,14.429969566899508,11.103030433100479,32.935366357127755,29.137549926124894,0,0,,,,12.560577777777791,12.68618355555557,12.434972000000013,,1.5430562468891296,-4.124074726824056,-4.655570846207802,0,43.4282497810333,38.82364167668941,,,,,-0.01864186799642492,-0.3766387008940679,-0.357996832897643,-0.6792437290940857,43.4282497810333,,,,,,,,,-6.492365073463049,43.006892392393624,-21.503446196196812,0
2025-08-18,12.28,12.48,12.07,12.41,12.701999999999995,14.314955052070824,11.089044947929166,41.75118105046846,33.86961007324695,0,0,,,,12.562800000000012,12.688428000000012,12.437172000000011,,2.9533764725403477,-2.2988505747125965,-3.245926349437389,0,46.129691410114454,38.97348694067821,,,,,0.015223620548342365,-0.338967307212215,-0.3541909277605574,-0.45913831635326247,46.129691410114454,,,,,46.129691410114454,,46.129691410114454,,-6.083500213226519,42.98104744967667,-21.490523724838337,0
2025-08-19,12.45,12.5,12.07,12.25,12.608499999999994,14.093549157435804,11.123450842564184,43.97685665777795,39.55446802179139,0,0,,,,12.564622222222233,12.690268444444456,12.438976000000011,,1.541777188329041,-2.8433199825514066,-4.27443932171605,0,44.00005746211421,38.99504561642362,,,,,0.028670070208151877,-0.3183533400003675,-0.3470234102085194,-0.20577414517136447,44.00005746211421,,,,,,,,,-5.4826104820722135,42.955461532087035,-21.477730766043518,0
2025-08-20,12.175,12.325,11.88,12.07,12.510999999999994,13.862619769018178,11.15938023098181,43.894369449133755,43.207469052460056,0,0,,,,12.569244444444456,12.6949368888889,12.443552000000011,,-0.3056083257618303,-3.524898089681028,-5.402581117090777,0,41.66939789098542,38.98029730654539,,,,,0.02727167860130042,-0.31293381195689385,-0.34020549055819427,0.08756115444434602,41.66939789098542,,,,,,,,,-5.792670008841984,42.92980665749509,-21.464903328747546,0
2025-08-21,12.04,12.15,11.84,12.12,12.425999999999995,13.644956931150796,11.207043068849194,42.10242631378652,43.32455080689942,0,0,,,,12.573466666666677,12.699201333333344,12.447732000000011,,0.06605019815071334,-2.462578464509868,-4.711987001415185,0,42.57926203647509,39.39219918560483,,,,,0.03125803908567387,-0.30113294170110194,-0.3323909807867758,0.2584082684621763,42.57926203647509,,,,,,,,,-6.402695420579946,42.90400451741969,-21.452002258709847,0
2025-08-22,12.17,13.11,12.16,13.09,12.379999999999994,13.4113874150874,11.348612584912587,61.687748201872694,49.22818132159765,0,0,,,,12.580088888888898,12.705889777777788,12.454288000000009,,6.926972716876434,5.7350565428110345,2.8980190755685697,0,56.69257242828227,40.77649796678046,,,,,0.09705149357542758,-0.21107661381749132,-0.3081281073929189,0.6464123351054339,56.69257242828227,,,,,,,,,-4.167200980618223,42.879161379461955,-21.439580689730978,0
2025-08-25,13.05,13.49,12.91,13.11,12.346499999999994,13.226188012877694,11.466811987122293,68.40731058669543,57.399161700784894,0,0,,,,12.588488888888898,12.714373777777787,12.46260400000001,,6.067961165048641,6.183938768071973,2.958115183246046,0,56.92764485312429,42.36080090824509,,,,,0.13728745497034212,-0.13651878867999123,-0.27380624365033335,0.7858419522541402,56.92764485312429,,,,,,,,,-1.497007304273194,42.85619062008621,-21.428095310043105,0
2025-08-26,13.11,13.26,12.84,13.21,12.353999999999994,13.260055185957647,11.44794481404234,73.15180054706401,67.74895311187738,0,0,,,,12.60080000000001,12.72680800000001,12.47479200000001,,5.815443768023187,6.928929901246628,3.586178054263156,0,58.15079890655082,44.34718918866135,,,,,0.16418774646637724,-0.0685715605673618,-0.23275930703373904,0.8002802570055122,58.15079890655082,,,,,,,,,1.2193876205912944,42.83594091846483,-21.417970459232414,0
2025-08-27,13.25,13.5,13.135,13.22,12.363499999999993,13.30114118936874,11.425858810631246,75.90512644996124,72.48807919457357,0,0,,,,12.612266666666677,12.738389333333345,12.48614400000001,,5.104150103355187,6.927649937315561,3.440181528911612,0,58.27839232058516,45.828968985788606,,,,,0.17520153386425258,-0.013757389703423328,-0.1889589235676759,0.8607083166907782,58.27839232058516,,,,,,,,,1.4365544104514087,42.815967027589664,-21.407983513794832,0
2025-08-28,13.34,13.66,13.09,13.64,12.401999999999996,13.473365483857147,11.330634516142844,81.11119969163892,76.72270889622139,0,0,,,,12.624977777777787,12.751227555555564,12.498728000000009,,7.097989949748862,9.982260925657194,6.520890277235458,0,63.33466735922342,47.85291542878184,,,,,0.2014465297612523,0.06284923863388947,-0.13859729112736283,0.8744060485556443,63.33466735922342,,,,,,,,,2.67764391040285,42.7975471359241,-21.39877356796205,0
2025-08-29,13.65,13.885,13.31,13.57,12.461499999999994,13.647422004181063,11.275577995818924,80.32756012684276,79.11462875614764,0,0,,,,12.638888888888898,12.765277777777786,12.51250000000001,,5.4471986945373585,8.895397825301977,6.010103640435394,0,61.98632865188482,49.61768479773451,,,,,0.20413255335481453,0.11656840056615536,-0.08756415278865917,0.8918365589807938,61.98632865188482,,,,,,,,,3.4881162675289255,42.780236317698716,-21.390118158849358,0
2025-09-02,13.3,13.95,12.98,13.87,12.534499999999994,13.869168123542622,11.199831876457367,84.20363438198889,81.88079806682353,0,0,,,,12.653911111111121,12.780450222222232,12.52737200000001,,6.569343065693545,10.654593322430127,8.30578619953668,0,65.38728510714975,51.57754090059765,,,,,0.21505873995817287,0.1812592721590569,-0.03379946779911596,0.9068053143938765,65.38728510714975,,,,,,,,,5.020456688549181,42.765199768088976,-21.382599884044488,0
2025-09-03,13.9,15.03,13.85,14.44,12.648999999999996,14.206406819042659,11.091593180957332,86.15955679197023,83.56358376693397,0,0,,,,12.671555555555567,12.798271111111124,12.544840000000011,,9.11289103823496,14.159222072891176,12.662869626277583,0,70.7431238586055,53.5572740432916,,,,,0.2473175392016649,0.2753474562029652,0.028029917001300274,0.9355791909463571,70.7431238586055,,,,,70.7431238586055,,70.7431238586055,,6.864506120612617,42.75323302992784,-21.37661651496392,0
2025-09-04,14.36,14.37,13.38,13.7,12.751999999999995,14.301317268993175,11.202682731006815,80.26060073871922,83.54126397089279,0,1,,,,12.686133333333345,12.812994666666679,12.55927200000001,,2.261700380682341,7.434127979924754,6.978318019729812,0,58.16073121579557,54.81915737728037,,,,,0.20709132090495042,0.2868940681324883,0.07980274722753788,0.9180940851525267,58.16073121579557,,,,,,,,,6.990763026544723,42.741481868169366,-21.370740934084683,0
2025-09-05,13.74,14.57,13.66,14.21,12.858999999999995,14.498120495875943,11.219879504124046,81.13840526358858,82.51952093142602,0,0,,,,12.703688888888898,12.830725777777788,12.576652000000008,,4.439217992062416,10.506260206859054,10.84819803421917,0,63.03979515453888,56.21998204681648,,,,,0.20284169947744007,0.33335487157433796,0.1305131720968979,0.9264694451760745,63.03979515453888,,,,,,,,,7.611520535476624,42.730844075575426,-21.365422037787713,0
2025-09-08,14.235,14.325,13.82,13.99,12.968999999999994,14.601665305566549,11.33633469443344,77.60460397583671,79.66786999271484,0,0,,,,12.719200000000011,12.846392000000012,12.59200800000001,,2.1466121495328006,7.872619323001051,9.137715831079674,0,59.80018933310287,57.19644618417279,,,,,0.17431507231177884,0.3484070124866214,0.17409194017484259,0.9171706970459191,59.80018933310287,,,,,,,,,6.265816505898592,42.71782077690038,-21.35891038845019,0
2025-09-09,14,14.2,13.685,13.94,13.069499999999996,14.681287517013459,11.457712482986533,71.74110808427544,76.82803910790025,0,0,,,,12.735155555555565,12.862507111111121,12.607804000000009,,1.1684447347413585,6.660545544971153,8.7024329382408,0,59.05736951264667,58.27196847349654,,,,,0.1425192047461316,0.3522409461075071,0.2097217413613755,0.8790460698808007,59.05736951264667,,,,,,,,,6.674270154964417,42.705491484535045,-21.352745742267523,0
2025-09-10,13.94,14.27,13.7301,13.91,13.166499999999996,14.734852957723636,11.598147042276356,70.54889571083116,73.29820259031446,0,0,,,,12.751866666666675,12.879385333333342,12.624348000000008,,0.44046501552468253,5.6469069228724855,8.229374692014435,0,58.58713003941864,59.48037791267034,,,,,0.11129255573152252,0.34883743602577866,0.23754488029425613,0.8222637535563923,58.58713003941864,,,,,,,,,5.749930122852308,42.69160890954787,-21.345804454773933,0
2025-09-11,13.97,14.63,13.95,13.97,13.250999999999996,14.801198696941947,11.700801303058045,69.30033957572682,70.53011445694449,0,0,,,,12.768444444444453,12.896128888888898,12.640760000000009,,0.33036483769042224,5.426005584484228,8.431864634808939,0,59.28537862183826,60.673671954482,,,,,0.08754956591495555,0.34698183768795055,0.259432271772995,0.7860653434769184,59.28537862183826,,,,,,,,,5.549394279664029,42.677404636351355,-21.338702318175677,0
2025-09-12,14,14.04,12.57,13.46,13.320999999999994,14.773086774266844,11.868913225733145,57.41790833238136,65.75571453964646,0,0,,,,12.783288888888897,12.911121777777787,12.655456000000008,,-3.207248669638907,1.043465205314975,4.31413071557738,0,51.35868237355936,60.29267980771608,,,,,0.0331662239145179,0.30089005166614236,0.26772382775162445,0.5562363215555203,51.35868237355936,51.35868237355936,,51.35868237355936,,,,,,4.1965095665074985,42.66114963312622,-21.33057481656311,0
2025-09-15,13.63,13.77,13.38,13.6,13.388999999999996,14.757179812744107,12.020820187255884,47.40020592516046,58.03948461108956,0,0,,,,12.799111111111122,12.927102222222233,12.67112000000001,,-2.2215831476021797,1.5759205317798397,5.067985166872679,0,53.2081936046221,60.027004718537356,,,,,0.0038348563677127467,0.2725173982112654,0.26868254184355267,0.33023757591467257,53.2081936046221,,,,,,,,,3.2872044150363737,42.64364315156527,-21.321821575782636,0
2025-09-16,13.77,14.65,13.73,14.32,13.484499999999997,14.832498145399478,12.136501854600516,56.05390776498072,53.624007340840855,0,0,,,,12.81817777777779,12.946359555555567,12.689996000000011,,2.6229038268597904,6.196002818050372,10.088921917843319,0,61.3479795893132,60.255374767306094,,,,,0.028748684426509352,0.3046183973766894,0.27586971295018003,0.30900345016338526,61.3479795893132,,,,,,,,,4.014498509552715,42.62715228545485,-21.313576142727424,0
2025-09-17,14.385,14.63,13.96,14.11,13.577499999999995,14.824879252673618,12.330120747326372,56.049388359246805,53.16783401646268,0,0,,,,12.834266666666679,12.962609333333345,12.705924000000012,,1.3576610875656314,3.9219296630455203,7.932379713914162,0,58.169565505372624,60.24760142336235,,,,,0.026940374734335304,0.30954518136809916,0.28260480663376386,0.1711339404749094,58.169565505372624,,,,,,,,,5.484051860815022,42.61286989418645,-21.306434947093226,0
2025-09-18,14.29,14.94,14.0737,14.68,13.707999999999995,14.837789360899002,12.578210639100988,63.142255307623174,58.41518381061692,0,0,,,,12.854355555555568,12.982899111111124,12.725812000000012,,4.715029602682175,7.090749927049944,11.428788300483262,0,63.67130754055595,60.27164715060038,,,,,0.05819431659012475,0.35534770237141977,0.297153385781295,0.30322233000386306,63.67130754055595,,,,,,,,,7.99960458473242,42.60290220657036,-21.30145110328518,0
2025-09-19,14.72,14.77,14.02,14.38,13.820999999999998,14.721730814394766,12.92026918560523,62.10478749640613,60.432143721092054,0,0,,,,12.871911111111123,13.000630222222235,12.743192000000011,,2.4508406953549056,4.044569857463309,8.517381898676879,0,59.25400978088548,60.07648151695757,,,,,0.05287864977677659,0.36325169800226575,0.31037304822548917,0.2809153304280791,59.25400978088548,,,,,,,,,7.940085514828667,42.5928093655024,-21.2964046827512,0
2025-09-22,14.305,15.43,14.11,15.24,13.928499999999996,14.958515048433968,12.898484951566024,74.7906317882041,66.67922486407781,0,0,,,,12.89320000000001,13.022132000000012,12.76426800000001,,7.619518395593627,9.415945722798602,14.017805930322446,0,66.4415008197754,60.151782639287966,,,,,0.09882848564814173,0.43390865528566636,0.3350801696375246,0.46549343663891424,66.4415008197754,,,,,,,,,10.49245243591774,42.58776069675349,-21.293880348376746,0
2025-09-23,15.245,15.7,14.99,15.53,14.049499999999998,15.224803790515562,12.874196209484435,78.97513544672299,71.95685157711108,0,0,,,,12.913955555555567,13.043095111111123,12.784816000000012,,8.449720670391159,10.537741556639023,15.153612298870467,0,68.46179075345285,59.98883027463421,,,,,0.13790046061376726,0.5074557454047337,0.36955528479096644,0.7158149891771342,68.46179075345285,,,,,,,,,12.30756718451944,42.58670529490378,-21.29335264745189,0
2025-09-24,15.51,15.95,15.0638,15.79,14.178499999999996,15.512550598740736,12.844449401259256,82.92056391875414,78.89544371789376,0,0,,,,12.937600000000012,13.066976000000013,12.808224000000012,,8.83650399779441,11.36580033148784,15.986386229524264,0,70.19428102980453,60.84836954706343,,,,,0.16838447516024324,0.5800358787412705,0.41165140358102725,0.7671014303356212,70.19428102980453,,,,,70.19428102980453,70.19428102980453,70.19428102980453,,15.513626685025573,42.59358966125071,-21.296794830625355,0
2025-09-25,15.5,16.05,15.14,15.74,14.304499999999996,15.725801868007155,12.883198131992836,83.31802529416282,81.73790821988,0,0,,,,12.961377777777788,13.090991555555565,12.83176400000001,,7.184201566224124,10.035303575797872,14.647825770267309,0,69.40468689334175,61.30300467126363,,,,,0.17172044201442277,0.6263019560990557,0.45458151408463293,0.8627869646947735,69.40468689334175,,,,,,,,,16.488539563096225,42.60303130367088,-21.30151565183544,0
2025-09-26,15.81,16.17,15.57,15.59,14.401999999999996,15.89339666085204,12.91060333914795,83.25783609673816,83.1654751032184,0,0,,,,12.98577777777779,13.115635555555567,12.855920000000012,,4.644918781044516,8.248854325788123,12.590274434280225,0,66.97083667788766,61.815193767319684,,,,,0.15109250962064408,0.643447151110438,0.49235464148979396,0.9019500487680542,66.97083667788766,,,,,,,,,16.40214502429979,42.61212824535732,-21.30606412267866,0
2025-09-29,15.75,15.79,15,15.25,14.485999999999995,15.969716954139388,13.002283045860603,75.7991254490375,80.79166227997952,0,0,,,,13.008311111111121,13.138394222222232,12.87822800000001,,1.241452565890011,5.2740577108933095,9.342510934251091,0,61.690118464517056,62.00324726388186,,,,,0.10405609322059028,0.6224247580155318,0.5183686647949415,0.8944731953091635,61.690118464517056,,,,,,,,,14.850184130285953,42.61698771497115,-21.308493857485576,0
2025-09-30,15.25,15.51,14.55,14.68,14.526499999999995,15.984749292816785,13.068250707183205,64.35957741550615,74.47217965376063,0,0,,,,13.027822222222234,13.158100444444456,12.897544000000012,,-2.775018213126612,1.056689498502772,4.68764856898356,0,54.00234604742218,61.675762693024964,,,,,0.028017849771546866,0.553390977009375,0.5253731272378281,0.7938991168214602,54.00234604742218,,,,,,,,,12.055164034327603,42.6150093894654,-21.3075046947327,0
2025-10-01,14.785,15.06,14.59,14.61,14.534999999999997,15.993115221784791,13.076884778215202,57.121208355423974,65.7599704066559,0,0,,,,13.0456888888889,13.176145777777789,12.915232000000012,,-3.5579906264439076,0.5159958720330371,3.6072239031770037,0,53.126745560278934,61.235860331485014,,,,,-0.030367153082435094,0.48741418588478425,0.5177813389672193,0.6660679583983474,53.126745560278934,,,,,,,,,9.499669581869469,42.60757289556457,-21.303786447782286,0
2025-10-02,14.13,14.15,13.21,13.53,14.526499999999995,16.005814368212807,13.047185631787183,44.497269815500744,55.3260185288103,0,0,,,,13.062666666666678,13.193293333333344,12.932040000000011,,-10.003990953837894,-6.8598767769249,-4.381625441696125,0,41.85172936904862,60.55679225973425,,,,,-0.1390134359766061,0.3440145439964617,0.4830279799730678,0.23384330766536274,41.85172936904862,41.85172936904862,,41.85172936904862,,,,,,5.171001419960229,42.59261216073955,-21.296306080369774,0
2025-10-03,13.525,13.7299,13.22,13.65,14.498499999999996,16.02127739673295,12.975722603267043,35.492918957236014,45.703799042720256,0,0,,,,13.078666666666678,13.209453333333345,12.94788000000001,,-8.762783236414585,-5.852329551332868,-3.8800084501091514,0,43.291826531382796,59.84848032593145,,,,,-0.19656906147706782,0.237316653126733,0.4338857146038008,-0.16490673411576373,43.291826531382796,,,,,,,,,2.546623419864822,42.574125004591046,-21.287062502295523,0
2025-10-06,13.73,13.9,13.46,13.5,14.473999999999995,16.04375666904168,12.904243330958309,31.007356003039597,36.99918159192546,0,0,,,,13.09160000000001,13.222516000000011,12.96068400000001,,-8.703590992087562,-6.729307724195078,-5.027670950192298,0,41.89509521785362,58.45898858511291,,,,,-0.2358676402965988,0.1390511642330523,0.3749188045296511,-0.41967720993301194,41.89509521785362,,,,,,,,,-0.29111796232008763,42.552698645080675,-21.276349322540337,0
2025-10-07,13.53,13.72,13.23,13.26,14.439999999999994,16.082327616525053,12.797672383474938,27.12885884928022,31.209711269851955,0,0,,,,13.101466666666678,13.232481333333345,12.97045200000001,,-8.928571428571331,-8.171745152354537,-6.748868937387186,0,39.68872313749929,57.138928415979095,,,,,-0.2668689591949872,0.04133260553591711,0.3082015647309043,-0.6760787774183512,39.68872313749929,,,,,,,,,-1.0779996556164917,42.530641220653635,-21.265320610326818,0
2025-10-08,13.28,13.4001,13.05,13.13,14.400999999999996,16.126745056490297,12.675254943509696,22.578375538919786,26.90486346374655,0,0,,,,13.112800000000012,13.243928000000013,12.981672000000012,,-8.143276899398256,-8.825775987778595,-7.645776183442365,0,38.505794742057745,55.341391787514944,,,,,-0.2834163845955474,-0.046068916013529915,0.23734746858201747,-0.8003062568299211,38.505794742057745,,,,,,,,,-2.487189653781086,42.507603754007874,-21.253801877003937,0
2025-10-09,13.08,13.17,12.86,13.09,14.356999999999996,16.16726075469829,12.546739245301701,20.90473949886279,23.537324629020947,0,0,,,,13.117511111111124,13.248686222222236,12.986336000000012,,-6.693278209423248,-8.824963432471943,-7.8990571790422015,0,38.129220527145606,53.83247826939066,,,,,-0.2836473931739733,-0.11721177288544915,0.16643562028852416,-0.9327375334024113,38.129220527145606,,,,,,,,,-3.6181352852322006,42.4839492837804,-21.2419746418902,0
2025-10-10,13.12,13.2,12.67,12.8,14.323999999999995,16.220474624138383,12.427525375861608,17.86175941851029,20.448291485430968,0,0,,,,13.128577777777789,13.259863555555567,12.99729200000001,,-6.909090909090809,-10.639486177045477,-9.761714527423981,0,35.42433503519753,51.6169664276351,,,,,-0.2889474041078086,-0.1947486348462366,0.094198769261572,-0.9641944459405372,35.42433503519753,35.42433503519753,,35.42433503519753,,,,,,-4.841802243216519,42.45978594886618,-21.22989297443309,0
2025-10-13,12.99,13.12,12.8,13.06,14.296999999999997,16.248513258986613,12.345486741013382,19.13439374542427,19.300297554265793,0,0,,,,13.141911111111122,13.273330222222233,13.010492000000012,,-3.480895720937016,-8.65216478981602,-7.818271651412845,0,39.563835051847974,49.55282673466333,,,,,-0.2613884475023879,-0.23253679011641282,0.028851657385975032,-0.9568876585674848,39.563835051847974,,,,,,,,,-5.080090564152288,42.435576313514844,-21.217788156757422,0
2025-10-14,12.86,13.27,12.61,13.12,14.236999999999995,16.254663004567604,12.219336995432384,19.119444117762473,18.705199093899022,1,0,,,,13.15546666666668,13.287021333333346,13.023912000000013,,-1.9065420560746893,-7.845754021212303,-7.2310738191760375,0,40.51154250371087,47.43263112565664,,,,,-0.22684658828984722,-0.254706577976334,-0.027859989686486786,-0.9261034199164805,40.51154250371087,,,,,,,,,-5.056835496055425,42.411416256418946,-21.205708128209473,0
2025-10-15,13.25,13.6377,13.185,13.41,14.201999999999998,16.251298416531966,12.152701583468032,25.94000021096675,21.397946024717843,0,0,,,,13.169866666666678,13.301565333333345,13.038168000000011,,1.1693700490382097,-5.5766793409378845,-4.949793266391033,0,45.00071097389204,45.68948998855309,,,,,-0.1745436304029838,-0.24603952769021653,-0.07149589728723274,-0.8571071288990327,45.00071097389204,,,,,45.00071097389204,,45.00071097389204,,-3.617902409344099,42.387922056245806,-21.193961028122903,0
2025-10-16,13.42,13.42,12.81,12.91,14.113499999999997,16.224530790869846,12.002469209130147,23.959003133452537,23.006149154060598,0,0,,,,13.182577777777789,13.314403555555566,13.050752000000012,,-2.1450769347380216,-8.52729656003115,-8.322681437295842,0,39.47026752613378,43.72516362057066,,,,,-0.1638683016114064,-0.27633127430149074,-0.11246297269008435,-0.8248375781599678,39.47026752613378,,,,,,,,,-4.035917394151334,42.36426221471546,-21.18213110735773,0
2025-10-17,12.9,13.215,12.87,13.03,14.045999999999996,16.204429058366472,11.887570941633518,24.69650454493538,24.86516929645157,0,0,,,,13.19595555555557,13.327915111111125,13.063996000000014,,-0.7691721879521052,-7.233376050121009,-7.211355867831393,0,41.33374801033243,42.27113715955748,,,,,-0.13990354207748756,-0.2873424002869438,-0.14743885820945624,-0.7754527439739466,41.33374801033243,,,,,,,,,-4.30198087709059,42.34052188388618,-21.17026094194309,0
2025-10-20,12.8,13.15,12.66,13.08,13.937999999999994,16.0625385381303,11.813461461869688,26.118002833625198,24.92450350400438,0,0,,,,13.208577777777789,13.340663555555567,13.07649200000001,,-0.0687600275039224,-6.15583297460176,-6.653662249922709,0,42.133139384662385,41.42333668364606,,,,,-0.11301386510324846,-0.2887061895885168,-0.17569232448526834,-0.6923331458786631,42.133139384662385,,,,,,,,,-5.158563641662906,42.316488431844704,-21.158244215922352,0
2025-10-21,13.07,13.56,12.9,13.2,13.821499999999991,15.836794271316505,11.806205728683478,28.9685213959794,26.59434292484667,0,0,,,,13.2156888888889,13.34784577777779,13.08353200000001,,0.8942903003898994,-4.496617588539542,-5.631151252293698,0,44.10177377028184,40.77869584150341,,,,,-0.08097568991639598,-0.2769119368807633,-0.19593624696436734,-0.5816216589483065,44.10177377028184,,,,,,,,,-4.501630091457799,42.292743564716446,-21.146371782358223,0
2025-10-22,13.09,13.25,12.72,12.92,13.677999999999992,15.512825332286758,11.843174667713226,29.366420523219595,28.150981584274742,0,0,,,,13.221777777777788,13.353995555555567,13.08956000000001,,-1.0871229520746373,-5.5417458692790795,-7.4144849990445465,0,40.628585571449605,40.691328427389195,,,,,-0.0727325354267801,-0.28685191624784245,-0.21411938082106236,-0.5517283734514487,40.628585571449605,,,,,,,,,-4.817314534234088,42.26891385066303,-21.134456925331516,0
2025-10-23,12.77,13.19,12.71,13.09,13.54549999999999,15.131418976493258,11.959581023506722,33.09100293846559,30.475314952554864,0,0,,,,13.225644444444457,13.357900888888901,13.093388000000013,,0.21436227224016502,-3.362740393488539,-5.998659517426297,0,43.53607979313206,40.708775088942716,,,,,-0.05095203782508234,-0.27780942810241527,-0.22685739027733293,-0.36926420343196104,43.53607979313206,,,,,,,,,-4.8298042794156535,42.24511962965875,-21.122559814829376,0
2025-10-24,13.215,13.27,12.935,12.98,13.414999999999992,14.709210183857754,12.12078981614223,33.61929644111552,32.025573300933566,0,0,,,,13.228977777777787,13.361267555555566,13.09668800000001,,-0.7645259938837135,-3.242638837122558,-6.681365030674879,0,42.099445312272515,40.723371524258354,,,,,-0.03958118136570196,-0.2763338669844604,-0.23675268561875842,-0.20865124294517443,42.099445312272515,,,,,,,,,-5.384034230599283,42.22117438846971,-21.110587194234856,0
2025-10-27,13.17,13.665,12.97,13.41,13.32299999999999,14.306709306655895,12.339290693344084,44.50757336460086,37.072624248060656,0,0,,,,13.235822222222232,13.368180444444455,13.10346400000001,,2.249332825009609,0.6530060797118598,-3.545997266776979,0,49.16177229250986,41.40001789247339,,,,,-0.0007792134107950655,-0.23772670238225224,-0.23694748897145718,0.19269172977980253,49.16177229250986,,,,,,,,,-4.206753706681767,42.19771515449567,-21.098857577247834,0
2025-10-28,13.41,13.63,13.21,13.5,13.26399999999999,14.033243784506134,12.494756215493847,57.85832091347281,45.32839690639639,0,0,,,,13.243022222222232,13.375452444444454,13.11059200000001,,2.638181403482198,1.7792521109771586,-2.7073774233070225,0,50.522074236709365,42.258323570662796,,,,,0.03148575081013641,-0.19759030045878667,-0.22907605126892308,0.4322662824435881,50.522074236709365,,,,,,,,,-3.2151338966360914,42.17478665892736,-21.08739332946368,0
2025-10-29,13.5,13.88,13.45,13.71,13.218999999999989,13.729955966793097,12.70804403320688,66.49216866946611,56.286020982513264,0,0,,,,13.250800000000009,13.383308000000008,13.11829200000001,,3.997572631419355,3.7143505560179424,-1.0989010989011172,0,53.63922005679145,43.36618067992321,,,,,0.06554842225674282,-0.14714052344799455,-0.21268894570473737,0.6039527579125282,53.63922005679145,,,,,53.63922005679145,,53.63922005679145,,-1.4456586817660473,42.153037594770716,-21.076518797385358,0
2025-10-30,13.55,13.58,12.99,12.99,13.191999999999988,13.691303514910038,12.692696485089938,58.45091993995146,60.93380317429679,0,0,,,,13.253688888888899,13.386225777777788,13.12115200000001,,-1.5237662042300926,-1.531231049120585,-5.910473707083918,0,43.516495254481136,43.944192124157745,,,,,0.03945241477806699,-0.16337342723215365,-0.20282584201022064,0.3561598139756135,43.516495254481136,,,,,,,,,-2.4505692492632742,42.130632221771535,-21.065316110885767,0
2025-10-31,13.08,13.59,12.895,13.57,13.187999999999988,13.6736583161045,12.702341683895476,67.2860426266866,64.07637707870138,0,0,,,,13.256222222222233,13.388784444444456,13.12366000000001,,2.4537561343904057,2.8965726417956583,-1.5168009289498685,0,51.46287325586405,44.794123424444614,,,,,0.05989115157922825,-0.12796190253618533,-0.1878530541154136,0.45233821318809664,51.46287325586405,,,,,,,,,-2.2620032987234153,42.108382968840424,-21.054191484420212,0
2025-11-03,13.55,13.59,13.155,13.19,13.172499999999989,13.636649760316148,12.70835023968383,59.34617754154115,61.694380036059734,0,0,,,,13.250622222222233,13.383128444444456,13.118116000000011,,-0.49788774894380383,0.13285253368768846,-3.797529903724639,0,46.81579220695057,45.24442697467602,,,,,0.04702407089651256,-0.12907296549477287,-0.17609703639128543,0.3989621515829524,46.81579220695057,,,,,,,,,-3.496182551980039,42.085449925001406,-21.042724962500703,0
2025-11-04,12.96,12.98,12.39,12.5,13.134499999999989,13.680923828178717,12.58807617182126,36.268798152769044,54.300339440332266,0,0,,,,13.243688888888899,13.376125777777789,13.11125200000001,,-5.202487486728269,-4.830789143096337,-8.153518332557786,0,39.7897933033136,44.872218569634704,,,,,-0.0059345904659974524,-0.18351527447378224,-0.1775806840077848,0.14509272513767912,39.7897933033136,39.7897933033136,39.7897933033136,39.7897933033136,,,,,,-4.646450362233775,42.06203466967762,-21.03101733483881,0
2025-11-05,13.335,15.85,13.26,15.42,13.24899999999999,14.385149638032438,12.112850361967542,65.42768640081825,53.680887365042814,0,0,,,,13.251066666666677,13.383577333333344,13.11855600000001,,14.766299493897094,16.38614235036615,13.4045891351245,0,64.24498627231992,46.64184133721943,,,,,0.14914959515692797,0.008856309938375162,-0.1402932852185528,0.4204447660984287,64.24498627231992,,,,,64.24498627231992,,64.24498627231992,,-0.3263220347764501,42.041350954725885,-21.020675477362943,0
2025-11-06,15.26,15.61,14.48,15.22,13.355499999999989,14.775844676478764,11.935155323521213,67.30640347757044,56.33429601038591,0,0,,,,13.255600000000012,13.388156000000013,13.12304400000001,,11.51000073265449,13.960540601250514,12.076583210603786,0,62.37623307990466,48.14487598504602,,,,,0.2270501843274561,0.14351944519076731,-0.08353073913668879,0.5612240230741956,62.37623307990466,,,,,,,,,4.3553277132366395,42.02589735285058,-21.01294867642529,0
2025-11-07,15.06,15.375,14.25,15.23,13.476999999999986,15.08925432237033,11.864745677629642,70.32232977863524,67.68547321900797,0,0,,,,13.259422222222234,13.392016444444456,13.126828000000012,,9.773677382153757,13.00734584848271,12.24941037735845,0,62.4350700064465,49.595013886602025,,,,,0.2653741290315263,0.2481869221527191,-0.017187206878807218,0.6574215219560877,62.4350700064465,,,,,,,,,10.672491306646458,42.02122600770173,-21.010613003850864,0
2025-11-10,15.54,16.75,15.01,16.41,13.644499999999988,15.687257694882447,11.60174230511753,79.64900209155796,72.42591178258787,0,0,,,,13.26417777777778,13.396819555555558,13.131536000000002,,15.775363341329296,20.26823995016318,20.602645761881377,0,68.662618266938,51.34935992207746,,,,,0.3509450205492683,0.4214940688077782,0.07054904825850987,0.7507176939669123,68.662618266938,,,,,,,,,12.816329499464409,42.021150432496285,-21.010575216248142,0
2025-11-11,16.38,18.13,16.2,18.02,13.88949999999999,16.665601403047358,11.11339859695262,85.73348497665832,78.56827228228384,0,0,,,,13.278933333333335,13.411722666666668,13.146144000000001,,23.205250923013885,29.738291515173422,31.360256597171542,0,74.80091457482155,53.79024056517546,,,,,0.48828533622268533,0.6809057185368665,0.19262038231418122,0.7914504816105691,74.80091457482155,,,,,74.80091457482155,,74.80091457482155,,19.130820631043722,42.03751307857303,-21.018756539286514,0
2025-11-12,17.555,17.71,16.4,17.52,14.09499999999999,17.27744245823886,10.912557541761123,83.18438478072993,82.85562394964874,0,0,,,,13.298755555555557,13.431743111111112,13.165768000000002,,16.745518757913082,24.29939694927288,26.818675352877253,0,70.20191954836676,55.69494340483509,,,,,0.5151059460182671,0.836502814837015,0.32139686881874796,0.8415582212240601,70.20191954836676,,,,,,,,,24.140694132337746,42.06984927495106,-21.03492463747553,0
2025-11-13,17.24,17.71,16.2101,16.39,14.268999999999988,17.552199049707717,10.98580095029226,78.26135978994411,82.39307651577745,0,0,,,,13.313555555555556,13.446691111111113,13.18042,,6.796116504854455,14.864391337865413,17.826076537825575,0,61.0642365742459,57.0495713521189,,,,,0.42986980575636313,0.8587341260142018,0.4288643202578387,0.842708695138284,61.0642365742459,,,,,,,,,23.713984467865426,42.10048674908582,-21.05024337454291,0
2025-11-14,15.7,15.87,15.07,15.11,14.372999999999987,17.62424037868653,11.121759621313444,68.20991052166629,76.55188503078011,0,0,,,,13.319244444444447,13.452436888888892,13.186052000000002,,-2.5224179085219567,5.1276699366869405,8.245576330682681,0,52.6968810850888,57.30207912301739,,,,,0.268314474963313,0.76425741396198,0.495942938998667,0.7762347357526849,52.6968810850888,,,,,,,,,16.62161267874016,42.109364138583224,-21.054682069291612,0
2025-11-17,15.01,15.24,14.53,14.87,14.462499999999988,17.664617268308834,11.260382731691141,59.86586431003951,68.77904487388331,0,0,,,,13.324222222222224,13.457464444444446,13.190980000000001,,-5.099240538643112,2.817631806395937,6.178892750035647,0,51.27808798667898,57.35608010515808,,,,,0.13315157889894758,0.6623824126223514,0.5292308337234038,0.6796869701713742,51.27808798667898,,,,,,,,,10.300004284053493,42.10353946347794,-21.05176973173897,0
2025-11-18,14.68,15.33,14.4,14.99,14.551999999999987,17.707690732629192,11.396309267370784,55.92155225948266,61.332442363729484,0,0,,,,13.328355555555556,13.461639111111111,13.195072,,-5.8298781253925736,3.009895547003949,6.596818925261294,0,51.97433323806505,57.2371596181062,,,,,0.0442872915661392,0.5845899481810779,0.5403026566149387,0.5863695959437794,51.97433323806505,,,,,,,,,7.061502706776632,42.09188073495812,-21.04594036747906,0
2025-11-19,14.83,14.93,14.33,14.72,14.641999999999987,17.707769723903244,11.57623027609673,49.99108084349667,55.25949913767294,0,0,,,,13.331377777777778,13.464691555555556,13.198064,,-7.11761736496711,0.5327141100943455,4.283757615831463,0,50.23488876585848,57.71704486891887,,,,,-0.03588934056834159,0.4954409809045117,0.5313303214728533,0.40871151442450204,50.23488876585848,,,,,,,,,6.261888214641193,42.078960138030055,-21.039480069015028,0
2025-11-20,14.935,15.63,14.59,14.66,14.720499999999987,17.70254946303743,11.738450536962544,48.117640581810214,51.3434245615965,0,0,,,,13.335866666666668,13.469225333333334,13.202508000000002,,-7.168186423505518,-0.4109914744742871,3.4750488200832486,0,49.835740061075235,57.600821069291094,,,,,-0.09293421872173513,0.4151625480706844,0.5080967667924196,0.2253291076342177,49.835740061075235,49.835740061075235,,49.835740061075235,,,,,,5.876774349862966,42.06546019241793,-21.032730096208965,0
2025-11-21,14.735,15.12,13.95,14.86,14.814499999999986,17.687703612694662,11.94129638730531,47.20806008704612,48.438927170784325,0,0,,,,13.341555555555555,13.474971111111111,13.208139999999998,,-5.680736274198617,0.3071315265450236,4.380809665410057,0,51.226887558741545,57.91589930870474,,,,,-0.11568576636561662,0.3634895588353988,0.4791753252010154,-0.009677826847970228,51.226887558741545,,,,,,,,,5.612774354994014,42.0515755697885,-21.02578778489425,0
2025-11-24,15.03,15.25,14.68,15.17,14.902499999999986,17.70519067148014,12.099809328519832,50.267111250961584,48.53093730660597,0,0,,,,13.349866666666665,13.483365333333332,13.216368,,-2.949267481287121,1.7950008387855432,6.034482758620663,0,53.38474721051769,58.8869674449336,,,,,-0.10846663081339425,0.34359203668427263,0.4520586674976669,-0.42020150606391254,53.38474721051769,,,,,,,,,6.698585237550026,42.03933456568037,-21.019667282840185,0
2025-11-25,15.115,15.665,14.895,15.56,15.005499999999987,17.745153080227844,12.26584691977213,51.63474900861527,49.70330678220765,0,0,,,,13.360133333333332,13.493734666666665,13.226531999999999,,1.137471563211001,3.6953117190364537,8.145676953016379,0,56.02093481752911,58.299535198162836,,,,,-0.07748826017959648,0.35519834227317126,0.43268660245276774,-0.45191444659715685,56.02093481752911,,,,,,,,,8.841212723291115,42.03068978202242,-21.01534489101121,0
2025-11-26,15.61,16.48,15.5067,16.18,15.128999999999987,17.846520193117563,12.41147980688241,51.24531555074089,51.04905860343924,0,0,,,,13.358755555555554,13.49234311111111,13.225167999999998,,6.091403842371057,6.9469231277679455,11.737759259685522,0,59.90307411058859,58.12288098606883,,,,,-0.018387324570219243,0.4097024467399937,0.4280897713102129,-0.44047288609906615,59.90307411058859,,,,,,,,,11.959145519105293,42.0281300479587,-21.01406502397935,0
2025-11-28,16.39,17.055,16.26,16.86,15.322499999999986,17.95296668863188,12.692033311368093,59.065334211064354,53.98179959014016,0,0,,,,13.36384444444444,13.497482888888886,13.230205999999995,,10.210485030723039,10.03426333822819,15.384615384615351,0,63.68894575097458,58.212443539249406,,,,,0.05911308949804883,0.5019811331827739,0.4428680436847251,-0.35768802303194613,63.68894575097458,,,,,,,,,15.94164521226852,42.034812522613265,-21.017406261306633,0
2025-12-01,16.55,17.79,16.512,17.16,15.501999999999986,18.119537774321884,12.88446222567809,64.47384467302382,58.26149814494301,0,0,,,,13.373666666666665,13.507403333333333,13.239929999999998,,10.688253886344645,10.695394142691361,16.3416122398246,0,65.24789833697682,57.96853497282351,,,,,0.11969779749936926,0.5924902905589366,0.4727924930595674,-0.1293064658812177,65.24789833697682,,,,,,,,,19.64075817109908,42.05152603341206,-21.02576301670603,0
2025-12-02,17.23,17.67,17.04,17.23,15.703999999999985,18.197274152595753,13.210725847404218,67.3940164551552,63.64439844641445,0,0,,,,13.387088888888888,13.520959777777778,13.253217999999999,,9.473282927759152,9.717269485481506,15.730789897904307,0,65.6188150121275,57.312670718345366,,,,,0.1515532399737617,0.6622340430267695,0.5106808030530078,0.29854206985712156,65.6188150121275,,,,,,,,,21.997216602627024,42.07528966096496,-21.03764483048248,0
2025-12-03,17.2,17.9,16.9,17.53,15.955499999999986,18.09492492273084,13.816075077269133,78.69527136416191,70.1877108307803,0,0,,,,13.403444444444442,13.537478888888886,13.269409999999999,,9.610454573876147,9.868070571276455,16.61529591768851,0,67.23295238987232,57.10060163559576,,,,,0.17806446264920062,0.7332613813645086,0.555196918715308,0.7200394267942164,67.23295238987232,,,,,,,,,23.398888636188456,42.103421509529554,-21.051710754764777,0
2025-12-04,17.61,18.17,17.37,18.06,16.087499999999984,18.397451298188383,13.777548701811588,84.03244917378767,76.70724566436826,0,0,,,,13.423755555555555,13.557993111111111,13.289518,,10.614319838304699,12.261072261072359,18.78713468242306,0,69.91978089333338,57.733140515530586,,,,,0.2141084875379824,0.822832528137786,0.6087240405998036,0.9179296663875665,69.91978089333338,,,,,69.91978089333338,69.91978089333338,69.91978089333338,,25.32203143278247,42.137906276902655,-21.068953138451327,0
2025-12-05,18.08,18.6,17.91,17.95,16.223999999999986,18.633277069994623,13.814722930005349,84.10631978867626,82.2780134422086,0,0,,,,13.444244444444442,13.578686888888885,13.309801999999998,,7.768972142171071,10.63856015779101,16.818881922901664,0,68.66138670480146,58.873462345510056,,,,,0.21290669943232354,0.874857414890208,0.6619507154578844,0.9555844214464144,68.66138670480146,,,,,,,,,26.784884760550952,42.17738492101781,-21.088692460508906,0
2025-12-08,17.565,17.71,17.04,17.61,16.342999999999986,18.779096057219853,13.906903942780119,81.99737752190138,83.37871549478844,0,0,,,,13.460555555555553,13.595161111111109,13.325949999999997,,4.010395133187705,7.752554610536722,13.466494845360778,0,64.7804924815141,59.83791980942685,,,,,0.1732596369187488,0.8785252616063204,0.7052656246875716,0.9566506341083993,64.7804924815141,,,,,,,,,26.717834351714185,42.2163545465046,-21.1081772732523,0
2025-12-09,17.47,17.795,17.3701,17.71,16.407999999999983,18.916087717764768,13.899912282235201,81.19020601380443,82.43130110812736,0,0,,,,13.475088888888887,13.609839777777776,13.340338,,3.0549898167006706,7.935153583617871,13.066609917003614,0,65.39993626751846,60.7968914543878,,,,,0.1392790640660636,0.8793644547701511,0.7400853907040875,0.9509659338565664,65.39993626751846,,,,,,,,,25.684609423916882,42.25137695857339,-21.125688479286694,0
2025-12-10,17.63,18.41,17.455,17.5,16.381999999999987,18.832833327666727,13.931166672333248,76.38580685486997,79.85779679685858,0,0,,,,13.48971111111111,13.624608222222221,13.354813999999998,,0.6962425916336334,6.824563545354745,10.782865583456402,0,62.8980931153639,61.701406050781046,,,,,0.0905305339901139,0.85324855819173,0.762718024201616,0.9113258191182546,62.8980931153639,,,,,,,,,24.420321534560586,42.28181872969981,-21.140909364849904,0
2025-12-11,17.415,17.415,15.73,16.43,16.327499999999986,18.72252713972144,13.932472860278533,62.42973884711439,73.33525057192959,0,0,,,,13.503666666666664,13.63870333333333,13.368629999999998,,-5.596414617329293,0.6277752258460501,3.4157190214426203,0,51.985786941187236,61.854980827931904,,,,,-0.020008315353397976,0.7377076300098686,0.7577159453632666,0.7379380808487558,51.985786941187236,51.985786941187236,,51.985786941187236,,,,,,21.408715537987604,42.30240919622057,-21.151204598110287,0
2025-12-12,16.82,19.6,16.73,18.42,16.428999999999984,18.992176934977806,13.865823065022163,71.61880771685708,70.14478447294714,0,0,,,,13.52913333333333,13.664424666666664,13.393841999999998,,4.897494305239247,12.118814291801193,14.635411264391628,0,64.36747047163178,62.79359389313835,,,,,0.031846143682977446,0.7975236249669884,0.7656774812840109,0.7187940659307641,64.36747047163178,,,,,,,,,22.61754473089907,42.32659202304794,-21.16329601152397,0
2025-12-15,18.61,19.58,18.37,18.7,16.608499999999985,19.277681709813393,13.939318290186575,74.70953744476441,69.58602800291196,0,0,,,,13.55673333333333,13.692300666666664,13.421165999999996,,5.566218809980872,12.592949393383002,15.152510365778515,0,65.70745338384779,63.67378719123336,,,,,0.07356649697108897,0.8576356024978722,0.7840691055267832,0.7044169020779922,65.70745338384779,,,,,,,,,24.89854117833008,42.358066095035646,-21.179033047517823,0
2025-12-16,18.63,18.97,17.64,17.9,16.759999999999984,19.360353822079322,14.159646177920646,71.10568992297408,72.47801169486519,0,0,,,,13.579533333333329,13.715328666666663,13.443737999999994,,0.6692536977673358,6.801909307875986,9.170749557827929,0,58.892973303178294,63.87893279735116,,,,,0.037657189396815616,0.8311405922728028,0.7934834028759872,0.6084696086485056,58.892973303178294,,,,,,,,,27.853260361570012,42.39977174577755,-21.199885872888775,0
2025-12-17,18.1,18.4099,17.6,17.63,16.891999999999985,19.38538003521369,14.398619964786283,65.40409101175672,70.40643945983173,0,0,,,,13.600777777777775,13.736785555555553,13.464769999999998,,-0.9049519419930929,4.368932038835038,6.414228803669819,0,56.75367882851129,63.6539759914885,,,,,-0.011288926957725431,0.7793722441788304,0.7906611711365559,0.43718318443847165,56.75367882851129,,,,,,,,,25.707827314940044,42.43354942433761,-21.216774712168807,0
2025-12-18,18.26,20.33,18.26,20.28,17.169999999999984,19.864438717061983,14.475561282937983,73.46624180600374,69.99200758024485,0,0,,,,13.634422222222218,13.77076644444444,13.498077999999996,,12.585355021373545,18.112987769365297,21.224197019207747,0,68.75151342058267,64.01558796788908,,,,,0.12053288190377298,0.9413272735162721,0.8207943916124991,0.532333992861117,68.75151342058267,,,,,,,,,28.96403353223262,42.47886432127728,-21.23943216063864,0
2025-12-19,20.31,22.64,20.31,22.45,17.559499999999986,20.87142074180563,14.247579258194342,81.08418619990096,73.31817300588713,0,0,,,,13.678999999999997,13.815789999999996,13.542209999999997,,21.59454043221587,27.851020814943574,32.28968199406803,0,74.89383582822437,64.70458350297818,,,,,0.32783900973664903,1.2305931537833104,0.9027541440466613,0.6206152726057289,74.89383582822437,,,,,74.89383582822437,,74.89383582822437,,38.63779441838205,42.56518431344231,-21.282592156721154,0
2025-12-22,22.47,22.69,21.625,21.75,17.903999999999986,21.446413866278505,14.361586133721465,81.21812218975282,78.58951673188584,0,0,,,,13.720066666666662,13.85726733333333,13.582865999999996,,15.219579382317171,21.481233243967935,26.54422744991558,0,70.10659285080416,65.02513906288365,,,,,0.38768600997348646,1.3873616565135194,0.9996756465400329,0.6981323772003089,70.10659285080416,,,,,,,,,47.2311118489485,42.695505328369535,-21.347752664184767,0
2025-12-23,21.69,21.7,20.69,21.18,18.20449999999999,21.78765210394449,14.621347896055484,79.77752536724289,80.69327791896553,0,0,,,,13.758377777777774,13.895961555555552,13.620793999999997,,10.174781523096188,16.344859787415267,22.098385857032987,0,66.38547063685951,64.96460465195418,,,,,0.35938388860500714,1.448905507296292,1.0895216186912848,0.7511492502041353,66.38547063685951,,,,,,,,,48.48786976957931,42.831928313932686,-21.415964156966343,0
2025-12-24,21.11,21.485,20.83,21.13,18.482999999999986,22.066540707178053,14.899459292821918,77.68128420261982,79.55897725320517,0,0,,,,13.797222222222219,13.935194444444441,13.659249999999997,,7.877673967427423,14.321268192393099,21.086512196519603,0,66.0542664798867,64.68849647956513,,,,,0.3096813261229283,1.4766232763449452,1.1669419502220169,0.8072057268927577,66.0542664798867,,,,,,,,,45.12074023912155,42.948651726094845,-21.474325863047422,0
2025-12-26,21.22,21.55,20.77,20.9,18.718999999999987,22.286435493460523,15.15156450653945,72.10889011654034,76.52256656213434,0,0,,,,13.832911111111105,13.971240222222217,13.694581999999993,,4.322651492462892,11.651263422191427,19.00017081364227,0,64.46109352917262,64.38847553844879,,,,,0.23697786632967932,1.463164283134116,1.2261864168044367,0.8301001653095457,64.46109352917262,,,,,,,,,42.9098331764046,43.05295611483142,-21.52647805741571,0
2025-12-29,20.64,21.04,20.33,20.67,18.909499999999987,22.46640019539516,15.352599804604813,68.11278497699665,72.6343197653856,0,0,,,,13.868022222222217,14.00670244444444,13.729341999999995,,2.0287279727529306,9.31013511726919,16.742285897170373,0,62.82913977727729,64.24909320243187,,,,,0.15312900470929502,1.4175976726910555,1.2644686679817605,0.8116971048041413,62.82913977727729,,,,,,,,,41.54648569186907,43.14966313208842,-21.57483156604421,0
2025-12-30,20.68,20.68,19.28,19.59,19.030999999999985,22.50561595000118,15.55638404999879,57.89099075507066,66.0375552828692,0,0,,,,13.898199999999996,14.037181999999996,13.759217999999995,,-3.7251818360526157,2.9373128054228204,9.717166059927141,0,55.69841582212079,63.55612745633203,,,,,0.012095890804231901,1.2795885314870503,1.2674926406828184,0.7174614808487387,55.69841582212079,,,,,,,,,37.792896326080076,43.22790684407899,-21.613953422039494,0
2025-12-31,19.62,19.915,19.3,19.71,19.154999999999987,22.53951473626605,15.770485263733926,53.964669533634506,59.98948175523393,0,0,,,,13.930333333333328,14.069636666666662,13.791029999999994,,-3.989478298991611,2.897415818324278,9.400728968158468,0,56.29199096919293,63.08426301731982,,,,,-0.08083238811342186,1.166452155541041,1.2472845436544628,0.5997471660298566,56.29199096919293,,,,,,,,,34.81923444285153,43.29259831279945,-21.646299156399724,0
2026-01-02,19.78,20.71,18.9,19.41,19.248999999999988,22.551192604922054,15.946807395077922,49.55833055235156,53.80466361368557,0,0,,,,13.958866666666662,14.098455333333328,13.819277999999995,,-6.263582363451913,0.836407086082458,6.861683580774769,0,54.33207506782342,63.25185502636526,,,,,-0.16535721990912333,1.0405880187680587,1.205945238677182,0.3706656859161922,54.33207506782342,54.33207506782342,,54.33207506782342,,,,,,31.651644453740843,43.344021016540275,-21.672010508270137,0
2026-01-05,19.47,20,19.16,19.59,19.325499999999984,22.584576402909686,16.06642359709028,45.718614856793614,49.74720498092655,0,0,,,,13.990644444444438,14.130550888888882,13.850737999999994,,-5.078011435216534,1.3686579907377094,6.897304376295921,0,55.33686656106932,62.60681188989651,,,,,-0.20917464131224017,0.9444769370368817,1.153651578349122,0.20067899398547925,55.33686656106932,,,,,,,,,31.324984999436158,43.393844319677235,-21.696922159838618,0
2026-01-06,19.64,20.1,18.88,19.53,19.404499999999985,22.60240228118411,16.20659771881586,40.7648447315601,45.347263380235084,0,0,,,,14.021977777777773,14.16219755555555,13.881757999999994,,-4.010616337363537,0.6467571954959839,5.634183719462693,0,54.90322989775122,61.835081640889605,,,,,-0.2400199528770759,0.853626637252777,1.0936465901298529,0.021573530415321614,54.90322989775122,,,,,,,,,30.58631828509858,43.44053612370138,-21.72026806185069,0
2026-01-07,19.46,20.58,18.69,20.06,19.526999999999983,22.62674902209882,16.427250977901146,45.28863965681646,43.92403308172339,0,0,,,,14.052022222222218,14.19254244444444,13.911501999999997,,-0.5798681667244177,2.7295539509398115,7.493078503170447,0,58.03176772100748,61.77356695644884,,,,,-0.22291815942904436,0.8149988908435475,1.0379170502725918,-0.23808564363202347,58.03176772100748,,,,,,,,,31.693435321609922,43.49113425174412,-21.74556712587206,0
2026-01-08,19.905,20.95,19.7,19.89,19.635999999999985,22.62380454514722,16.64819545485275,45.91500662868659,43.9894970056877,0,0,,,,14.078066666666661,14.218847333333327,13.937285999999995,,-0.7881085395051279,1.2935424730088352,5.691056910569081,0,56.673657712588934,61.767851162454384,,,,,-0.2208248428159708,0.7618859967526284,0.9827108395685992,-0.7439552717593373,56.673657712588934,,,,,,,,,32.02464683960796,43.542681315111224,-21.771340657555612,0
2026-01-09,19.945,20.17,19.035,19.22,19.721999999999987,22.553872878503213,16.89012712149676,40.36597832004398,43.85654153518234,0,0,,,,14.099311111111106,14.240304222222218,13.958317999999995,,-3.2079367477463316,-2.5453807930229666,1.472995090016327,0,51.55291515181674,60.539379857542535,,,,,-0.25965381126021514,0.6581435754933302,0.9177973867535454,-0.8716630048435502,51.55291515181674,,,,,,,,,31.02608627843968,43.59008047732708,-21.79504023866354,0
2026-01-12,18.725,19.445,18.53,19.15,19.857999999999986,22.27533406876302,17.440665931236953,30.861816631297735,39.0476005266761,0,0,,,,14.122511111111105,14.263736222222217,13.981285999999994,,-2.702977339701196,-3.565313727464947,0.5777310924369283,0,51.03409121347101,58.83511238506015,,,,,-0.28321419464527975,0.5637796434469458,0.8469938380922255,-0.8615249369154223,51.03409121347101,,,,,,,,,28.72891037084112,43.62880719270473,-21.814403596352363,0
2026-01-13,19.1,19.15,18.645,18.85,19.879499999999986,22.252535819367743,17.50646418063223,26.913407714685192,32.71373422200896,0,0,,,,14.145799999999992,14.287257999999992,14.004341999999992,,-3.333333333333277,-5.178701677607512,-1.3416144733858104,0,48.768836362034754,57.31098692157662,,,,,-0.3100020107282868,0.45949132468186704,0.7694933354101539,-0.8554786620086173,48.768836362034754,,,,,,,,,26.17895329636724,43.6586370274547,-21.82931851372735,0
2026-01-14,18.245,18.25,17.065,17.5,19.819499999999984,22.363327627808655,17.275672372191313,19.171305735036594,25.648843360339836,0,0,,,,14.165933333333326,14.30759266666666,14.024273999999993,,-9.284122129490392,-11.703120663992461,-8.461632347043768,0,40.13543624822707,55.43598446524573,,,,,-0.40371044723590344,0.2648552763652745,0.6685657236011779,-0.8395094443696861,40.13543624822707,,,,,,,,,22.123380038546916,43.67588503459094,-21.83794251729547,0
2026-01-15,17.48,17.57,16.875,17.06,19.777499999999986,22.47009633068199,17.08490366931798,16.785282162829986,20.956665204183917,0,0,,,,14.188599999999994,14.330485999999993,14.046713999999994,,-10.33322821402287,-13.740361521931433,-10.736709920468845,0,37.78747492496017,53.41692792560813,,,,,-0.47545686922467334,0.07424463707033624,0.5497015062950096,-0.8350094535758134,37.78747492496017,,,,,,,,,17.271797565076174,43.68036539067836,-21.84018269533918,0
2026-01-16,17.195,17.24,16.58,16.67,19.729499999999987,22.60174981504079,16.857250184959184,14.419245076551714,16.791944324806092,0,0,,,,14.211799999999995,14.353917999999995,14.069681999999995,,-11.102815699658642,-15.507235358219862,-12.646288209607004,0,35.7889545644218,51.368917999554505,,,,,-0.5254023144210843,-0.10705138673134584,0.41835092768973847,-0.8394989392450217,35.7889545644218,,,,,,,,,12.256771437766034,43.6741910295936,-21.8370955147968,0
2026-01-20,16.225,16.3,15.86,16.16,19.523499999999988,22.774304669616715,16.27269533038326,13.337363597173521,14.847296945518403,0,0,,,,14.23295555555555,14.375285111111106,14.090625999999995,,-12.21685045358245,-17.22795605296177,-15.036803364879091,0,33.308102593680445,49.26027248644044,,,,,-0.5655257284566104,-0.2885562328810245,0.27696949557558587,-0.8478867452047537,33.308102593680445,33.308102593680445,,33.308102593680445,,,,,,9.168001580141052,43.662723473810786,-21.831361736905393,0
2026-01-21,16.42,16.66,16.1,16.47,19.224499999999985,22.443509008996728,16.005490991003242,17.995370299765558,15.25065965783026,1,0,,,,14.254599999999995,14.397145999999994,14.112053999999995,,-9.020604319725978,-14.328070951130012,-13.181754287320802,0,36.20296888150884,47.86774056211102,,,,,-0.543770116120587,-0.4027431495751479,0.1410269665454391,-0.893731511169617,36.20296888150884,,,,,,,,,7.763450939250345,43.649172359834,-21.824586179917,0
2026-01-22,16.53,16.98,16.22,16.32,18.952999999999985,22.190091904781532,15.715908095218438,16.31111874515117,15.88128421403008,0,0,,,,14.274511111111106,14.417256222222218,14.131765999999995,,-7.947430763156371,-13.892259800559215,-13.777010725040961,0,35.402213076813595,46.3756135697982,,,,,-0.5124871572670284,-0.49958198003834653,0.012905177228681952,-0.9186747822045944,35.402213076813595,,,,,,,,,6.904240759702925,43.63445120004366,-21.81722560002183,0
2026-01-23,16.33,16.35,15.77,15.95,18.691499999999984,22.010676253229448,15.372323746770519,13.562229111022866,15.956239385313191,0,0,,,,14.294244444444438,14.437186888888883,14.151301999999992,,-7.989616383040021,-14.66709466869961,-15.469818220361475,0,33.43756101311065,44.88314828017587,,,,,-0.4897443707303783,-0.5992752861842909,-0.10953091545391262,-0.9480207660815642,33.43756101311065,,,,,,,,,6.358185797741304,43.61903124899294,-21.80951562449647,0
2026-01-26,15.821,15.88,15.56,15.75,18.422499999999985,21.779390674419126,15.065609325580843,12.595545010462736,14.156297622212252,0,0,,,,14.314199999999994,14.457341999999993,14.171057999999995,,-7.287497056745895,-14.506717329352625,-16.27091012191666,0,32.391168071128575,43.24416981660867,,,,,-0.4615813838672611,-0.686507645287989,-0.2249262614207279,-0.9592393723922803,32.391168071128575,,,,,,,,,4.702096291838675,43.601662684205316,-21.800831342102658,0
2026-01-27,15.815,15.815,15.115,15.27,18.140999999999984,21.563250136971646,14.718749863028323,10.744182999975898,12.300652373820496,0,0,,,,14.331311111111106,14.474624222222216,14.187997999999995,,-8.012048192771015,-15.826029436083932,-18.655444278712984,0,29.967326991854534,41.4630338947589,,,,,-0.4483143792815346,-0.7853192355226462,-0.33700485624111154,-0.9671811189068411,29.967326991854534,,,,,,,,,2.3430388805682063,43.58199289977729,-21.790996449888645,0
2026-01-28,15.43,15.495,15.13,15.2,17.867499999999986,21.311816332743263,14.423183667256708,9.665051710084953,11.001593240174524,0,0,,,,14.34984444444444,14.493342888888884,14.206345999999995,,-6.375115491222605,-14.929340982230244,-18.562703146765735,0,29.619235932076407,39.43356733840668,,,,,-0.41789232478691407,-0.8593702622247541,-0.44147793743784003,-0.9598880494379847,29.619235932076407,,,,,,,,,0.6346744896060669,43.56101462952491,-21.780507314762456,0