time,open,high,low,close,Basis,Upper,Lower,温度计,Plot,Shapes,Shapes,Plot,Plot,Plot,Plot,Plot,Plot,ADX,Plot,Plot,Plot,Plot,RSI,RSI-based MA,Regular Bullish,Regular Bullish Label,Regular Bearish,Regular Bearish Label,Histogram,MACD,Signal line,Trend Strength Index,RSI,Regular Bullish,Regular Bullish Label,Hidden Bullish,Hidden Bullish Label,Regular Bearish,Regular Bearish Label,Hidden Bearish,Hidden Bearish Label,Distance from MA,Upper StdDev Band,Lower StdDev Band,Zero Line
2020-12-10,146,165,141.25,144.71,,,,,,0,0,,,,,,,,,,,0,,,,,,,,,,,,,,,,,,,,,,,0
2020-12-11,146.55,151.5,135.1,139.25,,,,,,0,0,,,,,,,,,,,0,,,,,,,,,,,,,,,,,,,,,,,0
2020-12-14,135,135.3,125.1601,130,,,,,,0,0,,,,,,,,,,,0,,,,,,,,,,,,,,,,,,,,,,,0
2020-12-15,126.69,127.6,121.5,124.8,,,,,,0,0,,,,,,,,,,,0,,,,,,,,,,,,,,,,,,,,,,,0
2020-12-16,125.83,142,124.91,137.99,,,,,,0,0,,,,,,,,,,,0,,,,,,,,,,,,,,,,,,,,,,,0
2020-12-17,143,152.4499,142.67,147.05,,,,,,0,0,,,,,,,,,,,0,,,,,,,,,,,,,,,,,,,,,,,0
2020-12-18,150.4497,159,150.3,157.3,,,,,,0,0,,,,,,,,,,,0,,,,,,,,,,,,,,,,,,,,,,,0
2020-12-21,155.31,172,145.11,163.02,,,,,,0,0,,,,,,,,,,,0,,,,,,,,,,,,,,,,,,,,,,,0
2020-12-22,170,174.97,161.05,163.19,,,,,,0,0,,,,,,,,,,,0,,,,,,,,,,,,,,,,,,,,,,,0
2020-12-23,162.8137,168.25,155.5,158.01,,,,,,0,0,,,,,,,,7.833101302104661,,,0,,,,,,,,,,,,,,,,,,,,,,,0
2020-12-24,159.16,162.79,154.1124,154.84,,,,,,0,0,,,,,,,,4.9442542952997215,,,0,,,,,,,,,,,,,,,,,,,,,,,0
2020-12-28,158.6,163.64,147.52,149,,,,,,0,0,,,,,,,,0.3231887961217206,,,0,,,,,,,,,,,,,,,,,,,,,,,0
2020-12-29,150,151.6511,143.12,150,,,,,,0,0,,,,,,,,-0.34546904065905215,,,0,,,,,,,,,,,,,,,,,,,,,,,0
2020-12-30,151.34,152.813,145.6,148.43,,,,,,0,0,,,,,,,,-2.9126848635884994,,,0,,,,,,,,,,0.5572904723959119,,,,,,,,,,,,,0
2020-12-31,146.9,147.89,144.51,146.8,,,,,,0,0,,,,,,,,-4.529018495876802,,,0,51.362628765158426,,,,,,,,,0.5139752982306462,51.362628765158426,,,,,,,,,,,,0
2021-01-04,150.99,151.005,137,139.15,,,,,,0,0,,,,,,,,-9.036829788068545,,,0,46.380211399639514,,,,,,,,,0.3215441581841752,46.380211399639514,46.380211399639514,,46.380211399639514,,,,,,,,,0
2021-01-05,138.28,149,137.25,148.3,,,,,,0,0,,,,,,,,-2.4816865473387906,,,0,52.335858781356244,,,,,,,,,0.12693680678931665,52.335858781356244,,,,,,,,,,,,0
2021-01-06,145.75,148.35,141.11,142.77,,,,,,0,0,,,,,,,,-4.851081979886562,,,0,48.80745133817925,,,,,,,,,-0.35238354310395525,48.80745133817925,,,,,,,,,,,,0
2021-01-07,146.37,154.42,145.2614,151.27,,,,,,0,0,,,,,,,,1.6210188301524209,,,0,53.94690201873863,,,,,,,,,-0.6216746426562207,53.94690201873863,,,,,53.94690201873863,,53.94690201873863,,,,,0
2021-01-08,153.45,155.54,147.2501,149.77,147.2825,166.5514458715312,128.0135541284688,,,0,0,,,,,,,,1.1733870150574477,1.688931135742533,,0,52.936892626091165,,,,,,,,,-0.7418738520559142,52.936892626091165,,,,,,,,,,,,0
2021-01-11,147.99,150.5,144.02,148.13,147.45350000000002,166.68876477592607,128.21823522407396,,,0,0,,,,,,,,0.5211655650710245,0.45878870287918705,,0,51.79510612954241,,,,,,,,,-0.702557613474834,51.79510612954241,,,,,,,,,,,,0
2021-01-12,148.08,163.88,143.61,160.8,148.531,168.2164696667365,128.84553033326353,51.28735507224288,,0,0,,,,,,,,8.25221149573856,8.260228504487287,,0,59.129351518138265,,,,,,,,,-0.29875904023143435,59.129351518138265,,,,,,,,,,,,0
2021-01-13,160.81,178.6199,159.35,169.99,150.53050000000002,170.4036944840278,130.65730551597224,62.50480556360357,,0,0,,,,,,,,12.919404016181634,12.927280517901686,,0,63.47074098351904,,,,,,,,,0.26580507191608915,63.47074098351904,,,,,,,,,,,,0
2021-01-14,175.54,187.42,174.9754,180.5,153.31550000000001,173.5921224751558,133.03887752484422,67.28804069800906,60.36006711128517,0,0,,,,,,,,17.399901136925333,17.731083941284464,,0,67.69679222229875,,,,,,,,,0.5940510040388658,67.69679222229875,,,,,67.69679222229875,,67.69679222229875,,,,,0
2021-01-15,184.58,185.995,164.8601,169.27,154.8795,175.01136675397987,134.74763324602014,62.79417643576967,64.19567423246077,0,0,,,,,,,,8.509888137440292,9.291416875700143,,0,59.74351064936573,,,,,,,,,0.7414081004407923,59.74351064936573,,,,,,,,,,,,0
2021-01-19,173,178.6,166.6001,173.69,156.2115,177.58208564943854,134.84091435056146,64.05726887760163,64.71316200379346,0,0,,,,,,,,8.931382448306335,11.188996968853115,,0,61.65308216245446,,,,,,,9.279914363416594,,0.8150075030085457,61.65308216245446,,,,,,,,,,,,0
2021-01-20,176.01,176.31,161,161.83,156.43800000000002,177.94551645355622,134.9304835464438,55.88031629486842,60.91058720274657,0,0,,,,,,,,0.639295531150097,3.44673289098556,,0,54.22093750448263,,,,,,,8.648575357692607,,0.8128057529305734,54.22093750448263,,,,,,,,,,,,0
2021-01-21,164.99,183.47,155.33,180.4,157.30700000000002,181.09194406131715,133.52205593868288,66.57192108391675,62.1698354187956,0,0,,,,,,,,9.622337678121085,14.680211306553414,,0,61.954425354871866,56.10242081813117,,,,,,9.53674479357619,,0.8652617778626417,61.954425354871866,,,,,,,,,,,,0
2021-01-22,178.09,185.3066,175.19,181.87,158.241,184.24062299726643,132.2413770027336,68.54593905666985,63.66605881181834,0,0,,,,,,,,8.498135719612199,14.93228682831882,,0,62.494548791162,56.89755796284572,,,,,,10.241188143130842,,0.8931228878988525,62.494548791162,,,,,,,,,,,,0
2021-01-25,186.05,192.47,170.03,177.53,159.217,186.54047935384492,131.8935206461551,68.4493942538474,67.85575146481132,0,0,,,,,,,,4.183660894008834,11.501912484219634,14.543859120881963,0,59.79547788947527,57.85579128354827,,,,,,10.330182925338846,,0.8702607944547773,59.79547788947527,,,,,,,,,,,,0
2021-01-26,180,193,177.3,192.74,161.11200000000002,191.98488622723787,130.23911377276218,75.0687975123641,70.68804360762711,0,0,,,,,,,,10.224062403495315,19.631064104473907,23.086027387928954,0,65.43043080655531,58.79111785677677,,,,,,11.495518633047823,,0.8874289166422827,65.43043080655531,,,,,,,,,,,,0
2021-01-27,187.64,216,185.5,201.25,163.7245,198.63447248638275,128.81452751361726,76.46082263014281,73.3263381321181,0,0,,,,,,,,12.488611401454385,22.919905084455895,26.846496305431632,0,68.12249115719946,60.17076355813536,,,,,,12.956388277172522,,0.8874243050336553,68.12249115719946,,,,,68.12249115719946,,68.12249115719946,,,,,0
2021-01-28,202.6,212.84,187.05,187.37,165.59300000000002,201.3545794393926,129.83142056060743,69.880434164734,73.80335143574696,0,0,,,,,,,,3.72277118104567,13.150918215141939,16.69150892868263,0,59.92562263926875,60.59781503103037,,,,,,12.846056650464817,,0.8657807981244229,59.92562263926875,,,,,,,,,,,,0
2021-01-29,190.71,193.4999,179.31,183.63,167.353,203.0272641690055,131.67873583099453,65.88358326512711,70.74161335333464,0,0,,,,,,,,1.476585727074764,9.726147723673906,12.982450383417167,0,57.90385273096787,60.95259789566442,,,,,1.4649350786468656,12.314873106457753,10.849938027810888,0.8030294012985508,57.90385273096787,,,,,,,,,,,,0
2021-02-01,187.4803,188.82,179.74,180.44,169.03500000000003,203.83593935513784,134.2340606448622,59.84445451117888,65.20282398034665,0,0,,,,,,,,-0.8979816009886288,6.747123376815445,10.061524823416024,0,56.16334520798675,61.26461497269616,,,,,0.5231618132815505,11.503890294412827,10.980728481131276,0.687490424600133,56.16334520798675,,,,,,,,,,,,0
2021-02-02,183.22,186.4794,177.11,179.17,171.036,203.23864548138894,138.83335451861106,54.52250385554573,60.0835138772839,0,0,,,,,,,,-1.8907804602925515,4.755723941158574,8.577788730744217,0,55.448753532512335,61.00171511658002,,,,,-0.2757060695799023,10.636095894156398,10.9118019637363,0.531856351909147,55.448753532512335,55.448753532512335,,55.448753532512335,,,,,,,,,0
2021-02-03,181.98,190.9,180,185.72,172.90699999999998,203.93515888833952,141.87884111166045,53.15149917452773,55.8394858470841,0,0,,,,,,,,0.3826778803536879,7.410341975744195,11.904685391091974,0,58.38932670505329,60.63875695383246,,,,,-0.44344313178277517,10.35749804900783,10.800941180790606,0.47823233599051623,58.38932670505329,,,,,,,,,,,,0
2021-02-04,187.07,195.99,186.19,195.8,175.5585,204.84663703532536,146.27036296467466,57.6841140174583,55.11937234917724,0,0,,,,,,,,4.957330931858128,11.529774975293128,17.206674036147728,0,62.49228118259381,60.26700616528211,,,,,0.019480481213369316,10.825291782307318,10.805811301093948,0.6045088248893327,62.49228118259381,,,,,,,,,,,,0
2021-02-05,197,197.25,190.2501,195.31,177.7605,206.0171427411323,149.50385725886773,59.01673855526356,56.617450582416524,0,0,,,,,,,,3.9457998041469544,9.8725532387679,16.168825761631144,0,62.17135693406977,60.44042375704669,,,,,0.17882566024847435,11.02934337640454,10.850517716156066,0.5930928628583906,62.17135693406977,,,,,,,,,,,,0
2021-02-08,199.93,201.96,191.5001,200.43,180.29350000000002,207.1050857606363,153.48191423936373,63.38145175589129,60.02743477620438,0,0,,,,,,,,5.386306037247723,11.168733204469362,18.21988911171406,0,64.23795970447618,60.625057867191096,,,,,0.49715013474263614,11.471955384584362,10.974805249841726,0.6202089596844691,64.23795970447618,,,,,,,,,,,,0
2021-02-09,199.2033,209.22,196.16,199.88,182.88100000000003,206.5856104376339,159.17638956236615,64.8534130275697,62.417201112908174,0,0,,,,,,,,4.7040335254059595,9.295115402912257,16.86064187214007,0,63.83452866246439,61.311742949904065,,,,,0.5354533971641526,11.644121996296917,11.108668599132764,0.5688463024554293,63.83452866246439,,,,,,,,,,,,0
2021-02-10,205.48,214.7163,202.097,211.66,185.424,210.00393523181043,160.84406476818958,70.25375578763372,66.16287352369822,0,0,,,,,,,,10.273469451550188,14.149193200448696,22.25495292554729,0,68.41053970424586,61.77289397485936,,,,,1.181888256730229,12.58602892004555,11.40414066331532,0.6373019898354668,68.41053970424586,,,,,,,,,,,,0
2021-02-11,213.5,219.94,207,216.84,187.7665,214.82154261685784,160.71145738314218,77.52144575355756,70.87620485625365,0,0,,,,,,,,11.263905422601672,15.483858941824025,23.65560738603314,0,70.19633533147893,62.32302158488199,,,,,1.7517106927931856,13.593779029306802,11.842068336513616,0.6991182943042427,70.19633533147893,,,,,70.19633533147893,,70.19633533147893,,,,,0
2021-02-12,214.4578,216.94,209,212.68,189.3755,218.27525603703276,160.47574396296721,76.37570892794548,74.7169701563789,0,0,,,,,,,,7.526555540388169,12.305974109639317,19.81994332383723,0,66.92427373768595,62.83222128832561,,,,,1.6435934292878098,13.896560123123379,12.25296669383557,0.7027471178972569,66.92427373768595,,,,,,,,,,,,0
2021-02-16,216.24,218.78,209.09,209.86,191.405,220.0720043778559,162.7379956221441,72.2692971025234,75.38881726134213,0,0,,,,,,,,4.545794206291864,9.641858885609045,16.847468007906397,0,64.72186209034754,62.78160923716791,,,,,1.1979939692013133,13.75045915533721,12.552465186135898,0.7718701521134449,64.72186209034754,,,,,,,,,,,,0
2021-02-17,207.05,208.765,196.02,201.96,192.81849999999997,220.6271779800843,165.00982201991565,63.59307386750908,70.74602663265931,0,0,,,,,,,,-0.519176017417533,4.740986990356233,11.153102446219476,0,58.8764013049454,62.12117424772119,,,,,0.23730206365157258,12.849092765700362,12.61179070204879,0.8613855319921457,58.8764013049454,,,,,,,,,,,,0
2021-02-18,199.01,200.36,192.17,198.04,194.629,218.57907966583807,170.67892033416192,57.41671280759759,64.42636125921,0,0,,,,,,,,-3.038492797900594,1.7525651367473527,8.010035268879733,0,56.16569453504783,61.85260795456255,,,,,-0.7424253079686274,11.683759067088005,12.426184375056632,0.7817112301443786,56.16569453504783,,,,,,,,,,,,0
2021-02-19,203.95,205.55,200.18,201.07,195.6625,218.8387429008677,172.4862570991323,56.83007484631686,59.27995384047449,0,0,,,,,,,,-1.8083438734598944,2.7636874720500915,8.512475489755156,0,57.78363796938772,61.844021185878255,,,,,-1.237499912213659,10.879309484789559,12.116809397003218,0.6904087210396296,57.78363796938772,,,,,,,,,,,,0
2021-02-22,200.7,205,193.5,195.34,196.33599999999998,218.6361797302184,174.03582026978157,48.70988191838118,54.31888985743186,0,0,,,,,,,,-4.607961870531707,-0.5072936191019339,4.590958009769808,0,53.74371084547942,61.67119015998487,,,,,-1.9590731447481016,9.66796796606809,11.627041110816192,0.47793417211721817,53.74371084547942,,,,,,,,,,,,0
2021-02-23,189,191.67,175,187.59,196.839,217.8354605588656,175.8425394411344,35.09810293566051,46.87935323345284,0,0,,,,,,,,-7.814557820454871,-4.698763964458264,-0.23205969376629554,0,48.77651606021363,61.19460176910639,,,,,-2.9092318252290728,7.9905013292798515,10.899733154508924,0.0552918746102762,48.77651606021363,,,,,,,,,,,,0
2021-02-24,190.98,208.145,189,200.2,197.212,218.16894977805734,176.25505022194264,42.180897391804116,41.9962940819486,0,0,,,,,,,,-1.6332226174800235,1.5151207837251324,5.5005744037267545,0,55.915940312351445,61.01793131248484,,,,,-2.6468961848189014,7.591112923485298,10.2380091083042,-0.205383373184852,55.915940312351445,,,,,,,,,,,,0
2021-02-25,197.41,199.8,180,182.06,196.2525,218.11952345999563,174.38547654000436,30.555129206350678,35.94470984460509,0,0,,,,,,,,-9.225982728705063,-7.2317550094903265,-4.415728056113622,0,45.986376956017786,59.838938153443685,,,,,-3.5947050123279283,5.744627842894289,9.339332855222217,-0.508689977852134,45.986376956017786,45.986376956017786,,45.986376956017786,,,,,,,,,0
2021-02-26,194.18,214.1,185.75,206.35,197.20149999999998,219.09159938305456,175.3114006169454,43.28344452108124,38.67315703974534,0,0,,,,,,,,3.425807583389706,4.639163495206677,7.651882973247437,0,56.998136315739174,59.469422394991504,,,,,-2.535346707375954,6.170149471002276,8.70549617837823,-0.5241398326114297,56.998136315739174,,,,,,,,,,,,0
2021-03-01,195.82,199.69,192.62,196.42,197.841,218.8368480657478,176.84515193425221,39.74175040642322,37.86010804461838,0,0,,,,,,,,-0.7423353496151974,-0.7182535470403151,2.188540510543824,0,52.30361290548558,58.616969052206464,,,,,-2.4515301297852297,5.6410835161466935,8.092613645931923,-0.6025626316064197,52.30361290548558,,,,,,,,,,,,0
2021-03-02,195.63,200,188.5,189.9,198.314,218.11257712059043,178.51542287940956,34.27821610473253,39.10113701074565,0,0,,,,,,,,-3.059323201952069,-4.242766521778584,-1.55572029175588,0,49.42514221507212,57.58772716310701,,,,,-2.760352244340723,4.6421733405060195,7.402525584846742,-0.7311249817337317,49.42514221507212,,,,,,,,,,,,0
2021-03-03,186.97,188.48,178.8001,180.4,198.37550000000002,217.9421108204755,178.80888917952453,28.007032689195732,34.00899973345049,0,0,,,,,,,,-6.884074802438356,-9.061350822052127,-6.588835536285709,0,45.49628078957449,55.95099438348763,,,,,-3.482968955958529,3.048814389898581,6.53178334585711,-0.7606205566813011,45.49628078957449,,,,,,,,,,,,0
2021-03-04,178.64,183.8999,170.87,180.23,198.101,218.50615513295597,177.69584486704403,22.8176056543285,28.367618149418917,0,0,,,,,,,,-6.108691575152636,-9.021155875033449,-6.972302800689601,0,45.426691901945716,54.18173413852097,,,,,-3.823706148189367,1.7521506606204014,5.575856808809768,-0.7531048100536929,45.426691901945716,,,,,,,,,,,,0
2021-03-05,182.52,183.5,161.9,179.81,197.30149999999998,219.20279610320006,175.4002038967999,22.23909204341484,24.354576795646356,0,0,,,,,,,,-5.2784069957330315,-8.865365950081461,-7.17966807478213,0,45.24257385677296,52.63304128988433,,,,,-3.914466065432368,0.6827742270193085,4.597240292451676,-0.7418011489964643,45.24257385677296,45.24257385677296,,45.24257385677296,,,,,,,,,0
2021-03-08,179.9924,186.4,177.0301,180.81,196.57649999999998,219.62351653143025,173.5294834685697,23.665246952921418,22.907314883554914,0,0,,,,,,,,-4.0169447437850785,-8.020541621200895,-6.646427409736533,0,45.805787987879306,51.281893139708025,,,,,-3.7442443421427614,-0.08306513522677506,3.6611792069159863,-0.7150108685263162,45.805787987879306,,,,,,,,,,,,0
2021-03-09,184.99,189.46,180.72,183.11,195.71049999999997,219.405743805457,172.01525619454293,31.453522618607195,25.785953871647816,0,0,,,,,,,,-2.5642662920571047,-6.4383362159924795,-5.549623714982809,0,47.15217572782338,50.444448455627885,,,,,-3.3278708334333467,-0.4986593348756969,2.8292114985576498,-0.6869646577013183,47.15217572782338,,,,,,,,,,,,0
2021-03-10,184.57,191,181.55,183.79,194.906,219.06833465540933,170.74366534459068,33.44762026811467,29.52212994654776,0,0,,,,,,,,-1.3409344670617607,-5.703262085312932,-5.052762815302603,0,47.566927556379206,49.830250814294416,,,,,-2.8748408663226046,-0.7643395843456062,2.1105012819769984,-0.6613883786807606,47.566927556379206,,,,,,,,,,,,0
2021-03-11,189.9,201,188.5,197.87,194.2165,217.18461988387344,171.24838011612655,43.43254428297146,36.11122905656444,0,0,,,,,,,,5.323390234684799,1.8811481001871577,2.2805983727734125,0,55.37613264522383,49.658286148282706,,,,,-1.5608748817004803,0.15940767985139814,1.7202825615518784,-0.3768636162801695,55.37613264522383,,,,,,,,,,,,0
2021-03-12,196.27,208.7,192.2,206.74,193.71149999999997,215.0543557367573,172.36864426324266,54.36494923246624,43.748371261184126,0,0,,,,,,,,10.021925623177296,6.725723563133856,6.51009512099201,0,59.471284490534536,50.067398551500936,,,,,-0.10510362744635882,1.58890302724393,1.6940066546902888,-0.029863308034760172,59.471284490534536,,,,,,,,,,,,0
2021-03-15,209.5384,213.7399,203.8101,209.99,193.577,214.46915747595216,172.68484252404784,62.369376657799066,53.38895672441225,0,0,,,,,,,,10.950254933558767,8.478796551243173,7.6969366455422294,0,60.88760529709023,50.93247635413498,,,,,1.0048187696644921,2.950030116770904,1.9452113471064119,0.1635886982626394,60.88760529709023,,,,,60.88760529709023,,60.88760529709023,,,,,0
2021-03-16,209.11,215.49,198.18,200.01,193.0845,212.85218825634362,173.31681174365636,67.13233534695172,61.288887079072346,0,0,,,,,,,,5.115726628686734,3.586771594819882,2.236481605168783,0,54.58000414910618,50.8370523424746,,,,,0.9931879596696689,3.1866962966934977,2.193508337023829,0.3657340340033743,54.58000414910618,,,,,,,,,,,,0
2021-03-17,195.63,203.46,194.44,201.36,193.0545,212.76997054979964,173.33902945020034,68.93157905735686,66.14443035403589,0,0,,,,,,,,4.672197617116836,4.302153018966148,2.5388586084739373,0,55.25525521099132,51.499115074972714,,,,,0.9999894886290464,3.4434951978101367,2.4435057091810903,0.36148244603687385,55.25525521099132,,,,,,,,,,,,0
2021-03-18,196.8,199.8999,190.68,191.45,192.725,212.31605254956983,173.13394745043016,56.70535799878333,64.25642413436397,0,0,,,,,,,,-1.0563635048115416,-0.6615644052406333,-2.602357825048862,0,49.44416279019241,50.95954553743366,,,,,0.2971214302555656,2.814907497000547,2.5177860667449816,0.5523747682949663,49.44416279019241,,,,,,,,,,,,0
2021-03-19,193.01,196.49,187.81,194.39,192.391,211.62611777972842,173.15588222027156,53.927720180278065,59.85488574547276,0,0,,,,,,,,-0.28827608847308284,1.0390298922506647,-1.0830202440824332,0,51.0876307902719,50.872689672061256,,,,,0.005671508396716707,2.5248754522408774,2.5192039438441607,0.6516413261287044,51.0876307902719,,,,,,,,,,,,0
2021-03-22,196.85,203.3,194.71,195,192.374,211.59926088249532,173.14873911750468,53.50117271324023,54.71141696410055,0,0,,,,,,,,-0.6981682631345798,1.3650493309906864,-0.7673987827467643,0,51.44035287745234,51.0166332908027,,,,,-0.1613392926965611,2.317529827973459,2.47886912067002,0.6704821248169026,51.44035287745234,,,,,,,,,,,,0
2021-03-23,195.5,196.7496,185.7401,187.14,192.3515,211.60014283527616,173.10285716472382,46.47809358107252,51.302328824863615,0,0,,,,,,,,-4.895972028824969,-2.7093628071525266,-4.552061816234431,0,46.76110437539174,51.10697783264679,,,,,-0.7817669691667968,1.5016604092115244,2.283427378378321,0.4875192615706078,46.76110437539174,,,,,,,,,,,,0
2021-03-24,189,189.78,178.51,178.85,191.284,211.03470469628925,171.53329530371073,39.647273925951026,46.542180073421264,0,0,,,,,,,,-8.880171184022846,-6.500282302754023,-8.452939129010485,0,42.38213718148548,50.88950963832821,,,,,-1.679523505353678,0.1840229966862239,1.8635465020399018,0.16201337113139638,42.38213718148548,,,,,,,,,,,,0
2021-03-25,173.1,179.54,170.5,176.16,190.98899999999998,211.4456095920131,170.53239040798684,34.93280209958126,40.35272320220161,0,0,,,,,,,,-9.246866451323744,-7.764321505427008,-9.280360901016582,0,41.03916241283618,50.58926596376129,,,,,-2.3428356257785534,-1.0649980301832898,1.2778375955952637,-0.1849548614727417,41.03916241283618,,,,,,,,,,,,0
2021-03-26,178.4161,181,168,174.4,189.39149999999998,209.7903178824172,168.99268211758275,24.892963420727106,33.157679815419804,0,0,,,,,,,,-8.63130320890636,-7.915613953107703,-9.527613790813739,0,40.14289266876595,50.18477344096748,,,,,-2.7597403872744324,-2.1718378884977767,0.5879024987766556,-0.4968573573414937,40.14289266876595,40.14289266876595,,40.14289266876595,,,,,,,,,0
2021-03-29,175.36,185.46,173.5,182.5,188.69549999999998,209.03739516736434,168.35360483263563,27.50740897148328,29.11105816393056,0,0,,,,,,,,-2.990548887447797,-3.283332140936046,-4.828952857738866,0,45.98915445099898,50.10170049262289,,,,,-2.364814781574522,-2.368115978191497,-0.003301196616975033,-0.6921315571516322,45.98915445099898,,,,,,,,,,,,0
2021-03-30,182.35,185.23,178.38,183.1,188.35549999999998,208.8323664350776,167.87863356492235,31.684417760888927,28.02826338436645,0,0,,,,,,,,-1.7888272051921783,-2.7902025690781485,-4.069828363057204,0,46.40671916521946,50.0188284646829,,,,,-1.954994869710912,-2.447044783755615,-0.49204991404470305,-0.8704345627221806,46.40671916521946,,,,,,,,,,,,0
2021-03-31,185.43,192.275,185.1301,187.94,188.7325,208.88467295975877,168.5803270402412,36.6884096531483,31.960078795173516,0,0,,,,,,,,1.538145688923942,-0.4199064813956155,-1.2923624217002327,0,49.77960567808212,49.61907653845849,,,,,-1.2822802089199596,-2.0949001751946525,-0.8126199662746929,-0.8366399399861859,49.77960567808212,,,,,,,,,,,,0
2021-04-01,192.5,193.99,185.37,188.24,189.13299999999998,208.9081987094956,169.35780129050437,40.39774932383739,36.256858912624885,0,0,,,,,,,,1.8769077565864878,-0.4721545156054052,-0.9648873596599494,0,49.9896986056935,48.94182040382699,,,,,-0.7668626445034099,-1.7711982719039554,-1.0043356274005455,-0.7290300172456281,49.9896986056935,,,,,,,,,,,,0
2021-04-05,191.66,192.1,185.81,186.69,189.47699999999998,208.82629259688918,170.12770740311078,40.71226458942741,39.266141188804376,0,0,,,,,,,,1.4608536863729427,-1.4708909260754521,-1.5320402824271162,0,48.85255906823316,48.08217424462291,,,,,-0.49336973613250557,-1.6210477975661775,-1.1276780614336719,-0.5911067454612992,48.85255906823316,,,,,,,,,,,,0
2021-04-06,188.7,194.48,187.52,190.03,189.938,208.87428326784354,171.00171673215644,44.157374233733854,41.755796048999564,0,0,,,,,,,,3.5557614233944435,0.04843685834325928,0.32327150054638487,0,51.417136422340974,47.85625512128253,,,,,-0.07265459999853041,-1.218496311431835,-1.1458417114333046,-0.38583463083636105,51.417136422340974,,,,,51.417136422340974,,51.417136422340974,,,,,0
2021-04-07,189.38,190.62,179.47,179.94,189.77949999999998,208.99277715409377,170.5662228459062,37.391912769714345,40.75385053095855,0,0,,,,,,,,-1.5564734524167845,-5.184701192699947,-4.8755215969324635,0,44.20601735976436,47.06702384619489,,,,,-0.4386236368474452,-1.6941212574926112,-1.255497620645166,-0.27072880819654765,44.20601735976436,,,,,,,,,,,,0
2021-04-08,181.6479,183.9,179.3,180.18,189.599,209.099639886938,170.09836011306197,37.665552756194316,39.73827991988085,0,0,,,,,,,,-1.496845581080064,-4.967853205976813,-4.411426631251702,0,44.40574100561427,46.707136575867885,,,,,-0.6182501918408942,-2.0283103604462838,-1.4100601686053895,-0.24289304922473653,44.40574100561427,,,,,,,,,,,,0
2021-04-09,179.62,182.46,177.25,179.5,188.6805,208.26662925005886,169.09437074994113,35.68318914268957,36.91355155619942,0,0,,,,,,,,-2.0474537794949232,-4.8656326435429165,-4.72904835199831,0,43.92595706249536,46.195588452455276,,,,,-0.7289677018954488,-2.3212697959747004,-1.5923020940792516,-0.1385758799687842,43.92595706249536,,,,,,,,,,,,0
2021-04-12,179.68,181.49,176.25,176.49,187.168,205.57882246940636,168.75717753059365,30.869802265979253,34.739514721621056,0,0,,,,,,,,-3.799717651162937,-5.705035048726281,-5.829141796088544,0,41.77437075923999,45.50516115829724,,,,,-0.9377240545908134,-2.7644571623177683,-1.8267331077269549,-0.013825438559940798,41.77437075923999,41.77437075923999,,41.77437075923999,,,,,,,,,0
2021-04-13,175.265,178.61,172.14,177.95,185.56599999999997,201.10686020785326,170.0251397921467,30.19132472303886,32.2481053772359,0,0,,,,,,,,-2.7627509480563694,-4.104200122867329,-4.737177393883285,0,43.22698579218509,45.25272411663963,,,,,-0.9095836814961875,-2.963712709597189,-2.0541290281010016,0.019418228023721017,43.22698579218509,,,,,,,,,,,,0
2021-04-14,179.5,181.4665,175.31,176.43,184.387,198.91027938173752,169.86372061826248,32.579419771848734,31.213515586955623,0,0,,,,,,,,-3.2406671090660866,-4.315380151529114,-5.323316340220019,0,42.050773409698394,45.229055275797684,,,,,-0.9225397079626307,-3.20730366305429,-2.2847639550916594,-0.17441519916443973,42.050773409698394,,,,,,,,,,,,0
2021-04-15,177,178.24,174.25,175.35,183.0865,195.8488419089112,170.3241580910888,30.688177431262524,31.15297397538338,0,0,,,,,,,,-3.1643472498343317,-4.2255982827789085,-5.817794448074931,0,41.193103530807505,45.240051069938495,,,,,-0.9303925585034132,-3.447754653220926,-2.517362094717513,-0.45074576078366585,41.193103530807505,41.193103530807505,,41.193103530807505,,,,,,,,,0
2021-04-16,176.0119,179.51,172.94,178.69,182.4485,194.74180756956753,170.15519243043246,35.200368224135104,32.822655142415464,0,0,,,,,,,,-0.7966689798750926,-2.0600333792823666,-3.997378181238609,0,44.93368872289346,45.582250788090455,,,,,-0.6504405509234057,-3.33041278337177,-2.6799722324483644,-0.7428634001220881,44.93368872289346,,,,,44.93368872289346,,44.93368872289346,,,,,0
2021-04-19,177.32,178.72,171.5,174.58,181.45800000000003,192.90631096712323,170.00968903287682,24.52454167747571,30.137695777624455,0,0,,,,,,,,-2.422392881496138,-3.7904087998324787,-6.117576200821706,0,41.44054253590715,45.25734993701247,,,,,-0.6787326906714721,-3.5283880957877045,-2.8496554051162324,-0.8337182543310571,41.44054253590715,,,,,,,,,,,,0
2021-04-20,173.1838,175,165.52,169.57,180.18650000000002,190.96540212405435,169.4075978759457,19.344435469978055,26.356448457196297,0,0,,,,,,,,-4.1262410385146,-5.891950839824311,-8.62766370180912,0,37.60304354997707,44.62851596449516,,,,,-0.9546320979075107,-4.0429455275006205,-3.08831342959311,-0.9065391579319362,37.60304354997707,,,,,,,,,,,,0
2021-04-21,168.09,170.32,164.12,167.07,179.183,190.88321213482865,167.48278786517133,16.98945450656656,20.28614388467345,0,0,,,,,,,,-4.8473354178413475,-6.76012791392041,-9.714666570594833,0,35.82049490944854,43.63143662387848,,,,,-1.2089057047899168,-4.599445560580506,-3.390539855790589,-0.9134433073763173,35.82049490944854,35.82049490944854,,35.82049490944854,,,,,,,,,0
2021-04-22,168.49,176.92,168.43,170.71,178.776,191.04663714727002,166.50536285273,20.637295771362204,18.99039524930228,1,0,,,,,,,,-2.2469851231718962,-4.511791291896006,-7.5297202039607996,0,40.2609050779385,42.93652280046741,,,,,-1.0416994398539403,-4.692664155608014,-3.650964715754074,-0.8984518377656019,40.2609050779385,,,,,,,,,,,,0
2021-04-23,172.9192,178.25,172,174.25,178.6805,191.0603343688436,166.3006656311564,26.032693185777767,21.219814487902184,0,0,,,,,,,,0.08098375155791704,-2.479565481403956,-5.207898888425511,0,44.297264312651166,42.61114460364013,,,,,-0.6230905080315985,-4.429827850793572,-3.8067373427619735,-0.8279818611878174,44.297264312651166,,,,,,,,,,,,0
2021-04-26,175.21,176.0305,171.07,174.88,178.7045,191.05286908259478,166.3561309174052,31.14787524899915,25.93928806871305,0,0,,,,,,,,0.5357923057465186,-2.140125178716823,-4.3123636655456155,0,45.00936576621226,42.15344669963093,,,,,-0.25314067941183405,-4.123163192026766,-3.870022512614932,-0.7368247198631959,45.00936576621226,,,,,,,,,,,,0
2021-04-27,176.1653,179.61,174.8,177.94,178.47650000000002,190.70392863401634,166.2490713659837,42.038994811460114,33.073187748745674,0,0,,,,,,,,2.2955267983925998,-0.3005997988530851,-2.065572146422834,0,48.45610287034633,42.45702423610107,,,,,0.22257106656507641,-3.5918086794085866,-3.814379745973663,-0.5225895135637397,48.45610287034633,,,,,,,,,,,,0
2021-04-28,174.4371,181.67,173.351,180,178.32150000000001,190.38809732484523,166.2549026751548,50.02146881207405,41.06944629084443,0,0,,,,,,,,3.26785386451256,0.9412774118656486,-0.5667694143382973,0,50.696513080558404,42.90636509859708,,,,,0.6753097892922333,-2.9702425093583713,-3.6455522986506046,-0.20015409420840358,50.696513080558404,,,,,50.696513080558404,,50.696513080558404,,,,,0
2021-04-29,182.75,183.22,173.35,177.68,177.80850000000004,189.0392297625719,166.57777023742818,58.57121735834302,50.21056032729239,0,0,,,,,,,,1.8007643078544744,-0.07226876105475011,-1.4185052985889124,0,48.157751369774545,43.208636120545584,,,,,0.8088556190149956,-2.6344827748818602,-3.443338393896856,0.029767541669005432,48.157751369774545,,,,,,,,,,,,0
2021-04-30,173.0035,176.45,172.01,172.71,177.032,187.38348221270658,166.68051778729344,49.20921330665254,52.6006331590232,0,0,,,,,,,,-0.7065695444954945,-2.441366532604272,-3.842727657394851,0,43.17026571832191,43.30834290333716,,,,,0.5643764794411741,-2.737867794595388,-3.3022442740365623,0.0034671472983181877,43.17026571832191,,,,,,,,,,,,0
2021-05-03,173.19,173.44,167.8,168.11,176.103,186.15118610496302,166.054813895037,41.13061286048886,49.63701450849481,0,0,,,,,,,,-2.990328462941183,-4.538821030873974,-5.945081013338127,0,39.13083047388215,43.015760380601236,,,,,0.11810082060631677,-3.154618248278666,-3.272719068884983,-0.09031583059329777,39.13083047388215,,,,,,,,,,,,0
2021-05-04,167.0154,169.04,161.96,168.9,175.0465,183.2979029716156,166.79509702838442,34.55737095341368,41.63239904018502,0,0,,,,,,,,-2.4967527781786902,-3.511352697711756,-5.0408734665422505,0,40.16629627135112,42.88115487071929,,,,,-0.08755444726373174,-3.382162127964648,-3.294607680700916,-0.16072309296235418,40.16629627135112,,,,,,,,,,,,0
2021-05-05,169.3,170.18,162.12,162.33,174.166,183.7856224458135,164.5463775541865,26.328874850599497,34.005619554834006,0,0,,,,,,,,-6.03238186754348,-6.795815486375057,-8.308338840594477,0,34.855786309612014,42.42848935491961,,,,,-0.601111178099976,-4.045996653325886,-3.4448854752259104,-0.34785081855871736,34.855786309612014,,,,,,,,,,,,0
2021-05-06,161.91,162.105,150.7,153.64,172.839,185.58745543585505,160.09054456414495,19.902669385835353,26.929638396616173,0,0,,,,,,,,-10.175159608054097,-11.108025387788645,-12.802972402364032,0,29.331803721949868,41.314068997709356,,,,,-1.4146564817643985,-5.213206077431408,-3.79854959566701,-0.4663809986093794,29.331803721949868,,,,,,,,,,,,0
2021-05-07,156.5,157.0543,148.78,151.21,171.4245,186.89087704829436,155.95812295170563,16.432440383727602,20.887994873387477,0,0,,,,,,,,-10.388763778594301,-11.792071728370212,-13.775111623053405,0,27.995700721563765,40.35372315382769,,,,,-1.970858558219006,-6.262122793440767,-4.291264235221761,-0.5908350393726944,27.995700721563765,,,,,,,,,,,,0
2021-05-10,150.2839,150.5,144.52,146.73,169.9365,188.56937554297483,151.30362445702517,13.051209826403298,16.46210653198874,0,0,,,,,,,,-11.56847973481996,-13.65598326433698,-15.88736829634616,0,25.673779897535837,39.50163289293903,,,,,-2.462940079005545,-7.369939333978692,-4.906999254973147,-0.7361488590551138,25.673779897535837,,,,,,,,,,,,0
2021-05-11,139.1,144.35,136.01,142.73,168.1755,189.85440815977537,146.49659184022462,12.162754081062296,13.882134763731054,0,0,,,,,,,,-12.114233639565553,-15.130325166269765,-17.55382135987389,0,23.777554695347746,38.64142287764611,,,,,-2.8527903340010736,-8.47298717247449,-5.620196838473416,-0.8665523627936595,23.777554695347746,,,,,,,,,,,,0
2021-05-12,140.9,144.77,138.75,140.25,166.3665,190.84556229821666,141.88743770178334,10.543530946422162,11.91916495129591,0,0,,,,,,,,-11.474540645967613,-15.698172408507727,-18.312391277336037,0,22.660079473230383,37.38422104873838,,,,,-3.0546224823494432,-9.43847494141022,-6.383852459060777,-0.935167517883015,22.660079473230383,,,,,,,,,,,,0
2021-05-13,142.25,142.3286,131.28,135.75,164.38649999999998,191.86151139217247,136.9114886078275,8.370529499856108,10.35893817578018,0,0,,,,,,,,-11.985528670349343,-17.420226113458213,-20.12403575148135,0,20.754092302234866,35.70256590513722,,,,,-3.2499777276269803,-10.446324618594502,-7.196346890967522,-0.9680924554746051,20.754092302234866,20.754092302234866,,20.754092302234866,,,,,,,,,0
2021-05-14,137.68,142.25,131.67,141.2,162.512,190.92724210700987,134.09675789299013,14.246444058076484,11.053501501451576,1,0,,,,,,,,-6.5426746533408515,-13.114108496603338,-16.143553684160572,0,28.588324496109365,34.529634385844155,,,,,-2.788639419141586,-10.682146164894505,-7.893506745752918,-0.978403872911744,28.588324496109365,,,,,,,,,,,,0
2021-05-17,137.1562,137.79,130.2532,132.5,160.40799999999996,191.0794105316337,129.73658946836622,9.620102005514209,10.745691854482258,0,0,,,,,,,,-10.184105637048901,-17.39813475637123,-20.45704680527488,0,24.43546174111978,32.81387430518512,,,,,-2.8365464995820258,-11.43918987023045,-8.602643370648424,-0.9828766211011271,24.43546174111978,,,,,,,,,,,,0
2021-05-18,134,138.4,131.49,135.02,158.68049999999997,190.94379274888118,126.41720725111875,12.449344454865304,12.105296839485325,1,0,,,,,,,,-6.324582338902152,-14.910779837472132,-18.042041239992024,0,27.71110381348487,31.172059357537005,,,,,-2.4786281044780925,-11.70092850124604,-9.222300396767947,-0.9725147387858768,27.71110381348487,,,,,,,,,,,,0
2021-05-19,129.95,138.38,129.71,138.19,157.23649999999998,190.4400373266161,124.03296267338385,19.418473590268132,13.829306683549206,0,0,,,,,,,,-2.4922030453987665,-12.113281585382518,-15.403200463622424,0,31.7207892647302,29.997990635748124,,,,,-1.8379780608458436,-11.519772972825251,-9.681794911979408,-0.9437941562828639,31.7207892647302,,,,,31.7207892647302,,31.7207892647302,,,,,0
2021-05-20,138.8386,138.89,135.65,136.2,155.51099999999997,189.31581202432602,121.70618797567391,21.152017001097978,17.673278348743796,0,0,,,,,,,,-2.6989955564446166,-12.417771090147955,-15.866374553181739,0,30.574290485981862,29.098278119152408,,,,,-1.3788112527632403,-11.405308977933458,-10.026497725170218,-0.9149158667876373,30.574290485981862,,,,,,,,,,,,0
2021-05-21,136.55,137.17,132.88,134.71,153.53399999999993,187.34875263845726,119.71924736154261,22.703479871257823,21.091323487541302,0,0,,,,,,,,-2.6155225261697224,-12.260476506832319,-16.012195096606906,0,29.708470163171924,28.425252382673104,,,,,-1.022413481966769,-11.30451457762868,-10.282101095661911,-0.884168646943957,29.708470163171924,,,,,,,,,,,,0
2021-05-24,135.5,137.98,134.39,135.91,151.58549999999997,184.7403129085357,118.43068709146424,27.53351528835215,23.79633738690264,0,0,,,,,,,,-0.9734345627559815,-10.34102866039296,-14.54333195701707,0,31.39353301386059,27.798626435709497,,,,,-0.5751125100307739,-11.00099173320038,-10.425879223169606,-0.8517623236568459,31.39353301386059,,,,,,,,,,,,0
2021-05-25,137.4,137.85,133.56,133.99,149.38799999999995,181.05713298465918,117.7188670153407,26.983096899669953,25.740030686426632,0,0,,,,,,,,-1.7466928695040518,-10.307387474228147,-14.96711604893357,0,30.148217456000324,27.462371517594374,,,,,-0.29208374215436095,-10.790983900862557,-10.498900158708196,-0.8363637668037467,30.148217456000324,,,,,,,,,,,,0
2021-05-26,134.94,135.76,133.7208,134.75,147.12549999999993,176.0718928495428,118.17910715045706,29.113721981312104,27.876778056444724,0,0,,,,,,,,-0.7892683070489737,-8.41152621401452,-13.724109229439495,0,31.309749951563873,27.60365339113823,,,,,0.044842611966203094,-10.442846893750442,-10.487689505716645,-0.7859391347674278,31.309749951563873,,,,,,,,,,,,0
2021-05-27,135.07,143.82,134.5,143.17,145.39999999999995,170.7455708162201,120.05442918377979,41.73783285707472,32.61155057935225,0,0,,,,,,,,4.837292405026172,-1.5337001375515524,-7.699151367718526,0,42.68159974040012,28.652646178197966,,,,,0.8866297922073265,-9.379402265457486,-10.266032057664813,-0.4536062263524578,42.68159974040012,,,,,,,,,,,,0
2021-05-28,144.76,145,140.25,140.4,143.78449999999992,165.87049961514242,121.69850038485743,45.515153784209566,38.78890287419879,0,0,,,,,,,,2.869200785439996,-2.3538698538437153,-8.733976442445258,0,40.31690254162298,29.69858350991848,,,,,1.2845856157428521,-8.660300037986246,-9.944885653729099,-0.1155782780162269,40.31690254162298,,,,,,,,,,,,0
2021-06-01,143.89,146.0889,141.59,144.31,142.59449999999993,161.66899131694143,123.52000868305842,58.800401759277904,48.68446280018739,0,0,,,,,,,,4.826934950786299,1.20306182917298,-5.572968127359756,0,44.95297654999343,31.211113642393173,,,,,1.806869205315726,-7.686299147084441,-9.493168352400167,0.3108815381879023,44.95297654999343,,,,,,,,,,,,0
2021-06-02,145.35,152.7,144.4,151,141.69949999999992,157.0737231998908,126.32527680010904,66.81846539172825,57.044673645071896,0,0,,,,,,,,8.427938504843313,6.563537627161775,-0.7936507936508463,0,51.84538442429506,33.295778281754934,,,,,2.552994946215737,-6.301924669630495,-8.854919615846232,0.6085219636195757,51.84538442429506,,,,,51.84538442429506,,51.84538442429506,,,,,0
2021-06-03,149.55,151.12,143.8,144.19,140.79249999999993,153.00696499033128,128.57803500966858,64.15638207476147,63.2584164085892,0,0,,,,,,,,3.0937417329815364,2.413125699167251,-4.790727567263053,0,45.587993540783756,35.06962837022271,,,,,2.5329502133335176,-5.688731849179334,-8.221682062512851,0.6533909915938675,45.587993540783756,,,,,,,,,,,,0
2021-06-04,145.83,151.57,145,150.73,140.64699999999993,152.30236803365824,128.99163196634163,71.13630974018913,67.37038573555961,0,0,,,,,,,,6.6616660533838745,7.169011781268031,-0.03271889604681277,0,51.62620929702246,36.71519157028793,,,,,2.87992815475977,-4.621771869063139,-7.501700023822909,0.8417970853274582,51.62620929702246,,,,,,,,,,,,0
2021-06-07,150.96,150.96,146.4,148.97,140.5349999999999,151.81934756643358,129.25065243356624,72.23905296657966,69.17724826051008,0,0,,,,,,,,4.363116672037637,6.002063542889746,-0.6447166581446062,0,50.01757931655164,38.54248568281878,,,,,2.902509092487483,-3.8735636582135555,-6.776072750701038,0.8485890132274743,50.01757931655164,,,,,,,,,,,,0
2021-06-08,150.6,150.75,145.8,147.01,140.54899999999992,151.8647074900362,129.23329250996363,69.33766517638175,70.90434262771684,0,0,,,,,,,,2.195311848288495,4.596973297568874,-1.340646901837328,0,48.215792851085546,40.00710632836168,,,,,2.701201604739815,-3.3995707447762697,-6.100772349516085,0.8435493107951785,48.215792851085546,,,,,,,,,,,,0
2021-06-09,148.57,149.36,144.46,144.85,140.65499999999992,152.08953803177258,129.22046196822726,66.6842853002988,69.42033448108673,0,0,,,,,,,,-0.060715616332540634,2.9824748498098685,-2.0652943112005273,0,46.2389551030615,41.04411817395678,,,,,2.3511979428787244,-3.1617749209176793,-5.512972863796404,0.8314199366882754,46.2389551030615,,,,,,,,,,,,0
2021-06-10,142.15,147.45,141.04,146.12,140.94849999999994,152.62516609097122,129.27183390902866,64.49562142099263,66.83919063255772,0,0,,,,,,,,0.03080609276053803,3.669070617991732,-0.44648737526293836,0,47.599313502984145,42.260191246599796,,,,,2.1398779012996423,-2.838125487171851,-4.978003388471493,0.7969210519298536,47.599313502984145,,,,,,,,,,,,0
2021-06-11,145.87,148.95,145.2001,148.44,141.5829999999999,153.43853895864993,129.7274610413499,66.82865054048146,66.00285242059095,0,0,,,,,,,,1.2537346011650463,4.843095569383382,1.8102340638587844,0,50.08412407093378,43.71559509715422,,,,,2.088691144353186,-2.3671394580300102,-4.455830602383196,0.7614121724453167,50.08412407093378,,,,,,,,,,,,0
2021-06-14,149.25,149.6,146.85,149.21,141.9834999999999,154.29272787993105,129.67427212006876,68.65988549601104,66.66138581916171,0,0,,,,,,,,1.1709824183125717,5.089675913046299,2.8911486442999346,0,50.91604731970569,45.11006040471459,,,,,2.036878193764319,-1.9097328601777974,-3.9466110539421164,0.723198424264381,50.91604731970569,,,,,,,,,,,,0
2021-06-15,149.2,153.74,148.84,151.78,142.94749999999993,155.1543355850333,130.74066441496657,76.03613629684746,70.50822411111331,0,0,,,,,,,,2.394926802941333,6.178841882509367,5.0576924408020085,0,53.69028553212318,46.79163669586621,,,,,2.0976182150686062,-1.3245882851063584,-3.4222065001749646,0.6907480339042953,53.69028553212318,,,,,53.69028553212318,,53.69028553212318,,-7.670667921508662,0,0,0
2021-06-16,150.95,152.35,146.92,149.15,143.6539999999999,155.5760558629819,131.73194413701793,74.29684078547076,72.99762085944307,0,0,,,,,,,,0.7463946772940488,3.8258593565094534,3.7098673292477624,0,50.54206933898958,48.16537379496805,,,,,1.8890874182886472,-1.0608472273141558,-2.949934645602803,0.5994840972357814,50.54206933898958,,,,,,,,,-7.935939575301046,0.2652716537923776,-0.1326358268961888,0
2021-06-17,148.99,152.29,148.6116,150.7,144.27949999999993,156.30150395109158,132.25749604890828,75.88098477659157,75.40465395296992,0,0,,,,,,,,1.3477161456931563,4.450043145422655,5.07087229043337,0,52.31665190169573,48.85359180648917,,,,,1.7851666407326041,-0.7184763446870477,-2.503642985419652,0.5795197624262343,52.31665190169573,,,,,,,,,-7.887223185364637,0.23059201032515259,-0.11529600516257629,0
2021-06-18,150.38,154.8,149.4,152.52,145.09549999999993,157.02825571693597,133.1627442830639,78.2137667458874,76.13053076931656,0,0,,,,,,,,2.4483627204029856,5.116974682192121,6.3674974254303685,0,54.38622448524541,49.85854337389077,,,,,1.7654231088281271,-0.2968640993844929,-2.06228720821262,0.5337078011541532,54.38622448524541,,,,,54.38622448524541,,54.38622448524541,,-7.974999927835533,0.23531200404560706,-0.11765600202280353,0
2021-06-21,152.52,152.61,145.83,149.7,145.8449999999999,156.9270674966397,134.76293250336013,68.44487023776124,74.17987392008006,0,0,,,,,,,,0.504874184279025,2.643217114059504,4.437488663265166,0,50.713408852983164,50.27000282410432,,,,,1.4993375157935447,-0.18811531347068922,-1.687452829264234,0.41759130320209364,50.713408852983164,,,,,,,,,-8.039213188378172,0.25146047442167563,-0.12573023721083781,0
2021-06-22,149.75,151.6468,148.4,149.68,146.53349999999992,156.73725867021923,136.3297413297806,66.86464542475359,71.17442746946739,0,0,,,,,,,,0.3116308682102442,2.147290551307446,4.351948465419264,0,50.68726469595027,50.187279986365404,,,,,1.268070302960043,-0.10236495056417994,-1.370435253524223,0.5846054680185252,50.68726469595027,,,,,,,,,-8.363776899897921,0.4139564826358684,-0.2069782413179342,0
2021-06-23,149.76,154.59,147.8,151.58,147.4129999999999,156.0529168977542,138.7730831022456,69.8328167210954,68.38077746120341,0,0,,,,,,,,1.1288428693424057,2.8267520503619803,5.459672818519468,0,53.157834301520204,50.72798289784658,,,,,1.1903897115453463,0.11755188590746002,-1.0728378256378863,0.5233020452050176,53.157834301520204,,,,,,,,,-8.570062098021813,0.5640945860095419,-0.28204729300477094,0
2021-06-24,152.67,153.6272,149.86,150.73,148.2119999999999,154.71005694035475,141.71394305964506,68.03676804067895,68.2447433955093,0,0,,,,,,,,0.25341039847284197,1.6989177664427313,4.6140392276619036,0,51.90498994599759,50.747895801344804,,,,,1.0348346694894157,0.22070551122388338,-0.8141291582655323,0.6897689872150587,51.90498994599759,,,,,,,,,-8.325728271772421,0.555515362145149,-0.2777576810725745,0
2021-06-25,151.23,153.17,149.28,149.67,148.5369999999999,154.6315093321868,142.442490667813,64.90591565176835,67.59183347118089,0,0,,,,,,,,-0.5329895262906614,0.762772911799825,3.5448922834252494,0,50.312497643140134,50.768961396101126,,,,,0.8228635758584935,0.21445031155758443,-0.608413264300909,0.6873317382234487,50.312497643140134,,,,,,,,,-8.274342983394112,0.5356127318349562,-0.2678063659174781,0
2021-06-28,148.615,150.93,147.08,149.94,149.0139999999999,153.84974771882287,144.17825228117692,62.81129320165357,65.25132563136695,0,0,,,,,,,,-0.40187319406163047,0.6214181217872872,3.5230327355745272,0,50.72718253137275,50.94834637326449,,,,,0.6696458893945663,0.22864409744229874,-0.44100179195226746,0.5987463280171045,50.72718253137275,,,,,,,,,-8.561207771617829,0.5741266172189893,-0.28706330860949464,0
2021-06-29,149.75,149.94,145.77,146.08,149.1024999999999,153.64664733476917,144.55835266523064,52.83783757754299,60.1850154769883,0,0,,,,,,,,-2.597099516586121,-2.0271289884474797,0.5437401059948499,0,44.95126263354514,50.85636833972762,,,,,0.29619241460061985,-0.07076127370149266,-0.3669536883021125,0.09309518443283221,44.95126263354514,44.95126263354514,,44.95126263354514,,,,,,-9.472668544016217,0.9322021374677991,-0.46610106873389956,0
2021-06-30,145.545,154.09,144.245,153.14,149.20949999999988,154.02028569468007,144.3987143053197,64.66893414336097,60.1060216408525,0,0,,,,,,,,1.8394137284370338,2.634215649807903,4.966619600531796,0,55.03567465397233,51.38753699336962,,,,,0.5004902690714017,0.25865914803713963,-0.24183112103426208,0.056596835306520786,55.03567465397233,,,,,55.03567465397233,,55.03567465397233,,-8.740041854610011,0.9280937573572055,-0.4640468786786027,0
2021-07-01,154.5,157.41,151.41,153.08,149.65399999999988,154.16070788937145,145.1472921106283,63.69243263033444,60.39973478374612,0,0,,,,,,,,1.6386476509175685,2.2892806072675187,4.569746180872536,0,54.943555230809224,51.734639219075014,,,,,0.6006793477607708,0.5090180636667014,-0.09166128409406937,0.11278054741487444,54.943555230809224,,,,,,,,,-8.075356249009943,0.9010107768666828,-0.4505053884333414,0
2021-07-02,153.31,154.95,149.56,150.23,149.62899999999988,154.11706372505247,145.14093627494728,60.568133676566205,62.97650015008719,0,0,,,,,,,,-0.10174022329655363,0.40166010599556046,2.296095548080368,0,50.6102094709334,51.71279365844841,,,,,0.45094263386324374,0.47201700823498527,0.02107437437174156,0.001394834692695647,50.6102094709334,,,,,,,,,-7.210533565999923,1.033607758241319,-0.5168038791206595,0
2021-07-06,150.08,152.8,147.8101,148.37,149.59899999999988,154.11223343071705,145.0857665692827,56.64449591214371,60.301687406348115,0,0,,,,,,,,-1.2512479201331472,-0.8215295556787683,0.7172919400822986,0,47.95213409170497,51.30292569841855,,,,,0.2145584187107329,0.2892723977601577,0.07471397904942478,-0.049266268693360385,47.95213409170497,,,,,,,,,-8.181635535076365,0.9987585328936475,-0.49937926644682373,0
2021-07-07,148.15,148.94,143.6,143.72,149.43449999999987,154.51711537007702,144.35188462992272,40.28167762331132,52.498102404007064,0,0,,,,,,,,-3.96514627073119,-3.8240834613157415,-2.611351166987863,0,42.01162901024022,50.69360853207932,,,,,-0.24228342451088247,-0.2281403015891783,0.014143122921704165,-0.40413284353691126,42.01162901024022,,,,,,,,,-10.0926990904945,1.3259333137169214,-0.6629666568584607,0
2021-07-08,140.43,143.73,139.53,142.53,149.3184999999999,154.8961384787955,143.74086152120427,32.573872022364455,43.166681852606494,0,0,,,,,,,,-4.1808684428130904,-4.5463221235144236,-3.6036746886096926,0,40.624607174844435,49.85846248016136,,,,,-0.5919941039727366,-0.7258495070442166,-0.13385540307148,-0.5634245368084534,40.624607174844435,40.624607174844435,,40.624607174844435,,,,,,-11.667279535884566,2.027864275763833,-1.0139321378819166,0
2021-07-09,143.3,150.26,143.3,149.64,149.49449999999987,154.8760182802018,144.11298171979794,42.07350221430438,38.30968395332671,0,0,,,,,,,,0.672766415500492,0.0973279953443873,0.8663922492045284,0,51.027880317608115,49.618580753901554,,,,,-0.3251887497809426,-0.5403413402976582,-0.21515259051671565,-0.43534397344281767,51.027880317608115,,,,,,,,,-11.392640091888948,2.3667054843416944,-1.1833527421708472,0
2021-07-12,148.99,150.42,146.01,146.69,149.40699999999987,154.90979601658464,143.9042039834151,41.074964976748696,38.57411307113917,0,0,,,,,,,,-1.1136427983983288,-1.8185225591838883,-1.2002263052967255,0,47.32301036878486,49.37640943360168,,,,,-0.3272139942031065,-0.6241700832705988,-0.29695608906749227,-0.49544304005575573,47.32301036878486,,,,,,,,,-10.778854281505032,2.485154665077537,-1.2425773325387686,0
2021-07-13,147.695,147.695,143,143.41,149.11699999999988,155.2103901893897,143.02360981061005,33.801248959877306,38.983238716976786,0,0,,,,,,,,-2.8973044708814344,-3.8271960943419447,-3.4746262763144298,0,43.5379731230024,48.86574574981969,,,,,-0.5179449252416365,-0.9443872456195379,-0.4264423203779014,-0.6107095410956981,43.5379731230024,,,,,,,,,-10.577683114179605,2.543048429609412,-1.271524214804706,0
2021-07-14,143.86,144.2,139.04,139.09,148.48249999999985,155.84516765514942,141.11983234485027,24.467689201629184,33.11463437941839,0,0,,,,,,,,-5.374515273147873,-6.325661273213912,-6.2725322611440815,0,39.10197756675664,47.86175598305086,,,,,-0.8821443633579295,-1.5291227745753133,-0.6469784112173839,-0.6783269100422039,39.10197756675664,,,,,,,,,-12.673562477353373,2.95914472302855,-1.479572361514275,0
2021-07-15,139.18,140.52,136.54,137.5,147.89999999999986,156.66844341945318,139.13155658054654,19.537832949107006,25.93559037020449,0,0,,,,,,,,-5.450194600690428,-7.031778228532703,-7.062150074913609,0,37.584139072657926,46.83883806352661,,,,,-1.1597457570442478,-2.0966606075226935,-0.9369148504784457,-0.7430169554404428,37.584139072657926,,,,,,,,,-14.443048402378343,3.6564043767585805,-1.8282021883792903,0
2021-07-16,139.69,139.7899,133.51,134.31,147.08049999999986,157.54801637209908,136.61298362790063,15.423210471281543,19.809577540672567,0,0,,,,,,,,-6.4361298232659685,-8.682660175889989,-9.015777101863653,0,34.675883197466575,45.721937031692775,,,,,-1.4679818173287225,-2.7718921221393487,-1.3039103048106262,-0.8086003113325935,34.675883197466575,,,,,,,,,-16.14561189029672,4.533396270662589,-2.2666981353312945,0
2021-07-19,131.36,133.77,130.31,131.88,146.04849999999988,158.11507412027677,133.98192587972298,12.600922041474274,15.8539884872876,0,0,,,,,,,,-6.939328506710741,-9.701229386128507,-10.28001777890667,0,32.606089779220014,44.42757326368187,,,,,-1.7274135975234362,-3.4631773017149214,-1.7357637041914853,-0.8545538328421224,32.606089779220014,32.606089779220014,,32.606089779220014,,,,,,-17.45020159250672,5.432365140088986,-2.716182570044493,0
2021-07-20,132.75,137.435,131.7,136.09,145.36799999999988,158.05332790274412,132.68267209725565,16.75475822109725,14.926296911284348,1,0,,,,,,,,-3.1291374229460933,-6.382422541412058,-7.144676631398994,0,39.359494663019134,44.028161265787155,,,,,-1.5149695450875118,-3.6294756355508753,-2.1145060904633635,-0.9196915525207664,39.359494663019134,,,,,,,,,-17.574346965622148,6.106378031123395,-3.0531890155616974,0
2021-07-21,136.71,140.15,135.725,139.25,144.84649999999988,157.63700472030513,132.05599527969463,23.8936713013791,17.7497838546502,0,0,,,,,,,,-0.5634144773956296,-3.8637454132477322,-4.820600216902027,0,43.90339097073368,43.232998145555825,,,,,-1.0814551557570566,-3.4663250351596844,-2.3848698794026277,-0.8656706757044033,43.90339097073368,,,,,,,,,-16.441773664418932,6.444961479512761,-3.2224807397563806,0
2021-07-22,141.2898,141.2898,137.66,139.47,144.24099999999987,156.84432638632185,131.6376736136779,27.922075581611097,22.85683503469581,0,0,,,,,,,,-0.18821609784380744,-3.307658710075412,-4.553231288637527,0,44.216784070429306,42.466800205528685,,,,,-0.7172627793105457,-3.28144835354081,-2.5641855742302644,-0.7858689443129281,44.216784070429306,,,,,,,,,-14.732593886304983,6.525116687415007,-3.2625583437075036,0
2021-07-23,139.8,140,137.41,138.73,143.64099999999988,156.09317394675068,131.18882605324907,33.50629164370347,28.440679508897883,0,0,,,,,,,,0.06347282930130316,-3.4189402747125786,-4.899332999719008,0,43.339717379729066,41.94747934187124,,,,,-0.4752418340254061,-3.158237866762022,-2.682996032736616,-0.7030705274854931,43.339717379729066,,,,,,,,,-14.038374942207431,6.530572322573161,-3.2652861612865807,0
2021-07-26,139.13,142.19,137.2,142,143.25749999999988,155.41221739696724,131.10278260303252,42.556200729230625,34.66152265151506,0,0,,,,,,,,2.7697162253116803,-0.87778999354301,-2.514262438013115,0,48.226815513176646,41.96709944340493,,,,,-0.06549070863065554,-2.764859418524935,-2.6993687098942796,-0.5192337916630628,48.226815513176646,,,,,,,,,-13.289476737875987,6.483019116111375,-3.2415095580556876,0
2021-07-27,141.255,142.52,138.31,141.58,142.83949999999987,154.61531840044006,131.0636815995597,48.36831236637862,41.47693491310423,0,0,,,,,,,,2.601637799840506,-0.8817588972237056,-2.6325924295775183,0,47.65822914211305,42.37042802425299,,,,,0.19257270019358508,-2.4586528346522982,-2.6512255348458833,-0.39560462062086266,47.65822914211305,,,,,,,,,-12.695081687960775,6.408467491671277,-3.2042337458356385,0
2021-07-28,141.31,143.73,141.03,143.3,142.70049999999986,154.3853131778032,131.01568682219653,53.833427651827975,48.2526469158124,0,0,,,,,,,,3.5322337097484446,0.42011065132929737,-1.2577634045056074,0,50.24528577412827,43.05761935277326,,,,,0.47816396506330383,-2.0535205785167534,-2.5316845435800572,-0.2435787025808493,50.24528577412827,,,,,,,,,-11.521089390858672,6.307964480827569,-3.1539822404137845,0
2021-07-29,143.6464,145,141.71,143.47,142.21699999999987,152.89040451777907,131.54359548222067,57.958224815805124,53.38665494467057,0,0,,,,,,,,3.209887200736583,0.8810479759804535,-1.0114809295137972,0,50.50567206380446,43.02031876321586,,,,,0.6660307794611198,-1.6991460692536577,-2.3651768487147775,0.13524889158773806,50.50567206380446,,,,,,,,,-10.977984302880023,6.208643688154446,-3.104321844077223,0
2021-07-30,141.75,144.69,141.74,144.01,141.76349999999988,151.25775779090344,132.26924220909632,60.861407377230194,57.55101994828775,0,0,,,,,,,,2.8804526425580512,1.5846815294487726,-0.48578911362497923,0,51.37615979488617,43.309829436508814,,,,,0.8048920294364015,-1.3590618119192754,-2.163953841355677,0.5415311480601045,51.37615979488617,,,,,,,,,-10.261509255455879,6.118150105939428,-3.059075052969714,0
2021-08-02,143.85,146.27,143.4,145.49,141.52649999999988,150.37846537499647,132.6745346250033,66.16277236710282,61.66080152004604,0,0,,,,,,,,2.936910548397753,2.8005355887414263,0.6999880028423222,0,53.77571141832225,44.04109645760309,,,,,0.9639122970867327,-0.9590634699972611,-1.9229757670839938,0.8301713181652793,53.77571141832225,,,,,,,,,-9.673776160234057,6.0419694010779414,-3.0209847005389707,0
2021-08-03,147.7284,147.79,143.2801,145.65,141.3904999999999,149.89445549142556,132.88654450857422,75.8716693978358,67.63194971405626,0,0,,,,,,,,2.3577778558627527,3.0125786385932107,0.9050160381126826,0,54.03977344588972,45.10808187754116,,,,,1.0407954739281735,-0.6219814246737769,-1.6627768986019504,0.918507728589365,54.03977344588972,,,,,,,,,-9.111930621425373,5.983897664632692,-2.991948832316346,0
2021-08-04,145.1,147.46,145.01,147.4,141.5744999999999,150.42432141063605,132.72467858936372,80.14073224757657,74.05839133750506,0,0,,,,,,,,2.9976940814757436,4.11479468407101,2.171195671009607,0,56.93737688287939,46.49045600684269,,,,,1.1612642723907607,-0.21119655811349958,-1.3724608305042603,0.9593001664785273,56.93737688287939,,,,,,,,,-8.297490135136265,5.958328114839687,-2.9791640574198435,0
2021-08-05,146.67,150.41,146.3993,150.32,141.96399999999988,151.59865910139783,132.32934089860194,85.81152901645254,80.6079768872883,0,0,,,,,,,,4.247720101251695,5.885999267419995,4.225553935152471,0,61.31944360512947,48.3935674645329,,,,,1.374756431101293,0.34598470837235595,-1.028771722728937,0.9598316617631901,61.31944360512947,,,,,61.31944360512947,,61.31944360512947,,-7.172223259039073,5.990920059251312,-2.995460029625656,0
2021-08-06,148.99,150.19,147.55,149.99,141.98149999999987,151.67296898050898,132.29003101949075,86.37755996647832,84.10994041016913,0,0,,,,,,,,3.212887332181813,5.640523589340973,4.014535266745645,0,60.56929587104889,50.39093932823496,,,,,1.4248214627160594,0.7522551056661371,-0.6725663570499222,0.9769158269716177,60.56929587104889,,,,,,,,,-6.1534807649436845,6.084812551372809,-3.0424062756864045,0
2021-08-09,148.74,151,148.7,149.44,142.11899999999986,152.14600334098742,132.0919966590123,85.13690723413166,85.77533207235416,0,1,,,,,,,,2.310615137096428,5.1513168541856835,3.6386333163807016,0,59.2679230346557,51.812969926209,,,,,1.352541703125819,1.0181107718573514,-0.3344309312684674,0.9738986691667371,59.2679230346557,,,,,,,,,-5.608094205516617,6.205194612582829,-3.1025973062914143,0
2021-08-10,149.365,150.76,147.85,147.95,142.34599999999986,152.680478990263,132.01152100973673,81.7286564982221,84.41437456627735,0,0,,,,,,,,0.8507041485459776,3.936886178747656,2.6525217343037033,0,55.7719103828444,52.66072131278834,,,,,1.1442963029340798,1.0959394473991324,-0.048356855534947396,0.9503535420801746,55.7719103828444,,,,,,,,,-5.97054594202524,6.282106171212714,-3.141053085606357,0
2021-08-11,147.54,149.2796,145.1576,148.16,142.79949999999985,153.31705765376122,132.28194234623848,75.20837710273547,80.6913136116964,0,0,,,,,,,,0.6603799222762108,3.7538646844002654,2.748798513138273,0,56.16437293220031,53.514120517200546,,,,,0.9676287870410416,1.1611791282663546,0.193550341225313,0.9170597735103526,56.16437293220031,,,,,,,,,-6.1720018939478365,6.334407114204653,-3.1672035571023267,0
2021-08-12,148.86,151.68,146.55,151.15,143.48199999999986,154.3025833484231,132.66141665157662,80.85539272847032,79.2641421098093,0,0,,,,,,,,2.1587498986184617,5.344224362637928,4.870602927912215,0,61.41440353264473,54.8051695281231,,,,,0.9952225640497361,1.437578546287483,0.442355982237747,0.9180491175424359,61.41440353264473,,,,,,,,,-5.608681904337176,6.413199895135306,-3.206599947567653,0
2021-08-13,146.66,152.76,144.51,152.76,144.40449999999987,155.0849559359673,133.72404406403246,83.48867336659933,79.85081439926837,0,0,,,,,,,,2.639907008620468,5.786177023569294,5.995494474486351,0,63.92015851811698,55.92612259990455,,,,,1.0590601612583974,1.766181183810744,0.7071210225523464,0.922544350847881,63.92015851811698,,,,,63.92015851811698,,63.92015851811698,,-4.390752988879959,6.566926805825072,-3.283463402912536,0
2021-08-16,151.99,152.03,144.9,148.57,145.23899999999986,154.370496920011,136.10750307998873,77.77443488973273,80.70616699493412,0,0,,,,,,,,-0.3815232769430299,2.2934611227013013,3.1277765437582428,0,54.07768400156888,56.38465508986569,,,,,0.7697119480007786,1.6692609575533197,0.8995490095525411,0.842246024097813,54.07768400156888,,,,,,,,,-4.128011812185147,6.7204270858451824,-3.3602135429225912,0
2021-08-17,145,148.2,143.58,143.9,145.62949999999987,153.777629785428,137.48137021457174,65.1558873630013,75.47299853977779,0,0,,,,,,,,-3.3994790687683296,-1.1876027865232341,-0.010422819025168728,0,45.642026878136576,56.05585088300914,,,,,0.2417750146946469,1.2017677779208498,0.9599927632262029,0.4952455926409141,45.642026878136576,,,,,,,,,-5.488321611511651,6.767235166591142,-3.383617583295571,0
2021-08-18,144.02,148.68,141.7,146.74,146.00399999999988,153.6157051966138,138.39229480338597,55.16509939937371,66.03180721736923,0,0,,,,,,,,-1.4493142956924054,0.5040957781979438,1.8916923390278617,0,50.68057049583863,56.06834362815443,,,,,0.07069022141814185,1.0483555399988802,0.9776653185807384,0.27467421254391583,50.68057049583863,,,,,,,,,-6.6057538356259755,6.75498326584136,-3.37749163292068,0
2021-08-19,143.7907,145.28,141.92,142.65,146.16299999999987,153.34270500787815,138.98329499212159,44.0009026301526,54.77396313084253,0,0,,,,,,,,-3.700103286955514,-2.403481045134448,-0.9510275217042619,0,44.31057910670783,55.56365929328456,,,,,-0.3101755438649929,0.5899458887494973,0.9001214326144902,-0.16140608992986613,44.31057910670783,44.31057910670783,,44.31057910670783,,,,,,-7.723725966555605,6.706090458044739,-3.3530452290223693,0
2021-08-20,142,143.949,141.5,143.7,146.41149999999988,152.8507958466096,139.97220415339015,40.85105663425478,46.67235288792702,0,0,,,,,,,,-2.57759216824186,-1.8519720103952864,-0.08459550600865562,0,46.180768197079274,55.02116334891006,,,,,-0.47383260067282984,0.30783068177345285,0.7816632824462827,-0.43121901523689,46.180768197079274,,,,,,,,,-7.649669085672476,6.659694483284646,-3.329847241642323,0
2021-08-23,144.9,147.6299,144.15,146.79,146.6509999999999,152.76422140938348,140.5377785906163,46.55741234941807,43.80312387127515,0,0,,,,,,,,-0.30359216772963826,0.09478285180468671,2.061533113158265,0,51.35778984454055,54.82959309167084,,,,,-0.3615002791604819,0.32978793349568036,0.6912882126561622,-0.5755414650887134,51.35778984454055,,,,,,,,,-7.505432775297421,6.617418398918139,-3.3087091994590696,0
2021-08-24,147,161.98,146.5,161.42,147.6429999999999,156.12338230271104,139.16261769728874,66.8518679280293,51.42011230390071,0,0,,,,,,,,8.638884402088976,9.331292374172918,11.767095338767831,0,67.36452983200277,55.574389730893934,,,,,0.6552079646821759,1.510298168508882,0.8550902038267062,-0.02507434959669812,67.36452983200277,,,,,67.36452983200277,,67.36452983200277,,-3.3660283248206437,6.774928021289186,-3.387464010644593,0
2021-08-25,158.764,163.0587,158,160.35,148.4954999999999,158.37128346259752,138.6197165374023,70.73951120622638,61.38293049455791,0,0,,,,,,,,7.040579961682969,7.983070194046338,10.484104344950108,0,65.6626376251866,55.884617875183736,,,,,1.1820333163715753,2.3326318492911753,1.1505985329196,0.2627410591394055,65.6626376251866,,,,,,,,,0.34694691703037056,7.233578751311848,-3.616789375655924,0
2021-08-26,159.34,159.4999,151.45,152.73,148.9584999999999,158.7159940942909,139.2010059057089,66.32986816420731,67.97374909948765,0,0,,,,,,,,1.8464800848219998,2.5319132510062126,4.866968015105488,0,55.0050439277329,55.487171307804026,,,,,0.9534927153604389,2.3424644271201487,1.3889717117597098,0.3381922469181236,55.0050439277329,,,,,,,,,1.95409253912635,7.793685604008627,-3.8968428020043135,0
2021-08-27,152.251,156.44,151.45,154.18,149.4669999999999,159.1999175482031,139.7340824517967,68.66906338589384,68.57948091877584,0,0,,,,,,,,2.7161349206877627,3.1532043862525505,5.383311461067319,0,56.45345634664445,55.28613797294607,,,,,0.8401368530735103,2.4391427781015977,1.5990059250280875,0.41602508606353894,56.45345634664445,,,,,,,,,0.8754963841886009,8.174789915305274,-4.087394957652637,0
2021-08-30,154.41,157.49,151.92,156.02,149.9934999999999,159.9456822230167,140.0413177769831,69.6072461620694,68.20205923739017,0,0,,,,,,,,3.42861688587186,4.017840773100256,6.057653525964857,0,58.28838797332051,55.4658863722658,,,,,0.8278929021909964,2.633872052766833,1.8059791505758365,0.4742517491355252,58.28838797332051,,,,,,,,,0.44087524923133764,8.474995829833029,-4.237497914916514,0
2021-08-31,155.94,158.15,153.58,154.99,150.4604999999999,160.43012281132548,140.49087718867435,67.79601305589495,68.69077420128605,0,0,,,,,,,,1.9959593832465483,3.010424662951472,4.908216309880453,0,56.84441818475931,55.51446103316287,,,,,0.6946221561046517,2.674256845706651,1.9796346896019994,0.4986790128718951,56.84441818475931,,,,,,,,,1.2459759105767128,8.804028989526767,-4.4020144947633835,0
2021-09-01,154.84,158.64,154.29,156.59,150.9199999999999,161.12733265844344,140.71266734155637,70.49157510747315,69.29827810847917,0,0,,,,,,,,2.3852179257495942,3.756957328385968,5.578154848859351,0,58.56171466598956,55.31069754268749,,,,,0.6587377036315685,2.80305681914146,2.1443191155098917,0.5903287550167649,58.56171466598956,,,,,,,,,1.9887932261308743,9.154193009223071,-4.577096504611536,0
2021-09-02,156.5,159.4601,156.5,157.2,151.2639999999999,161.82487003992225,140.70312996007755,71.59263673716737,69.96007496684514,0,0,,,,,,,,1.8154497820553006,3.924264861434379,5.568775281326377,0,59.22785601007956,54.97553307782768,,,,,0.6210933319491425,2.9206857804463198,2.2995924484971773,0.7070602232003441,59.22785601007956,,,,,,,,,2.4425163569946338,9.500485918224316,-4.750242959112158,0
2021-09-03,158.05,160.64,157.2,158,151.6644999999999,162.602529941454,140.72647005854577,73.03791152470437,71.70737445644829,0,0,,,,,,,,1.3944951773440684,4.177312423144586,5.65028418589093,0,60.13301086591642,55.408056425281075,,,,,0.5950290159571541,3.04337871844362,2.4483497024864658,0.7372813130699736,60.13301086591642,,,,,,,,,3.2566951055058198,9.870943354387736,-4.935471677193868,0
2021-09-07,159.72,165.735,159.55,165,152.44249999999988,164.7630841988172,140.12191580118255,83.13794602454364,75.92283142880511,0,0,,,,,,,,4.663554247437274,8.237532184266282,9.768266991905916,0,67.03015074859799,56.935779558885464,,,,,0.9719025132226546,3.6632278440147843,2.6913253307921297,0.7506442475091831,67.03015074859799,,,,,,,,,5.201738637126908,10.354797533248895,-5.177398766624448,0
2021-09-08,163.23,166.55,161.6,163.93,153.2414999999999,166.34108819963956,140.14191180036022,83.06792330170654,79.74792695031816,0,0,,,,,,,,3.8195302060177294,6.9749382510613245,8.518596158301728,0,65.17405340357087,57.97102833800919,,,,,1.0643495847228643,4.02176231169571,2.9574127269728456,0.7619495685898524,65.17405340357087,,,,,,,,,6.7543280657973215,10.912678629358707,-5.4563393146793535,0
2021-09-09,163,166.97,160.83,166,154.13349999999988,168.12664442861723,140.14035557138254,86.75263452353241,84.31950128326083,0,0,,,,,,,,4.755654281098498,7.69884548135229,9.341208242307065,0,67.07358388476553,59.5969572507276,,,,,1.1716390509474897,4.4219615406572075,3.250322489709718,0.7476587076684478,67.07358388476553,,,,,67.07358388476553,67.07358388476553,67.07358388476553,,8.608873070697397,11.564540782902856,-5.782270391451428,0
2021-09-10,166.95,168.2356,165.01,165.2,154.83599999999987,169.5515460653066,140.12045393469313,86.91916341399903,85.57990707974598,0,0,,,,,,,,3.4368327792073883,6.6935338035083,8.297569204681455,0,65.58473563603633,60.98295492493882,,,,,1.0967800539813988,4.621297557186466,3.5245175032050673,0.7179872023396612,65.58473563603633,,,,,,,,,8.811189875293058,12.157259761068879,-6.078629880534439,0
2021-09-13,160.25,162.99,154.79,160.32,155.21399999999988,170.08439528728567,140.3436047127141,77.09809071031995,83.58996288261712,0,1,,,,,,,,-0.0031186652113435187,3.289651706676011,4.725220409398534,0,57.23831478540541,61.40299242071488,,,,,0.648802309434263,4.335520389997896,3.686718080563633,0.5871147769570481,57.23831478540541,57.23831478540541,,57.23831478540541,,,,,,8.189865933789724,12.637616012541358,-6.318808006270679,0
2021-09-14,160.66,164.7,159.41,163.3,155.95049999999986,170.8906157626092,141.01038423739053,75.36252400632549,79.79325937688147,0,0,,,,,,,,1.3951928868136232,4.712713328908946,6.25976054138464,0,60.54070195031377,60.91557614345138,,,,,0.49057278193635323,4.299934057984075,3.8093612760477216,0.7391702415912812,60.54070195031377,,,,,,,,,7.763973963266341,13.039981422138807,-6.519990711069403,0
2021-09-15,162.32,166.63,160.49,166.37,157.07399999999987,171.59392892545097,142.55407107454877,77.01992035455555,76.49351169040033,0,0,,,,,,,,2.576591796092198,5.918229624253635,7.773065694691517,0,63.65476533118938,60.77215669388015,,,,,0.52687195196336,4.4679512160019215,3.9410792640385615,0.8753376091990069,63.65476533118938,,,,,,,,,8.150483490785659,13.429116871210832,-6.714558435605416,0
2021-09-16,165.26,169.45,165.04,168.15,158.14449999999985,172.61590971019007,143.67309028980964,80.93385615675541,77.77210017254548,0,0,,,,,,,,2.9403662142554854,6.32680870975606,8.440261658214808,0,65.36164034048636,61.51191358050539,,,,,0.5996694443989572,4.690666069537258,4.090996625138301,0.8744607197621588,65.36164034048636,,,,,,,,,9.96710587589415,13.901731005221295,-6.950865502610648,0
2021-09-17,169.3,170,163.61,166.59,159.34149999999988,172.37759799748932,146.30540200251045,79.2839606340956,79.07924571513551,0,0,,,,,,,,1.4024323435958497,4.549034620610537,7.059771129400505,0,62.587483493495284,61.95005837670903,,,,,0.4770094482691789,4.687258435474774,4.2102489872055955,0.8544135121321481,62.587483493495284,,,,,,,,,10.701786448549674,14.378424383883715,-7.1892121919418575,0
2021-09-20,162.24,166.54,159.445,161.64,160.23849999999987,171.14018477805863,149.33681522194112,68.06222645635937,76.09334774907012,0,0,,,,,,,,-1.8281202550866293,0.8746337490678657,3.620034232305236,0,54.6598783030594,61.69087911454751,,,,,0.020841443266983006,4.236300791289324,4.215459348022341,0.7179627164766734,54.6598783030594,54.6598783030594,,54.6598783030594,,,,,,9.661110086095961,14.745499983554302,-7.372749991777151,0
2021-09-21,164,170.01,162.96,169.29,161.36349999999987,171.05874269939403,151.66825730060572,74.41604202788547,73.92074303944679,0,0,,,,,,,,2.550899872182333,4.912201334254718,8.065724183128854,0,62.55395584593614,62.098703233203004,,,,,0.18360522226907516,4.444965875858685,4.26136065358961,0.7054556724324108,62.55395584593614,,,,,,,,,9.895307602486682,15.09394933791264,-7.54697466895632,0
2021-09-22,170.0293,171.81,167.3713,169.96,161.79049999999987,172.1851014353682,151.39589856463152,76.64917106935519,73.04247985119999,0,0,,,,,,,,2.5820547796380433,5.049431208878241,7.987673800472228,0,63.158946681698104,62.42707694861076,,,,,0.2799053396457758,4.6112423281468295,4.331336988501054,0.6938197170628277,63.158946681698104,,,,,,,,,10.66209454267326,15.456075754354238,-7.728037877177119,0
2021-09-23,171.55,176,170.5001,175.13,162.52949999999987,174.40538729317294,150.6536127068268,77.89492802682592,76.32004704135551,0,0,,,,,,,,5.123202977280172,7.752746424495327,10.640565048371897,0,67.51971581751815,63.019352649142085,,,,,0.616040636540899,5.101387784177177,4.485347147636278,0.7005734329435376,67.51971581751815,,,,,,,,,13.640482246700953,15.966729848082233,-7.983364924041116,0
2021-09-24,174.53,176.96,173.61,175.88,163.68699999999987,176.02063709536426,151.35336290463547,82.02916761155134,78.85775556924413,0,0,,,,,,,,4.900902405420338,7.4489727345483425,10.53872018603279,0,68.10943955852376,63.589097555756894,,,,,0.8014010545811949,5.487098465862772,4.685697411281577,0.7063574233451254,68.10943955852376,,,,,68.10943955852376,,68.10943955852376,,15.098102809826093,16.524683006438714,-8.262341503219357,0
2021-09-27,175,176.319,172.02,174.26,164.6909999999999,177.0347269898576,152.34727301014217,81.34507836346522,80.42305800061415,0,0,,,,,,,,3.077660197448151,5.810274999848275,9.029479545762564,0,65.34943948936011,63.46904675152562,,,,,0.7294673817848008,5.597531638512578,4.868064256727777,0.7799284888544469,65.34943948936011,,,,,,,,,16.060736380985727,17.09392590048238,-8.54696295024119,0
2021-09-28,172.5155,173.56,166.9,168.58,165.3189999999999,177.09939371159243,153.53860628840738,69.51589668334465,77.63004755278705,0,0,,,,,,,,-0.5926231683227146,1.9725500396204465,5.037321957440044,0,56.677253428471296,62.86213246758994,,,,,0.2392753206407292,5.167158407528689,4.9278830868879595,0.7178346706072379,56.677253428471296,,,,,,,,,14.629463042154248,17.52780598413995,-8.763902992069974,0
2021-09-29,170.1,171.2207,166.5504,168.07,165.9729999999999,176.80086978126857,155.14513021873123,62.619531449972996,71.16016883226094,0,0,,,,,,,,-0.9926069924303227,1.263458514336735,4.196502191554852,0,55.9591869717005,62.06824697379958,,,,,-0.15798435237786634,4.730402646415627,4.888386998793493,0.6713464430079835,55.9591869717005,,,,,,,,,12.94330341233866,17.837983101508048,-8.918991550754024,0
2021-09-30,168.1,169.5,165.71,167.75,166.5309999999999,176.48191533478771,156.58008466521207,56.64469043166943,62.926706188329,0,0,,,,,,,,-1.15782340983418,0.7319958446175834,3.548530464769728,0,55.4841913678272,61.34677952607036,,,,,-0.46368536199745414,4.308780296296675,4.772465658294129,0.5893405473382386,55.4841913678272,,,,,,,,,11.54493832123295,18.059895726797382,-9.029947863398691,0
2021-10-01,170.31,173.2,168.55,173.01,167.3214999999999,176.67581082443303,157.96718917556677,60.89169697334084,60.05197295166107,0,0,,,,,,,,1.5573178677717348,3.399742412063067,6.132422705709062,0,61.299295711470485,61.63684959221786,,,,,-0.3388144262769446,4.348947625447948,4.687762051724893,0.5280123372960102,61.299295711470485,,,,,,,,,12.556217102521765,18.309162193696686,-9.154581096848343,0
2021-10-04,171.99,172.26,164.03,164.5,167.6464999999999,176.09012072810776,159.20287927189202,49.32905227699398,55.621813227334734,0,0,,,,,,,,-3.599913269222932,-1.8768659053424286,0.4846066134548854,0,49.934269422560526,60.87924726880692,,,,,-0.8286122817285593,3.6519966995641937,4.480608981292753,0.2119326274329997,49.934269422560526,49.934269422560526,,49.934269422560526,,,,,,11.800571238864059,18.507687233157963,-9.253843616578981,0
2021-10-05,165.67,166.59,162.43,164.74,167.63349999999988,176.09416256271598,159.1728374372838,44.54010187256158,51.58695037429877,0,0,,,,,,,,-3.2011657696195184,-1.726086969489915,0.26475152916822786,0,50.214608250766084,59.91923604877668,,,,,-1.117703481032498,3.083479630002131,4.201183111034629,-0.014149303765426224,50.214608250766084,,,,,,,,,11.187473657788857,18.667375081239562,-9.333687540619781,0
2021-10-06,161.39,167.32,160.63,167.25,167.7994999999999,176.09159376455128,159.50740623544854,44.757129615338854,46.20876125496479,0,0,,,,,,,,-1.5695898585780577,-0.3274741581470231,1.6721445679616753,0,53.168073609516064,59.048266996564514,,,,,-1.118427429041553,2.8031488247326877,3.9215762537742407,-0.09778052649008888,53.168073609516064,,,,,,,,,9.981837869508398,18.772108143834753,-9.386054071917377,0
2021-10-07,170,171.27,168.6,169.6,167.9794999999999,176.26381886156733,159.69518113843245,48.20356531432525,45.83359893407521,0,0,,,,,,,,0.13934484305986317,0.9647010498305519,2.9078339802152353,0,55.81121753588135,58.56424799959209,,,,,-0.9460321238555425,2.739036098954813,3.6850682228103553,-0.16433549198153805,55.81121753588135,,,,,,,,,11.170739030492365,18.90942223150718,-9.45471111575359,0
2021-10-08,170.1,174.0999,169.48,169.97,168.2179999999999,176.4429440119751,159.9930559880247,52.87567988010179,48.61212493658862,0,0,,,,,,,,0.7092366670023775,1.0415056652677501,2.773976261067679,0,56.23008157105057,58.67640537587717,,,,,-0.7983690471977845,2.6871069138131247,3.485475961010909,-0.46447531715341484,56.23008157105057,,,,,,,,,12.358927417890683,19.079654855308547,-9.539827427654274,0
2021-10-11,170,171.5402,166.63,166.67,168.5354999999999,175.96853834243723,161.10246165756257,43.54050497500078,48.20658338980925,0,0,,,,,,,,-0.79993333888847,-1.1068884597013162,0.5255369966786327,0,51.53780250935565,57.88953728040713,,,,,-0.9063395763775164,2.352551490539014,3.2588910669165303,-0.5772572352132612,51.53780250935565,,,,,,,,,12.267115101344402,19.23428090011017,-9.617140450055086,0
2021-10-12,172.6944,175.9,171.23,172.75,169.00799999999987,176.2486728969194,161.76732710308033,53.038512397626555,49.818232417576354,0,0,,,,,,,,2.5642547987008824,2.2140963741362096,3.8433563294854034,0,58.42199614146883,57.551183670390756,,,,,-0.5682008858599352,2.548639959591611,3.1168408454515464,-0.45428156799801633,58.42199614146883,,,,,,,,,12.974283080660001,19.403332012289756,-9.701666006144878,0
2021-10-13,173,175.19,171.8,173.58,169.36849999999987,176.7641967893615,161.97280321063823,57.866593354176445,51.48187024226791,0,0,,,,,,,,2.7209998698085824,2.4865898912726614,3.9550594097354397,0,59.27253958451116,56.96209965374741,,,,,-0.30192305820109855,2.739437022700173,3.0413600809012715,-0.1484384726722839,59.27253958451116,,,,,59.27253958451116,,59.27253958451116,,13.774008505183462,19.589877125988377,-9.794938562994188,0
2021-10-14,175.24,176.75,170.04,170.5,169.48599999999988,176.8751958967241,162.09680410327564,54.95878746805999,55.28796440662097,0,0,,,,,,,,0.7343861701435639,0.5982795039118916,1.8277230206302342,0,54.79317282971154,56.01093774454653,,,,,-0.34348387273968317,2.612005239976668,2.955489112716351,0.12592198628523568,54.79317282971154,,,,,,,,,14.605392081378282,19.7946764931791,-9.89733824658955,0
2021-10-15,171.9,172.95,168.58,169.18,169.61549999999988,176.886985336584,162.34401466341578,56.21760177256671,56.34766086493436,0,0,,,,,,,,0.18120018475307198,-0.2567571949496861,0.7989799748567838,0,52.94642488002107,55.12500812959375,,,,,-0.4627113402632639,2.377099937387271,2.839811277650535,0.3704507231239872,52.94642488002107,,,,,,,,,13.814190826746362,19.95695457288453,-9.978477286442265,0
2021-10-18,167.5,172.7,167.11,172.32,170.14949999999988,176.51149803522046,163.7875019647793,56.637447921565155,55.937945720730596,0,0,,,,,,,,1.5702362427499672,1.275642890516937,2.3786560622953035,0,56.68621882916508,55.12564851535758,,,,,-0.33868726699494855,2.4164521939068493,2.755139460901798,0.467750338545872,56.68621882916508,,,,,,,,,13.545536599095426,20.099024651535434,-10.049512325767717,0
2021-10-19,172.57,172.81,170.06,170.74,170.2219999999999,176.57620994303326,163.86779005696653,54.34751067446941,55.73418678953374,0,0,,,,,,,,0.2842777934404017,0.3043084912644156,1.3247666278289216,0,54.345595536978514,55.01039198430601,,,,,-0.3691468238130451,2.2937059311354915,2.6628527549485366,0.4701640418649743,54.345595536978514,,,,,,,,,13.610860737963925,20.233472116556438,-10.116736058278219,0
2021-10-20,170.06,171.94,168.2,169.76,170.21199999999988,176.56845687471903,163.85554312528072,50.24825545229903,53.74440468277785,0,0,,,,,,,,-0.4381051804325464,-0.2655511949803069,0.6271413498357248,0,52.8869288853149,54.82487323555514,,,,,-0.4557050282507973,2.09322146963504,2.5489264978858373,0.4076067125698582,52.8869288853149,,,,,,,,,13.756689281363874,20.36338092782743,-10.181690463913714,0
2021-10-21,169.074,171.53,167.7,170.5,169.98049999999986,175.92771943433803,164.0332805656617,50.89087223110591,51.82887945262476,0,0,,,,,,,,-0.05685914758180033,0.30562329208358996,0.9760026532110055,0,53.89327257377266,54.29587158286244,,,,,-0.4620822283924726,1.9713237123952467,2.4334059407877193,0.6373535441990665,53.89327257377266,,,,,,,,,13.36888780802341,20.4724160259008,-10.2362080129504,0
2021-10-22,169.3,169.44,165.16,166.64,169.51849999999985,174.97621115030748,164.06078884969222,41.99773007090253,47.712285918102474,0,0,,,,,,,,-2.1284593337406066,-1.6980447561769751,-1.3380698638248312,0,48.119421499235145,54.166239588339195,,,,,-0.7103772997294167,1.5454343161259487,2.2558116158553654,0.2975926176675352,48.119421499235145,48.119421499235145,,48.119421499235145,,,,,,12.476492434518505,20.548071861757087,-10.274035930878544,0
2021-10-25,166.69,170.3289,166.65,169.24,169.26749999999987,174.2728726135198,164.26212738647993,44.44084946883348,45.776483923613945,0,0,,,,,,,,-0.751227121586262,-0.016246473776637682,0.02521710350038564,0,51.86055197297614,54.28380699706849,,,,,-0.6834045662531829,1.4015559080388869,2.0849604742920698,0.019831918548955114,51.86055197297614,,,,,,,,,12.37946550896954,20.61524743375342,-10.30762371687671,0
2021-10-26,170.4,172.0003,167.9,171.14,169.39549999999988,174.4546440975853,164.33635590241448,49.53131075826573,45.32329676600057,0,0,,,,,,,,0.457853956327714,1.029838454976728,0.9921790171053768,0,54.445739105896116,54.37506881823849,,,,,-0.5284280082301354,1.4244254640044005,1.9528534722345359,-0.08903425845960036,54.445739105896116,,,,,,,,,12.536834173883312,20.681242384707907,-10.340621192353954,0
2021-10-27,170.74,172.65,168.88,169.1,169.44699999999986,174.47197800991995,164.42202199007977,41.36243722477188,45.11153248395701,0,0,,,,,,,,-0.4778944394746132,-0.2047837967033117,-0.2652123566546538,0,51.26261973220629,54.05016897511884,,,,,-0.5515824612063047,1.263375395726655,1.8149578569329596,-0.19322043584380877,51.26261973220629,,,,,,,,,13.10210417355591,20.757058997496376,-10.378529498748188,0
2021-10-28,170.2,171.85,168.71,171.7,169.64449999999985,174.69758014978805,164.59141985021165,47.77323441796344,46.22232746700033,0,0,,,,,,,,0.9809918133056428,1.2116514240073428,1.1976330244948263,0,54.88302250971775,53.95395047073792,,,,,-0.38780105810302223,1.3302065343041818,1.718007592407204,-0.11087060103908888,54.88302250971775,,,,,,,,,13.669103355328161,20.84260310780401,-10.421301553902005,0
2021-10-29,171.39,171.39,168.8486,170.66,169.52699999999984,174.36635160948137,164.68764839051832,47.70296494215489,45.612878861630044,0,0,,,,,,,,0.2820542954518057,0.6683301185062884,0.5043079163975062,0,53.18126359308234,54.07134054814697,,,,,-0.3468499929859148,1.2844451011748106,1.6312950941607254,-0.38392272123101956,53.18126359308234,,,,,,,,,13.58319047493145,20.919811059035943,-10.459905529517972,0
2021-11-01,170.5,175.44,170.5,174.6,170.03199999999984,174.7745883228682,165.28941167713148,58.77088035547597,51.41569323853141,0,0,,,,164.06466666666668,165.70531333333335,162.42402,,2.4599784047696582,2.6865531194129044,2.563700908740141,0,58.438943679308665,54.0725510865641,,,,,-0.06643081949476248,1.5482565697922723,1.6146873892870348,0.05408714498004454,58.438943679308665,,,,,58.438943679308665,58.438943679308665,58.438943679308665,,14.811294750888814,21.02502363645474,-10.51251181822737,0
2021-11-02,174.95,175.3,170.58,172.87,170.43849999999983,174.66235736030296,166.2146426396967,60.37257889169224,55.61547472977435,0,0,,,,164.1898222222222,165.83172044444441,162.547924,,1.3181261392207544,1.4266142919587832,1.476328842710739,0,55.49220891947318,53.80252746763282,,,,,-0.012312455959039514,1.5992968193382353,1.6116092752972748,0.3986198410481105,55.49220891947318,,,,,,,,,15.059144346285459,21.13034319507748,-10.56517159753874,0
2021-11-03,171.89,173.75,170.93,172.87,170.71949999999987,174.80291266591453,166.6360873340852,60.907892293618914,60.01711718026235,0,0,,,,164.33924444444446,165.98263688888892,162.695852,,1.1337841948844352,1.2596686377362554,1.4185811841455953,0,55.49220891947318,53.85245861690151,,,,,0.007560591011219753,1.6210600140612996,1.6134994230500799,0.5038892746081799,55.49220891947318,,,,,,,,,15.525315148776059,21.24194017242075,-10.620970086210376,0
2021-11-04,175.95,179.435,173.96,178.45,171.16199999999986,176.41485674658645,165.90914325341328,77.96265169248407,66.4143742925984,0,0,,,,164.55457777777778,166.20012355555556,162.909032,,3.9149347510873955,4.257954452507051,4.6243023092195745,0,62.555186439825846,54.53879872831613,,,,,0.3610128910256942,2.0647655368321978,1.7037526458065035,0.6071721154467246,62.555186439825846,,,,,,,,,16.281884774133278,21.368018299966398,-10.684009149983199,0
2021-11-05,186.15,203.295,185.9441,201.62,172.74449999999985,186.98630673229982,158.50269326769987,88.60636540464402,75.82563646358231,0,0,,,,164.896,166.54495999999997,163.24704,,15.063489798829966,16.71572756296158,17.617090121377686,0,78.09763238094435,56.068185410586075,,,,,2.026747535873937,4.237187065648925,2.210439529774988,0.6347367801194952,78.09763238094435,,,,,78.09763238094435,,78.09763238094435,,22.10498286471694,21.68127430845409,-10.840637154227045,0
2021-11-08,203.35,211.3361,199.75,200.32,174.42699999999985,192.76296367797943,156.09103632202027,87.3201400041563,84.62971903376145,0,0,,,,165.17302222222222,166.82475244444444,163.521292,,12.329181923704446,14.844605479656337,16.2695310988491,0,76.18685650462852,57.62827547970394,,,,,2.8614371675299477,5.7872359891874225,2.925798821657475,0.7433035326564317,76.18685650462852,,,,,,,,,27.433350396550168,22.198553289781177,-11.099276644890589,0
2021-11-09,201.44,201.5,187.5,194.68,175.52349999999984,195.84276797402396,155.20423202597573,83.50578606144246,86.4774304900809,0,1,,,,165.3847111111111,167.0385582222222,163.730864,,7.744331357540846,10.913923206864151,12.428245276989514,0,68.3711991102943,58.73429478148819,,,,,2.84799762010105,6.4857958467837875,3.6377982266827376,0.8063673067109707,68.3711991102943,,,,,,,,,30.236968257274516,22.813353851640187,-11.406676925820094,0
2021-11-10,190.23,195,189.28,192.22,176.45549999999986,198.00538025489138,154.90561974510834,79.91017242642215,83.57869949734028,0,0,,,,165.53991111111114,167.19531022222225,163.88451200000003,,5.038825348772291,8.933980522001384,10.493913503342544,0,65.22808068236216,59.54392393210172,,,,,2.5001206657717,6.762949058897362,4.2628283931256625,0.8433877458534258,65.22808068236216,,,,,,,,,27.686213460638626,23.273770107945143,-11.636885053972572,0
2021-11-11,195.2,197.93,190.77,191.61,177.51099999999985,199.84436508455872,155.177634915441,74.99947936285335,79.47181261690596,0,0,,,,165.6669777777778,167.32364755555557,164.010308,,3.5785718146925882,7.94260637368962,9.642003589691651,0,64.4370333020945,60.70946763230596,,,,,2.073225506054743,6.854360275694091,4.7811347696393485,0.8354286211582991,64.4370333020945,,,,,,,,,25.36395278677254,23.61504791234403,-11.807523956172014,0
2021-11-12,192.465,208.16,192.06,206.54,179.37899999999985,204.6668816036495,154.0911183963502,81.70873592227959,78.87279590385167,0,0,,,,165.85964444444443,167.51824088888887,164.201048,,9.524971099491886,15.141683251662762,17.43412075082622,0,73.05133095270907,62.22309470228687,,,,,2.6061830111488025,8.038863533575352,5.4326805224265495,0.866162000258256,73.05133095270907,,,,,,,,,27.137669855267717,24.003995883950438,-12.001997941975219,0
2021-11-15,206.2,209.24,204.16,207.21,181.12349999999986,208.9129017747802,153.33409822521952,82.66862875367188,79.79228134626825,0,0,,,,166.07831111111113,167.73909422222223,164.41752800000003,,8.012447938114665,14.402603748271293,16.86905319202929,0,73.36315127313095,63.57433842851794,,,,,2.796839153723705,8.928729464581181,6.131890310857476,0.8925551977232757,73.36315127313095,,,,,,,,,29.481084060392973,24.463221495729428,-12.231610747864714,0
2021-11-16,205.59,209.93,203.47,207.04,182.93849999999986,212.465496647139,153.41150335286073,81.38801674534106,81.9217938070975,0,0,,,,166.3103111111111,167.9734142222222,164.647208,,6.035153849305419,13.174646124244017,15.85185019388835,0,73.13192727131369,65.13643182416847,,,,,2.702971523932293,9.510604715772843,6.80763319184055,0.8962151531935079,73.13192727131369,,,,,,,,,31.894938508862168,24.99554848971944,-12.49777424485972,0
2021-11-17,207,212.5838,198.4,199.11,184.40599999999986,214.08424482681195,154.72775517318777,80.03630499842409,81.36431683247899,0,0,,,,166.53302222222223,168.19835244444445,164.867692,,0.6215888417221649,7.973710182965932,10.7563427210982,0,63.13564509511715,65.72590486598271,,,,,1.9343049119426965,9.22551433176892,7.291209419826224,0.8575388599658511,63.13564509511715,,,,,,,,,29.75684431331527,25.410670499033124,-12.705335249516562,0
2021-11-18,199.34,205,196,204.33,186.09749999999985,216.26488826945751,155.9301117305422,78.31621156686276,79.91351110354262,0,0,,,,166.7744888888889,168.4422337777778,165.106744,,1.926492008699543,9.797283681941016,12.932762457810654,0,66.39216695906995,66.66954082069611,,,,,1.617775751940127,9.313429109751382,7.695653357811255,0.8261376649491519,66.39216695906995,,,,,,,,,28.685132192319543,25.76344054382434,-12.88172027191217,0
2021-11-19,196.6,199.36,190.5,196.42,187.58649999999986,216.68623833216,158.48676166783972,66.77194541428136,75.04148732652271,0,0,,,,166.98777777777778,168.65765555555555,165.3179,,-1.7644587592775207,4.709027568615087,8.034475108949257,0,58.02710894697215,66.64012405410065,,,,,0.759617404984974,8.645175114042473,7.885557709057499,0.7235705002353467,58.02710894697215,,,,,,,,,26.00172482282599,26.008665834555117,-13.004332917277559,0
2021-11-22,190.44,190.76,176.72,181.73,188.21099999999984,216.22484793276737,160.1971520672323,53.44834585230815,66.1788342778174,0,0,,,,167.1430222222222,168.81445244444444,165.471592,,-8.258409098940467,-3.443475673579044,-0.3205087184588451,0,46.34792701898149,65.98696106120839,,,,,-0.8274526270687304,6.851241925221586,7.678694552290317,0.3777009798252303,46.34792701898149,,,,,,,,,21.910026323710188,26.127680958332693,-13.063840479166346,0
2021-11-23,181.1433,183.73,175.25,178.27,188.56749999999985,215.87589056041546,161.25910943958425,46.2267302946542,55.482340520414546,0,0,,,,167.3168888888889,168.9900577777778,165.64372000000003,,-9.253339306075981,-5.460909223487532,-2.3169161362204926,0,44.096664125462844,65.17299357592194,,,,,-2.069635251801122,5.091650487538914,7.161285739340036,-0.09685296546215527,44.096664125462844,,,,,,,,,16.052320895984533,26.119055643153715,-13.059527821576857,0
2021-11-24,175.63,182.78,175,179.89,189.10699999999986,215.2574692883363,162.95653071166342,43.00213413504159,47.5590700940013,0,0,,,,167.45728888888888,169.13186177777777,165.782716,,-7.850318879184592,-4.873960244729114,-1.5427109825114194,0,45.43310196599606,63.94998754207695,,,,,-2.701621015829259,3.7842594695534615,6.4858804853827206,-0.5249675612842449,45.43310196599606,,,,,,,,,12.219289406848207,26.055082496030657,-13.027541248015329,0
2021-11-26,167.76,174.64,167.04,173.86,189.21499999999986,215.09344392540297,163.33655607459676,30.713461416544703,39.98077528208014,0,0,,,,167.59546666666668,169.27142133333334,165.91951200000003,,-10.122001654259805,-8.11510715323831,-4.901342299010758,0,41.460019971305655,61.333015227102756,,,,,-3.4000650584165886,2.2357991623619853,5.635864220778574,-0.6193881246595285,41.460019971305655,41.460019971305655,,41.460019971305655,,,,,,10.277404432723378,25.971715700703566,-12.985857850351783,0
2021-11-29,176.88,180.7,175.9,180.08,189.68599999999984,214.518207634446,164.8537923655537,33.04780201534086,35.58779918897569,0,0,,,,167.72351111111112,169.40074622222224,166.046276,,-5.615480570667941,-5.064158662210094,-1.694471132850095,0,46.64326936163984,59.222759002603574,,,,,-3.314034453860576,1.4933211534528539,4.80735560731343,-0.6619407872325318,46.64326936163984,,,,,,,,,10.323110452257106,25.88941279540457,-12.944706397702285,0
2021-11-30,176.405,180.64,170.921,172.54,189.58299999999986,214.68032423985125,164.48567576014847,28.091110909707787,30.617458113864426,0,0,,,,167.8247111111111,169.50295822222222,166.14646399999998,,-7.893683238401394,-8.98973009183306,-5.814321638214414,0,41.81045539558716,57.32556302298163,,,,,-3.6113979039746633,0.2931082273451011,3.9045061313197644,-0.7644415381030227,41.81045539558716,,,,,,,,,8.528049029951937,25.794453497644373,-12.897226748822186,0
2021-12-01,174.01,180.13,162.03,163.08,189.09349999999986,215.8055604034989,162.38143959650083,22.131306416015228,27.756739780354604,0,0,,,,167.89115555555557,169.57006711111111,166.21224400000003,,-10.851632582777205,-13.756950926393486,-10.854069182665038,0,36.6759673677886,55.28612635765495,,,,,-4.247775844750129,-1.4052136746178974,2.842562170132232,-0.8734224424037227,36.6759673677886,36.6759673677886,,36.6759673677886,,,,,,6.072480718717294,25.689268956876134,-12.844634478438067,0
2021-12-02,161.36,170.295,160.49,169.6,188.92999999999984,216.0738051864554,161.78619481354428,23.92304887854804,24.71515540142366,0,0,,,,167.93026666666665,169.60956933333333,166.25096399999998,,-5.767307478608852,-10.23130259884606,-7.287278240207662,0,41.96574933304801,53.681034645580205,,,,,-4.033793709056754,-2.199679966188711,1.8341137428680432,-0.9482707570070139,41.96574933304801,,,,,,,,,3.740798543560398,25.582008262850245,-12.791004131425122,0
2021-12-03,168.98,170.73,162.14,166.75,188.34499999999983,216.8378352397621,159.85216476023757,21.248111638452116,22.434155644338436,0,0,,,,167.91586666666666,169.59502533333333,166.236708,,-5.375038303957636,-11.465661419204043,-8.782915190448215,0,40.37795068256419,51.347221769141285,,,,,-3.8868173269427544,-3.0244079158104,0.8624094111323546,-0.9439390310189653,40.37795068256419,,,,,,,,,2.4228981193634653,25.4772877104546,-12.7386438552273,0
2021-12-06,167.275,181.93,162.85,180.85,187.30649999999983,215.29788458526554,159.31511541473412,31.504347493616372,25.558502670205485,0,0,,,,167.91742222222223,169.59659644444446,166.238248,,3.5410643231327255,-3.4470239954298654,-1.3254813235899388,0,50.38052040745034,49.70560527873552,,,,,-2.6989753532527234,-2.5113097804335496,0.18766557281917373,-0.846530340205782,50.38052040745034,,,,,,,,,5.909384104945198,25.375555985842354,-12.687777992921177,0
2021-12-07,185.61,187.5,182.02,183.14,186.44749999999982,213.83669120748618,159.05830879251346,35.72964005204721,29.494033061371876,0,0,,,,167.97906666666668,169.65885733333334,166.29927600000002,,4.767570907176966,-1.7739578165434478,-0.3279949494583878,0,51.795003613965754,48.18153930321068,,,,,-1.6685427296668787,-1.8980128392644247,-0.229470109597546,-0.6917541180784395,51.795003613965754,,,,,,,,,8.497637822990248,25.286271440935298,-12.643135720467649,0
2021-12-08,186,187.5,182.14,186.49,186.03799999999984,213.166261720947,158.90973827905268,44.42139597811865,37.218461174594054,0,0,,,,168.03595555555555,169.7163151111111,166.355596,,6.184663037784288,0.24296111547112975,1.2133590707047226,0,53.86682788450057,47.51948093102377,,,,,-0.7193385479988793,-1.128643294596145,-0.4093047465972658,-0.46482253138202523,53.86682788450057,,,,,53.86682788450057,,53.86682788450057,,12.312299905399376,25.229681990713235,-12.614840995356618,0
2021-12-09,182.09,185.302,179.28,181.46,185.49999999999983,212.54316919298228,158.45683080701738,46.30581043434163,42.15228215483581,0,0,,,,168.1232,169.804432,166.441968,,3.228375572432096,-2.1778975741238993,-1.7362847225356859,0,50.36648667706045,46.374789482308806,,,,,-0.4039581364910352,-0.9142524172110598,-0.5102942807200246,-0.1810784900672732,50.36648667706045,,,,,,,,,12.258113129068043,25.172576905876866,-12.586288452938433,0
2021-12-10,178.15,181.1,175.8535,180.42,184.94049999999982,211.91781823217872,157.9631817678209,43.86783425662494,44.865013556361724,0,0,,,,168.12328888888888,169.80452177777778,166.44205599999998,,2.2551447792745316,-2.4442996531315875,-2.453002589791231,0,49.648127098744105,45.77629077886395,,,,,-0.2468257662874468,-0.818826488579333,-0.5720007222918863,0.18336992212538092,49.648127098744105,,,,,,,,,11.545764533359288,25.108474166322814,-12.554237083161407,0
2021-12-13,178.25,180,168.89,171.04,183.1654999999998,208.86589491914995,157.46510508084967,38.55582220473634,42.90982229856761,0,0,,,,168.07515555555557,169.75590711111113,166.394404,,-2.5618530566206554,-6.619969371961332,-7.530784326799611,0,43.60708981600988,45.58051669293741,,,,,-0.7287940914845561,-1.4829933366475814,-0.7541992451630253,0.17333971609938736,43.60708981600988,,,,,,,,,8.2673035324843,25.020622214629377,-12.510311107314688,0
2021-12-14,168.298,169.91,164.5,167.96,181.20299999999983,205.1971352000905,157.20886479990918,38.874664823256225,40.432773761539146,0,0,,,,168.03262222222224,169.71294844444446,166.35229600000002,,-4.066164417206053,-7.308377896613106,-9.087136555133624,0,41.80820748859285,45.41705550458955,,,,,-1.1823604238934624,-2.2321497750298533,-1.049789351136391,0.06593589138643517,41.80820748859285,,,,,,,,,5.382813713050673,24.923770963378907,-12.461885481689453,0
2021-12-15,167.6401,168.9599,160.18,168.14,179.25799999999984,200.73367703240575,157.78232296759393,33.29952027290109,36.9100024336312,0,0,,,,167.9232888888889,169.60252177777778,166.244056,,-4.24011162684752,-6.202233652054501,-8.911970991671758,0,41.95889864566804,45.16889812456612,,,,,-1.3836078182144935,-2.779299123904508,-1.3956913056900144,0.02657459267264233,41.95889864566804,,,,,,,,,2.7540245339713763,24.82806397827569,-12.414031989137845,0
2021-12-16,166.25,167.73,153.6,156.38,177.12149999999986,198.77343688795918,155.46956311204053,25.639127057381344,32.60443738451287,0,0,,,,167.72386666666668,169.40110533333336,166.046628,,-10.262075139301052,-11.710323139765567,-15.029803141691323,0,35.49225252638024,44.74262902135716,,,,,-2.174986253306446,-4.114424122323072,-1.939437869016626,-0.24014678091701683,35.49225252638024,35.49225252638024,,35.49225252638024,,,,,,-0.3110323967284252,24.744214682857457,-12.372107341428729,0
2021-12-17,154.62,158.31,149.44,157.91,174.80049999999986,194.11407188611656,155.48692811388315,25.347647631125305,28.095431653802564,0,0,,,,167.59293333333335,169.26886266666668,165.91700400000002,,-8.922072453988184,-9.662729797683578,-13.878077113962139,0,36.8557600778581,44.043521215372756,,,,,-2.4416680409945823,-4.991522920259854,-2.5498548792652715,-0.32193594190738944,36.8557600778581,,,,,,,,,-2.3865002627871945,24.67490809775045,-12.337454048875225,0
2021-12-20,151.16,158.48,151,157.23,172.84099999999984,190.89423893378162,154.78776106621805,23.001805043529846,24.66285991067882,0,0,,,,167.47560000000001,169.15035600000002,165.800844,,-8.06177163673799,-9.032000509138383,-13.551307662701916,0,36.48662818754824,43.663247843369966,,,,,-2.5009722168448407,-5.676070150321323,-3.175097933476482,-0.4592410045643367,36.48662818754824,,,,,,,,,-4.612290338586246,24.62642884798457,-12.313214423992285,0
2021-12-21,159.5,167.275,158.37,165.66,172.03749999999985,189.86577739856466,154.20922260143504,28.916562633380423,25.755338436011844,0,0,,,,167.40991111111111,169.08401022222222,165.735812,,-2.1321092462294966,-3.7070406161446523,-8.334009635460927,0,43.97764696761041,44.18479638621439,,,,,-1.8401081613177417,-5.475233135123659,-3.6351249738059175,-0.6300611384198153,43.97764696761041,,,,,,,,,-2.7705824922411133,24.560882110080847,-12.280441055040423,0
2021-12-22,165.68,170.68,162.8,169.29,171.58849999999984,189.21751049407484,153.95948950592484,36.77133374450545,29.56323380713856,0,0,,,,167.36599999999999,169.03966,165.69233999999997,,1.0390990098417596,-1.3395419856224944,-5.884642112578254,0,46.882835580082215,44.536016832431116,,,,,-1.06463100376677,-4.96591372851438,-3.90128272474761,-0.6674601653813987,46.882835580082215,,,,,,,,,-0.552048622375028,24.48089461808345,-12.240447309041725,0
2021-12-23,170.5,171.99,166.89,171.31,171.1594999999998,188.3722388581902,153.94676114180942,45.19834867708079,36.962081684988874,0,0,,,,167.30195555555557,168.97497511111112,165.628936,,2.867882834736335,0.08792967962643061,-4.3911640938062435,0,48.48381628669619,45.115007232726256,,,,,-0.3582882976422237,-4.34914309680039,-3.990854799158166,-0.7246478377734409,48.48381628669619,,,,,,,,,2.191199632051701,24.391686720639665,-12.195843360319833,0
2021-12-27,169.8064,172.43,168.78,171.68,171.05049999999983,188.22101248507786,153.8799875149218,50.53957178187131,44.1697514011525,0,0,,,,167.19475555555556,168.86670311111112,165.522808,,3.633949052275609,0.3680199707104981,-3.828091593360805,0,48.7882939914544,45.00127677444083,,,,,0.16321208805954512,-3.7868396890837346,-3.9500517771432797,-0.6104198604770188,48.7882939914544,,,,,48.7882939914544,,48.7882939914544,,3.305856671582094,24.302006966716444,-12.151003483358222,0
2021-12-28,171.32,172.73,167.73,169.71,170.5319999999998,187.19945763457105,153.86454236542858,50.41757847035777,48.71849964310328,0,0,,,,167.08097777777778,168.75178755555555,165.410168,,2.5270801742312665,-0.4820209696712707,-4.273321074422198,0,47.189094499461966,44.67228326626198,,,,,0.3918136496576894,-3.460284715071168,-3.8520983647288576,-0.47621869899930863,47.189094499461966,,,,,,,,,3.285012766990274,24.213322237246096,-12.106661118623048,0
2021-12-29,169.52,170.4799,165.02,167.44,170.27699999999984,186.96980455765902,153.58419544234067,46.920260986774046,49.292470413001034,0,0,,,,166.93435555555558,168.60369911111115,165.265012,,1.1874905574858818,-1.6661087522095497,-4.842189811719022,0,45.34468351312993,44.06355866830694,,,,,0.40480990938709516,-3.3460859779949885,-3.7508958873820837,-0.29165701442770603,45.34468351312993,,,,,,,,,2.3994758655962127,24.126629729105247,-12.063314864552623,0
2021-12-30,167.06,170.85,165.71,168.78,170.56199999999984,186.94533494744644,154.17866505255324,47.828258005026946,48.38869915405291,0,0,,,,166.79613333333336,168.46409466666668,165.12817200000003,,1.9578467913904163,-1.0447813698243658,-3.3803703809715313,0,46.66979653484038,43.79950937243408,,,,,0.5114467801773328,-3.111587412160418,-3.6230341923377507,-0.04705837397699708,46.66979653484038,,,,,,,,,1.7046102310543647,24.04230955971238,-12.02115477985619,0
2021-12-31,168.78,170.87,166.08,166.49,170.40649999999982,186.8821818068405,153.93081819315915,46.209332434470895,46.98595047542395,0,0,,,,166.59537777777777,168.26133155555556,164.92942399999998,,-0.036025217652491115,-2.2983278220019887,-4.094333065152645,0,44.67631059383296,43.44437962208328,,,,,0.43836188055928105,-3.0750818416386494,-3.5134437221979304,0.2640855940092545,44.67631059383296,44.67631059383296,,44.67631059383296,,,,,,0.9674409895433436,23.96100841397246,-11.98050420698623,0
2022-01-03,165.2966,172.84,165.22,172.68,170.7029999999998,187.11812119968312,154.2878788003165,56.09719703516403,50.04492915822061,0,0,,,,166.39911111111113,168.06310222222223,164.73512000000002,,2.769197807495094,1.1581518778229993,0.07959383959128541,0,50.79459837458006,43.957773090552585,,,,,0.7966367620201908,-2.517647769672692,-3.314284531692883,0.5169750445035517,50.79459837458006,,,,,50.79459837458006,,50.79459837458006,,1.9303071081845988,23.877886192451,-11.9389430962255,0
2022-01-04,174.1537,175.9,167.2,170.8,170.20049999999983,185.9439347904204,154.45706520957927,65.83158529090599,56.04603825351364,0,0,,,,166.2129777777778,167.8751075555556,164.55084800000003,,0.8359703395832918,0.35223163269213487,-0.5176035692513792,0,49.021403801014166,44.473001398582674,,,,,0.8896739927941031,-2.202192040700254,-3.091866033494357,0.6372243126234456,49.021403801014166,,,,,,,,,2.2423666075044086,23.79500949390209,-11.897504746951045,0
2022-01-05,169.8828,175.107,162.24,162.25,169.1559999999998,184.07738653075742,154.2346134692422,56.29588905192894,59.40822379266632,0,0,,,,166.0013777777778,167.66139155555558,164.34136400000003,,-4.018504167578795,-4.082621958428801,-5.138778994305482,0,41.863760540142486,44.46620581961657,,,,,0.38389667259476834,-2.6119951927508964,-2.9958918653456648,0.5671864695964922,41.863760540142486,,,,,,,,,1.2979848565617134,23.715175778344197,-11.857587889172098,0
2022-01-06,160.29,163.73,156.34,159.75,167.8189999999998,180.9756924415017,154.66230755849787,49.81831544544367,57.31526326275954,0,0,,,,165.8137777777778,167.47191555555557,164.15564000000003,,-4.961062294379892,-4.808156406604613,-6.262102310734585,0,40.02358655628428,44.78987253603829,,,,,-0.08547043638100504,-3.102729910821921,-3.017259474440916,0.20071338346333423,40.02358655628428,40.02358655628428,,40.02358655628428,,,,,,-1.3781544244118393,23.647908561666892,-11.823954280833446,0
2022-01-07,159.18,166.88,158.455,166.05,167.04849999999982,178.63013939173646,155.46686060826318,52.28021372399247,52.79813940712169,0,0,,,,165.6716,167.328316,164.01488400000002,,-0.90294396734375,-0.5977305991971216,-2.3009245276358614,0,46.41568633287535,45.47272441139666,,,,,0.05437891510889292,-2.9492858305547998,-3.0036647456636927,-0.041061803689188936,46.41568633287535,,,,,,,,,-2.3939037669995,23.58775616857866,-11.79387808428933,0
2022-01-10,159.7601,161.7,152.1,160.71,166.06299999999982,176.18848487729,155.93751512270964,44.838846199234645,48.97912512289026,0,0,,,,165.49222222222227,167.14714444444448,163.83730000000006,,-3.457763146828896,-3.223475428000111,-5.198331783226262,0,42.30046164949034,45.88799823010681,,,,,-0.17421933994552763,-3.2214389205956024,-3.047219580650075,-0.5622677432795304,42.30046164949034,,,,,,,,,-2.764239606774924,23.530652124721385,-11.765326062360693,0
2022-01-11,160.71,169.39,159.0776,168.61,165.94149999999982,175.88180839562992,156.00119160436972,50.279144008147156,49.13273464379142,0,0,,,,165.37342222222225,167.02715644444447,163.71968800000002,,1.3549255812833838,1.6080968293044284,-0.3133498876670915,0,49.44196261977846,46.27830649097596,,,,,0.22357303156759034,-2.767753291190587,-2.9913263227581774,-0.5833563806159554,49.44196261977846,,,,,,,,,-1.1009638111725164,23.463253919719943,-11.731626959859971,0
2022-01-12,170.24,171.04,165.11,169.54,166.0204999999998,176.0484478957692,155.9925521042304,56.95506007574235,50.69101676104139,0,0,,,,165.2932,166.946132,163.64026800000002,,1.7854784289709658,2.1199189256749573,0.29578797917646504,0,50.223025852981614,46.51689151046877,,,,,0.5478032942025557,-2.306572205004983,-2.8543754992075385,-0.4648705225398225,50.223025852981614,,,,,50.223025852981614,,50.223025852981614,,-0.5508622388658969,23.39362578982563,-11.696812894912815,0
2022-01-13,170.2331,171.99,165.765,166,165.91349999999983,175.89426004121086,155.9327399587888,55.25025331106714,54.16148579831889,0,0,,,,165.14120000000003,166.79261200000002,163.48978800000003,,-0.17319349562218145,0.05213560078003443,-1.8549029191269217,0,47.231888893041315,46.42746812520771,,,,,0.5224160542134455,-2.2013554314407315,-2.723771485654177,-0.3966269562416216,47.231888893041315,,,,,,,,,0.3348307365954571,23.320895517912582,-11.660447758956291,0
2022-01-14,165.75,167.63,160.24,163.99,166.2939999999998,175.32721072488926,157.26078927511037,52.11225090588036,54.772521430896624,0,0,,,,165.0608888888889,166.7114977777778,163.41028000000003,,-1.2334525831437348,-1.3854979734685635,-2.935971320960251,0,45.57225821996501,46.19775128438703,,,,,0.3756765116463905,-2.2541758460961887,-2.629852357742579,-0.3486068829782226,45.57225821996501,,,,,,,,,-0.7539727703277413,23.253468004253033,-11.626734002126517,0
2022-01-18,156.91,160.79,153.87,154.69,166.1329999999998,175.84729276891915,156.41870723108048,39.09916596014325,48.820556725696925,0,0,,,,164.83128888888893,166.47960177777782,163.18297600000005,,-5.81408800589397,-6.887854911426283,-8.22217168171353,0,38.78211143024844,45.597252493728924,,,,,-0.3055189858871463,-3.0117510901015123,-2.706232104214366,-0.480469211862464,38.78211143024844,,,,,,,,,-3.8475983787608077,23.206954405540678,-11.603477202770339,0
2022-01-19,157,160.23,154.44,154.58,166.00049999999982,176.25422805374905,155.7467719462506,32.29276162577584,41.16805949726649,0,0,,,,164.64533333333335,166.2917866666667,162.99888,,-4.942287706697446,-6.879798554823524,-7.808468086629161,0,38.7086463398124,45.12324983849196,,,,,-0.6988110582050004,-3.5797459269706167,-2.880934868765616,-0.6015224272179217,38.7086463398124,38.7086463398124,,38.7086463398124,,,,,,-6.227262330582403,23.18334561715176,-11.59167280857588,0
2022-01-20,157.8084,165.2,157.35,158,165.6174999999998,176.44942480588054,154.78557519411908,32.635053260746055,34.67566028222172,0,0,,,,164.50355555555558,166.14859111111113,162.85852000000003,,-2.5845911019040435,-4.599453560161104,-5.295462174128529,0,42.364254095157854,44.81571109280035,,,,,-0.664164735865715,-3.71114078859776,-3.046976052732045,-0.6269537780656594,42.364254095157854,,,,,,,,,-7.487485513649891,23.17380788578806,-11.58690394289403,0
2022-01-21,156.815,160.2,152.41,156.73,164.98949999999982,176.34084965544812,153.63815034455152,28.567513234043446,31.165109373521783,0,0,,,,164.39835555555558,166.04233911111115,162.75437200000002,,-3.187349434801545,-5.00607614423939,-5.494766123715711,0,41.377326923628644,44.580069402071466,,,,,-0.6609022132921414,-3.8731038193472216,-3.21220160605508,-0.6833608548457026,41.377326923628644,,,,,,,,,-7.1240796032792995,23.159234819775843,-11.579617409887922,0
2022-01-24,150,151.16,135.76,147.9,163.81899999999982,177.00206929361494,150.6359307063847,19.899744517266228,27.034103670685244,0,0,,,,164.25466666666668,165.89721333333335,162.61212,,-7.605809776667305,-9.717432043902008,-10.213447949297061,0,35.23176489001568,43.4684384388883,,,,,-1.158436683861562,-4.660247460882033,-3.501810777020471,-0.698701189498434,35.23176489001568,,,,,,,,,-8.435852707456768,23.160081137520546,-11.580040568760273,0
2022-01-25,143.9,147.38,140.13,144.56,162.46299999999982,177.5713130759279,147.35468692407176,16.902616958885346,21.789958236731675,0,0,,,,164.098,165.73898000000003,162.45702,,-8.77192982456152,-11.019739879233947,-11.599597216390245,0,33.22178118716714,42.33989396647065,,,,,-1.5907801427098511,-5.490285955407785,-3.899505812697934,-0.7197922335053678,33.22178118716714,,,,,,,,,-11.065846001826609,23.1973095083185,-11.59865475415925,0
2022-01-26,149.285,152.4,140.0407,142.14,161.08449999999982,178.19476414174358,143.97423585825607,14.958675952543125,17.253679142898232,0,0,,,,163.92613333333335,165.5653946666667,162.28687200000002,,-8.775262654592487,-11.760597698723252,-12.564384370591586,0,31.805923105234,41.62147700683433,,,,,-1.8972610194053843,-6.271082086954664,-4.3738210675492795,-0.8104546979540986,31.805923105234,,,,,,,,,-13.908467907401631,23.280768038991532,-11.640384019495766,0
2022-01-27,143.48,145.5479,137.92,138.41,159.63299999999984,179.1030242424146,140.1629757575851,14.88893695506172,15.583409955496728,0,0,,,,163.72746666666666,165.3647413333333,162.090192,,-9.35821872953515,-13.294870108310853,-14.339822709446947,0,29.704573643283936,40.88440465590575,,,,,-2.188064331940444,-7.108901482474835,-4.920837150534391,-0.9049030347024786,29.704573643283936,29.704573643283936,,29.704573643283936,,,,,,-15.770793173667498,23.396603880920875,-11.698301940460437,0
2022-01-28,138.545,143.11,134.3743,142.77,158.3324999999998,178.64149492836253,138.0235050716371,16.392206279169955,15.413273062258265,1,0,,,,163.54515555555557,165.18060711111113,161.909704,,-5.0586193367338055,-9.828999099995151,-11.176597456678127,0,35.10196795324761,40.07628191450376,,,,,-1.9325249193145098,-7.336493299677528,-5.403968380363018,-0.9175759731719433,35.10196795324761,,,,,,,,,-16.09799039269904,23.514609656220166,-11.757304828110083,0
2022-01-31,144.8028,153.97,143.81,153.97,157.70649999999983,177.7410973505887,137.67190264941098,31.88376945988462,21.054970898038764,0,0,,,,163.35004444444445,164.9835448888889,161.716544,,3.0761506276149264,-2.369274570166635,-4.160692833267343,0,46.471840691172076,40.37423756033818,,,,,-0.9070268335303071,-6.537751922275902,-5.630725088745595,-0.862206372229349,46.471840691172076,,,,,,,,,-13.747245006920162,23.584519577076833,-11.792259788538416,0
2022-02-01,155.35,157.39,152.5,156.94,156.91949999999983,175.73927627391555,138.0997237260841,40.718369046238934,29.664781595097836,0,0,,,,163.1287111111111,164.7599982222222,161.497424,,4.906417112299333,0.01306402327319045,-2.292338533949334,0,49.02235047213168,40.34426526407769,,,,,0.024156052206071976,-5.600530023488005,-5.624686075694077,-0.6958198345160003,49.02235047213168,,,,,49.02235047213168,,49.02235047213168,,-10.090608102762156,23.595990206606483,-11.797995103303242,0
2022-02-02,156.3129,156.51,150.7124,151.76,155.96749999999983,173.78179748826008,138.15320251173958,42.488069109886204,38.363402538669924,0,0,,,,162.86991111111112,164.49861022222223,161.24121200000002,,1.63543578135239,-2.697677400740439,-5.409925641830116,0,44.99544675343552,39.97086675696726,,,,,0.3272408355212679,-5.215635031292493,-5.542875866813761,-0.5558124199969167,44.99544675343552,,,,,,,,,-8.341876854009252,23.58487260755557,-11.792436303777786,0
2022-02-03,147.97,152.18,146.68,149.57,155.33349999999984,173.1108173173069,137.5561826826928,43.398831517772436,42.20175655796586,0,0,,,,162.64573333333334,164.2721906666667,161.019276,,0.7374978952684241,-3.7104037442018956,-6.462237601884546,0,43.37326947362996,39.69525108415216,,,,,0.41082665811260455,-5.029342544173005,-5.44016920228561,-0.41636194865269033,43.37326947362996,,,,,,,,,-9.24109201234355,23.583621716083766,-11.791810858041883,0
2022-02-04,150.14,157.24,150,155.56,155.12399999999982,172.7865767089695,137.46142329103014,51.26160607239999,45.71616890001955,0,0,,,,162.4421777777778,164.06659955555557,160.81775600000003,,4.854473638091483,0.28106547020458894,-2.4369848036008834,0,48.80937149629289,39.92647346103272,,,,,0.8735452105574097,-4.3482376890888474,-5.221782899646257,-0.11136040666794272,48.80937149629289,,,,,,,,,-9.526477251433048,23.584984788779327,-11.792492394389663,0
2022-02-07,156.79,160.88,155.95,157.91,154.7169999999998,171.7164377554159,137.71756224458372,57.64890320642564,50.76978026553269,0,0,,,,162.29311111111113,163.91604222222225,160.67018000000002,,5.725132064354854,2.0637680410040105,-0.6849099679872905,0,50.804704598172705,40.78523011588446,,,,,1.3153530593963527,-3.5775915754008167,-4.8929446347971695,0.11265611985028162,50.804704598172705,,,,,,,,,-8.325703031527775,23.571623747410626,-11.785811873705313,0
2022-02-08,154,163.0791,153.44,162.26,154.79449999999983,171.91621191791964,137.67278808208002,62.91757125971259,57.276026846179406,0,0,,,,162.15031111111114,163.77181422222225,160.52880800000003,,7.365231027797314,4.822845772944229,2.252890947474495,0,54.3516621594702,41.902588388717156,,,,,1.8455315587782213,-2.5860301863243933,-4.431561745102615,0.36563690006433086,54.3516621594702,,,,,,,,,-5.8503422622562375,23.534142210366785,-11.767071105183392,0
2022-02-09,165.37,170.07,165.08,169.53,154.84049999999985,172.114698650016,137.5663013499837,75.89842515535864,65.48829987383228,0,0,,,,162.03711111111113,163.65748222222226,160.41674,,10.17885460264627,9.486859058192243,6.838333995046542,0,59.59488807846801,43.13334795895359,,,,,2.5854474754927894,-1.199752400736628,-3.7851998762294174,0.6692993222973852,59.59488807846801,,,,,,,,,-3.1571395971869816,23.47827602454681,-11.739138012273404,0
2022-02-10,165.245,177.06,165.245,171.95,154.96099999999984,172.6717819138571,137.25021808614258,79.1449555756844,72.6536506635852,0,0,,,,161.9696,163.58929600000002,160.349904,,9.367645749322474,10.963403695123386,8.260858615536936,0,61.192795451382004,44.54873856807883,,,,,3.1026266998006955,0.0930834985214517,-3.009543201279244,0.8703676393891212,61.192795451382004,,,,,61.192795451382004,,61.192795451382004,,-0.48645222231414564,23.41192896915248,-11.70596448457624,0
2022-02-11,175.3087,176.74,164.83,166.53,154.98749999999984,172.76572924253733,137.20927075746235,76.61111223060232,77.21816432054844,0,0,,,,161.91484444444447,163.53399288888892,160.29569600000002,,4.3434128247219705,7.447374788289496,4.897924046167734,0,55.864147078803704,46.022480152992266,,,,,2.9456854927223395,0.6725636646236808,-2.2731218280986587,0.9133433335461836,55.864147078803704,,,,,,,,,0.20686282474532805,23.344519122236054,-11.672259561118027,0
2022-02-14,166.63,171.8,165.03,169.66,155.27099999999984,173.7802246190974,136.7617753809023,77.63012487996984,77.79539756208551,0,0,,,,161.88595555555557,163.50481511111113,160.267096,,5.269689204365524,9.267023462204893,6.798438876998558,0,58.13157320527211,47.80175101142833,,,,,2.913372989094369,1.3685944082693027,-1.5447785808250662,0.9273979607261517,58.13157320527211,,,,,,,,,0.0727242919474033,23.27796079589533,-11.638980397947664,0
2022-02-15,172.92,180.6322,172.75,180.07,156.53999999999985,177.96616437909935,135.11383562090035,84.25708733885396,79.49944148314204,0,0,,,,161.91115555555555,163.5302671111111,160.292044,,10.14803034010261,15.031301903666904,13.175884471391175,0,64.63834127216813,50.14692373763791,,,,,3.418821643399655,2.7287484734245027,-0.6900731699751524,0.932272494207498,64.63834127216813,,,,,,,,,1.4653061013124453,23.21003471357118,-11.60501735678559,0
2022-02-16,178.295,191.73,178,186.64,158.14299999999986,183.22757223075928,133.05842776924044,87.57665275253443,83.15462165711939,0,0,,,,161.92955555555557,163.54885111111113,160.31026,,11.781898327823148,18.019766919813172,16.91720452784795,0,68.01666845415164,52.88350193841417,,,,,3.9819801045179606,4.287401960672298,0.3054218561543377,0.9277334984649355,68.01666845415164,,,,,68.01666845415164,,68.01666845415164,,5.1439492805199265,23.146941226513523,-11.573470613256761,0
2022-02-17,184.9,188.98,181.54,183.6,159.42299999999986,186.85090265405225,131.99509734594747,86.03905224829165,85.95759744656,0,0,,,,161.9317777777778,163.55109555555558,160.31246000000002,,7.7648191300160985,15.165314916919236,14.502388584685576,0,64.92580839706338,55.01377625582959,,,,,3.929424769997173,5.217202818650804,1.2877780486536312,0.9266233960342725,64.92580839706338,,,,,,,,,7.59130609224309,23.094589191753325,-11.547294595876663,0
2022-02-18,180.26,182.66,173.62,174.9,160.33149999999986,188.5351418038553,132.12785819614442,80.3063206009137,84.6406752005799,0,1,,,,161.87382222222223,163.49256044444445,160.255084,,1.5060503177503737,9.086486435915674,8.734170132607133,0,56.94978486499298,55.76220083967394,,,,,3.123543063107664,5.1922068775382115,2.0686638144305474,0.9071485456418221,56.94978486499298,,,,,,,,,6.3557637591667415,23.0367023410505,-11.51835117052525,0
2022-02-22,172.13,176.38,161.32,165.24,161.19849999999988,188.8815072607756,133.51549273922416,64.4321021026107,76.92582498393867,0,0,,,,161.7716,163.389316,160.153884,,-4.5065245784164265,2.5071573246650214,2.7458588270407036,0,49.65555480739203,55.80742972076397,,,,,1.8193524873725009,4.342854423646173,2.5235019362736724,0.7960751152416535,49.65555480739203,,,,,,,,,2.072100539995503,22.97080017030869,-11.485400085154344,0
2022-02-23,165.93,166.655,149.85,150.04,161.47249999999985,188.59413481429877,134.35086518570094,51.182035205066505,65.30681930286362,0,0,,,,161.60871111111115,163.22479822222226,159.99262400000003,,-12.674023373841903,-7.080152967223441,-6.498686137451893,0,40.80028646632556,55.507775414541825,,,,,-0.0864971383410853,2.4153805133473156,2.501877651688401,0.4170175907798827,40.80028646632556,40.80028646632556,,40.80028646632556,,,,,,-4.515721349297501,22.927833655668774,-11.463916827834387,0
2022-02-24,141.3,158.96,141.1795,158.26,162.27849999999984,187.97479255360048,136.5822074463992,43.01468992812901,52.87627574526872,0,0,,,,161.46751111111112,163.08218622222225,159.852836,,-7.2816643134591015,-2.476298462211479,-1.1636863251244467,0,46.370252567987094,55.721845635567334,,,,,-0.7747403827767338,1.5334521732174835,2.3081925559942174,0.1206187523439772,46.370252567987094,,,,,,,,,-7.762612195745244,22.91154162946279,-11.455770814731395,0
2022-02-25,159.26,159.45,152.91,155.09,163.11249999999987,186.64781548546097,139.57718451453877,37.96184586117742,44.0528569981243,0,0,,,,161.3570666666667,162.97063733333337,159.74349600000002,,-8.232398241451444,-4.918384550540189,-2.8511771154147936,0,44.626449603908846,55.42306550039705,,,,,-1.3888500890785447,0.5721299446460364,1.960980033724581,-0.18014378249357396,44.626449603908846,,,,,,,,,-9.736648371394585,22.915826451122093,-11.457913225561047,0
2022-02-28,155.025,155.0964,148.3,151.49,163.54849999999985,185.85104987664437,141.24595012335533,33.42845840129427,38.13499806353356,0,0,,,,161.22955555555555,162.8418511111111,159.61726,,-9.557669001009062,-7.3730422474066355,-4.817853956445839,0,42.6642206107054,54.84160235843509,,,,,-1.9485778094639268,-0.4747422281053275,1.4738355813585993,-0.4646917843844639,42.6642206107054,,,,,,,,,-9.419044973898599,22.915715896644702,-11.457857948322351,0
2022-03-01,150.53,154.22,149.95,151.01,163.40049999999985,185.9927415665246,140.80825843347512,31.86290829718105,34.41773751988424,0,0,,,,161.10293333333334,162.71396266666667,159.491904,,-8.82910513541918,-7.582902133102332,-4.860807768556208,0,42.396543508046385,53.98766531190483,,,,,-2.2413257885266145,-1.3278216542996688,0.9135041342269457,-0.6565515359191001,42.396543508046385,,,,,,,,,-10.79907267134322,22.93100643681672,-11.46550321840836,0
2022-03-02,152.48,158.08,151.89,157.53,163.42999999999986,185.9899388297088,140.87006117029094,34.60798440009352,33.29978369952294,0,0,,,,161.0186666666667,162.62885333333335,159.40848000000003,,-3.58060962174086,-3.6101083032490155,-0.8122402720060928,0,47.23885435802503,53.10509147473033,,,,,-1.8995576236104441,-1.4609428952861094,0.4386147283243346,-0.7027854858183398,47.23885435802503,,,,,,,,,-10.293686303276276,22.939213371626156,-11.469606685813078,0
2022-03-03,158.33,159.22,150.99,151.69,163.42649999999986,185.9937003358895,140.8592996641102,31.613946332586913,32.69494634328715,0,0,,,,160.90195555555556,162.51097511111112,159.292936,,-5.125558995528168,-7.1815158496326355,-4.431391243901917,0,43.69567974280463,51.855297495546225,,,,,-1.9624599329399268,-2.014460187850574,-0.05200025491064708,-0.7468899745675617,43.69567974280463,,,,,,,,,-10.252687642012612,22.94607202109609,-11.473036010548045,0
2022-03-04,150.77,151.8899,140.46,142.7,163.08299999999986,186.6695131802093,139.49648681979042,23.986283859824198,30.069404864168202,0,0,,,,160.75204444444446,162.3595648888889,159.14452400000002,,-8.405276164190267,-12.498543686343687,-9.805516169062557,0,38.86326687385519,50.640948909478475,,,,,-2.472257210634181,-3.1423217682033737,-0.6700645575691925,-0.8459424537743135,38.86326687385519,,,,,,,,,-11.840420294865135,22.97139254693601,-11.485696273468005,0
2022-03-07,145,145.27,131.52,131.59,161.88449999999983,189.04367338580522,134.72532661419444,19.333577207504813,24.977935799971963,0,0,,,,160.55755555555558,162.16313111111114,158.95198000000002,,-13.121269740664577,-18.713650781884528,-16.38478629690744,0,33.877059967332045,48.908483678197044,,,,,-3.3650938540325783,-4.876431875109915,-1.511338021077337,-0.9079236633872646,33.877059967332045,33.877059967332045,,33.877059967332045,,,,,,-16.798879006959137,23.070105340614063,-11.535052670307032,0
2022-03-08,131.63,144.47,131.5,142.13,161.09549999999984,189.55633869108922,132.63466130891047,22.024279882833312,21.78138031672076,1,0,,,,160.3950666666667,161.99901733333337,158.79111600000005,,-4.7085878259238605,-11.772830401842304,-9.576927155126768,0,41.54008752150285,47.258608410292375,,,,,-3.0618860277248805,-5.3386955557334375,-2.276809528008557,-0.8936432034461534,41.54008752150285,,,,,,,,,-18.51464594272817,23.196294453702485,-11.598147226851243,0
2022-03-09,145.43,150.99,145.33,148.31,160.39799999999985,189.38930738687358,131.40669261312613,24.814514043895514,22.057457044744535,0,0,,,,160.27831111111112,161.88109422222223,158.675528,,-0.44972479527469744,-7.536253569246409,-5.7201885892885995,0,45.52636166322089,45.652157925225886,,,,,-2.296181710951509,-5.147036666697943,-2.850854955746434,-0.8279464601279802,45.52636166322089,,,,,,,,,-17.28061747072385,23.296479743444166,-11.648239871722083,0
2022-03-10,145.22,152.89,144.4092,151.8,159.51149999999987,188.4158043680381,130.60719563196164,33.78983263533962,26.876208854022817,0,0,,,,160.19933333333336,161.80132666666668,158.59734000000003,,2.3366187118258663,-4.8344476730517005,-3.69873818702412,0,47.695415796424975,44.42141559660886,,,,,-1.4471690926322887,-4.659816321536795,-3.212647228904506,-0.7087771815075851,47.695415796424975,,,,,47.695415796424975,,47.695415796424975,,-13.234478184553739,23.33205069774363,-11.666025348871814,0
2022-03-11,154.13,155,145,145.14,158.17099999999988,187.13020917428807,129.2117908257117,33.30145295616162,30.63526654513225,0,0,,,,160.1018666666667,161.70288533333337,158.50084800000002,,-1.4924765337081425,-8.23855194694344,-8.054666317541093,0,44.08767989569663,43.50269381308768,,,,,-1.2348979858882747,-4.756269711264849,-3.5213717253765746,-0.619934242954725,44.08767989569663,,,,,,,,,-12.583018046051492,23.357755054594456,-11.678877527297228,0
2022-03-14,143.41,144.67,136.04,138.5,156.76949999999985,186.67257775129838,126.86642224870133,29.87316375116081,32.321483114220676,0,0,,,,159.95871111111114,161.55829822222225,158.35912400000004,,-5.162969049575617,-11.653733666306177,-12.181883894094147,0,40.776050063022396,42.86844347420414,,,,,-1.4287607894631096,-5.307322712205462,-3.8785619227423522,-0.5859965044649954,40.776050063022396,,,,,,,,,-14.447048317157586,23.407011900168627,-11.703505950084313,0
2022-03-15,140,144.73,138.32,143.95,155.48399999999987,185.27022057261019,125.69777942738955,33.30927368340855,32.16129679691033,0,0,,,,159.82404444444447,161.42228488888892,158.225804,,-0.9522892096826885,-7.418126623961241,-8.532517182585565,0,44.463420550368575,43.13009590877864,,,,,-1.092205860994623,-5.243819248985631,-4.1516133879910075,-0.615881140714555,44.463420550368575,,,,,,,,,-15.916587491201376,23.475937421050137,-11.737968710525069,0
2022-03-16,148.145,156.98,146.31,155.75,154.26799999999986,181.8437898164347,126.69221018356501,45.646379446940806,36.27627229383672,0,0,,,,159.73902222222225,161.33641244444448,158.14163200000002,,7.298354873377444,0.9606658542278046,-1.00971153520224,0,51.50381752541457,43.49677912002347,,,,,-0.0331066161315432,-4.192996658155437,-4.159890042023894,-0.3089860919373468,51.50381752541457,,,,,,,,,-13.75800489920902,23.512163236042326,-11.756081618021163,0
2022-03-17,153.79,157.6,151.05,157.55,152.8134999999999,176.14860083544005,129.47839916455973,51.48692517808826,43.480859436145884,0,0,,,,159.64840000000004,161.24488400000004,158.05191600000003,,8.10198844533474,3.0995298190278575,0.011637871750580508,0,52.493166003091794,44.05868743425082,,,,,0.7852484942421745,-3.1783294242211753,-3.9635779184633497,-0.005639261905640114,52.493166003091794,,,,,,,,,-9.954390654043893,23.503855799878842,-11.751927899939421,0
2022-03-18,156.07,167.18,155.7,167,151.98349999999988,171.79412772857444,132.17287227142532,67.63793153316813,54.92374538606574,0,0,,,,159.59062222222227,161.1865284444445,157.99471600000004,,12.706854196474149,9.880348853658539,5.620886372164935,0,57.40602089689659,45.11167316897876,,,,,1.8962257060006942,-1.5932957859624821,-3.4895214919631763,0.30369609927592406,57.40602089689659,,,,,57.40602089689659,,57.40602089689659,,-5.3932260279829505,23.460555227286445,-11.730277613643223,0
2022-03-21,164.57,165.95,159,161.8,151.32849999999988,168.79230287910306,133.8646971208967,68.85396700763779,62.65960790629807,0,0,,,,159.52004444444447,161.11524488888892,157.924844,,7.015536433564873,6.919714396164722,2.197649496170162,0,54.09119557626069,45.947005459565496,,,,,2.1931228637521047,-0.7481179122730452,-2.94124077602515,0.47249264667089913,54.09119557626069,,,,,,,,,-4.201768668645802,23.411479283904992,-11.705739641952496,0
2022-03-22,163.61,168.175,162,166.44,151.38849999999985,169.0501967191776,133.7268032808221,74.39357409511196,70.29515754530597,0,0,,,,159.4921777777778,161.0870995555556,157.89725600000003,,8.342446492735323,9.942300769213098,4.939945146748137,0,56.50468291253986,46.60885035631656,,,,,2.5871738167308846,0.2927264948884556,-2.294447321842429,0.7291494391821796,56.50468291253986,,,,,,,,,-2.4603002098132514,23.356269768132524,-11.678134884066262,0
2022-03-23,163.64,166.89,162.88,164.16,152.09449999999987,170.5931577621235,133.59584223787624,75.00619779336405,72.7512462987046,0,0,,,,159.47462222222222,161.06936844444445,157.879876,,5.767062477046903,7.932896981810744,3.461098097708981,0,54.97529326489022,47.41453703646554,,,,,2.573947158204876,0.9229866259136656,-1.6509605322912102,0.8530205434434301,54.97529326489022,,,,,,,,,-3.016789577416858,23.303194893322726,-11.651597446661363,0
2022-03-24,164.81,171,162.668,170.83,152.7229999999999,172.80337360210592,132.64262639789388,80.42670075637602,76.60882421495067,0,0,,,,159.4832,161.078032,157.888368,,8.731350883446032,11.856105498189606,7.635439528705046,0,58.5129968268607,48.81808917596593,,,,,2.8714416913007215,1.9383415818346919,-0.9331001094660297,0.8902791269764878,58.5129968268607,,,,,58.5129968268607,,58.5129968268607,,-1.224181208371444,23.245844945192445,-11.622922472596223,0
2022-03-25,169.94,170.61,164.1343,167.22,153.32949999999988,174.36903656809466,132.2899634319051,78.85005946824825,78.09431933932945,0,0,,,,159.50493333333333,161.09998266666665,157.909884,,4.958573939241617,9.059248220336036,5.465645773679562,0,55.95062844688763,50.39477263879132,,,,,2.685504912131061,2.4237810306977963,-0.2617238814332645,0.8697898867661363,55.95062844688763,,,,,,,,,-1.0510826735232937,23.188619022736127,-11.594309511368063,0
2022-03-28,167.22,168.719,162.43,167.65,154.13749999999987,176.05528353301705,132.2197164669827,78.56091467822131,79.2792249676152,0,0,,,,159.5672,161.16287200000002,157.971528,,3.3377507936017237,8.766523396318316,5.711955676434544,0,56.19668905916838,51.441672748624576,,,,,2.458012418171082,2.810791641280588,0.35277922310950593,0.8533463454364594,56.19668905916838,,,,,,,,,-0.3423962713705427,23.130877481663887,-11.565438740831944,0
2022-03-29,172.11,178.88,171.81,175.52,155.3629999999999,179.1089016253369,131.61709837466287,81.15867630432382,79.52321681693114,0,0,,,,159.67524444444444,161.27199688888888,158.078492,,6.123633549385543,12.974131549983037,10.538248383575377,0,60.54116685663887,52.51415883386871,,,,,2.685600250993049,3.7097795368508173,1.0241792858577683,0.8811789928999834,60.54116685663887,,,,,60.54116685663887,,60.54116685663887,,0.5870160448267323,23.073002159190317,-11.536501079595158,0
2022-03-30,173.131,176.82,172.02,173.63,156.16799999999984,181.20943015085692,131.12656984914275,80.01329536525944,79.91096211593486,0,0,,,,159.7948,161.392748,158.196852,,3.858116999640959,11.181548076430614,9.4960018162096,0,59.02707011207802,53.32356271355822,,,,,2.557511660929846,4.221068862020076,1.6635572010902298,0.9077698828603523,59.02707011207802,,,,,,,,,1.8414464092298488,23.01598091664474,-11.50799045832237,0
2022-03-31,173.54,176.1499,171.1638,171.76,157.17149999999987,183.0105551491382,131.33244485086152,78.88962887804688,80.02053351587672,0,0,,,,159.9238222222222,161.52306044444444,158.324584,,1.8736543674116701,9.281899072032873,8.65659556162852,0,57.494935528864325,54.28122383021305,,,,,2.2086538620167273,4.424374528611139,2.215720666594412,0.8777303772129165,57.494935528864325,,,,,,,,,2.6333098350741015,22.96033778291561,-11.480168891457804,0
2022-04-01,173.06,177.94,172.23,173.07,158.68999999999988,184.5182984340854,132.86170156591436,80.03218274115633,79.64503566148755,0,0,,,,160.06968888888892,161.67038577777782,158.46899200000001,,2.282397995366492,9.061692608229954,9.728958630527762,0,58.31128952444134,55.53374093460012,,,,,1.9376161043098898,4.637740796981774,2.700124692671884,0.8619411016256755,58.31128952444134,,,,,,,,,2.14335289690712,22.904445438753015,-11.452222719376508,0
2022-04-04,175.02,177.02,172.585,177.02,160.9614999999999,184.76859833222412,137.15440166777566,82.03767006510779,80.31982722810368,0,0,,,,160.25311111111114,161.85564222222226,158.65058000000002,,3.6841796989397047,9.976609313407337,12.183055301476319,0,60.75861989539891,56.69768374495943,,,,,1.8936251013715784,5.067156069386357,3.1735309680147785,0.8971234416120061,60.75861989539891,,,,,60.75861989539891,,60.75861989539891,,2.79607465377838,22.849865437552058,-11.424932718776029,0
2022-04-05,177.19,179.09,170.12,171.21,162.41549999999987,184.96328789593804,139.8677121040617,76.5896837098892,79.55317883871778,0,0,,,,160.38648888888892,161.9903537777778,158.78262400000003,,0.0017522648021239817,5.414815704166265,8.36441736429916,0,55.58934731853943,56.989507301611205,,,,,1.3670723332538688,4.882371384582115,3.515299051328246,0.8276875242964666,55.58934731853943,,,,,,,,,2.668963592210275,22.79546985665455,-11.397734928327274,0
2022-04-06,167.05,168.77,161.58,164.66,163.2329999999999,184.84188807875566,141.62411192124412,64.6532697916098,74.42687452220228,0,0,,,,160.52942222222228,162.1347164444445,158.92412800000005,,-3.852105315403298,0.8742104843996623,3.898234499816966,0,50.38493076213052,56.83891907011398,,,,,0.5153210600857134,4.159450376435387,3.644129316349674,0.531619844966811,50.38493076213052,,,,,,,,,0.9965935542684122,22.74008140488142,-11.37004070244071,0
2022-04-07,163.19,167.86,161.71,165.91,163.93849999999986,184.92048491564188,142.95651508435785,58.979601053228066,66.74085151824238,0,0,,,,160.66671111111114,162.27337822222225,159.06004400000003,,-2.8430884548942936,1.2025851157599465,4.518795239925111,0,51.32156595118602,56.40431514542036,,,,,0.0009951301287878245,3.6453732290106586,3.644378098881871,0.3610010849190139,51.32156595118602,,,,,,,,,-1.1909102065972494,22.68687497246058,-11.34343748623029,0
2022-04-08,162.52,164.9,159.35,162.56,164.80949999999984,183.96445912290744,145.65454087709224,51.053307311262145,58.22872605203336,0,0,,,,160.77502222222228,162.3827724444445,159.16727200000005,,-4.544360213506982,-1.3649091830263638,2.2479966789528127,0,48.66979584630437,56.017072307566345,,,,,-0.5684408382510338,2.9338270510680786,3.5022678893191124,-0.04323348802485698,48.66979584630437,,,,,,,,,-2.8805369209221694,22.638166344753337,-11.319083172376669,0
2022-04-11,159.84,163.57,157.41,160.25,165.89699999999985,180.993412951435,150.8005870485647,38.89534353512047,49.642750633203576,0,0,,,,160.88191111111115,162.49073022222225,159.27309200000005,,-5.490124381483874,-3.4039192993241874,0.6102537701376809,0,46.87135827787656,55.32897769080468,,,,,-1.0749019746201824,2.1586404210438843,3.2335423956640668,-0.3340739216370652,46.87135827787656,,,,,,,,,-3.73203551628287,22.59273719102176,-11.29636859551088,0
2022-04-12,163.7,166.11,157.28,160.11,166.70499999999987,178.3520571390467,155.05794286095303,35.43101419462504,41.79322168033591,0,0,,,,160.99480000000003,162.60474800000003,159.38485200000002,,-4.706638574438593,-3.9560900992770875,0.3312835252242685,0,46.75858714044638,54.742070110487255,,,,,-1.3744079271396172,1.515532486739545,2.8899404138791622,-0.6241766685914436,46.75858714044638,46.75858714044638,,46.75858714044638,,,,,,-4.8465477433601345,22.55234761357297,-11.276173806786485,0
2022-04-13,160.84,172.96,160.65,171.85,167.50999999999985,178.20362613897925,156.81637386102045,45.51998396559498,39.948780565113516,0,0,,,,161.15453333333338,162.76607866666671,159.54298800000004,,2.3891801715918204,2.5908900961137515,7.366882143214082,0,56.26190094582197,54.58127754755592,,,,,-0.7672113830351144,1.9309261850852693,2.6981375681203836,-0.4969897582898166,56.26190094582197,,,,,56.26190094582197,,56.26190094582197,,-2.9944089182420623,22.504834885609878,-11.252417442804939,0
2022-04-14,171.66,174.64,170.2954,170.7,168.16749999999985,177.90502098843743,158.42997901156227,46.856599158290756,42.60253243950362,0,0,,,,161.31768888888894,162.93086577777783,159.70451200000005,,1.768275960747201,1.5059390191327848,6.227843269850997,0,55.2220938073953,54.52923935902074,,,,,-0.4444025826566276,2.1426343397995993,2.587036922456227,-0.49232332149400204,55.2220938073953,,,,,,,,,-0.9217886607474908,22.452889249100757,-11.226444624550378,0
2022-04-18,169.27,170.12,164.35,165.74,168.10449999999986,177.88761703907562,158.3213829609241,42.53136580689262,44.96931631025948,0,0,,,,161.4554222222223,163.0699764444445,159.84086800000009,,-0.7550852988905787,-1.4065655589230786,2.650599424832878,0,50.85640690728529,54.14779063388624,,,,,-0.5588970970375544,1.8884155511592837,2.447312648196838,-0.5900534554561685,50.85640690728529,,,,,,,,,0.18924805309184234,22.4002569972464,-11.2001284986232,0
2022-04-19,165.74,170.8196,165.71,170.12,168.52049999999983,177.894947130379,159.14605286962066,50.79593691222192,46.72796729246846,0,0,,,,161.57520000000005,163.19095200000007,159.95944800000004,,2.2902874734682444,0.9491426859047802,4.531843337415986,0,54.29278979738711,53.701477986796824,,,,,-0.34415204590519277,2.0171225908153474,2.36127463672054,-0.42228840511708343,54.29278979738711,,,,,,,,,-0.14780155851323304,22.34819991588429,-11.174099957942145,0
2022-04-20,172.61,172.61,164.31,164.55,168.42599999999985,177.91977775178316,158.93222224821653,46.033005657093526,46.45343612540271,0,0,,,,161.6825333333334,163.29935866666673,160.06570800000006,,-0.6610522502944582,-2.301307399095054,0.6471264649034136,0,49.54790466720433,53.02439474073442,,,,,-0.5685046668275184,1.6506438031861421,2.2191484700136606,-0.3853838822944097,49.54790466720433,,,,,,,,,-1.3498735433327944,22.298003825948484,-11.149001912974242,0
2022-04-21,168.98,170.93,156.68,157.91,168.11349999999985,178.5163213000253,157.71067869997438,32.85876380275562,43.22923545735705,0,0,,,,161.74297777777787,163.36040755555564,160.1255480000001,,-4.279565981693789,-6.069411439295392,-3.602910653676228,0,44.549577268214605,52.09972629354515,,,,,-1.123303429896825,0.8150191826426294,1.9383226125394544,-0.4656363186685797,44.549577268214605,,,,,,,,,-2.873322948727638,22.251747426419197,-11.125873713209598,0
2022-04-22,157.84,161.67,154.78,156.09,167.37649999999982,178.92998653006114,155.8230134699385,27.29852799450012,35.39676581811644,0,0,,,,161.76560000000006,163.38325600000007,160.14794400000005,,-4.816206063858475,-6.743180793002502,-4.797047970479773,0,43.26136446435266,51.024731646395956,,,,,-1.5459745897979043,0.00585437529207411,1.5518289650899784,-0.5075890709998993,43.26136446435266,,,,,,,,,-5.60787399152774,22.216993778861863,-11.108496889430931,0
2022-04-25,154.33,159.79,152.1,158.39,166.9349999999998,179.13540573097126,154.73459426902835,26.127264574114655,28.76151879045682,0,0,,,,161.82871111111118,163.44699822222228,160.21042400000007,,-3.1674318797343615,-5.118758798334577,-3.653764269348625,0,45.40969297621462,49.92837972359708,,,,,-1.5972212433997102,-0.4446975891596594,1.1525236542400508,-0.4408155600078987,45.40969297621462,,,,,,,,,-6.788087672897627,22.189053654463997,-11.094526827231999,0
2022-04-26,158.4,159.2,152.8,153.04,166.2044999999998,179.81432509073258,152.594674909267,20.440045156744674,24.62194590845317,0,0,,,,161.83897777777787,163.45736755555566,160.22058800000008,,-6.023948418790459,-7.920664001275435,-7.181730699250444,0,41.475761402866546,48.920266443906165,,,,,-1.8975445157855189,-1.2194069904918479,0.678137525293671,-0.47953680499829354,41.475761402866546,,,,,,,,,-7.712984784535984,22.16712831367711,-11.083564156838555,0
2022-04-27,153.82,157.3,150.44,152.23,165.0399999999998,179.23523582052536,150.84476417947423,20.707351735930352,22.424887155596583,0,0,,,,161.85346666666675,163.47200133333342,160.23493200000007,,-6.0668139354076,-7.76175472612689,-7.827283882843106,0,40.898068602212405,48.242633432483444,,,,,-2.04418366369253,-1.8770920543219916,0.16709160937053846,-0.5968360717455823,40.898068602212405,40.898068602212405,,40.898068602212405,,,,,,-8.431678928009191,22.150228416295224,-11.075114208147612,0
2022-04-28,154.01,161.255,153.66,159.74,164.34549999999982,178.14534706438056,150.54565293561907,29.18442403332179,23.443940308665628,0,0,,,,161.9100444444445,163.52914488888896,160.29094400000005,,-0.6907013322890565,-2.802328022367395,-3.3579297841576317,0,48.1139997806395,48.01352156315869,,,,,-1.5511874422611478,-1.7718926934558965,-0.2207052511947486,-0.5648902536231629,48.1139997806395,,,,,,,,,-8.117527567162865,22.130901021407308,-11.065450510703654,0
2022-04-29,158.88,163.24,153,153.21,163.4179999999998,177.5883798114338,149.2476201885658,25.545550582666806,25.145775450639672,0,0,,,,161.94720000000007,163.56667200000007,160.32772800000006,,-3.703284685296382,-6.246557906717632,-7.227356858692502,0,43.17763252858919,47.62122418332189,,,,,-1.5755883697359838,-2.1901907133647285,-0.6146023436287446,-0.6656579828360079,43.17763252858919,,,,,,,,,-8.037526499627615,22.11089486295702,-11.05544743147851,0
2022-05-02,153.21,155.13,147.2109,152.78,162.4034999999998,176.5697984226747,148.23720157732492,24.07881499859787,26.26959653819551,0,0,,,,161.97680000000005,163.59656800000005,160.35703200000006,,-3.18492326020573,-5.9256727841455525,-7.221440644514898,0,42.86575332340838,47.33510954371702,,,,,-1.5301258356667873,-2.5272596382122288,-0.9971338025454414,-0.7868354005589766,42.86575332340838,,,,,,,,,-7.879973528526967,22.08970523600755,-11.044852618003775,0
2022-05-03,154.09,154.49,141.58,145,160.80249999999984,175.23437981519572,146.37062018480395,18.807494631561166,22.81062007094197,0,0,,,,161.96151111111118,163.58112622222228,160.34189600000008,,-6.628717142967688,-9.827272585936075,-11.645525912234621,0,37.57708314718887,46.679287829912916,,,,,-1.9088298213088422,-3.383171079181494,-1.474341257872652,-0.9105465789901899,37.57708314718887,37.57708314718887,,37.57708314718887,,,,,,-10.666601071621692,22.090288881689915,-11.045144440844958,0
2022-05-04,152.55,158.74,145.8718,156.18,160.05099999999985,173.78527959524087,146.31672040475883,26.48464039885338,23.123650009670826,1,0,,,,161.99248888888897,163.61241377777787,160.37256400000007,,1.1155208245658743,-2.4186040699526012,-4.634354347264202,0,47.584899664163295,46.059502024080146,,,,,-1.3192073600666163,-3.1233504579559224,-1.804143097889306,-0.8287127963303257,47.584899664163295,,,,,,,,,-9.899590132738423,22.08384838509775,-11.041924192548874,0
2022-05-05,152.19,153.88,140.8581,143.09,158.97249999999983,174.37588647831214,143.5691135216875,18.18287086446913,21.158335298294578,0,0,,,,161.95386666666676,163.57340533333343,160.33432800000008,,-6.461840169962596,-9.9907216656968,-12.250971991120297,0,39.58310104109169,44.94243111220133,,,,,-1.6994135856741104,-3.928410079981944,-2.2289964943078338,-0.8296833756618539,39.58310104109169,,,,,,,,,-11.613245281207696,22.09230373046756,-11.04615186523378,0
2022-05-06,142.7,143.11,133.04,135.84,157.46899999999982,175.5139160707458,139.42408392925384,15.71695153290127,20.128154265407947,0,0,,,,161.8947111111112,163.51365822222232,160.2757640000001,,-10.00993706525357,-13.735401888625598,-16.096874015602193,0,35.97482168992812,43.879460739532945,,,,,-2.2909901408748756,-5.092734170401428,-2.8017440295265525,-0.8403042578847426,35.97482168992812,,,,,,,,,-13.241744900285715,22.116651591681357,-11.058325795840679,0
2022-05-09,131.76,131.885,118.83,119.37,155.30949999999982,179.64236540874833,130.9766345912513,9.975938017801703,14.625253471724056,0,0,,,,161.75546666666673,163.3730213333334,160.13791200000006,,-18.822425330504476,-23.140567705130632,-25.53616209000292,0,29.414908208198057,42.10246919744802,,,,,-3.5672153336315264,-7.260763196565961,-3.6935478629344343,-0.7974569649289016,29.414908208198057,,,,,,,,,-20.14749835814364,22.232301944331365,-11.116150972165682,0
2022-05-10,122.95,123.46,113.53,116.13,153.10349999999983,182.67963110263497,123.52736889736467,7.426045545236978,11.039645031980006,0,0,,,,161.5937333333334,163.20967066666674,159.97779600000007,,-18.992445433428596,-24.149349949543854,-26.77282529646934,0,28.320846577853914,40.58625076249442,,,,,-4.3532250974670115,-9.135079234768199,-4.781854137301187,-0.8132018318062795,28.320846577853914,,,,,,,,,-24.96595136216226,22.430005340218727,-11.215002670109364,0
2022-05-11,114.53,123.77,112.3669,116.15,150.90549999999982,184.35272318818457,117.45827681181507,8.33916901177881,8.580384191605853,0,0,,,,161.44462222222228,163.0590684444445,159.83017600000005,,-16.886704019349143,-23.031301046018772,-25.834718589103744,0,28.338565180058964,39.42832132762616,,,,,-4.5728059322563075,-10.497861552621572,-5.9250556203652645,-0.8578969173894385,28.338565180058964,,,,,,,,,-28.24869105643147,22.689091816194992,-11.344545908097496,0
2022-05-12,113.66,120.49,111.22,115.94,148.10999999999981,183.38379026983375,112.83620973016588,9.93984026024738,8.568351605754414,1,0,,,,161.29466666666676,162.90761333333342,159.6817200000001,,-14.352621353485839,-21.720342988319395,-25.048485109684147,0,28.259574438564925,38.356764897212756,,,,,-4.43010501064653,-11.462686883673427,-7.032581873026897,-0.8954961998833959,28.259574438564925,28.259574438564925,,28.259574438564925,,,,,,-28.46166781751265,22.944968424712897,-11.472484212356449,0
2022-05-13,119.96,123.29,118.82,121.45,145.6474999999998,181.14502322346226,110.14997677653736,16.976746134505778,11.751918468844016,0,0,,,,161.16075555555565,162.77236311111122,159.5491480000001,,-8.12675406413369,-16.613742082768212,-20.625929952138165,0,33.49743258646667,37.5058891550879,,,,,-3.692679378328184,-11.648431095937127,-7.955751717608943,-0.895378105932458,33.49743258646667,,,,,,,,,-26.98086976124239,23.163079844302793,-11.581539922151396,0
2022-05-16,121,121.07,113.25,114.44,143.0824999999998,179.79485697963617,106.37014302036346,14.708867565368514,13.875151320040581,0,0,,,,160.99946666666676,162.60946133333343,159.3894720000001,,-10.843805264921224,-20.01817133471938,-24.239682588720303,0,30.451313250467166,36.718428572773654,,,,,-3.4117296769959164,-12.220413813853838,-8.808684136857922,-0.915880746458805,30.451313250467166,,,,,,,,,-26.9598784226194,23.37464756718473,-11.687323783592365,0
2022-05-17,119.97,120.18,114.51,117.5,140.4514999999998,176.57346133933228,104.32953866066734,18.194917834978906,16.626843844951093,0,0,,,,160.85648888888898,162.46505377777785,159.2479240000001,,-6.455747597704187,-16.341228110771223,-21.178675086200403,0,33.302546434359456,36.17589127506987,,,,,-2.781198196688898,-12.285181882719044,-9.503983686030146,-0.9139903261657815,33.302546434359456,,,,,,,,,-26.247301941814666,23.56686707217355,-11.783433536086775,0
2022-05-18,116.11,117.04,107.62,108.03,137.62549999999982,174.59757296054968,100.65342703944995,13.12217172411555,15.341985708154349,0,0,,,,160.6702222222223,162.27692444444452,159.06352000000007,,-10.56675000413948,-21.50437237285231,-26.49286906662802,0,29.29928412086963,34.83198301365774,,,,,-2.7579055463130597,-12.951365618921471,-10.193460072608412,-0.9072096731586681,29.29928412086963,,,,,,,,,-28.63610848866423,23.799722325039777,-11.899861162519889,0
2022-05-19,108.18,116.3499,107.4501,114.17,135.4384999999998,172.52680288649273,98.35019711350688,16.02879952355282,15.781963027549116,1,0,,,,160.5284000000001,162.1336840000001,158.92311600000008,,-3.165340706688824,-15.70343735348504,-21.415083733512063,0,34.77398652936786,34.23172258514194,,,,,-2.113959912788305,-12.835909963593792,-10.721950050805487,-0.8756640867014701,34.77398652936786,,,,,34.77398652936786,,34.77398652936786,,-28.3183990302343,24.01981217975157,-12.009906089875784,0
2022-05-20,115.46,116.25,108.5,112.55,133.26149999999978,170.35684594797894,96.16615405202063,17.89546662844424,15.682145958704227,0,0,,,,160.34800000000007,161.95148000000006,158.74452000000008,,-2.6156628278233174,-15.541998251557898,-21.569948270775974,0,34.0253506422423,33.600265250772935,,,,,-1.6051646366249788,-12.72840584658671,-11.123241209961732,-0.8353604532944332,34.0253506422423,,,,,,,,,-29.00910679608852,24.247192016500453,-12.123596008250226,0
2022-05-23,113.545,115.15,110.9301,113.28,131.0059999999998,167.18996517796558,94.82203482203403,19.673924728750674,17.866063626915935,0,0,,,,160.1711111111112,161.77282222222232,158.5694000000001,,-1.464806374169525,-13.530677984214334,-20.14718633028114,0,34.70748836097087,33.3952941946145,,,,,-1.0541208704092817,-12.440892297973335,-11.386771427564053,-0.7829834419969366,34.70748836097087,,,,,,,,,-27.57011474041079,24.441290710985694,-12.220645355492847,0
2022-05-24,111.28,111.42,103.7406,106.24,128.6659999999998,164.90063061768694,92.43136938231265,16.15298150768563,17.90745762162687,0,0,,,,159.97560000000007,161.57535600000008,158.37584400000006,,-6.78657600350977,-17.429623987688924,-24.147155280330978,0,31.341943530318133,32.23508304219699,,,,,-0.9989438870725529,-12.635451286404745,-11.636507399332192,-0.7802318222258432,31.341943530318133,,,,,,,,,-28.939265371318175,24.65548137010207,-12.327740685051035,0
2022-05-25,105.89,111.94,104.97,110.4,126.5744999999998,161.94578636337968,91.2032136366199,20.10606957023383,18.64432526889007,1,0,,,,159.80684444444452,161.40491288888896,158.20877600000009,,-2.645502645502873,-12.778640247443063,-20.233327151737377,0,35.33241483193507,31.931462598685805,,,,,-0.5404244354085197,-12.312037943592841,-11.771613508184322,-0.7428015641052834,35.33241483193507,,,,,,,,,-29.087322938824144,24.86665073695617,-12.433325368478085,0
2022-05-26,109.74,115.55,108.11,114.3,124.30249999999981,156.56118185466025,92.04381814533937,27.73599339919933,21.331681492372955,0,0,,,,159.67608888888896,161.27284977777785,158.07932800000006,,0.939630506199185,-8.046901711550314,-16.25473799382604,0,38.91676690748762,32.1416015427972,,,,,0.13150505804959955,-11.607232185622323,-11.738737243671922,-0.6513334367412239,38.91676690748762,,,,,,,,,-28.58190764969186,25.062970320666437,-12.531485160333219,0
2022-05-27,116,120.7,115.77,120.5,122.6669999999998,152.08954584498431,93.24445415501528,38.39583908397151,28.74596735113489,0,0,,,,159.57817777777785,161.17395955555563,157.98239600000008,,6.504273428730256,-1.7665712864909144,-10.616265614337085,0,44.21079183012733,33.198450372935,,,,,1.0484530770593459,-10.42817089734774,-11.476623974407087,-0.2919380219100861,44.21079183012733,,,,,,,,,-25.267835743045193,25.19882016051361,-12.599410080256805,0
2022-05-31,120.5,122.2994,117.16,120.87,121.07149999999982,147.04823980699248,95.09476019300715,46.91217154490577,37.681334676025536,0,0,,,,159.4503111111112,161.04481422222233,157.85580800000008,,6.227589116219945,-0.16643058027678848,-9.335940332392468,0,44.519818920914695,34.35551982601077,,,,,1.6964594140460996,-9.356049706849461,-11.05250912089556,-0.04692662187789167,44.519818920914695,,,,,,,,,-22.75704354630337,25.29460365041854,-12.64730182520927,0
2022-06-01,121.05,121.0738,114.395,116.72,119.65749999999983,143.23854991301644,96.07645008698321,47.820889799818055,44.37630014289844,0,0,,,,159.3171111111112,160.9102822222223,157.72394000000008,,2.6506956537031723,-2.4549234272818965,-11.26406138734809,0,41.72789313684565,35.311900394352676,,,,,1.8496063374236051,-8.740501199116053,-10.590107536539659,0.0495900904571049,41.72789313684565,,,,,,,,,-21.976544888263945,25.377585774122075,-12.688792887061037,0
2022-06-02,117.13,123,116.27,121.26,117.91149999999982,134.57303807426536,101.24996192573427,54.582600916478555,49.77188742040079,0,0,,,,159.21866666666676,160.81085333333343,157.6264800000001,,5.416894869989064,2.8398417457162317,-6.789996925284525,0,45.73699215926418,36.56028737440262,,,,,2.234916624179684,-7.796461756315054,-10.031378380494738,0.2392960386485105,45.73699215926418,,,,,,,,,-21.56993286132742,25.45329674937453,-12.726648374687265,0
2022-06-03,118.071,121.5,117.56,119.83,116.74849999999981,128.83739287735668,104.65960712264292,53.03576001492793,51.81308357707485,0,0,,,,159.13306666666676,160.72439733333343,157.5417360000001,,3.663653272200129,2.6394343396276554,-6.981618331987938,0,44.693955147540436,37.360038985907885,,,,,2.359458527367753,-7.082055221285046,-9.441513748652799,0.5487125923083552,44.693955147540436,,,,,,,,,-21.596164536922686,25.527474143670013,-12.763737071835006,0
2022-06-06,123.33,124.18,119.92,122.02,116.05749999999982,124.82631263342931,107.28868736657033,65.03110923199428,57.54982338780025,0,0,,,,159.06426666666675,160.65490933333342,157.4736240000001,,4.700451339431044,5.137539581673045,-4.439194392596679,0,46.69871590127168,38.520567746679646,,,,,2.5396694270643394,-6.266926964822375,-8.806596391886714,0.6601535096111869,46.69871590127168,,,,,,,,,-20.282993597577658,25.583966421660993,-12.791983210830496,0
2022-06-07,119.76,123.9117,119.12,122.9,116.23399999999981,125.39570813768914,107.07229186231048,68.78582377431363,62.28423100707861,0,0,,,,159.01355555555566,160.6036911111112,157.4234200000001,,4.59218409586033,5.7349828793642255,-2.8499457203386425,0,47.52188940209173,39.53623510151766,,,,,2.6559360621905626,-5.486676314148511,-8.142612376339073,0.8282262769634833,47.52188940209173,,,,,,,,,-19.735875611137207,25.63278844611221,-12.816394223056106,0
2022-06-08,121.43,125.51,121.23,123.77,116.6159999999998,126.3478701183384,106.8841298816612,74.49997568457042,69.43896956362612,0,0,,,,158.97751111111123,160.56728622222235,157.3877360000001,,3.7842642360613743,6.134664197022888,-1.4017934671486487,0,48.37081618009644,40.89848739146243,,,,,2.7193371897909744,-4.743440889100356,-7.46277807889133,0.8202510452870159,48.37081618009644,,,,,48.37081618009644,,48.37081618009644,,-18.66737990504464,25.66881939121463,-12.834409695607315,0
2022-06-09,122.31,122.98,115.42,115.72,116.59449999999981,126.33229127935041,106.85670872064921,64.72908768869557,69.33829571585987,0,0,,,,158.88697777777787,160.47584755555565,157.2981080000001,,-3.396806050639245,-0.7500353790271586,-6.912140892051887,0,41.65604274156392,41.390062835190726,,,,,2.170828168800629,-4.749242867890544,-6.920071036691173,0.7219066428412717,41.65604274156392,,,,,,,,,-19.836905565378434,25.71633174789065,-12.858165873945325,0
2022-06-10,111.8,115.13,108.32,108.91,116.2429999999998,126.54130102493687,105.94469897506272,52.062530072427734,63.763864481897905,0,0,,,,158.7521333333334,160.33965466666675,157.16461200000006,,-8.670859538784281,-6.308336846089491,-11.179676774816283,0,36.97930890653491,41.601059854068765,,,,,1.3417256172154595,-5.2429140151718485,-6.584639632387308,0.3895879811927966,36.97930890653491,,,,,,,,,-22.716382913361855,25.796667740416705,-12.898333870208353,0
2022-06-13,102.85,105.33,98.36,98.93,115.1169999999998,127.5873217280146,102.64667827198501,33.89989876225922,50.230505507794184,0,0,,,,158.57195555555563,160.1576751111112,156.98623600000008,,-15.511601889096882,-14.061346282477672,-18.110405681696008,0,31.413273639938822,41.365758802566475,,,,,0.17485534404775116,-6.3660704523276195,-6.540925796375371,-0.06396720373253456,31.413273639938822,,,,,,,,,-27.966588277568416,25.94940227206969,-12.974701136034845,0
2022-06-14,99.54,101.35,97.2006,98.87,114.33849999999981,128.6837434974171,99.99325650258253,28.365256091059088,38.10922830858201,0,0,,,,158.39480000000006,159.97874800000005,156.81085200000007,,-13.946019339733684,-13.528688936797174,-16.924343763654203,0,31.38269045374328,41.36866929709685,,,,,-0.5098792311060194,-7.178274835257895,-6.6683956041518755,-0.4621047099457111,31.38269045374328,,,,,,,,,-31.437139951948733,26.155892526966706,-13.077946263483353,0
2022-06-15,100.02,103.6499,98.92,101.47,113.53699999999981,128.84507120444,98.22892879555963,28.314954564529096,30.193369805949143,0,0,,,,158.21466666666674,159.7968133333334,156.63252000000008,,-10.495025051161022,-10.628253344724481,-13.687362305526618,0,34.364731247055985,41.29954904103406,,,,,-0.6856084697048512,-7.52540619128294,-6.839797721578089,-0.6849525709054238,34.364731247055985,,,,,,,,,-32.81597335292579,26.381576921470423,-13.190788460735211,0
2022-06-16,96.19,97.5,92.09,93.26,112.7984999999998,130.35758457181618,95.23941542818343,20.6220610448562,25.767423900148135,0,0,,,,157.9999111111112,159.5799102222223,156.4199120000001,,-15.653715360683208,-17.321595588593674,-19.23000308899492,0,29.94000633939382,40.65835185759879,,,,,-1.2213973128391142,-8.366544362626982,-7.145147049787868,-0.8230698696316927,29.94000633939382,29.94000633939382,29.94000633939382,29.94000633939382,,,,,,-33.82003356273979,26.619643578718392,-13.309821789359196,0
2022-06-17,93.53,100.61,93.53,99.49,112.06449999999981,130.53646413487715,93.59253586512246,27.0961131318599,25.34437624708174,0,0,,,,157.8052000000001,159.3832520000001,156.22714800000008,,-8.332872648202628,-11.220770181457851,-12.735980071981901,0,36.609975359557026,40.115436395415195,,,,,-1.0304667270099896,-8.433230458550355,-7.402763731540365,-0.8532618182699458,36.609975359557026,,,,,,,,,-33.36549549109373,26.84337461474022,-13.42168730737011,0
2022-06-21,102.69,104.8888,101.62,102.27,111.5504999999998,130.50560429937536,92.59539570062424,30.067536757158273,25.928570311291466,0,0,,,,157.62208888888895,159.19830977777784,156.04586800000007,,-4.025000234612031,-8.319550338187476,-9.408457690876904,0,39.38321899871056,39.74853640097204,,,,,-0.6118736768666135,-8.167605827623632,-7.555732150757018,-0.8463404239276012,39.38321899871056,,,,,39.38321899871056,,39.38321899871056,,-32.82531291786588,27.052025793808866,-13.526012896904433,0
2022-06-22,99,102.5,98.72,99.53,110.8629999999998,130.50238909437337,91.22361090562624,27.84876339312075,28.33747109404631,0,0,,,,157.42440000000008,158.99864400000007,155.85015600000008,,-4.501928575540903,-10.222526902573282,-11.316047402655393,0,37.635562921675785,39.45622709988847,,,,,-0.4234084644212812,-8.08499273128362,-7.661584266862339,-0.8693988590535091,37.635562921675785,,,,,,,,,-31.08513964700519,27.22676667116723,-13.613383335583615,0
2022-06-23,100,100.8,93.02,95.72,110.3369999999998,130.98128647350603,89.69271352649358,26.167708421732712,28.028002857337253,0,0,,,,157.2032000000001,158.7752320000001,155.6311680000001,,-5.6174014218525965,-13.247596001341188,-14.190689349139074,0,35.2904637023253,38.710046495821416,,,,,-0.45638244693614816,-8.232062325532524,-7.775679878596376,-0.8671223472074611,35.2904637023253,,,,,,,,,-31.609885113241802,27.405693633284415,-13.702846816642207,0
2022-06-24,97.52,104.18,96.33,103.51,109.99249999999981,130.84993596418738,89.13506403581223,38.26062654208747,30.75903278564698,0,0,,,,157.01591111111122,158.58607022222233,155.4457520000001,,3.3075172661580776,-5.8935836534307455,-6.855437407202003,0,43.0975809372282,38.59601976651339,,,,,0.11490341198653908,-7.6320506136132025,-7.7469540255997416,-0.7940262235569737,43.0975809372282,,,,,43.0975809372282,,43.0975809372282,,-30.819492680573305,27.5679731743986,-13.7839865871993,0
2022-06-27,103.96,104.17,99.33,101.5,109.35249999999981,130.42636616167448,88.27863383832513,40.040501462949344,34.82294547558985,0,0,,,,156.81191111111121,158.38003022222233,155.2437920000001,,2.0562063244681017,-7.180905786333025,-8.266830551212534,0,41.69961141175454,38.23894087440503,,,,,0.409304890802372,-7.235322912096777,-7.644627802899149,-0.7062202348267228,41.69961141175454,,,,,,,,,-29.880135142970317,27.71238093524595,-13.856190467622975,0
2022-06-28,103.34,105.45,97.09,97.53,108.2039999999998,129.22619246416002,87.18180753583955,38.63647553670122,38.97920118057935,0,0,,,,156.57728888888897,158.14306177777786,155.01151600000009,,-1.7973115843530674,-9.864700011089989,-11.215024169395239,0,39.008201367237646,37.63082030048688,,,,,0.3887120825915398,-7.158737699659724,-7.547449782251264,-0.625962124361024,39.008201367237646,,,,,,,,,-29.054125754716235,27.841640407278476,-13.920820203639238,0
2022-06-29,96.83,97,92.05,93.93,106.85699999999981,127.91261312334943,85.8013868766502,32.374470367789705,37.0171491224801,0,0,,,,156.32813333333343,157.89141466666675,154.7648520000001,,-4.949352870341572,-12.097476066144319,-13.956726453291413,0,36.695310680526504,36.79685562194617,,,,,0.19449304890816954,-7.304333471116053,-7.498826520024222,-0.5626320705788557,36.695310680526504,,,,,,,,,-31.06711927959827,27.997051198627194,-13.998525599313597,0
2022-06-30,92.49,92.91,86.71,89.08,105.4749999999998,127.37129512041196,83.57870487958763,25.6803269321854,32.230424278892116,0,0,,,,156.05986666666678,157.62046533333344,154.49926800000011,,-8.712672419093925,-15.543967764873035,-17.685180621950725,0,33.78865242116524,36.234899170489115,,,,,-0.17858562529745647,-7.722058551646043,-7.543472926348587,-0.5395969060224997,33.78865242116524,33.78865242116524,33.78865242116524,33.78865242116524,,,,,,-33.74721624267358,28.190430170534995,-14.095215085267498,0
2022-07-01,89.09,91.46,87.43,91.41,103.9824999999998,125.43638344799535,82.52861655200425,26.04306685575328,28.032621385242795,0,0,,,,155.80857777777788,157.36666355555568,154.2504920000001,,-6.147006581311776,-12.090976847065448,-15.097494071097406,0,36.395237507470235,36.19317978484164,,,,,-0.18559479753520058,-7.775466423267588,-7.589871625732387,-0.4950893476017644,36.395237507470235,,,,,,,,,-34.96129213699911,28.399000070040334,-14.199500035020167,0
2022-07-05,88.88,96.01,86.75,95.94,102.78799999999981,123.21517562464678,82.36082437535285,36.76078574402484,29.494726510654505,0,0,,,,155.57648888888897,157.13225377777786,154.0207240000001,,-1.1355907751285588,-6.662256294508917,-10.384187862540617,0,41.23871955331539,36.89499735008282,,,,,0.17803060299097684,-7.3673333719936664,-7.545363974984643,-0.49857158846933525,41.23871955331539,,,,,,,,,-34.243163590818874,28.59093650555895,-14.295468252779475,0
2022-07-06,95.29,96.1699,91.8,92.88,101.33099999999982,120.15751948715297,82.50448051284667,37.35054098327651,33.38479786101821,0,0,,,,155.31751111111123,156.87068622222233,153.76433600000013,,-3.35369343308769,-8.339994670929762,-12.707860803749437,0,39.07417852012416,37.44438935482432,,,,,0.2701188928504541,-7.207715358921575,-7.4778342517720295,-0.5584225569921365,39.07417852012416,,,,,,,,,-33.1267046365522,28.76106085564737,-14.380530427823684,0
2022-07-07,93.66,97.55,92.16,97.5,100.06099999999981,116.11955522767109,84.00244477232853,46.090099620735145,40.067142116012164,0,0,,,,155.0719111111112,156.6226302222223,153.5211920000001,,1.6684045881123488,-2.5594387423669707,-7.9105614779647615,0,43.86489452438585,38.12297244606216,,,,,0.6766895644923405,-6.631972296156604,-7.308661860648945,-0.4228711161775702,43.86489452438585,,,,,43.86489452438585,,43.86489452438585,,-31.435172267806696,28.902617374389155,-14.451308687194578,0
2022-07-08,96.23,98.12,93.2417,97.35,98.73999999999981,110.56977599112318,86.91022400887644,49.75998928630134,44.40020996343767,0,0,,,,154.84426666666678,156.39270933333344,153.29582400000012,,1.339745791823832,-1.4077374924041153,-7.794163612082072,0,43.74462441890869,39.10901659459894,,,,,0.9531060252576866,-6.117279329076837,-7.070385354334523,-0.5282165523686728,43.74462441890869,,,,,,,,,-30.866388450286646,29.033135161052243,-14.516567580526122,0
2022-07-11,96,97.09,93.27,95.1,97.7089999999998,106.69107080801292,88.72692919198668,48.4082215812865,48.08610349610766,0,0,,,,154.6273777777779,156.17365155555567,153.08110400000012,,-0.1281216525595652,-2.670173678985366,-9.488050709533857,0,41.889300870032734,39.48611127391864,,,,,0.9972647250796323,-5.823804447984983,-6.821069173064616,-0.5034609166224704,41.889300870032734,,,,,,,,,-30.11402591170028,29.150719640149227,-14.575359820074613,0
2022-07-12,95.3,97.6861,93.32,96.55,97.09099999999981,104.4616224974662,89.72037750253342,53.17113368729866,50.44644818496217,0,0,,,,154.4043111111112,155.94835422222232,152.8602680000001,,1.924477709628447,-0.557209216096044,-7.5876107098191365,0,43.550884755745976,39.78380168513545,,,,,1.1273862760003457,-5.411836328064183,-6.539222604064529,-0.3471409838765773,43.550884755745976,,,,,,,,,-30.138216930888486,29.26603233885239,-14.633016169426195,0
2022-07-13,93.75,96.5894,91.61,95.64,96.92649999999982,104.27241934342786,89.58058065657178,53.070904959509896,51.55008674269836,0,0,,,,154.1953777777779,155.7373315555557,152.65342400000011,,1.1656688315806685,-1.3272943931740278,-7.726743550327175,0,42.72521103691331,40.14734797908098,,,,,1.1513872619181669,-5.09998852666682,-6.251375788584987,-0.25559181603332815,42.72521103691331,,,,,,,,,-30.326171338220792,29.38124715365382,-14.69062357682691,0
2022-07-14,94.28,94.58,90.17,91.05,96.53549999999981,104.24926814534581,88.82173185465382,46.65481468616563,50.96561777765806,0,0,,,,153.9613777777779,155.5009915555557,152.4217640000001,,-3.3952254641912427,-5.682365554640345,-11.30456806639748,0,38.736039843010396,40.393460560558495,,,,,0.8701425149269939,-5.163697644926245,-6.033840159853239,-0.3997032963683975,38.736039843010396,38.736039843010396,,38.736039843010396,,,,,,-31.056515806504407,29.503442377558358,-14.751721188779179,0
2022-07-15,92.55,95.65,90.66,94.66,96.1949999999998,103.60257045192044,88.78742954807915,49.928271689041324,49.88466377823895,0,0,,,,153.729688888889,155.2669857777779,152.1923920000001,,-0.15610497004500123,-1.5957170331096227,-7.1226263908059195,0,43.22585306834152,40.40262285563802,,,,,0.9336405830147871,-4.866789431084754,-5.8004300140995415,-0.18717579080070343,43.22585306834152,,,,,,,,,-31.23574745441938,29.62531909543135,-14.812659547715676,0
2022-07-18,96.78,101.88,95.98,97.67,96.4154999999998,103.7223391935336,89.10866080646599,55.98014050019274,50.85440895846657,0,0,,,,153.44635555555564,154.9808191111112,151.91189200000008,,2.3429804891335726,1.3011393396292092,-3.4242037712715945,0,46.73126884943439,40.76202695832944,,,,,1.1694695411257907,-4.338593087692303,-5.508062628818093,0.2243038745420672,46.73126884943439,,,,,,,,,-30.459186539770766,29.73462366383528,-14.86731183191764,0
2022-07-19,99.7,102.71,98.76,102.2,96.55099999999979,104.17451861020645,88.92748138979313,63.70969114805145,56.53936777909518,0,0,,,,153.18791111111125,154.71979022222237,151.65603200000012,,6.391838434311614,5.8507938809543525,1.645692158760781,0,51.5769765405076,41.65979661356301,,,,,1.5952870101854035,-3.5139538660863394,-5.109240876271743,0.5689419805563112,51.5769765405076,,,,,,,,,-27.48847141249334,29.80666775529342,-14.90333387764671,0
2022-07-20,103.11,108.92,102.75,107.73,96.82399999999978,105.55741491057007,88.0905850894295,77.95803650668127,65.8826227183085,0,0,,,,152.98791111111123,154.51779022222235,151.45803200000012,,10.441334768568055,11.263736263736511,7.655717554887009,0,56.749341885760174,43.09222741393684,,,,,2.1780452238884562,-2.3866843464111724,-4.564729570299629,0.688709134409164,56.749341885760174,,,,,,,,,-24.05128336993261,29.842372450592954,-14.921186225296477,0
2022-07-21,106.98,108.5,104.41,108.14,97.25449999999978,107.23834189579196,87.2706581042076,80.69970280595678,74.12247682022983,0,0,,,,152.78328888888902,154.3111217777779,151.25545600000012,,9.665446358851337,11.192798276686688,8.599375357763206,0,57.115092594320714,44.758401712019385,,,,,2.4969110629770137,-1.4435907415783618,-3.9405018045553755,0.7083337070307734,57.115092594320714,,,,,57.115092594320714,,57.115092594320714,,-21.28746709904507,29.853510619184924,-14.926755309592462,0
2022-07-22,108.31,110.1,102.93,103.97,97.66699999999979,108.03739652087454,87.29660347912504,76.87006350822126,78.50926760695312,0,0,,,,152.55195555555565,154.0774751111112,151.0264360000001,,4.733507267983339,6.453561591940193,5.108323139601745,0,52.273268638222305,45.89254679278738,,,,,2.335682934245626,-1.0208981367483432,-3.356581070993969,0.7041020744151896,52.273268638222305,,,,,,,,,-20.684055400357277,29.85946467678476,-14.92973233839238,0
2022-07-25,103.78,105.26,101.4794,104.95,97.73899999999978,108.28910312746677,87.18889687253278,77.3399457995206,78.30323737123288,0,0,,,,152.3295555555557,153.85285111111125,150.80626000000012,,4.682014044046978,7.377812336938416,6.485521215933621,0,53.27574739175683,46.7523344955332,,,,,2.2053305271691563,-0.5999179120325238,-2.80524843920168,0.7591350615516346,53.27574739175683,,,,,,,,,-21.21307540202611,29.86897904381502,-14.93448952190751,0
2022-07-26,102.38,103.63,101.1,101.91,97.75949999999979,108.34030427000522,87.17869572999436,66.3963004925963,73.53543660011273,0,0,,,,152.08653333333345,153.6073986666668,150.5656680000001,,1.1092150170645798,4.245623187516534,3.646423074575922,0,49.782552347991164,47.51721834038084,,,,,1.8395903099290107,-0.5057605517904165,-2.345350861719427,0.7018655511699763,49.782552347991164,,,,,,,,,-22.57472261209737,29.888873538359594,-14.944436769179797,0
2022-07-27,105.79,107.985,104.06,107.36,98.25099999999979,109.62687429607792,86.87512570392167,71.12926113498301,71.62183580903331,0,0,,,,151.86502222222234,153.38367244444456,150.34637200000012,,5.292063865677821,9.27115245646377,8.878123975295393,0,55.42528485168802,48.342960506616706,,,,,1.8831054474275128,0.008530947564963753,-1.874574499862549,0.772450160857829,55.42528485168802,,,,,,,,,-21.547497722428503,29.899861998971232,-14.949930999485616,0
2022-07-28,108.17,110.06,104.68,108.84,98.9964999999998,111.07452181651294,86.91847818348666,75.01157141276374,70.84571101344768,0,0,,,,151.64653333333342,153.16299866666677,150.13006800000008,,4.913102570775618,9.94328082305962,10.008288018759082,0,56.84346465305956,49.2785919519132,,,,,1.9232046736855313,0.529431342244365,-1.3937733314411662,0.8280613274882904,56.84346465305956,,,,,,,,,-20.409676448790687,29.901839594957497,-14.950919797478749,0
2022-07-29,108.195,111.16,107.11,110.98,100.0914999999998,112.344498449366,87.8385015506336,80.29405613447858,75.47829622740845,0,0,,,,151.40644444444456,152.920508888889,149.89238000000012,,5.319098457888249,10.878546130291022,11.813006901415402,0,58.88062835732135,50.49225820100524,,,,,1.9967970908979613,1.1022230321812856,-0.8945740587166757,0.8477691139222041,58.88062835732135,,,,,,,,,-18.022648068741372,29.88772226707946,-14.94386113353973,0
2022-08-01,110,113.96,107.48,111.2,101.0809999999998,113.5640122967238,88.5979877032758,81.83406941825187,79.04656565516473,0,0,,,,151.172088888889,152.6838097777779,149.6603680000001,,4.190090697848503,10.010783431109926,11.363704645829209,0,59.094402752761454,51.60250948650635,,,,,1.9604435362030963,1.5559803615371948,-0.40446317466590165,0.8658181838404281,59.094402752761454,,,,,,,,,-16.9436775830231,29.86724987997466,-14.93362493998733,0
2022-08-02,111.67,117.78,111.1,116.34,102.1009999999998,115.9914800493061,88.2105199506935,86.11928038192839,82.74913531155293,0,0,,,,150.95137777777788,152.46089155555566,149.4418640000001,,7.58077342753023,13.945994652354265,15.85956898726597,0,63.82622259255489,53.109724597623604,,,,,2.1665983483396376,2.3037847607586457,0.13718641241900786,0.879877564520249,63.82622259255489,,,,,,,,,-14.891566480237358,29.83650335572262,-14.91825167786131,0
2022-08-03,108.225,115.57,107.65,115.02,103.20799999999979,117.50549572478272,88.91050427521685,82.9587727109662,83.63737417038215,0,1,,,,150.72835555555565,152.2356391111112,149.2210720000001,,5.64796869689792,11.444849236493514,14.06225724665211,0,61.847596264220606,54.760550056281474,,,,,2.0967455065756817,2.75811829563861,0.6613727890629283,0.8765467016195914,61.847596264220606,,,,,,,,,-13.61632631223631,29.800486323784416,-14.900243161892208,0
2022-08-04,114.31,119.24,114.255,119.22,104.29399999999978,119.92926066300748,88.65873933699208,86.61202921383665,85.23002743557707,0,0,,,,150.54568888888898,152.05114577777786,149.0402320000001,,8.402513207066576,14.311465664372115,17.46275715299108,0,65.51115633833676,56.35235743270971,,,,,2.205052813031326,3.4176888053520855,1.2126359923207597,0.8776881985054817,65.51115633833676,,,,,65.51115633833676,,65.51115633833676,,-11.33025820160819,29.757000607693005,-14.878500303846502,0
2022-08-05,115.52,118.8699,114.82,117.11,105.28199999999978,121.52278027682735,89.04121972317222,84.0914836632608,84.55409519602121,0,1,,,,150.3404000000001,151.8438040000001,148.8369960000001,,5.226743820365809,11.234589008567685,14.578950973006123,0,62.27582510248857,57.46268287935644,,,,,2.0116345807949725,3.7271792183144754,1.715544637519503,0.8690902012085725,62.27582510248857,,,,,,,,,-10.919021820805009,29.712598675244084,-14.856299337622042,0
2022-08-08,118.155,119.64,115.43,115.82,106.31799999999978,122.47179286731726,90.16420713268231,80.41414469826329,83.70588585845357,0,0,,,,150.11573333333342,151.61689066666676,148.61457600000008,,3.0610428901937548,8.93733892661659,12.863722885226125,0,60.31464184467353,58.086801829654,,,,,1.686985491852838,3.8242765023355503,2.1372910104827123,0.850096361909199,60.31464184467353,,,,,,,,,-10.57622819907661,29.667538507627377,-14.833769253813688,0
2022-08-09,115,115.67,112.8,114.44,107.21249999999978,123.08244376172125,91.3425562382783,74.2474092020931,79.58434585453905,0,0,,,,149.87702222222234,151.37579244444456,148.37825200000012,,0.7101810213580251,6.741284831526384,11.052168512576156,0,58.20301005392138,58.190635270236946,,,,,1.2875135150696342,3.746682904319755,2.4591693892501207,0.8576501051582834,58.20301005392138,58.20301005392138,,58.20301005392138,,,,,,-11.647357904726272,29.625498848016615,-14.812749424008308,0
2022-08-10,119.33,120.34,116.3,118.73,108.36699999999978,124.05998072388407,92.67401927611549,76.9513722473308,77.2043087158957,0,0,,,,149.6643111111112,151.16095422222233,148.16766800000008,,3.450379018907168,9.562874306754132,14.430465959032436,0,62.58800588625419,58.58155764823219,,,,,1.2209966329750843,3.9854151804689764,2.764418547493892,0.9030219781273933,62.58800588625419,,,,,,,,,-11.082755075310358,29.582082119386477,-14.791041059693239,0
2022-08-11,121.3,127.09,120.96,121.5,109.8894999999998,124.4331260609309,95.3458739390687,79.76135405318637,76.9867118342034,0,0,,,,149.48591111111122,150.98077022222233,147.9910520000001,,4.708883449963586,10.565613639155892,16.072082514672047,0,65.13168486466107,59.50001595012068,,,,,1.2668707313810024,4.348006961720145,3.0811362303391427,0.9050344130197228,65.13168486466107,,,,,,,,,-9.463368236401257,29.535255708284048,-14.767627854142024,0
2022-08-12,122.8,125,121.12,124.51,111.38199999999979,125.48771175092538,97.2762882490742,82.88980800580327,79.86751143544012,0,0,,,,149.28688888888897,150.77975777777786,147.79402000000007,,6.066156113434618,11.7864645993071,17.620571083092827,0,67.70151822034725,60.530428152162855,,,,,1.3932133076055249,4.822652864846049,3.429439557240524,0.9089893820892369,67.70151822034725,,,,,,,,,-6.669714977395235,29.485313757011802,-14.742656878505901,0
2022-08-15,123.55,126.4345,123.2,126.04,112.80049999999979,126.8108582752263,98.79014172477328,85.57321550776716,82.74145918891891,0,0,,,,149.09168888888897,150.58260577777787,147.60077200000006,,6.029123518376545,11.73709336394808,17.781550298253922,0,68.95404949536511,61.8998208055467,,,,,1.465743322780114,5.261618710715666,3.7958753879355522,0.917772235940117,68.95404949536511,,,,,68.95404949536511,,68.95404949536511,,-4.557444418816562,29.435489156009393,-14.717744578004696,0
2022-08-16,124.23,125.42,122.62,124.18,113.89949999999979,127.8595651502853,99.93943484971427,83.15609372235683,83.8730390786424,0,1,,,,148.86524444444456,150.353896888889,147.3765920000001,,3.7799710840149547,9.025939534414306,15.03154150417294,0,65.62236005374157,62.628183319979094,,,,,1.2810599181016649,5.397200285562633,4.116140367460968,0.9101594217413632,65.62236005374157,,,,,,,,,-3.639972107526385,29.386493359156574,-14.693246679578287,0
2022-08-17,121.63,123.27,120.64,121.87,114.6064999999998,128.67693890574142,100.53606109425817,78.09564856279484,82.27498593097293,0,0,,,,148.6252000000001,150.1114520000001,147.13894800000008,,1.2697146465903586,6.337773162953431,11.890145000275275,0,61.639047592195894,62.97072495848884,,,,,0.9132037907563504,5.2576451059064055,4.344441315150055,0.8697072093026095,61.639047592195894,,,,,,,,,-4.01706121609696,29.33745900613745,-14.668729503068725,0
2022-08-18,121.5,122.2,120.28,121.27,115.2629999999998,129.2904945731658,101.23550542683381,71.94806524061198,77.73326917525453,0,0,,,,148.389688888889,149.8735857777779,146.9057920000001,,0.5997660663473736,5.2115596505385,10.535190727209054,0,60.60994103610609,63.09424729268775,,,,,0.556869004504593,5.040527570780796,4.483658566276203,0.8059105487751868,60.60994103610609,,,,,,,,,-4.639411807659832,29.288347524629312,-14.644173762314656,0
2022-08-19,118.1845,119.2199,114.1,114.76,115.80249999999981,128.84667858664181,102.75832141335779,58.176560875697135,69.40675822636797,0,0,,,,148.150488888889,149.63199377777786,146.6689840000001,,-4.614668528492771,-0.9002396321321271,4.051064447103925,0,50.71610442145246,62.49579741187996,,,,,-0.15199638031123008,4.293663090887165,4.445659471198395,0.48172204260173723,50.71610442145246,,,,,,,,,-6.411674917520575,29.2395370008206,-14.6197685004103,0
2022-08-22,110.36,114.2281,109.97,111.39,116.12449999999981,128.37499137790778,103.87400862209184,47.62646982389183,59.2503653134003,0,0,,,,147.8985777777779,149.37756355555567,146.4195920000001,,-7.073555297867018,-4.077089675305223,0.5007443497089037,0,46.48577181798402,61.2571937851249,,,,,-0.8439273249539365,3.390750315005974,4.23467763995991,0.11923449864681085,46.48577181798402,46.48577181798402,,46.48577181798402,,,,,,-8.508644691140338,29.192878555487123,-14.596439277743562,0
2022-08-23,112.41,114.02,111.41,111.6,116.60899999999981,127.23064751816773,105.98735248183189,44.39074577471851,50.06459215810248,0,0,,,,147.64902222222236,149.12551244444458,146.17253200000013,,-6.677258853535317,-4.295551801318787,0.2365198646745892,0,46.783656202538666,60.18119806643334,,,,,-1.2585812095411582,2.6614511280334625,3.9200323375746207,-0.19138160905920898,46.783656202538666,,,,,,,,,-10.65708980191368,29.150456660396603,-14.575228330198302,0
2022-08-24,110.93,115.57,110.84,114.51,116.96649999999981,126.76856769004375,107.16443230995587,38.14894324197273,43.38871961352768,0,0,,,,147.38902222222234,148.86291244444456,145.9151320000001,,-3.904735530324177,-2.1001739814389686,2.272422796273754,0,50.86521371543997,59.13505930765499,,,,,-1.3025301093527526,2.29186970088368,3.5943998102364327,-0.2770217425746866,50.86521371543997,,,,,,,,,-10.38479340589415,29.107592550378687,-14.553796275189343,0
2022-08-25,115.89,117.95,115.42,117.03,117.37599999999982,126.44256362687631,108.30943637312333,42.922385463208535,41.820691493299904,0,0,,,,147.17804444444457,148.64982488888901,145.70626400000012,,-1.4201960982514583,-0.29477917121031316,3.7208821400610326,0,54.14510060847029,58.554293272367964,,,,,-1.133744591800673,2.1772190704855916,3.3109636622862646,-0.3477125165844539,54.14510060847029,,,,,,,,,-8.583375068297753,29.061667078301152,-14.530833539150576,0
2022-08-26,117.06,118.27,112.78,112.82,117.4679999999998,126.30759184579274,108.62840815420687,38.12514698373805,39.73215856297308,0,0,,,,146.94728888888903,148.41676177777794,145.47781600000013,,-4.021370175334315,-3.95682228351536,-0.5439142431483024,0,48.33960701951996,57.69893364199986,,,,,-1.267378122765702,1.726741008829137,2.994119131594839,-0.5378314795564069,48.33960701951996,,,,,,,,,-8.00763564100266,29.015233928378276,-14.507616964189138,0
2022-08-29,111.77,115.8,111.53,113.54,117.58499999999981,126.14723685728258,109.02276314271704,38.00660846261309,39.68471363651987,0,0,,,,146.70857777777795,148.17566355555573,145.24149200000016,,-2.370654445084752,-3.4400646340943197,-0.37379569345256103,0,49.34002172723397,57.06586304723647,,,,,-1.2660470702714486,1.411560293755528,2.6776073640269766,-0.7420867479326079,49.34002172723397,,,,,,,,,-7.989363188765457,28.969001950487225,-14.484500975243613,0
2022-08-30,114.5,116.02,110.44,112.56,117.39599999999982,126.22261520630576,108.56938479369387,34.37630161432483,36.8360190202253,0,0,,,,146.45506666666682,147.9196173333335,144.99051600000016,,-2.2365049724238806,-4.1193907799242035,-1.5320732269184179,0,47.9781258525554,56.022300187686554,,,,,-1.285797058656505,1.070361040706345,2.35615809936285,-0.8228677126793568,47.9781258525554,,,,,,,,,-8.960524460075034,28.924278107975915,-14.462139053987958,0
2022-08-31,113.49,115.58,112.4,113.12,117.30099999999982,126.26764909540836,108.33435090459128,33.285907766959916,35.222939281299254,0,0,,,,146.20240000000015,147.66442400000017,144.74037600000014,,-0.9977244880099878,-3.564334489901888,-1.197474037260693,0,48.84701069474675,54.85910917554982,,,,,-1.216515114164752,0.8355142066569101,2.0520293208216622,-0.8250905082126436,48.84701069474675,,,,,,,,,-8.65311516283278,28.879308450410413,-14.439654225205206,0
2022-09-01,111.1,114.08,108.17,113.4,117.0099999999998,126.08574349572507,107.93425650427454,29.408196439153933,32.356801940146205,0,0,,,,145.9656444444446,147.42530088888904,144.50598800000014,,-0.0643324843797366,-3.085206392615847,-1.1043636754759278,0,49.30295683647786,53.54492621955915,,,,,-1.1101578148422864,0.6643320522688043,1.7744898671110907,-0.7700679797821202,49.30295683647786,,,,,,,,,-8.514741862116288,28.834358889851465,-14.417179444925733,0
2022-09-02,114.32,116.46,112.33,113.64,116.83649999999982,126.02987212344841,107.64312787655122,30.590338359040196,31.094814188384657,0,0,,,,145.70293333333348,147.15996266666681,144.24590400000014,,0.24611638923417445,-2.7358744912761135,-1.172869210299099,0,49.71667482997268,52.17082802917397,,,,,-0.986160259089335,0.541789543249422,1.527949802338757,-0.6776596702378872,49.71667482997268,,,,,,,,,-8.043374097903088,28.7890439196502,-14.3945219598251,0
2022-09-06,114.09,114.52,110.5,113.7,116.73049999999982,126.0167273825371,107.44427261746254,31.369618549424146,30.456051115872736,0,0,,,,145.43680000000015,146.89116800000016,143.98243200000013,,0.09507711810670116,-2.59615096311574,-1.3708611760896994,0,49.82690927658681,51.042581545091494,,,,,-0.8668458099001357,0.4443925399635873,1.311238349863723,-0.5467393256995409,49.82690927658681,,,,,,,,,-7.740747195187027,28.743627167953548,-14.371813583976774,0
2022-09-07,112.85,116.44,112.71,116.07,116.81199999999983,126.04484484870072,107.57915515129893,40.91819111371554,34.29271600739327,0,0,,,,145.19488888888904,146.64683777777793,143.74294000000015,,1.7809696682711484,-0.6352087114336102,0.2744365124387693,0,54.106716856752776,50.504557921131266,,,,,-0.607326781398076,0.5520798731161278,1.1594066545142039,-0.23899826731294788,54.106716856752776,,,,,,,,,-6.854663159417778,28.697743228145942,-14.348871614072971,0
2022-09-08,114,119.3471,114,118.58,116.80449999999982,126.03134230927297,107.57765769072667,50.099993299300614,40.79593432081341,0,0,,,,144.97000000000017,146.41970000000018,143.52030000000016,,3.612183912063127,1.520061299008324,2.1129287356584703,0,58.175753262454535,50.330687365870446,,,,,-0.26321596158688054,0.8303867025306033,1.0936026641174839,0.43648928348529026,58.175753262454535,,,,,,,,,-5.34903683103364,28.651728310327936,-14.325864155163968,0
2022-09-09,120.0182,123.71,119.9,123.48,116.90349999999982,126.36913949240551,107.43786050759414,67.5922487413602,52.87014438479209,0,0,,,,144.75293333333352,146.20046266666685,143.30540400000018,,7.289014779608971,5.625580072453085,5.887498106293276,0,64.74697189577041,51.33289218546458,,,,,0.26900063535467744,1.4298534583108307,1.1608528229561532,0.6511714321423608,64.74697189577041,,,,,,,,,-2.5105793970223056,28.608019728639285,-14.304009864319642,0
2022-09-12,124.25,127.24,123.785,124.79,116.91749999999982,126.42881720637006,107.40618279362958,75.1194346300671,64.27055889024261,0,0,,,,144.5487111111113,145.9941982222224,143.10322400000018,,7.311158503026749,6.733380375050957,6.59009634876877,0,66.27263989690826,52.746239905387746,,,,,0.6615000957625441,1.9877279426593333,1.3262278468967892,0.7042429704910231,66.27263989690826,,,,,66.27263989690826,66.27263989690826,66.27263989690826,,0.004849716884451312,28.569337231911682,-14.284668615955841,0
2022-09-13,119.7,123.86,119.05,121.54,116.69249999999981,125.51815323362453,107.86684676637509,72.49460604838082,71.73542980660268,0,0,,,,144.33440000000016,145.77774400000015,142.89105600000016,,3.8022683793384138,4.154080167962992,3.5093596170987285,0,59.40392485992448,53.64768766662958,,,,,0.653335851938126,2.142897661819447,1.4895618098813208,0.721960546137923,59.40392485992448,,,,,,,,,0.9239812346029321,28.5332580685735,-14.26662903428675,0
2022-09-14,121.63,127,119.51,126.8,116.82349999999981,126.15319940567151,107.4938005943281,79.1364561960524,75.58349895816674,0,0,,,,144.14017777777795,145.58157955555572,142.69877600000018,,6.993384636154776,8.539805775379271,7.669315943210253,0,65.61536995974414,54.701270255508454,,,,,0.9360705781242831,2.6596500325366748,1.7235794544123917,0.8062234023888716,65.61536995974414,,,,,,,,,1.927951555402948,28.500396097358188,-14.250198048679094,0
2022-09-15,125.29,129.38,124.28,125.04,116.98199999999983,126.7468115189277,107.21718848107196,78.06954519069217,76.56686914504176,0,0,,,,143.95528888888907,145.39484177777797,142.51573600000017,,4.457662233509119,6.888239216289849,5.874582987586896,0,62.18675956467973,55.275674466666274,,,,,0.9361802273247204,2.893804738568292,1.9576245112435717,0.9119937215592357,62.18675956467973,,,,,,,,,2.138862714041328,28.468329122312632,-14.234164561156316,0
2022-09-16,121.11,122.26,117.59,118.75,116.85599999999984,126.45994793822686,107.25205206177282,64.86915884959222,74.02505341211224,0,0,,,,143.73088888888907,145.16819777777795,142.2935800000002,,-1.2383669192194136,1.6207982474157667,0.5620181844355754,0,51.774377356767474,55.52101520504109,,,,,0.4679124444339502,2.5425150667860095,2.0746026223520593,0.8356943537201375,51.774377356767474,,,,,,,,,1.5482495204680038,28.43443850541523,-14.217219252707615,0
2022-09-19,116.87,119.78,116.47,118.78,117.05699999999983,126.64532227244038,107.46867772755928,59.21436596073188,67.3843566670054,0,0,,,,143.49817777777795,144.93315955555573,142.06319600000018,,-1.633913857212843,1.4719324773402542,0.5400281017757358,0,51.815816614722,55.69785769700452,,,,,0.13288330025993744,2.240706747676981,2.1078234474170436,0.7502085184288738,51.815816614722,,,,,,,,,-0.373795397249786,28.39553434779158,-14.19776717389579,0
2022-09-20,117.93,121.66,116.62,116.71,117.32299999999984,126.55630948252974,108.08969051746993,51.390429323525204,58.49131804461641,0,0,,,,143.2653333333335,144.69798666666685,141.83268000000015,,-3.5884811736912714,-0.5224891964916045,-1.236901118429512,0,48.70589509494013,55.74984121431771,,,,,-0.23539162701869998,1.8135839136436687,2.0489755406623686,0.5703943989101043,48.70589509494013,,,,,,,,,-2.392451433151573,28.35318063454369,-14.176590317271845,0
2022-09-21,116.37,119.33,112.36,114.01,117.44349999999986,126.43463847074723,108.45236152925249,43.05552503430843,51.220106772855154,0,0,,,,143.0089333333335,144.43902266666683,141.57884400000015,,-5.658347676420162,-2.923533443740911,-3.510009253199231,0,44.918903582790996,55.469262134892304,,,,,-0.6448674099083747,1.2428912782769004,1.887758688185275,0.2853341401106467,44.918903582790996,,,,,,,,,-3.4309928995799837,28.309864769370673,-14.154932384685337,0
2022-09-22,112.67,113.72,103.26,103.72,116.90399999999984,127.65677340969188,106.1512265903078,26.13417874551625,40.19337770111661,0,0,,,,142.71142222222238,144.1385364444446,141.28430800000015,,-13.104673179068893,-11.27762950797223,-11.84544905955457,0,34.05226731016904,54.379927168727384,,,,,-1.54160797884173,-0.0392512853668876,1.5023566934748425,-0.20604367408031407,34.05226731016904,,,,,,,,,-7.381885968909753,28.266705551008258,-14.133352775504129,0
2022-09-23,102.2,103.18,99.71,101.75,116.13999999999983,128.7579602155093,103.52203978449035,21.614378317221412,30.268027365682013,0,0,,,,142.3876444444446,143.81152088888905,140.96376800000013,,-13.174444700441345,-12.390218701566946,-13.033196959509619,0,32.43452600657149,53.14548796705588,,,,,-2.162271453980672,-1.2004826240009976,0.9617888299796744,-0.5187300975270055,32.43452600657149,32.43452600657149,,32.43452600657149,,,,,,-11.284565197762767,28.230394717460577,-14.115197358730288,0
2022-09-26,101.78,105.36,101.56,103.23,115.66049999999984,129.4235802875001,101.8974197124996,22.40596772360253,23.384841595446712,0,0,,,,142.07813333333345,143.4989146666668,140.65735200000012,,-10.260533933740934,-10.747402959523654,-11.23003542887292,0,34.935378741524644,52.08180721455143,,,,,-2.352259756069719,-1.9785358651074745,0.37372389096224456,-0.7293272187433506,34.935378741524644,,,,,,,,,-14.037353224894247,28.202874203225157,-14.101437101612579,0
2022-09-27,106.04,108.17,104.14,106.37,115.30199999999984,129.62930484076392,100.97469515923576,25.079721065873187,23.033355702232356,0,0,,,,141.7825777777779,143.20040355555568,140.36475200000012,,-6.295147820571733,-7.746613241747625,-8.01121933923522,0,40.00882726942278,51.07481510117072,,,,,-2.151051104784783,-2.315089990018734,-0.16403888523395116,-0.841939121362775,40.00882726942278,,,,,,,,,-13.064743904433906,28.17197936120827,-14.085989680604134,0
2022-09-28,106.701,111.13,105.78,110.69,115.20849999999982,129.6302575558668,100.78674244413283,32.36586141693681,26.617183402137485,0,0,,,,141.48142222222236,142.89623644444458,140.06660800000014,,-1.0857423707611336,-3.922019642647745,-3.901583553271415,0,46.221850645337895,50.22096491423382,,,,,-1.6349879479657705,-2.2077738201911643,-0.5727858722253938,-0.8656546700888579,46.221850645337895,,,,,,,,,-10.321451514076944,28.133782895477413,-14.066891447738707,0
2022-09-29,109.19,109.475,105.17,106.66,114.88549999999982,129.76208492397333,100.0089150760263,31.05231813913945,29.499300207316463,0,0,,,,141.05937777777794,142.46997155555573,139.64878400000015,,-3.0953873549749322,-7.159737303663071,-6.990939769962711,0,41.865908177046165,48.586603220039216,,,,,-1.477783994877815,-2.4200158658226627,-0.9422318709448476,-0.8617054137192761,41.865908177046165,,,,,,,,,-9.110780792008882,28.09353214142905,-14.046766070714526,0
2022-09-30,104.76,109.08,104.73,105.04,114.46749999999983,129.94520380257322,98.98979619742643,29.90387085476219,31.107350136946128,0,0,,,,140.63591111111126,142.04227022222236,139.22955200000015,,-3.3635092367706676,-8.235962172668954,-7.96943996635604,0,40.22485031666051,46.7260468214501,,,,,-1.396578190968629,-2.687954609655634,-1.291376418687005,-0.8440483735121834,40.22485031666051,,,,,,,,,-9.237124483194767,28.05365207584834,-14.02682603792417,0
2022-10-03,105.49,106.35,102.18,105,114.03549999999984,130.05431952580074,98.01668047419894,28.17155436657336,29.709247786824978,0,0,,,,140.23733333333348,141.63970666666683,138.83496000000014,,-2.159935891462983,-7.923409815364391,-7.741512219124269,0,40.18296758067058,45.35312130150339,,,,,-1.2632485040351666,-2.870437048730963,-1.6071885446957965,-0.8274082209972526,40.18296758067058,,,,,,,,,-10.607163842322658,28.01653692674661,-14.008268463373305,0
2022-10-04,109.14,111.61,108.68,110.81,113.89099999999985,129.97133942428368,97.81066057571601,36.62825299534296,31.567892738892812,0,0,,,,139.87551111111125,141.27426622222237,138.47675600000014,,3.824675811408196,-2.705218147175681,-2.620000351520746,0,48.56086583577631,44.13494243550569,,,,,-0.7280254073325112,-2.5172203038614356,-1.7891948965289244,-0.6901822269667024,48.56086583577631,,,,,,,,,-9.20175066651069,27.976925100609794,-13.988462550304897,0
2022-10-05,110.52,112.34,107.84,111.76,113.67549999999983,129.7487753040627,97.60222469593695,42.728496143421985,35.842767835112745,0,0,,,,139.52062222222236,140.91582844444457,138.12541600000014,,4.936011192172729,-1.6850596654510608,-1.789741937373801,0,49.79896392970107,43.250099890150075,,,,,-0.2774551154852145,-2.1360137908854426,-1.8585586754002281,-0.47572648061120193,49.79896392970107,,,,,49.79896392970107,,49.79896392970107,,-7.06372379361364,27.935114537836686,-13.967557268918343,0
2022-10-06,112,114.41,110.2,111.58,113.32549999999985,129.2606052396951,97.3903947603046,47.78719309858554,42.381314079116805,0,0,,,,139.0985777777779,140.4895635555557,137.70759200000012,,3.9994780452793144,-1.5402535175224052,-1.8636927325659358,0,49.55558242427068,43.091614537828875,,,,,0.02495521526295441,-1.827364656321535,-1.8523198715844895,-0.23959243128740657,49.55558242427068,,,,,,,,,-4.977879202727724,27.893087919766632,-13.946543959883316,0
2022-10-07,108.87,109.5321,107.1,108.54,112.57849999999985,127.92949250863494,97.22750749136476,48.17141492969666,46.22903472390137,0,0,,,,138.6600444444446,140.04664488888903,137.27344400000015,,0.5297866034378096,-3.587274657239037,-4.299217041687364,0,45.51018127917418,42.64121201386117,,,,,0.03607350698041922,-1.8072279878589654,-1.8433014948393847,0.007609057404114511,45.51018127917418,,,,,,,,,-5.406255042586904,27.851180712864004,-13.925590356432002,0
2022-10-10,108.55,111.62,107.41,110.99,111.88849999999984,126.18637015608208,97.5906298439176,52.96005634005864,49.639554789446926,0,0,,,,138.2331555555557,139.61548711111126,136.85082400000013,,2.065401309497261,-0.8030315894840379,-2.086365841824489,0,49.11540728533961,42.67046288460399,,,,,0.21430950821371986,-1.5754146095722348,-1.7897241177859546,0.39837675742847156,49.11540728533961,,,,,,,,,-5.4230335632608435,27.809460708291876,-13.904730354145938,0
2022-10-11,110.988,111,103.595,106.82,111.15249999999983,124.8918578816542,97.41314211834546,45.1070941378302,48.74618846919515,0,0,,,,137.8229777777779,139.2012075555557,136.44474800000012,,-1.8099256358641846,-3.8977980702187054,-5.578488654745495,0,43.80317151047524,42.59076773658144,,,,,0.06498683726531729,-1.7084905712043081,-1.7734774084696254,0.6620381838833574,43.80317151047524,,,,,,,,,-6.5838070325825795,27.768143558216796,-13.884071779108398,0
2022-10-12,107.47,112.98,106.11,112.35,110.42999999999984,122.17733501693783,98.68266498306184,58.4296448624894,52.16559844679273,0,0,,,,137.41417777777792,138.78831955555572,136.04003600000013,,3.1159653067777793,1.7386579733769558,-0.6842049432482344,0,51.32223844907571,43.82433710364621,,,,,0.3370676984982832,-1.3521427853467713,-1.6892104838450546,0.6759341178842702,51.32223844907571,,,,,,,,,-5.298182742614499,27.726807236732352,-13.863403618366176,0
2022-10-13,107.3,113.13,105.3,112.65,109.81049999999985,119.5449757948314,100.0760242051683,62.114222656131034,55.216987218816854,0,0,,,,137.04186666666683,138.4122853333335,135.67144800000017,,2.8260036146555256,2.5858182960647236,-0.4052162381199209,0,51.69979492702331,45.20042774082134,,,,,0.5244785741882843,-1.0336122661096994,-1.5580908402979836,0.6442882069124833,51.69979492702331,,,,,,,,,-4.544846462676082,27.68586434653454,-13.84293217326727,0
2022-10-14,115,116.448,109.01,109.16,109.33099999999986,118.15947869115345,100.50252130884627,62.954654151420044,61.166173890013475,0,0,,,,136.71933333333348,138.08652666666683,135.35214000000013,,-0.7329538220907206,-0.15640577695242852,-3.37001071109273,0,47.120966480442796,46.07082686502978,,,,,0.40593121685406386,-1.0506768192304037,-1.4566080360844675,0.4848399475115223,47.120966480442796,,,,,,,,,-3.5738575445408323,27.64572779663919,-13.822863898319595,0
2022-10-17,112.33,116.76,111.03,116.5,109.21699999999984,117.60223965072944,100.83176034927024,71.60874026741965,65.55920569165691,0,0,,,,136.44480000000013,137.80924800000014,135.08035200000012,,4.8453868029804115,6.668375802301996,3.0405056797576435,0,55.95599018256476,47.209909930254206,,,,,0.7920497146085548,-0.466545892823774,-1.2585956074323288,0.561769491821133,55.95599018256476,,,,,,,,,-2.0737509460284285,27.60751614901628,-13.80375807450814,0
2022-10-18,120.03,120.71,115.7,117.94,109.27849999999985,117.89744720950085,100.65955279049885,75.32748971245883,69.96362804376618,0,0,,,,136.1694666666668,137.53116133333347,134.80777200000014,,5.464593262927964,7.9260787803640875,4.183904526060589,0,57.457734306288565,48.01247304889354,,,,,1.0959125656084914,0.11129509957828532,-0.984617466030206,0.7431251166415566,57.457734306288565,,,,,57.457734306288565,,57.457734306288565,,-0.3324261241445665,27.57268378179944,-13.78634189089972,0
2022-10-19,116.235,118.84,115.3,116.87,109.42149999999984,118.43555630114294,100.40744369885674,75.26667999688851,74.06763665892232,0,0,,,,135.91617777777793,137.27533955555572,134.55701600000015,,4.032401637884719,6.807163126076854,3.2143919032295853,0,55.931669960757944,49.01717031915867,,,,,1.1696100354206957,0.47739507824566374,-0.692214957175032,0.769928738681314,55.931669960757944,,,,,,,,,2.070920183348034,27.54451656261342,-13.77225828130671,0
2022-10-20,116.35,120.56,116,117,110.08549999999984,119.27652491565433,100.89447508434534,77.56319448283811,76.05245473072848,0,0,,,,135.63582222222234,136.99218044444456,134.27946400000013,,3.6480572633366792,6.281027019907404,3.3772858602844735,0,56.08428192964963,50.14998686294361,,,,,1.169096378924706,0.7691555164808506,-0.39994086244385546,0.7586299478907196,56.08428192964963,,,,,,,,,2.398709982991398,27.517490316491074,-13.758745158245537,0
2022-10-21,116.76,120.34,114.6401,119.95,110.99549999999984,120.30829222361257,101.6827077763871,82.11141935543975,78.31376461172214,0,0,,,,135.402088888889,136.7561097777779,134.04806800000011,,5.198074072774528,8.067444175664939,6.09410932248351,0,59.51088378927786,51.530552306415565,,,,,1.2993967577238092,1.224305084710906,-0.07509167301290315,0.7581054299759944,59.51088378927786,,,,,59.51088378927786,,59.51088378927786,,3.1695511307699626,27.49321626483584,-13.74660813241792,0
2022-10-24,118.33,119.07,112.8237,116.39,111.65349999999985,120.52794482771561,102.77905517228409,71.92227756023703,77.19896379950497,0,0,,,,135.1945777777779,136.5465235555557,133.84263200000012,,1.594755723924579,4.242141983905712,3.2009221493171314,0,54.03182500461858,51.92133510419001,,,,,1.0864436988842814,1.2829629505924487,0.19651925170816725,0.7728709637547335,54.03182500461858,,,,,,,,,3.2012336030487876,27.4690857308874,-13.7345428654437,0
2022-10-25,115.37,119.38,112.63,118.45,112.25749999999985,121.25482821454068,103.26017178545902,73.7300935681852,75.92126349462066,0,0,,,,134.96724444444456,136.316916888889,133.6175720000001,,2.353835784525282,5.516335211455958,5.123494590732691,0,56.5260768332142,52.40184316872666,,,,,1.0256884321901683,1.4786297919458775,0.4529413597557093,0.8267361908576873,56.5260768332142,,,,,,,,,3.776368464221354,27.44714565647526,-13.72357282823763,0
2022-10-26,117,119.91,114.97,115.31,112.48849999999985,121.54999055068622,103.42700944931347,68.45634440707238,71.36957184516488,0,0,,,,134.73862222222235,136.08600844444456,133.39123600000013,,-0.6136767164850676,2.508256399543196,2.6858068997452023,0,51.90308310137483,52.569521788519815,,,,,0.7293230812607614,1.364595211331661,0.6352721300708997,0.7960497457219793,51.90308310137483,,,,,,,,,2.5839809946329635,27.42090395853385,-13.710451979266924,0
2022-10-27,116.05,116.37,111.925,112.06,112.75849999999983,121.42230118655749,104.09469881344216,57.1311437678182,66.4391939143586,0,0,,,,134.432888888889,135.7772177777779,133.08856000000011,,-3.3657287238173073,-0.6194654948405875,0.17760083913405111,0,47.56680764936255,52.7164236721047,,,,,0.2921356376257356,1.000441677103069,0.7083060394773335,0.5822478831458586,47.56680764936255,,,,,,,,,1.4995638589287594,27.391328966520483,-13.695664483260241,0
2022-10-28,111.19,115.25,110.39,115.21,113.26699999999983,121.22401476687072,105.30998523312893,56.506229715187715,60.69790596335944,0,0,,,,134.1309777777779,135.47228755555568,132.78966800000012,,-1.1649852446643183,1.7154157874757603,3.102347641917369,0,51.77243614554621,52.90621144783375,,,,,0.19736893489539553,0.955017208096578,0.7576482732011824,0.4976897256275586,51.77243614554621,,,,,,,,,0.7456484955498532,27.359784186417965,-13.679892093208982,0
2022-10-31,113.06,113.8,106.67,106.91,113.36249999999981,120.95797463956049,105.76702536043913,42.13657704531145,51.92465017610581,0,0,,,,133.777288888889,135.11506177777787,132.4395160000001,,-7.524500687662961,-5.691917521225998,-3.9854150513557673,0,42.17361935734347,52.789814865467186,,,,,-0.4089693485148347,0.2464365875576391,0.6554059360724738,-0.051673651760233814,42.17361935734347,,,,,,,,,-1.498028202945731,27.323668263750644,-13.661834131875322,0
2022-11-01,110.965,113.1,108,109.05,113.2744999999998,121.02541859073614,105.52358140926347,39.49295214644257,46.045252968980584,0,0,,,,133.45546666666678,134.79002133333344,132.12091200000012,,-4.942468619247109,-3.729436016049348,-1.8384106914069553,0,45.00477936144456,52.33856778777925,,,,,-0.6369769990362364,-0.14081531272282177,0.4961616863134146,-0.3056150874865397,45.00477936144456,,,,,,,,,-2.0337763494292713,27.286893253899308,-13.643446626949654,0
2022-11-02,102.645,104.9799,94.25,94.41,112.40699999999981,123.71105431693466,101.10294568306496,19.917749805936058,33.84909299923004,0,0,,,,133.07320000000013,134.40393200000014,131.74246800000012,,-16.060600672155566,-16.010568736822307,-14.513894548121687,0,33.07464001175107,51.00819957954552,,,,,-1.6853103999725367,-1.6104763136522564,0.07483408632028032,-0.5794388769537876,33.07464001175107,,,,,,,,,-7.487341800337756,27.24896266335483,-13.624481331677416,0
2022-11-03,94.08,95.31,91.2723,92.02,111.42899999999982,125.81457875096444,97.04342124903519,14.794869343357078,24.735190431911917,0,0,,,,132.72200000000012,134.04922000000013,131.3947800000001,,-16.327198661526353,-17.41826634000112,-16.38270225081565,0,31.60184979154623,49.89969124462432,,,,,-2.407245174681134,-2.9342223820311375,-0.5269772073500033,-0.7973772430379432,31.60184979154623,31.60184979154623,,31.60184979154623,,,,,,-11.152760498088135,27.217264615539936,-13.608632307769968,0
2022-11-04,94.995,96.16,92.01,96.09,110.80649999999983,126.6426160326702,94.97038396732945,18.18409043407649,17.632236527789896,1,0,,,,132.40257777777788,133.72660355555567,131.0785520000001,,-10.688725718003766,-13.281260575868604,-12.534399737849078,0,36.76576635956684,48.52896097155305,,,,,-2.4690058930806664,-3.6132345737008364,-1.14422868062017,-0.860132067791556,36.76576635956684,,,,,,,,,-14.29799865884967,27.19530167350504,-13.59765083675252,0
2022-11-07,96.76,97.25,93.28,95.46,110.02999999999983,127.21915472035184,92.84084527964782,17.01445813664177,16.66447263802513,0,0,,,,132.07955555555566,133.4003511111112,130.7587600000001,,-9.51401461652962,-13.24184313369068,-12.902519434070259,0,36.308806910344245,47.018323300414174,,,,,-2.4080603598534056,-4.154304130436927,-1.7462437705835214,-0.8921716776080001,36.308806910344245,,,,,,,,,-13.618237870208944,27.170933986874832,-13.585466993437416,0
2022-11-08,95.53,101.9193,94.27,98.9,109.63399999999983,127.45405432091023,91.81394567908943,24.944729429251737,20.047759333323352,0,0,,,,131.82408888888898,133.14232977777786,130.5058480000001,,-4.483204883042891,-9.790758341390305,-9.558399912210492,0,40.64672459090275,45.92654148828166,,,,,-2.008173442482562,-4.256460573686724,-2.2482871312041617,-0.8977090119190271,40.64672459090275,,,,,,,,,-11.271081037544787,27.13976277481756,-13.56988138740878,0
2022-11-09,97.75,99.0899,95.15,95.79,108.80599999999984,127.55881141589677,90.05318858410291,23.572604876192692,21.843930814028752,0,0,,,,131.5480000000001,132.8634800000001,130.23252000000008,,-5.709223348755055,-11.962575593257585,-12.002743694249684,0,38.11899837743942,44.643306948838074,,,,,-1.8302360294252393,-4.536082167985711,-2.7058461385604717,-0.9033303413853148,38.11899837743942,,,,,,,,,-11.177604506506244,27.10846698179985,-13.554233490899925,0
2022-11-10,100.91,102.5,99.04,102.4,108.29349999999984,127.15800134512412,89.42899865487556,31.275939568642755,26.597757958029078,0,0,,,,131.3043111111112,132.6173542222223,129.99126800000008,,1.7649864843374496,-5.442154884642047,-5.80761081863378,0,45.82966229808595,43.66607684232436,,,,,-1.1762608685778693,-4.1761722242828085,-2.9999113557049393,-0.8234476619545167,45.82966229808595,,,,,,,,,-8.905078922348473,27.07295475839471,-13.536477379197356,0
2022-11-11,103.45,109.77,102.16,109.57,108.31399999999982,127.18311381067474,89.4448861893249,44.367192284533196,33.0719122431229,0,0,,,,131.0550222222223,132.36557244444452,129.7444720000001,,9.504297421546749,1.1595915578781701,0.6478992265624983,0,52.71271643827288,43.57185480187109,,,,,-0.21977810018324728,-3.2746339809339986,-3.0548558807507513,-0.6286602128790817,52.71271643827288,,,,,52.71271643827288,,52.71271643827288,,-5.500901513669661,27.035117523576577,-13.517558761788289,0
2022-11-14,107.74,108.69,105.04,105.16,107.74699999999982,126.27656891026344,89.2174310897362,46.69575360577736,40.77962848631779,0,0,,,,130.77000000000007,132.07770000000008,129.46230000000006,,5.281073234219069,-2.4009949232923655,-3.4077339946726792,0,48.62063397351007,43.00718031189223,,,,,0.1376625405819718,-2.882777705023287,-3.0204402456052586,-0.45088381655938264,48.62063397351007,,,,,,,,,-2.529259533591866,26.999190007328473,-13.499595003664236,0
2022-11-15,109.27,111.235,106.6,107.01,107.20049999999983,125.13034827041747,89.2706517295822,52.182993757737,47.74864654934921,0,0,,,,130.48422222222231,131.78906444444453,129.1793800000001,,7.352454329310221,-0.17770439503531632,-1.5939674462803755,0,50.3615003932327,42.897067261310646,,,,,0.5000823668143775,-2.395337287087287,-2.8954196539016643,-0.2131394696167906,50.3615003932327,,,,,,,,,-1.0287282432261229,26.965661732136827,-13.482830866068413,0
2022-11-16,107.7,107.7,104.38,104.43,106.57849999999982,123.97870721141571,89.17829278858393,52.81045295678139,50.563066773431935,0,0,,,,130.1853333333334,131.48718666666673,128.88348000000008,,3.7215815976875177,-2.015885004949236,-3.7502649794008747,0,47.9228368461246,42.92249791822222,,,,,0.5627723642908182,-2.1919541985381414,-2.7547265628289597,-0.017838210128529302,47.9228368461246,,,,,,,,,-2.5578890855664667,26.92997598756781,-13.464987993783906,0
2022-11-17,101.83,101.98,98.85,99.3,105.69349999999982,122.67902592651191,88.70797407348772,46.76987887088947,50.58777519513597,0,0,,,,129.87240000000008,131.17112400000008,128.5736760000001,,-2.0816282257351437,-6.049094788231846,-8.131828821133203,0,43.42057134044232,42.32593614642908,,,,,0.270293483786312,-2.4168597080960694,-2.6871531918823814,0.2191572018371658,43.42057134044232,,,,,,,,,-4.299030344621346,26.89301111591666,-13.44650555795833,0
2022-11-18,100.84,100.84,96.6,97.77,104.58449999999982,120.56872281501953,88.60027718498011,44.24029289509068,47.940208240920526,0,0,,,,129.56275555555564,130.8583831111112,128.26712800000007,,-3.7497908032174565,-6.515783887669624,-9.245897175672813,0,42.14873315903828,42.32415856083585,,,,,-0.00033860623829529146,-2.6875764496802503,-2.687237843441955,0.2929560193394359,42.14873315903828,,,,,,,,,-7.075522909575042,26.85650639569121,-13.428253197845605,0
2022-11-21,97.01,97.85,93.92,95.71,103.55049999999983,119.01323387859316,88.0877661214065,37.09688005120935,42.70235060572984,0,0,,,,129.23800000000006,130.53038000000006,127.94562000000005,,-5.800952718397168,-7.571667930140224,-10.736047552725958,0,40.431547844836984,41.99749916679246,,,,,-0.27691315994659993,-3.033379293375205,-2.756466133428605,0.43042507753947895,40.431547844836984,,,,,,,,,-9.6662572798127,26.823273020302032,-13.411636510151016,0
2022-11-22,93.53,95.37,92.98,95.28,102.39199999999983,116.64011791080473,88.14388208919492,37.82074395022605,39.71930563217538,0,0,,,,128.92151111111116,130.21072622222226,127.63229600000004,,-5.888860354398629,-6.945855144933033,-10.817135190789829,0,40.06462090729069,42.496783516473855,,,,,-0.4380599065159325,-3.304041016573521,-2.8659811100575885,0.20114312519871705,40.06462090729069,40.06462090729069,,40.06462090729069,,,,,,-10.822859083877006,26.792431275426733,-13.396215637713366,0
2022-11-23,95.56,97.05,94.3404,96.63,101.45799999999983,114.6027565211453,88.31324347885436,37.40323914631972,37.44028771591839,0,0,,,,128.58351111111116,129.86934622222228,127.29767600000005,,-4.634545921086641,-4.758619330166026,-9.107726266547257,0,41.84891742901693,43.22871691915033,,,,,-0.40381729230846375,-3.370752725443168,-2.9669354331347044,-0.07379337627557123,41.84891742901693,,,,,,,,,-11.099906493955162,26.762312681586284,-13.381156340793142,0
2022-11-25,96.97,98.8299,96.76,97.67,100.73849999999982,113.03090460610538,88.44609539389425,38.002206321941955,37.742063139495926,0,0,,,,128.25848888888893,129.54107377777783,126.97590400000004,,-3.1560786491232284,-3.0460052512195634,-7.695942540322731,0,43.25053583402048,43.69191473875417,,,,,-0.26776656099748664,-3.3016436343815627,-3.033877073384076,-0.2447152568800177,43.25053583402048,,,,,,,,,-10.427909105569904,26.73084052196113,-13.365420260980565,0
2022-11-28,97,98.32,94.81,95.3,99.74299999999981,110.28670542078099,89.19929457921863,28.756855153527532,34.720766873929755,0,0,,,,127.9609333333334,129.24054266666673,126.68132400000006,,-4.149819966608581,-4.454447931182958,-9.540774677745102,0,40.83504855891272,44.015217713651914,,,,,-0.2920444178476371,-3.3989325956936227,-3.1068881778459856,-0.4969287382057997,40.83504855891272,,,,,,,,,-10.32498177802317,26.699270616454232,-13.349635308227116,0
2022-11-29,96.1,97.26,95.3,95.38,99.16649999999981,109.33381483727145,88.99918516272818,29.58808438400851,32.11571528649268,0,0,,,,127.6748444444445,128.95159288888894,126.39809600000005,,-3.116366000325299,-3.818325745085116,-8.855775907651886,0,40.954922086562476,44.037231820484756,,,,,-0.25852153764687014,-3.4300400999045735,-3.1715185622577033,-0.6273197295752753,40.954922086562476,,,,,,,,,-10.579738146341175,26.668321501573143,-13.334160750786571,0
2022-11-30,95.86,102.25,95.72,102.14,98.82099999999983,108.0475072481511,89.59449275184855,42.49097515299076,33.61197156350895,0,0,,,,127.39080000000008,128.66470800000008,126.11689200000008,,4.265983401557483,3.3585978688742024,-1.902280046868865,0,50.14660269164536,44.896346414356614,,,,,0.2363636171568153,-2.876064040811684,-3.1124276579684995,-0.6987356388037518,50.14660269164536,,,,,50.14660269164536,,50.14660269164536,,-9.039763739230375,26.6347909680966,-13.3173954840483,0
2022-12-01,101.49,102.76,99.55,101.27,99.16399999999983,108.21750628210891,90.11049371789075,46.50362266575011,39.52756073424981,0,0,,,,127.12662222222228,128.3978884444445,125.85535600000006,,3.7124276716675064,2.1237545883588504,-2.2496637730775593,0,49.087496878766125,45.1290488844052,,,,,0.507011514611591,-2.4786632647040108,-2.9856747793156018,-0.6166849316607315,49.087496878766125,,,,,,,,,-7.05273716402208,26.599350391218596,-13.299675195609298,0
2022-12-02,99.25,101.74,98.97,101,99.61299999999981,108.07623838729614,91.14976161270349,51.0467315106668,46.680443109802574,0,0,,,,126.82613333333339,128.09439466666672,125.55787200000006,,3.2561468077490607,1.3923885436641692,-2.005808500591999,0,48.743429803784885,44.84552841051319,,,,,0.6600590498395378,-2.1606009670161797,-2.8206600168557174,-0.3931403070281907,48.743429803784885,,,,,,,,,-5.200859600806031,26.563594629162814,-13.281797314581407,0
2022-12-05,100,101.17,98.04,98.51,99.73399999999981,108.06039513836618,91.40760486163344,50.10960772271196,49.219987299709636,0,0,,,,126.51044444444452,127.77554888888896,125.24534000000007,,0.6343920154457949,-1.2272645236326651,-3.754339571025822,0,45.57107489993699,44.62770276240083,,,,,0.5881943298595891,-2.0854171045312313,-2.6736114343908204,-0.25304311309182376,45.57107489993699,,,,,,,,,-6.231871449434529,26.52806609661391,-13.264033048306954,0
2022-12-06,98.25,98.5,91.9,93.12,99.61699999999982,108.2407859435516,90.99321405644804,35.67041238074587,45.60891720470823,0,0,,,,126.1865333333334,127.44839866666673,124.92466800000007,,-4.61948171668568,-6.521979180260229,-8.325703653386263,0,39.56787852669957,43.856729771934184,,,,,0.19271439403350943,-2.432718441848934,-2.6254328358824432,-0.17142151986020196,39.56787852669957,,,,,,,,,-8.655421677598403,26.494559082977005,-13.247279541488503,0
2022-12-07,88.805,91.67,86.88,91.5,99.2469999999998,108.56882407043888,89.92517592956072,29.71008973392,38.49670327912596,0,0,,,,125.86435555555563,127.12299911111118,124.60571200000008,,-5.914531320692895,-7.805777504609523,-9.116794024553531,0,37.94974958868343,43.144366396402674,,,,,-0.14471622037427156,-2.8063281113502825,-2.661611890976011,-0.1504695478875895,37.94974958868343,37.94974958868343,,37.94974958868343,,,,,,-11.448561342509079,26.466260036154086,-13.233130018077043,0
2022-12-08,92.97,95.61,91.75,94.83,99.1989999999998,108.6010740265226,89.796925973477,34.485043296966786,33.28851513721091,0,0,,,,125.5983111111112,126.85429422222231,124.3423280000001,,-2.3096258447340645,-4.40427826893397,-5.166206648266092,0,43.10074150222657,43.12152140795869,,,,,-0.1118467008976447,-2.8014202670980666,-2.689573566200422,-0.14732443876212187,43.10074150222657,,,,,,,,,-12.413499775107843,26.44051812168952,-13.22025906084476,0
2022-12-09,93.84,96.6678,93.24,94.7,98.81399999999981,108.29055084934417,89.33744915065544,33.63023419294784,32.60845574127823,0,0,,,,125.33217777777787,126.58549955555566,124.07885600000009,,-2.1441487987602703,-4.163377659035983,-4.744980754529903,0,42.950841097743094,43.17881483215189,,,,,-0.06915750148676869,-2.776020443058883,-2.706862941572114,-0.1882870235237392,42.950841097743094,,,,,,,,,-11.769525174918973,26.413152664224416,-13.206576332112208,0
2022-12-12,93.76,95.96,93.49,95.58,98.11449999999981,106.28770371703824,89.94129628296137,37.309382355834,35.141553281916224,0,0,,,,125.05475555555563,126.30530311111119,123.80420800000007,,-1.2633905973991055,-2.5832063558391627,-3.222866863096674,0,44.36148563465309,43.45952467428161,,,,,0.04206210908526087,-2.654285305215538,-2.696347414300799,-0.26998742245910373,44.36148563465309,,,,,,,,,-10.432165313785903,26.382907761422384,-13.191453880711192,0
2022-12-13,100.37,100.65,93.12,93.34,97.5234999999998,105.2717572879466,89.775242712053,36.44698865316724,35.79553506731637,0,0,,,,124.7730222222223,126.02075244444453,123.52529200000006,,-3.3737409289953946,-4.28973529456983,-5.056080723692413,0,41.54542755422628,43.56529657763416,,,,,-0.008802041215486334,-2.707349965820157,-2.6985479246046706,-0.4406702957891538,41.54542755422628,,,,,,,,,-10.866132915157811,26.353640236771234,-13.176820118385617,0
2022-12-14,93.54,95.26,91.21,93.93,96.8694999999998,103.41996097616075,90.31903902383885,35.35800438565297,36.371458464884746,0,0,,,,124.53315555555561,125.77848711111116,123.28782400000006,,-1.9294618805991481,-3.034494861643555,-3.9636016631451554,0,42.57936015705387,43.61747105820823,,,,,0.02203328029715035,-2.6710063242332325,-2.693039604530383,-0.5184563140142046,42.57936015705387,,,,,,,,,-11.079469036278583,26.324922090090915,-13.162461045045458,0
2022-12-15,91.52,92.71,89.52,90.61,96.17849999999979,102.29427067917197,90.0627293208276,30.11808313207483,33.974358723631696,0,0,,,,124.29337777777785,125.53631155555563,123.05044400000007,,-4.331024579778964,-5.789755506687877,-7.237919737919918,0,38.45722317394733,43.27509158248871,,,,,-0.14711747437575085,-2.8769364475000714,-2.7298189731243205,-0.6117620077104574,38.45722317394733,,,,,,,,,-12.619437274915065,26.300113349055106,-13.150056674527553,0
2022-12-16,89.86,91.29,88.56,89.57,95.69199999999981,102.26783637267559,89.11616362732403,27.12776102252046,30.867949513416097,0,0,,,,124.05973333333341,125.30033066666675,122.81913600000007,,-4.27385138240256,-6.397608995527138,-8.22589183558481,0,37.24096938851865,43.01837164174628,,,,,-0.2869088811721241,-3.0884550745894757,-2.8015461934173516,-0.7599021810614665,37.24096938851865,,,,,,,,,-13.787282926464174,26.278872664329324,-13.139436332164662,0
2022-12-19,89.51,89.76,85.4,85.93,95.0999999999998,102.84825657810929,87.3517434218903,18.847279700332077,25.36437461830913,0,0,,,,123.82648888888896,125.06475377777785,122.58822400000007,,-6.9125023020011,-9.642481598317353,-11.648884943741821,0,33.274447434979166,42.46976630949032,,,,,-0.5662423235159961,-3.509349097812347,-2.943106774296351,-0.8815175200236479,33.274447434979166,33.274447434979166,,33.274447434979166,,,,,,-16.281471112992964,26.266933540529315,-13.133466770264658,0
2022-12-20,86.71,90.86,86.52,87.62,94.6954999999998,103.09172885587402,86.29927114412557,20.122384349237652,22.032475024030074,0,0,,,,123.58137777777785,124.81719155555562,122.34556400000007,,-4.512810453242933,-7.471843963018099,-9.66855100603119,0,36.6482340796934,41.505597122922325,,,,,-0.5769561607957963,-3.664301975291096,-3.0873458144952997,-0.8748017201571611,36.6482340796934,,,,,,,,,-17.16219738606757,26.258781110070096,-13.129390555035048,0
2022-12-21,87.49,88.79,86.59,87.07,94.2849999999998,103.30630478368883,85.26369521631077,18.567933766310126,19.179199271959963,0,0,,,,123.28404444444449,124.51688488888894,122.05120400000004,,-4.651875862371324,-7.652330699474808,-9.869156556664516,0,36.01010217632556,40.57149750131943,,,,,-0.5603793637488659,-3.787820019181382,-3.227440655432516,-0.8651836524432859,36.01010217632556,,,,,,,,,-17.908084150347218,26.25401359961658,-13.12700679980829,0
2022-12-22,85.54,86.09,82.58,84.87,93.6969999999998,103.52703580869338,83.86696419130622,15.516123591883659,18.068813902477157,0,0,,,,122.9637333333334,124.19337066666672,121.73409600000006,,-6.036181661168083,-9.420792554724077,-11.814214463840568,0,33.49754981415968,39.482506073489056,,,,,-0.6315882362825285,-4.0169259507856765,-3.385337714503148,-0.8651130603631995,33.49754981415968,,,,,,,,,-18.207300513177085,26.250568706817674,-13.125284353408837,0
2022-12-23,84.7,85.51,83.5,85.25,93.07599999999981,103.3813605468315,82.77063945316812,16.992464616218466,17.025507324804096,0,0,,,,122.66813333333339,123.89481466666672,121.44145200000006,,-4.617519048525076,-8.40818256048802,-10.890054180240938,0,34.34961659422976,38.680973337367114,,,,,-0.5879974890557405,-4.120334575822824,-3.5323370867670834,-0.8577582754013559,34.34961659422976,,,,,,,,,-18.933115096540067,26.250629894094875,-13.125314947047437,0
2022-12-27,84.78,84.93,82.83,83.49,92.4854999999998,103.53967292248488,81.43132707751472,17.477383826839286,16.661990678313813,1,0,,,,122.37444444444448,123.59818888888893,121.15070000000003,,-5.305779874784788,-9.726389542144254,-11.929450732602831,0,32.2862904058359,38.16085990016256,,,,,-0.60996729855382,-4.294796209959358,-3.684828911405538,-0.9030642425305251,32.2862904058359,,,,,,,,,-20.02627973450883,26.256367631632102,-13.128183815816051,0
2022-12-28,83.25,84.25,81.91,82.49,91.84099999999981,103.62402151403408,80.05797848596553,15.186253213977185,16.552033885678323,0,0,,,,122.04968888888894,123.27018577777783,120.82919200000005,,-5.274278561832113,-10.181727115340466,-12.285116790132388,0,31.141674000558496,37.67456878672507,,,,,-0.621985837812185,-4.462311208670769,-3.8403253708585843,-0.9671159602567055,31.141674000558496,31.141674000558496,,31.141674000558496,,,,,,-20.746572339104784,26.265960753559114,-13.132980376779557,0
2022-12-29,82.97,85.56,82.29,85.23,90.9954999999998,102.10888377813902,79.88211622186057,23.117515143596528,18.593717394804344,1,0,,,,121.7266666666667,122.94393333333338,120.50940000000003,,-1.1401992738917066,-6.336027605760508,-8.66648568326015,0,37.66282396691157,37.28614610563114,,,,,-0.38704138776759756,-4.324127105568081,-3.9370857178004837,-0.9416153874682979,37.66282396691157,,,,,,,,,-20.754325461686452,26.275324525410586,-13.137662262705293,0
2022-12-30,83.61,86.06,83.6001,85.5,90.20699999999981,100.50007553650468,79.91392446349494,29.21288206138074,22.505550139651493,0,0,,,,121.38551111111116,122.59936622222227,120.17165600000004,,-0.23570045039819076,-5.217998603212415,-7.753390467490884,0,38.283078386806125,36.95273448342135,,,,,-0.16636898081119522,-4.145046943814478,-3.9786779630032827,-0.8954094468447718,38.283078386806125,,,,,,,,,-20.135858979521338,26.280931423967782,-13.140465711983891,0
2023-01-03,87.385,88.14,84.3,84.9,89.4019999999998,98.65891006763025,80.14508993236936,31.459990445883598,27.93012921695363,0,0,,,,121.00937777777783,122.21947155555561,119.79928400000004,,-0.39303103185341914,-5.035681528377223,-7.923895321724284,0,37.39268572412577,36.45496306124083,,,,,-0.021352205144690828,-4.005368219434146,-3.9840160142894554,-0.8457953486181348,37.39268572412577,,,,,,,,,-19.401027810934455,26.282380598328107,-13.141190299164053,0
2023-01-04,85.89,88.84,84.79,88.72,88.91249999999981,97.17287741269664,80.65212258730298,41.88935715462322,34.187409887295864,0,0,,,,120.63946666666672,121.84586133333339,119.43307200000005,,3.749093715648577,-0.21650499086158792,-3.465184938015675,0,46.003378654792556,36.77338813985271,,,,,0.35076580758185694,-3.5455587548121343,-3.8963245623939913,-0.6254221720033978,46.003378654792556,,,,,,,,,-18.30138097871897,26.278184343494907,-13.139092171747453,0
2023-01-05,88.48,88.5,86.75,87.71,88.6419999999998,96.68499347259463,80.59900652740497,45.82859725940511,39.725981619970646,0,0,,,,120.28915555555561,121.49204711111116,119.08626400000006,,2.557206833249226,-1.051420319938412,-4.286431393090407,0,44.269724204629334,36.894128428965246,,,,,0.5366806524251433,-3.225473746862562,-3.7621543992877053,-0.3566050985648155,44.269724204629334,,,,,,,,,-17.59945671334032,26.2706349534824,-13.1353174767412,0
2023-01-06,88.52,88.74,85.71,88.52,88.4929999999998,96.4283817803682,80.5576182196314,51.906563350534334,46.541505921520894,0,0,,,,119.92853333333338,121.12781866666671,118.72924800000004,,3.3291310641076377,0.03051088786705236,-3.16440464122425,0,46.02644272754918,37.43478696850823,,,,,0.711065939999568,-2.8733219742882454,-3.5843879142878134,0.012189966557454048,46.02644272754918,,,,,,,,,-16.44550309898519,26.25812426331446,-13.12906213165723,0
2023-01-09,90.255,92.05,88.88,89.24,88.2134999999998,95.61200599784858,80.81499400215101,63.279218456036006,53.671459688658494,0,0,,,,119.5248444444445,120.72009288888894,118.32959600000005,,3.6409035479934015,1.1636540892269398,-2.112987616042672,0,47.607375149703294,38.175244522878565,,,,,0.8617189066551392,-2.5072392809688893,-3.3689581876240284,0.4219378951902685,47.607375149703294,,,,,,,,,-16.269354524785438,26.244871478850687,-13.122435739425343,0
2023-01-10,88.86,89.62,86.75,88.54,87.90549999999979,94.68523590932632,81.12576409067326,60.21308113069624,58.466287645755536,0,0,,,,119.08884444444449,120.27973288888893,117.89795600000005,,2.4365411759258437,0.7217978397258573,-2.5555237613085313,0,46.190805203066994,39.0978415063134,,,,,0.8970143225587415,-2.2476902844256017,-3.144704606984343,0.5203308358734058,46.190805203066994,,,,,,,,,-15.98390421013093,26.230483122387334,-13.115241561193667,0
2023-01-11,89,94.83,88.864,94.44,87.84849999999979,94.38395491914736,81.31304508085222,71.60407598747166,65.0321251914013,0,0,,,,118.69257777777781,119.87950355555559,117.50565200000004,,7.895668864033323,7.503258450628336,3.970642201834651,0,57.633431842903036,40.596784203685516,,,,,1.2773077205817076,-1.5480699562572084,-2.825377676838916,0.7415057035499227,57.633431842903036,,,,,,,,,-14.095167421014324,26.209632886651814,-13.104816443325907,0
2023-01-12,95.31,98.95,94.02,98.49,88.1059999999998,95.79130650008202,80.42069349991758,79.30107103041613,70.37274271619468,0,0,,,,118.35297777777782,119.5365075555556,117.16944800000005,,10.502754434583261,11.785803464009525,8.305750134708422,0,63.38877461756407,42.55240366377398,,,,,1.7329296410154291,-0.6592156255696295,-2.3921452665850587,0.8435996426182526,63.38877461756407,,,,,,,,,-11.183591334598916,26.181599134637267,-13.090799567318633,0
2023-01-13,97.5,100.6999,97.42,100.37,88.4279999999998,97.48043304312134,79.37556695687826,84.08136237457154,78.32883646415313,0,0,,,,118.06466666666671,119.24531333333339,116.88402000000004,,10.731109958849272,13.504772244085839,10.444772112062118,0,65.71694586848866,44.853789096226045,,,,,2.069447538319717,0.19466415631458744,-1.8747833820051294,0.8850446672407615,65.71694586848866,,,,,,,,,-7.489004141404173,26.149185085055016,-13.074592542527508,0
2023-01-17,99.915,102.735,99.1,101.27,88.9609999999998,99.5836812058066,78.338318794193,85.68060018508639,83.02101119669136,0,0,,,,117.84791111111116,119.02639022222228,116.66943200000004,,9.813489481673976,13.83640022032151,11.435110807896077,0,66.80522361348011,47.172046740458214,,,,,2.246414517021363,0.9332347642715746,-1.3131797527497886,0.9290296249320743,66.80522361348011,,,,,66.80522361348011,,66.80522361348011,,-5.392373025498273,26.11667499727877,-13.058337498639386,0
2023-01-18,101.41,103.8001,100.32,101.11,89.5379999999998,101.41045147390376,77.66554852609583,85.32022302630689,85.02739519532162,0,0,,,,117.59391111111115,118.76985022222226,116.41797200000005,,7.746081137242489,12.924121602001648,11.25456179280726,0,66.40166985055032,49.60885955793781,,,,,2.2413344127762564,1.4884882632205318,-0.7528461495557245,0.9452715812735205,66.40166985055032,,,,,,,,,-4.595296983709588,26.08464204392585,-13.042321021962925,0
2023-01-19,99.84,100.52,97.57,99.1,90.1964999999998,102.64252149283861,77.75047850716099,81.39471561600288,84.13184627579874,0,1,,,,117.34506666666671,118.51851733333338,116.17161600000004,,4.448824291992692,9.871225601880585,9.01930298052076,0,61.385016266842364,51.7690982912438,,,,,1.9992458986724744,1.7462112237848686,-0.25303467488760584,0.9342943957782853,61.385016266842364,,,,,,,,,-4.987070624532737,26.052522198619787,-13.026261099309894,0
2023-01-20,99.01,101.37,98.1107,101.28,90.8794999999998,104.15649585750491,77.60250414249468,83.70971284684242,83.47488382971741,0,0,,,,117.12191111111116,118.29313022222227,115.95069200000005,,5.241281848788137,11.444275111549063,11.085112606024916,0,64.51621193708661,53.687197431970596,,,,,1.8841351104138915,2.1021342131297587,0.2179991027158671,0.9381067991124175,64.51621193708661,,,,,,,,,-4.948519255841231,26.02053817072571,-13.010269085362856,0
2023-01-23,101.99,105.38,101.35,105.22,91.78699999999978,106.32013194050828,77.25386805949128,88.29086882611995,84.46509909632177,0,0,,,,116.91840000000003,118.08758400000004,115.74921600000003,,7.4704308213998205,14.634970093804412,14.83055163482363,0,69.35309305017151,55.90648419363954,,,,,1.9626705617609088,2.671337304917003,0.7086667431560942,0.9452307225508827,69.35309305017151,,,,,69.35309305017151,,69.35309305017151,,-3.6222813999191303,25.989613290551326,-12.994806645275663,0
2023-01-24,104.7,106.3899,103.82,104.13,92.7499999999998,107.86302087605894,77.63697912394066,86.84107818891722,86.28055328729322,0,0,,,,116.68106666666671,117.84787733333337,115.51425600000005,,4.76382111776219,12.269541778975967,13.257825699182568,0,66.64647137030302,57.99604031122364,,,,,1.8329865941878039,2.999899985890849,1.1669133917030452,0.9374698389593307,66.64647137030302,,,,,,,,,-2.0235542128122614,25.960813175201874,-12.980406587600937,0
2023-01-25,100.36,104.675,99.841,104.44,93.70949999999979,109.22729813634028,78.1917018636593,85.83086727957149,86.98760476486957,0,1,,,,116.47106666666669,117.63577733333335,115.30635600000002,,3.4213001930977205,11.450813418063511,13.195277388401339,0,67.04044122285754,59.49868763751399,,,,,1.664759958710342,3.247863340090973,1.5831033813806308,0.9339356874517438,67.04044122285754,,,,,,,,,-1.0315655490851736,25.93383747130405,-12.966918735652024,0
2023-01-26,106.3,109.49,105.675,109.42,95.00599999999979,111.20954084761135,78.80245915238822,88.87775654880183,87.18323400576354,0,0,,,,116.32315555555557,117.48638711111113,115.15992400000002,,6.768927529443647,15.171673367998073,18.002732044000048,0,72.63289490010514,61.52462840147655,,,,,1.775428409235332,3.802388892924796,2.026960483689464,0.9349042831850054,72.63289490010514,,,,,,,,,0.2858899138830502,25.909804756460915,-12.954902378230457,0
2023-01-27,108.86,117.12,108.7345,115.94,96.6784999999998,114.2193703033859,79.1376296966137,92.00521367822425,88.90461250219921,0,0,,,,116.25360000000003,117.41613600000004,115.09106400000003,,11.236903711094648,19.92325077447441,24.02652973898134,0,77.91612202524612,63.80246263702633,,,,,2.149334115325826,4.7136281278467465,2.5642940125209206,0.9257773288826212,77.91612202524612,,,,,77.91612202524612,,77.91612202524612,,3.96362747363098,25.897246167674897,-12.948623083837449,0
2023-01-30,114.13,115.08,109.275,109.48,97.8909999999998,115.45128348291091,80.3307165170887,85.86105187429894,88.91467403377503,0,1,,,,116.10848888888891,117.26957377777781,114.94740400000002,,4.1288199431226635,11.838677712966694,16.47015017996751,0,64.60775734438968,65.0167756509325,,,,,1.8353790349208317,4.85851780617196,3.0231387712511286,0.9084287702884248,64.60775734438968,,,,,,,,,5.514220140705544,25.890961618267998,-12.945480809133999,0
2023-01-31,109.48,111.23,108.82,111.11,99.17149999999981,116.66566619905598,81.67733380094364,84.46900777276196,87.44509110842841,0,0,,,,115.94315555555558,117.10258711111113,114.78372400000002,,4.699264061513286,12.038236791820456,17.35112394162872,0,66.17754966951783,66.44440025567899,,,,,1.6188458839246875,5.046696126156988,3.4278502422323003,0.9052755052515303,66.17754966951783,,,,,,,,,6.017474837909191,25.88681553901938,-12.94340776950969,0
2023-02-01,111.11,114.89,109.83,113.99,100.62599999999982,117.96860695513175,83.28339304486789,84.46712531219443,84.93239498641846,0,0,,,,115.77511111111114,116.93286222222225,114.61736000000003,,6.1250709890045885,13.280861805100264,19.366672833322028,0,68.80988191747753,67.24271811814859,,,,,1.5508083390286478,5.36636066601811,3.8155523269894625,0.9036272762135731,68.80988191747753,,,,,,,,,5.468359837047962,25.88013698043921,-12.940068490219605,0
2023-02-02,116.25,119.85,116.24,118.52,102.11599999999981,120.21500814962505,84.01699185037458,87.15513050765801,85.3637545308715,0,0,,,,115.6568,116.81336800000001,114.500232,,8.382943312025937,16.064083982921584,22.714377420223,0,72.44284077616597,67.88943712947732,,,,,1.681176143126594,5.917022505897705,4.235846362771111,0.9130567966424806,72.44284077616597,,,,,,,,,8.443875613570508,25.887765249614944,-12.943882624807472,0
2023-02-03,116.04,121.4,115.85,118.7,103.66549999999981,121.87180492439919,85.45919507560043,86.91899372169416,86.1804165138489,0,0,,,,115.56880000000002,116.72448800000002,114.41311200000003,,6.845492596426239,14.502896334846426,21.596426888483467,0,72.5795121701916,68.3796204367418,,,,,1.6476279024062261,6.2953812407788945,4.647753338372668,0.9314094289158724,72.5795121701916,,,,,,,,,10.979743876398237,25.90996283934292,-12.95498141967146,0
2023-02-06,117.41,119.3335,116.81,118.35,105.15699999999981,123.04053779318278,87.27346220681684,84.26555142824823,86.11322521920016,0,1,,,,115.45502222222227,116.6095724444445,114.30047200000004,,5.286100633406621,12.546002643666343,19.956618983586605,0,71.83349232199728,68.73878248735018,,,,,1.4755202754958292,6.492153682742455,5.016633407246625,0.9436034557515157,71.83349232199728,,,,,,,,,12.456501510606529,25.941438390862,-12.970719195431,0
2023-02-07,117.91,120.21,115.1379,119.69,106.67949999999982,124.0611092177968,89.29789078220284,85.4874959734862,85.55734704114288,0,0,,,,115.29475555555562,116.44770311111118,114.14180800000007,,5.024393668175686,12.195876433616771,19.904228888948026,0,72.97864880676003,69.20856669850801,,,,,1.3300773185368637,6.679230055417705,5.349152736880841,0.9472161808232963,72.97864880676003,,,,,72.97864880676003,72.97864880676003,72.97864880676003,,12.862562085557874,25.975205374437188,-12.987602687218594,0
2023-02-08,119.39,119.81,115.57,116.36,108.07049999999981,123.79674999801951,92.34425000198011,78.32493402059515,82.69266047410989,0,0,,,,115.11168888888893,116.26280577777783,113.96057200000004,,1.0455382264056956,7.670455859832437,15.369743038915761,0,65.81728234020804,69.52515713231985,,,,,0.9079116149754087,6.484042255600102,5.576130640624693,0.9084150723192931,65.81728234020804,,,,,,,,,12.135212043582696,26.003549111220593,-13.001774555610297,0
2023-02-09,118,119.28,114.52,114.94,109.09549999999982,123.77175084959384,94.41924915040579,72.7718055128556,78.86141183564568,0,0,,,,114.88031111111117,116.02911422222228,113.73150800000006,,-0.6637397587031746,5.357232883116336,12.789480570456435,0,62.97919360472871,69.41537010857999,,,,,0.45425450230000397,6.143948768499698,5.689694266199694,0.8339679954296985,62.97919360472871,,,,,,,,,11.06700943929684,26.024627505904572,-13.012313752952286,0
2023-02-10,112.25,113.36,106.5383,108.87,109.61449999999982,123.46476133328201,95.76423866671763,58.066418555483494,69.72105269631143,0,0,,,,114.64506666666675,115.79151733333342,113.49861600000008,,-5.331257989061189,-0.6791984637067316,5.919094040044182,0,52.548135486890764,68.21501599691707,,,,,-0.2931468346878763,5.323260722839848,5.616407557527724,0.5908300174653703,52.548135486890764,52.548135486890764,,52.548135486890764,,,,,,7.706252595515939,26.0267264523934,-13.0133632261967,0
2023-02-13,110,116.9,109.81,116.42,110.41699999999983,123.88639211695171,96.94760788304795,60.30408197911933,63.71410201581949,0,0,,,,114.42275555555563,115.56698311111118,113.27852800000007,,0.6266476511515018,5.436662832716133,12.130269650728431,0,61.16415985021341,67.82342231691068,,,,,-0.3156166254661361,5.221886775695054,5.5375034011611906,0.4876888507874454,61.16415985021341,,,,,,,,,7.798267368037275,26.029110342659592,-13.014555171329796,0
2023-02-14,116.29,121.32,115.2,120.87,111.39699999999982,124.91374679796172,97.88025320203792,68.28491526326631,62.21847193262306,0,0,,,,114.23035555555565,115.3726591111112,113.08805200000009,,3.5990091796588075,8.50381967198417,15.109169751185458,0,65.17754438519704,67.69035825707779,,,,,-0.07965086747855299,5.4379398168129995,5.5175906842915525,0.43226228571639985,65.17754438519704,,,,,,,,,9.652441764374217,26.041055517358583,-13.020527758679291,0
2023-02-15,130,138.7499,129.85,137.01,113.19199999999982,129.92086798322615,96.46313201677349,80.50820323837127,69.69906682691898,0,0,,,,114.08004444444452,115.22084488888898,112.93924400000007,,15.160582653206767,21.04212311824176,28.356624248575237,0,75.19151831476034,67.8731170724103,,,,,1.0521376012654367,6.832762685873348,5.7806250846079115,0.5237306883465173,75.19151831476034,,,,,,,,,17.97882760050865,26.111510408958,-13.055755204479,0
2023-02-16,135.65,144.63,134.73,139.42,115.20799999999981,134.22017252184042,96.19582747815922,80.09167789967158,76.29493213376973,0,0,,,,113.95648888888898,115.09605377777787,112.8169240000001,,15.16317950158157,21.015901673495073,28.5786747413886,0,76.28802910980153,67.75682472130713,,,,,1.8074656097829642,8.039957096836616,6.232491487053652,0.6717504490758786,76.28802910980153,,,,,76.28802910980153,,76.28802910980153,,24.373521134676675,26.242589325576162,-13.121294662788081,0
2023-02-17,137.435,138.4,130.73,131.6,116.72399999999982,135.8867601352263,97.56123986477334,76.64651470848095,79.08213194884128,0,0,,,,113.79626666666675,114.93422933333342,112.65830400000009,,7.55764059728794,12.744594085192595,19.751034323776718,0,66.08172527288704,67.86210814477121,,,,,1.6302656721626692,8.270323577256988,6.640057905094319,0.6848416664748274,66.08172527288704,,,,,,,,,26.900573269810213,26.399738095776744,-13.199869047888372,0
2023-02-21,129.77,132.85,128.145,128.78,117.90199999999982,136.98764025649209,98.81635974350755,74.25939021284655,76.99919427366638,0,0,,,,113.58853333333342,114.72441866666675,112.45264800000008,,4.363188433984666,9.22630659361181,15.771178568217925,0,62.81793108126549,67.62213538846748,,,,,1.1932370113633546,8.131604169298512,6.938367157935158,0.6658511883165645,62.81793108126549,,,,,,,,,23.905553662638486,26.52165370748646,-13.26082685374323,0
2023-02-22,128.14,128.88,124.55,127.21,119.05599999999981,137.44972110260014,100.66227889739949,68.82044484273254,73.24211658802004,0,0,,,,113.38222222222232,114.51604444444455,112.2484000000001,,2.466411057769524,6.8488778390003,13.073210333415307,0,61.011229613546526,67.06508879532956,,,,,0.6933149564051551,7.805010853441601,7.111695897036446,0.6339738571617406,61.011229613546526,,,,,,,,,19.916222592854783,26.6034208673607,-13.30171043368035,0
2023-02-23,128.21,128.85,121.92,125.52,120.10999999999983,137.41654442689847,102.80345557310117,64.15001513434548,69.07661672997487,0,0,,,,113.17671111111122,114.30847822222233,112.0449440000001,,0.3646133179809885,4.504204479227525,10.361805952433322,0,59.04270543430646,66.10793627091103,,,,,0.17094095595165992,7.325372091976021,7.154431136024361,0.6127201745752651,59.04270543430646,,,,,,,,,17.897337953064596,26.66689383644793,-13.333446918223965,0
2023-02-24,123.04,124.8499,120.1914,122.78,120.77799999999984,137.4003387042923,104.15566129570738,55.126571583834284,62.69901052030412,0,0,,,,112.95320000000012,114.08273200000012,111.82366800000013,,-2.4378615472635645,1.657586646574849,7.0634433886856085,0,55.893913009023144,64.91610775939898,,,,,-0.40551993671088304,6.647531215135757,7.05305115184664,0.5442554394362994,55.893913009023144,55.893913009023144,,55.893913009023144,,,,,,15.931281728046025,26.714264048514224,-13.357132024257112,0
2023-02-27,123.95,125.06,122.73,123.53,121.15749999999983,137.6668765781819,104.64812342181777,51.85562237134056,57.04406969650679,0,0,,,,112.7154666666668,113.84262133333347,111.58831200000013,,-2.97217902194592,1.9581949115821784,6.939110009436078,0,56.57656187496498,63.826327013182386,,,,,-0.7620145043353617,6.100533021427438,6.8625475257628,0.47218959271519306,56.57656187496498,,,,,,,,,14.70563195079194,26.75221507778819,-13.376107538894095,0
2023-02-28,125.11,126.3843,123.03,123.28,121.84749999999983,137.47706541303143,106.21793458696823,47.750861909104586,51.57768528809316,0,0,,,,112.50244444444459,113.62746888888904,111.37742000000014,,-3.687500000000188,1.175649890231778,6.021775400333684,0,56.2639592919649,62.632420619268444,,,,,-1.0240312851902162,5.58250841927503,6.606539704465246,0.4029841429968031,56.2639592919649,,,,,,,,,13.93114417762966,26.784386579607432,-13.392193289803716,0
2023-03-01,122.375,123.3,120.3901,120.83,122.33349999999982,137.1822983015544,107.48470169844525,43.167021648536654,47.59116864299394,0,0,,,,112.30764444444458,113.43072088888903,111.18456800000013,,-5.598612456639451,-1.229017399158705,3.335328829214057,0,53.163808259576406,61.72860104208047,,,,,-1.3511607529818415,4.917588763237944,6.268749516219786,0.23964360007472174,53.163808259576406,53.163808259576406,,53.163808259576406,,,,,,13.256238228918619,26.81171509823153,-13.405857549115765,0
2023-03-02,119.67,123.26,119.36,122.38,122.75299999999982,137.10084039499483,108.4051596050048,42.057167982853045,44.325017180164764,0,0,,,,112.1141777777779,113.23531955555568,110.99303600000012,,-3.2821477401154153,-0.30386222739958724,4.030126063635375,0,54.85845536707828,61.14854831081972,,,,,-1.443602700307168,4.464246140835826,5.907848841142994,0.0567899664708636,54.85845536707828,,,,,,,,,12.828844731564551,26.835953392552582,-13.417976696276291,0
2023-03-03,123.18,125.87,122.7,125.73,123.11349999999982,137.37987764116158,108.84712235883805,47.06155917713661,44.09524960284211,0,0,,,,111.950488888889,113.0699937777779,110.8309840000001,,0.4522067048031042,2.1252746449416104,6.077394679115833,0,58.36481151893221,61.56402517025126,,,,,-1.2659390393885932,4.325425041907252,5.591364081295845,-0.26215662402139517,58.36481151893221,,,,,,,,,13.52096275308194,26.864129994081807,-13.432064997040904,0
2023-03-06,126.355,129.4399,125.28,126.33,123.49499999999982,137.67670441097405,109.31329558902559,48.95350837435487,46.02407851144818,0,0,,,,111.79973333333342,112.91773066666676,110.68173600000009,,1.3583446328134796,2.2956394995750307,5.837999357694423,0,58.979383729423574,61.407969733051985,,,,,-1.100905083073231,4.215232727454307,5.316137810527538,-0.5206789612145458,58.979383729423574,,,,,,,,,15.136746095134976,26.902553137510402,-13.451276568755201,0
2023-03-07,125.74,130.85,125.5,126.94,123.92449999999982,137.9766264938882,109.87237350611143,50.8172951773397,48.9441209096104,0,0,,,,111.65231111111119,112.7688342222223,110.53578800000008,,1.9983447566549017,2.4333364266147406,5.707869659715148,0,59.63178559073566,61.01184410487617,,,,,-0.9492911716081736,4.129523846017321,5.0788150176254945,-0.6930060319403754,59.63178559073566,,,,,59.63178559073566,,59.63178559073566,,16.442465528564625,26.949649771330186,-13.474824885665093,0
2023-03-08,126.9,127.66,124.74,125,124.18999999999983,138.11212052814616,110.2678794718535,43.66859289576536,47.81313214915332,0,0,,,,111.44408888888898,112.55852977777788,110.32964800000009,,0.6181982098008021,0.6522264272487144,3.492813459033406,0,56.551347084412015,59.68040330270844,,,,,-0.974607952167986,3.860555077415512,4.835163029583498,-0.5755898461284757,56.551347084412015,,,,,,,,,16.136744806878298,26.993895710576293,-13.496947855288147,0
2023-03-09,125.06,125.2,119.71,119.84,124.36399999999983,137.97381469382387,110.75418530617578,35.88513276251713,43.457006945207404,0,0,,,,111.21804444444453,112.33022488888898,110.10586400000008,,-3.0922499676544923,-3.637708661670447,-1.199283288080799,0,49.262134586362954,57.749982265319964,,,,,-1.3127658641279254,3.1942056994235912,4.506971563551517,-0.530245513069101,49.262134586362954,,,,,,,,,14.078629937764575,27.023643109035856,-13.511821554517928,0
2023-03-10,119.735,121.44,115.85,118.3,124.53199999999984,137.74964820231733,111.31435179768235,30.027352367262154,36.52702600851489,0,0,,,,111.00720000000008,112.11727200000009,109.89712800000008,,-3.9897415920012502,-5.004336234863205,-2.706348074961884,0,47.302489784697535,56.408608301877855,,,,,-1.5952677380156617,2.5128868910319397,4.108154629047601,-0.5182313350196518,47.302489784697535,,,,,,,,,11.393550296998109,27.03707116698387,-13.518535583491936,0
2023-03-13,115.722,117.9,113.66,115.96,124.88649999999984,136.71188502545388,113.06111497454579,25.726757356793023,30.546414162190775,0,0,,,,110.76648888888899,111.87415377777788,109.6588240000001,,-5.30708237042623,-7.147690102613058,-4.63136078777543,0,44.41154476166528,55.093866421906405,,,,,-1.8754944636246913,1.7637865495167375,3.639281013141429,-0.5530026334635338,44.41154476166528,,,,,,,,,8.618376835819605,27.036440091274287,-13.518220045637143,0
2023-03-14,118.94,119.1,114.91,116.36,124.88349999999984,136.71750232382192,113.04949767617775,29.18750097284994,28.313870232301714,0,0,,,,110.55231111111121,111.65783422222232,109.4467880000001,,-4.440447740356779,-6.825161050098572,-4.482545380915104,0,45.03000297707357,53.95235023358691,,,,,-1.960470192243907,1.1886932728365451,3.149163465080452,-0.5858104934234756,45.03000297707357,,,,,,,,,7.593520922072069,27.031255925353072,-13.515627962676536,0
2023-03-15,113.86,114.32,111.51,113.58,124.51899999999985,137.2408063182952,111.79719368170448,24.54206129269435,26.485439874112444,0,0,,,,110.35528888888898,111.45884177777786,109.2517360000001,,-6.164802300028316,-8.785004698078092,-6.827559617072576,0,41.56853760356276,52.70419538853378,,,,,-2.1170836732900424,0.5028088734678988,2.6198925467579413,-0.6533854596393159,41.56853760356276,41.56853760356276,,41.56853760356276,,,,,,6.216380217992895,27.02061851135781,-13.510309255678905,0
2023-03-16,113.95,120.06,113.51,119.99,123.66799999999985,135.1503736222182,112.18562637778149,32.53769469520626,28.755752320250192,0,0,,,,110.19484444444453,111.29679288888897,109.09289600000008,,-0.6729965315433128,-2.9740919235371033,-1.7305062119685743,0,50.93413333046235,52.349925411493736,,,,,-1.7190787798177913,0.47104407198570186,2.190122851803493,-0.6535963020914551,50.93413333046235,,,,,,,,,7.516182109418857,27.01495682674427,-13.507478413372136,0
2023-03-17,119.715,119.96,116.55,118.15,122.60449999999983,131.75793318106594,113.45106681893373,32.064811048644415,29.71485567884835,0,0,,,,110.01600000000008,111.11616000000008,108.91584000000007,,-1.5785747011539786,-3.6332271653975456,-3.227655949676711,0,48.52955231874423,51.77513901462082,,,,,-1.5168915063512138,0.29400846886447596,1.8108999752156898,-0.6654108736283693,48.52955231874423,,,,,,,,,8.121907393165126,27.011729501563316,-13.505864750781658,0
2023-03-20,118.06,119.02,116.6254,118.4,121.94449999999983,130.2748480719736,113.61415192802608,34.84933036231998,33.150612035390225,0,0,,,,109.86204444444454,110.96066488888899,108.76342400000009,,-0.7144534263578639,-2.906650156423485,-3.014946401559604,0,48.882658742586315,51.247903261093775,,,,,-1.3112016945027103,0.171897857087302,1.4830995515900123,-0.6602457985501591,48.882658742586315,,,,,,,,,9.677361716076645,27.01540008584874,-13.50770004292437,0
2023-03-21,120,124.43,119.85,123.69,121.68999999999986,129.46175398479735,113.91824601520236,48.72758293346143,38.54724144814195,0,0,,,,109.73520000000009,110.83255200000009,108.63784800000009,,4.004977843550828,1.64352042074134,1.170741815167875,0,55.79354450073166,51.435741564033435,,,,,-0.7894696397436607,0.4962625019104365,1.2857321416540972,-0.550788461859426,55.79354450073166,,,,,55.79354450073166,,55.79354450073166,,10.870292546633541,27.024791539597782,-13.512395769798891,0
2023-03-22,123.89,125.43,121,121.17,121.38799999999985,128.7361524208614,114.03984757913828,48.9003788980001,44.15909739792718,0,0,,,,109.56377777777787,110.65941555555565,108.46814000000009,,2.21521122958539,-0.17958941575760834,-0.9304379108479921,0,52.17481651242593,51.24405307441542,,,,,-0.593615079729457,0.543713291992276,1.137328371721733,-0.4896714777515498,52.17481651242593,,,,,,,,,11.827635662872845,27.03900379816095,-13.519501899080476,0
2023-03-23,122.51,124.66,118.33,120.3,121.12699999999987,128.236495340753,114.01750465924671,47.53415161419569,48.38737114855241,0,0,,,,109.41751111111122,110.51168622222234,108.32333600000011,,1.4419428282314684,-0.6827544643224659,-1.747259867471751,0,50.94628057490185,50.714158006984675,,,,,-0.5056291256535677,0.5052919646547736,1.0109210903083412,-0.35765544629737916,50.94628057490185,,,,,,,,,12.39251667183125,27.056049098508367,-13.528024549254184,0
2023-03-24,119.5,119.7,115.39,116.92,120.83399999999986,128.12747763417406,113.54052236582565,40.50423738365333,45.646255965283046,0,0,,,,109.25813333333342,110.35071466666675,108.16555200000009,,-1.2933508931890492,-3.2391545425955126,-4.559257284036589,0,46.37734582265238,49.81401244221531,,,,,-0.6488953982469164,0.19980184249969568,0.8486972407466121,-0.2710828121925155,46.37734582265238,,,,,,,,,10.270818658314322,27.061745460419793,-13.530872730209897,0
2023-03-27,117.99,119.274,116.74,117.91,120.55299999999986,127.84239256729934,113.26360743270037,39.31633777476444,42.45157559087116,0,0,,,,109.13773333333344,110.22911066666678,108.0463560000001,,-0.6211703625041531,-2.192396705183497,-3.987297106563137,0,47.85250571468475,48.97263530821167,,,,,-0.6492336769169544,0.03715514460041902,0.6863888215173735,-0.0625156542280368,47.85250571468475,,,,,,,,,9.201314238985518,27.062268730750404,-13.531134365375202,0
2023-03-28,117.97,118.31,116.015,116.61,120.21949999999985,127.58920141865964,112.84979858134007,36.177267653364645,38.66594760392748,0,0,,,,108.96186666666677,110.05148533333343,107.8722480000001,,-1.7375623567482568,-3.0024247314286434,-5.0507682411470745,0,46.06060767774395,48.223296779163945,,,,,-0.7046324401106668,-0.19440172862096006,0.5102307114897068,0.14285740263632052,46.06060767774395,46.06060767774395,,46.06060767774395,,,,,,7.981941884550327,27.057448979217202,-13.528724489608601,0
2023-03-29,118.34,119.19,117.1506,118.8,120.11799999999987,127.50716395813448,112.72883604186525,44.132348840597174,39.87531808957542,0,0,,,,108.85391111111123,109.94245022222235,107.76537200000011,,-0.3305535513535074,-1.0972543665394574,-3.2131916835038465,0,49.49188053484761,48.23970720405571,,,,,-0.5673083070090873,-0.19890467227165232,0.368403634737435,0.2465558426302288,49.49188053484761,,,,,,,,,8.490546383200263,27.054640896029344,-13.527320448014672,0
2023-03-30,120.8,122.65,120.11,122.28,120.11299999999987,127.49616761290052,112.72983238709922,55.75668833940483,45.355434944455546,0,0,,,,108.79364444444455,109.881580888889,107.7057080000001,,2.3923364845965134,1.8041344400690384,0.022085347598865823,0,54.45041609304148,48.75027336893742,,,,,-0.232770157435995,0.07744093794244122,0.3102110953784362,0.40257429350953733,54.45041609304148,,,,,,,,,9.763167332471788,27.057332998739064,-13.528666499369532,0
2023-03-31,123.3,125.94,122.8,124.4,120.04649999999988,127.24782008732936,112.8451799126704,66.75655099722444,55.54852939240882,0,0,,,,108.8160000000001,109.9041600000001,107.7278400000001,,3.625216580034407,3.6265113935017856,2.1746332034704663,0,57.206612723039875,49.66420679474989,,,,,0.12157938187366307,0.46218532272051505,0.340605940846852,0.4742794557037039,57.206612723039875,,,,,57.206612723039875,,57.206612723039875,,12.063903692465345,27.071296274892024,-13.535648137446012,0
2023-04-03,123,123.09,119.7107,121.46,119.80299999999986,126.44566241805174,113.16033758194797,64.5639338717114,62.359057736113556,0,0,,,,108.83968888888899,109.92808577777788,107.75129200000009,,0.9189557472121246,1.3831039289501357,0.0376122533583656,0,52.4653450995153,50.19530266063858,,,,,0.1465762451526907,0.5238262472877153,0.37725000213502463,0.4441807899470536,52.4653450995153,,,,,,,,,12.776932531233635,27.088869565289055,-13.544434782644528,0
2023-04-04,121.68,122.06,118.21,118.46,119.37899999999986,125.17375935653743,113.5842406434623,56.15183685786843,62.490773908934756,0,0,,,,108.84995555555565,109.93845511111121,107.7614560000001,,-1.1441112900671069,-0.7698171370172924,-2.1560470360203587,0,48.08584910418813,50.66082491068325,,,,,-0.0403322819021667,0.32683464975731624,0.36716693165948294,0.14650938215840417,48.08584910418813,,,,,,,,,11.508543830868161,27.099408975167233,-13.549704487583616,0
2023-04-05,117.87,117.87,111.49,115.34,118.89599999999987,124.33563748793634,113.45636251206341,40.63037967170517,53.782050133761665,0,0,,,,108.84728888888901,109.9357617777779,107.75881600000012,,-3.2772038105463364,-2.9908491454715636,-4.420701389963055,0,43.97461966683232,50.16371679185254,,,,,-0.3578271427180652,-0.08011699673809858,0.2777101459799666,-0.06460290654386952,43.97461966683232,,,,,,,,,8.665050619083345,27.09657011587664,-13.54828505793832,0
2023-04-06,113.34,113.415,107.66,109.69,118.38849999999987,125.1213516246968,111.65564837530293,30.121955853168508,42.301390794247375,0,0,,,,108.79502222222234,109.88297244444456,107.70707200000012,,-7.189454000863282,-7.347419724044036,-8.703504873196977,0,37.69024681664535,49.389480684559764,,,,,-0.9011705114377833,-0.8487529933172624,0.05241751812052081,-0.4095644797083605,37.69024681664535,37.69024681664535,,37.69024681664535,,,,,,5.0271356030069745,27.080661151836786,-13.540330575918393,0
2023-04-10,108.69,112.63,108.4001,112.6,118.10349999999987,125.29420031361137,110.91279968638837,31.734460632609142,34.16226538582762,0,0,,,,108.78684444444457,109.87471288888902,107.69897600000012,,-4.377733429578612,-4.659895769388611,-6.016031250086929,0,42.26656755271534,48.916902742426124,,,,,-1.0092552401154649,-1.2091515320238102,-0.1998962919083454,-0.5751606341072683,42.26656755271534,,,,,,,,,3.217235159534699,27.059909751963005,-13.529954875981502,0
2023-04-11,113.56,114.8,112.59,114.25,118.01799999999987,125.34793205972515,110.68806794027459,32.829223357934644,31.561879947904103,0,0,,,,108.77240000000012,109.86012400000013,107.68467600000011,,-2.6740154528961946,-3.1927333118675794,-4.3919719940305635,0,44.74462075671282,48.127693903567625,,,,,-0.9169722650637822,-1.3461116232380732,-0.429139358174291,-0.5457145791517676,44.74462075671282,,,,,,,,,2.8692516315705707,27.03838722686056,-13.51919361343028,0
2023-04-12,114.8,115.84,111.4,112.42,117.82099999999987,125.52102571425425,110.12097428574549,30.828541466084232,31.79740848554268,0,0,,,,108.79191111111122,109.87983022222234,107.7039920000001,,-3.8898862956316282,-4.584072448884213,-5.637518920900131,0,42.56257921529848,47.44110552520139,,,,,-0.923935825933579,-1.5840591405912647,-0.6601233146576857,-0.5765577108715814,42.56257921529848,,,,,,,,,3.6836563809507603,27.018850388633822,-13.509425194316911,0
2023-04-13,113.18,114.4,112.81,113.95,117.83949999999986,125.50035758908129,110.17864241091843,36.25110841256091,33.302957745526605,0,0,,,,108.79093333333347,109.8788426666668,107.70302400000014,,-2.1762458685670394,-3.3006759193647817,-4.168804191510988,0,44.97848371063209,47.01483432061069,,,,,-0.7762069643588543,-1.6303820201062535,-0.8541750557473993,-0.5716942444755038,44.97848371063209,,,,,,,,,4.0671641849378295,27.000327032695115,-13.500163516347557,0
2023-04-14,113.89,115.12,113.02,114.65,117.57249999999985,125.28698216020963,109.85801783979007,39.160497511816764,35.41338246348731,0,0,,,,108.80026666666679,109.88826933333345,107.71226400000012,,-0.9263579958869839,-2.485700312572958,-3.3707170710328027,0,46.09560493041828,46.99470997116539,,,,,-0.5904636086066191,-1.592254566505673,-1.001790957899054,-0.6235416297122578,46.09560493041828,,,,,,,,,4.170709780510574,26.98209773765228,-13.49104886882614,0
2023-04-17,115.42,116.18,114.59,116.17,117.47349999999986,125.20659323622719,109.74040676377253,42.67333368542319,39.3616465366003,0,0,,,,108.81311111111124,109.90124222222235,107.72498000000013,,1.1061889137413239,-1.109611955036549,-1.825956641276405,0,48.53890604039693,47.04373856585912,,,,,-0.3369542076689356,-1.4229837174852236,-1.086029509816288,-0.5965563678858918,48.53890604039693,,,,,,,,,5.302259177061653,26.967084970097403,-13.483542485048702,0
2023-04-18,119.83,121.32,118.1,119.19,117.51299999999985,125.27264457950189,109.75335542049781,52.940525136635095,44.92478544462502,0,0,,,,108.8706666666668,109.95937333333347,107.78196000000014,,3.939933026370568,1.4270761532767962,0.9292137812678458,0,53.08857195906898,47.5457360145252,,,,,0.042234738367565194,-1.0332360868568315,-1.0754708252243967,-0.5082848028402287,53.08857195906898,,,,,,,,,6.870909335244707,26.95715836015898,-13.47857918007949,0
2023-04-19,118.145,120.37,117.64,120.1,117.33349999999987,124.66771100052185,109.9992889994779,58.60374243236602,51.40586708480811,0,0,,,,108.91377777777794,110.00291555555572,107.82464000000016,,4.583928384826752,2.357809150839385,1.896525393530446,0,54.39689221798924,47.89609399189245,,,,,0.3455679451561282,-0.6435108937792364,-0.9890788389353646,-0.33743496749690954,54.39689221798924,,,,,54.39689221798924,,54.39689221798924,,8.50536143880649,26.953303677569263,-13.476651838784631,0
2023-04-20,118.37,119.7,117.82,118.4,117.19499999999985,124.33626459390739,110.05373540609231,58.65427734084375,56.732848303281635,0,0,,,,108.93200000000014,110.02132000000015,107.84268000000014,,2.8295495996244924,1.0282008618116345,0.6420463882765848,0,51.506922909784656,47.68584447880268,,,,,0.41810329440742877,-0.4664497209260787,-0.8845530153335075,-0.12271585222929474,51.506922909784656,,,,,,,,,9.161004274213004,26.952037986929557,-13.476018993464779,0
2023-04-21,114.955,115.75,112.02,115.5,116.95499999999984,123.98448504516563,109.92551495483406,53.2433502054599,56.833789992889905,0,0,,,,108.90977777777793,109.99887555555571,107.82068000000015,,-0.1927015372919283,-1.2440682313709095,-1.7021276595744594,0,46.926831617036676,46.95157439980245,,,,,0.2646424564224036,-0.553749944805503,-0.8183924012279066,0.14385878171611077,46.926831617036676,,,,,,,,,8.03159146917553,26.946146225143224,-13.473073112571612,0
2023-04-24,115.53,116.4,114.51,116.12,116.91499999999982,123.95392463379372,109.87607536620592,51.1429523239489,54.34685995675087,0,0,,,,108.88866666666682,109.97755333333349,107.79978000000015,,0.03876803790623384,-0.6799811829105051,-1.1133126302223517,0,47.99161261513751,46.63202207948975,,,,,0.20161126020887776,-0.5663783259668094,-0.7679895861756871,0.4406741178683166,47.99161261513751,,,,,,,,,6.8156920965728665,26.935791368856368,-13.467895684428184,0
2023-04-25,115.31,115.43,112.47,112.505,116.64474999999985,123.92114572523346,109.36835427476623,43.47971231675055,49.28867161538647,0,0,,,,108.86993333333346,109.9586326666668,107.78123400000013,,-2.929668120500206,-3.5490238523378514,-4.097756271372788,0,42.62224769350621,46.24176483586962,,,,,-0.07216350810753092,-0.8581939713101008,-0.7860304632025699,0.4642938876491044,42.62224769350621,42.62224769350621,,42.62224769350621,,,,,,5.024894175195264,26.919808144837948,-13.459904072418974,0
2023-04-26,113.5,114.6,113.2,113.68,116.49824999999984,123.888635155742,109.10786484425769,46.59065201728259,47.0711055526607,0,0,,,,108.83624444444459,109.92460688888903,107.74788200000015,,-2.02238281771866,-2.4191350513847576,-3.022306518781148,0,44.78462680799568,46.29962248880986,,,,,-0.1578254539713001,-0.983312280666695,-0.8254868266953949,0.4167168410617185,44.78462680799568,,,,,,,,,4.492724498403093,26.902368815392272,-13.451184407696136,0
2023-04-27,114.44,115.85,112.2867,115.25,116.32074999999983,123.65176512412927,108.9897348758704,48.68182649724432,46.25073027709251,0,0,,,,108.81588888888902,109.9040477777779,107.72773000000014,,-0.7804126329566952,-0.9205150413832741,-1.729643540802417,0,47.624897061430715,47.00924036343739,,,,,-0.09552369297850993,-0.9448914429185322,-0.8493677499400223,0.20933692751184105,47.624897061430715,,,,,,,,,4.2616919243064855,26.88434069991835,-13.442170349959175,0
2023-04-28,114.6,120.47,113,119.67,116.19024999999984,123.17713949033981,109.20336050965986,59.84777375684047,51.70675075712248,0,0,,,,108.8054444444446,109.89349888888906,107.71739000000015,,2.581466416934597,2.9948726334612097,2.04844465731584,0,54.69116145927541,47.896711356763106,,,,,0.23835095137769158,-0.5514290607179078,-0.7897800120955993,0.25388582045369507,54.69116145927541,,,,,,,,,6.4596203081333075,26.872738435032275,-13.436369217516138,0
2023-05-01,119.26,122.65,118.98,121.42,116.04124999999983,122.42230624095455,109.66019375904511,70.51077674231848,59.68012566546778,0,0,,,,108.79886666666683,109.8868553333335,107.71087800000015,,3.6152700678846683,4.635205153340016,3.4446036341640784,0,57.15582285547714,48.783225792389125,,,,,0.5540035448013851,-0.09727558109386791,-0.651279125895253,0.3762518205345134,57.15582285547714,,,,,57.15582285547714,,57.15582285547714,,8.806677951000692,26.869595542632904,-13.434797771316452,0
2023-05-02,120.24,121.7,117.94,120.58,115.99724999999982,122.23885353997497,109.75564646002468,73.5694746623553,67.97600838717143,0,0,,,,108.78468888888904,109.87253577777793,107.69684200000015,,2.7765347652834116,3.9507402115137813,2.6654008744184,0,55.59261280001817,49.71394247701196,,,,,0.6751374437521882,0.1926426787949822,-0.482494764957206,0.3670874252588517,55.59261280001817,,,,,,,,,10.391912352328672,26.87304159049252,-13.43652079524626,0
2023-05-03,120.85,121.19,117.97,118.86,116.01724999999983,122.29276230978127,109.7417376902184,69.90966743169383,71.32997294545589,0,0,,,,108.79864444444459,109.88663088888904,107.71065800000014,,1.4176802604126015,2.4502821778659367,1.3398585539077024,0,52.43051823934524,50.24623065763432,,,,,0.61030243535333,0.2803832792344565,-0.32991915611887346,0.31393996393966106,52.43051823934524,,,,,,,,,10.087325301974014,26.875000050122395,-13.437500025061198,0
2023-05-04,118.94,119.17,116.18,117.63,116.13174999999983,122.43715028469396,109.8263497153057,65.5466534133695,69.67526516913956,0,0,,,,108.83740000000014,109.92577400000015,107.74902600000014,,0.4341645214581913,1.2901295296076754,0.3921635565266257,0,50.23020716594466,50.541559388743345,,,,,0.462184129488171,0.2478110057413403,-0.2143731237468307,0.20577242950209848,50.23020716594466,,,,,,,,,8.873741080239828,26.87179732516947,-13.435898662584735,0
2023-05-05,120.01,120.3,116.93,119.9,116.64224999999983,122.40908143070925,110.87541856929042,69.01832184932498,68.1582142314628,0,0,,,,108.93060000000014,110.01990600000015,107.84129400000013,,1.9891716250640457,2.7929416656487405,2.341157106621772,0,54.061799877424846,50.93605180567391,,,,,0.4919384848245663,0.40054998228387717,-0.09138850254068913,0.23995786867313085,54.061799877424846,,,,,,,,,8.391009912267554,26.866638897692546,-13.433319448846273,0
2023-05-08,123.16,127.555,122.98,125.65,117.29474999999982,123.96657694246736,110.62292305753229,78.78913128210667,71.11803551493374,0,0,,,,109.04962222222237,110.1401184444446,107.95912600000014,,6.020782267148417,7.1232940945781476,6.983364292617078,0,62.03486217041556,51.57507253505582,,,,,0.8525844485321562,0.9743420581245061,0.12175760959234992,0.5206626532758483,62.03486217041556,,,,,,,,,10.041051203027534,26.86805005766902,-13.43402502883451,0
2023-05-09,126.6,128.96,125.01,127.07,117.93574999999983,125.68989423068334,110.18160576931632,81.92469857792567,76.57738390311913,0,0,,,,109.16340000000014,110.25503400000014,108.07176600000014,,5.9172633386398665,7.745106975620342,7.911866738568318,0,63.70997340517889,52.240292619855076,,,,,1.123447507825552,1.5260669943742897,0.4026194865487379,0.7462476399425683,63.70997340517889,,,,,63.70997340517889,,63.70997340517889,,12.329997069517171,26.879905214233595,-13.439952607116798,0
2023-05-10,109.85,115.51,109.37,113.19,117.97424999999983,125.6254298273356,110.32307017266406,54.183194263353734,71.63234137446203,0,0,,,,109.25197777777791,110.34449755555569,108.15945800000013,,-5.613648871766941,-4.0553341089261785,-3.782318013932373,0,43.50419415183184,51.66866913714416,,,,,0.3448664723372466,0.8337025769702961,0.48883610463304955,0.5427113339566187,43.50419415183184,,,,,,,,,9.912436179051623,26.88047405681474,-13.44023702840737,0
2023-05-11,113.14,114.46,111.04,111.2,117.83674999999985,125.86196667932978,109.81153332066992,45.61270288925894,60.57353191017946,0,0,,,,109.30402222222236,110.39706244444459,108.21098200000013,,-6.958842675100884,-5.632156351901985,-5.269928171547733,0,41.4733099050184,51.279131871999994,,,,,-0.2926652838828642,0.12300449977946926,0.4156697836623335,0.24086089484212694,41.4733099050184,,,,,,,,,5.2798771665707624,26.86483438438623,-13.432417192193116,0
2023-05-12,111.36,111.56,104.21,105.275,117.36799999999982,127.014431153552,107.72156884644765,35.06472399331548,44.95354038197607,0,0,,,,109.31737777777792,110.4105515555557,108.22420400000014,,-10.84245516715744,-10.303489877990458,-9.88221127781358,0,36.07367504072206,50.4278506166846,,,,,-1.0588250800443992,-0.9078615663931657,0.15096351365123362,-0.10998055321355442,36.07367504072206,36.07367504072206,,36.07367504072206,,,,,,-1.3622093778181903,26.837745778978785,-13.418872889489393,0
2023-05-15,105.06,106.15,103.55,105.78,116.84849999999986,127.73626473846655,105.96073526153317,31.373604024339777,37.35034363563808,0,0,,,,109.3451555555557,110.43860711111127,108.25170400000015,,-9.212237208564101,-9.472522111965386,-8.966253198544994,0,36.828600206578,50.014018653332585,,,,,-1.4526822222848743,-1.6648892642048594,-0.21220704191998496,-0.4104590620253269,36.828600206578,,,,,,,,,-3.6226304106035294,26.80994904013344,-13.40497452006672,0
2023-05-16,105.72,107.58,104.3,105.41,116.15949999999984,128.0639474462362,104.25505255376348,28.128479772797185,31.522269263484162,0,0,,,,109.38822222222238,110.4821044444446,108.29434000000016,,-8.33634067123813,-9.254085976609627,-8.865071428365557,0,36.4886021609973,49.42144546426126,,,,,-1.645070130742758,-2.2685447053484324,-0.6234745746056745,-0.6232568153053849,36.4886021609973,,,,,,,,,-5.352945553708294,26.78269772003272,-13.39134886001636,0
2023-05-17,106.07,109.9297,104.94,108.33,115.57099999999983,127.79741590983272,103.34458409016693,29.913408152906406,29.805163983347807,0,0,,,,109.4096444444446,110.50374088888904,108.31554800000015,,-4.926564481519646,-6.2654126035076585,-6.066281671088891,0,41.10926217467841,48.956042972350396,,,,,-1.487386172954523,-2.482707290798828,-0.9953211178443052,-0.7416060052335297,41.10926217467841,,,,,,,,,-4.448236331427929,26.75517554861208,-13.37758777430604,0
2023-05-18,108.34,112.34,108.34,111.87,115.24449999999983,127.50001586022394,102.98898413977572,36.18330637977725,31.408398101826965,0,0,,,,109.45573333333348,110.55029066666683,108.36117600000014,,-1.3209253092820838,-2.928122383280618,-2.8993348397568175,0,46.217793415678585,48.35080239780776,,,,,-1.0755929995275268,-2.339812367253714,-1.264219367726187,-0.7326590749378813,46.217793415678585,,,,,46.217793415678585,,46.217793415678585,,-2.6331953187773873,26.7277885082315,-13.36389425411575,0
2023-05-19,110.82,110.82,106.645,107.38,114.83849999999981,127.56231000330577,102.11468999669385,33.27080539008617,33.12250664092329,0,0,,,,109.49951111111126,110.59450622222238,108.40451600000014,,-4.223769237973663,-6.494773094388928,-6.73422119281989,0,41.32164652417356,47.21978980271466,,,,,-1.0361203176985534,-2.5593697648493787,-1.5232494471508253,-0.7377836518904072,41.32164652417356,,,,,,,,,-2.053079309603557,26.700714412772626,-13.350357206386313,0
2023-05-22,106.26,110.73,106.2,109.93,114.52899999999981,127.41319209730388,101.64480790269575,35.9094058679683,35.12117254594393,0,0,,,,109.57062222222237,110.66632844444459,108.47491600000015,,-0.5549851415961649,-4.015576840799984,-4.445532591783419,0,44.89220993174345,46.4554753121236,,,,,-0.7804422490976715,-2.4988022585229146,-1.7183600094252431,-0.7021500669573654,44.89220993174345,,,,,,,,,-1.5995907928768747,26.673972666768087,-13.336986333384043,0
2023-05-23,109,109.7061,105.67,106.25,114.21624999999983,127.57664702816537,100.8558529718343,31.553035965410274,33.57774907448827,0,0,,,,109.64693333333346,110.7434026666668,108.55046400000013,,-2.0389723542458493,-6.97470806474546,-7.4297264566567485,0,41.01357602161981,45.63997943942893,,,,,-0.7984591593376851,-2.7164339585973494,-1.9179747992596643,-0.7107707608413385,41.01357602161981,,,,,,,,,-3.311123276494327,26.646699487058118,-13.323349743529059,0
2023-05-24,105.46,106.59,103.8201,105.71,113.81774999999982,127.68421114732287,99.95128885267677,30.2780070710566,32.58014963481174,0,0,,,,109.71048888888906,110.80759377777795,108.61338400000017,,-1.86002683043478,-7.12344954982842,-7.720376416362562,0,40.4611468324294,44.9421894156064,,,,,-0.7848709894327297,-2.8990635360505763,-2.1141925466178466,-0.7197774924656714,40.4611468324294,,,,,,,,,-3.863958733670968,26.61950411510193,-13.309752057550964,0
2023-05-25,106.1,106.52,103.74,104.42,113.27624999999982,127.71090028153489,98.84159971846475,28.11816324523336,29.983068760566763,0,0,,,,109.74817777777794,110.84565955555573,108.65069600000015,,-2.443581802299566,-7.818276117014666,-8.593004560720575,0,39.106040243829064,43.87392087034956,,,,,-0.7982600500201191,-3.1120176091429954,-2.3137575591228763,-0.6989438524640499,39.106040243829064,39.106040243829064,39.106040243829064,39.106040243829064,,,,,,-5.5670939666677155,26.592961435797434,-13.296480717898717,0
2023-05-26,105.18,107.615,104.99,106.81,112.63324999999982,127.01698396410741,98.24951603589223,30.14932851242709,29.515166276239032,0,0,,,,109.81008888888906,110.90818977777795,108.71198800000016,,-0.3535810577581455,-5.170098527743649,-6.286466330335561,0,42.920296367224886,42.508594741550226,,,,,-0.5911876403895127,-3.052742109609767,-2.4615544692202542,-0.5869983742593947,42.920296367224886,,,,,,,,,-5.456056062371,26.566433989035197,-13.283216994517598,0
2023-05-30,107.725,108.7887,106.02,107.19,111.92174999999982,125.89856196661856,97.94493803338108,33.45570400610051,30.57439858792033,0,0,,,,109.85315555555572,110.95168711111127,108.75462400000016,,-0.13043883350447594,-4.227730534949492,-5.705413354367805,0,43.525992253900924,41.06688180217323,,,,,-0.38371539821457024,-2.941198716988467,-2.5574833187738966,-0.435488875797934,43.525992253900924,,,,,,,,,-5.054824327715817,26.539786668937854,-13.269893334468927,0
2023-05-31,105.6,110.095,103.74,109.77,111.3812499999998,124.8019675199476,97.960532480052,43.42642744518138,35.67715332123634,0,0,,,,109.90835555555572,111.00743911111127,108.80927200000016,,1.8595846556424211,-1.4466079344591654,-3.1683255656673737,0,47.59220063648758,41.35888226536293,,,,,-0.04559516110428552,-2.6144772701542536,-2.568882109049968,-0.08849228993072054,47.59220063648758,,,,,,,,,-3.500722216278591,26.512913562127622,-13.256456781063811,0
2023-06-01,109.84,113.54,109.11,112.16,111.0462499999998,124.03092206941432,98.06157793058529,52.413747915264594,43.09862645551551,0,0,,,,109.98417777777793,111.08401955555571,108.88433600000015,,3.7087721569312837,1.0029604781793156,-0.8284923561190594,0,51.10435865658939,42.046814319046575,,,,,0.34466645108243643,-2.1380490451969223,-2.4827154962793587,0.34502389269933686,51.10435865658939,,,,,,,,,-1.9556152440784975,26.486547087572653,-13.243273543786326,0
2023-06-02,112.93,118.45,112.93,118.06,111.06774999999982,124.09730274559367,98.03819725440597,70.0382266049456,55.29280065513054,0,0,,,,110.07977777777795,111.18057555555573,108.97898000000016,,8.542953809943764,6.295481811777215,4.398730166216214,0,58.4983983173115,43.64858026737439,,,,,0.9703655438723366,-1.269758566438938,-2.2401241103112746,0.49065115874921916,58.4983983173115,,,,,58.4983983173115,,58.4983983173115,,1.1784407866616022,26.46334743679171,-13.231673718395855,0
2023-06-05,115.12,116.595,112.315,115.69,110.85724999999982,123.43752482808736,98.27697517191228,71.01779872528742,64.48992441516589,0,0,,,,110.16888888888907,111.27057777777796,109.06720000000018,,5.557532459237424,4.359435219618191,2.2972447211120572,0,54.906559203749815,44.939863052886665,,,,,1.180848368828245,-0.7640636492759683,-1.9449120181042132,0.5653042081531138,54.906559203749815,,,,,,,,,2.830307036266485,26.443028416040814,-13.221514208020407,0
2023-06-06,115.92,119.09,115.41,117.3,110.43974999999982,121.48976378959354,99.3897362104061,71.93230001505688,70.99610844842998,0,0,,,,110.28555555555573,111.3884111111113,109.18270000000017,,6.3116299303940915,6.211757994743916,3.6848029134280758,0,56.84505849176041,46.39389564794117,,,,,1.3713507333917572,-0.23072360136451664,-1.6020743347562738,0.6178940170001014,56.84505849176041,,,,,,,,,4.244034269400775,26.425813520933257,-13.212906760466629,0
2023-06-07,118.14,120.16,115.92,116.55,109.91374999999982,118.46653251507709,101.36096748492255,72.88384596632395,71.9446482355561,0,0,,,,110.38284444444461,111.48667288888906,109.27901600000017,,4.654921609826723,6.037688642230998,2.899218213146937,0,55.64501061923612,47.43216339398101,,,,,1.3856080113996936,0.12993567949334306,-1.2556723319063505,0.6941946828753787,55.64501061923612,,,,,,,,,3.7088836519174215,26.407392393527847,-13.203696196763923,0
2023-06-08,114.97,116.33,113.58,115.5,110.02924999999982,118.81510242023793,101.2433975797617,71.02425365750831,71.94679987962972,0,0,,,,110.46208888888907,111.56670977777796,109.35746800000018,,2.8083136766208217,4.972086967783729,1.9176099805724434,0,53.928536699989074,47.982930771431754,,,,,1.26634751343415,0.32726205988633694,-0.939085453547813,0.8241226972273453,53.928536699989074,,,,,,,,,3.532415307481705,26.38861572457434,-13.19430786228717,0
2023-06-09,120.25,122.74,117.45,117.86,110.36224999999982,119.78231606931219,100.94218393068745,74.874070545275,72.9273900563691,0,0,,,,110.53168888888905,111.63700577777794,109.42637200000016,,3.6687806208161255,6.793763265972008,3.9203036666603186,0,57.12947407871532,49.11206131104188,,,,,1.284384464008913,0.6663951264633283,-0.6179893375455847,0.8566965447084414,57.12947407871532,,,,,,,,,3.485274015040764,26.369769541018638,-13.184884770509319,0
2023-06-12,119.365,125,118.88,124.59,111.32799999999982,122.2968971186808,100.35910288131883,81.77101965567729,75.88978128615355,0,0,,,,110.60662222222237,111.7126884444446,109.50055600000015,,7.900958715476825,11.912546708824557,9.69570059885514,0,64.66821037609071,50.5246327713524,,,,,1.663487087566833,1.4613695219129568,-0.20211756565387634,0.9269442511178136,64.66821037609071,,,,,,,,,5.589476556204526,26.356088482052762,-13.178044241026381,0
2023-06-13,124.61,125.74,123.22,124.9,112.28399999999984,124.42256400074507,100.1454359992546,84.43764147560339,80.3609105588519,0,0,,,,110.68111111111128,111.78792222222239,109.57430000000016,,6.535423668093654,11.235794948523559,9.856441935431892,0,64.97374801727918,52.23607362818522,,,,,1.8355246687110118,2.0922882702348886,0.2567636015238767,0.942909146487752,64.97374801727918,,,,,,,,,8.104694506749516,26.35026645030836,-13.17513322515418,0
2023-06-14,125.39,126.3862,122.765,125.14,113.27049999999983,126.19555237901157,100.34544762098808,86.07233752166744,84.09366621764939,0,0,,,,110.77520000000015,111.88295200000016,109.66744800000015,,5.358871816459376,10.478897859548763,9.92057973136189,0,65.22447840343386,54.0048830261141,,,,,1.8601086300288405,2.5818993890599273,0.7217907590310868,0.9476556930668978,65.22447840343386,,,,,,,,,10.050081729777231,26.351744472242434,-13.175872236121217,0
2023-06-15,122.96,128.3799,122.75,127.85,114.24649999999983,128.41962001643233,100.07337998356732,88.92446161067012,86.47814686931366,0,0,,,,110.87697777777792,111.9857475555557,109.76820800000014,,6.237120255267925,11.90714814020577,12.006167566833593,0,68.00919617838366,56.069394164296575,,,,,1.9443728530160063,3.1522568253010945,1.2078839722850883,0.9475875462478243,68.00919617838366,,,,,,,,,10.793327297952757,26.356206380549235,-13.178103190274618,0
2023-06-16,128.68,129.2,126.79,128.68,115.08699999999983,130.53326828719992,99.64073171279975,88.87613970647298,87.95764627960352,0,0,,,,110.9959555555557,112.10591511111126,109.88599600000013,,5.99146664909449,11.811064672812922,12.370703393913152,0,68.83239446501591,57.92025831413879,,,,,1.9372174109942653,3.6294057360279197,1.6921883250336545,0.9471994985240135,68.83239446501591,,,,,68.83239446501591,,68.83239446501591,,11.648608754173642,26.364284796910006,-13.182142398455003,0
2023-06-20,126.37,127.63,124.395,126.45,116.04049999999981,131.81689182450083,100.26410817549879,85.19975041453887,87.66678391056068,0,1,,,,111.08080000000017,112.19160800000017,109.96999200000016,,3.2396597050992293,8.970574928581154,10.213206700242484,0,64.06264441686238,59.38716204006461,,,,,1.6734396325122591,3.7839878656739785,2.1105482331617194,0.9315679248397141,64.06264441686238,,,,,,,,,11.76592907715168,26.37272453455006,-13.18636226727503,0
2023-06-21,125.09,129.26,125.09,127.46,116.91699999999983,133.1784539325409,100.65554606745877,86.95474540278047,87.01021184126414,0,0,,,,111.16355555555573,112.27519111111128,110.05192000000018,,3.2081491198235,9.017508146805152,11.03512860160727,0,65.23757969466709,60.647546258506004,,,,,1.4655987355026152,3.9425466525399884,2.476947917037373,0.916623876272064,65.23757969466709,,,,,,,,,11.383184069306594,26.379286787746587,-13.189643393873293,0
2023-06-22,126.58,128.62,125.35,127.96,118.00249999999983,134.16895400204265,101.836045997957,86.51442105619115,86.22297229117017,0,0,,,,111.23902222222239,112.35141244444462,110.12663200000016,,2.664495061738026,8.438380542785273,11.441896381796223,0,65.83311367089311,61.699600188099126,,,,,1.267825950859053,4.061730355611189,2.793904404752136,0.898756670431573,65.83311367089311,,,,,,,,,10.924066791965968,26.383713140839173,-13.191856570419587,0
2023-06-23,125.99,126.8,124,124.73,118.95349999999982,134.33424676341087,103.57275323658878,77.17181021920045,83.54699222605738,0,1,,,,111.29915555555574,112.4121471111113,110.18616400000019,,-0.6626208566288483,4.856099232053013,8.266147407344215,0,58.822482952832296,61.72274909063633,,,,,0.8458017223331273,3.8511565576685456,3.0053548353354183,0.8567908790535433,58.822482952832296,,,,,,,,,10.15537917968887,26.384839014513208,-13.192419507256604,0
2023-06-26,122.9,126.7,122.8,123.13,119.88899999999983,133.8285421732626,105.94945782673705,72.02897794932925,78.5717364082403,0,0,,,,111.32933333333352,112.44262666666685,110.21604000000019,,-2.3467550698319073,2.703333917206896,6.5096946918156595,0,55.6604833409034,61.776600814718726,,,,,0.4074392794849637,3.514653934691623,3.107214655206659,0.7299297487209695,55.6604833409034,55.6604833409034,,55.6604833409034,,,,,,8.651580421512405,26.380194881415207,-13.190097440707603,0
2023-06-27,124.41,128.17,123.32,127.89,120.94299999999983,133.9221495869399,107.96385041305976,74.0244269137734,74.40840502743437,0,0,,,,111.38653333333352,112.50039866666685,110.27266800000018,,1.1635909159221747,5.744028178563609,9.910477691040631,0,62.17483174111856,62.15729890395859,,,,,0.38676774938303593,3.590674341935454,3.203906592552418,0.6951375967001314,62.17483174111856,,,,,,,,,8.35977725489573,26.37446846315209,-13.187234231576046,0
2023-06-28,127.39,131.88,126.17,127.63,121.96499999999985,133.60091766901732,110.32908233098237,74.06115732118873,73.37152072809714,0,0,,,,111.4239111111113,112.53815022222241,110.30967200000018,,0.7403782401411707,4.644775140409263,9.004725844104122,0,61.642100051233,62.58566243481551,,,,,0.3077342328381829,3.5885743836001467,3.280840150761964,0.6215402541931591,61.642100051233,,,,,,,,,8.964760222398107,26.37081393220609,-13.185406966103045,0
2023-06-29,127.64,128,123.42,125.1,122.73149999999983,132.9914479043592,112.47155209564045,70.18214261926926,72.75590895141049,0,0,,,,111.45942222222241,112.57401644444464,110.34482800000019,,-1.2534730992677545,1.9298224172279888,6.248354466932238,0,56.563306508434394,62.77386027827589,,,,,0.05069613595348743,3.344210320703823,3.2935141847503355,0.40519145849729166,56.563306508434394,,,,,,,,,9.312726044142307,26.368355977697654,-13.184177988848827,0
2023-06-30,127.25,131.14,127.02,128.16,123.53149999999985,132.8185302573071,114.24446974269262,72.38844546821011,72.2105818028894,0,0,,,,111.51426666666686,112.62940933333353,110.39912400000019,,1.137161751591842,3.7468176133214293,8.239586500456086,0,60.77302924556434,63.03411421876511,,,,,0.0521877723997024,3.3587489002499638,3.3065611278502614,0.20389927313905143,60.77302924556434,,,,,,,,,9.169184499146231,26.365291824478888,-13.182645912239444,0
2023-07-03,129.28,134.27,129.23,132.35,124.24599999999982,133.92962618031933,114.56237381968032,77.36675562558608,73.31244790435517,0,0,,,,111.59386666666686,112.70980533333352,110.47792800000019,,4.142077018711476,6.5225439853195954,11.137546884621873,0,65.67810059204847,63.106249234190685,,,,,0.28763765672133346,3.666108198751928,3.3784705420305947,0.35830618034458744,65.67810059204847,,,,,65.67810059204847,65.67810059204847,65.67810059204847,,10.281096047540201,26.366365886180013,-13.183182943090006,0
2023-07-05,131.845,132.95,130.535,131.69,125.04599999999982,134.40838302998583,115.68361697001382,75.3433577337002,75.03285294249882,0,0,,,,111.65146666666685,112.76798133333352,110.53495200000017,,3.197241595486,5.313244725941013,9.8359425173274,0,64.31389456968796,63.05911684507703,,,,,0.34721411236972965,3.812488182492757,3.4652740701230274,0.4361689483720789,64.31389456968796,,,,,,,,,11.933377046662715,26.374237172454436,-13.187118586227218,0
2023-07-06,129.17,129.3229,126.06,128.16,125.58899999999983,134.3305168020295,116.84748319797015,70.03035844101822,74.24682393343487,0,0,,,,111.68106666666687,112.79787733333353,110.5642560000002,,0.37593984962378535,2.0471538112415644,6.352727695193017,0,57.44160575251286,62.50319737001124,,,,,0.10948534755678097,3.6021307545690036,3.4926454070122226,0.35596330760857586,57.44160575251286,,,,,,,,,11.725311602624508,26.38103769859146,-13.19051884929573,0
2023-07-07,128.16,131.62,128.06,130.32,126.27749999999983,134.192912497157,118.36208750284264,72.64026542512163,72.67132719994672,0,0,,,,111.7068888888891,112.82395777777799,110.5898200000002,,1.8793583289030913,3.2012828888758227,7.429909238543564,0,60.24119095680082,61.94833985418389,,,,,0.060746532866366554,3.5685785730951807,3.507832040228814,0.4772409030004219,60.24119095680082,,,,,,,,,10.945838868039177,26.38440484085626,-13.19220242042813,0
2023-07-10,130.18,133.339,129.61,131.71,127.08799999999982,133.6223418949551,120.55365810504455,70.64202878723496,71.10421755112498,0,0,,,,111.7320888888891,112.84940977777799,110.6147680000002,,2.407202948356857,3.6368500566538176,7.805555479767912,0,61.974702772238366,61.45850473327122,,,,,0.08373987199639021,3.612506880224302,3.528767008227912,0.6542450224752104,61.974702772238366,,,,,,,,,10.74864749020855,26.386849209190476,-13.193424604595238,0
2023-07-11,129.45,138.09,128.77,137.54,128.07199999999983,134.6782291816249,121.46577081837476,79.88637540922306,74.38955654052658,0,0,,,,111.79146666666688,112.90938133333354,110.67355200000021,,5.755257391103519,7.392716596914362,11.569275862348704,0,68.2312172263882,61.75625993395163,,,,,0.43364775386971033,4.07082670056505,3.6371789466953395,0.7346794574834392,68.2312172263882,,,,,,,,,13.139479669631841,26.39958572894482,-13.19979286447241,0
2023-07-12,139.35,140.32,135.52,137.02,128.69349999999983,136.15578456976573,121.23121543023393,80.78525189383762,77.10455203009859,0,0,,,,111.85880000000019,112.97738800000019,110.74021200000018,,4.620976116302988,6.470023738572794,10.246906295761926,0,67.16963823249509,61.894264115225056,,,,,0.5638860521930864,4.342036511936698,3.7781504597436113,0.8217668457183095,67.16963823249509,,,,,,,,,14.746245284290213,26.420013141905454,-13.210006570952727,0
2023-07-13,138.96,140.6,137.3,140.09,129.45299999999983,138.19806969670205,120.7079303032976,85.70139613938832,82.12434114748304,0,0,,,,111.94244444444466,113.06186888888911,110.82302000000021,,5.957009091321397,8.216881802662112,11.731145518737552,0,70.12491439569209,62.20082130985356,,,,,0.7774326071777429,4.74994121871579,3.9725086115380472,0.8961758795365612,70.12491439569209,,,,,,,,,16.78568638225005,26.451211576947948,-13.225605788473974,0
2023-07-14,140.25,143.57,139.69,143.34,130.36299999999983,140.75594010375116,119.9700598962485,90.06810964619959,85.51825255980856,0,0,,,,112.06946666666688,113.19016133333355,110.94877200000022,,6.939823035258419,9.954511632902129,13.311954382201918,0,72.905482245332,63.20674983074639,,,,,1.041715953524248,5.274653553443358,4.23293759991911,0.9074410947649417,72.905482245332,,,,,,,,,18.072159869935525,26.489580800731968,-13.244790400365984,0
2023-07-17,142.29,147.4,142.29,145.36,131.23849999999985,143.4313737793904,119.04562622060928,91.69890835786842,89.15613804781883,0,0,,,,112.22044444444465,113.3426488888891,111.0982400000002,,7.072879682965039,10.760180892040205,13.912246193390686,0,74.49443842553401,64.55203233679143,,,,,1.2430759601671202,5.7867825501280095,4.543706589960889,0.9081062515646012,74.49443842553401,,,,,,,,,20.032918018767308,26.53984828371543,-13.269924141857715,0
2023-07-18,144,147.5399,143.75,146.53,132.13099999999983,145.94898668403542,118.31301331596424,92.74850798776401,91.50517533061073,0,0,,,,112.37568888888907,113.49944577777796,111.25193200000018,,6.818977080538624,10.897518371918924,13.981455552444121,0,75.39451928193722,65.49629573256419,,,,,1.3373629764249033,6.215410310492018,4.878047334067115,0.9368193616738294,75.39451928193722,,,,,75.39451928193722,,75.39451928193722,,21.455499524115137,26.599129882641037,-13.299564941320519,0
2023-07-19,145.75,147.6746,144.19,145.535,133.08524999999983,147.80846550308127,118.3620344969184,89.63690416015622,91.36144016859627,0,1,,,,112.51357777777797,113.63871355555575,111.38844200000018,,5.03354130506144,9.354718122406647,12.338142685303755,0,73.03407333170018,66.31000810974042,,,,,1.2183826725544726,6.401025674760206,5.182643002205733,0.9505694250501613,73.03407333170018,,,,,,,,,21.739803891914878,26.659709092932623,-13.329854546466311,0
2023-07-20,143.59,146.27,143.5,145.28,133.97624999999985,149.37141965642607,118.58108034357363,87.19989418470209,89.86176877754082,0,0,,,,112.63913333333352,113.76552466666685,111.51274200000019,,3.5698372810063717,8.437129715154867,11.339747937478716,0,72.40840375121418,67.44180076993898,,,,,1.0164158188976247,6.453162775827764,5.436746956930139,0.9401227423633645,72.40840375121418,,,,,,,,,21.426243937826385,26.717437841195686,-13.358718920597843,0
2023-07-21,147,149.99,146.91,148.77,135.01674999999983,151.42445071491352,118.60904928508614,88.27078241153838,88.36919358546561,0,0,,,,112.79891111111131,113.92690022222243,111.67092200000019,,4.68098580399996,10.186328733286931,13.08363263211907,0,75.50172454262122,68.49385043401446,,,,,1.0097025735004745,6.698875173805732,5.689172600305257,0.9424313622533548,75.50172454262122,,,,,75.50172454262122,,75.50172454262122,,21.666160202556814,26.776153965387792,-13.388076982693896,0
2023-07-24,147.06,148.29,144.18,147.62,136.16124999999982,152.73164706072816,119.5908529392715,86.15257067106515,87.20774908910192,0,0,,,,112.95037777777799,114.07988155555577,111.8208740000002,,2.721829258533548,8.415573446924295,11.303657217106998,0,72.61291376756944,68.98919423226597,,,,,0.8273071499655531,6.723306537762198,5.895999387796645,0.9510039270364471,72.61291376756944,,,,,,,,,21.872165389711117,26.83561948223901,-13.417809741119505,0
2023-07-25,147.61,150.78,147.46,148.65,137.43724999999984,153.7251729722566,121.14932702774308,87.89088616366357,87.43807974875574,0,0,,,,113.110777777778,114.24188555555578,111.97967000000021,,2.6450167277194403,8.158450492861412,11.21959978900826,0,73.58766347519062,69.65160629694472,,,,,0.6815959169798171,6.747994284021416,6.066398367041599,0.9467668695612927,73.58766347519062,,,,,,,,,22.448473825460326,26.8984072986265,-13.44920364931325,0
2023-07-26,147.83,150.27,147.09,150.17,138.5512499999998,155.12010749682787,121.98239250317177,89.82979258597669,87.95774980690184,0,0,,,,113.27544444444466,114.4081988888891,112.14269000000021,,2.7614971139598543,8.385886089082707,11.644608775492781,0,75.00166357283524,70.90589614125346,,,,,0.5962332078521175,6.811689876856747,6.215456669004629,0.9385105407473096,75.00166357283524,,,,,,,,,22.58839580877364,26.96146227622186,-13.48073113811093,0
2023-07-27,151.89,153.175,147.555,148.5,139.59474999999983,155.9076974574697,123.28180254252996,83.60634392743744,87.10900755902594,0,1,,,,113.43144444444465,114.56575888888909,112.29713000000021,,1.0372477045492046,6.379358822591952,9.761100222601948,0,70.5338235810695,71.6410841858441,,,,,0.34823335493647,6.650748362675216,6.302515007738746,0.9128354838572358,70.5338235810695,70.5338235810695,,70.5338235810695,,,,,,22.580921585883917,27.023752721016635,-13.511876360508317,0
2023-07-28,150.23,154.49,150.21,153.33,141.00624999999982,156.9390711171213,125.07342888287836,86.60660994073392,86.68091548471607,0,0,,,,113.60784444444465,114.7439228888891,112.4717660000002,,3.6192046602621986,8.739860821772227,12.549409653279152,0,75.14539486066721,72.58184790644614,,,,,0.42531737374831824,6.834161724924144,6.4088443511758255,0.9329247308636213,75.14539486066721,,,,,,,,,23.604266360219626,27.09256740705523,-13.546283703527616,0
2023-07-31,153.86,154.95,151.55,152.19,142.2077499999998,157.70260091087377,126.71289908912584,85.08328632823722,85.09874673213623,0,0,,,,113.77891111111131,114.91670022222243,112.6411220000002,,2.3762675949748013,7.019483818568406,11.051249651877937,0,72.27045773998013,72.87036508598842,,,,,0.32015595647732553,6.809039296772482,6.488883340295157,0.9256308051704589,72.27045773998013,,,,,,,,,23.891754481043986,27.162670478710503,-13.581335239355251,0
2023-08-01,149.62,150.4196,148.03,148.91,143.0357499999998,158.0988523614063,127.97264763859332,73.84389973020191,81.84459866639106,0,0,,,,113.92486666666687,115.06411533333355,112.7856180000002,,0.009738373557088842,4.106840422761571,8.125835789015113,0,64.61118772807131,72.68761862138673,,,,,-0.031020134940760613,6.450108171619206,6.481128306559967,0.8762615950611682,64.61118772807131,,,,,,,,,23.762120533916942,27.23104884626418,-13.61552442313209,0
2023-08-02,146.45,147.115,143.19,144.56,143.6792499999998,157.81997638693744,129.53852361306215,63.50654643500165,74.14457749781366,0,0,,,,114.04033333333354,115.18073666666687,112.8999300000002,,-2.848156561244286,0.6129973534801936,4.509137440552768,0,56.117012539036615,71.68705420305419,,,,,-0.5861984261375142,5.748380273888074,6.334578700025588,0.5789070332701517,56.117012539036615,,,,,,,,,21.13375308850189,27.28090163561815,-13.640450817809075,0
2023-08-03,140.94,143.1025,139.75,140.88,144.3152499999998,156.63352482849086,131.99697517150872,53.010764293952136,63.45373681971862,0,0,,,,114.11766666666686,115.25884333333353,112.9764900000002,,-5.040510117418884,-2.3803790659682855,1.5203796204996234,0,50.11465971405545,70.05913830796301,,,,,-1.1960440810162485,4.839523598755278,6.0355676797715265,0.07340163640084622,50.11465971405545,,,,,,,,,17.807184035838628,27.310527507694854,-13.655263753847427,0
2023-08-04,140.47,145.32,137.62,140.17,144.8077499999998,155.5330884445536,134.082411555446,39.51293636085017,52.01008236326805,0,0,,,,114.18602222222242,115.32788244444464,113.0441620000002,,-4.968202958684387,-3.2026946071600615,0.7133593513303893,0,49.02512542096258,68.23990166477934,,,,,-1.615920575483183,4.015666960417548,5.631587535900731,-0.25463732017746915,49.02512542096258,,,,,,,,,15.1925641717612,27.326512939000516,-13.663256469500258,0
2023-08-07,142,144,138.79,143.2,145.3822499999998,154.32201760045837,136.44248239954123,39.93416900561985,44.152623220140775,0,0,,,,114.2822888888891,115.42511177777799,113.13946600000021,,-2.62213034490284,-1.5010429402487646,2.4372970955831352,0,53.65576325347117,66.68713337703176,,,,,-1.65235638832855,3.5661420504900434,5.218498438818593,-0.3921857217973641,53.65576325347117,,,,,,,,,14.615732008905558,27.339604312088714,-13.669802156044357,0
2023-08-08,140.52,140.52,137.03,139.55,145.4827499999998,154.10724388371267,136.85825611628695,33.45068865987706,37.632598008782416,0,0,,,,114.33895555555576,115.48234511111131,113.1955660000002,,-4.51329492425403,-4.077974880183255,-0.5630367167393846,0,47.99918927755774,64.89892737316444,,,,,-1.8690849247529124,2.882142282877453,4.751227207630365,-0.5985931611339075,47.99918927755774,,,,,,,,,14.11128849675461,27.350245015924763,-13.675122507962381,0
2023-08-09,140.14,140.55,137.33,137.87,145.5252499999998,153.98939997210002,137.06110002789958,27.664138623196358,33.6829987628978,0,0,,,,114.39597777777799,115.53993755555577,113.2520180000002,,-4.8621270253114135,-5.260427314160121,-1.99244819836093,0,45.61549482883953,62.98514816442339,,,,,-2.0574753591185075,2.1793830087322306,4.236858367850738,-0.7740148579355399,45.61549482883953,,,,,,,,,13.390219011160966,27.357619196450745,-13.678809598225373,0
2023-08-10,139.87,140.97,135.65,135.97,145.31924999999978,154.47480911729124,136.16369088270832,23.230005475540544,28.114944252871368,0,0,,,,114.47251111111132,115.61723622222243,113.3277860000002,,-5.354893048314658,-6.433593622317623,-3.533738123813812,0,43.013816137228204,60.664583278323896,,,,,-2.2275787657560118,1.4523849106557236,3.6799636764117354,-0.8387599483336533,43.013816137228204,,,,,,,,,11.356374921461574,27.356911173936158,-13.678455586968079,0
2023-08-11,134.15,134.26,131.7,133.68,144.83624999999978,155.2862284090794,134.38627159092016,20.40285023796346,23.76566477890017,0,0,,,,114.53873333333354,115.68412066666687,113.39334600000021,,-5.658513175909519,-7.702664215622668,-5.350469247280831,0,40.04898890814389,58.33858864550779,,,,,-2.3971149023225884,0.6835700485084999,3.0806849508310883,-0.905337762773094,40.04898890814389,,,,,,,,,9.695335286480315,27.350481358958586,-13.675240679479293,0
2023-08-14,133.56,133.79,131.74,133.24,144.23024999999978,155.83080363981514,132.62969636018443,18.629721600477176,20.754192437993776,0,0,,,,114.6122000000002,115.7583220000002,113.4660780000002,,-4.694462922827325,-7.619934098429281,-5.774972095747788,0,39.48582538865559,55.90274306789814,,,,,-2.433881932762941,0.03833253487741217,2.4722144676403532,-0.9413074904657497,39.48582538865559,,,,,,,,,8.346877959267166,27.339988862829376,-13.669994431414688,0
2023-08-15,132.5,132.81,129.73,129.85,143.3962499999998,156.5146023641572,130.2778976358424,14.81541141475926,17.94932775106668,0,0,,,,114.68260000000022,115.82942600000023,113.53577400000022,,-5.835514913305073,-9.446725419946356,-8.118173873766532,0,35.36020353021699,53.071210207711125,,,,,-2.568219270171742,-0.7380596200743241,1.8301596500974178,-0.9561951390300448,35.36020353021699,,,,,,,,,6.596130558900956,27.325004683164302,-13.662502341582151,0
2023-08-16,129,130.15,128.4,128.83,142.5609999999998,157.08067203487036,128.04132796512926,12.931685265715121,15.458939426983898,0,0,,,,114.79420000000023,115.94214200000023,113.64625800000023,,-5.497197852175894,-9.6316664445394,-8.778389477969906,0,34.20225799047542,50.47609837981155,,,,,-2.5995682460665903,-1.4193006574858202,1.18026758858077,-0.9744616901658939,34.20225799047542,,,,,,,,,5.192497501949538,27.307046243417563,-13.653523121708782,0
2023-08-17,129.22,129.6,127.3706,127.99,141.69649999999982,157.47039143490537,125.92260856509428,11.524075848954592,13.090390843143036,0,0,,,,114.91082222222244,116.05993044444466,113.76171400000021,,-5.217165919946898,-9.67313942122765,-9.369537996367406,0,33.236966332694465,47.482639199242065,,,,,-2.5473106257039104,-2.0038706935491177,0.5434399321547925,-0.9735215058838906,33.236966332694465,,,,,,,,,3.874982566293175,27.28680120706568,-13.64340060353284,0
2023-08-18,124.93,126.08,123.38,125.06,140.51099999999983,157.4975168884077,123.52448311159195,9.770136082351144,11.408632399006997,0,0,,,,115.00784444444467,116.15792288888912,113.85776600000023,,-6.338935322489037,-10.99629210524432,-11.33420538616694,0,30.051036225340056,44.46696623391063,,,,,-2.5729625225419532,-2.672763221022649,-0.09980069848069584,-0.9782288474235825,30.051036225340056,,,,,,,,,2.8125878677743206,27.26507355085501,-13.632536775427505,0
2023-08-21,126.155,126.54,123.49,124,139.32999999999984,157.42358339301927,121.23641660698041,9.014654281765697,10.10295540435719,0,0,,,,115.08620000000022,116.23706200000022,113.93533800000021,,-5.777939880247029,-11.002655565922526,-11.925250107429852,0,28.96916931632522,41.921107775928775,,,,,-2.5208985471985415,-3.2509238824788724,-0.7300253352803312,-0.9805018357043827,28.96916931632522,28.96916931632522,,28.96916931632522,,,,,,1.7967911644588435,27.242223828070955,-13.621111914035477,0
2023-08-22,124.25,127.24,124.0008,127.08,138.25149999999982,156.5644771200689,119.93852287993076,13.412234134761515,10.732341499626164,1,0,,,,115.15904444444467,116.31063488888913,114.00745400000022,,-2.5138657686202603,-8.080563321193502,-9.513496193533422,0,36.160859221295176,40.49566825323296,,,,,-2.1529022824780326,-3.421153188377872,-1.2682509058998392,-0.9646429447502215,36.160859221295176,,,,,,,,,1.6993402489744582,27.21933315193662,-13.60966657596831,0
2023-08-23,126.9,129.185,126.4,128.13,137.14949999999982,155.11018871174403,119.18881128825561,21.86114775136973,14.762678722632359,0,0,,,,115.25446666666669,116.40701133333336,114.10192200000002,,-0.968442531090119,-6.5764002056149184,-8.572937218371003,0,38.44879527968705,39.662392222206634,,,,,-1.7308197094438764,-3.4317755427046848,-1.7009558332608083,-0.9374006176817421,38.44879527968705,,,,,38.44879527968705,,38.44879527968705,,2.570288322487467,27.197460382643346,-13.598730191321673,0
2023-08-24,128.23,128.84,124.64,124.72,135.96049999999983,153.906618772597,118.01438122740265,19.776637321317065,18.350006402482816,0,0,,,,115.34193333333336,116.49535266666669,114.18851400000003,,-2.758502393613116,-8.267474744502879,-10.67960701509797,0,34.166232790575364,38.60104274860755,,,,,-1.5776450445216015,-3.67301213891281,-2.0953670943912086,-0.9310115559680041,34.166232790575364,,,,,,,,,2.776099003252463,27.17589491162743,-13.587947455813715,0
2023-08-25,125.04,126.6,124.19,125.79,134.58349999999982,151.1613940459929,118.00560595400674,22.780585616920607,21.47279022986918,0,0,,,,115.43433333333336,116.58867666666669,114.27999000000003,,-1.317183001357436,-6.533861877570302,-9.534294717739622,0,36.5542507289803,37.37950613971534,,,,,-1.3115474097519373,-3.73480135658113,-2.4232539468291927,-0.9072250436374938,36.5542507289803,,,,,,,,,2.428484621983515,27.15395504742803,-13.576977523714016,0
2023-08-28,127,127,124.95,126.155,133.28174999999982,148.12285887872468,118.44064112127495,26.16167218176217,22.90629837333333,0,0,,,,115.50253333333335,116.65755866666669,114.347508,,-0.477672461058698,-5.3471311713717995,-8.85215343154606,0,37.38857757459784,36.621605303789636,,,,,-1.0306232940293958,-3.7115330643659377,-2.680909770336542,-0.8633588069976064,37.38857757459784,,,,,,,,,1.893396452211892,27.131478563718783,-13.565739281859392,0
2023-08-29,126.55,132.88,126,132.25,132.44874999999985,145.4428801651991,119.45461983480058,39.174184482381875,29.3721474270216,0,0,,,,115.59360000000002,116.74953600000002,114.43766400000003,,4.133448293510389,-0.15005804131775768,-4.118726029681474,0,49.36328117404624,36.889304328447245,,,,,-0.3871085209975482,-3.1647954215834773,-2.777686900585929,-0.5935897342159989,49.36328117404624,,,,,49.36328117404624,,49.36328117404624,,3.904774856026902,27.111657386331263,-13.555828693165632,0
2023-08-30,130.47,132.45,129.31,130.61,131.75124999999983,143.50884834107939,119.99365165892027,42.47513704967965,35.93699790460794,0,0,,,,115.67817777777779,116.83495955555557,114.52139600000001,,2.6981761854399045,-0.8662156905530849,-4.964946683304971,0,46.771222968507416,37.15769053068148,,,,,-0.04281038727890918,-2.8311998846845654,-2.7883894974056562,-0.3166134436560065,46.771222968507416,,,,,,,,,5.168321434218925,27.094051936395765,-13.547025968197882,0
2023-08-31,130.6,132.44,129.81,131.55,131.28474999999983,142.2716474123793,120.29785258762035,46.72586493160825,42.7917288212233,0,0,,,,115.78044444444447,116.93824888888892,114.62264000000002,,3.148559801465245,0.20204174513809292,-3.9611610320554824,0,48.44232416641456,37.75721447770081,,,,,0.26064302279439433,-2.4625857189126634,-2.7232287417070578,0.03490424859728424,48.44232416641456,,,,,,,,,6.5749475110422,27.079384359182036,-13.539692179591018,0
2023-09-01,133.7,134.5,131.33,132.69,130.91074999999984,141.1458769044469,120.67562309555277,61.34025435111646,50.18041877746816,0,0,,,,115.8768888888889,117.03565777777779,114.71812000000001,,3.423683236228059,1.3591320804442475,-2.7483420653059087,0,50.47308698406827,38.54201887737315,,,,,0.5347576967834788,-2.0547816207277094,-2.5895393175111883,0.4609381958167148,50.47308698406827,,,,,,,,,6.649303681550407,27.06489485286802,-13.53244742643401,0
2023-09-05,141.15,144.26,139.8,142.29,130.86524999999983,140.88731938462035,120.84318061537932,75.91833912733344,61.32815280335271,0,0,,,,116.03453333333336,117.1948786666667,114.87418800000002,,9.34744268077572,8.730163278639802,4.4237028375448295,0,63.50814297974092,40.55258598091057,,,,,1.3147924901533252,-0.9460487048195318,-2.260841194972857,0.6829203015613641,63.50814297974092,,,,,,,,,9.616770650118566,27.058282320761972,-13.529141160380986,0
2023-09-06,140.78,143.22,140.2663,141.77,130.97624999999985,141.420881575605,120.53161842439472,77.02218883607372,71.42692743817453,0,0,,,,116.16528888888891,117.3269417777778,115.00363600000001,,7.731647358762039,8.240997890839118,4.217486709703722,0,62.54785638583813,42.577271580579335,,,,,1.7222060643597747,-0.10808361452313875,-1.8302896788829135,0.8101659058838443,62.54785638583813,,,,,,,,,12.158849016472184,27.060185135458457,-13.530092567729229,0
2023-09-07,139.25,144.25,139.01,143.27,131.24624999999986,142.62698937624953,119.86551062375018,80.72828583581536,77.88960459974084,0,0,,,,116.3013777777778,117.46439155555558,115.13836400000002,,7.633189216396774,9.161214129927654,5.498535253928272,0,64.22815101607453,44.79092762939219,,,,,1.9996970094128135,0.6693315828831032,-1.3303654265297102,0.889854071175138,64.22815101607453,,,,,,,,,14.745521169358902,27.072399611159824,-13.536199805579912,0
2023-09-08,143.94,146.85,143.18,145.82,131.73874999999984,144.64483688759512,118.83266311240457,85.36984369339403,81.04010612176103,0,0,,,,116.46431111111114,117.62895422222226,115.29966800000003,,7.839475815248287,10.68876849066822,7.446937850692881,0,66.9433473498107,47.42609270971153,,,,,2.2436592666873825,1.4742086568295178,-0.7694506098578646,0.9180864108333263,66.9433473498107,,,,,,,,,15.488375799874213,27.087737192280013,-13.543868596140006,0
2023-09-11,146.22,148.25,144.86,147.33,132.42124999999984,147.00094748486347,117.84155251513621,87.56785471060942,84.5553280799396,0,0,,,,116.60133333333337,117.76734666666671,115.43532000000003,,7.2477588472301235,11.258578211578719,8.71979544473438,0,68.46954753897111,50.24754829704337,,,,,2.38233336368141,2.2084660947438977,-0.17386726893751214,0.9311974728928918,68.46954753897111,,,,,,,,,16.73789004359673,27.108725373257204,-13.554362686628602,0
2023-09-12,146.88,151.155,146.82,147.5,133.13424999999987,149.13030491207516,117.13819508792457,87.3244721401938,86.75405684806576,0,0,,,,116.73271111111114,117.90003822222225,115.56538400000004,,5.728703730251783,10.790423951763085,8.970957085143926,0,68.64506293548433,52.567848562342604,,,,,2.3567998671217185,2.772132564964636,0.4153326978429175,0.9532893335174136,68.64506293548433,,,,,68.64506293548433,,68.64506293548433,,17.602577939334015,27.1337342918548,-13.5668671459274,0
2023-09-13,146,147,143.605,144.715,133.87749999999986,150.5607126702301,117.19428732976962,81.1576925092098,85.35000645333768,0,1,,,,116.8564666666667,118.02503133333337,115.68790200000004,,2.81376439119152,8.095086926481422,7.024000867738933,0,62.50644276482596,54.286251954138244,,,,,2.0357299200240586,2.9599950978729908,0.9242651778489321,0.954968647059992,62.50644276482596,,,,,,,,,17.055397653517918,27.15574691022581,-13.577873455112906,0
2023-09-14,144.61,145.72,141.69,144.12,134.64199999999988,151.7264389430879,117.55756105691187,75.6409019385655,81.37435552932304,0,0,,,,116.97700000000003,118.14677000000003,115.80723000000003,,1.417608748429644,7.039408208434317,6.595530660144844,0,61.246305654302226,56.22054287297588,,,,,1.6813753118786436,3.0259843176972367,1.344609005818593,0.9212839720735544,61.246305654302226,,,,,,,,,15.935763921848023,27.172217103461367,-13.586108551730684,0
2023-09-15,143.585,144.95,142.1,142.75,135.37999999999985,152.52635792231516,118.23364207768455,68.96833608334553,75.25564351037362,0,0,,,,117.07833333333336,118.2491166666667,115.90755000000003,,-0.33199395359089223,5.443935588713367,5.533582227479439,0,58.330382166012306,57.77598083276387,,,,,1.2714434932200254,2.933913372343625,1.6624698791235994,0.8578123567736886,58.330382166012306,,,,,,,,,14.020963383152456,27.180224154372414,-13.590112077186207,0
2023-09-18,141.93,144.4,141.19,142.55,136.25449999999984,152.98530658546284,119.52369341453685,65.43082459895327,70.01335420695476,0,0,,,,117.19460000000004,118.36654600000004,116.02265400000003,,-1.1521272575351627,4.620397858419478,5.323951501479018,0,57.89702440119226,59.24086989180633,,,,,0.919935048794553,2.8123886901167907,1.8924536413222377,0.7691437124333939,57.89702440119226,,,,,,,,,12.82021124386813,27.183413941001707,-13.591706970500853,0
2023-09-19,141.86,142.57,139.77,141.85,137.14699999999988,153.05174878770865,121.24225121229111,61.16846883288545,65.18920983839475,0,0,,,,117.29860000000002,118.47158600000002,116.12561400000003,,-1.607505158929945,3.4291672439062726,4.841610453857936,0,56.31989854350337,59.73777113248184,,,,,0.5894663470177735,2.6292865750944543,2.039820228076681,0.6560001313006102,56.31989854350337,,,,,,,,,11.641517721982376,27.18228532605759,-13.591142663028794,0
2023-09-20,142.76,143.27,137.95,138.01,137.69349999999986,152.91343564375785,122.47356435624185,50.740080945446735,59.113124792428486,0,0,,,,117.39948888888891,118.5734837777778,116.22549400000003,,-4.0207522697797256,0.2298583448021363,2.0421743759612587,0,48.51288274449247,59.862175402195064,,,,,0.08777768631730165,2.149542335973308,2.0617646496560065,0.3737165340835306,48.51288274449247,,,,,,,,,10.274155120924968,27.176658568128413,-13.588329284064207,0
2023-09-21,135.555,135.98,132.39,132.75,137.92449999999988,152.6902891424778,123.15871085752194,39.82939871328116,50.57931616387112,0,0,,,,117.49144444444447,118.66635888888891,116.31653000000003,,-6.998413193264874,-3.751690236324867,-1.7229636356457023,0,40.27685266677195,59.278927437934875,,,,,-0.5857501246833927,1.3295769938017656,1.9153271184851584,-0.15643913441079638,40.27685266677195,,,,,,,,,7.6226145611456815,27.163805305668653,-13.581902652834327,0
2023-09-22,133.71,134.1842,131.12,132.2,138.29849999999988,152.0517265668865,124.54527343311325,27.739902714643947,39.43646079112395,0,0,,,,117.56695555555558,118.74262511111114,116.39128600000002,,-6.4914855617055895,-4.4096646022913415,-2.0390016178631454,0,39.52131886405592,58.496658286505415,,,,,-1.0297597056096999,0.6281274864730335,1.6578871920827334,-0.6757743353121806,39.52131886405592,39.52131886405592,,39.52131886405592,,,,,,5.0411671340560185,27.145712816201605,-13.572856408100803,0
2023-09-25,130.8,134.25,130.8,134.14,138.71599999999987,151.3895995676099,126.04240043238983,26.143645671848766,31.237649033257956,0,0,,,,117.6879777777778,118.86485755555559,116.51109800000002,,-4.225734246761403,-3.2988263790765915,-0.6127423740617699,0,43.54414346889229,57.0706583214448,,,,,-1.1453829769351338,0.22615847091381625,1.37154144784895,-0.7898927599273345,43.54414346889229,,,,,,,,,3.969049434510133,27.125983029730197,-13.562991514865098,0
2023-09-26,132.78,133.94,131.17,132.28,139.0222499999999,150.72582401608963,127.31867598391017,22.605855047690596,25.49646781139444,0,0,,,,117.79122222222226,118.96913444444448,116.61331000000004,,-4.516138346212239,-4.84976325732025,-1.9676140363878325,0,40.745760725410705,55.513365774271406,,,,,-1.2890154713770432,-0.23972789137235395,1.0492875800046892,-0.8956252210731709,40.745760725410705,,,,,,,,,3.791949414521161,27.106047326395196,-13.553023663197598,0
2023-09-27,133.8,134.9,131.22,134.03,139.1112499999999,150.63313347233628,127.58936652766351,27.228728396286698,25.32607637194202,0,0,,,,117.96731111111114,119.14698422222226,116.78763800000003,,-2.500945674629962,-3.6526521039814575,-0.7731545346635782,0,44.36827163788107,54.0948029615433,,,,,-1.2093544581573739,-0.462405492692028,0.7469489654653458,-0.9377923157836724,44.36827163788107,,,,,,,,,4.21117022620817,27.086748717504598,-13.543374358752299,0
2023-09-28,133.65,138.23,132.8801,136.47,139.40424999999988,150.32905630263605,128.4794436973637,30.432740450605003,26.75577463152743,0,0,,,,118.16486666666671,119.34651533333339,116.98321800000004,,-0.17044249211820572,-2.104849744537829,0.8431304450635446,0,49.04570425716271,52.81639988349703,,,,,-0.9471228107245191,-0.436954547940303,0.5101682627842161,-0.9012731423885734,49.04570425716271,,,,,,,,,4.76400395681863,27.06833995552468,-13.53416997776234,0
2023-09-29,138.05,141.075,136.36,137.21,139.6872499999999,150.06299743091358,129.3115025690862,33.55739704902336,30.40628863197168,0,0,,,,118.34762222222227,119.5310984444445,117.16414600000004,,0.7792932742801462,-1.7734259927086327,1.1602102681435245,0,50.407547590696,51.5262570300488,,,,,-0.6905373870446029,-0.3530034710215375,0.3375339160230654,-0.8199215596091248,50.407547590696,,,,,50.407547590696,,50.407547590696,,5.983338157761485,27.05211303914597,-13.526056519572984,0
2023-10-02,136.55,138,135.36,136.56,139.8807499999999,149.86423650272562,129.89726349727417,34.138695677417466,32.709611059015266,0,0,,,,118.53028888888893,119.71559177777782,117.34498600000005,,0.7451125046106011,-2.373986413427076,0.39724647661250057,0,49.164565499435895,50.13479292747392,,,,,-0.5380742172442321,-0.3350588555322247,0.20301536171200735,-0.7228274341538442,49.164565499435895,,,,,,,,,6.579987337581881,27.03709375573258,-13.51854687786629,0
2023-10-03,132.17,133.41,126.49,127.73,139.1527499999999,150.37403846211953,127.9314615378803,22.919366242357516,30.20515298959944,0,0,,,,118.65842222222227,119.8450064444445,117.47183800000005,,-4.777169780375656,-8.208784950351266,-6.180220942531401,0,36.13060133388284,48.25080425383512,,,,,-0.979667340332846,-1.0215688137040502,-0.04190147337120417,-0.7344957384607534,36.13060133388284,,,,,,,,,4.261599945154787,27.018002292190335,-13.509001146095168,0
2023-10-04,128.75,130.22,127.295,127.41,138.4347499999999,150.68479713256718,126.1847028674326,20.588857102549962,25.882306340774978,0,0,,,,118.79895555555562,119.98694511111118,117.61096600000006,,-4.25915628428466,-7.963860230180575,-6.422826925195513,0,35.760600183360125,46.430396720196406,,,,,-1.225133218687785,-1.5733179967309354,-0.3481847780431504,-0.7378135470493353,35.760600183360125,,,,,,,,,1.6844391982157683,26.99602196457257,-13.498010982286285,0
2023-10-05,126.54,126.62,121.67,124.99,137.5207499999999,150.86984745076796,124.17165254923185,18.215401553269096,20.57454163272552,0,0,,,,118.89935555555562,120.08834911111117,117.71036200000006,,-5.526749406660758,-9.111897659080482,-8.129589294158269,0,33.007683883727225,44.62163255717604,,,,,-1.4660273802960186,-2.1807190034131736,-0.7146916231171551,-0.7479809734518291,33.007683883727225,33.007683883727225,,33.007683883727225,,,,,,-1.3537957907170426,26.972821635683836,-13.486410817841918,0
2023-10-06,123,127.4,122.02,126.36,136.5477499999999,150.1693668185023,122.92613318149749,18.839266447694445,19.21450836783783,0,0,,,,118.97397777777785,120.16371755555562,117.78423800000007,,-4.067781168861007,-7.460943149923671,-7.159913302229848,0,36.010883544497325,43.05833678169784,,,,,-1.4462176895905652,-2.5224637351053616,-1.0762460455147964,-0.7350455365397484,36.010883544497325,,,,,,,,,-1.8163501268673237,26.94969312489022,-13.47484656244511,0
2023-10-09,124,127.92,121.81,127.77,135.5697499999999,148.75614089175204,122.38335910824779,22.87425975768309,19.976309252882206,1,0,,,,119.07446666666674,120.26521133333341,117.88372200000006,,-2.5259190881976257,-5.753311487260193,-6.169448707874614,0,39.03981017071207,41.82404475506989,,,,,-1.258193402441529,-2.648987798566708,-1.3907943961251787,-0.689359827360859,39.03981017071207,,,,,,,,,-1.8479896319528353,26.926626816554577,-13.463313408277289,0
2023-10-10,127.69,132.78,126.95,131.59,134.77425,146.8594116766181,122.6890883233819,28.850423555035853,23.52131658680446,0,0,,,,119.18371111111104,120.37554822222215,117.99187399999992,,0.44118096052243594,-2.3626545872078575,-3.4925493177592415,0,46.43714520686384,41.67577778809642,,,,,-0.8179237618566118,-2.4131990984459435,-1.5952753365893317,-0.5566447115237291,46.43714520686384,,,,,,,,,-0.27217675795990237,26.903788839016226,-13.451894419508113,0
2023-10-11,132.12,132.69,128.52,130,134.03850000000003,145.38225647658084,122.6947435234192,34.4302459113521,28.718309741357018,0,0,,,,119.29735555555548,120.49032911111104,118.10438199999993,,-0.4662772090746836,-3.0129403119253273,-4.606176383179827,0,44.04156787746714,41.944686017431785,,,,,-0.5860206301644948,-2.3278011242949503,-1.7417804941304555,-0.5601305218657112,44.04156787746714,,,,,,,,,0.5844517596422674,26.881364425766982,-13.440682212883491,0
2023-10-12,130.29,130.41,124.82,125.97,133.13100000000003,143.99743437379337,122.26456562620669,30.624238895812887,31.30163612073362,0,0,,,,119.41588888888883,120.61004777777772,118.22172999999994,,-2.77016648785523,-5.378912499718346,-7.458355525353966,0,38.60548247354508,41.8792691323953,,,,,-0.651253775040536,-2.5558477129311257,-1.9045939378905896,-0.6516857261752445,38.60548247354508,,,,,,,,,0.04752111632587974,26.85875202229928,-13.42937601114964,0
2023-10-13,127.61,129.84,123.55,124.08,132.19750000000002,142.8028191842575,121.59218081574254,27.730988980562813,30.928491262575935,0,0,,,,119.53282222222217,120.72815044444438,118.33749399999995,,-3.2484443959268416,-6.140433820609326,-8.679764634016163,0,36.340053240523964,41.364691258940425,,,,,-0.7612524126779525,-2.85615945373803,-2.0949070410600776,-0.6966282978555685,36.340053240523964,,,,,,,,,-1.945060061194713,26.835931174427994,-13.417965587213997,0
2023-10-16,125.19,126.76,124.1858,125.19,131.3295,141.22117624823994,121.43782375176005,28.80906509201455,29.054764322796753,0,0,,,,119.6638444444444,120.86048288888884,118.46720599999995,,-1.5097278713547824,-4.674882642513678,-7.692988309548088,0,38.618226784605575,41.21272454888291,,,,,-0.7003548438903904,-2.9703505959230654,-2.269995752032675,-0.7410506926609091,38.618226784605575,,,,,,,,,-3.21747909052007,26.813524023301873,-13.406762011650937,0
2023-10-17,123.76,126.7799,122.66,125.71,130.52250000000004,139.4342806862574,121.61071931374268,28.548745558718913,28.362933210432093,0,0,,,,119.79908888888883,120.99707977777773,118.60109799999994,,-0.9432103824062787,-3.6871037560574194,-6.930314341240685,0,39.706790819815296,40.879761633306785,,,,,-0.5715913662056287,-2.984484959789711,-2.4128935935840823,-0.7242441292715317,39.706790819815296,,,,,,,,,-3.3202725759144407,26.791219368438377,-13.395609684219188,0
2023-10-18,123.02,124.35,121.72,122.17,129.73050000000003,138.6552464389733,120.80575356102676,23.27207236264623,26.876627671126567,0,0,,,,119.91259999999994,121.11172599999995,118.71347399999993,,-3.3335179573204754,-5.827850813802482,-9.111536816262722,0,35.138233505526074,39.886370865332744,,,,,-0.6648377886321253,-3.243940829374239,-2.5791030407421136,-0.7104089161712852,35.138233505526074,,,,,,,,,-3.8407846044228635,26.769245966251866,-13.384622983125933,0
2023-10-19,122.39,123.48,119.33,119.97,129.09150000000005,138.8509985014575,119.33200149854261,16.23681377428062,22.68587723188192,0,0,,,,120.01171111111105,121.21182822222217,118.81159399999994,,-4.695704673461709,-7.065918360232892,-10.229533139197677,0,32.6258806511584,38.61625179822291,,,,,-0.8053166145370354,-3.585748808913408,-2.7804321943763726,-0.7004269076354599,32.6258806511584,,,,,,,,,-5.206860271523913,26.748373010001874,-13.374186505000937,0
2023-10-20,119.49,119.92,116.08,116.49,128.30600000000004,139.3787944079152,117.2332055920849,13.011921485744903,17.506935874223917,0,0,,,,120.10588888888884,121.30694777777774,118.90482999999995,,-6.728906112383559,-9.209234174551495,-12.191150771565539,0,29.083547991012452,37.1818934047641,,,,,-1.0478867939375744,-4.09029068679834,-3.042403892860766,-0.7019957753001916,29.083547991012452,29.083547991012452,,29.083547991012452,,,,,,-7.59139022342342,26.73049614090847,-13.365248070454236,0
2023-10-23,116.48,122.525,115.55,120.39,127.61850000000004,138.86312765056977,116.37387234943031,17.257987303424468,15.502240854483333,1,0,,,,120.21704444444441,121.41921488888886,119.01487399999996,,-3.033280711363384,-5.664147439438672,-8.632908798607575,0,37.29967156083107,37.26539842097469,,,,,-0.8683672212951672,-4.127862919479725,-3.2594956981845575,-0.7435079810592715,37.29967156083107,,,,,,,,,-8.056816178683833,26.713392246034548,-13.356696123017274,0
2023-10-24,121.18,123.17,120.57,122.01,127.10500000000005,138.38915083202767,115.82084916797243,23.198096247178622,17.822668345449333,0,0,,,,120.30535555555551,121.50840911111106,119.10230199999995,,-0.9643013685289636,-4.008496912001924,-6.802479461942967,0,40.38911753408345,37.59600680316921,,,,,-0.5772257709038575,-3.9810279118143796,-3.403802140910522,-0.7417481359254982,40.38911753408345,,,,,40.38911753408345,,40.38911753408345,,-7.546191821859857,26.695509597524488,-13.347754798762244,0
2023-10-25,120.75,120.75,118.32,118.5,126.32850000000005,137.73631885374905,114.92068114625106,21.011219138014514,20.48910089620587,0,0,,,,120.38193333333328,121.58575266666661,119.17811399999995,,-2.907052962769019,-6.1969389330199025,-8.875360461390535,0,36.22437227223382,37.825770259491115,,,,,-0.5574530070245536,-4.100618399691214,-3.5431653926666606,-0.839186283234958,36.22437227223382,,,,,,,,,-7.037744642382852,26.676923093313857,-13.338461546656928,0
2023-10-26,118.14,119.5475,114.4,115.47,125.27850000000004,136.62485320267965,113.93214679732043,17.18705839554154,20.465457926911558,0,0,,,,120.44624444444439,121.65070688888883,119.24178199999994,,-4.568670556538401,-7.8293561943989065,-10.548468729019234,0,33.055611390629394,37.6146793913577,,,,,-0.6769023727247525,-4.389293358572601,-3.7123909858478488,-0.8975945673965011,33.055611390629394,,,,,,,,,-8.311183954052233,26.66033546136018,-13.33016773068009,0
2023-10-27,116.21,116.745,113.235,114.09,124.12250000000003,135.07506842023628,113.1699315797638,14.345228217243807,17.514501916933288,0,0,,,,120.51548888888883,121.72064377777771,119.31033399999994,,-4.92420770173111,-8.08274084070174,-10.95854774007915,0,31.695701569932723,37.09010020558774,,,,,-0.7705097962039402,-4.675528231102774,-3.905018434898834,-0.9218082887225094,31.695701569932723,,,,,,,,,-10.338677877344077,26.64772723485162,-13.32386361742581,0
2023-10-30,117.15,118.59,115.35,116.95,123.14200000000005,132.91256313627517,113.37143686372494,18.030822761564753,16.5210364581167,1,0,,,,120.62139999999995,121.82761399999995,119.41518599999995,,-1.867002307531218,-5.028341264556402,-8.114520969845495,0,37.43995507480564,36.44744376758358,,,,,-0.5706698928523579,-4.618355800964281,-4.047685908111923,-0.8962938945141524,37.43995507480564,,,,,,,,,-10.716645931959539,26.63597130260525,-13.317985651302624,0
2023-10-31,117.13,118.69,114.91,118.29,122.67000000000007,132.42044614363465,112.9195538563655,23.25433826457728,18.543463081128614,0,0,,,,120.7404666666666,121.94787133333327,119.53306199999994,,-0.12074337389101908,-3.570555147957988,-6.484697400112727,0,39.986537265395164,36.157798723864154,,,,,-0.2930810048985393,-4.414037164235097,-4.120956159336558,-0.8375293144669081,39.986537265395164,,,,,,,,,-9.971361230781694,26.62258054532264,-13.31129027266132,0
2023-11-01,118.25,119.89,116.66,119.47,122.27300000000007,131.8644151197787,112.68158488022145,36.35662135218919,25.880594126110406,0,0,,,,120.84997777777771,122.05847755555548,119.64147799999994,,1.1060992019495508,-2.2924112436924493,-5.088129991737778,0,42.21713674286205,36.41577402881536,,,,,0.009144936838936246,-4.1095249882878875,-4.118669925126824,-0.7327365850661399,42.21713674286205,,,,,,,,,-8.5597676324532,26.60649209626652,-13.30324604813326,0
2023-11-02,122.51,122.74,114.1,115.5,121.79850000000006,131.73796331548766,111.85903668451247,35.47914901619965,31.69670287765537,0,0,,,,120.94242222222216,122.15184644444439,119.73299799999994,,-1.8824968568421863,-5.17124595130487,-7.820983828102712,0,37.20658142257853,36.47766889896213,,,,,-0.017712088503481382,-4.140810035756175,-4.123097947252694,-0.7264343986724532,37.20658142257853,,,,,,,,,-8.879146078004615,26.59099451469053,-13.295497257345264,0
2023-11-03,117.98,123.45,117.38,122.64,121.61250000000007,131.34053757188065,111.88446242811949,48.99897941860958,40.278249928999465,0,0,,,,121.06268888888884,122.27331577777774,119.85206199999995,,3.6414802545399194,0.8448967005858288,-1.8730847088757052,0,48.94320165960563,37.21516710431927,,,,,0.4596305618792531,-3.5485597449036277,-4.008190306782881,-0.4173904058506383,48.94320165960563,,,,,48.94320165960563,,48.94320165960563,,-7.703591960927567,26.57356070004617,-13.286780350023085,0
2023-11-06,123.215,123.93,116.85,118.17,121.13250000000008,130.5399606031553,111.72503939684486,45.435448399705315,43.30452561150485,0,0,,,,121.17304444444439,122.38477488888883,119.96131399999994,,0.05164720724046834,-2.445668998823669,-5.045185966904642,0,43.465844714060225,37.48367095390819,,,,,0.486002042583904,-3.400687753553001,-3.886689796136905,-0.21436932202729944,43.465844714060225,,,,,,,,,-7.987780827856175,26.556598263512132,-13.278299131756066,0
2023-11-07,118.25,122.18,118.1,121.08,120.60700000000006,128.70171457186302,112.51228542813709,50.06197144237174,48.16546642022888,0,0,,,,121.29371111111104,122.50664822222215,120.08077399999992,,2.596258134489937,0.3921828749574585,-2.4141247521666243,0,47.57881569738632,38.372283967612496,,,,,0.6981977563135717,-3.01394260074494,-3.712140357058512,0.0844364075320462,47.57881569738632,,,,,,,,,-6.530541078131918,26.537625168945553,-13.268812584472776,0
2023-11-08,119.43,121.2,116.1787,117.66,119.99000000000008,126.92490591139557,113.05509408860459,52.16257046947162,49.219996770516225,0,0,,,,121.41393333333326,122.6280726666666,120.19979399999993,,-0.23064138656202493,-1.9418284857072088,-4.7516251156941465,0,43.56717575933182,39.153805046767744,,,,,0.6101837034558653,-2.9494107277386803,-3.5595944311945455,0.12517028252595055,43.56717575933182,,,,,,,,,-7.931165991078605,26.520636908139558,-13.260318454069779,0
2023-11-09,118.35,119.53,115.2,115.52,119.46750000000009,126.08905533088006,112.84594466912012,47.06096794506258,49.76183661896865,0,0,,,,121.5292666666666,122.74455933333327,120.31397399999993,,-2.0493992555350338,-3.3042459246239275,-5.952335723241031,0,41.22488848516804,40.021043653493145,,,,,0.41891370461694777,-3.035952300423361,-3.4548660050403086,-0.10314779437741396,41.22488848516804,,,,,,,,,-8.769988160899125,26.505072518656725,-13.252536259328362,0
2023-11-10,114.525,118.54,114.17,118.15,119.17100000000009,125.46269897562708,112.8793010243731,49.66683614245657,49.63012485233026,0,0,,,,121.6724666666666,122.88919133333326,120.45574199999993,,-0.16308526909097898,-0.8567520621628466,-3.3110740122425653,0,45.12923558713373,40.58029822680048,,,,,0.4764070359748245,-2.859357210071778,-3.3357642460466024,0.0030960450086010226,45.12923558713373,,,,,,,,,-9.777721801102494,26.49143125037524,-13.24571562518762,0
2023-11-13,117.51,119.86,117.4013,119.15,118.8690000000001,124.52365082917608,113.21434917082412,52.71598831064611,49.81459746605509,0,0,,,,121.81259999999992,123.03072599999992,120.59447399999992,,0.4950954344944414,0.23639468658767093,-2.0274251946705735,0,46.58224857407645,41.022664729657116,,,,,0.5816978878954684,-2.608641886177267,-3.1903397740727355,0.28895364491155323,46.58224857407645,,,,,,,,,-9.542179664330341,26.47733528665284,-13.23866764332642,0
2023-11-14,122.355,127.12,121.51,126.68,118.9175000000001,124.81734364198793,113.01765635801227,69.9078618030402,57.43022875204764,0,0,,,,121.98864444444436,123.2085308888888,120.76875799999992,,6.0953752868458055,6.527634704732188,4.194197542372513,0,56.02527629449659,42.4370150169616,,,,,1.1268313168478779,-1.7818006280128884,-2.9086319448607663,0.5453720679731444,56.02527629449659,,,,,,,,,-6.834716630935556,26.458899441552536,-13.229449720776268,0
2023-11-15,128,131.62,127.0606,128.35,119.2265000000001,126.30498083983386,112.14801916016634,73.71271520896599,65.44552177421744,0,0,,,,122.18188888888879,123.40370777777768,120.9600699999999,,6.700473854850442,7.652241741559029,5.54057165411308,0,57.80673190472247,44.204952196539686,,,,,1.54253297030395,-0.9804657319808285,-2.5229987022847786,0.625950146025156,57.80673190472247,,,,,57.80673190472247,,57.80673190472247,,-4.329806915629233,26.438094919100294,-13.219047459550147,0
2023-11-16,127.12,128.4,125.31,126.28,119.5420000000001,127.25864071989257,111.82535928010763,72.58571828282794,72.06876509827805,0,0,,,,122.36424444444435,123.5878868888888,121.1406019999999,,4.047195306835105,5.636512690100459,3.801734412888913,0,54.84110417565364,45.85819523980547,,,,,1.6131237194608028,-0.5065940529587749,-2.1197177724195777,0.6354277723819265,54.84110417565364,,,,,,,,,-2.6166044023113213,26.416589685083476,-13.208294842541738,0
2023-11-17,126.65,127.97,125.45,127.15,120.07500000000009,128.32870098803645,111.82129901196375,73.03313493485628,73.1105228088834,0,0,,,,122.5582888888888,123.78387177777769,121.3327059999999,,4.376164637699875,5.892150739121305,4.494252747614014,0,55.86592014321927,47.17433560183501,,,,,1.6476524523615814,-0.06015220696760082,-1.7078046593291822,0.6804038620024712,55.86592014321927,,,,,,,,,-2.638218641094873,26.395141772059073,-13.197570886029537,0
2023-11-20,127.4,130.95,127.01,129.7,120.54050000000002,129.80144482220769,111.27955517779237,77.1831086027664,74.26732060681688,0,0,,,,122.76811111111104,123.99579222222215,121.54042999999993,,5.471164167452747,7.598690896420668,6.533565876403524,0,58.816018592888156,48.5192985537988,,,,,1.76122650086463,0.4937284667516053,-1.2674980341130246,0.7484789437747889,58.816018592888156,,,,,58.816018592888156,,58.816018592888156,,-2.441765250576482,26.37370555445202,-13.18685277722601,0
2023-11-21,128,128.05,124.93,126.82,120.78100000000002,130.42404288074957,111.13795711925047,70.5588990947946,73.59171421080576,0,0,,,,122.95295555555548,124.18248511111103,121.72342599999992,,2.650025091868602,4.999958602760346,4.304200021932236,0,54.393718849592176,49.38905441856524,,,,,1.567846776545326,0.6923104365686328,-0.8755363399766931,0.7847957328360616,54.393718849592176,,,,,,,,,-2.4585782406573116,26.352324561029643,-13.176162280514822,0
2023-11-22,127.75,130.58,127.71,129.04,121.30799999999999,131.5294961722829,111.0865038277171,74.4600186904855,74.06734212934884,0,0,,,,123.14646666666658,124.37793133333325,121.91500199999992,,3.4936319014468475,6.373858278102018,6.157997499067647,0,57.073057911084085,50.80808845345849,,,,,1.5141083043209411,1.0170990404244833,-0.49700926389645783,0.7741816788265733,57.073057911084085,,,,,,,,,-2.111406804203231,26.3309461030329,-13.16547305151645,0
2023-11-24,129.05,129.5899,127.78,128.37,121.953,132.24730930174482,111.65869069825519,71.00255786984539,72.00715855170851,0,0,,,,123.33966666666659,124.57306333333325,122.10626999999992,,1.906024498090808,5.261863176797621,5.537346809023758,0,56.00369236290406,51.312409217979805,,,,,1.3628273155904587,1.2065248805916156,-0.1563024349988431,0.8479955458777484,56.00369236290406,,,,,,,,,-2.575114501211289,26.309692065229708,-13.154846032614854,0
2023-11-27,127.5,129.56,125.85,129,122.6985,132.764105346922,112.63289465307797,70.10438523712392,71.85565393248494,0,0,,,,123.51868888888879,124.75387577777768,122.2835019999999,,1.5316322193712706,5.135759605863166,5.912489463486215,0,56.82290916953911,52.266485250514016,,,,,1.2381957704748692,1.3914422780947433,0.15324650761987418,0.8356777261692135,56.82290916953911,,,,,,,,,-2.1358825620663935,26.28841964831099,-13.144209824155496,0
2023-11-28,128.79,129.54,125.85,127.56,123.22900000000001,133.14406308603037,113.31393691396966,67.71669323110845,69.60787877935927,0,0,,,,123.6957999999999,124.93275799999991,122.4588419999999,,-0.2619336174205511,3.5145947788264076,4.662325337155027,0,54.33261935607995,52.74889979756356,,,,,1.0018763091456622,1.4055918940519518,0.4037155849062897,0.8213981676414496,54.33261935607995,,,,,,,,,-2.6204989370721092,26.267278274857876,-13.133639137428938,0
2023-11-29,127,129.583,126.0598,126.48,123.6385,133.37876544812792,113.89823455187206,64.12595680592962,67.31567842472066,0,0,,,,123.86451111111101,125.10315622222213,122.6258659999999,,-1.0909090909090868,2.2982323467204857,3.7543408711820936,0,52.47513180257495,53.385182372080926,,,,,0.7286321625576113,1.314505788103304,0.5858736255456927,0.7220331295431122,52.47513180257495,,,,,,,,,-3.2320849898451427,26.246370151803458,-13.123185075901729,0
2023-11-30,127,128.13,125.085,126.34,123.982,133.59371909701824,114.37028090298175,61.133838841479445,64.32549629283916,0,0,,,,124.0293999999999,125.2696939999999,122.78910599999989,,-1.0448485987750056,1.9018889838847697,3.521455669753948,0,52.22587903356687,54.17096741125227,,,,,0.5048961521810342,1.2169938157719855,0.7120976635909513,0.5664637290091306,52.22587903356687,52.22587903356687,,52.22587903356687,,,,,,-4.035909208477601,26.225890315306195,-13.112945157653098,0
2023-12-01,125.5,135.42,125.4,135.02,124.958,134.8854097326538,115.03059026734618,74.47704263113845,66.57894609284916,0,0,,,,124.23597777777766,125.47833755555544,122.99361799999988,,5.03469521112736,8.052305574673092,10.180833006919965,0,63.72913410955253,55.49953159142505,,,,,0.8856405282309778,1.8191483238796735,0.9335077956486957,0.5618705635818598,63.72913410955253,,,,,63.72913410955253,,63.72913410955253,,-2.3066646378826743,26.204842423281196,-13.102421211640598,0
2023-12-04,134,136.75,132.72,133.7,125.51099999999997,136.07225541780002,114.94974458219991,74.72809072312904,70.11299073191564,0,0,,,,124.41046666666655,125.65457133333322,123.16636199999988,,3.4805693366253276,6.524527730637164,8.595300430753227,0,61.31140198157638,56.551613977675046,,,,,0.9851070583320154,2.164891618563715,1.1797845602316994,0.5323908840680412,61.31140198157638,,,,,,,,,-0.6216055226493468,26.183950124108282,-13.091975062054141,0
2023-12-05,132.68,135.705,132.66,133.71,126.28799999999997,136.86116716977557,115.71483283022437,74.83270251983393,74.67927862470047,0,0,,,,124.5669999999999,125.8126699999999,123.32132999999989,,3.1681120953057196,5.877042949448907,8.213172909613299,0,61.32337295615856,56.93004945350805,,,,,0.9856921186060243,2.41189970848923,1.4262075898832056,0.6028861818653517,61.32337295615856,,,,,,,,,1.1049550322540893,26.16393489934512,-13.08196744967256,0
2023-12-06,135.59,138.48,135.14,135.31,126.99949999999997,137.98228557561845,116.01671442438149,76.54244155927215,75.36774493407837,0,0,,,,124.72228888888878,125.96951177777767,123.4750659999999,,3.7231799958606038,6.543726550104556,9.11656788032742,0,63.281051660713594,57.3210722932217,,,,,1.0234930131652842,2.705573856339811,1.6820808431745267,0.7168949241659605,63.281051660713594,,,,,,,,,1.07192721819471,26.143942750916068,-13.071971375458034,0
2023-12-07,135.51,141.16,135.43,139.84,128.1085,139.56417505649503,116.65282494350495,81.09428886752485,77.48981098221032,0,0,,,,124.89371111111102,126.14264822222214,123.6447739999999,,6.3155253814632495,9.157471986636345,12.126452295743139,0,68.19030291954017,58.2745864892136,,,,,1.26729149368562,3.266195210281552,1.9989037165959318,0.759003865025346,68.19030291954017,,,,,,,,,2.511942667528539,26.125226942555102,-13.062613471277551,0
2023-12-08,138.19,141.54,137.8,140.68,129.3665,140.5386390521236,118.19436094787639,84.04900595503624,80.56191212727775,0,0,,,,125.06957777777768,126.32027355555546,123.8188819999999,,5.962459702931544,8.745308870534485,12.04502615021108,0,69.01749676989166,59.21398481969019,,,,,1.3890493578951815,3.7352154139649087,2.3461660560697273,0.8076453952376461,69.01749676989166,,,,,,,,,4.136044493703319,26.108541670779324,-13.054270835389662,0
2023-12-11,141.36,144.5,140.85,142.91,130.60449999999997,142.01543418612255,119.1935658138774,86.95700338972317,84.03343273742809,0,0,,,,125.2642888888888,126.51693177777769,124.01164599999991,,6.526033319667546,9.421957130114222,12.956854396762507,0,71.16152415225041,60.09580664535893,,,,,1.5134724079276847,4.238006565979333,2.7245341580516484,0.8843413007801647,71.16152415225041,,,,,71.16152415225041,,71.16152415225041,,5.9059919953343325,26.09478135922429,-13.047390679612144,0
2023-12-12,137.9,141.06,137.58,140.55,131.6745,142.59106076793458,120.7579392320654,82.83195175191693,84.61265369889212,0,1,,,,125.43882222222213,126.69321044444435,124.18443399999991,,3.7621628006555774,6.7404850597496235,10.405014767799937,0,65.95938189163093,60.92192543407599,,,,,1.3366708962340041,4.395372778344154,3.0587018821101495,0.8959291038750506,65.95938189163093,,,,,,,,,5.961613276886317,26.081138324539758,-13.040569162269879,0
2023-12-13,142.95,144.94,140.34,144.51,132.56599999999997,144.56405050831333,120.56794949168663,84.38557087107954,84.72484200423987,0,0,,,,125.61344444444435,126.8695788888888,124.35730999999991,,5.284247797926511,9.009851696513449,12.741656134438074,0,69.93145523816305,61.8403823860102,,,,,1.380616984307875,4.784473112494993,3.403856128187118,0.9315315433140283,69.93145523816305,,,,,,,,,6.803181028810208,26.0691563677646,-13.0345781838823,0
2023-12-14,145,149.92,144.98,147.26,133.51149999999998,146.92809908471637,120.0949009152836,85.58275059487806,84.2667577392915,0,0,,,,125.80513333333323,127.06318466666656,124.5470819999999,,5.677112860515687,10.29761481220719,14.06278642854748,0,72.34479718268598,63.007604158851755,,,,,1.4802535861733626,5.254173110903821,3.7739195247304584,0.951309587581584,72.34479718268598,,,,,72.34479718268598,,72.34479718268598,,7.754087775829138,26.0592423985805,-13.02962119929025,0
2023-12-15,147.26,148.73,145.86,146.6,134.52749999999997,148.65828041015513,120.39671958984482,83.80324286854948,84.59052144483569,0,1,,,,125.99251111111101,127.25243622222213,124.7325859999999,,4.3364387539410965,8.974001598186266,12.647052043552787,0,70.87454225616516,64.01129223646791,,,,,1.3885807769018026,5.509645495857711,4.121064718955909,0.964304060368033,70.87454225616516,,,,,,,,,9.112750164135894,26.052641688612628,-13.026320844306314,0
2023-12-18,147.16,148.46,146.12,147.5,135.545,150.32029627452596,120.76970372547403,85.57446877733356,84.98682074692037,0,0,,,,126.16175555555546,127.42337311111102,124.9001379999999,,3.9559649580299894,8.819949094396694,12.621497598680653,0,71.71859498532525,65.25314763855685,,,,,1.27819527423686,5.718808811751984,4.440613537515124,0.9617983300253259,71.71859498532525,,,,,,,,,9.714986686337292,26.04762582871743,-13.023812914358714,0
2023-12-19,147.5,148.61,146.68,146.91,136.40549999999996,151.7139087677342,121.09709123226573,84.52836278141422,84.63535814243241,0,1,,,,126.29939999999989,127.5623939999999,125.03640599999989,,2.585767455501453,7.700935812705523,11.35647564448199,0,70.28070027970963,66.52497395835219,,,,,1.0638660236605197,5.770446067090774,4.706580043430254,0.9479154309598985,70.28070027970963,,,,,,,,,9.509173374493551,26.042017408134054,-13.021008704067027,0
2023-12-20,146.5,146.5,140.65,141.07,137.118,151.89270487014974,122.34329512985023,72.19142339029841,80.76475164968205,0,0,,,,126.43979999999989,127.70419799999989,125.17540199999989,,-1.8868711878316735,2.882189063434404,6.3924461137004895,0,57.90530254515749,66.93064706632295,,,,,0.4581548381872125,5.279273591164269,4.821118752977057,0.8512704189801278,57.90530254515749,,,,,,,,,8.047160368740789,26.032717703996383,-13.016358851998191,0
2023-12-21,142.37,143.49,140.31,142.09,137.77049999999997,152.2094133593924,123.33158664060753,68.02732828552695,74.91570481907985,0,0,,,,126.5774888888888,127.84326377777768,125.31171399999991,,-1.3318704516415814,3.13528658167026,6.507589480917009,0,59.254798428822156,66.6110516605565,,,,,0.07563036571913262,4.9156567101259725,4.84002634440684,0.755319295482204,59.254798428822156,,,,,,,,,6.621038790514398,26.02034388548177,-13.010171942740884,0
2023-12-22,141.88,142.51,139.73,140.8,138.392,152.21585127234806,124.56814872765192,57.8188174043991,66.01252302674148,0,0,,,,126.69664444444435,127.9636108888888,125.4296779999999,,-2.235800583252323,1.7399849702295134,4.878175953996644,0,56.77577044125784,66.28707797910518,,,,,-0.29454361426463915,4.471846826576041,4.76639044084068,0.5743858929816564,56.77577044125784,,,,,,,,,5.03570402577222,26.00515438990064,-13.00257719495032,0
2023-12-26,141,141,137.77,138.72,138.878,152.0132070406224,125.74279295937757,49.34786528723137,58.39800365905247,0,0,,,,126.78642222222213,128.05428644444436,125.5185579999999,,-3.3990013997116986,-0.11376891948328138,2.803784491489858,0,52.93053863214592,65.68758981310427,,,,,-0.6873160430528396,3.9072453870246306,4.59456143007747,0.2386778488992388,52.93053863214592,,,,,,,,,4.389622566702918,25.98901295045001,-12.994506475225005,0
2023-12-27,139.135,139.135,136.05,136.55,139.32749999999996,151.45968673611858,127.19531326388133,42.57118745137209,49.91262338100085,0,0,,,,126.86575555555547,128.13441311111103,125.59709799999992,,-4.644520638822347,-1.9935045127487006,0.7625138359365735,0,49.187732159892576,64.6809241344742,,,,,-1.0778400194559206,3.2472614057575697,4.32510142521349,-0.23778688712276072,49.187732159892576,,,,,,,,,2.964920614857636,25.97111036365896,-12.98555518182948,0
2023-12-28,136.55,137.19,135.695,137,139.85349999999997,150.53783671315338,129.16916328684655,39.692935155727085,43.8706626314435,0,0,,,,126.94864444444434,128.2181308888888,125.6791579999999,,-3.8259038259038203,-2.040349365586114,0.8386042563214513,0,49.977669141221064,63.380021721737116,,,,,-1.2768239026791894,2.7290715468645033,4.005895449543693,-0.5021924934761636,49.977669141221064,,,,,,,,,1.9758416959032357,25.95229195169342,-12.97614597584671,0
2023-12-29,136.71,137.87,135.43,136.14,140.34349999999998,149.25583588909356,131.4311641109064,29.686463039536783,37.316861882211974,0,0,,,,127.02175555555544,128.291973111111,125.75153799999988,,-3.6777087548996223,-2.995151182634026,0.014448000666078542,0,48.42816582847975,61.90935522592197,,,,,-1.4260141019337929,2.2233778221264515,3.6493919240602444,-0.7006370536526307,48.42816582847975,,,,,,,,,1.2938223693986577,25.932996035700835,-12.966498017850418,0
2024-01-02,134.43,135.6,133.34,134.48,140.31649999999996,149.29619993931027,131.33680006068965,25.77513317915396,31.71817712480593,0,0,,,,127.10228888888878,128.37331177777767,125.83126599999989,,-4.029230835105557,-4.159525073672709,-1.4030465735212383,0,45.4960284238594,60.0761055310369,,,,,-1.5839777444335637,1.66941974351829,3.2533974879518537,-0.8027830606950911,45.4960284238594,,,,,,,,,0.7515710459085927,25.91341168290555,-12.956705841452775,0
2024-01-03,132.71,134.54,130.82,133.42,140.30249999999995,149.3241935771535,131.2808064228464,21.03185900266623,25.49781840711898,0,0,,,,127.18442222222211,128.45626644444434,125.91257799999988,,-3.8192592165400496,-4.905472104916142,-2.3298715496037015,0,43.677474124364274,58.48454069051785,,,,,-1.6972588920512712,1.1318238728877645,2.8290827649390358,-0.9412867919445419,43.677474124364274,43.677474124364274,,43.677474124364274,,,,,,-0.14986523515883632,25.893478148704045,-12.946739074352022,0
2024-01-04,132.86,137.0344,132.5,133.72,140.30299999999994,149.32323303468783,131.28276696531205,20.983514972762745,22.5968357181943,0,0,,,,127.29486666666656,128.56781533333324,126.0219179999999,,-2.6776031848849025,-4.691988054425023,-2.2061870749128354,0,44.35539024318767,56.65767890516248,,,,,-1.6859351134471505,0.7216638731300975,2.407598986577248,-0.9699617504314483,44.35539024318767,,,,,,,,,-0.7597120452457174,25.87343534425742,-12.93671767212871,0
2024-01-05,134.25,136.65,133.895,135.98,140.33649999999994,149.28701791797928,131.3859820820206,24.611513584185374,22.208962519871438,0,0,,,,127.3817999999999,128.6556179999999,126.1079819999999,,-0.664767331434013,-3.104324249215251,-0.7749449074006431,0,49.30562170623989,55.01202351398776,,,,,-1.4681797840360953,0.5723742565321288,2.040554040568224,-0.9352571813196225,49.30562170623989,,,,,,,,,-0.40340730911799066,25.853518692641966,-12.926759346320983,0
2024-01-08,137.31,140.25,136.61,140.08,140.34849999999994,149.2969664049246,131.40003359507529,35.95653948821328,27.183856015053802,0,0,,,,127.46717777777768,128.74184955555546,126.1925059999999,,2.480814110864804,-0.19130949030444766,1.9430900225602565,0,56.81192860479578,54.00755111031851,,,,,-1.011681471879751,0.7759522007185353,1.7876336725982864,-0.7866328038538181,56.81192860479578,,,,,56.81192860479578,,56.81192860479578,,1.2174774646633375,25.83439296701834,-12.91719648350917,0
2024-01-09,138.52,139.54,137.79,139.53,140.29099999999994,149.2449843645211,131.3370156354788,41.75220509329672,34.10675272189846,0,0,,,,127.4783777777777,128.75316155555547,126.20359399999991,,2.173371801818935,-0.542443920137381,1.2686707987981105,0,55.622118755923694,52.8578028082184,,,,,-0.7239203892453676,0.8827331860415768,1.6066535752869444,-0.6027995017684374,55.622118755923694,,,,,,,,,2.6382039947168114,25.81647715523716,-12.90823857761858,0
2024-01-10,139.2,140.825,138.7,139.76,140.13349999999997,149.00813638692063,131.2588636130793,47.105761227220995,41.604835269577,0,0,,,,127.47988888888878,128.75468777777766,126.20508999999988,,2.263913482504787,-0.26653155740774537,1.1722350647407787,0,56.036764775987564,51.84037884366682,,,,,-0.5055777057674073,0.9746814430776851,1.4802591488450925,-0.31346094178100004,56.036764775987564,,,,,,,,,3.5633329966917366,25.799615383604277,-12.899807691802138,0
2024-01-11,140.71,141.2,137.55,139.45,140.07849999999993,148.9557637113068,131.20123628869308,48.71178485320179,45.85658372457317,0,0,,,,127.51477777777768,128.78992555555547,126.2396299999999,,1.8210228102456316,-0.4486769918295441,0.6590297176927828,0,55.286953208727404,51.653353891064675,,,,,-0.37550023888717265,1.0108838502361266,1.3863840891232992,-0.0910280493612985,55.286953208727404,,,,,,,,,3.4168146235156303,25.782610819601995,-12.891305409800998,0
2024-01-12,139.35,140.99,137.13,137.14,139.70999999999995,148.43135081280784,130.98864918719207,43.135602253521185,46.31771611131466,0,0,,,,127.55193333333325,128.82745266666657,126.27641399999992,,0.1241147696575906,-1.8395247297974149,-1.2616487111119623,0,49.926013294856546,50.98701209578142,,,,,-0.4343440621806527,0.8434540113974833,1.277798073578136,0.1190276385227717,49.926013294856546,,,,,,,,,2.84957773836024,25.765013495277174,-12.882506747638587,0
2024-01-16,135.9,136,133.67,135.02,139.09799999999996,147.31764135471,130.87835864528992,37.6701226456338,43.17250325078559,0,0,,,,127.58664444444437,128.8625108888888,126.31077799999993,,-1.3429978517879748,-2.9317459632776544,-2.9900968757858415,0,45.55976598089203,50.185868920040996,,,,,-0.5954000855877408,0.5335479665934599,1.1289480521812008,0.21376690461023323,45.55976598089203,,,,,,,,,1.7216563869747228,25.746439087018327,-12.873219543509164,0
2024-01-17,132.84,135.09,131.1,134.98,138.51699999999997,146.15557604531412,130.87842395468581,39.67380120052298,40.15984203322599,0,0,,,,127.62868888888882,128.9049757777777,126.35240199999993,,-1.4082449528150298,-2.553477190525333,-3.0179072234822413,0,45.47894936136386,49.65361254355656,,,,,-0.6779801349943794,0.2814728834382265,0.9594530184326059,0.22070196155931032,45.47894936136386,45.47894936136386,,45.47894936136386,,,,,,0.67035900003869,25.727235744297175,-12.863617872148588,0
2024-01-18,137,139.535,135.225,137.04,137.99399999999997,144.4400201675182,131.54797983248173,43.06911733786066,40.13768039467248,0,0,,,,127.6920666666666,128.96898733333327,126.41514599999994,,-0.1675529977416712,-0.6913344058437132,-1.616512114866886,0,50.36234964161102,49.73751379225074,,,,,-0.5714816336967895,0.24510097631161898,0.8165826100084085,0.2336673113706464,50.36234964161102,,,,,,,,,0.6960981929208144,25.70808846229348,-12.85404423114674,0
2024-01-19,138.6,140.285,136.32,139.93,137.64499999999995,142.73563650244787,132.55436349755203,53.94468144648536,45.56253332828967,0,0,,,,127.7649555555555,129.04260511111107,126.48730599999995,,1.4787041938922885,1.660067565113188,0.3089627882637336,0,56.278851138124,50.18759822060095,,,,,-0.2977840040857799,0.44435260490118367,0.7421366089869635,0.39380035061434493,56.278851138124,,,,,,,,,1.949316535222324,25.689815617220393,-12.844907808610197,0
2024-01-22,141.155,144.05,140.9,142.01,137.69199999999995,142.92365977487594,132.46034022512396,66.06321766591692,54.35900548342099,0,0,,,,127.84819999999992,129.12668199999993,126.56971799999992,,2.53873814028045,3.1359846614182674,1.637294920640242,0,59.976448060710986,51.01247552290318,,,,,0.015349520247097015,0.7613235092958348,0.7459739890487378,0.5272065043567468,59.976448060710986,,,,,,,,,3.7589857442479264,25.673437468736143,-12.836718734368072,0
2024-01-23,142.75,143.93,140.52,142.3,137.70249999999996,142.9701441603485,132.43485583965142,72.59182797011296,64.19990902750509,0,0,,,,127.94362222222215,129.22305844444438,126.66418599999993,,2.5836961850111306,3.338719340607499,1.7851139568873853,0,60.47830839614148,52.082638378066186,,,,,0.22251711972212251,1.024120388701391,0.8016032689792685,0.5663558215037574,60.47830839614148,,,,,60.47830839614148,,60.47830839614148,,5.126526267626738,25.65900315967487,-12.829501579837435,0
2024-01-24,143.81,144.1,139.58,141.19,137.72199999999995,143.03803085017915,132.40596914982075,73.95280061162221,70.8692820825507,0,0,,,,128.02722222222215,129.30749444444436,126.74694999999993,,1.661842427384408,2.518116205108867,0.9788682699826579,0,57.5060247254825,53.07039199243177,,,,,0.2625553716334783,1.1297974835211164,0.8672421118876381,0.5234167437894235,57.5060247254825,,,,,,,,,5.504553943384283,25.645194981689496,-12.822597490844748,0
2024-01-25,143.2,143.29,140.3679,142.11,137.89149999999998,143.5303802966575,132.25261970334245,73.0918419401735,73.21215684063623,0,0,,,,128.10002222222212,129.38102244444434,126.8190219999999,,2.151426497121145,3.0592893688153655,1.6562386738645518,0,59.291781274518286,54.13727706609825,,,,,0.32469275574858025,1.2731080565733635,0.9484153008247832,0.4815287603499185,59.291781274518286,,,,,,,,,5.560942505500002,25.631497032220935,-12.815748516110467,0
2024-01-26,142.11,151.53,141.49,149.62,138.54499999999996,146.11073459751577,130.97926540248415,81.47043938781384,76.17169397986986,0,0,,,,128.20353333333324,129.48556866666658,126.9214979999999,,6.76923516063197,7.993792630553287,6.7974332069923316,0,70.27359502267055,55.63498944584325,,,,,0.8172424675346359,1.969968385243078,1.1527259177084421,0.56678557517445,70.27359502267055,,,,,,,,,7.363090457924213,25.62117814400515,-12.810589072002575,0
2024-01-29,150,153.38,148.54,152.7,139.32999999999996,149.04446550254107,129.61553449745884,85.60899255842057,80.0570912954693,0,0,,,,128.31802222222214,129.60120244444437,127.03484199999991,,7.770484861316951,9.59592334744852,8.783928189784152,0,73.43836559800461,56.82259208821531,,,,,1.2691711064338695,2.739189800750779,1.4700186943169096,0.7215573503158755,73.43836559800461,,,,,73.43836559800461,,73.43836559800461,,10.187796470864726,25.61765697987565,-12.808828489937826,0
2024-01-30,150.54,151.03,148.68,149.44,139.99499999999995,150.53108750913032,129.45891249086958,81.75338525092467,82.94427239905302,0,1,,,,128.42664444444438,129.71091088888883,127.14237799999994,,4.407120699773626,6.746669523911608,6.406410207724167,0,65.49083944002224,57.527500708508065,,,,,1.2644517114983471,3.0505833336898434,1.7861316221914962,0.8112148881191962,65.49083944002224,,,,,,,,,11.971454205744143,25.619345829773188,-12.809672914886594,0
2024-01-31,148.645,148.74,143.92,144.14,140.47799999999995,150.84280313368455,130.11319686631535,74.62735251777397,80.66324344237306,0,0,,,,128.53464444444435,129.8199908888888,127.24929799999991,,0.06386759968897149,2.606813878329728,2.6925871920433497,0,55.058609414646895,57.45763246841231,,,,,0.8406915987678825,2.8369961206513494,1.996304521883467,0.8177617174418838,55.058609414646895,55.058609414646895,,55.058609414646895,,,,,,10.623159089822517,25.616942616700854,-12.808471308350427,0
2024-02-01,144.8,146.85,143.65,146.49,141.13149999999996,151.27973388575705,130.98326611424287,71.89068872236014,76.09047549701958,0,0,,,,128.65993333333324,129.94653266666657,127.37333399999991,,1.0324636361755513,3.796813610002059,4.391884669379409,0,58.23535250242366,57.66823241796203,,,,,0.6627881096281096,2.824789658918604,2.1620015492904945,0.8427948351314468,58.23535250242366,,,,,,,,,9.11205102261776,25.61050646612885,-12.805253233064425,0
2024-02-02,143.99,148.08,141.2401,146.55,141.77299999999994,151.58251191446698,131.9634880855329,69.02828105579536,71.84877409864315,0,0,,,,128.79588888888878,130.08384777777766,127.50792999999989,,0.6144656894716993,3.3694709147722657,4.443573388447453,0,58.31636820633439,58.267543483067584,,,,,0.5006557056804235,2.787821181391024,2.2871654757106006,0.8178032557732494,58.31636820633439,,,,,,,,,8.424403168124096,25.6024163526343,-12.80120817631715,0
2024-02-05,146.09,146.4,142.68,144.78,142.21299999999994,151.72871142900252,132.69728857099736,61.155300237218825,67.35809000512477,0,0,,,,128.92219999999992,130.2114219999999,127.63297799999992,,-0.7894087657264959,1.805038920492552,3.091266412858795,0,54.93115651878755,58.936928521488696,,,,,0.2389801405086649,2.585890651346432,2.346910510837767,0.7173988562990061,54.93115651878755,,,,,,,,,8.609177680280519,25.59474111956089,-12.797370559780445,0
2024-02-06,145.1,145.13,142.9517,144.53,142.43549999999993,151.94941081522495,132.92158918477492,57.62433870558111,62.60263999953176,0,0,,,,129.05975555555548,130.35035311111105,127.76915799999993,,-1.1118333276316283,1.4704901516827462,2.8536863079988706,0,54.45037511201364,59.5777446465351,,,,,0.025088480799746016,2.3782711118374493,2.3531826310377033,0.5693259783215949,54.45037511201364,54.45037511201364,,54.45037511201364,,,,,,8.137701674609877,25.585981818443237,-12.792990909221619,0
2024-02-07,145.12,148.77,143.86,147.55,142.83649999999994,152.50161929569649,133.1713807043034,60.738273054466646,59.83930399908886,0,0,,,,129.18224444444436,130.4740668888888,127.89042199999992,,0.5170616727183663,3.2999268394283465,4.834985257025148,0,59.10659818602056,60.20233382827865,,,,,0.060985980509162374,2.4294151066741563,2.368429126164994,0.4711609071959124,59.10659818602056,,,,,,,,,8.380444412136692,25.577757473977112,-12.788878736988556,0
2024-02-08,149.25,150.67,148.06,150.54,143.37549999999993,153.48629912766805,133.26470087233182,66.48585673425242,61.61615616476673,0,0,,,,129.32619999999991,130.6194619999999,128.03293799999992,,1.968381267187791,4.997018319029456,6.660809556536473,0,63.12563890960436,60.691390097670094,,,,,0.24951115056891515,2.680318064376138,2.430806913807223,0.45502266678069897,63.12563890960436,,,,,,,,,9.779773883162278,25.572912583346273,-12.786456291673137,0
2024-02-09,145.84,148.68,145.18,147.595,143.78274999999994,153.88442187895416,133.68107812104572,61.745855693951384,62.98999516089017,0,0,,,,129.45595555555548,130.75051511111104,128.1613959999999,,0.11089895985594289,2.651395942837409,4.302137818697083,0,57.16617622410383,60.490656395055304,,,,,0.14449106543643886,2.6114207456027714,2.4669296801663325,0.37300826460459596,57.16617622410383,,,,,,,,,10.488834382996783,25.569925818697495,-12.784962909348748,0
2024-02-12,148.68,157.345,148.34,153.8,144.61574999999996,155.1282212960381,134.10327870396182,73.27203201588704,67.16791481469696,0,0,,,,129.5897777777777,130.88567555555548,128.29387999999992,,4.241857375721425,6.350795124320863,8.258652304133186,0,64.72292603524201,60.79384336927678,,,,,0.44459012723212776,3.0226673392064924,2.5780772119743647,0.42805667295761013,64.72292603524201,,,,,64.72292603524201,64.72292603524201,64.72292603524201,,11.93711682356465,25.571106885398162,-12.785553442699081,0
2024-02-13,149.21,153.02,148.58,150.82,145.40574999999995,155.26975084904916,135.54174915095075,71.4933308900785,68.83707286663899,0,0,,,,129.72155555555548,131.01877111111105,128.42433999999992,,2.126564621359117,3.723546008325007,5.796649047921365,0,59.311105585423284,60.92277771641541,,,,,0.39569978015425367,3.0727019371671815,2.677002157012928,0.3511549207758785,59.311105585423284,,,,,,,,,11.850773038301242,25.571960355556232,-12.785980177778116,0
2024-02-14,146.16,149.53,142.57,148.2,146.06674999999996,154.74852071512666,137.38497928487325,61.35627704303157,68.70721331633239,0,0,,,,129.84555555555548,131.14401111111104,128.54709999999992,,0.07732019677821889,1.4604624255691645,3.6263391769794096,0,54.959980977481145,60.61336340948418,,,,,0.15270502455762847,2.8678834377099633,2.715178413152335,0.1459687038934381,54.959980977481145,,,,,,,,,11.786745146009673,25.5725582422326,-12.7862791211163,0
2024-02-15,148.91,158.27,148.75,157.69,147.09924999999993,156.14537971110042,138.05312028889944,70.00347093990787,67.61769295767265,0,0,,,,130.02675555555547,131.32702311111103,128.7264879999999,,5.686452577150325,7.199730794004777,9.641839439032097,0,64.98112485647685,60.23532982618463,,,,,0.5732714359388145,3.431767708075853,2.8584962721370384,0.4447455804694584,64.98112485647685,,,,,64.98112485647685,,64.98112485647685,,12.474584174668534,25.57522216450747,-12.787611082253735,0
2024-02-16,156.1,156.1,151.78,152.51,147.72824999999995,156.43603460631888,139.020465393681,65.95489272599295,65.77154690297748,0,0,,,,130.18053333333324,131.48233866666658,128.8787279999999,,1.8080593318491545,3.23685551003281,5.580394487103324,0,57.465361365885066,59.094400952461804,,,,,0.4501866154594669,3.421229541461372,2.971042926001905,0.6919640566450422,57.465361365885066,,,,,,,,,12.649584718641583,25.57837042953282,-12.78918521476641,0
2024-02-20,150.31,150.68,145.88,148.15,148.03524999999996,156.33852734993945,139.73197265006047,55.812971410159996,63.923778358686945,0,0,,,,130.32071111111102,131.62391822222213,129.01750399999992,,-1.3244437635915873,0.07751532151973883,2.2748061565084576,0,52.01237992895971,58.13165384452877,,,,,0.04410846277252878,3.026178504467566,2.9820700416950374,0.6876021659346259,52.01237992895971,52.01237992895971,,52.01237992895971,,,,,,12.440344751568281,25.580780816888492,-12.790390408444246,0
2024-02-21,145.98,149.26,145.396,149.24,148.38224999999994,156.26732734585005,140.49717265414984,55.206097980166696,58.99132070543988,0,0,,,,130.4559999999999,131.7605599999999,129.1514399999999,,-0.9093051899116356,0.578067794497028,2.8105736077735255,0,53.20781473658099,57.99945422466691,,,,,-0.17035140457667142,2.7691307859741983,2.9394821905508697,0.5700268835512358,53.20781473658099,,,,,,,,,10.227418225123222,25.576751040762716,-12.788375520381358,0
2024-02-22,151.02,155.7,150.265,155.26,149.08574999999993,156.78703513626448,141.3844648637354,62.582959465742434,57.867342952023044,0,0,,,,130.6025777777777,131.9086035555555,129.2965519999999,,2.5627475137154354,4.14140855178986,6.572765119144508,0,59.246183690833874,58.0716564524105,,,,,0.061543045616013536,3.016410997570887,2.9548679519548733,0.6254392754740298,59.246183690833874,,,,,,,,,10.751493873648245,25.5740911410084,-12.7870455705042,0
2024-02-23,153.27,155.3,150.825,152.66,149.61324999999994,156.7560507637105,142.47044923628937,62.70522708881755,60.164761511575556,0,0,,,,130.7281777777777,132.03545955555546,129.4208959999999,,0.7041905107442847,2.036417229089049,4.479705984005711,0,55.89148509240742,57.898450515701434,,,,,0.010798913299181034,2.9683665935788497,2.9575676802796687,0.6058495132134032,55.89148509240742,,,,,,,,,11.713087112183375,25.574121377874153,-12.787060688937077,0
2024-02-26,149.96,150.18,148.56,149.27,149.59574999999995,156.7401137050494,142.4513862949505,51.90459716159958,59.06426123871986,0,0,,,,130.8517777777777,132.16029555555548,129.54325999999992,,-1.64074855034263,-0.2177535123825014,1.9312559821818231,0,51.77502001341859,57.67301219388936,,,,,-0.26487808297232673,2.62647007656426,2.891348159536587,0.4135209369231657,51.77502001341859,51.77502001341859,,51.77502001341859,,,,,,11.586641603166427,25.573725881453864,-12.786862940726932,0
2024-02-27,150,152.47,149.23,152.06,149.56374999999997,156.65776640468897,142.46973359531097,54.697368995706306,56.435731082041144,0,0,,,,131.00111111111104,132.31112222222217,129.69109999999992,,0.3126937843864308,1.6690207353051933,3.485002296868922,0,54.73015281818991,57.692996315759096,,,,,-0.27209032389414123,2.55123525466891,2.8233255785630513,0.26120575650785927,54.73015281818991,,,,,,,,,10.692024598185656,25.570771390384376,-12.785385695192188,0
2024-02-28,152.03,154.9,151.79,153.43,149.76324999999997,157.05381806771535,142.4726819322846,55.33625460405809,53.97940692045466,0,0,,,,131.17039999999992,132.4821039999999,129.85869599999992,,1.0424967236758231,2.4483643350421636,3.9830930615813775,0,56.151058048066126,57.481886305905206,,,,,-0.20065691333730395,2.572504436891421,2.773161350228725,0.20080838606594847,56.151058048066126,,,,,,,,,10.77391014388879,25.56799986614873,-12.783999933074366,0
2024-02-29,153.4,160,153.22,157.47,150.42974999999996,157.97495408935495,142.88454591064496,68.3693142416666,59.467645947143666,0,0,,,,131.38275555555546,132.696583111111,130.06892799999991,,3.0738214617670456,4.680091537744402,6.1816220225553,0,60.12567191615687,57.26760294923038,,,,,0.08717591061478691,2.882131238497209,2.794955327882422,0.35119012582015674,60.12567191615687,,,,,,,,,12.632884259638283,25.570607695091493,-12.785303847545746,0
2024-03-01,157.23,160.98,156.8106,159.72,151.09124999999997,159.4181461053924,142.76435389460755,74.8095378944276,66.17170224671743,0,0,,,,131.5921777777777,132.90809955555548,130.2762559999999,,4.407852160782366,5.710952818247272,7.152560907294814,0,62.18167585011253,57.62585292251672,,,,,0.38112271250914587,3.2713587185188544,2.8902360060097085,0.4055341915465728,62.18167585011253,,,,,62.18167585011253,62.18167585011253,62.18167585011253,,14.336958404087552,25.578789624934853,-12.789394812467426,0
2024-03-04,159.9,163.015,157.93,158.09,151.66825,160.25180362014908,143.08469637985093,74.97622989205951,72.71836067605123,0,0,,,,131.78702222222213,133.10489244444435,130.46915199999992,,2.966750252385464,4.23407667722151,5.630062039036421,0,59.77701114200589,57.27257328728557,,,,,0.415011268883398,3.4090000921139563,2.9939888232305583,0.571158316655597,59.77701114200589,,,,,,,,,15.305264544071235,25.59035789173543,-12.795178945867715,0
2024-03-05,157.2,159.98,156.14,159.33,152.39575,160.98709755145904,143.80440244854094,78.20924019309493,75.998335993194,0,0,,,,131.99551111111103,133.31546622222214,130.67555599999992,,3.0241896374464394,4.550159699335454,6.049495977023667,0,61.012217189457544,57.3940812590023,,,,,0.4663346615345012,3.576907150148685,3.1105724886141837,0.6339742412855388,61.012217189457544,,,,,,,,,15.614714727661507,25.602955899144824,-12.801477949572412,0
2024-03-06,160.1,164.59,160.07,163.87,153.36274999999998,162.5294601377758,144.19603986222415,85.05632426134639,79.4139314488336,0,0,,,,132.2173777777777,133.53955155555548,130.89520399999992,,4.9668195444413366,6.851239952335253,8.551814441116413,0,65.2231141241192,58.12716219804788,,,,,0.7354308343192413,4.029861031513235,3.2944301971939938,0.664396470100818,65.2231141241192,,,,,,,,,16.51725200915727,25.618906688380775,-12.809453344190388,0
2024-03-07,165,165.385,162.24,163.54,154.16225,163.93104955521434,144.39345044478566,83.11561444510953,82.1270596331836,0,0,,,,132.43466666666657,133.75901333333323,131.11031999999992,,4.202772963604873,6.083039135715773,7.801206506919711,0,64.67630713258254,58.105389503484,,,,,0.8144480822683668,4.312490300029452,3.4980422177610855,0.8743995250960505,64.67630713258254,,,,,,,,,17.7498443783034,25.63974302522354,-12.81987151261177,0
2024-03-08,166,168.19,163.48,164.91,154.88074999999998,165.55048114703436,144.2110188529656,85.71655385064543,84.62949751903376,0,0,,,,132.6512888888888,133.9778017777777,131.32477599999993,,4.261897084763766,6.475465801915359,8.16241086761902,0,65.95247947778839,58.711612225762806,,,,,0.8768190644285796,4.59406604829681,3.7172469838682303,0.92782980706638,65.95247947778839,,,,,,,,,19.032176645166178,25.665977335810325,-12.832988667905163,0
2024-03-11,163.76,164.26,161.975,162.99,155.6505,166.32798373915736,144.97301626084263,82.92215122933736,83.91810650836409,0,1,,,,132.8459555555555,134.17441511111105,131.51749599999994,,2.161826740461703,4.715371939055779,6.591532102042108,0,62.54226138369013,59.463746615386405,,,,,0.7135283377658812,4.609157406075582,3.8956290683097006,0.9135124581086731,62.54226138369013,,,,,,,,,18.764535030773654,25.690786394756376,-12.845393197378188,0
2024-03-12,163,167,162.73,166.67,156.29399999999998,167.95390120026656,144.6340987997334,86.29440265091145,84.97770257696475,0,0,,,,133.05293333333327,134.38346266666662,131.72240399999993,,3.5204531620725232,6.638770522220949,8.667233898283033,0,66.15455113109815,60.38851350070906,,,,,0.7731098354887207,4.862016362670602,4.088906527181881,0.9138490356315473,66.15455113109815,,,,,66.15455113109815,,66.15455113109815,,19.474283582028352,25.71855987168589,-12.859279935842945,0
2024-03-13,162.42,168,160.69,164.76,156.991,168.9221255127061,145.05987448729394,81.3354476545231,83.51733384492395,0,1,,,,133.25897777777772,134.59156755555549,131.92638799999995,,1.6190211860486636,4.948691326254351,7.065458133286029,0,62.77101804281402,60.64028738299335,,,,,0.6107571506996887,4.852352965556491,4.241595814856803,0.9419322910582779,62.77101804281402,,,,,,,,,19.36681673293457,25.745601624267092,-12.872800812133546,0
2024-03-14,165.74,166.7199,162.72,166.44,157.903,169.79523124564818,146.0107687543518,83.12588116708707,83.58524382417386,0,0,,,,133.4853777777777,134.82023155555547,132.15052399999993,,2.090387163256313,5.406483727351596,7.637238449077066,0,64.49132431994911,61.25456161353204,,,,,0.5455245899190384,4.923501552255601,4.377976962336563,0.939964991795205,64.49132431994911,,,,,,,,,20.094262640087386,25.77574393335822,-12.88787196667911,0
2024-03-15,166.39,166.5225,160.16,160.64,158.0505,170.0015375700174,146.0994624299826,68.07885048266554,77.51339310142521,0,0,,,,133.68324444444437,135.0200768888888,132.34641199999993,,-1.522767955665616,1.6384003846871664,3.5704422783692458,0,55.036028966484075,61.48749082446529,,,,,0.0659851537203835,4.460458404487042,4.394473250766659,0.8229334258332168,55.036028966484075,55.036028966484075,,55.036028966484075,,,,,,18.51087054020816,25.798537695811135,-12.899268847905567,0
2024-03-18,161.945,162.87,160.6,161.86,158.51799999999997,170.29578009643546,146.74021990356448,62.179250241740405,71.12799396383099,0,0,,,,133.90259999999992,135.2416259999999,132.56357399999993,,-1.0036635861554122,2.108277924273616,4.014780303638932,0,56.48135456186991,61.61257666329958,,,,,-0.20024594939814655,4.144165814018976,4.344411763417122,0.6966227086784932,56.48135456186991,,,,,,,,,17.826400993402938,25.81824727256286,-12.90912363628143,0
2024-03-19,161.49,164.0999,161.055,161.79,159.2,170.0396365252708,148.36036347472918,57.389483115111304,62.5491946131724,0,0,,,,134.11642222222213,135.45758644444436,132.7752579999999,,-1.1951363994454844,1.6268844221105638,3.5923408641979737,0,56.3693934278636,61.62817204757083,,,,,-0.40069163276022657,3.8435472224668388,4.244238855227065,0.5117694303969929,56.3693934278636,,,,,,,,,16.73538003822073,25.83341673291756,-12.91670836645878,0
2024-03-20,162.39,165.75,162.265,164.71,159.9735,170.0400888462762,149.9069111537238,57.66679886499088,59.07851074061418,0,0,,,,134.33624444444436,135.6796068888888,132.99288199999992,,0.536528495828037,2.960802882977487,5.00970659208837,0,59.93698635870298,61.61469450775269,,,,,-0.35766852345424116,3.797153200909264,4.154821724363505,0.4262803378917854,59.93698635870298,,,,,,,,,17.74392709023667,25.852443131785968,-12.926221565892984,0
2024-03-21,165.81,170.1,165,168.18,160.6195,171.04508674607754,150.19391325392243,65.6843078617906,60.24686328063091,0,0,,,,134.55184444444436,135.8973628888888,133.2063259999999,,2.3646489546243155,4.70708724656721,6.753953232991927,0,63.73220264551138,61.725446421709755,,,,,-0.12838432014678247,3.994341324180027,4.12272564432681,0.47233920545939573,63.73220264551138,,,,,,,,,19.121766520158577,25.877109652637564,-12.938554826318782,0
2024-03-22,167,168.8,166.6401,167.86,161.3795,171.58717843341296,151.17182156658706,69.65925427519176,64.33678700065774,0,0,,,,134.75824444444436,136.1058268888888,133.41066199999992,,1.9867549668874496,4.015689725150962,6.1617808734662605,0,63.138197397939685,61.96553115427645,,,,,-0.03595106044167817,4.077786818774712,4.11373787921639,0.43412721585031067,63.138197397939685,,,,,,,,,20.40108532954812,25.907312434547762,-12.953656217273881,0
2024-03-25,167.86,169.08,166.28,167.99,162.3155,171.26558709454773,153.36541290545225,74.2748937523767,69.87281862978632,0,0,,,,134.96895555555548,136.31864511111104,133.61926599999993,,1.7566176025198388,3.495969269724708,5.78915218801368,0,63.287896322990804,62.128079663814546,,,,,-0.00533893669876484,4.107064208342933,4.112403145041698,0.38944522171897555,63.287896322990804,,,,,,,,,20.997620302285593,25.940049667015494,-12.970024833507747,0
2024-03-26,169.69,170,167.32,167.39,163.082,170.94768649260638,155.2163135073936,74.86231678324604,72.93215493693815,0,0,,,,135.18464444444436,136.5364908888888,133.8327979999999,,1.3489785786076514,2.64161587422278,5.111459968602872,0,62.03568881633133,61.90040642754398,,,,,-0.06165456748347076,4.035334935687359,4.09698950317083,0.45529282412680566,62.03568881633133,,,,,,,,,20.650907750997376,25.970879121122866,-12.985439560561433,0
2024-03-27,169.11,169.11,165.5,166.41,163.731,170.3466719991214,157.11532800087858,65.16852612261225,71.43524555274497,0,0,,,,135.40144444444434,136.75545888888877,134.0474299999999,,0.6550654158122837,1.6362203858768298,4.156191517371921,0,59.94928132833112,61.5627617272403,,,,,-0.19361286133274547,3.8549734265048983,4.048586287837644,0.44595321499542295,59.94928132833112,,,,,,,,,20.14603071637799,25.99913082752429,-12.999565413762145,0
2024-03-28,166.57,167.38,164.59,164.96,164.10549999999998,170.07778423637055,158.1332157636294,58.10734885041006,66.0460639187561,0,0,,,,135.601711111111,136.9577282222221,134.2456939999999,,-0.13258343978351794,0.5207016218225613,2.888863478071091,0,56.90000729207829,60.91615657111816,,,,,-0.39561805825409824,3.554063715020021,3.9496817732741194,0.42024164753952953,56.90000729207829,,,,,,,,,19.27082046123878,26.023276190769128,-13.011638095384564,0
2024-04-01,166.43,166.72,162.75,163.37,164.28799999999998,169.92684952804916,158.6491504719508,50.546835090080236,57.9409033543675,0,0,,,,135.76935555555545,137.127049111111,134.4116619999999,,-1.2583710079056343,-0.5587748344370702,1.776959130147704,0,53.67592710586893,60.28284697984521,,,,,-0.6389706301210571,3.1509684856227977,3.789939115743855,0.21572827670872166,53.67592710586893,,,,,,,,,18.172241520713516,26.0426151134746,-13.0213075567373,0
2024-04-02,160.95,160.98,158.68,160.11,164.389,169.63913485540525,159.13886514459477,35.654301875854514,48.10282860544825,0,0,,,,135.91619999999992,137.27536199999992,134.55703799999992,,-3.126266812684142,-2.602972218335775,-0.41114380080979895,0,47.70718929275416,58.965178277106354,,,,,-1.0006011468928073,2.539187682127846,3.539788829020653,0.04605044511779894,47.70718929275416,,,,,,,,,16.550585192393655,26.055498297427782,-13.027749148713891,0
2024-04-03,158.75,161.33,158.58,159.34,164.3895,169.6377091231174,159.1412908768826,30.68380260055013,38.96164652216161,0,0,,,,136.121311111111,137.4825242222221,134.76009799999989,,-3.44902806728391,-3.071668202652844,-1.1194956064140893,0,46.394895845272,57.79545526299621,,,,,-1.2562221635304827,1.9695111246075498,3.2257332881380325,-0.16361423327834357,46.394895845272,,,,,,,,,15.115309502994025,26.06318593603214,-13.03159296801607,0
2024-04-04,161.22,163.65,158.52,158.84,164.13799999999998,169.9169362342908,158.35906376570915,25.450691561485606,30.596265345963403,0,0,,,,136.33304444444434,137.69637488888878,134.9697139999999,,-3.4084344309647574,-3.2277717530370675,-1.6251300599514074,0,45.51929411516133,56.44031024836851,,,,,-1.4119044494945014,1.4608527262699056,2.872757175764407,-0.2606322238883936,45.51929411516133,45.51929411516133,,45.51929411516133,,,,,,13.897157107640737,26.066840910164572,-13.033420455082286,0
2024-04-05,159.15,162.71,158.9,161.77,164.0495,169.91590767420493,158.18309232579506,29.54007859503698,28.558190919024224,0,0,,,,136.58413333333323,137.94997466666655,135.2182919999999,,-1.2417279187321384,-1.3895196266980325,0.05504666596574115,0,51.31747550146925,56.174699286581735,,,,,-1.274673349790306,1.2794154885265243,2.5540888383168303,-0.4703479582705594,51.31747550146925,,,,,,,,,14.140456207030113,26.071180508436193,-13.035590254218096,0
2024-04-08,160.36,161.18,159.29,160.27,163.8175,169.89271810307787,157.74228189692212,29.011404055455152,28.000724737325896,0,0,,,,136.826311111111,138.19457422222212,135.4580479999999,,-1.7019841148149362,-2.1655195568238916,-1.0279865954170408,0,48.4732777970416,55.602693803379715,,,,,-1.240850707942878,1.0030254533882328,2.243876161331111,-0.6643497126033175,48.4732777970416,,,,,,,,,14.16482012719411,26.0755192804811,-13.03775964024055,0
2024-04-09,161.55,163.205,159.91,162.66,163.801,169.88690141227897,157.715098587721,35.04309779768713,31.198193482726406,0,0,,,,137.08075555555547,138.45156311111103,135.7099479999999,,0.0910701978930728,-0.6965769439746916,0.1718181314316558,0,52.947979608113826,55.358307101969025,,,,,-1.0225366608878363,0.9657053352213154,1.9882419961091518,-0.7904879077425426,52.947979608113826,,,,,,,,,14.895289240094952,26.082123491359155,-13.041061745679578,0
2024-04-10,159.63,160.96,158.63,160.28,163.48149999999998,169.60221327542885,157.3607867245711,31.563341613590858,31.87261448891103,0,0,,,,137.31164444444434,138.68476088888877,135.9385279999999,,-0.9400436338465101,-1.958325559772811,-1.4601457071716228,0,48.43698388651998,54.53687835395595,,,,,-1.0021110468567818,0.7356031875381746,1.7377142343949563,-0.8513303505380639,48.43698388651998,,,,,,,,,14.36917196403437,26.086943670239325,-13.043471835119663,0
2024-04-11,159,166.22,158.9,165.42,163.5145,169.6694507715315,157.3595492284685,41.30875661621807,35.971732009165336,0,0,,,,137.54964444444437,138.92514088888882,136.17414799999992,,2.2992912889141737,1.1653400768738997,1.450638231758683,0,56.96447004211117,54.053468882284506,,,,,-0.6245959676575232,0.9569692748230523,1.5815652424805755,-0.643694146334995,56.96447004211117,,,,,56.96447004211117,,56.96447004211117,,15.423969469521966,26.095129370511152,-13.047564685255576,0
2024-04-12,162.42,162.7123,158.78,159.37,163.161,169.41457785591314,156.90742214408687,32.2303348411856,35.03414435699816,0,0,,,,137.780711111111,139.1585182222221,136.4029039999999,,-1.1002649820345711,-2.3234719081152932,-2.2977231206856352,0,47.092357806061756,52.907337482864655,,,,,-0.7557501714957056,0.6368775281109436,1.3926276996066491,-0.6202310299725542,47.092357806061756,,,,,,,,,14.49336865551602,26.10017292601842,-13.05008646300921,0
2024-04-15,161.81,162.9,154.41,155.6,162.909,169.91013390815914,155.90786609184084,23.450242730785092,32.32977806272957,0,0,,,,137.9836888888888,139.36352577777768,136.6038519999999,,-2.971951660576422,-4.486553842942986,-4.5285534889618955,0,42.18614357195246,51.40006942921906,,,,,-1.0516263262752659,0.07809479176256673,1.1297211180378326,-0.6314816045020144,42.18614357195246,42.18614357195246,,42.18614357195246,,,,,,13.23899137207176,26.101340928990133,-13.050670464495067,0
2024-04-16,155.83,158.94,155.3,156.66,162.649,170.15469090756912,155.14330909243088,23.98765279813134,26.556076790033988,0,0,,,,138.20773333333324,139.58981066666658,136.8256559999999,,-2.1003493291505415,-3.6821622020424383,-3.8500487930621774,0,43.95416930595771,50.108532321335225,,,,,-1.1246005064056452,-0.276029514969224,0.8485709914364212,-0.6141202174359395,43.95416930595771,,,,,,,,,11.026046506076321,26.096595813286324,-13.048297906643162,0
2024-04-17,158.45,159.7,156.41,158.37,162.478,170.20670131393123,154.74929868606878,25.819965882973896,24.41928713729675,0,0,,,,138.44177777777767,139.82619555555544,137.0573599999999,,-0.9717115629924056,-2.528342298649666,-2.7814439444816097,0,46.781608753626195,49.16798428028487,,,,,-1.0099939465293146,-0.41392144172522194,0.5960725048040926,-0.5403673242372424,46.781608753626195,,,,,,,,,10.641914197726088,26.090918100858325,-13.045459050429162,0
2024-04-18,159.6,162.94,159.21,160.1,162.2475,169.9711594306043,154.5238405693957,32.52775298930678,27.445123890137314,0,0,,,,138.68924444444434,140.07613688888878,137.3023519999999,,0.031240237425822492,-1.3235951247322797,-1.64357416971449,0,49.55434429866768,48.64329406646983,,,,,-0.7802449443254612,-0.3792336756027339,0.4010112687227273,-0.3835474229037333,49.55434429866768,,,,,,,,,11.54899265714947,26.087407361374456,-13.043703680687228,0
2024-04-19,159.54,160.335,154.56,155.01,161.589,169.4221217276372,153.7558782723628,25.401215335421426,27.91631140256734,0,0,,,,138.90346666666656,140.29250133333323,137.51443199999989,,-2.738213259377298,-4.071440506470125,-4.603947295542521,0,42.532877650920874,47.84736196254496,,,,,-0.9238288434692785,-0.7537747856138708,0.1700540578554077,-0.4235886461617053,42.532877650920874,,,,,,,,,11.012325212523443,26.082553078578638,-13.041276539289319,0
2024-04-22,156.19,157.25,153.765,156.61,161.0265,168.58858774082762,153.46441225917238,28.276611327899893,28.735193217542673,0,0,,,,139.123111111111,140.51434222222213,137.73187999999988,,-1.5081002213724881,-2.7427162609880873,-3.454894039367651,0,45.16317755079091,47.66564683811902,,,,,-0.8648379035175237,-0.9109933215414969,-0.046155418023973244,-0.5053593748007923,45.16317755079091,,,,,,,,,10.436123483452702,26.076337720376713,-13.038168860188357,0
2024-04-23,157.24,161.14,156.7,160.95,160.6745,167.52961918204062,153.81938081795937,37.05239863300869,30.243408432110005,0,0,,,,139.35057777777766,140.74408355555545,137.95707199999987,,1.3302945787190712,0.17146466925366255,-0.7378109074313466,0,51.63033359864895,48.03960667764594,,,,,-0.5051378421164132,-0.6775777206694897,-0.17243987855307655,-0.4294750885678834,51.63033359864895,,,,,,,,,10.424004920927564,26.070077687407302,-13.035038843703651,0
2024-04-24,164.475,166.7446,161.09,162.84,160.44699999999997,166.6682477848098,154.22575221519014,50.352629081225196,38.56054634737793,0,0,,,,139.57582222222211,140.97158044444433,138.1800639999999,,2.355226188455828,1.491458238546084,0.5069374722254327,0,54.16541063755799,48.657186429245705,,,,,-0.13101716572167682,-0.3362113357051726,-0.20519416998349577,-0.30122260359539577,54.16541063755799,,,,,,,,,12.014576438328021,26.067639142272082,-13.033819571136041,0
2024-04-25,161.51,163.73,159.5,163.01,160.277,166.0033115528229,154.55068844717707,56.385919529269444,47.93031574783445,0,0,,,,139.77559999999988,141.17335599999987,138.3778439999999,,2.617530783370703,1.7051729193833243,0.6481010782475538,0,54.396928213998514,48.87714733728351,,,,,0.12306228157195523,-0.05136631801855174,-0.17442859959050697,-0.07331498281713308,54.396928213998514,,,,,,,,,13.274820586847568,26.068578028946398,-13.034289014473199,0
2024-04-26,163.68,165.16,162.77,164.23,160.24049999999997,165.855164638248,154.62583536175194,64.01968069186358,56.91940976745275,0,0,,,,139.99133333333324,141.39124666666658,138.5914199999999,,3.0702029647667217,2.489695176937179,1.4475147222336338,0,56.11028943156315,49.42264816832077,,,,,0.35531101075249094,0.2697101638501067,-0.08560084690238423,0.11144894745486678,56.11028943156315,,,,,56.11028943156315,,56.11028943156315,,13.822113533464906,26.071044995702028,-13.035522497851014,0
2024-04-29,164.75,165.5,161.28,162.25,160.18449999999999,165.69456161490004,154.67443838509993,63.503658771015836,61.30308633071629,0,0,,,,140.191111111111,141.59302222222212,138.7891999999999,,1.404348668462485,1.2894506022742558,0.1912226931318317,0,52.6527590019982,49.40156098216965,,,,,0.3566754567124833,0.3602434739882199,0.003568017275736593,0.2994887544332092,52.6527590019982,,,,,,,,,13.473993582287937,26.072436691920544,-13.036218345960272,0
2024-04-30,160.56,162.09,158.52,158.57,160.1075,165.6624324928367,154.55256750716327,51.758874502815814,59.760737988565076,0,0,,,,140.37786666666656,141.78164533333322,138.9740879999999,,-1.0137708029014814,-0.960292303608512,-2.01486327272129,0,46.87176970805327,49.28975996942203,,,,,0.10395161640595013,0.13350753778317426,0.02955592137722413,0.25357368323485024,46.87176970805327,,,,,,,,,12.20544418128093,26.070311825451203,-13.035155912725601,0
2024-05-01,157.58,160.95,156,156.16,159.94849999999997,165.75839595431827,154.13860404568166,42.67362488096161,52.64538605159776,0,0,,,,140.55857777777769,141.96416355555547,139.1529919999999,,-2.3835272202184066,-2.368574885041108,-3.3920429588661483,0,43.50312365985663,48.328235227832415,,,,,-0.21397013162171602,-0.23790674314992089,-0.023936611528204876,0.3768754232786098,43.50312365985663,43.50312365985663,,43.50312365985663,,,,,,10.102695963089936,26.063178365324003,-13.031589182662001,0
2024-05-02,157.21,158.4,153.2,158.33,159.92299999999994,165.75656186219294,154.08943813780695,38.87482846397344,44.43577594925029,0,0,,,,140.73844444444433,142.14582888888876,139.3310599999999,,-0.9174197101304071,-0.9961043752305332,-1.9205395103357281,0,47.18388657076724,48.33477299673995,,,,,-0.2633181002466657,-0.353084236836537,-0.08976613658987131,0.3436404216241378,47.18388657076724,,,,,,,,,8.96226754207943,26.053733463560484,-13.026866731780242,0
2024-05-03,161.81,165.5,159.15,159.71,159.81999999999996,165.59189743498678,154.04810256501315,40.51763119314538,40.68869484602681,0,0,,,,140.89453333333321,142.30347866666654,139.4855879999999,,-0.3469232401133171,-0.0688274308596859,-0.8923474073522564,0,49.43981888065056,48.852892661646955,,,,,-0.1915581242234805,-0.32921379186922195,-0.13765566764574144,0.21417134199653245,49.43981888065056,,,,,,,,,8.94588177988142,26.04425678490603,-13.022128392453014,0
2024-05-06,161,162.41,160.17,162,159.90649999999997,165.75413636010373,154.0588636398962,49.6827829980759,43.02508088506491,0,0,,,,141.0594222222221,142.47001644444433,139.6488279999999,,0.7431360965144185,1.3092025652490902,0.6507089040670211,0,53.025432541116054,49.50084003558685,,,,,0.010858862520907675,-0.12408208949460686,-0.13494095201551454,0.18635417920836578,53.025432541116054,,,,,,,,,9.880988581900935,26.03663274217998,-13.01831637108999,0
2024-05-07,161.81,162.88,159.75,159.81,159.76399999999995,165.4735653074497,154.05443469255022,46.49831934496696,45.56624451206275,0,0,,,,141.21351111111102,142.62564622222212,139.80137599999992,,-0.5482572141563447,0.028792468891647438,-0.5414488424197339,0,49.41617931875227,49.68902364738157,,,,,-0.0013697840322927646,-0.1366531820558805,-0.13528339802358774,0.1120432066704679,49.41617931875227,,,,,,,,,9.78796161165051,26.028807114659017,-13.014403557329508,0
2024-05-08,157.1,158.62,155.84,157.9,159.64499999999998,165.4055676803578,153.88443231964217,39.82133877261888,45.334147038553915,0,0,,,,141.34706666666656,142.76053733333322,139.9335959999999,,-1.4338595604162174,-1.0930502051426427,-1.5362997852797378,0,46.44681807356021,49.46705748844532,,,,,-0.12962104141641997,-0.2973096997941127,-0.16768865837769273,0.029181079581503278,46.44681807356021,,,,,,,,,8.941952746982482,26.019313481666057,-13.009656740833028,0
2024-05-09,146.6,150.005,145.5701,147.05,158.7265,166.13367564257692,151.31932435742306,24.8988595122402,37.07283920994202,0,0,,,,141.42871111111103,142.84299822222215,140.0144239999999,,-7.283056222848505,-7.356364564203188,-7.931671379824923,0,33.962295006583346,48.854873013849776,,,,,-0.8941043626575771,-1.285319111699664,-0.39121474904208703,-0.4895882839541662,33.962295006583346,,,,,,,,,5.2671395507099925,26.004371608393445,-13.002185804196722,0
2024-05-10,147.75,148.12,144.63,146.32,158.07399999999998,167.23176479278519,148.91623520721478,20.28832396081241,28.3361740818905,0,0,,,,141.51702222222212,142.93219244444435,140.1018519999999,,-6.689624386199866,-7.4357579361564845,-8.030949672212595,0,33.31349038903453,48.00846678801003,,,,,-1.369417534176709,-2.1029866667629733,-0.7335691325862643,-0.73001720642525,33.31349038903453,33.31349038903453,,33.31349038903453,,,,,,1.9480113564398627,25.986978870138948,-12.993489435069474,0
2024-05-13,147.05,149.24,145.7,149.13,157.7505,167.6611477588489,147.83985224115108,22.39519224638632,22.52745857314631,0,0,,,,141.61333333333326,143.0294666666666,140.19719999999992,,-4.095229520636923,-5.464641950421711,-5.984235090897261,0,38.20704051005243,47.04966013882457,,,,,-1.4095320466584358,-2.495484190909309,-1.0859521442508733,-0.8022566689637257,38.20704051005243,,,,,,,,,-0.24528709720101452,25.9692560521994,-12.9846280260997,0
2024-05-14,149.4,149.4,146.31,146.7,157.2525,168.27129281046572,146.23370718953427,18.585350874710176,20.422955693969634,0,0,,,,141.69662222222215,143.11358844444436,140.27965599999993,,-4.932247215039753,-6.710545142366586,-7.254818492558924,0,35.76301983994077,45.735203653280486,,,,,-1.5059615515754174,-2.968404083720145,-1.4624425321447276,-0.8371911710526478,35.76301983994077,,,,,,,,,-0.5310559748636713,25.951596189081176,-12.975798094540588,0
2024-05-15,147.57,147.69,144.75,145.8,156.62399999999997,168.6994269489736,144.54857305102632,18.13430350924017,19.70494887677889,0,0,,,,141.79026666666658,143.20816933333325,140.37236399999992,,-4.876855325395512,-6.910818265399909,-7.5600415916411094,0,34.87325571862475,44.34065561789664,,,,,-1.5315597921163828,-3.376892272290206,-1.8453324801738233,-0.8569641834975417,34.87325571862475,,,,,,,,,-0.7997285872041414,25.93401299467698,-12.96700649733849,0
2024-05-16,146.34,147.79,145.85,147.19,155.97849999999997,168.60912987344696,143.34787012655298,22.07038126552313,19.596678549824492,1,0,,,,141.8971999999999,143.3161719999999,140.47822799999992,,-3.266934365573293,-5.634430386239108,-6.448421315785602,0,37.46115595060192,43.00857465497084,,,,,-1.361787281596503,-3.547566582169452,-2.185779300572949,-0.8429798868624466,37.46115595060192,,,,,,,,,-1.3860456346651968,25.91660657415853,-12.958303287079264,0
2024-05-17,146.81,147.495,145.305,145.66,155.51099999999997,168.9186573643573,142.10334263564263,19.961042958214485,20.05524257765926,0,0,,,,141.9761777777777,143.3959395555555,140.55641599999993,,-3.3802966382764033,-6.334600124750001,-7.103801903077422,0,35.77599570545945,41.803091562360926,,,,,-1.2617037144808685,-3.7629089436740344,-2.501205229193166,-0.8361233416906927,35.77599570545945,,,,,,,,,-1.7653579056761852,25.899364527789146,-12.949682263894573,0
2024-05-20,146.18,146.48,145.21,146.37,154.99899999999997,168.96992394940327,141.02807605059667,23.345221685636602,21.79221530312474,1,0,,,,142.05946666666657,143.48006133333323,140.6388719999999,,-1.8921799280126939,-5.567132691178633,-6.374332098096847,0,37.18805798873447,41.111397868123866,,,,,-1.0647191280270212,-3.832104139226942,-2.767385011199921,-0.83559684773112,37.18805798873447,,,,,,,,,-1.7845012522390036,25.882164142911876,-12.941082071455938,0
2024-05-21,145.71,145.71,144.09,144.1,154.1565,168.61410184124458,139.6988981587554,18.02817707419952,20.444813906016872,0,0,,,,142.143911111111,143.56535022222212,140.7224719999999,,-2.3858232512769084,-6.523565337822279,-7.460130579043156,0,34.57095932251083,40.47338612974203,,,,,-1.005075045373507,-4.023728817916805,-3.018653772543298,-0.8658861661321297,34.57095932251083,,,,,,,,,-2.5777923481033143,25.86536772350811,-12.932683861754056,0
2024-05-22,143.94,144.21,142.36,142.71,153.15,167.85013333272715,138.44986666727286,16.01936175517735,19.13092017167116,0,0,,,,142.2085777777777,143.63066355555546,140.78649199999992,,-2.322334243650004,-6.8168462291870675,-8.00678136542665,0,33.0377525833578,39.46294798778421,,,,,-0.9761896576504836,-4.238890844606402,-3.2627011869559186,-0.866948304024373,33.0377525833578,,,,,,,,,-3.315823746732877,25.84906509874442,-12.92453254937221,0
2024-05-23,142.58,143.44,140.82,141.04,152.0515,166.9227343468845,137.1802656531155,14.052310199696713,16.033283009691193,0,0,,,,142.2471999999999,143.6696719999999,140.8247279999999,,-3.0666245137523807,-7.241954206305112,-8.604507997537558,0,31.244860175561925,38.163308080277886,,,,,-0.9837414559465092,-4.492378006889055,-3.508636550942546,-0.8563960972316538,31.244860175561925,31.244860175561925,,31.244860175561925,,,,,,-4.578763317937285,25.833844180510134,-12.916922090255067,0
2024-05-24,142.5,145.97,142.3,144.47,151.0635,165.1731311432991,136.95386885670092,19.27286268270786,16.44817821252731,1,0,,,,142.30399999999992,143.72703999999993,140.8809599999999,,-0.5828636704583445,-4.364720796221455,-6.079550995200078,0,38.61337286633135,37.133875246364695,,,,,-0.6860232675496336,-4.366165635379588,-3.680142367829954,-0.7976156084832614,38.61337286633135,,,,,,,,,-4.5695548823311904,25.818640504403344,-12.909320252201672,0
2024-05-28,146,147.87,145.11,147.01,150.3015,163.53092670715387,137.07207329284614,26.809936789548516,20.045036557317697,0,0,,,,142.3877777777777,143.8116555555555,140.9638999999999,,1.3128424244512882,-2.1899315708758804,-4.250053190796487,0,43.44680978586002,36.70749170830096,,,,,-0.26780877995051133,-4.014903342768093,-3.747094562817582,-0.6563320281670216,43.44680978586002,,,,,43.44680978586002,,43.44680978586002,,-3.669562174828373,25.80268499706862,-12.90134249853431,0
2024-05-29,144.88,147.13,144.7342,146.61,149.70350000000002,162.45650478318524,136.9504952168148,31.105789084955454,25.72952951907061,0,0,,,,142.4601777777777,143.88477955555547,141.0355759999999,,1.0434470970943632,-2.0664179528200766,-4.301774800315938,0,42.874290413348334,36.452311161142966,,,,,0.016993417838400138,-3.725852790519582,-3.742846208357982,-0.46388340682701756,42.874290413348334,,,,,,,,,-2.4915424652885245,25.785997303482127,-12.892998651741063,0
2024-05-30,145.4,147.59,144.41,145.52,149.1715,161.68829236066406,136.65470763933595,34.68992437789593,30.8685500841333,0,0,,,,142.52155555555547,143.94677111111102,141.0963399999999,,0.31157801858441303,-2.447853644965692,-4.746943157123051,0,41.278034589865236,36.97486398852025,,,,,0.15917265570756767,-3.5438803887235224,-3.70305304443109,-0.3937810608222522,41.278034589865236,,,,,,,,,-2.326038999413036,25.769258227714054,-12.884629113857027,0
2024-05-31,145.78,146.43,142.57,144.93,148.50150000000002,160.4051520026394,136.59784799736065,36.92828918628228,34.241334216377886,0,0,,,,142.5543999999999,143.9799439999999,141.1288559999999,,0.06075585810747519,-2.4050262118564536,-4.818092859222556,0,40.40121514199077,37.48113004230283,,,,,0.23605136000493543,-3.4079888444249207,-3.644040204429856,-0.38695235117517085,40.40121514199077,,,,,,,,,-2.879379823787554,25.752853090402912,-12.876426545201456,0
2024-06-03,145.74,146.96,144.36,146.25,147.82850000000002,158.58828489561736,137.06871510438268,42.321538435025744,37.97991733306798,0,0,,,,142.59542222222214,144.02137644444437,141.1694679999999,,0.9309804625226903,-1.0677913934052041,-3.766644806250219,0,43.302953191334865,37.84512380525158,,,,,0.38932457531976716,-3.157384485280147,-3.5467090605999143,-0.11123245547721142,43.302953191334865,,,,,,,,,-3.0665875346520344,25.73659528812383,-12.868297644061915,0
2024-06-04,145.82,147.92,145.44,147.08,147.08250000000004,155.65528688641734,138.50971311358273,48.50624018141441,42.585355934240816,0,0,,,,142.62648888888882,144.0527537777777,141.20022399999993,,1.454073890130525,-0.0016997263440732269,-3.0177813921797303,0,45.11255353649475,38.51294764071972,,,,,0.550287550183866,-2.858849622870082,-3.409137173053948,0.11737520183456897,45.11255353649475,,,,,,,,,-2.838894975709674,25.72022805719938,-12.86011402859969,0
2024-06-05,147.98,148.7,145.141,145.78,146.38100000000003,152.6631744643036,140.09882553569645,56.19080588883388,49.00619483509134,0,0,,,,142.63733333333326,144.0637066666666,141.21095999999991,,0.44095356207800585,-0.41057241035382663,-3.553400242141991,0,42.80794807571637,39.07971138051198,,,,,0.5704465316667653,-2.696079008470491,-3.2665255401372564,0.1829923989839033,42.80794807571637,,,,,,,,,-2.762596975527163,25.703847479231037,-12.851923739615518,0
2024-06-06,145.51,148.79,145.155,147,145.836,149.27355378139,142.39844621861002,61.89751117565943,55.531519081969236,0,0,,,,142.64462222222215,144.07106844444436,141.21817599999994,,0.9830389712095267,0.7981568337036116,-2.4053431414857274,0,45.61579312230388,39.662185464204974,,,,,0.6608158805898747,-2.440505689399913,-3.101321569989788,0.4426248834921235,45.61579312230388,,,,,,,,,-2.6844922816334713,25.68745392658143,-12.843726963290715,0
2024-06-07,146.2,147.03,145.38,146.66,145.81650000000002,149.2306310753907,142.40236892460933,63.41491310118036,60.50107672189122,0,0,,,,142.64519999999993,144.07165199999994,141.21874799999992,,0.36200395535512797,0.5784667715930558,-2.2774823758312523,0,44.95341809851665,40.31771563513763,,,,,0.6893927284080821,-2.239580659479685,-2.9289733878877673,0.5489367826653645,44.95341809851665,,,,,,,,,-2.8512803309105217,25.671187203100295,-12.835593601550148,0
2024-06-10,146.01,148.32,146,148.07,145.90400000000002,149.45232580239517,142.35567419760488,69.13207334182715,64.81483253955565,0,0,,,,142.6564666666666,144.08303133333328,141.22990199999992,,1.0778819176604726,1.484537778265138,-0.9825731468643961,0,48.305813977111846,41.111841062878874,,,,,0.787850834272855,-1.9441598450466984,-2.7320106793195533,0.7500827601087371,48.305813977111846,,,,,,,,,-2.4178965264664187,25.65471532828439,-12.827357664142195,0
2024-06-11,147.97,148.795,146.48,147.75,145.835,149.1774093106564,142.49259068934361,71.95509441834791,68.16736028711848,0,0,,,,142.66744444444436,144.0941188888888,141.2407699999999,,0.8085149933476643,1.3131278499674215,-0.8761807642765351,0,47.597341173205976,42.0422969093571,,,,,0.8127475924308518,-1.7160761887809883,-2.52882378121184,0.7712164639822299,47.597341173205976,,,,,,,,,-2.3163803809957417,25.638225528199754,-12.819112764099877,0
2024-06-12,149.99,150.29,148.621,149.32,145.966,149.6242039308878,142.30779606911221,76.4792387092075,72.5221354897942,0,0,,,,142.6698888888888,144.0965877777777,141.2431899999999,,1.6916832384429092,2.297795377005585,0.3847679403373938,0,51.366091039101455,43.35146394191021,,,,,0.9089953622140561,-1.3925795784442698,-2.301574940658326,0.7712686833586462,51.366091039101455,,,,,51.366091039101455,,51.366091039101455,,-1.7806426614565225,25.62154183255569,-12.810770916277844,0
2024-06-13,148.99,149,143.73,146.1,145.98100000000002,149.63881847552955,142.3231815244705,65.89890101278381,71.44441138011308,0,0,,,,142.66313333333326,144.0897646666666,141.23650199999992,,-0.5405258213405428,0.08151745775133445,-1.558046613376729,0,44.325088441237455,44.28576596088703,,,,,0.7371607026632767,-1.3801240623292301,-2.117284764992507,0.6101841190442565,44.325088441237455,,,,,,,,,-2.2588507319202473,25.605088816819656,-12.802544408409828,0
2024-06-14,145.5,146.05,144.28,145.97,145.92000000000002,149.53558294054298,142.30441705945705,61.313351760001964,67.8971638273311,0,0,,,,142.65122222222215,144.07773444444436,141.22470999999993,,-0.69932924257472,0.034265350877182854,-1.3718437571087039,0,44.06248576641273,44.67498831089285,,,,,0.6018214696655508,-1.3650079279105682,-1.966829397576119,0.3564377555672858,44.06248576641273,44.06248576641273,,44.06248576641273,,,,,,-2.6933327870391834,25.588888015292483,-12.794444007646241,0
2024-06-17,147,150.12,146.775,149.5,146.112,150.04579511413124,142.17820488586875,68.15384943957113,65.12203407078565,0,0,,,,142.64824444444437,144.07472688888882,141.22176199999993,,1.4777054499297337,2.3187691633815177,1.246105919003071,0,52.32247163404468,45.30896415719176,,,,,0.7286525459359259,-1.0560137151562117,-1.7846662610921376,0.5729290895323713,52.32247163404468,,,,,52.32247163404468,,52.32247163404468,,-2.695899539437619,25.572719257643932,-12.786359628821966,0
2024-06-18,149.9,150.549,146.9,147.29,146.158,150.12416994088287,142.1918300591171,64.90055977912742,64.78925365956685,0,0,,,,142.6428666666666,144.0692953333333,141.21643799999993,,-0.0366489303941786,0.7745043035618959,0.08176503763226428,0,47.58498170809224,45.64544210681631,,,,,0.6451840615192705,-0.9781861841930493,-1.6233702457123198,0.5781357627921875,47.58498170809224,,,,,,,,,-2.466233725124954,25.556459940898833,-12.778229970449416,0
2024-06-20,147.77,149.75,147.6,147.88,146.34699999999998,150.26281460235091,142.43118539764905,67.31271652020678,66.78904191296844,0,0,,,,142.61864444444439,144.04483088888884,141.19245799999993,,0.22093606408499777,1.0475103691910403,0.7549123811080749,0,48.914821681716724,46.19092689909142,,,,,0.6114983962276912,-0.8589972504277057,-1.470495646655397,0.5333467227435404,48.914821681716724,,,,,,,,,-2.068921050536137,25.540048139355587,-12.770024069677794,0
2024-06-21,148.76,150,147.25,149.57,146.69,150.47087291507592,142.90912708492408,74.0762825697618,68.76318628969868,0,0,,,,142.60699999999994,144.03306999999995,141.18092999999993,,1.190033218096076,1.9633240166337051,2.099512381593782,0,52.62276216818125,47.06389454381931,,,,,0.6795871974087984,-0.6210116498943989,-1.3005988473031973,0.5308956215822588,52.62276216818125,,,,,,,,,-2.069442165430074,25.52366810522753,-12.761834052613764,0
2024-06-24,149.15,150.04,146.71,148.39,147.05749999999998,149.87676852215034,144.2382314778496,66.65210691732561,69.34703533576474,0,0,,,,142.60468888888883,144.03073577777772,141.17864199999994,,0.27435398421451485,0.9061081549734062,1.2631449648215831,0,49.89935391117006,47.535066023807545,,,,,0.6231913231606243,-0.521609693352417,-1.1448010165130413,0.5010943182143646,49.89935391117006,,,,,,,,,-1.8507565949720999,25.507232787588084,-12.753616393794042,0
2024-06-25,148.97,151.275,148.85,150.91,147.37949999999998,150.40652147332563,144.35247852667433,76.07359859980855,72.26732936229867,0,0,,,,142.63291111111107,144.05924022222217,141.20658199999997,,1.781908436075219,2.3955163370753763,2.8754124287622584,0,55.22835027162432,48.257622933459665,,,,,0.7264322079813826,-0.236760756536313,-0.9631929645176956,0.6260267858329013,55.22835027162432,,,,,,,,,-1.216241321072502,25.49063366019456,-12.74531683009728,0
2024-06-26,149.73,150.385,149.37,150,147.529,150.7569337043965,144.3010662956035,74.72869967688486,72.48480173133969,0,0,,,,142.6734444444444,144.10017888888885,141.24670999999998,,1.014862653458426,1.6749249300137548,2.23485390639373,0,53.03460125090125,48.98809816025857,,,,,0.7037679900901085,-0.08348297690506001,-0.7872509669951685,0.6152249905701,53.03460125090125,,,,,,,,,-1.1606140531126716,25.47405372850823,-12.737026864254116,0
2024-06-27,150.46,151.88,149.39,151.61,147.779,151.43024033719516,144.12775966280483,79.24730928100647,76.68320251923329,0,0,,,,142.72428888888885,144.15153177777773,141.29704599999997,,1.9418781350439174,2.5923845742629403,3.217036495754,0,56.33896651363854,49.75403911678249,,,,,0.7625934719723048,0.16599087297021242,-0.5966025990020923,0.6840851000072035,56.33896651363854,,,,,,,,,-0.49577555495763326,25.457398253554906,-12.728699126777453,0
2024-06-28,151.54,152.93,150.68,151.63,148.0845,151.94502574139509,144.2239742586049,80.86650577235932,78.28083824341688,0,0,,,,142.7617555555555,144.18937311111105,141.33413799999997,,1.5776251884106474,2.394241125843699,3.094255468149698,0,56.38002323515671,50.570225197971055,,,,,0.7662031997403994,0.3611514006734069,-0.4050517990669925,0.7122014288896094,56.38002323515671,,,,,,,,,-0.39370022020001016,25.44076690360226,-12.72038345180113,0
2024-07-01,152.2,152.2,149.14,151.63,148.4195,152.2897324219574,144.5492675780426,80.48712877022984,80.20031460786522,0,0,,,,142.81544444444438,144.24359888888884,141.38728999999992,,1.193932234835593,2.163125465319582,2.9906199270513856,0,56.38002323515671,51.146954430688545,,,,,0.7319928492867548,0.5099392625414509,-0.22205358674530382,0.7806507891165078,56.38002323515671,,,,,,,,,-0.09737299656890556,25.42415557974332,-12.71207778987166,0
2024-07-02,151.29,155.21,151.29,154.34,148.82399999999998,153.33989813879737,144.3081018612026,85.53573725041913,82.2964572643361,0,0,,,,142.8886444444444,144.31753088888885,141.45975799999994,,2.670879760518896,3.7063914422405198,4.625702464585801,0,61.99603294804502,52.17543241460562,,,,,0.8471484787765236,0.8368820117253506,-0.010266467051172928,0.8337534399942044,61.99603294804502,,,,,61.99603294804502,,61.99603294804502,,0.43920604930062135,25.407599898645,-12.7037999493225,0
2024-07-03,153.91,154.43,152.3,152.73,149.10649999999995,153.8517261273846,144.3612738726153,82.0134113485258,82.67875912305827,0,1,,,,142.9631333333333,144.39276466666664,141.53350199999997,,1.2335204714023273,2.4301422137868123,3.3857192820153426,0,57.277893963284306,52.59770405204726,,,,,0.7722640319754465,0.9550635729181352,0.18279954094268872,0.9223305509576996,57.277893963284306,,,,,,,,,0.6172636163447899,25.39109720437323,-12.695548602186616,0
2024-07-05,152.4,152.88,151.44,152.5,149.44249999999994,154.14947726784732,144.73552273215256,79.34514524843729,82.29809794912741,0,0,,,,143.04677777777775,144.47724555555553,141.61630999999997,,0.7724788708195929,2.0459374006725373,3.0347390349641845,0,56.61502878470768,53.4755569337237,,,,,0.6684999436119088,1.0184244704575747,0.3499245268456659,0.8999132437831816,56.61502878470768,,,,,,,,,0.7286902897514604,25.374642843985146,-12.687321421992573,0
2024-07-08,152.65,154.2,150.755,151.96,149.69049999999996,154.379211870014,145.00178812998593,75.85634900979812,79.07163520225374,0,0,,,,143.12997777777775,144.56127755555553,141.69867799999997,,0.25730685491853755,1.516128278013662,2.456455781548428,0,55.00551389786714,54.25720180025616,,,,,0.5307670180040898,1.013383299350778,0.4826162813466883,0.8489326050163264,55.00551389786714,,,,,,,,,0.12058711588586517,25.358162991772605,-12.679081495886303,0
2024-07-09,152.92,155.66,151.965,152.45,149.97999999999996,154.5989782419917,145.36102175800823,72.76468481800562,75.98872635874703,0,0,,,,143.2304222222222,144.66272644444442,141.79811799999996,,0.31189135126599155,1.6468862515002236,2.523924490742857,0,56.22172486526218,54.53571988820027,,,,,0.4434857391855459,1.0369734553286207,0.5934877161430748,0.8616674915642079,56.22172486526218,,,,,,,,,-0.02850113769538867,25.341712680577388,-12.670856340288694,0
2024-07-10,153.11,153.2,150.09,151.84,150.16849999999997,154.7679707304202,145.56902926957974,68.27025513192754,72.29709631991044,0,0,,,,143.33268888888884,144.76601577777774,141.89936199999994,,-0.15058953501370098,1.1130829701302414,1.945267530235295,0,54.25559330363331,55.012192145024635,,,,,0.32119178011789584,0.9949774412904446,0.6737856611725488,0.7766243881523213,54.25559330363331,,,,,,,,,-0.24791421648070586,25.32529888784858,-12.66264944392429,0
2024-07-11,150.55,152,144.13,146,150.08099999999996,154.92144997908323,145.2405500209167,44.55981091777673,61.86491695590331,0,0,,,,143.41273333333328,144.8468606666666,141.97860599999996,,-3.737744694037659,-2.7191982995848685,-1.9535420961795946,0,39.8774335466941,54.366664421094434,,,,,-0.15113504000977718,0.4848668611603273,0.6360019011701045,0.13105095544797424,39.8774335466941,39.8774335466941,,39.8774335466941,,,,,,-1.5976861335406911,25.309161059585684,-12.654580529792842,0
2024-07-12,146.83,148,146.19,146.78,149.95399999999998,154.99671117554652,144.91128882445344,40.519374682310676,51.116480244005,0,0,,,,143.5092666666666,144.94435933333327,142.07417399999994,,-2.9142910057809446,-2.116649105725743,-1.4334831581398255,0,42.085012249076335,53.613967998301234,,,,,-0.39527812199168033,0.141904248680504,0.5371823706721843,-0.19500151503465957,42.085012249076335,,,,,,,,,-2.8638242684434245,25.29362027286746,-12.64681013643373,0
2024-07-15,145.88,148.47,144.75,147.22,150.00999999999993,154.9029214177246,145.11707858227527,37.972428979459245,41.0172048598489,0,0,,,,143.6124666666666,145.04859133333326,142.17634199999992,,-2.33838601611992,-1.8598760082660704,-1.1756176803591312,0,43.34867593816817,53.146062428801095,,,,,-0.5043987606740759,-0.09331608017041049,0.41108268050366537,-0.5060760189427382,43.34867593816817,,,,,,,,,-3.8855433147733396,25.27880215505324,-12.63940107752662,0
2024-07-16,148.47,151.64,147.88,151.26,150.27449999999993,154.82521631724234,145.72378368275753,44.77743419734244,41.08974595303747,0,0,,,,143.71993333333327,145.1571326666666,142.28273399999995,,0.36627119993628554,0.6557998862082748,1.3927028893054416,0,53.40221905795925,53.01562448496788,,,,,-0.2922764469741971,0.045737121785919044,0.3380135687601161,-0.48008201719658095,53.40221905795925,,,,,,,,,-2.759709790816176,25.263258390995677,-12.631629195497839,0
2024-07-17,149.24,150.1,147.26,148,150.19949999999994,154.84721115711844,145.55178884288145,39.96957390031519,40.90647902570564,0,0,,,,143.8082444444444,145.24632688888883,142.37016199999997,,-1.3819848874555118,-1.4643857003518335,-0.831319434827904,0,46.2670850067356,52.53223046752748,,,,,-0.35512786515575784,-0.10589626268458119,0.24923160247117665,-0.6379004948089302,46.2670850067356,,,,,,,,,-2.5416125643451086,25.247627728085803,-12.623813864042901,0
2024-07-18,148.17,150.145,146.75,146.88,150.17899999999995,154.88116077989739,145.4768392201025,36.271404194637825,40.3394707640985,0,0,,,,143.90673333333328,145.3458006666666,142.46766599999995,,-1.7452789168433624,-2.196711923770933,-1.5773885307638347,0,44.0876453769558,51.65713610062157,,,,,-0.44965350734659615,-0.31283528171206854,0.1368182256345276,-0.7181261595807231,44.0876453769558,,,,,,,,,-2.671649756539562,25.23209351762036,-12.61604675881018,0
2024-07-19,147.03,149.16,147.03,147.99,150.18449999999993,154.87613713430926,145.4928628656906,38.53578276414995,38.258920286367676,0,0,,,,144.00539999999992,145.44545399999993,142.56534599999992,,-0.7031763711268235,-1.4612027206535427,-0.8825177541676221,0,46.76414143115514,50.970287400335735,,,,,-0.4157385075427099,-0.38285490879385975,0.032883598748850135,-0.7467526680061419,46.76414143115514,,,,,,,,,-3.455252145433205,25.217066840220824,-12.608533420110412,0
2024-07-22,148.14,150.37,146.55,150.18,150.21499999999995,154.8981848137781,145.5318151862218,43.81729029517179,39.54149241798654,0,0,,,,144.11217777777773,145.5532995555555,142.67105599999996,,0.886739218057242,-0.0232999367572706,0.5128937335049155,0,51.678892486574476,50.63449234686557,,,,,-0.23322665289984781,-0.25864971737595965,-0.025423064476111833,-0.6772780641618329,51.678892486574476,,,,,,,,,-3.0353813541402803,25.201795148123555,-12.600897574061777,0
2024-07-23,150.56,151.25,147.83,148.75,150.23299999999995,154.89068655021111,145.57531344978878,45.55500896495507,42.636027341425624,0,0,,,,144.18551111111103,145.62736622222215,142.7436559999999,,0.175095966058314,-0.9871333195768939,-0.4905786598283668,0,48.52845863430541,49.672522753027025,,,,,-0.19763311375138787,-0.2724644566653467,-0.0748313429139588,-0.574833958188393,48.52845863430541,,,,,,,,,-2.6847884427529074,25.186352095658457,-12.593176047829228,0
2024-07-24,146.73,147.11,142.98,144.23,149.89899999999994,155.2247258660206,144.57327413397928,30.543365941217232,39.97188840044805,0,0,,,,144.24604444444438,145.68850488888882,142.80358399999994,,-2.3685261526172896,-3.781879799064669,-3.431637303433044,0,40.188783891488335,48.45187203361303,,,,,-0.4527371359650326,-0.6407527628702496,-0.188015626905217,-0.6092504963992768,40.188783891488335,,,,,,,,,-3.531564400804237,25.171459564159548,-12.585729782079774,0
2024-07-25,141.25,141.945,137.58,140.03,149.40049999999994,156.2449677660147,142.55603223398518,23.93165000164574,33.34334163593937,0,0,,,,144.28373333333326,145.7265706666666,142.84089599999993,,-4.826958105646629,-6.272067362558986,-6.081905860574965,0,34.29170157464934,46.857348661466006,,,,,-0.8552182515751572,-1.2570384413741635,-0.4018201897990063,-0.6534457378800946,34.29170157464934,34.29170157464934,,34.29170157464934,,,,,,-5.747347802050534,25.158644863832336,-12.579322431916168,0
2024-07-26,141.9,141.91,139.03,140.1,148.82499999999993,156.6891859082823,140.96081409171757,22.342055387617123,25.605690443493383,0,0,,,,144.31666666666658,145.75983333333323,142.87349999999992,,-4.345095040419489,-5.862590290609737,-5.840868154812629,0,34.464302723830215,45.39011929189194,,,,,-1.0545231091190015,-1.719974076197758,-0.6654509670787566,-0.6936046984720284,34.464302723830215,,,,,,,,,-7.612658318464718,25.14834223175431,-12.574171115877155,0
2024-07-29,141.24,142.4299,140,140.29,148.25799999999995,156.83442722816432,139.6815727718356,20.81406560138608,22.36259033021633,0,0,,,,144.3077777777777,145.75085555555546,142.8646999999999,,-3.7600071344780717,-5.374414871372856,-5.590287825460871,0,34.9636696040552,43.871686773234295,,,,,-1.1059715431850903,-2.0479153960601195,-0.9419438528750292,-0.7041729903376968,34.9636696040552,,,,,,,,,-8.456858896661007,25.139404660886303,-12.569702330443151,0
2024-07-30,140.65,140.99,137.9,138.99,147.62599999999995,156.9460051502132,138.30599484978669,18.277210702316676,20.47777723043998,0,0,,,,144.29542222222213,145.73837644444436,142.8524679999999,,-3.8424286030551036,-5.849918036118263,-6.318454794840667,0,33.10496903775183,42.360927897099906,,,,,-1.1546170097683885,-2.385215115085515,-1.2305981053171264,-0.7149051460822918,33.10496903775183,,,,,,,,,-8.66101713965987,25.13081787514304,-12.56540893757152,0
2024-07-31,140.79,141.2199,139.1,139.56,146.88699999999994,156.30371513851836,137.47028486148153,19.600844921303608,19.564040408335472,1,0,,,,144.27893333333324,145.72172266666658,142.8361439999999,,-2.8810020876826603,-4.9881881990917805,-5.7237237642958405,0,34.74305007031283,41.99418622021553,,,,,-1.076984917835547,-2.57682925261156,-1.499844334776013,-0.8131139421130795,34.74305007031283,,,,,,,,,-8.754225458169378,25.12239305752165,-12.561196528760824,0
2024-08-01,139.7,139.78,132.9,135.09,146.00499999999994,156.32820396001264,135.68179603998723,14.97530268677021,17.617786103463516,0,0,,,,144.23124444444437,145.6735568888888,142.78893199999993,,-5.2139684678047304,-7.475771377692508,-8.491935720591915,0,28.789307053982412,41.04449299199454,,,,,-1.243460460329312,-3.054169910187653,-1.8107094498583411,-0.8871328249871454,28.789307053982412,,,,,,,,,-9.8416939477545,25.115981697316542,-12.557990848658271,0
2024-08-02,129.31,129.6,126.5,128.23,144.79149999999993,157.25871023324953,132.32428976675033,10.570959638864831,15.049035748979568,0,0,,,,144.1463555555555,145.58781911111103,142.70489199999994,,-8.762318118752022,-11.438171439621769,-12.751693073932834,0,22.435213263467347,39.550674229515906,,,,,-1.7039011345145543,-3.940585868001534,-2.23668473348698,-0.9168601483582606,22.435213263467347,,,,,,,,,-12.100430966537273,25.11449561438938,-12.55724780719469,0
2024-08-05,123.77,125.95,122.06,125.31,143.45899999999995,158.0862825911039,128.831717408896,8.61720733413405,11.38782321992305,0,0,,,,144.04773333333324,145.48821066666656,142.60725599999992,,-9.233800286835958,-12.651001331390821,-14.266753024028066,0,20.373917237226763,37.1915098137493,,,,,-2.06913126641921,-4.823098816510992,-2.753967550091782,-0.9154693088673004,20.373917237226763,20.373917237226763,,20.373917237226763,,,,,,-15.074419006698328,25.12102216171223,-12.560511080856115,0
2024-08-06,126.905,131.45,126.3,130.47,142.35999999999996,157.41660652338527,127.30339347661464,17.05855841563563,12.082241796211525,1,0,,,,143.98442222222215,145.42426644444438,142.54457799999992,,-4.228143580709087,-8.352065186850211,-10.370143074358406,0,32.22437736537036,36.188459267937496,,,,,-1.8351766155833422,-5.04793831957096,-3.212761703987618,-0.9292519241745525,32.22437736537036,,,,,,,,,-15.890168210504653,25.12998450577159,-12.564992252885794,0
2024-08-07,112.44,115.55,110.38,113.01,140.41849999999994,159.54790487835567,121.28909512164421,9.637635636325651,11.771133795365131,0,0,,,,143.84615555555547,145.28461711111103,142.4076939999999,,-15.099017339303423,-19.51915167873175,-21.685077129908148,0,20.893385953007638,34.531726451941196,,,,,-2.6773016572831176,-6.559388775591515,-3.882087118308397,-0.9191082436143279,20.893385953007638,,,,,,,,,-18.789450778839694,25.148833578776024,-12.574416789388012,0
2024-08-08,113.98,116.43,112.42,114.64,138.85049999999995,160.8226464358866,116.8783535641133,12.124969357857044,12.940387803272793,0,0,,,,143.72122222222214,145.15843444444437,142.2840099999999,,-12.199679862754564,-17.436379415270352,-19.901250669585725,0,23.594458699357745,32.87674911395567,,,,,-2.9253657025861184,-7.538794246541045,-4.613428543954926,-0.9355681350902025,23.594458699357745,,,,,,,,,-20.667893919694013,25.174870733267905,-12.587435366633953,0
2024-08-09,114.465,116.26,112.6,115.08,137.26549999999992,161.20622386123875,113.32477613876108,14.07800958682969,11.946871527004149,1,0,,,,143.59913333333324,145.03512466666658,142.1631419999999,,-10.140785682494302,-16.1624734547282,-18.90387276054283,0,24.345404433033394,30.924357110131304,,,,,-2.8573554168266337,-8.185122814988219,-5.327767398161585,-0.9389177360256156,24.345404433033394,,,,,,,,,-23.603272957002826,25.21353997717623,-12.606769988588114,0
2024-08-12,115.48,115.5,113.27,113.62,135.58549999999994,161.15642448465772,110.01457551534216,12.7318190236787,12.978265989455162,0,0,,,,143.4736666666666,144.90840333333327,142.0389299999999,,-9.393939393939398,-16.200478664753938,-19.211407009926194,0,23.51937717843481,29.137994148997695,,,,,-2.7095421455707527,-8.714695080125026,-6.005152934554273,-0.9388281587884572,23.51937717843481,,,,,,,,,-23.30299524550468,25.25053083869442,-12.62526541934721,0
2024-08-13,114.39,117.77,114.05,116.9,133.86749999999995,159.61158038753874,108.12341961246116,21.909427383089444,16.239751997865962,1,0,,,,143.37984444444436,144.8136428888888,141.9460459999999,,-5.106704223522806,-12.674846396623485,-16.18930176869974,0,29.321295804911685,28.3617449999565,,,,,-2.2107872038460545,-8.76863693936184,-6.557849735515786,-0.9265003148627936,29.321295804911685,,,,,,,,,-22.65364242095654,25.28431925934367,-12.642159629671834,0
2024-08-14,117.72,118.74,116.18,116.24,132.27949999999993,158.25777821469447,106.30122178530539,25.33841956553246,19.993221990766887,0,0,,,,143.30646666666658,144.73953133333325,141.8734019999999,,-3.8218088847334464,-12.125461617257349,-15.89670865560635,0,28.847079111250963,27.972843395428047,,,,,-1.7646171443479046,-8.763621165950667,-6.9990040216027625,-0.9166366454955945,28.847079111250963,,,,,,,,,-22.256920727943662,25.316115550341042,-12.658057775170521,0
2024-08-15,118.195,119.133,116.37,118.88,130.87949999999995,156.57590712239826,105.18309287760164,30.954757935684654,26.06753496143554,0,0,,,,143.24726666666658,144.67973933333323,141.81479399999992,,-0.30023985642160245,-9.168357152953643,-13.27860561024008,0,33.481353631565526,27.902632745980572,,,,,-1.160175032055255,-8.44922281167183,-7.289047779616576,-0.8713701206021407,33.481353631565526,,,,,,,,,-20.93138457787063,25.342111786886093,-12.671055893443047,0
2024-08-16,117.9,118.8,116.22,116.31,129.29549999999992,154.4782190549409,104.11278094505894,32.84330052838518,29.712159343200785,0,0,,,,143.16802222222213,144.59970244444435,141.73634199999992,,-1.470613150805622,-10.043272967736637,-14.400104016151982,0,31.341321898024447,27.643893624121233,,,,,-0.8180626725424913,-8.31162612029469,-7.493563447752199,-0.8264993329995869,31.341321898024447,,,,,,,,,-20.892122130191503,25.367753046760775,-12.683876523380388,0
2024-08-19,116.93,119.3,116.44,119.14,127.74349999999995,151.36401843207636,104.12298156792355,38.74965820195699,34.182572222008965,0,0,,,,143.10962222222216,144.54071844444437,141.67852599999995,,1.4570506433674746,-6.734980644807731,-11.605625860956092,0,36.17881195507537,27.863453832501484,,,,,-0.3118277001766918,-7.883348072973064,-7.571520372796372,-0.7325452310299148,36.17881195507537,,,,,36.17881195507537,,36.17881195507537,,-20.059033636192662,25.389912394630418,-12.694956197315209,0
2024-08-20,118.94,119.28,117.175,117.38,126.17499999999995,148.1138682479304,104.2361317520695,39.67110912077043,37.08802261703755,0,0,,,,143.03562222222212,144.46597844444435,141.6052659999999,,1.0850843954530065,-6.970477511392881,-12.14948607923364,0,34.54852134200996,27.849558923336993,,,,,-0.021473885941144744,-7.598362730222803,-7.576888844281658,-0.6258977257070145,34.54852134200996,,,,,,,,,-20.22556683196965,25.412546835840264,-12.706273417920132,0
2024-08-21,118.04,118.27,116.7,117.68,124.84749999999997,145.42664757709957,104.26835242290035,39.92218717480077,39.44765149917608,0,0,,,,142.95211111111104,144.38163222222215,141.52258999999992,,0.9374973195982905,-5.741004024910357,-11.167921413905567,0,35.08548612838521,28.299286000080055,,,,,0.2498623047563937,-7.264560963336166,-7.51442326809256,-0.46891792915484126,35.08548612838521,,,,,,,,,-19.776725117508736,25.433290694248146,-12.716645347124073,0
2024-08-22,117.68,118.395,115.3,115.45,123.61849999999997,143.34210238394715,103.89489761605279,39.789157892239835,39.794151395937035,0,0,,,,142.85539999999992,144.2839539999999,141.42684599999993,,-1.0439880687077574,-6.607829734222603,-12.17615989086367,0,32.923277024625534,29.04843341159135,,,,,0.33302654978156365,-7.098140080865605,-7.431166630647168,-0.3448118965135361,32.923277024625534,,,,,,,,,-20.456238612683894,25.456483376661936,-12.728241688330968,0
2024-08-23,116.64,118.7,116.37,116.85,122.45599999999997,140.85299475457964,104.0590052454203,40.60210730980774,40.10448412561613,0,0,,,,142.76779999999988,144.19547799999987,141.3401219999999,,0.004279173263732616,-4.577970863003844,-10.43140100568255,0,35.606282430562786,30.136459496829634,,,,,0.5247877423958922,-6.775181952652304,-7.299969695048196,-0.1713895108103004,35.606282430562786,,,,,,,,,-20.400707920888543,25.47928472778153,-12.739642363890765,0
2024-08-26,116.85,117.39,115.35,115.71,121.22699999999998,137.89730425637256,104.55669574362739,38.773059280401625,39.72144149414976,0,0,,,,142.71437777777766,144.14152155555544,141.28723399999987,,-1.1481880157875657,-4.550966368878207,-10.58535642990538,0,34.399676197918,30.291837984868753,,,,,0.6112699957839975,-6.535882200318198,-7.147152196102196,0.5120167712600414,34.399676197918,,,,,,,,,-20.670019960673645,25.502961994995687,-12.751480997497843,0
2024-08-27,115.3,117.42,115.17,116.74,120.11449999999995,134.738802342336,105.49019765766393,47.57336568557362,42.31617742526102,0,0,,,,142.66695555555543,144.09362511111098,141.24028599999988,,-0.2546181582050222,-2.8094026949285533,-8.980099955038467,0,36.49365885631642,31.406143192247953,,,,,0.7643230295460501,-6.191748409169634,-6.956071438715684,0.3508965060320482,36.49365885631642,,,,,,,,,-20.22111389521704,25.524726781613676,-12.762363390806838,0
2024-08-28,116,117.73,115.76,117.53,119.01299999999995,130.62021516988725,107.40578483011265,52.55697812134567,46.30113436244033,0,0,,,,142.6337999999999,144.06013799999988,141.2074619999999,,0.30981419683018263,-1.2460823607504667,-7.632699894688876,0,38.12504417438229,32.44404215474971,,,,,0.9340197597109992,-5.788546739076935,-6.722566498787934,0.28201287962099886,38.12504417438229,,,,,,,,,-19.924355302755206,25.545205060071062,-12.772602530035531,0
2024-08-29,118.17,119.38,116.42,116.6,118.08849999999995,127.07622334910486,109.10077665089504,56.45882372644314,52.196389177787495,0,0,,,,142.59042222222212,144.01632644444433,141.1645179999999,,-0.28989473144118705,-1.260495306486198,-7.630882655836613,0,36.9225802891262,33.342411858756336,,,,,0.9933574516019634,-5.48086968428548,-6.4742271358874435,0.1315386683449569,36.9225802891262,,,,,,,,,-19.570710441668357,25.56421711875037,-12.782108559375185,0
2024-08-30,116.94,118.05,116.29,117.31,117.54249999999995,125.23261800950134,109.85238199049856,59.83249108833125,56.28276431204004,0,0,,,,142.5439333333332,143.96937266666654,141.11849399999986,,0.2315467493741563,-0.19780079545691498,-6.3094002076511835,0,38.516907553411215,34.413664028397505,,,,,1.0828105625460447,-5.120713932704888,-6.2035244952509325,-0.18161797004726596,38.516907553411215,,,,,38.516907553411215,,38.516907553411215,,-19.27422210176493,25.582006364358804,-12.791003182179402,0
2024-09-03,116.395,117.835,114.13,114.98,117.02599999999995,123.90475686443683,110.14724313556307,54.50762864092445,56.93298115189963,0,0,,,,142.470111111111,143.89481222222213,141.0454099999999,,-1.4088130128705134,-1.7483294310665531,-7.301604364300907,0,35.35842340787164,34.844887428608935,,,,,0.9899765125222766,-4.966053854598087,-5.956030367120364,-0.3860778767769997,35.35842340787164,,,,,,,,,-19.672333037516864,25.60110060820898,-12.80055030410449,0
2024-09-04,114.27,115.99,114.19,115.21,116.26299999999995,119.3452011615152,113.18079883848469,45.96795197860009,53.436023902618615,0,0,,,,142.40437777777765,143.82842155555542,140.98033399999989,,-1.0274384481899546,-0.9057051684542405,-6.271355584722738,0,35.91705609385633,35.34988578450932,,,,,0.948871778445767,-4.769940644063155,-5.718812422508922,-0.5978429621209062,35.91705609385633,,,,,,,,,-19.812563646566463,25.620561998774832,-12.810280999387416,0
2024-09-05,114.64,116.45,114.6,116.16,116.42049999999995,119.11984417962091,113.72115582037898,49.17305265478686,49.882877758103824,0,0,,,,142.36077777777766,143.78438555555545,140.93716999999987,,-0.08085743286251335,-0.22375784333510396,-4.773615995671554,0,38.289278899023195,35.693309017899146,,,,,0.9861308027528732,-4.48614891906783,-5.472279721820703,-0.49270860756435186,38.289278899023195,,,,,,,,,-19.884365583223452,25.640138055557486,-12.820069027778743,0
2024-09-06,116.37,117.26,113.24,114.28,116.40249999999992,119.15340439675447,113.65159560324537,40.220455224988015,45.12048661945834,0,0,,,,142.3172222222221,143.74039444444435,140.89404999999988,,-1.5989736259762077,-1.8234144455659629,-5.65092714393437,0,35.48945163480636,35.98960399909786,,,,,0.8877019528575305,-4.36265228074879,-5.250354233606321,-0.6843239139851484,35.48945163480636,,,,,,,,,-19.855696307299986,25.65945917513783,-12.829729587568915,0
2024-09-09,115.11,117.92,114.985,116.36,116.46649999999993,119.15008920106415,113.7829107989357,47.17817685663171,45.52389491213554,0,0,,,,142.27797777777766,143.70075755555544,140.8551979999999,,0.23430500999241932,-0.09144260366708012,-3.301939058171788,0,40.65950892960527,36.30965378299285,,,,,0.9600810714842769,-4.050252894250974,-5.010333965735251,-0.5139736452093568,40.65950892960527,,,,,,,,,-19.382867112193424,25.676926244876704,-12.838463122438352,0
2024-09-10,117.01,117.4063,112.86,115.12,116.54149999999993,118.97486207747063,114.10813792252922,41.6752122015617,43.02461476106049,0,0,,,,142.230911111111,143.6532202222221,140.8086019999999,,-0.7834248334467997,-1.2197371751692998,-3.6607035759018136,0,38.66984342908152,36.60403393206939,,,,,0.9216622198401936,-3.858256190935009,-4.779918410775203,-0.5093831281835037,38.66984342908152,,,,,,,,,-19.427352488705655,25.69441547716158,-12.84720773858079,0
2024-09-11,115.09,116.17,112.55,115.96,116.49449999999993,118.93465142974134,114.05434857025853,43.45115671456754,44.10151525758699,0,0,,,,142.203311111111,143.6253442222221,140.78127799999987,,0.007761899423042173,-0.4588199442891572,-2.330282441462217,0,40.783822081844356,37.011057928745046,,,,,0.9464514127396857,-3.596854144850596,-4.543305557590282,-0.36093474107837786,40.783822081844356,,,,,,,,,-18.839005309697693,25.709713300529945,-12.854856650264972,0
2024-09-12,116.33,117.38,115.05,117.36,116.55049999999991,119.01599366254939,114.08500633745044,51.408600400743516,45.511656438957594,0,0,,,,142.191711111111,143.6136282222221,140.7697939999999,,1.2300101782048323,0.6945487149347951,-0.5311334614080954,0,44.23390992543308,37.81896027880272,,,,,1.0431394304826043,-3.2393812694870263,-4.282520699969631,-0.26099032101307756,44.23390992543308,,,,,,,,,-18.388525285351573,25.723364140975523,-12.861682070487761,0
2024-09-13,117.75,119.21,117.15,117.75,116.49399999999991,118.78928560316155,114.19871439683828,55.968903497219806,50.27622020417696,0,0,,,,142.197311111111,143.6192842222221,140.7753379999999,,1.465760153038831,1.0781671159030282,0.2907224338918546,0,45.19188866682697,38.50364643853588,,,,,1.1129903268429135,-2.891282791415989,-4.004273118258903,0.025383973177538297,45.19188866682697,,,,,,,,,-17.542442685892375,25.734151439424483,-12.867075719712242,0
2024-09-16,117.99,118.3,116.16,117.55,116.55599999999993,118.89463549961572,114.21736450038414,56.8751167918314,54.75087356326492,0,0,,,,142.1846888888888,143.60653577777768,140.7628419999999,,1.2724750803373874,0.8528089502042535,0.42487996856115373,0,44.76717577412697,39.24418212255081,,,,,1.1221693842895961,-2.6015613878969077,-3.723730772186504,0.10414278669295952,44.76717577412697,,,,,,,,,-16.928188303905035,25.742936317062682,-12.871468158531341,0
2024-09-17,119.87,124.74,119.485,122.12,116.70499999999993,119.90447183142285,113.505528168577,71.02934015332792,61.29112014745971,0,0,,,,142.18517777777765,143.60702955555544,140.76332599999986,,4.566432907772278,4.63990403153256,4.423966548758829,0,55.141320955659715,40.57615798678962,,,,,1.3946919325469742,-1.980365856502786,-3.37505778904976,0.4510177971392706,55.141320955659715,,,,,,,,,-15.570143152370107,25.74768559242949,-12.873842796214745,0
2024-09-18,122.32,125.66,122,122.42,116.95699999999992,121.00961939985392,112.90438060014593,73.01592332251539,66.9734600892249,0,0,,,,142.20259999999988,143.62462599999986,140.7805739999999,,4.180140926575215,4.670947442222428,4.9212362227669,0,55.729165533875154,41.833595226753395,,,,,1.5423067871985934,-1.4471743050515187,-2.989481092250112,0.6765904961637859,55.729165533875154,,,,,,,,,-14.253764277279535,25.748884286715146,-12.874442143357573,0
2024-09-19,127.93,131.35,127.44,128.75,117.51049999999998,124.06097318901739,110.96002681098257,78.87747407555672,74.3075791838,0,0,,,,142.2616222222221,143.6842384444443,140.83900599999987,,8.405533523621877,9.564677199058824,9.852449318559264,0,65.88703528753736,43.90248486949705,,,,,1.985198988435351,-0.5079823567059236,-2.4931813451412745,0.7540595801555189,65.88703528753736,,,,,,,,,-11.383627145481073,25.74358418145229,-12.871792090726146,0
2024-09-20,129.83,131.95,129.03,131.18,118.29699999999998,127.0694730834595,109.52452691654047,83.35223947140031,78.41521228982414,0,0,,,,142.33757777777765,143.76095355555543,140.91420199999988,,8.901931809691433,10.890386062199408,11.401735822137681,0,68.84255596651126,46.068602613289904,,,,,2.336534610057374,0.42748691743044276,-1.909047692626931,0.8452586754536887,68.84255596651126,,,,,68.84255596651126,,68.84255596651126,,-8.980478817051134,25.734071380198063,-12.867035690099032,0
2024-09-23,131.5,131.64,128.9,129.03,118.90599999999998,128.8102140526161,109.00178594738385,79.92684156243156,80.71885170312953,0,0,,,,142.39126666666652,143.8151793333332,140.96735399999986,,6.002103118530466,8.514288597715858,9.144892107021718,0,63.592797335083084,48.085343608090724,,,,,2.314456412188977,0.9840228226092904,-1.3304335895796866,0.8861564313904087,63.592797335083084,,,,,,,,,-7.168616441568031,25.722122537274537,-12.861061268637268,0
2024-09-24,130.58,131.67,129.59,131.48,119.69449999999999,130.88309861644993,108.50590138355004,83.16098104254654,82.14668735879279,0,0,,,,142.44988888888875,143.87438777777763,141.02538999999987,,6.58236057068744,9.846317082238532,10.660049432868647,0,66.70831642023353,50.2847193456891,,,,,2.347773181338075,1.6042828870929071,-0.7434902942451679,0.9193090382505845,66.70831642023353,,,,,,,,,-6.304350216824538,25.709243834505465,-12.854621917252732,0
2024-09-25,131.31,131.9,130.3,130.71,120.393,132.4659269027863,108.32007309721371,81.51355030261736,81.53379096919848,0,0,,,,142.4998444444443,143.92484288888875,141.07484599999987,,4.706212200104143,8.56943510004735,9.587394920407789,0,64.83058963929173,52.18052725570828,,,,,2.203219995063902,2.01053469958471,-0.19268529547919233,0.9462789070625326,64.83058963929173,,,,,,,,,-6.276979165978652,25.696355756661116,-12.848177878330558,0
2024-09-26,132.706,133.34,129.146,129.25,120.979,133.56597406051284,108.39202593948716,77.03566269534869,80.57006468017086,0,0,,,,142.56095555555544,143.986565111111,141.13534599999988,,2.559829873674868,6.83672372891162,7.970762269404785,0,61.306816051035796,54.02462471401037,,,,,1.9057033114628767,2.1894438438494035,0.28374053238652686,0.9332911881130771,61.306816051035796,,,,,,,,,-6.075404987588354,25.68328770677345,-12.841643853386724,0
2024-09-27,130.16,130.31,128.17,128.25,121.5615,134.36044726139718,108.7625527386028,72.86121086611054,77.13680795469219,0,0,,,,142.58588888888877,144.01174777777766,141.1600299999999,,0.9254450162897276,5.502153231080564,6.856596919419422,0,58.94363619622966,55.33063380448355,,,,,1.5529210293352924,2.2248918190556424,0.67197078972035,0.9069825691802372,58.94363619622966,,,,,,,,,-6.704524689006386,25.670881392117376,-12.835440696058688,0
2024-09-30,127.32,128.23,125.92,126.81,122.03650000000002,134.8741341667773,109.19886583322271,68.5581259092967,72.81833315691864,0,0,,,,142.62428888888877,144.05053177777765,141.1980459999999,,-0.929687499999976,3.9115346638095794,5.349586831786257,0,55.618897159032066,56.54128049948002,,,,,1.1523735776687982,2.1124377618063477,0.9600641841375495,0.8324346576478491,55.618897159032066,,,,,,,,,-7.492827185621384,25.659400238613568,-12.829700119306784,0
2024-10-01,127.35,128.2,123.71,125.47,122.561,135.05513446381994,110.06686553618007,63.52932169648034,68.3162194906292,0,0,,,,142.64379999999989,144.07023799999988,141.2173619999999,,-2.2324385397592073,2.373511965470243,4.053960662897893,0,52.64319235422391,57.388378376078556,,,,,0.7466404762870875,1.8933647794964088,1.1467243032093213,0.7047392111030943,52.64319235422391,,,,,,,,,-8.258124590615028,25.648923898876422,-12.824461949438211,0
2024-10-02,125.33,126.44,124.55,126.18,123.10950000000003,135.2219720433114,110.99702795668864,61.24161370369063,64.44302043648922,0,0,,,,142.68166666666653,144.1084833333332,141.25484999999986,,-1.966420896426857,2.4941210873246744,4.388831437435359,0,54.04609686379448,58.0892488716758,,,,,0.4880507758941379,1.7567877730769936,1.2687369971828557,0.5620834906877559,54.04609686379448,,,,,,,,,-8.626261029089095,25.63897178923373,-12.819485894616864,0
2024-10-03,124.6,125.555,123.58,125.29,123.566,135.27796892072467,111.85403107927534,56.17224300296921,60.31439280104672,0,0,,,,142.72508888888876,144.15233977777766,141.29783799999987,,-2.3955127955439415,1.3952058009484736,3.4354653178713557,0,51.967851611362654,58.573246224856916,,,,,0.23202277944432148,1.5587654714882575,1.326742692043936,0.33487290718950763,51.967851611362654,51.967851611362654,,51.967851611362654,,,,,,-8.86464516127191,25.6293730957065,-12.81468654785325,0
2024-10-04,128.42,129.93,127.27,129.85,124.34450000000001,135.54261318928394,113.14638681071608,62.762002338323555,60.05861968166113,0,0,,,,142.77708888888884,144.20485977777773,141.34931799999995,,1.261775531848519,4.427618431052416,6.776929275873966,0,60.37520032030188,59.68810512101226,,,,,0.33829926099623453,1.7496167682892292,1.4113175072929947,0.14225276548698113,60.37520032030188,,,,,,,,,-7.698808268847036,25.618189886903323,-12.809094943451662,0
2024-10-07,129.085,131.31,128.77,130.23,125.03800000000001,135.88472042600887,114.19127957399114,64.77091788903498,61.235054410109235,0,0,,,,142.82633333333328,144.25459666666663,141.39806999999993,,1.4631637995512259,4.152337689342422,6.698091565528008,0,60.98801413094158,60.105726062103834,,,,,0.3985610943744611,1.909518875261071,1.51095778088661,-0.007259245806186674,60.98801413094158,,,,,,,,,-6.614320851330728,25.60577042623581,-12.802885213117905,0
2024-10-08,130.15,134.43,130.15,132.5,125.90700000000001,136.20717689168532,115.60682310831471,71.83809649182172,66.45700557306007,0,0,,,,142.85219999999995,144.28072199999994,141.42367799999997,,3.1497656748719294,5.236404647875004,8.062407059533538,0,64.518173975559,60.733512379366964,,,,,0.5465297961063158,2.1941200260195046,1.6475902299131888,-0.1330792311333643,64.518173975559,,,,,,,,,-4.773668540281361,25.591756276199888,-12.795878138099944,0
2024-10-09,133.4,135.76,132.84,135.49,126.8835,136.9262909965318,116.84070900346819,72.80697168812146,69.80532868965938,0,0,,,,142.8839333333333,144.31277266666663,141.45509399999995,,5.086402134458479,6.782993848687968,9.94054928350796,0,68.55448841421149,60.92404474555797,,,,,0.7864177658981271,2.6306124372858477,1.8441946713877206,0.158375688853561,68.55448841421149,,,,,68.55448841421149,68.55448841421149,68.55448841421149,,-3.3153129588229295,25.576939590391845,-12.788469795195923,0
2024-10-10,135.55,136.37,132.52,132.81,127.65600000000002,137.00243761012686,118.30956238987318,70.34637885553164,71.66381567849159,0,0,,,,142.9129555555555,144.34208511111106,141.48382599999994,,2.7241507332466997,4.037413047565308,7.322368456495165,0,61.77157894071153,60.41897495800085,,,,,0.7077050693546352,2.7288260080810147,2.0211209387263795,0.3705842890741427,61.77157894071153,,,,,,,,,-2.581910169778402,25.561884261063533,-12.780942130531766,0
2024-10-11,132.3,135.355,132.3,134.4,128.4885,137.09397564054646,119.88302435945351,73.53664198531112,72.22999750965472,0,0,,,,142.94517777777773,144.37462955555552,141.51572599999994,,3.461813814923431,4.600800849881526,8.088980392787626,0,64.04453997148484,60.451242289172406,,,,,0.7043143185864924,2.901513836959495,2.1971995183730026,0.4986448669899639,64.04453997148484,,,,,,,,,-2.0046176378563714,25.546718357408807,-12.773359178704403,0
2024-10-14,133.97,134.98,133.42,134.79,129.35049999999998,136.773010289655,121.92798971034496,75.43387179564364,73.10563087882879,0,0,,,,142.96779999999995,144.39747799999995,141.53812199999996,,3.128514701494245,4.205240799223819,7.897025940967062,0,64.60051431091372,60.300684995649554,,,,,0.6701251815785967,3.0348559953462484,2.3647308137676517,0.694576183856119,64.60051431091372,,,,,,,,,-2.053274083093823,25.531588555226428,-12.765794277613214,0
2024-10-15,133.51,134,132.3,133.27,129.908,136.72466370008198,123.09133629991801,69.8299939381691,72.93350257304128,0,0,,,,142.99646666666663,144.4264313333333,141.56650199999996,,1.3606528699964482,2.587985343473864,6.162192016526702,0,60.66338054485844,60.00302720319004,,,,,0.4950053750633616,2.983487532596854,2.4884821575334923,0.8016110832912251,60.66338054485844,60.66338054485844,,60.66338054485844,,,,,,-1.8415589259971277,25.51644911684068,-12.75822455842034,0
2024-10-16,134.73,137.395,134.32,135.15,130.5445,136.7997425212796,124.28925747872042,74.684579295655,73.31614834315589,0,0,,,,143.02362222222217,144.4538584444444,141.59338599999995,,2.0940035353306685,3.5279157681863405,7.092766186736821,0,63.6169188933558,60.168034549070036,,,,,0.4565848644120285,3.059213238048528,2.6026283736364997,0.8712275016658428,63.6169188933558,,,,,,,,,-1.557115715466079,25.501300786325185,-12.750650393162593,0
2024-10-17,135.7,136.65,135.11,136.02,130.908,137.53760813321728,124.27839186678268,76.86004712358688,73.79154011913698,0,0,,,,143.0576222222222,144.4881984444444,141.62704599999998,,1.9250511423668737,3.9050325419378584,7.2197129141343686,0,64.92923047510938,60.59557699756145,,,,,0.440362401038481,3.153081374934601,2.71271897389612,0.9056585083606821,64.92923047510938,,,,,,,,,-1.1457145598624972,25.48615436457196,-12.74307718228598,0
2024-10-18,136.81,136.89,135.16,136.45,131.17149999999998,138.22854832065244,124.11445167934752,78.37831157051846,76.6409793299201,0,0,,,,143.09073333333328,144.5216406666666,141.65982599999995,,1.7440776670071712,4.024121093377753,6.935736677115978,0,65.58985975183916,61.30778861133338,,,,,0.40982020491952387,3.2249942300455245,2.8151740251260007,0.9052466122287331,65.58985975183916,,,,,,,,,-0.25449776459577766,25.471088718787406,-12.735544359393703,0
2024-10-21,135.66,137.99,135.13,137.19,131.5795,139.02687128119774,124.13212871880225,81.41933664224801,78.8858984454511,0,0,,,,143.1335333333333,144.56486866666663,141.70219799999998,,1.7677123591504973,4.263962091359219,6.933795465115344,0,66.75062385621243,62.31546229004685,,,,,0.3907531627625511,3.3036154785791894,2.9128623158166382,0.8923142191889399,66.75062385621243,,,,,66.75062385621243,66.75062385621243,66.75062385621243,,0.34587756375595297,25.45616915384692,-12.72808457692346,0
2024-10-22,136.11,136.35,135.3316,135.59,131.78500000000003,139.43413459157162,124.13586540842843,78.45686283352698,79.41817034876448,0,0,,,,143.17402222222216,144.6057624444444,141.74228199999993,,0.3508096746499545,2.8872785218347907,5.12754244953868,0,61.88938832578607,62.87569739447481,,,,,0.22965411182243622,3.1999299555946834,2.970275843772247,0.8421536195188841,61.88938832578607,,,,,,,,,0.33838767901908273,25.44127387167257,-12.720636935836286,0
2024-10-23,135,136.2,131.27,131.92,131.84550000000002,139.47879149187878,124.21220850812125,64.75254605926257,74.87624851167918,0,0,,,,143.19882222222216,144.6308104444444,141.76683399999993,,-2.106723855178483,0.056505531095085715,1.8619088555205998,0,52.453246261676156,62.91036844092578,,,,,-0.1446487644294887,2.7894648882353863,2.934113652664875,0.613576749219034,52.453246261676156,52.453246261676156,,52.453246261676156,,,,,,-0.6563514121629511,25.426245527357946,-12.713122763678973,0
2024-10-24,133.55,133.75,131.66,132.75,132.02050000000003,139.56774711401334,124.47325288598671,59.92539820751979,67.71160236676975,0,0,,,,143.18873333333326,144.62062066666658,141.75684599999994,,-1.486423307829876,0.5525657000238438,2.0983682206811904,0,54.15564337435502,62.466114373358145,,,,,-0.3454529216900242,2.502297500552345,2.847750422242369,0.3425650845153244,54.15564337435502,,,,,,,,,-1.6225577450656263,25.411265193290646,-12.705632596645323,0
2024-10-25,133.38,135.28,133.17,134.58,132.33700000000002,139.75502696139517,124.91897303860485,62.82044093380543,62.499461733529245,0,0,,,,143.1926444444444,144.62457088888885,141.76071799999994,,-0.1417218837880596,1.6949152542372836,3.061151556612951,0,57.74773708114968,62.23466601265873,,,,,-0.36237993647462075,2.394775501649093,2.7571554381237138,0.1113902630215416,57.74773708114968,,,,,,,,,-1.7478734086926708,25.396326752188482,-12.698163376094241,0
2024-10-28,136.3,137.3,135.4,135.78,132.7855,139.89069661937663,125.6803033806234,66.14068237844884,62.962173839924674,0,0,,,,143.2018444444444,144.63386288888884,141.76982599999994,,0.6747238081115103,2.2551408098022696,3.4984793086888955,0,59.963062182934685,61.90930088461413,,,,,-0.3025481695899397,2.378970226136289,2.6815183957262287,0.03837785614562964,59.963062182934685,,,,,,,,,-0.7006946080573151,25.381375283331145,-12.690687641665573,0
2024-10-29,135.33,138.35,135.2438,137.78,133.401,139.97778918622114,126.82421081377886,69.41907150750018,66.12673160658481,0,0,,,,143.21282222222214,144.64495044444436,141.78069399999993,,1.8171606772045656,3.282584088575047,4.606756643898202,0,63.406736494306394,61.54160431890663,,,,,-0.14599826597524235,2.499020563257176,2.645018829232418,0.3039857586481271,63.406736494306394,,,,,,,,,0.6321921806615811,25.366693964805602,-12.683346982402801,0
2024-10-30,136.47,138.66,136.31,136.5,133.917,139.7205613204299,128.1134386795701,69.74796764556075,68.43590717716991,0,0,,,,143.1979777777777,144.62995755555548,141.76599799999994,,0.7707299787384825,1.9288066488944544,3.26696843989962,0,59.85819805812575,61.40493425586478,,,,,-0.1460230903751425,2.4624899662634903,2.6085130566386328,0.25861430365837956,59.85819805812575,,,,,,,,,1.1860263078400186,25.35223586674796,-12.67611793337398,0
2024-10-31,137.7,138.06,134.26,134.79,134.392,138.640084744918,130.143915255082,64.17331133364455,67.78011682890181,0,0,,,,143.1717999999999,144.6035179999999,141.74008199999992,,-0.40123251535104654,0.296148580272626,1.818209286690875,0,55.39776352997703,60.787307367185655,,,,,-0.2712933988831798,2.2693963080346577,2.5406897069178376,0.17170904204053233,55.39776352997703,,,,,,,,,1.045221246238129,25.33774686296622,-12.66887343148311,0
2024-11-01,133.96,136.88,133.8052,136.46,134.7225,138.50914429277512,130.93585570722487,66.39883810610608,66.77337236177046,0,0,,,,143.14313333333325,144.5745646666666,141.71170199999992,,0.8320156058344574,1.2896880624988505,2.942840546473624,0,58.6392691467459,60.36150414117367,,,,,-0.2521762376138148,2.225469409900569,2.4776456475143838,0.22672697299405742,58.6392691467459,,,,,,,,,0.8442463326808626,25.323209825058708,-12.661604912529354,0
2024-11-04,136.23,137.55,135.45,136.87,135.0545,138.33834210948226,131.77065789051773,66.31334265442942,65.62849736472667,0,0,,,,143.12677777777768,144.55804555555545,141.6955099999999,,1.1588890038580324,1.344272127178292,3.0489809542213475,0,59.41903564939246,60.2726223629261,,,,,-0.22339745647616782,2.198398826919174,2.421796283395342,0.178345941592799,59.41903564939246,,,,,,,,,1.0704347808243535,25.308780109799113,-12.654390054899556,0
2024-11-05,137.55,140.87,137.07,137.82,135.32049999999998,138.59541969367677,132.0455803063232,70.23262685697054,67.64826920583533,0,0,,,,143.09704444444435,144.5280148888888,141.6660739999999,,1.6934144991698874,1.8470963379532357,3.5993936280835026,0,61.24233672321191,60.10300935077297,,,,,-0.1551008839902157,2.2279201784075724,2.383021062397788,0.29086386815561294,61.24233672321191,,,,,,,,,1.9301962885526216,25.29477367728749,-12.647386838643746,0
2024-11-06,141.98,142.95,139.41,140.91,135.59149999999997,139.6748920948198,131.50810790518014,77.2045159533794,71.25016182159311,0,0,,,,143.06882222222214,144.49951044444435,141.63813399999992,,3.288277722394861,3.9224435160021276,5.652125014058429,0,66.51264928797715,60.216110694549236,,,,,0.07130776219970558,2.47215576514742,2.4008480029477144,0.5220216924822618,66.51264928797715,,,,,,,,,3.1714409578418707,25.28160551242157,-12.640802756210785,0
2024-11-07,141.76,148.64,141.7,147.37,136.31949999999998,142.70334045853508,129.93565954146487,84.1912082803314,77.20945036356045,0,0,,,,143.07224444444438,144.50296688888884,141.64152199999992,,6.87814571457579,8.10632374678606,9.997586626427179,0,74.3618328244418,60.84268019973514,,,,,0.5998522799429429,3.1506633528763928,2.55081107293345,0.681893662125612,74.3618328244418,,,,,74.3618328244418,,74.3618328244418,,5.899811174069846,25.271244551756485,-12.635622275878243,0
2024-11-08,134.67,137.71,132.76,134.61,136.32999999999998,142.70185687221712,129.95814312778285,61.534500073052584,74.31007476892113,0,0,,,,143.01495555555547,144.44510511111102,141.58480599999993,,-2.3779996954071736,-1.2616445389862618,0.31473334608496106,0,49.62108625329609,59.61914179952682,,,,,0.06211984837363449,2.6284608834004928,2.5663410350268583,0.6133129677637791,49.62108625329609,,,,,,,,,5.21695070561687,25.26006854655755,-12.630034273278776,0
2024-11-11,136,139.16,135.12,137.4,136.46049999999997,142.80771190760456,130.11328809239538,60.447267449757504,68.72432526771384,0,0,,,,142.97268888888883,144.40241577777772,141.54296199999993,,-0.47156485646610014,0.6884776180653196,2.1252558086526374,0,53.28118455885708,59.00427010188905,,,,,-0.12352240651926483,2.4119380268777775,2.5354604333970423,0.5968873244003386,53.28118455885708,,,,,,,,,4.414250233975717,25.248047467619674,-12.624023733809837,0
2024-11-12,135.65,136.12,133.13,133.2,136.45699999999994,142.8113185315242,130.10268146847568,49.19248175568461,57.05808309283157,0,0,,,,142.93771111111104,144.36708822222215,141.50833399999993,,-3.192749631158587,-2.386832482027268,-1.1857218808343561,0,47.666943841611115,58.66239135759868,,,,,-0.5245536235658568,1.879768403939721,2.404322027505578,0.31313454936970453,47.666943841611115,,,,,,,,,0.9677164832593617,25.23371325013452,-12.61685662506726,0
2024-11-13,133.83,135.13,131.3305,132.76,136.33749999999995,142.87295369504358,129.80204630495632,36.108012629504124,48.58258727831542,0,0,,,,142.89624444444436,144.3252068888888,141.46728199999993,,-3.249549989432976,-2.6240029338956306,-1.6721268574730108,0,47.106941127522724,58.15891262568209,,,,,-0.7984137704737173,1.4063048144134314,2.2047185848871487,0.021319854820330296,47.106941127522724,,,,,,,,,0.5949172891247381,25.219282750967814,-12.609641375483907,0
2024-11-14,133.97,136.66,133.15,134.56,136.26449999999994,142.84496951212964,129.68403048787025,36.650787808983786,40.65042739805751,0,0,,,,142.86851111111105,144.29719622222217,141.43982599999993,,-1.9213388145426946,-1.2508760535575592,-0.5665303709542657,0,49.709857424825195,57.584778364516055,,,,,-0.8334380394613294,1.1629210355604869,1.9963590750218163,-0.1431879714967955,49.709857424825195,,,,,,,,,-0.030843559788578074,25.204732239653417,-12.602366119826709,0
2024-11-15,134.2,134.53,131.31,132.5,136.06699999999995,142.8474103120727,129.2865896879272,30.188896295024165,34.3158989111707,0,0,,,,142.8408666666666,144.26927533333327,141.41245799999996,,-3.143274853801181,-2.6215026420807086,-2.1526418786693147,0,46.867290092627194,56.649366072351235,,,,,-0.9613651855902403,0.7946525930340158,1.7560177786242561,-0.31430964635532344,46.867290092627194,,,,,,,,,-0.13054098067083716,25.19019050401795,-12.595095252008974,0
2024-11-18,132.56,133.4499,131.58,132.19,135.81699999999995,142.77961186625126,128.85438813374864,27.362282964021368,31.40065568934311,0,0,,,,142.8214888888888,144.2497037777777,141.3932739999999,,-3.038171522459898,-2.670505165038217,-2.428642779640855,0,46.436950708545346,55.437238516225435,,,,,-1.026943845490815,0.4723379717607372,1.4992818172515523,-0.3974678582825405,46.436950708545346,,,,,,,,,-0.20841527896510859,25.175662405361056,-12.587831202680528,0
2024-11-19,131.15,131.96,129.87,131.44,135.60949999999997,142.82940713237014,128.3895928676298,24.49626470086678,27.349147986637444,0,0,,,,142.7967777777777,144.22474555555547,141.3688099999999,,-3.134994915029421,-3.074637101382993,-2.956919782937739,0,45.3519708678266,54.401079431204074,,,,,-1.0757450997253009,0.15460044259492634,1.2303455423202272,-0.5086053592058156,45.3519708678266,45.3519708678266,,45.3519708678266,,,,,,-0.9190534334753035,25.161106055684392,-12.580553027842196,0
2024-11-20,130.22,135.38,130.22,135.25,135.77599999999995,142.79878691119612,128.7532130888038,32.64204644617674,28.166864703688304,0,0,,,,142.79282222222216,144.22075044444438,141.36489399999994,,0.09028476703569766,-0.3874027810511049,-0.1380715757142048,0,51.545529113165685,54.12591983000326,,,,,-0.8180119710417255,0.2078305785180703,1.0258425495597958,-0.5656173834649062,51.545529113165685,,,,,,,,,-0.17263706933013237,25.14663337956739,-12.573316689783695,0
2024-11-21,134.18,134.95,132.58,133.26,135.80149999999998,142.78373825145218,128.81926174854777,31.58976636456883,29.576025837204128,0,0,,,,142.78739999999993,144.21527399999994,141.35952599999993,,-0.3417665667043268,-1.8714815373909621,-1.6182854442902572,0,48.45644285040352,53.398575094550225,,,,,-0.7499378615859982,0.08842022257729809,0.8383580841632963,-0.6171572091158558,48.45644285040352,,,,,,,,,0.14263300798571868,25.132240957349588,-12.566120478674794,0
2024-11-22,133.3,140.76,133.3,137.34,135.93949999999995,142.92881033794222,128.95018966205768,42.441582763075836,35.55779852460714,0,0,,,,142.80482222222216,144.2328704444444,141.37677399999993,,2.5001865810881263,1.0302377160428255,1.32054592401325,0,54.47975530145121,53.045769355411565,,,,,-0.415224428924688,0.31932754800743623,0.7345519769321243,-0.5333600625691378,54.47975530145121,,,,,,,,,1.6530954033395513,25.118390370089205,-12.559195185044603,0
2024-11-25,138.01,141,137.75,140.93,136.19699999999995,143.5155493098066,128.8784506901933,51.53609177355195,41.85581363373222,0,0,,,,142.8368666666666,144.26523533333327,141.40849799999992,,4.903121115353981,3.4751132550643993,3.8122691914826534,0,59.01786089721396,52.886878224983136,,,,,0.03874285982608394,0.7829805517147292,0.7442376918886453,-0.3083977494710668,59.01786089721396,,,,,59.01786089721396,,59.01786089721396,,3.109079082044404,25.105455472709234,-12.552727736354617,0
2024-11-26,140.78,141.75,139.18,139.67,136.29149999999996,143.73707660628477,128.84592339371514,53.06867022695703,49.01544825452828,0,0,,,,142.8532666666666,144.28179933333325,141.42473399999994,,3.4669234758130107,2.4788779931250504,2.722699458696143,0,56.87472315434614,52.19845492972377,,,,,0.2340544674908278,1.03680577625218,0.8027513087613523,-0.05869912167038745,56.87472315434614,,,,,,,,,4.740300115135501,25.093999252075527,-12.546999626037763,0
2024-11-27,139.67,140.41,137.68,138.28,136.38049999999996,143.8763027588809,128.884697241119,53.37478170435847,52.65984790162249,0,0,,,,142.84526666666662,144.27371933333328,141.41681399999996,,2.020038069380692,1.392794424422883,1.6224214082215749,0,54.522537387208686,50.781362398492846,,,,,0.24817739426113616,1.1129730515877725,0.8647956573266363,0.538052856089463,54.522537387208686,,,,,,,,,5.004141583798471,25.082838524847894,-12.541419262423947,0
2024-11-29,138.53,139.53,135.8333,136.11,136.44649999999996,143.90829140689922,128.9847085931007,55.69408054325693,54.04584415819082,0,0,,,,142.8300666666666,144.25836733333327,141.40176599999992,,0.3043545546327353,-0.2466168058542717,0.025476084325837256,0,50.97796054416604,50.878281990697836,,,,,0.09765099463612781,0.9868594006217961,0.8892084059856683,0.5431285753072255,50.97796054416604,,,,,,,,,3.8327869151673455,25.07054189625792,-12.53527094812896,0
2024-12-02,136.01,137.6,135.69,137.49,136.49799999999993,143.97365809812706,129.0223419018728,56.84034299615665,55.30306841459069,0,0,,,,142.8199777777777,144.2481775555555,141.3917779999999,,0.9501013245616585,0.7267505751000547,1.0138858276394158,0,53.06757133149323,50.863023903028996,,,,,0.0781465697986291,0.9868916182339547,0.9087450484353256,0.7216395892523905,53.06757133149323,,,,,,,,,3.3331117186783104,25.057849514327415,-12.528924757163708,0
2024-12-03,136.97,138.37,135.3762,137.46,136.52749999999995,144.0134464999472,129.0415535000527,56.494446028814394,56.34295652274266,0,0,,,,142.81113333333326,144.2392446666666,141.38302199999993,,0.539046100509788,0.6830125798832132,0.9851673902981695,0,53.01466630816043,51.245004079211085,,,,,0.05162561679710165,0.9732770694317026,0.9216514526346009,0.7110026481848513,53.01466630816043,,,,,,,,,3.170140595995143,25.045051289391516,-12.522525644695758,0
2024-12-04,136.55,139.15,134.85,139.07,136.58999999999995,144.13867670522967,129.04132329477022,60.85575641581825,58.06351514692977,0,0,,,,142.81971111111105,144.24790822222215,141.39151399999994,,1.1521173064893642,1.8156526832125763,2.0809630418027414,0,55.57437503244497,51.849820786705536,,,,,0.1266404154927313,1.079951972000515,0.9533115565077838,0.7124097865104664,55.57437503244497,,,,,,,,,3.9462887592736835,25.03290831316478,-12.51645415658239,0
2024-12-05,138.84,140.38,135.51,136.32,136.36049999999994,143.64431349294875,129.07668650705114,57.00662576862317,58.118942737751944,0,0,,,,142.82548888888883,144.25374377777771,141.39723399999994,,-0.9251924153118485,-0.02970068311567431,-0.04521624363003074,0,50.51242395084926,51.90714696713582,,,,,-0.01717019679459686,0.9318488105145377,0.9490190073091346,0.6565573982179103,50.51242395084926,50.51242395084926,,50.51242395084926,,,,,,3.6820024716405526,25.020553736736513,-12.510276868368257,0
2024-12-06,137.75,138.86,136.56,136.92,135.83799999999994,141.1089300887101,130.56706991128976,54.43462215504909,57.43233477983017,0,0,,,,142.83411111111107,144.26245222222218,141.40576999999996,,-0.7531223044527802,0.7965370514878334,0.29250760568604317,0,51.54934630504595,52.24157955373717,,,,,-0.07676923926063783,0.8530574582333372,0.9298266974939751,0.5469527087567143,51.54934630504595,,,,,,,,,3.574222801868651,25.008127469008016,-12.504063734504008,0
2024-12-09,137,138.97,136.59,137.27,135.97099999999995,141.24551192055532,130.69648807944458,54.24444310202634,55.22856367523286,0,0,,,,142.8351333333333,144.2634846666666,141.40678199999996,,-0.4943748550220506,0.955350773326713,0.48288196842110054,0,52.17881175201749,52.651712485413746,,,,,-0.09624126425244073,0.8095251171784241,0.9057663814308649,0.4037611975933553,52.17881175201749,,,,,,,,,3.156606021607203,24.995393463750066,-12.497696731875033,0
2024-12-10,137.19,139.8899,136.62,138.3,136.01599999999993,141.35349154566862,130.67850845433125,56.1690224643049,54.949362573793444,0,0,,,,142.82788888888885,144.25616777777773,141.39960999999997,,0.44375367676430244,1.679214210092983,1.17464025575309,0,54.06994898901012,53.27442520835543,,,,,-0.04592633164994553,0.848358466868433,0.8942847985183785,0.2113231295888944,54.06994898901012,,,,,,,,,3.6864771501093094,24.983096467715487,-12.491548233857744,0
2024-12-11,138.68,140.17,137.21,138.84,136.29799999999994,141.60645966360116,130.98954033639873,58.80924438467247,56.407569983667905,0,0,,,,142.81379999999996,144.24193799999995,141.38566199999997,,0.8967632225338917,1.8650310349382027,1.5434348556397026,0,55.07306393879293,53.526391981614516,,,,,0.014326142195209668,0.9121924762623905,0.8978663340671809,0.15086685543364717,55.07306393879293,,,,,,,,,4.208887373817839,24.971278274332473,-12.485639137166237,0
2024-12-12,138.1,139.1,134.4001,137.47,136.53349999999995,141.6058890820867,131.4611109179132,54.250010146949684,56.409425665309016,0,0,,,,142.7923333333333,144.22025666666661,141.36440999999996,,-0.03999272859482872,0.6859122486423175,0.5176876617773774,0,51.97183844383561,53.77749166685967,,,,,-0.044275649940032635,0.84252177164214,0.8867974215821727,-0.26801536131624804,51.97183844383561,,,,,,,,,4.3026742732316565,24.959563837018607,-12.479781918509303,0
2024-12-13,136.65,137.019,130.75,130.95,136.35299999999992,141.9256980898019,130.78030191019795,32.687954892119365,48.58240314124717,0,0,,,,142.74682222222216,144.17429044444438,141.31935399999995,,-4.422337218722894,-3.962509075707854,-4.160018736185755,0,40.331820610413025,52.76692490321408,,,,,-0.5028610461221429,0.2582211139294941,0.761082160051637,-0.5564849039627926,40.331820610413025,40.331820610413025,,40.331820610413025,,,,,,2.5056515271685207,24.94646148084806,-12.47323074042403,0
2024-12-16,131.22,133.28,129.17,132.2,136.33799999999994,141.95355197643738,130.7224480235625,30.992131353056784,39.310032130708606,0,0,,,,142.70277777777773,144.1298055555555,141.27574999999996,,-3.135990621336504,-3.0351039328726737,-3.1445066377517095,0,42.96902310186384,51.62057934640336,,,,,-0.691099242200739,-0.10279189269928679,0.5883073495014522,-0.5821054095308315,42.96902310186384,,,,,,,,,0.910782851483174,24.932626707073013,-12.466313353536506,0
2024-12-17,132.2,132.61,130.88,132.24,136.34049999999993,141.9487028315756,130.73229716842428,29.108803965282334,30.929630070152825,0,0,,,,142.6255333333333,144.05178866666662,141.19927799999996,,-2.734668059253609,-3.007543613232988,-3.0055279416546843,0,43.05575626431643,50.63351028282982,,,,,-0.7756655117141379,-0.3812745401412201,0.3943909715729178,-0.6141229181017155,43.05575626431643,,,,,,,,,-0.32539593914340065,24.918549546054805,-12.459274773027403,0
2024-12-18,132.025,133.71,127.23,127.54,136.1454999999999,142.62520824961308,129.66579175038675,21.25571423550746,27.118883184615527,0,0,,,,142.51371111111106,143.93884822222216,141.08857399999997,,-5.389265976781299,-6.320811190968422,-6.217140336041782,0,36.10725160170839,49.31813272672265,,,,,-1.091546950421946,-0.9700427164545147,0.12150423396743132,-0.6941961360685527,36.10725160170839,36.10725160170839,,36.10725160170839,,,,,,-1.0985326454874778,24.904471225203302,-12.452235612601651,0
2024-12-19,129.13,131.08,127.91,129.35,135.8505,142.97186918015032,128.7291308198497,25.352070535822115,25.23886291220397,0,0,,,,142.42442222222215,143.84866644444438,141.00017799999992,,-3.5478867778208634,-4.785039436733774,-4.6159442910903685,0,40.11537311672284,48.542233624762424,,,,,-1.1179123811246336,-1.2758862424383608,-0.1579738613137271,-0.8022538439547512,40.11537311672284,,,,,,,,,-1.7050443563031858,24.890472932221577,-12.445236466110789,0
2024-12-20,128.63,135.82,128.34,134.21,135.898,142.96206285362905,128.83393714637094,34.63512343847529,27.080969403268288,0,0,,,,142.38028888888883,143.80409177777773,140.95648599999993,,0.27869722124671537,-1.2421080516269445,-0.7109513135213796,0,49.31035606015159,48.27386110538088,,,,,-0.76424084433175,-1.1132749167284146,-0.3490340723966646,-0.7553724944349904,49.31035606015159,,,,,,,,,-1.097456649427701,24.876442115911974,-12.438221057955987,0
2024-12-23,134.81,135.58,132.21,134.52,135.757,142.81287443199002,128.70112556800999,38.91991858494208,32.9690375197465,0,0,,,,142.32708888888882,143.7503597777777,140.90381799999994,,0.7172698821520829,-0.9111869001230066,-0.47940340909090606,0,49.839420091299985,48.04705780417656,,,,,-0.4795380561214512,-0.9484566425484786,-0.46891858642702744,-0.6850425114989523,49.839420091299985,,,,,,,,,0.7837153104257165,24.862685119129786,-12.431342559564893,0
2024-12-24,134.33,135.07,132.83,134.99,135.45999999999998,142.10817268127323,128.81182731872673,46.6860308151476,40.08035761285499,0,0,,,,142.27571111111104,143.69846822222215,140.85295399999993,,1.3202633020843457,-0.3469658939908249,-0.0722987294670352,0,50.67991228438123,47.697453322172,,,,,-0.2416843435417909,-0.771024015854266,-0.5293396723124751,-0.5419223369854166,50.67991228438123,,,,,,,,,2.2923683594416917,24.849613345261226,-12.424806672630613,0
2024-12-26,134.24,136.27,134.24,135.32,135.2425,141.6039522712987,128.8810477287013,52.33404033731299,45.97999657913422,0,0,,,,142.23366666666658,143.65600333333325,140.8113299999999,,1.837009610246887,0.057304471597308115,0.11961279980270412,0,51.29697293872439,47.753492535591654,,,,,-0.05404703402585875,-0.5968984648447986,-0.5428514308189398,-0.43569301702095153,51.29697293872439,,,,,51.29697293872439,,51.29697293872439,,2.6675522635498212,24.836790305815963,-12.418395152907982,0
2024-12-27,133.59,134.5,132.16,133.385,134.99775,141.2486095208983,128.7468904791017,48.83212443190721,49.284065194789264,0,0,,,,142.18413333333325,143.60597466666658,140.76229199999992,,0.6903423781143392,-1.194649540455306,-1.3272508707579567,0,47.54098728810021,47.46718117723839,,,,,-0.05214447534152844,-0.6080320249958504,-0.555887549654322,-0.37052824218992214,47.54098728810021,,,,,,,,,2.4687471786870234,24.823862979001934,-12.411931489500967,0
2024-12-30,131.31,132.61,129.85,131.81,134.78275,141.16031025059903,128.40518974940096,43.219051400313624,48.12840538984461,0,0,,,,142.11417777777768,143.53531955555547,140.6930359999999,,-0.5631560881586561,-2.205586397369097,-2.4262052373461684,0,44.67371754001072,46.9311030192379,,,,,-0.14366338868702,-0.735466785513097,-0.591803396826077,-0.3259666913861343,44.67371754001072,,,,,,,,,1.7474917111098838,24.810566773039227,-12.405283386519613,0
2024-12-31,132.46,133.19,131.27,131.41,134.47875,140.8906809689058,128.06681903109418,39.84516118413925,43.96544567212003,0,0,,,,142.02915555555546,143.44944711111103,140.6088639999999,,-0.8057972108471478,-2.2819590455741112,-2.6961386240030194,0,43.94876241795885,46.20816112130567,,,,,-0.2136263052520373,-0.8588362783911236,-0.6452099731390863,-0.22909373337430666,43.94876241795885,43.94876241795885,,43.94876241795885,,,,,,0.8477051324544957,24.79693905443324,-12.39846952721662,0
2025-01-02,131.87,134.23,130.41,131.48,134.17974999999998,140.56537328594763,127.79412671405233,37.983724508751976,40.34931236440161,0,0,,,,141.95753333333323,143.37710866666657,140.5379579999999,,-0.6959890937791813,-2.0120398197194356,-2.6272425987298953,0,44.119661915454614,45.42577526249579,,,,,-0.23592956939339926,-0.9401219348808354,-0.7041923654874361,-0.043475844825138,44.119661915454614,,,,,,,,,0.44064808637492564,24.783222350823014,-12.391611175411507,0
2025-01-03,131.98,136.36,131.94,135.71,134.01174999999998,140.0407393639018,127.98276063609816,51.40912871531183,43.07933813606768,0,0,,,,141.8771333333332,143.29590466666653,140.45836199999988,,1.870235740531534,1.267239626376071,0.3996207240521077,0,53.371606863390966,45.52575872103545,,,,,0.038827699937945215,-0.6556577405650046,-0.6944854405029498,0.3919719944699743,53.371606863390966,,,,,53.371606863390966,,53.371606863390966,,1.5152631374279875,24.769886679242102,-12.384943339621051,0
2025-01-06,137,138.1,134.58,135.2,133.95574999999997,139.91837968412946,127.99312031587048,61.847674436947514,50.4135092203371,0,0,,,,141.807711111111,143.2257882222221,140.3896339999999,,1.0436946716640083,0.928851505067918,0.023550910039205064,0,52.24839555898298,46.376942645933305,,,,,0.1827893038799444,-0.4659988106530193,-0.6487881145329637,0.42702698381354937,52.24839555898298,,,,,,,,,2.5485250558468713,24.75711243249013,-12.378556216245064,0
2025-01-07,135.35,136.765,130.8096,131.29,133.67424999999997,139.5818614251073,127.76663857489267,53.548295752489615,55.601699634916315,0,0,,,,141.73255555555542,143.14988111111097,140.31522999999987,,-1.6639016114716854,-1.7836269887431477,-2.82193149645642,0,44.51380739238126,46.487284380970266,,,,,0.019827342747056442,-0.6240039360991432,-0.6438312788461996,0.3127140329702569,44.51380739238126,,,,,,,,,2.5912334811931346,24.744384162654043,-12.372192081327022,0
2025-01-08,131.2,131.63,130.1,130.8,133.35074999999998,139.14278269587106,127.55871730412888,49.07879884759215,54.824923012343085,0,0,,,,141.6130444444443,143.02917488888875,140.19691399999988,,-1.7571794996977141,-1.9128126388490263,-3.028146302948076,0,43.64189698514933,46.52915157531546,,,,,-0.10875440786114177,-0.7797742886726269,-0.6710198808114851,0.1847488942794282,43.64189698514933,,,,,,,,,1.4321116614706624,24.731076124503286,-12.365538062251643,0
2025-01-10,131.3,133.05,128.8,129.63,132.91724999999997,138.4549150991242,127.37958490087573,43.3484635612267,48.658519387102814,0,0,,,,141.51135555555544,142.926469111111,140.09624199999988,,-2.242399333350953,-2.4731552902275467,-3.6264306787584744,0,41.54916374979869,46.91785958589334,,,,,-0.2521949788314034,-0.9862636043507393,-0.7340686255193359,-0.27293622686691404,41.54916374979869,,,,,,,,,0.12578577648734093,24.717404737475384,-12.358702368737692,0
2025-01-13,128.585,130.13,128.0835,128.85,132.41774999999998,137.51288932587042,127.32261067412955,37.55712200788058,43.32812813889981,0,0,,,,141.42557777777765,142.83983355555543,140.01132199999986,,-2.354184901842682,-2.694314017569388,-3.9487726787620137,0,40.16634275092639,46.92150027405074,,,,,-0.3719656865273966,-1.1990257336785817,-0.8270600471511851,-0.6814477435774047,40.16634275092639,,,,,,,,,-0.400114359359285,24.703687869628553,-12.351843934814276,0
2025-01-14,129.82,131.1,127.17,127.6,131.92424999999997,136.8763579097739,126.97214209022606,25.270116584627587,35.39190071791162,0,0,,,,141.32939999999988,142.7426939999999,139.91610599999987,,-2.875671725859752,-3.2778279959901124,-4.627485372103546,0,37.98456300030818,46.1125150554905,,,,,-0.49976852102919944,-1.4517706984376844,-0.9520021774084849,-0.7530029277252073,37.98456300030818,37.98456300030818,,37.98456300030818,,,,,,-1.1206424676128106,24.689981243082748,-12.344990621541374,0
2025-01-15,130.19,133.15,130.16,132.52,132.00274999999996,136.94034807498232,127.0651519250176,39.38212512163541,34.069787904714524,0,0,,,,141.2283333333332,142.64061666666655,139.81604999999988,,0.8147646615797699,0.39184789710824397,-0.8614401723628262,0,49.590946857865404,46.094766967388026,,,,,-0.23101204192877534,-1.240767229819454,-1.0097551878906788,-0.6434671785160875,49.590946857865404,,,,,,,,,-0.2906472516742564,24.676320076121332,-12.338160038060666,0
2025-01-16,132,132.95,129.82,132.16,132.00074999999998,136.93805926214367,127.06344073785628,42.88883000374129,35.84702390333476,0,0,,,,141.1372222222221,142.54859444444432,139.7258499999999,,0.4835619354642162,0.12064325392091568,-0.9991722464083641,0,48.870231790178174,45.96550407494495,,,,,-0.06421926821130652,-1.090029273154812,-1.0258100049435055,-0.5151227819307167,48.870231790178174,,,,,,,,,0.6468130934600513,24.662855680359066,-12.331427840179533,0
2025-01-17,134.17,135.62,132.69,135.12,132.14475,137.26613406585838,127.0233659341416,53.32802641211571,45.199660512497466,0,0,,,,141.07433333333321,142.48507666666654,139.66358999999989,,2.4505641150066593,2.251508289205595,1.277334649185824,0,54.6997860397298,46.2085621535882,,,,,0.2419420901042233,-0.7233823923132263,-0.9653244824174496,-0.16356416661594703,54.6997860397298,,,,,54.6997860397298,,54.6997860397298,,2.652933245644773,24.650314504938986,-12.325157252469493,0
2025-01-21,135.47,135.64,131.24,133.07,132.42124999999996,137.09599477913602,127.74650522086388,53.43903134736151,49.88529592107283,0,0,,,,140.9899333333332,142.39983266666653,139.58003399999987,,1.0985838448914764,0.4899138167024031,-0.10947147173445693,0,50.41282631155168,46.41369351240616,,,,,0.29912956222739717,-0.5914125296332031,-0.8905420918606003,-0.021444711678494925,50.41282631155168,,,,,,,,,2.854160627090188,24.637922244285797,-12.318961122142898,0
2025-01-22,133,135,132.34,132.5,132.57874999999996,137.0361863427932,128.1213136572067,51.56668008199121,52.7779126138228,0,0,,,,140.89691111111097,142.30588022222207,139.48794199999986,,0.8724515431581592,-0.05939865928736854,-0.4421869658159494,0,49.25688340638988,46.741062502861816,,,,,0.29103552979454816,-0.5267476796174151,-0.8177832094119633,0.003262219316041821,49.25688340638988,,,,,,,,,3.0052753064304305,24.625650632264662,-12.312825316132331,0
2025-01-23,132.4,133.64,131.775,133.24,132.53024999999997,136.9364484465123,128.12405155348765,54.19970486039524,53.06847209658264,0,0,,,,140.7892222222221,142.1971144444443,139.38132999999988,,1.2854525690046747,0.5355381129968695,0.20619332033924298,0,50.83307825497014,47.232799348362626,,,,,0.3253864283320749,-0.4110501739968697,-0.7364366023289446,0.03634332612415504,50.83307825497014,,,,,,,,,2.584261766203718,24.613122915203157,-12.306561457601578,0
2025-01-24,132.61,132.72,126.72,127.09,132.15874999999994,137.0567065892396,127.26079341076027,33.19781023376118,46.3213983920492,0,0,,,,140.64419999999984,142.05064199999984,139.23775799999984,,-3.1163762216225632,-3.8353495322859366,-4.174505095135562,0,39.775171839318446,46.92247862863861,,,,,-0.05590506874939849,-0.8063179382656926,-0.7504128695162942,-0.21703225686673663,39.775171839318446,39.775171839318446,39.775171839318446,39.775171839318446,,,,,,1.131203493117913,24.599913056801014,-12.299956528400507,0
2025-01-27,125.94,129.06,125.64,128.96,131.85724999999996,136.76332528988877,126.95117471011115,31.944187219901544,39.78056743801932,0,0,,,,140.5147333333332,141.91988066666653,139.10958599999987,,-1.6405946106734293,-2.1972625699382964,-2.5357385333754645,0,43.779867691042575,46.2373544020423,,,,,-0.16578015396445545,-0.9576380619718634,-0.791857908007408,-0.14976931736364424,43.779867691042575,,,,,,,,,0.3062720402767482,24.586494934701697,-12.293247467350849,0
2025-01-28,128.67,131.42,126.86,131.05,131.64374999999995,136.29342189703485,126.99407810296506,34.940704349951915,33.36090060120487,0,0,,,,140.3890444444443,141.79293488888874,138.98515399999985,,-0.2139631922394858,-0.45102786877458945,-0.7614222807834192,0,47.94603891088619,45.93004321289253,,,,,-0.0853591243597579,-0.8985568134571054,-0.8131976890973475,0.05403486147484669,47.94603891088619,,,,,,,,,-0.1666945969412413,24.573022188646494,-12.286511094323247,0
2025-01-29,131.42,134.05,130.89,132.58,131.60349999999997,136.20587884143012,127.00112115856983,41.39001618363057,36.091635917828,0,0,,,,140.24997777777762,141.6524775555554,138.84747799999982,,0.5696773850973225,0.7420015425122051,0.5212578425612291,0,50.81926683092048,46.38043317278819,,,,,0.07457667907720844,-0.7199768402508369,-0.7945535193280453,0.1512459129508856,50.81926683092048,,,,,,,,,1.30424954121483,24.559940406147213,-12.279970203073606,0
2025-01-30,133.56,134.3714,130.85,131.79,131.60249999999996,136.20470762244196,127.00029237755795,48.632362066089854,41.65436086655743,0,0,,,,140.10886666666653,141.5099553333332,138.70777799999985,,0.025805276420021173,0.14247449706503712,-0.09892321511818514,0,49.30592935213127,46.7850069132869,,,,,0.127739747803569,-0.6348788345735841,-0.7626185823771531,0.17007779617620467,49.30592935213127,,,,,,,,,2.072522441176219,24.547225200602714,-12.273612600301357,0
2025-01-31,132.28,134.45,130.57,131.17,131.59049999999996,136.19590323968168,126.98509676031824,49.85518029049655,46.62585284673898,0,0,,,,139.95891111111095,141.35850022222206,138.55932199999984,,-0.36990057497898743,-0.3195519433393579,-0.5430187901940386,0,48.095441079911694,47.25259815115212,,,,,0.12175069715920772,-0.6104302109281434,-0.7321809080873511,0.08329073185316624,48.095441079911694,,,,,,,,,2.134507195506326,24.534562063654956,-12.267281031827478,0
2025-02-03,129.19,130.955,127.515,129.78,131.50549999999996,136.17818434629123,126.83281565370868,43.43073737237804,47.30609324298814,0,0,,,,139.81131111111097,141.20942422222208,138.41319799999985,,-1.0242291588813957,-1.3121124211534552,-1.5357379951316252,0,45.404125961653826,47.62672552334693,,,,,0.02958310438537559,-0.6952020276056317,-0.7247851319910072,-0.14041392830069307,45.404125961653826,,,,,,,,,1.447512033027145,24.52159782365782,-12.26079891182891,0
2025-02-04,129.58,131.49,129.08,130.74,131.25699999999998,135.51946454531628,126.99453545468366,43.13100756985274,45.4723084109091,0,0,,,,139.65162222222207,141.0481384444443,138.25510599999984,,-0.11460004584004091,-0.39388375477115156,-0.8875945240787386,0,47.58561121223919,48.312514681342,,,,,0.03813613256611037,-0.6771149662833693,-0.7152510988494797,-0.4509848064305288,47.58561121223919,,,,,,,,,1.1973819258799239,24.508558415552375,-12.254279207776188,0
2025-02-05,130.27,130.34,128.1,129.6,130.97699999999998,134.88784185311368,127.06615814688627,38.084593013469856,41.548779318566865,0,0,,,,139.4953555555554,140.89030911111095,138.10040199999983,,-0.7656967840735662,-1.0513296227581792,-1.7580210103409044,0,45.27225309556907,48.00403655546369,,,,,-0.024733483169324,-0.7461679528111347,-0.7214344696418107,-0.4906197532680392,45.27225309556907,45.27225309556907,,45.27225309556907,,,,,,0.7866936473525956,24.49540710865145,-12.247703554325724,0
2025-02-06,130.16,133.19,130.15,132.57,131.04099999999997,135.01167198343913,127.07032801656082,49.89479035045666,43.70346364459308,0,0,,,,139.34482222222206,140.73827044444428,137.95137399999984,,1.560524924731621,1.1668103875886349,0.5350189019789564,0,51.84097909726554,48.21623279168422,,,,,0.13327327162093394,-0.5548428801156433,-0.6881161517365773,-0.36144600446586783,51.84097909726554,,,,,,,,,1.4903764333091638,24.482522238759813,-12.241261119379907,0
2025-02-07,134.7,139.5,133.9056,134.98,131.24999999999994,135.5723882287562,126.92761177124366,64.13173202093648,50.70370512828767,0,0,,,,139.2307777777776,140.62308555555538,137.83846999999983,,2.7855195626018014,2.841904761904801,2.3507511257091496,0,56.41269154489065,48.338583184909986,,,,,0.38539643270807833,-0.20637061085147934,-0.5917670435595577,0.0994201393800361,56.41269154489065,,,,,,,,,2.3266014812610343,24.47006312616751,-12.235031563083755,0
2025-02-10,136.3,136.36,133.16,135.24,131.53049999999996,136.11607073874964,126.9449292612503,67.97135474116577,60.665959037519634,0,0,,,,139.1124666666665,140.50359133333316,137.72134199999985,,2.493368700265197,2.820258419149968,2.541420824966645,0,56.888178512879,48.80110834214766,,,,,0.5452068475705694,0.08974151590365409,-0.4554653316669153,0.40023063744003246,56.888178512879,,,,,,,,,3.4647153509573454,24.45837345467112,-12.22918672733556,0
2025-02-11,134.91,136.25,134.09,134.52,131.81399999999996,136.4027226981024,127.22527730189753,69.55979521867422,67.22096066025883,0,0,,,,138.9912666666665,140.38117933333317,137.60135399999982,,1.680310211115832,2.0528927124584984,2.016130561232865,0,55.09575538048952,49.21817062601191,,,,,0.5749959482423043,0.26327960363596503,-0.31171634460633924,0.5859882402100268,55.09575538048952,,,,,,,,,3.606575379072804,24.446809595800236,-12.223404797900118,0
2025-02-12,133.07,141.2,132.79,140.52,132.45999999999998,138.02726503770634,126.89273496229362,80.91621555997938,72.81578850660647,0,0,,,,138.8837555555554,140.27259311111098,137.49491799999984,,5.581895094333911,6.084855805526224,6.374495960110882,0,64.99411113616031,50.229672974668354,,,,,0.9492727830083145,0.8748746341540539,-0.07439814885426063,0.7973857825358779,64.99411113616031,,,,,,,,,4.840860568188621,24.436363550155708,-12.218181775077854,0
2025-02-13,139.64,141.94,138.76,141.04,132.88599999999997,139.59354023469635,126.1784597653036,84.72444899692287,78.40015325852549,0,0,,,,138.76313333333317,140.1507646666665,137.37550199999984,,5.2411652340018655,6.136086570443866,6.520048033714265,0,65.69979335839685,52.081431654602525,,,,,1.1679632631151347,1.3855559300396578,0.2175926669245231,0.8035780357424538,65.69979335839685,,,,,,,,,6.115912040457058,24.42734952031564,-12.21367476015782,0
2025-02-14,158.185,163.93,156.93,161.42,134.34899999999996,148.46147802478697,120.23652197521295,92.5881434638434,86.07626934024854,0,0,,,,138.73451111111092,140.12185622222202,137.34716599999982,,17.78956662604616,20.149759209223774,20.997846195361603,0,81.46787396837532,54.77343210298344,,,,,2.5424278928816033,3.395627533026527,0.8531996401449239,0.7037775361271279,81.46787396837532,,,,,81.46787396837532,,81.46787396837532,,12.416863572090541,24.42957474611723,-12.214787373058615,0
2025-02-18,161.04,162.5761,158.07,160.6,135.62299999999996,153.79918892947785,117.44681107052207,90.85974836699548,89.39078027592059,0,0,,,,138.70166666666648,140.08868333333314,137.31464999999983,,14.613589489234414,18.41649277777371,19.51361085892036,0,79.87677579382247,57.05419902319318,,,,,3.2105284811184545,4.866360241542992,1.6558317604245376,0.7805538007595463,79.87677579382247,,,,,,,,,16.88241026874153,24.443951257050855,-12.221975628525428,0
2025-02-19,160,160,155.21,157.98,136.86849999999995,157.43138625169348,116.30561374830644,85.72345692579981,89.72378291887958,0,1,,,,138.65984444444427,140.04644288888872,137.27324599999983,,10.59385216350357,15.424659435881916,16.91800641896979,0,74.84690788362343,58.77045909838625,,,,,3.2786815971474277,5.754183756858822,2.4755021597113944,0.8499706886663669,74.84690788362343,,,,,,,,,20.52614387672893,24.47074988356722,-12.23537494178361,0
2025-02-20,156.32,157.75,152.47,155.31,138.00899999999996,159.95963452386005,116.05836547613987,82.20472277370571,86.26264268883368,0,0,,,,138.61051111111095,139.99661622222206,137.22440599999985,,6.80245911785331,12.536138947459975,14.374576554107833,0,70.00871880139762,60.249229773333845,,,,,2.9565628997906988,6.171205784449768,3.214642884659069,0.8846415121030969,70.00871880139762,,,,,,,,,18.6170854147323,24.49054604225178,-12.24527302112589,0
2025-02-21,154.565,154.565,145.75,146.07,138.65049999999994,160.75551162632829,116.5454883736716,70.74201116194797,79.55673028715117,0,0,,,,138.52655555555538,139.91182111111092,137.14128999999983,,-0.47558050801268514,5.351224842319402,7.181117769353085,0,56.41725283369848,60.843644898604325,,,,,1.980694728834739,5.690511295702493,3.7098165668677536,0.8407398599880361,56.41725283369848,,,,,,,,,14.694983419298538,24.498229011344602,-12.249114505672301,0
2025-02-24,147,147.07,143.88,144.82,139.53699999999998,161.13263668892537,117.9413633110746,62.88532333801817,71.94401909122395,0,0,,,,138.44411111111094,139.82855222222204,137.05966999999984,,-1.9844063024528125,3.786092577595923,5.9007634332069125,0,54.865452424501065,61.519453931664835,,,,,1.1516144050887456,5.1493345732286855,3.99772016813994,0.7580872263981825,54.865452424501065,,,,,,,,,11.187782113859305,24.497442331014152,-12.248721165507076,0
2025-02-25,144.785,145.16,140.4,141.55,140.16649999999996,161.21934519964188,119.11365480035805,53.91418061553837,62.513838371834844,0,0,,,,138.36162222222205,139.74523844444428,136.97800599999982,,-4.604974963439245,0.9870404126521404,3.209671303992767,0,50.919680147566446,61.75760171275964,,,,,0.3264631776932978,4.405799140256562,4.079335962563264,0.6192340259585288,50.919680147566446,,,,,,,,,7.560019598766059,24.490223153407698,-12.245111576703849,0
2025-02-26,143.16,145.13,142.2201,144.03,140.81549999999996,161.50126077885682,120.1297392211431,50.90355172086487,55.90101855814047,0,0,,,,138.2935777777776,139.6765135555554,136.91064199999983,,-3.551769858170317,2.282774268457688,4.631903177532104,0,53.64263479566874,62.35548611990961,,,,,-0.08676208605815017,3.970883354990576,4.057645441048726,0.471440003423106,53.64263479566874,,,,,,,,,6.875057223737856,24.482055783771578,-12.241027891885789,0
2025-02-27,144.63,145.69,139.05,139.45,141.15899999999993,161.51181199245295,120.80618800754692,43.458781957375535,49.42550476459292,0,0,,,,138.20739999999984,139.58947399999983,136.82532599999985,,-6.551763420828694,-1.2106914897384802,1.0148570435135396,0,48.31191608402927,62.103410190392744,,,,,-0.6704931431897925,3.2195290120614857,3.890022155251278,0.24460619591750019,48.31191608402927,,,,,,,,,5.375681395505821,24.472106393360836,-12.236053196680418,0
2025-02-28,139.5,140.16,137.59,138.87,141.51299999999995,161.44357861679183,121.58242138320807,37.69422625835897,44.01885331219979,0,0,,,,138.10562222222205,139.48667844444427,136.72456599999984,,-6.804912421985132,-1.8676729346420062,0.44071343500926563,0,47.66591859308001,61.47864069383484,,,,,-1.0736949370105133,2.5479034839881365,3.62159842099865,0.007310770263186267,47.66591859308001,47.66591859308001,,47.66591859308001,,,,,,4.569281070829253,24.461371285992275,-12.230685642996137,0
2025-03-03,140.34,144.75,139.9012,140.98,142.00349999999995,161.36652897276468,122.64047102723521,38.20162694994396,39.784878388559484,0,0,,,,138.01988888888872,139.4000877777776,136.63968999999983,,-4.0730509097342775,-0.7207568827528599,1.7504522883867946,0,50.2710236026404,61.00598677167494,,,,,-1.168491298112393,2.1609842983581586,3.3294755964705516,-0.2233120538888411,50.2710236026404,,,,,,,,,3.6772280436539977,24.44990272241691,-12.224951361208454,0
2025-03-04,139.995,143.23,137.82,141.42,142.58549999999994,161.1261930560897,124.04480694391017,37.40797604415456,37.7679430841525,0,0,,,,137.9254888888887,139.3047437777776,136.54623399999983,,-2.5012409685070236,-0.8174042942655113,1.9135514804441422,0,50.82078860981972,60.70063200234138,,,,,-1.168927997445297,1.86831559966393,3.037243597109227,-0.5015254600511251,50.82078860981972,,,,,,,,,4.03966028441063,24.4387359092561,-12.21936795462805,0
2025-03-05,141.87,142.79,139.21,142.58,143.17749999999992,160.90579024469443,125.4492097553054,40.9865114124025,38.86537146883367,0,0,,,,137.84682222222204,139.22529044444425,136.46835399999983,,-0.6466538450818682,-0.41731417296706486,2.515308751453027,0,52.31742823864283,59.795154652518704,,,,,-1.0615860550264777,1.71026102832613,2.7718470833526077,-0.6724786267798718,52.31742823864283,,,,,,,,,4.831841374361612,24.428287978084985,-12.214143989042492,0
2025-03-06,140.325,140.325,134.61,134.77,143.43599999999995,160.50329316558705,126.36870683441285,27.38566961530431,35.26005235728712,0,0,,,,137.71059999999983,139.08770599999983,136.33349399999983,,-4.725211022664666,-6.041718954795128,-3.1527862946496676,0,42.86013343765997,58.16375037246606,,,,,-1.4623424650609396,0.9439190020264334,2.406261467087373,-0.8926837918671026,42.86013343765997,,,,,,,,,3.184255645351875,24.416513516473998,-12.208256758236999,0
2025-03-07,134.71,134.73,130.37,134.39,143.52699999999993,160.37963789441085,126.674362105589,23.58004230232744,30.650741110011413,0,0,,,,137.5995777777776,138.97557355555537,136.22358199999982,,-4.202842764067761,-6.366049593456246,-3.452454219120782,0,42.45797511212256,55.377329025590875,,,,,-1.6830585492351453,0.30243828054344135,1.9854968297785867,-0.8817355233745443,42.45797511212256,,,,,,,,,1.3501527638120552,24.40382547691515,-12.201912738457574,0
2025-03-10,134.57,135.94,130.2,132.15,143.38549999999992,160.56712678561456,126.20387321438527,20.66203192586279,23.875914614498175,0,0,,,,137.4953555555554,138.87030911111094,136.12040199999984,,-4.941051223214132,-7.835869038361565,-5.176599464712384,0,40.07112998791351,52.53406861088309,,,,,-1.8942233670918114,-0.38228237908617757,1.5119409880056338,-0.8794397915779246,40.07112998791351,,,,,,,,,-1.3000337542155767,24.390852369391776,-12.195426184695888,0
2025-03-11,129.98,130.7686,123.7,125.44,142.8954999999999,161.4800704550885,124.31092954491132,16.847358187648776,20.363144138613,0,0,,,,137.35659999999982,138.73016599999983,135.9830339999998,,-8.70982766651146,-12.21557011942288,-9.915473941987951,0,33.91969923427219,49.61069656450086,,,,,-2.369279666623413,-1.4496585952736325,0.9196210713497806,-0.8823270522415386,33.91969923427219,,,,,,,,,-3.633634104054913,24.37864643248169,-12.189323216240846,0
2025-03-12,127,127.48,123.531,126.55,142.49699999999993,162.096906224269,122.89709377573087,17.10056415286991,18.20331808879382,0,0,,,,137.2151777777776,138.58732955555539,135.8430259999998,,-6.715317706029844,-11.19111279535705,-9.020323946598385,0,35.67877284531383,47.15855756763773,,,,,-2.4803805995562014,-2.1808546780954714,0.2995259214607301,-0.8905174801508735,35.67877284531383,,,,,,,,,-5.589821637293354,24.36781495363248,-12.18390747681624,0
2025-03-13,124.99,126.22,119.15,119.38,141.4399999999999,163.48052540208948,119.39947459791036,13.700507696255222,15.882810012257963,0,0,,,,137.03419999999983,138.40454199999982,135.66385799999983,,-10.679146745677293,-15.596719457013531,-13.902651867558069,0,30.104109474342962,45.27904732768377,,,,,-2.8802942324965124,-3.3008418691599104,-0.420547636663398,-0.8913942398277158,30.104109474342962,30.104109474342962,,30.104109474342962,,,,,,-8.724188154568663,24.360556525194962,-12.180278262597481,0
2025-03-14,121.88,124.45,121.57,122.86,140.53099999999992,164.01484372286876,117.04715627713108,16.44635387063857,15.749141906587894,1,0,,,,136.89131111111095,138.26022422222206,135.52239799999984,,-6.960894193196676,-12.574449765532114,-11.202231869672662,0,35.38140057690387,43.88732933856968,,,,,-2.7540430442674753,-3.863101441997742,-1.1090583977302668,-0.9043275304771977,35.38140057690387,,,,,,,,,-9.362489315400127,24.354232266009458,-12.177116133004729,0
2025-03-17,123.9,128,123.75,126.94,138.80699999999996,160.9265660897791,116.68743391022083,24.475031639454826,18.207297735449533,0,0,,,,136.75944444444428,138.12703888888873,135.39184999999983,,-2.83816055354853,-8.54928065587468,-8.159795492638445,0,41.00530547266127,43.1791597189336,,,,,-2.260052616069048,-3.9341241678165773,-1.674071551747529,-0.90162968600614,41.00530547266127,,,,,,,,,-9.260790782125794,24.34775266349396,-12.17387633174698,0
2025-03-18,126,126.07,123,124.56,137.00499999999994,157.54507838349528,116.4649216165046,23.791411444231823,21.5709323181084,0,0,,,,136.59771111111093,137.96368822222203,135.23173399999982,,-3.413408600983292,-9.083610087223049,-9.768117971762669,0,38.87959720589265,42.12465703394958,,,,,-1.9685771422658846,-4.134792979579885,-2.166215837314,-0.8855808857091583,38.87959720589265,,,,,,,,,-8.004287287543741,24.339531496748727,-12.169765748374363,0
2025-03-19,125.1,127.08,124.12,126,135.40599999999995,154.05806412170278,116.7539358782971,27.885368412842993,25.383937165509877,0,0,,,,136.4339777777776,137.7983175555554,135.06963799999983,,-1.024319738578594,-6.946516402522751,-8.620385389898432,0,40.87666475023898,41.59356765296456,,,,,-1.57104348319525,-4.130020191308063,-2.5589767081128127,-0.8667609652794633,40.87666475023898,,,,,,,,,-7.249993959313934,24.330404062342897,-12.165202031171448,0
2025-03-20,124.7,127.77,124.36,126.15,133.94799999999995,150.60024621485408,117.29575378514583,31.78099820896987,27.819259355348223,0,0,,,,136.2701555555554,137.63285711111095,134.90745399999983,,-0.23093592319013423,-5.82166213754588,-8.435233260910568,0,41.09258330971975,41.12404370415311,,,,,-1.2066180400263047,-4.067249258145694,-2.860631218119389,-0.8324712462899443,41.09258330971975,,,,,,,,,-7.478364295489546,24.321549506745146,-12.160774753372573,0
2025-03-21,124.655,129.25,123.3,128.8,133.08449999999996,148.90305173522833,117.2659482647716,36.18365711396186,31.950007911924903,0,0,,,,136.1126888888887,137.4738157777776,134.7515619999998,,2.3172310796532702,-3.219383173848156,-6.426404027733035,0,44.91965830527905,40.74180332577016,,,,,-0.7197536829561315,-3.7603233218145533,-3.040569638858422,-0.7229421398063647,44.91965830527905,,,,,,,,,-6.46055020951579,24.31159302479124,-12.15579651239562,0
2025-03-24,130.245,130.72,128.69,129.82,132.33449999999996,147.25306491087898,117.41593508912095,41.63216075404372,36.53227202565848,0,0,,,,135.96855555555538,137.32824111111094,134.60886999999983,,3.3187425387981584,-1.9001091929919833,-5.5673692658715135,0,46.36407257636454,40.42346646623764,,,,,-0.2840515485795718,-3.395634074582887,-3.111582526003315,-0.54757333260064,46.36407257636454,,,,,,,,,-5.552344554406791,24.300811119136906,-12.150405559568453,0
2025-03-25,129.55,130.76,128.55,129.88,131.75099999999995,146.08353348156274,117.41846651843716,48.62680324593973,42.1475403713151,0,0,,,,135.84104444444426,137.1994548888887,134.48263399999982,,3.002521928085322,-1.4201030732214237,-5.400779343748852,0,46.45302664871536,40.00458063838568,,,,,0.03612532361395093,-3.066425871485876,-3.102551195099827,-0.26148190099884333,46.45302664871536,,,,,46.45302664871536,,46.45302664871536,,-4.658165382322101,24.28936045949101,-12.144680229745505,0
2025-03-26,129.97,131,127.85,128.64,130.98149999999993,144.20397673471751,117.75902326528235,50.23621586199808,46.83172662066051,0,0,,,,135.71873333333315,137.0759206666665,134.3615459999998,,1.8503123441247604,-1.787657035535506,-6.169993945980645,0,44.79940039001777,40.14309970641124,,,,,0.18406369897690444,-2.8724715713786964,-3.056535270355601,-0.008850493394854926,44.79940039001777,,,,,,,,,-4.722164667527181,24.277969834940297,-12.138984917470149,0
2025-03-27,126.015,127.09,123.43,125.65,130.29149999999996,143.10833935298055,117.47466064701938,44.94029179418945,47.93443696737575,0,0,,,,135.5734888888887,136.9292237777776,134.21775399999981,,-1.0084298432207484,-3.562396626026987,-8.018349967057892,0,41.0085875571335,40.039572023912015,,,,,0.10419071716440076,-2.9262968739000996,-3.0304875910645004,0.23620239847057786,41.0085875571335,,,,,,,,,-5.745591888281777,24.26739633090729,-12.133698165453644,0
2025-03-28,125.54,125.54,119.94,120.69,129.38249999999996,142.21549945453503,116.5495005454649,38.34459578057123,44.50703447891959,0,0,,,,135.40006666666648,136.75406733333315,134.0460659999998,,-4.753261307048295,-6.718451104283785,-11.208386978112916,0,35.62350937130428,39.721884837011366,,,,,-0.2402412056366523,-3.3307890981103156,-3.0905478924736633,0.25658119214095376,35.62350937130428,,,,,,,,,-7.970628947075805,24.259200321944565,-12.129600160972283,0
2025-03-31,118.81,119.95,115.68,119.46,128.30649999999997,140.66957287853973,115.94342712146022,34.74430686493062,39.343064813230434,0,0,,,,135.21099999999984,136.56310999999985,133.85888999999983,,-5.164132894057937,-6.894818267196112,-11.1995420970863,0,34.41654999325259,39.757374176938534,,,,,-0.4938504124075864,-3.7078609079831466,-3.21401049557556,-0.00010254493524196461,34.41654999325259,34.41654999325259,34.41654999325259,34.41654999325259,,,,,,-10.160989230429136,24.254168037482437,-12.127084018741218,0
2025-04-01,119.67,121.35,117.8,121.18,127.29449999999994,138.45306706751037,116.13593293248951,34.891210820660085,35.993371155387315,0,0,,,,135.03931111111095,136.38970422222206,133.68891799999983,,-3.539844141784876,-4.8034282706636455,-9.032446945603112,0,37.60035241329183,39.89462986036553,,,,,-0.4878513933633406,-3.823824737279736,-3.3359733439163954,-0.09156833093702493,37.60035241329183,,,,,,,,,-11.193288102913533,24.25090200185218,-12.12545100092609,0
2025-04-02,119.48,124.59,119.08,122.8,126.30549999999997,135.1322739860102,117.47872601398973,35.75365025781232,35.12972264780101,0,0,,,,134.88331111111094,136.23214422222205,133.53447799999984,,-2.0006863144118703,-2.7754135805645563,-6.997644647189338,0,40.52875081717206,40.63924709913904,,,,,-0.32471930069052446,-3.741872469779551,-3.4171531690890267,-0.40119784584022244,40.52875081717206,,,,,,,,,-10.61558398460995,24.24660980825248,-12.12330490412624,0
2025-04-03,116.62,117.18,111.8,113.97,125.26549999999995,134.73592232427524,115.79507767572466,25.558018187579727,32.06762642201738,0,0,,,,134.7362888888887,136.0836517777776,133.38892599999983,,-8.154630950366348,-9.017247366593317,-12.774723522583775,0,31.775477608078916,40.381681172794394,,,,,-0.7378053814261132,-4.339409895871668,-3.601604514445555,-0.6711635323657679,31.775477608078916,,,,,,,,,-11.89600591833026,24.24462628936405,-12.122313144682025,0
2025-04-04,109.26,110.42,104.73,106.66,123.87899999999998,135.47990496470388,112.27809503529608,19.7804567675858,27.030708404325953,0,0,,,,134.56002222222205,135.90562244444428,133.21442199999981,,-12.484102564102628,-13.899853889682657,-17.54027893744008,0,26.644935107978895,39.35594043245994,,,,,-1.3917147383986612,-5.341247937443882,-3.9495331990452205,-0.7456277130044535,26.644935107978895,,,,,,,,,-15.32944655263239,24.250219594924243,-12.125109797462121,0
2025-04-07,103.01,110.91,99.88,106.3,122.58649999999997,135.85379554204982,109.31920445795012,17.729286841084196,21.02258726541658,0,0,,,,134.3696666666665,135.71336333333315,133.02596999999983,,-11.063142658735215,-13.285720695182569,-16.994627686156917,0,26.418703898671154,38.465876624801254,,,,,-1.7155836874313763,-6.0940128083344405,-4.378429120903064,-0.8463055422379461,26.418703898671154,,,,,,,,,-19.179927688138605,24.266666347370148,-12.133333173685074,0
2025-04-08,110.74,112.97,104.15,105.69,121.59899999999996,136.68509810388719,106.51290189611274,15.919616254469698,17.809786621046566,0,0,,,,134.18739999999983,135.52927399999982,132.84552599999984,,-9.746891651865075,-13.083166802358548,-16.69337845435962,0,26.015630421286858,37.40437417273325,,,,,-1.8276562109401198,-6.662999384578214,-4.835343173638094,-0.9058380526702005,26.015630421286858,26.015630421286858,,26.015630421286858,,,,,,-20.989914868752024,24.288995328506147,-12.144497664253073,0
2025-04-09,105.73,123.295,105.39,121.32,121.33749999999995,136.25158445061658,106.42341554938334,36.14422064707225,23.264374580875383,1,0,,,,134.07859999999982,135.41938599999983,132.73781399999982,,4.251881895988641,-0.014422581642081767,-3.7995427332919274,0,47.93515466783827,37.89312926974172,,,,,-0.7605393526352255,-5.786017364432126,-5.025478011796901,-0.8181389408542526,47.93515466783827,,,,,47.93515466783827,,47.93515466783827,,-17.143676388792013,24.299167445497925,-12.149583722748963,0
2025-04-10,117.61,118.5,110.06,113.91,121.06399999999996,136.30860219225465,105.81939780774526,35.75385200933992,29.27256297029396,0,0,,,,133.9306888888887,135.2699957777776,132.5913819999998,,-1.1180749665793632,-5.909271129320004,-9.061394801759526,0,41.636985282715095,37.65865262527286,,,,,-0.4788950148764952,-5.62409678039252,-5.145201765516025,-0.7862118992677101,41.636985282715095,,,,,,,,,-15.092274107829844,24.30390512983731,-12.151952564918655,0
2025-04-11,113.87,115.43,111.59,114.54,120.64799999999998,136.12614795122735,105.16985204877261,38.37848300430127,36.75885188690449,0,0,,,,133.7923777777776,135.13030155555538,132.45445399999983,,-0.037527381897906054,-5.062661627213028,-7.9625443286156505,0,42.33074893062613,37.37055807914869,,,,,-0.1901483817417411,-5.382887242693201,-5.19273886095146,-0.7183101240654202,42.33074893062613,,,,,,,,,-12.763712476805145,24.303393497486724,-12.151696748743362,0
2025-04-14,117.3,118.29,112.55,113.22,119.96199999999996,135.4799851784984,104.44401482150154,40.1045142097831,38.078949741141436,0,0,,,,133.64504444444427,134.9814948888887,132.30859399999983,,-0.6484788388807394,-5.620113035794638,-8.341698779184604,0,41.225009858540254,36.99712830842189,,,,,-0.03609780091912107,-5.2378611121003615,-5.2017633111812405,-0.6385956263114836,41.225009858540254,,,,,,,,,-14.676411799640455,24.30705492487836,-12.15352746243918,0
2025-04-15,114.225,115.71,113.52,114.64,119.46599999999998,134.99855342820578,103.93344657179418,40.71853495432185,39.73384405613541,0,0,,,,133.51411111111094,134.84925222222205,132.17896999999982,,1.1782357354043427,-4.039643078365374,-6.516550963049128,0,42.951407115157636,36.86512878878902,,,,,0.20039499085770718,-4.951269572609107,-5.151664563466814,-0.5059393903061316,42.951407115157636,,,,,,,,,-14.399576914949288,24.31002983181745,-12.155014915908724,0
2025-04-16,113.58,115.62,111.03,112.64,118.79799999999997,134.29817883768027,103.29782116231966,38.92284776390766,39.91529897600421,0,0,,,,133.38046666666648,134.71427133333316,132.0466619999998,,0.31258627292067853,-5.183588949308893,-7.393806522334867,0,41.11942374652453,36.87304565945981,,,,,0.25745046938253946,-4.829851476738639,-5.087301946121179,-0.38842042840228036,41.11942374652453,,,,,,,,,-14.7784669503219,24.3138496106203,-12.15692480531015,0
2025-04-17,113.75,114,111.86,112.7,118.12549999999996,133.45759897568138,102.79340102431853,39.15088513188833,39.597422616705956,0,0,,,,133.25451111111093,134.58705622222203,131.92196599999983,,0.4796633440914855,-4.592996431761098,-6.780665742101433,0,41.20044968563448,37.27139853905483,,,,,0.32992477954325583,-4.674895971692109,-5.004820751235365,-0.30319056106572084,41.20044968563448,,,,,,,,,-14.811052923245347,24.317703907551582,-12.158851953775791,0
2025-04-21,111.32,113.4,109.79,111.61,117.26599999999999,132.02471457817575,102.50728542182422,38.65431393262489,38.909348942806965,0,0,,,,133.1084666666665,134.43955133333316,131.77738199999982,,-0.9293696796471629,-4.823222417409989,-7.09876115034056,0,40.12031893752713,37.67881060650301,,,,,0.3341218128643906,-4.587168485154876,-4.921290298019267,-0.23643663128030054,40.12031893752713,40.12031893752713,,40.12031893752713,,,,,,-15.463364164389953,24.323090865753112,-12.161545432876556,0
2025-04-22,112.59,115.8,112.05,114.91,116.5205,130.12881139414645,102.91218860585356,46.56953444845634,41.45824450432319,0,0,,,,132.96579999999983,134.29545799999983,131.63614199999984,,1.226237248718176,-1.382160220733697,-3.8922080565165884,0,44.83557812103473,38.19561244277036,,,,,0.5747019693532893,-4.2029128363276556,-4.777614805680945,-0.016246199003038867,44.83557812103473,,,,,,,,,-14.788139357562892,24.32680299466992,-12.16340149733496,0
2025-04-23,119.7,122.32,116.72,118.28,115.94049999999997,128.13740366445836,103.7435963355416,54.15132113745912,46.45838983951345,0,0,,,,132.8398888888887,134.1682877777776,131.5114899999998,,3.052005192677898,2.0178453603357127,-0.8757594804106206,0,49.23216238426145,38.817284697562464,,,,,0.9539882530274699,-3.585129489396607,-4.539117742424077,0.4232391203669314,49.23216238426145,,,,,,,,,-13.28171537938686,24.327133062373594,-12.163566531186797,0
2025-04-24,118.86,121.89,118,121.71,115.59399999999998,126.6703791917787,104.51762080822127,62.55628394292195,54.425713176279146,0,0,,,,132.73406666666648,134.06140733333314,131.40672599999982,,6.004389632106921,5.290932055297004,2.136837011281423,0,53.31085652700214,40.35552604891412,,,,,1.401984763934509,-2.786636787505941,-4.18862155144045,0.6149221202676654,53.31085652700214,,,,,,,,,-10.661427693229312,24.322552117270355,-12.161276058635178,0
2025-04-25,121.43,123.09,120.8301,122.51,115.43699999999998,126.01665802850326,104.85734197149671,68.27585373118033,61.66115293718715,0,0,,,,132.63442222222204,133.96076644444426,131.30807799999982,,5.907880632110296,6.127151606504011,2.71824797934066,0,54.23438924629585,42.32620134450819,,,,,1.698526934042094,-2.0654628838878324,-3.7639898179299265,0.6272754536142392,54.23438924629585,,,,,,,,,-8.688592208661124,24.31505891837314,-12.15752945918657,0
2025-04-28,122.51,125.23,122.1099,123.3,115.56749999999997,126.46280151028778,104.67219848971216,77.41438504674987,69.41550757361739,0,0,,,,132.53242222222204,133.85774644444427,131.2070979999998,,5.789690438602424,6.690894931533542,3.3679103977107605,0,55.177269363884626,44.38038459202345,,,,,1.8800857638274815,-1.4138826131455744,-3.293968376973056,0.620103996475835,55.177269363884626,,,,,,,,,-7.3752661039219545,24.30600292386462,-12.15300146193231,0
2025-04-29,123.28,125.99,123.16,125.49,115.86899999999999,127.48815986636143,104.24984013363854,80.94454009396618,75.54492629063213,0,0,,,,132.4364666666665,133.76083133333316,131.11210199999982,,6.547007531053839,8.303342567899975,5.246531340245975,0,57.77440538803748,46.64886851821992,,,,,2.0651172832140112,-0.7125717729555419,-2.777689056169553,0.6080115780675037,57.77440538803748,,,,,57.77440538803748,,57.77440538803748,,-6.375709703302587,24.295960765731536,-12.147980382865768,0
2025-04-30,121.055,122.25,118.05,121.92,115.90599999999999,127.59706393789949,104.21493606210049,75.48744957139793,77.94879157070467,0,0,,,,132.33042222222204,133.65372644444426,131.00711799999982,,2.879998649868698,5.188687384604784,2.327949664138518,0,52.44020249767177,46.97065764892231,,,,,1.8703291955605694,-0.4397775617188415,-2.310106757279411,0.8400513421394924,52.44020249767177,,,,,,,,,-6.4622671963873115,24.286009355090542,-12.143004677545271,0
2025-05-01,121.92,125.08,121.9,124.01,115.9665,127.81115495487536,104.12184504512463,75.25969295846409,77.23056087460941,0,0,,,,132.22824444444427,133.55052688888873,130.90596199999982,,3.649159172210825,6.936054808931891,4.140073899899255,0,55.056366580094426,47.929184884449406,,,,,1.8046337686124936,-0.05431454651379397,-1.8589483151262876,0.8737209716617642,55.056366580094426,,,,,,,,,-6.2067756485085885,24.275839085371178,-12.137919542685589,0
2025-05-02,121.1,126.56,120.1335,125.26,116.53099999999999,129.00087714454557,104.0611228554544,78.54626591697918,76.43113614894708,0,0,,,,132.13313333333318,133.4544646666665,130.81180199999986,,3.6062861869312846,7.490710626356956,5.216001075175503,0,56.59424056873887,48.94800571574318,,,,,1.765575020285874,0.34802046023105504,-1.417554560054819,0.9082912862523717,56.59424056873887,,,,,,,,,-6.171611216268921,24.265649975552773,-12.132824987776386,0
2025-05-05,123.355,127.59,122.3,124.89,117.4425,129.55289863093145,105.33210136906854,75.91316756123467,76.57304214555933,0,0,,,,132.03011111111095,133.35041222222208,130.70980999999983,,2.1778970448668833,6.341401111182066,5.020181634712428,0,55.98359424932704,50.002190315085095,,,,,1.6378504322148113,0.6297584802136953,-1.008091952001116,0.9065347651570113,55.98359424932704,,,,,,,,,-5.337199792510141,24.254805603500767,-12.127402801750383,0
2025-05-06,123.145,124.5,121.57,121.67,118.21099999999998,129.3034603222217,107.11853967777829,71.41934358244026,75.29292568688471,0,0,,,,131.91419999999982,133.23334199999982,130.59505799999982,,-1.0040356701165765,2.9261236263968815,2.5467417719029717,0,50.84220252124846,50.565818558377295,,,,,1.275634013177824,0.5864505644711642,-0.6891834487066599,0.8533210787799437,50.84220252124846,50.84220252124846,,50.84220252124846,,,,,,-5.853533840279522,24.24437378339955,-12.122186891699775,0
2025-05-07,121.335,123.65,120.41,123.12,119.08249999999998,128.75044678305872,109.41455321694123,70.52725582508485,72.61992232291993,0,0,,,,131.7977555555554,133.11573311111096,130.47977799999984,,-0.21720102441088462,3.3905065815716284,3.9662903321145526,0,52.938174628589046,51.41001504995332,,,,,1.0805517026514755,0.6615061796076844,-0.41904552304379106,0.7895740798376479,52.938174628589046,,,,,,,,,-6.334409429203784,24.23436560193961,-12.117182800969806,0
2025-05-08,124.625,127.63,123.62,126.39,119.33599999999997,129.47950905752404,109.1924909424759,77.02525652078292,72.99061864276935,0,0,,,,131.7101555555554,133.02725711111094,130.39305399999984,,2.0459242991860638,5.911041094053782,6.795214114306969,0,57.35422047921613,52.56385582092344,,,,,1.114137702734535,0.9736266053743776,-0.14051109736015732,0.7607630543975529,57.35422047921613,,,,,,,,,-5.902249721297476,24.223998512663687,-12.111999256331844,0
2025-05-09,124.96,127.33,123.4,127.04,119.99249999999998,130.34377214404384,109.64122785595613,78.71750061862366,75.42333765483049,0,0,,,,131.62602222222205,132.94228244444426,130.30976199999984,,2.1969447103587836,5.873283746900881,7.30243283040013,0,58.19397806823228,53.854831473116676,,,,,1.1195463118499531,1.2589217924522842,0.13937548060233101,0.7471511065272647,58.19397806823228,,,,,,,,,-4.492184404665677,24.212655986695776,-12.106327993347888,0
2025-05-12,133.16,134.85,132.14,134.21,120.97599999999997,132.71317410623516,109.23882589376477,84.91477432161389,80.21917715367351,0,0,,,,131.55806666666672,132.8736473333334,130.24248600000004,,7.025518341307713,10.939359873032695,12.928604484833217,0,66.11935656101178,55.37510136168646,,,,,1.520549845552018,2.040062787542354,0.5195129419903356,0.7299621359794476,66.11935656101178,,,,,,,,,-1.6355989525978594,24.20035489787166,-12.10017744893583,0
2025-05-13,134.62,138.53,133.75,138.05,122.21749999999997,135.5542595389612,108.88074046103876,88.30205079488472,83.97810857837412,0,0,,,,131.51700000000005,132.83217000000005,130.20183000000006,,8.996020717534003,12.954364145887487,15.557180086720223,0,69.45873016573623,56.819856203220375,,,,,1.9325048849877189,2.935144048224984,1.0026391632372653,0.7266849324318945,69.45873016573623,,,,,69.45873016573623,,69.45873016573623,,1.4121011860233725,24.188545929456307,-12.094272964728153,0
2025-05-14,138.35,139.835,137.1,137.45,123.35799999999998,137.76592504145094,108.95007495854901,87.4026641500739,86.87316308885754,0,0,,,,131.4706444444445,132.78535088888896,130.15593800000005,,7.207762325577671,11.423661213703218,14.534985459181549,0,68.32554424595571,57.89233389743134,,,,,2.041973755271815,3.555106357327034,1.5131326020552192,0.7792508143326519,68.32554424595571,,,,,,,,,4.132688054875088,24.178493310914426,-12.089246655457213,0
2025-05-15,137.08,137.78,135.27,136.79,124.56549999999997,139.22376384672015,109.90723615327981,84.30284206128695,86.66918566874854,0,1,,,,131.4138444444445,132.72798288888893,130.09970600000005,,5.63994841180957,9.813712464526713,13.54379945769464,0,67.03009168981956,58.80631264339733,,,,,1.9476284847274452,3.9476682079645258,2.0000397232370806,0.8218076575758059,67.03009168981956,,,,,,,,,4.86376910310192,24.169130562807904,-12.084565281403952,0
2025-05-16,137.55,138.45,136.21,138,125.83049999999999,140.54114033276764,111.11985966723233,85.76276234871457,85.82275618669183,0,0,,,,131.36766666666674,132.68134333333342,130.05399000000006,,5.536054328125273,9.671343593167014,13.791596463115319,0,68.21974893671211,59.73791832717071,,,,,1.845382186285553,4.306767456094022,2.461385269808469,0.8604410781860408,68.21974893671211,,,,,,,,,4.866675581867462,24.159780153046423,-12.079890076523212,0
2025-05-19,135.31,137.37,135.03,136.6,127.07999999999997,140.9691986809918,113.19080131900812,80.31809049566426,83.46123163522196,0,0,,,,131.30406666666673,132.6171073333334,129.99102600000006,,3.538186338416671,7.4913440352534,11.717832052494837,0,65.28452194704778,60.274355224242875,,,,,1.5727734946950633,4.427352138177298,2.8545786434822347,0.8989917539432782,65.28452194704778,,,,,,,,,4.647295244906094,24.15022686625617,-12.075113433128084,0
2025-05-20,133.755,134.6,131.39,132.13,127.94099999999999,140.8026980216478,115.07930197835216,73.25634456283915,79.77906580240602,0,0,,,,131.2246444444445,132.53689088888893,129.91239800000005,,-0.6376994690852067,3.274165435630483,7.30644288034652,0,56.87085184207625,60.590830177414624,,,,,1.0081706567707385,4.114791964445658,3.1066213076749194,0.828030070454751,56.87085184207625,,,,,,,,,3.454082900998035,24.139671900515644,-12.069835950257822,0
2025-05-21,130.68,130.79,126.97,127.52,128.40299999999996,140.4834786329048,116.32252136709515,59.469945654381036,71.01479357096152,0,0,,,,131.11757777777783,132.4287535555556,129.80640200000005,,-4.42069286003397,-0.6876786367919552,2.9541179225099023,0,49.74979241794759,60.21178916583271,,,,,0.27891666072374166,3.4552671335795964,3.1763504728558547,0.6552009637416818,49.74979241794759,,,,,,,,,0.7960304486047983,24.12773664400048,-12.06386832200024,0
2025-05-22,126.79,128.329,125.94,127.65,128.7,140.39355720044324,117.00644279955675,53.14648788761168,61.95759270161065,0,0,,,,131.01100000000005,132.32111000000006,129.70089000000004,,-4.4135266279279435,-0.8158508158508049,2.883809400992976,0,49.94015058994264,59.73649702449012,,,,,-0.21344877289675113,2.909539506734916,3.122988279631667,0.4848355773069084,49.94015058994264,,,,,,,,,-1.4553853536438588,24.115564873917744,-12.057782436958872,0
2025-05-23,125.09,127.375,125,126.72,128.9105,140.2983399619955,117.52266003800453,45.2404380830628,52.61895720835187,0,0,,,,130.90028888888892,132.20929177777782,129.59128600000003,,-5.087183174546195,-1.699240946237901,1.7839500718881407,0,48.52398383649126,59.203667709287565,,,,,-0.5986866659737617,2.3746299471644647,2.9733166131382265,0.2711109408291846,48.52398383649126,48.52398383649126,,48.52398383649126,,,,,,-2.8026597778483193,24.103664915184176,-12.051832457592088,0
2025-05-27,128.68,130.4,128.345,129.4,129.2155,140.30888447003457,118.12211552996541,46.311277856779114,48.23273460915124,0,0,,,,130.78944444444448,132.09733888888894,129.48155000000003,,-2.729439002939249,0.14278472783839646,3.524693119421407,0,52.68764730829965,59.33548519407693,,,,,-0.6648379907175266,2.1422691247413184,2.807107115458845,0.022808449076364902,52.68764730829965,,,,,,,,,-2.2932700151824292,24.091651254338515,-12.045825627169258,0
2025-05-28,129.45,129.55,127.665,128.67,129.3745,140.34015998925634,118.40884001074367,46.58677396960384,46.046163303148624,0,0,,,,130.68251111111115,131.98933622222228,129.37568600000003,,-2.5913560900275856,-0.5445431673166024,2.518272213487416,0,51.46649994600973,59.230365573892705,,,,,-0.7436272077656643,1.8775731057517646,2.621200313517429,-0.29030826292378126,51.46649994600973,,,,,,,,,-2.005337364885674,24.079600607680725,-12.039800303840362,0
2025-05-29,130,130,126.96,128.36,129.69650000000001,140.13311300422535,119.25988699577466,44.7181527478241,45.8720681914024,0,0,,,,130.57522222222227,131.8809744444445,129.26947000000004,,-2.15270154896946,-1.0304827038509101,1.899973537973021,0,50.92670555291354,58.77125736487108,,,,,-0.7977090542926093,1.6240639956516674,2.4217730499442767,-0.5575821924033247,50.92670555291354,,,,,,,,,-1.5478413931488488,24.067509352216586,-12.033754676108293,0
2025-05-30,125.5,129.25,125,129,129.946,140.06052697855856,119.83147302144143,44.279446835034456,45.19479118415418,0,0,,,,130.4731777777778,131.7779095555556,129.16844600000002,,-1.0774126758944402,-0.7279947054930513,1.9666118629062757,0,52.044960809955306,58.33204184642273,,,,,-0.7710248189557651,1.4579920262495705,2.2290168452053356,-0.8112225870469784,52.044960809955306,,,,,,,,,-1.5861809220556788,24.05543986232947,-12.027719931164736,0
2025-06-02,128.85,129.77,127.985,129.62,130.16400000000002,140.05051081018863,120.27748918981139,41.64880558296642,43.54880172194171,0,0,,,,130.37171111111115,131.67542822222228,129.06799400000003,,0.040905477474884044,-0.41793429826988415,2.001951588026052,0,53.158543630383384,57.406269494235,,,,,-0.694635831667346,1.360722055621153,2.055357887288499,-0.8156916141288052,53.158543630383384,,,,,,,,,-1.2749767475062574,24.04336666737245,-12.021683333686225,0
2025-06-03,129.5,133.49,128.95,132.9,130.5645,140.20999734331895,120.91900265668106,48.23610558835604,44.72145266878567,0,0,,,,130.28753333333339,131.59040866666672,128.98465800000005,,2.866165623040695,1.7887710671737,4.002274642174264,0,58.631532249015926,56.63289821446926,,,,,-0.41975910441149544,1.5306590067741297,1.9504181111856251,-0.6471741463412515,58.631532249015926,,,,,,,,,-0.06436062199593022,24.031380385729634,-12.015690192864817,0
2025-06-04,132.28,134.855,131.64,133.51,131.1565,139.9625508174777,122.35044918252228,54.53154895146552,48.13882004092937,0,0,,,,130.23202222222224,131.53434244444446,128.92970200000002,,3.2280511849073212,1.7944211686039102,3.975162051519021,0,59.57746098536431,56.00803512442701,,,,,-0.20432004583123975,1.6950180538965753,1.899338099727815,-0.42066522235755227,59.57746098536431,,,,,,,,,1.103040401806078,24.019709476710243,-12.009854738355122,0
2025-06-05,133.5,137.8025,133.5,137.29,131.865,140.24029342769452,123.48970657230548,64.67539659016269,55.81435037666146,0,0,,,,130.18984444444447,131.49174288888892,128.88794600000003,,5.354840690036111,4.114056042164327,6.393916066935668,0,64.92905436797903,55.85796103000984,,,,,0.16533864309134172,2.1060114035919923,1.9406727605006506,-0.02542491588801585,64.92905436797903,,,,,,,,,3.0587050921243133,24.00906168499605,-12.004530842498024,0
2025-06-06,139.18,143.8799,138.95,140.64,132.57750000000001,141.38203945416697,123.77296054583306,76.7576731047687,65.32153954879901,0,0,,,,130.16060000000004,131.46220600000004,128.85899400000005,,6.860368814156748,6.081348645132079,8.459657953117006,0,68.86336692159249,55.90393374321558,,,,,0.5844626536226167,2.6712510775289218,2.086788423906305,0.4604743333491889,68.86336692159249,,,,,68.86336692159249,68.86336692159249,68.86336692159249,,5.006017516780616,24.000060396013104,-12.000030198006552,0
2025-06-09,141.47,141.5255,138.34,139.01,133.176,142.0207575433139,124.33124245668607,76.74466570224457,72.7259117990587,0,0,,,,130.1061555555556,131.40721711111115,128.80509400000005,,4.644685335742138,4.380669189643793,6.749841934567313,0,65.04013787960966,55.88647773839857,,,,,0.6934753218098715,2.953632576168644,2.2601572543587727,0.7917942168291311,65.04013787960966,,,,,,,,,6.3809902886192384,23.992598400338725,-11.996299200169362,0
2025-06-10,139.22,140.605,138.135,138.56,133.39350000000002,142.53812525202505,124.24887474797498,76.6251148839275,76.70915123031364,0,0,,,,130.06420000000006,131.36484200000007,128.76355800000005,,3.5916145817756595,3.8731272513278237,5.990254648930238,0,63.98399420111788,56.39455933547297,,,,,0.6761258570404842,3.105314575659378,2.4291887186188936,0.9170112831013723,63.98399420111788,,,,,,,,,6.6826752154264595,23.98551723775008,-11.99275861887504,0
2025-06-11,140.24,140.37,137.115,138.06,133.394,142.53964464649584,124.24835535350418,75.98903655913205,76.45293904843474,0,0,,,,130.02500000000006,131.32525000000007,128.72475000000006,,2.498236757117822,3.4979084516544967,5.2703815536645715,0,62.76445025726313,57.32417775256693,,,,,0.5757526322017572,3.14887950887109,2.573126876669333,0.9245889902158257,62.76445025726313,,,,,,,,,6.024065801731562,23.97763564115876,-11.98881782057938,0
2025-06-12,137.13,139.405,136.7,138.81,133.46200000000002,142.74643342374688,124.17756657625314,72.64919720517291,75.0877828827442,0,0,,,,129.98420000000007,131.28404200000008,128.68435800000006,,2.2616767349343148,4.007133116542527,5.389830765843406,0,63.87666808094218,58.31964328763833,,,,,0.5070632763545531,3.2069559721125245,2.6998926957579714,0.924938968045874,63.87666808094218,,,,,,,,,5.971182144982727,23.969697815228002,-11.984848907614001,0
2025-06-13,136.08,136.63,134.68,135.54,133.39950000000002,142.61001458931497,124.18898541068506,66.4246759545043,71.68763657293647,0,0,,,,129.9191333333334,131.21832466666675,128.61994200000007,,-0.6261272489993308,1.604578727806305,2.6077126115987115,0,56.019873843521964,58.85506400242624,,,,,0.20413085698780487,2.9550562669927274,2.7509254100049225,0.847941298890565,56.019873843521964,,,,,,,,,5.202604715422491,23.96092918901481,-11.980464594507405,0
2025-06-16,138.56,139.29,136.83,137.21,133.36,142.49774589272414,124.22225410727589,65.16286079748527,68.07891131905421,0,0,,,,129.8678444444445,131.16652288888895,128.56916600000005,,0.041559426333992455,2.8869226154768945,3.5596670029510946,0,58.80653912998908,59.29212770397549,,,,,0.08505364518928404,2.8572424664915275,2.7721888213022434,0.8082246506471354,58.80653912998908,,,,,,,,,4.993112249138277,23.95195798699093,-11.975978993495465,0
2025-06-17,136.09,136.16,132.89,133.37,133.19850000000002,142.2148502039338,124.18214979606624,53.70848031687816,61.76533902295596,0,0,,,,129.81957777777782,131.1177735555556,128.52138200000005,,-2.791545189504463,0.12875520369972637,0.4471178347547067,0,50.83105751096155,59.246738958614905,,,,,-0.26437364226177884,2.44172176847502,2.7060954107367987,0.6247752041328731,50.83105751096155,,,,,,,,,3.620261331704393,23.94179793994848,-11.97089896997424,0
2025-06-18,132.71,133.815,131.69,132.17,133.2005,142.2159189586514,124.18508104134861,46.151018097218206,55.00745307052727,0,0,,,,129.78464444444452,131.08249088888897,128.48679800000008,,-3.5720018093474137,-0.7736457445730482,-0.7183652620693648,0,48.612288610137874,59.081423462702354,,,,,-0.5707811452132816,1.9926189792201967,2.5634001244334783,0.33817050214222005,48.612288610137874,,,,,,,,,2.7692793282365726,23.931065816329703,-11.965532908164851,0
2025-06-20,132,132.64,131.39,131.73,133.411,142.07583675553101,124.746163244469,41.451272231053885,47.10359021505013,0,0,,,,129.7474444444445,131.04491888888896,128.44997000000006,,-3.501574976192323,-1.260016040656331,-1.2617429542274627,0,47.78859946701977,58.77739765249267,,,,,-0.7843599428645289,1.582950195852817,2.367310138717346,-0.0246844505698255,47.78859946701977,,,,,,,,,1.3747562807970126,23.91965064821876,-11.95982532410938,0
2025-06-23,131.53,131.53,127.04,130.53,133.555,141.9227153393266,125.18728466067341,29.665787948206884,39.08935942549304,0,0,,,,129.70406666666673,131.0011073333334,128.40702600000006,,-3.667185735688161,-2.2649844633297223,-2.2623011376399327,0,45.52310799395228,58.2320093927476,,,,,-0.975273062461306,1.1482188106407136,2.1234918731020196,-0.4670302798334163,45.52310799395228,,,,,,,,,0.6497082257047553,23.908016865284978,-11.954008432642489,0
2025-06-24,131.92,132.725,130.36,132.15,133.8265,141.62234318723776,126.03065681276226,31.312651114958022,34.14323709807298,0,0,,,,129.67366666666675,130.97040333333342,128.37693000000007,,-1.9753287887667503,-1.2527414226629285,-1.1753268605187106,0,49.035661681339676,57.54659006648501,,,,,-0.9597831364098119,0.9237629525897546,1.8835460889995665,-0.7024612459359614,49.035661681339676,,,,,,,,,0.6380267226452024,23.896396965509478,-11.948198482754739,0
2025-06-25,132.8,133.03,128.77,129.67,133.84,141.6060131341646,126.07398686583541,26.597694206463913,29.192044423209655,0,0,,,,129.6297111111112,130.9260082222223,128.3334140000001,,-3.1764284220902383,-3.115660490137484,-2.9200595940715113,0,44.32403093209941,56.45705934839465,,,,,-1.0752006692973741,0.5395452523778488,1.614745921675223,-0.9139861080848313,44.32403093209941,44.32403093209941,,44.32403093209941,,,,,,0.10584743141146029,23.88467835139982,-11.94233917569991,0
2025-06-26,130.33,134.18,128.315,133.72,134.09250000000003,141.4893260084971,126.69567399150294,34.69818569496574,30.869510338795944,0,0,,,,129.62362222222228,130.91985844444451,128.32738600000005,,0.17229755037824201,-0.27779331431663223,0.2203468589330626,0,52.37236904638075,55.56015325399478,,,,,-0.8474381390111834,0.5554482479112437,1.402886386922427,-0.8986581350348085,52.37236904638075,,,,,,,,,0.9261886473748894,23.873174506588924,-11.936587253294462,0
2025-06-27,134.01,134.58,132.1,134.52,134.40050000000002,141.31409667611476,127.48690332388527,38.40473304886002,33.233537650096615,0,0,,,,129.65157777777785,130.94809355555563,128.35506200000006,,1.0964895799670193,0.08891335969731795,0.8937835168819186,0,53.79326842752212,54.48371764727546,,,,,-0.6219926062971766,0.6253956290509564,1.247388235348133,-0.7863513506785662,53.79326842752212,,,,,,,,,1.5447774507623013,23.861909454971066,-11.930954727485533,0
2025-06-30,135.06,135.06,131.945,132.34,134.56750000000002,141.10220083477338,128.03279916522666,37.75136802739418,36.95142892374003,0,0,,,,129.68282222222228,130.9796504444445,128.38599400000007,,-0.30209204390512223,-1.655303100674399,-0.6307253341342411,0,49.46280590427648,53.371051077608804,,,,,-0.5985765413403954,0.49916755867263873,1.0977441000130341,-0.7325439675396644,49.46280590427648,,,,,,,,,2.2409648888535627,23.850985499769244,-11.925492749884622,0
2025-07-01,132.225,136.69,132.12,135.41,134.857,140.9899832871137,128.7240167128863,47.03757217532307,41.06455775052581,0,0,,,,129.70477777777785,131.00182555555563,128.40773000000007,,2.1491992365778145,0.4100639937118622,1.7403783300482756,0,54.961469259960275,52.72658501038326,,,,,-0.36660912957082936,0.6394826880494975,1.0060918176203268,-0.5258477060165883,54.961469259960275,,,,,,,,,2.668856656991995,23.840315644996995,-11.920157822498497,0
2025-07-02,135.22,136.09,134.39,135.39,134.9815,141.05128838181304,128.91171161818698,51.15421828328726,45.31438616200156,0,0,,,,129.80424444444452,131.10228688888895,128.5062020000001,,1.9787139489163996,0.30263406466810583,1.7561879947890713,0,54.91954655925668,52.166234746239944,,,,,-0.2124468937958428,0.7405332003755234,0.9529800941713662,-0.2820122998903189,54.91954655925668,,,,,,,,,2.885672875684359,23.82979245552923,-11.914896227764615,0
2025-07-03,136.27,138.19,136.23,136.49,135.1305,141.1947871798748,129.06621282012523,56.539363489958106,51.57705131618953,0,0,,,,129.90135555555563,131.20036911111117,128.60234200000008,,2.473816584706534,1.0060645080126163,2.4709957056627374,0,56.86820543284354,51.665630271375754,,,,,-0.043172881217526715,0.8990139926494578,0.9421868738669845,0.1336800242744615,56.86820543284354,,,,,,,,,3.9343464167495292,23.82003239522174,-11.91001619761087,0
2025-07-07,135.86,137.63,135.2,137,135.116,141.16091985058304,129.07108014941699,61.68029664794955,56.457959473731684,0,0,,,,129.99877777777786,131.29876555555563,128.6987900000001,,2.4513543022089745,1.3943574410136383,2.6104497882879496,0,57.7794472323245,51.791314084861654,,,,,0.08914525492281411,1.0536184425205022,0.9644731875976881,0.40967722130376827,57.7794472323245,,,,,57.7794472323245,,57.7794472323245,,4.3249735505316815,23.81060867600186,-11.90530433800093,0
2025-07-08,137.5,138.55,136.55,136.99,134.9335,140.50191907546363,129.3650809245364,63.497228825406964,60.57229632110492,0,0,,,,130.10264444444454,131.403670888889,128.80161800000008,,1.9513574660632749,1.5240840858645077,2.364264044356146,0,57.75368222375941,51.716110020130955,,,,,0.15797546307092203,1.1619425164363406,1.0039670533654186,0.7853435390968687,57.75368222375941,,,,,,,,,4.713307937063886,23.80154273068987,-11.900771365344935,0
2025-07-09,137.45,138.27,136.4998,136.85,134.8255,140.15200532713357,129.49899467286644,72.12421517729882,65.76724688355183,0,0,,,,130.1913111111112,131.4932242222223,128.88939800000009,,1.492160963526512,1.5015705485979858,2.002280796340794,0,57.36799143040861,52.18303387152003,,,,,0.17474812033960596,1.222402203789926,1.04765408345032,0.8745963754693781,57.36799143040861,,,,,,,,,4.786816367016276,23.792554449750057,-11.896277224875028,0
2025-07-10,137.055,138.415,136.05,137,134.7475,139.89567589054457,129.59932410945544,74.48507624396316,70.0355067488897,0,0,,,,130.28357777777788,131.58641355555565,128.9807420000001,,1.0540602341207794,1.6716451140095456,1.9216319364366408,0,57.693985436178956,52.83172650195154,,,,,0.176121699022876,1.2678062072289151,1.0916845082060391,0.8990728955425121,57.693985436178956,,,,,,,,,4.771794436079982,23.783561109191776,-11.891780554595888,0
2025-07-11,136.12,137,135.2,135.35,134.612,139.54234927768712,129.68165072231287,67.52181447080885,71.377035297357,0,0,,,,130.35677777777786,131.66034555555564,129.0532100000001,,-0.2829062725626108,0.5482423558077931,0.5275810249084856,0,52.901921181828165,53.196963767295,,,,,0.052498216464554215,1.1573072787867318,1.1048090623221776,0.8442130176261894,52.901921181828165,52.901921181828165,,52.901921181828165,,,,,,4.340898406096069,23.77419047998375,-11.887095239991876,0
2025-07-14,135,139.468,134.7,138.57,134.6,139.49042738418538,129.7095726158146,76.58594987027713,72.86428019501643,0,0,,,,130.45571111111119,131.7602682222223,129.15115400000008,,1.785674935176429,2.9494799405646255,2.659653281967733,0,59.90156753350043,54.22399659154844,,,,,0.1676819134867611,1.3144114541806289,1.1467295406938678,0.8393007369905778,59.90156753350043,,,,,59.90156753350043,,59.90156753350043,,4.7559256539964565,23.76520103322806,-11.88260051661403,0
2025-07-15,139.46,140.14,136.48,136.54,134.65,139.5979571542185,129.7020428457815,71.35092697965422,71.81956377358011,0,0,,,,130.53304444444453,131.83837488888898,129.22771400000008,,-0.013913400068943371,1.4036390642406138,0.9677244425601916,0,54.41137635655934,54.60797621120698,,,,,0.0910822884340754,1.2605824012364621,1.1695001128023867,0.784486964512733,54.41137635655934,,,,,,,,,4.6107903549772855,23.756087889825988,-11.878043944912994,0
2025-07-16,136.94,137.15,135.42,136.71,134.625,139.52579381324904,129.72420618675096,65.73850597293654,71.22512760762267,0,0,,,,130.61895555555563,131.9251451111112,129.31276600000007,,0.015363343063357071,1.548746518105859,0.9170700019439204,0,54.78511523273045,55.35519651839491,,,,,0.03848333692482875,1.2176042839584227,1.179120947033594,0.7243085384194126,54.78511523273045,,,,,,,,,4.924046598551561,23.74727454783068,-11.87363727391534,0
2025-07-17,137.58,139.57,137.26,139.3,134.92149999999998,140.18669239914493,129.65630760085503,73.51853611168998,70.2026563547603,0,0,,,,130.71504444444454,132.022194888889,129.40789400000008,,1.6194922672890577,3.2452203688811965,2.6672857658773585,0,60.14581248064997,55.910442477985576,,,,,0.15803590170558124,1.3766658241655705,1.2186299224599892,0.7401359360475511,60.14581248064997,,,,,,,,,5.073227114942358,23.738613430225556,-11.869306715112778,0
2025-07-18,139.99,140.74,138.92,139.34,135.28,140.72046321557107,129.83953678442893,75.85046912447098,71.70250373636587,0,0,,,,130.8212222222223,132.12943444444454,129.51301000000007,,1.4377752702652513,3.001182732111185,2.5498864154887446,0,60.22424626701589,56.369798037949415,,,,,0.21612732024833003,1.4887890727704018,1.2726617525220718,0.7647053244832033,60.22424626701589,,,,,60.22424626701589,,60.22424626701589,,5.751702131065667,23.730658891717972,-11.865329445858986,0
2025-07-21,139.32,139.8,137.96,138.07,135.59699999999998,140.910473816631,130.28352618336896,73.9732753082168,74.44742684812596,0,0,,,,130.91553333333343,132.22468866666676,129.6063780000001,,0.4349976722531457,1.8237866619468024,1.5957655554029504,0,56.42719798903734,56.86725461543234,,,,,0.14855709739582368,1.4583581242668515,1.3098010268710278,0.7131420733510102,56.42719798903734,,,,,,,,,6.067732228642595,23.723060720493574,-11.861530360246787,0
2025-07-22,138.64,140.02,136.86,139.43,136.04199999999997,141.0663789666007,131.01762103339925,77.14955405427614,75.65776616232135,0,0,,,,131.02095555555564,132.3311651111112,129.71074600000009,,1.244590316303018,2.490407374193282,2.626949602902995,0,59.380635211842225,57.18290932628105,,,,,0.173268599089204,1.526386775732533,1.353118176643329,0.7271005834827958,59.380635211842225,,,,,,,,,6.083831752091093,23.71548550526189,-11.857742752630944,0
2025-07-23,139.62,140.93,138.1,139.83,136.426,141.37522377752367,131.4767762224763,79.46373249080442,76.8621872844325,0,0,,,,131.12357777777788,132.43481355555565,129.81234200000011,,1.3158085411623777,2.4951255625760727,2.9006659880048913,0,60.23437560112229,57.5625399721286,,,,,0.19286520873036372,1.5941996875562836,1.4013344788259199,0.7322339726320286,60.23437560112229,,,,,,,,,6.192997750665858,23.708039698570772,-11.854019849285386,0
2025-07-24,139.46,142.63,138.82,141.62,137.02349999999996,141.42050022743373,132.62649977256618,79.82216158018535,78.81181604175534,0,0,,,,131.23064444444455,132.542950888889,129.9183380000001,,2.270429532915341,3.3545340762716203,4.1397550316076615,0,63.89180691890585,58.064225792561615,,,,,0.29649559034906736,1.7719539667622541,1.4754583764131868,0.7817853607174947,63.89180691890585,,,,,,,,,7.076832832453772,23.701678332244995,-11.850839166122498,0
2025-07-25,142.46,142.53,141.18,141.31,137.40299999999996,141.90296933323458,132.90303066676535,80.83269030918512,80.03952812672499,0,0,,,,131.34046666666677,132.65387133333343,130.02706200000011,,1.6092383801195487,2.8434604775732897,3.829084781629044,0,62.814299570024595,58.42385810239733,,,,,0.31267136895072545,1.8662975876015935,1.553626218650868,0.8391850851582703,62.814299570024595,,,,,,,,,7.5320293218455765,23.695922764565218,-11.847961382282609,0
2025-07-28,141.3,143.3,141.0201,142.16,137.78499999999994,142.53152504471026,133.03847495528962,82.8381566033737,81.1643361642481,0,0,,,,131.45091111111122,132.76542022222233,130.13640200000012,,1.9572404988846603,3.175236781942914,4.367999490983343,0,64.57825240865495,58.911327401318495,,,,,0.34650018434669616,1.9867514490842382,1.640251264737542,0.883505449325791,64.57825240865495,,,,,64.57825240865495,,64.57825240865495,,8.083580455802254,23.690943085036693,-11.845471542518347,0
2025-07-29,142.17,143.09,136.38,136.84,138.00999999999993,142.08136340800883,133.93863659199104,63.68317469654288,75.7846738697006,0,0,,,,131.54806666666678,132.86354733333346,130.2325860000001,,-1.8793784642302525,-0.847764654735117,0.43032481083080665,0,48.9327908615214,58.308813074969414,,,,,-0.004924510958243422,1.6340956260397377,1.639020136997981,0.6517141325631376,48.9327908615214,,,,,,,,,6.824580609830369,23.684261056160597,-11.842130528080299,0
2025-07-30,135.9,136.525,133.92,134.75,137.97699999999995,142.14175257368984,133.81224742631005,47.41338733759195,64.64490621250287,0,0,,,,131.63491111111122,132.95126022222234,130.3185620000001,,-3.242020608193119,-2.338795596367471,-1.044025311188057,0,44.38350692741582,57.35806461005775,,,,,-0.3732541018523845,1.1724525096825005,1.545706611534885,0.28100443641024003,44.38350692741582,,,,,,,,,5.115163153331027,23.675691610477767,-11.837845805238883,0
2025-07-31,134.75,135.8,132.12,132.41,137.82799999999995,142.53078045416297,133.12521954583693,36.54541008724558,49.21399070712684,0,0,,,,131.70713333333342,133.02420466666675,130.39006200000009,,-4.4495439325713875,-3.930986446875784,-2.7395885108185136,0,39.909713549641616,56.43004977918729,,,,,-0.7479746023638902,0.6107383585800221,1.3587129609439124,-0.1953270931877776,39.909713549641616,,,,,,,,,2.619503848899985,23.66523005235668,-11.83261502617834,0
2025-08-01,130.04,130.36,126.92,128.02,137.40449999999993,143.75115730917219,131.05784269082767,27.28436458460002,37.08105400314589,0,0,,,,131.7682000000001,133.08588200000008,130.4505180000001,,-6.856610692354781,-6.8298345396256455,-5.868569915981158,0,33.15719950360278,54.51973777705174,,,,,-1.2361787587857014,-0.18651048753821442,1.049668271247487,-0.44835619669341875,33.15719950360278,33.15719950360278,,33.15719950360278,,,,,,0.38064276290979926,23.653942265677873,-11.826971132838937,0
2025-08-04,129.1,131.13,128.83,130.96,137.10249999999994,144.0443178454984,130.16068215450147,30.515127914180994,31.448300862008903,0,0,,,,131.833088888889,133.15141977777787,130.5147580000001,,-4.222097079710164,-4.480224649441055,-3.6886501751538514,0,40.426721879556155,53.520833885837234,,,,,-1.299318826361596,-0.5744802617045082,0.7248385646570878,-0.6283874761757382,40.426721879556155,,,,,,,,,-0.5747333267971996,23.642560762422224,-11.821280381211112,0
2025-08-05,131.12,132.16,129.28,129.96,136.75099999999995,144.3598866465506,129.1421133534493,27.75218429896971,28.51722559925028,0,0,,,,131.89904444444457,133.218034888889,130.58005400000013,,-4.290574875171305,-4.965960029542704,-4.410719101674509,0,38.87793458178228,52.38460669648379,,,,,-1.341207236243483,-0.951670480647266,0.38953675559621703,-0.7711579477135269,38.87793458178228,,,,,,,,,-1.1878389327926644,23.63120341435733,-11.815601707178665,0
2025-08-06,130.675,131.29,128.3,130.5,136.43349999999995,144.51464911383573,128.35235088616417,28.64109160232197,28.969467938490936,0,0,,,,131.9636666666668,133.28330333333346,130.64403000000013,,-3.227959333496566,-4.349005193006084,-3.974687580480951,0,40.21001408474473,50.96062109677627,,,,,-1.2662435742635514,-1.1932677122332223,0.07297586203032913,-0.8166596869207786,40.21001408474473,,,,,,,,,-0.5528225697032221,23.619855572178796,-11.809927786089398,0
2025-08-07,120.38,123.3899,117.2803,120.03,135.58499999999995,146.36349432898947,124.80650567101043,19.476382415633392,25.28988610564173,0,0,,,,131.97553333333343,133.29528866666678,130.65577800000008,,-9.543762340422413,-11.472508020798733,-11.46946091001395,0,27.63458770412798,48.63278834228428,,,,,-1.8217154698660207,-2.204168475302197,-0.3824530054361761,-0.8544749789071776,27.63458770412798,,,,,,,,,-3.2622519187617462,23.609009867674168,-11.804504933837084,0
2025-08-08,120.57,122,119.3,121.02,134.86849999999995,147.38006469031959,122.35693530968032,20.62336649401297,22.913613503989485,0,0,,,,131.99006666666676,133.30996733333342,130.6701660000001,,-7.381471702445285,-10.268150086936512,-10.459687622542646,0,29.868044912996922,46.73570597970996,,,,,-2.007710919352087,-2.8920916546262845,-0.8843807352741978,-0.9129443733182676,29.868044912996922,,,,,,,,,-5.446457048522322,23.5994373229757,-11.79971866148785,0
2025-08-11,120.01,121.3,118.14,118.3,133.85499999999996,148.1586128303324,119.55138716966754,17.18644021432054,19.095396374655678,0,0,,,,131.9934000000001,133.31333400000008,130.6734660000001,,-7.779137660879898,-11.620783683836965,-12.120619340396988,0,27.368737104277088,44.4491418291696,,,,,-2.1845630550158557,-3.6150845540440173,-1.4305214990281616,-0.9436192227136343,27.368737104277088,27.368737104277088,,27.368737104277088,,,,,,-8.428299496910965,23.592840111236903,-11.796420055618452,0
2025-08-12,118.96,122.1899,118.15,121.61,133.10849999999996,148.30423792219534,117.91276207780457,20.073084857489064,19.29429718860757,1,0,,,,131.99113333333344,133.31104466666676,130.6712220000001,,-4.059768373883776,-8.63844157210093,-9.421117444932115,0,34.54650729725071,42.61429409317877,,,,,-1.9566138836108606,-3.8762888535417375,-1.9196749699308768,-0.9506718525098876,34.54650729725071,,,,,,,,,-7.942247045240239,23.585664088474125,-11.792832044237063,0
2025-08-13,122.3,124.768,121.7,124.55,132.50049999999996,148.04035904054618,116.96064095945374,28.23897516880919,21.832833413539642,0,0,,,,132.0006000000001,133.3206060000001,130.6805940000001,,-0.9432461665713321,-6.000354715642553,-6.980507356419075,0,40.199456763942635,40.92198336782425,,,,,-1.5060455842623615,-3.802231950258829,-2.2961863659964674,-0.9113588232376347,40.199456763942635,,,,,,,,,-6.959646106165738,23.577436745798206,-11.788718372899103,0
2025-08-14,123.495,125.58,122.4356,124.64,131.76749999999998,147.33827117550797,116.19672882449201,31.076046618289986,26.462702214862787,0,0,,,,131.98233333333346,133.3021566666668,130.6625100000001,,-0.25528373306454855,-5.409148689927323,-6.663504861275749,0,40.36923909442736,39.31876476242445,,,,,-1.118011222500873,-3.6937003941225584,-2.5756891716216854,-0.8535427931952722,40.36923909442736,,,,,,,,,-5.265268162093029,23.56776710165512,-11.78388355082756,0
2025-08-15,125,126.345,124.33,125.1,131.0555,146.4776820440565,115.63331795594348,34.77979931889207,31.36494036866379,0,0,,,,131.95531111111123,133.27486422222233,130.63575800000012,,0.3473252745312294,-4.544257967044496,-6.051928025713638,0,41.28677548800056,37.65508783952056,,,,,-0.7633526144361023,-3.529879939666813,-2.7665273252307108,-0.7690671648481868,41.28677548800056,,,,,,,,,-4.268271123509954,23.557474380730568,-11.778737190365284,0
2025-08-18,124.625,125.89,124.46,125.49,130.42649999999998,145.6782359995521,115.17476400044785,39.2874629509885,35.047769629390224,0,0,,,,131.93957777777788,133.25897355555566,130.6201820000001,,1.1037705446341084,-3.7848903405366063,-5.486725663716763,0,42.10020778538739,37.167046191225275,,,,,-0.45093247392153524,-3.3301929176326297,-2.8792604437110945,-0.6494178101033419,42.10020778538739,,,,,,,,,-3.6871490054123743,23.546899802063265,-11.773449901031633,0
2025-08-19,125.35,128.08,125.27,126,129.75499999999997,144.53735366915677,114.97264633084318,44.03397387525432,39.367078715045004,0,0,,,,131.91522222222233,133.23437444444454,130.5960700000001,,1.8395784164752405,-2.8939154560517655,-4.840065856716269,0,43.208261704314516,37.0831001038609,,,,,-0.17267828060746115,-3.095108294470421,-2.92243001386296,-0.48212610880192114,43.208261704314516,,,,,,,,,-2.9281189969263224,23.53603659983693,-11.768018299918465,0
2025-08-20,125.04,126.6,123.815,124.96,129.01149999999998,143.17497736256936,114.84802263743059,44.878361331155475,42.73326605246614,0,0,,,,131.88966666666676,133.20856333333342,130.5707700000001,,1.4532759600550893,-3.14041771469985,-5.342177624817834,0,41.465574577295044,37.19423303440758,,,,,-0.02894899588772315,-2.958616258722614,-2.929667262834891,-0.3191026932330591,41.465574577295044,,,,,,,,,-2.530586680024887,23.525067181065193,-11.762533590532597,0
2025-08-21,124.96,126.49,124.47,126.43,128.252,141.20710339595865,115.29689660404138,53.967599064922375,47.62664475711077,0,0,,,,131.87713333333343,133.19590466666676,130.5583620000001,,2.116145707131789,-1.4206406137916017,-3.9723530305331267,0,44.851335638846656,38.02952847263929,,,,,0.1831764724990257,-2.7006966722111088,-2.8838731447101345,-0.17708395777694574,44.851335638846656,,,,,,,,,-2.0507847733054647,23.51400097032488,-11.75700048516244,0
2025-08-22,127.17,130.425,126.32,129.92,127.68249999999998,139.2146964516745,116.15030354832543,61.5692119395797,53.4717241118859,0,0,,,,131.88455555555566,133.20340111111122,130.5657100000001,,4.1860465116277945,1.7523936326434786,-1.185740688627035,0,51.956474797543045,38.85308225249549,,,,,0.5555455608585116,-2.189441193636995,-2.7449867544955064,0.19908190137629717,51.956474797543045,,,,,51.956474797543045,,51.956474797543045,,-0.8463616044366921,23.502833075680186,-11.751416537840093,0
2025-08-25,129.44,130.03,128.09,128.15,126.982,136.42407943198896,117.53992056801106,62.34653053221963,59.294447178907284,0,0,,,,131.8905111111112,133.20941622222233,130.5716060000001,,1.9612523371920876,0.9198154069080644,-2.2737960573977034,0,48.5407961304546,39.54328664882922,,,,,0.6718849304701218,-1.905130591407854,-2.577015521877976,0.5143128663959644,48.5407961304546,,,,,,,,,0.11443517798258952,23.49175544171729,-11.745877720858646,0
2025-08-26,127.715,128.8,126.4,126.89,126.4845,134.77476531541646,118.19423468458353,61.47410774676693,61.796616739522136,0,0,,,,131.8968222222223,133.21579044444454,130.5778540000001,,0.5363948246217776,0.3205926417861438,-2.996712789542022,0,46.211782587080194,39.97198439899604,,,,,0.652666777375857,-1.7611820501581548,-2.4138488275340118,0.891962098139897,46.211782587080194,,,,,,,,,0.3451302308533782,23.48073343950238,-11.74036671975119,0
2025-08-27,127,130.15,126.92,129.85,126.23949999999999,133.79529373725904,118.68370626274096,73.56645875676125,65.79569901191593,0,0,,,,131.91313333333343,133.23226466666677,130.5940020000001,,2.4514174352823437,2.860039844897999,-0.5600596307792194,0,52.03419191180209,41.71481327097276,,,,,0.8173142242808589,-1.3922060471829383,-2.209520271463797,0.8932114950668916,52.03419191180209,,,,,,,,,0.40750662641218044,23.46973920290703,-11.734869601453514,0
2025-08-28,130.19,130.59,128.82,130.46,126.14199999999998,133.4220758237819,118.86192417621807,77.22632478863454,70.7556304307209,0,0,,,,131.93611111111122,133.25547222222232,130.6167500000001,,2.462203023758036,3.4231263179591576,0.1330399631582324,0,53.15947082918919,43.37848655070078,,,,,0.9367396415487026,-1.038595719527919,-1.9753353610766216,0.8966904484465283,53.15947082918919,,,,,,,,,1.0775356384447277,23.458931527406882,-11.729465763703441,0
2025-08-29,129.92,131.11,129.21,130.53,126.2675,133.75629396164788,118.7787060383521,81.28744261294595,77.3600753861139,0,0,,,,131.93913333333344,133.25852466666677,130.61974200000012,,2.081834391716386,3.3757696952897653,0.4130991668782835,0,53.294879290772194,45.23035384973615,,,,,0.9849637314343946,-0.7441306967836283,-1.729094428218023,0.9146728402376034,53.294879290772194,,,,,53.294879290772194,,53.294879290772194,,2.0831495397201416,23.44853089722472,-11.72426544861236,0
2025-09-02,128.42,129.23,126.46,127.59,126.09899999999998,133.30416176085052,118.89383823914943,74.99120638355615,77.8349912617122,0,0,,,,131.9274000000001,133.2466740000001,130.60812600000008,,-0.38101781726767037,1.1824043013822783,-1.5840856090154065,0,47.13212307957673,46.129326405616574,,,,,0.7916961225647385,-0.7394742750120997,-1.5311703975768383,0.8231791448411317,47.13212307957673,,,,,,,,,1.5678676576413786,23.437923062541685,-11.718961531270843,0
2025-09-03,127.42,127.75,124.46,124.9,125.84599999999998,132.84345496591618,118.84854503408377,59.66459413657951,71.98108104436052,0,0,,,,131.89362222222232,133.21255844444454,130.5746860000001,,-2.397474368592223,-0.7517124104063466,-3.2977356133766733,0,42.311157362348965,46.280162162645595,,,,,0.47134758315088,-0.9419859186382382,-1.4133335017891182,0.5465980503711122,42.311157362348965,,,,,,,,,0.20495595751914317,23.426951925431446,-11.713475962715723,0
2025-09-04,124.65,125.65,123.18,125.37,125.58949999999997,132.25392638191954,118.92507361808039,54.78516623868582,63.146988919607146,0,0,,,,131.84864444444455,133.167130888889,130.53015800000009,,-2.061573795592553,-0.17477575752747887,-2.570253243254361,0,43.400488663543584,46.49667998901104,,,,,0.2887298994035914,-1.052421127534629,-1.3411510269382203,0.2946520769837206,43.400488663543584,,,,,,,,,-1.0489531619384245,23.415912989198617,-11.707956494599308,0
2025-09-05,125.37,127.3852,122.82,123.81,125.77849999999997,132.00131375263857,119.55568624736136,40.0267980037867,51.492186126350674,0,0,,,,131.80864444444455,133.126730888889,130.4905580000001,,-3.0818727641354404,-1.5650528508449058,-3.3366211148441294,0,40.65633866960396,46.451648787697,,,,,0.07180443704681894,-1.2513954806296965,-1.3231999176765155,-0.033317331662519184,40.65633866960396,40.65633866960396,,40.65633866960396,,,,,,-1.9559327561083313,23.404987018986347,-11.702493509493173,0
2025-09-08,124.24,126.08,123.06,124.62,125.95849999999996,131.81798555762694,120.09901444237298,37.53145690534577,44.114473715939425,0,0,,,,131.76517777777786,133.08282955555563,130.4475260000001,,-2.041393838873806,-1.0626515876260512,-2.279772702322558,0,42.68282242671724,46.49326411922056,,,,,-0.00416867868989601,-1.3284107660388855,-1.3242420873489895,-0.2617750235681228,42.68282242671724,,,,,,,,,-1.9582999470519302,23.394076753680825,-11.697038376840412,0
2025-09-09,124.12,124.78,123.6,123.81,126.23399999999997,131.05298910561328,121.41501089438664,32.864243050454796,36.807499319862416,0,0,,,,131.7163777777779,133.03354155555567,130.39921400000011,,-2.344951610231716,-1.920243357574003,-2.447031755995377,0,41.16883573321032,46.347590835570266,,,,,-0.09118807212199931,-1.4382271775014885,-1.3470391053794892,-0.46600847812621576,41.16883573321032,,,,,,,,,-2.3045197417217165,23.38325372548672,-11.69162686274336,0
2025-09-10,123.81,124.44,122.63,123.41,126.32399999999996,130.8526836939704,121.79531630602952,28.787100237291924,33.06093339769749,0,0,,,,131.67255555555565,132.9892811111112,130.35583000000008,,-2.392533712975131,-2.30676672682939,-2.4180029730840324,0,40.40661449001345,46.271950829335864,,,,,-0.1541962797881109,-1.5397844551146278,-1.385588175326517,-0.7103821626918723,40.40661449001345,,,,,,,,,-2.3686537315319445,23.372461128307766,-11.686230564153883,0
2025-09-11,123.695,124.5,122.65,123.05,126.24899999999995,130.93950914081051,121.5584908591894,24.150617162583245,28.600653483443313,0,0,,,,131.6187777777779,132.93496555555566,130.30259000000012,,-2.1510079122103343,-2.533881456486753,-2.4016878440329847,0,39.69430640501441,45.90359159834785,,,,,-0.19594759596302636,-1.6305226702802997,-1.4345750743172734,-0.8439360488884667,39.69430640501441,,,,,,,,,-2.7530725143814174,23.361789635845994,-11.680894817922997,0
2025-09-12,123.07,123.45,121.84,122.55,126.14449999999995,131.06140339543464,121.22759660456528,19.973596016085025,24.30377113865339,0,0,,,,131.55891111111123,132.87450022222234,130.24332200000012,,-1.9317563458276732,-2.8495098874702918,-2.5442149461361474,0,38.67455818107113,44.95488326859986,,,,,-0.2306747001081757,-1.722918449452493,-1.4922437493443172,-0.846996082579828,38.67455818107113,,,,,,,,,-3.0891788800077147,23.351244848074813,-11.675622424037407,0
2025-09-15,122.91,122.98,119.76,120.37,125.90799999999997,131.42189009683858,120.39410990316136,16.059289005320014,20.061167394662757,0,0,,,,131.48744444444455,132.802318888889,130.1725700000001,,-2.8866944202408207,-4.3984496616577,-4.083318503093025,0,34.51160890902581,43.95279846706922,,,,,-0.36586663296298605,-1.94957704054805,-1.5837104075850639,-0.8896541376127179,34.51160890902581,34.51160890902581,,34.51160890902581,,,,,,-3.8829968543474425,23.341050590155454,-11.670525295077727,0
2025-09-16,120.71,121.99,119.765,121.66,125.71649999999997,131.53289501753648,119.90010498246346,18.92588740458751,18.319590808664177,1,0,,,,131.41842222222235,132.73260644444457,130.10423800000012,,-1.3740829313769964,-3.226704529636104,-2.8153150154571316,0,38.71543522056073,43.417345083746405,,,,,-0.3346598121005133,-2.0020351727107055,-1.6673753606101922,-0.9366092131858281,38.71543522056073,,,,,,,,,-4.240334037679081,23.331053675211034,-11.665526837605517,0
2025-09-17,121.98,124.45,121.52,123.2,125.57649999999997,131.49279368777613,119.6602063122238,26.7526846986572,20.579287036188234,0,0,,,,131.36335555555567,132.67698911111123,130.04972200000012,,0.012176807241082166,-1.8924719195072104,-1.4076617130417968,0,43.38749617451815,42.799723959654706,,,,,-0.18407621584310752,-1.8974706304140767,-1.7133944145709692,-0.8801674598864218,43.38749617451815,,,,,,,,,-4.044629655082011,23.320966241244626,-11.660483120622313,0
2025-09-18,123.74,125.72,123.6,125.47,125.60199999999998,131.51183789963846,119.69216210036149,38.103232287395,27.927268130213232,0,0,,,,131.334688888889,132.6480357777779,130.0213420000001,,1.8466658549453285,-0.1050938679320157,0.543841185552485,0,49.498988747670474,42.53826095383194,,,,,0.08044303109355622,-1.612840625704024,-1.6932836567975802,-0.6936634651669052,49.498988747670474,,,,,,,,,-2.6899614454442684,23.31034645146514,-11.65517322573257,0
2025-09-19,126.33,127.85,125.19,127.04,125.63249999999996,131.5653673506168,119.69963264938312,47.947321460745535,37.60107948226591,0,0,,,,131.3093111111112,132.62240422222231,129.9962180000001,,2.851406272769874,1.1203311245100211,1.6116776644671926,0,53.257415780034975,42.53558498877927,,,,,0.3576526899416914,-1.246217794370466,-1.6038704843121574,-0.2851890935097097,53.257415780034975,,,,,53.257415780034975,,53.257415780034975,,-1.273452630967614,23.299485612386963,-11.649742806193482,0
2025-09-22,125.65,126.64,123.35,125.44,125.40849999999996,131.0057395875135,119.81126041248642,49.734762178456286,45.26177197553227,0,0,,,,131.268688888889,132.58137577777788,129.9560020000001,,1.4886731391584807,0.0251179146549374,0.2138385212920424,0,49.23587289860911,42.68585283299587,,,,,0.4251675076096748,-1.072411099800064,-1.4975786074097388,0.05308987827341015,49.23587289860911,,,,,,,,,-0.6757769702691453,23.288628469253936,-11.644314234626968,0
2025-09-23,125.44,126.855,123.05,123.5,125.17599999999996,130.68401016702342,119.66798983297649,53.17049438551564,50.28419267490582,0,0,,,,131.2141111111112,132.52625222222233,129.9019700000001,,-0.0558392477078451,-1.3389148079503754,-1.4724614865025853,0,44.816904443960894,42.86483476739672,,,,,0.33504337453461197,-1.0787743892414738,-1.4138177637760858,0.10525308500876959,44.816904443960894,,,,,,,,,-1.1738148885116209,23.277792090957497,-11.638896045478749,0
2025-09-24,123.5,125.59,122.08,123.08,124.98549999999996,130.5067407120173,119.46425928798264,50.169485061819536,51.02491387526382,0,0,,,,131.1487777777779,132.46026555555568,129.8372900000001,,-0.36912317057383737,-1.5245768509146718,-1.8459051953298666,0,43.89831934367178,42.900394101691596,,,,,0.24707787446661067,-1.1049704206928226,-1.3520482951594333,0.18596193370070585,43.89831934367178,,,,,,,,,-2.1822184846709924,23.26710346976757,-11.633551734883785,0
2025-09-25,122.91,122.91,121.1178,121.75,124.58049999999996,129.79480906257325,119.36619093742667,45.0474310541295,49.46247016715489,0,0,,,,131.08322222222233,132.39405444444455,129.77239000000012,,-1.341912062622641,-2.272024915616777,-2.8342342725801717,0,41.03037906173885,42.92711127255837,,,,,0.10643944608873324,-1.2189989875485168,-1.32543843363725,0.060873509235301805,41.03037906173885,41.03037906173885,,41.03037906173885,,,,,,-3.1203401598645915,23.256698521217505,-11.628349260608752,0
2025-09-26,122.2,123.91,121.65,123.7,124.24249999999995,128.7116604357012,119.77333956429871,47.70466238115753,47.64052616570219,0,0,,,,131.03393333333347,132.3442726666668,129.72359400000013,,0.1449146299009163,-0.43664607521576304,-1.253292887363211,0,46.54456874980287,43.202950295635915,,,,,0.14923848579378873,-1.138890326395014,-1.2881288121888028,0.16693835724371306,46.54456874980287,,,,,,,,,-3.045644747415846,23.246280963178517,-11.623140481589258,0
2025-09-29,124.44,124.58,122.83,122.92,123.86199999999994,127.30257320806466,120.42142679193522,46.67632500408076,46.47613947978925,0,0,,,,130.97375555555567,132.28349311111123,129.6640180000001,,-0.6915718717684372,-0.7605238087548538,-1.818995079767327,0,44.74231279158629,43.45819865694848,,,,,0.13020661341631756,-1.1253705454184058,-1.2555771588347233,0.16169197474693528,44.74231279158629,,,,,,,,,-3.0804120858722968,23.235889586244085,-11.617944793122042,0
2025-09-30,122.9,123.08,120.52,121.42,123.55349999999994,126.69514463299903,120.41185536700085,38.6277207686523,44.33623605129686,0,0,,,,130.905088888889,132.2141397777779,129.5960380000001,,-1.8844139892689293,-1.7267823250656122,-2.9118967975797716,0,41.42071962211146,43.53063473781263,,,,,0.02717252024927852,-1.2216115085231252,-1.2487840287724037,0.0276542442979801,41.42071962211146,,,,,,,,,-3.181625049418061,23.225548725080554,-11.612774362540277,0
2025-10-01,120.85,122.61,120.785,122.32,123.42449999999994,126.54620770573713,120.30279229426274,41.100923127354854,42.134989633362636,0,0,,,,130.8362000000001,132.1445620000001,129.52783800000012,,-1.0868158882133105,-0.8948790556169484,-2.09622295680284,0,44.10210594077144,43.84547756179528,,,,,0.029989141396673302,-1.211297602026562,-1.2412867434232353,-0.04603594983495573,44.10210594077144,,,,,,,,,-3.563137520629874,23.215374139487,-11.6076870697435,0
2025-10-02,122.47,122.5,120.02,121.49,123.23049999999992,126.32662322107429,120.13437677892556,37.09989416809234,38.9428460213665,0,0,,,,130.749888888889,132.05738777777788,129.4423900000001,,-1.4407865915987417,-1.4123938473023512,-2.670440889790826,0,42.184376828974926,44.096178893788405,,,,,-0.011469622051523576,-1.2556237709876399,-1.2441541489361163,-0.1998527273591202,42.184376828974926,,,,,,,,,-3.9526960852893858,23.205392280456383,-11.602696140228192,0
2025-10-03,121.65,122.25,119.84,120.22,123.0509999999999,126.39802195990562,119.70397804009419,31.489190886021234,36.56333606048947,0,0,,,,130.62922222222232,131.93551444444455,129.3229300000001,,-1.9284735365138195,-2.300672079056576,-3.527894952239985,0,39.363816196056895,44.44276512857634,,,,,-0.10655963241123523,-1.3773536894501603,-1.2707940570389251,-0.5833136017804778,39.363816196056895,,,,,,,,,-4.293515412478301,23.195599747751455,-11.597799873875728,0
2025-10-06,120.73,123.1499,120.05,120.35,122.8374999999999,126.29971821959586,119.37528178040395,30.339155339115408,32.97608013107632,0,0,,,,130.56584444444456,131.871502888889,129.26018600000012,,-1.4130657382757539,-2.025033072148097,-3.1757184385826642,0,39.8074765968946,44.52076808402876,,,,,-0.1406922935515369,-1.4466594239783461,-1.3059671304268092,-0.8169852431985238,39.8074765968946,,,,,,,,,-4.900237154663995,23.18617904301667,-11.593089521508334,0
2025-10-07,120.49,121.1,119.14,119.85,122.63949999999991,126.30365324462355,118.97534675537628,20.498169092711482,27.442171772616035,0,0,,,,130.48784444444453,131.792722888889,129.18296600000008,,-1.5282228247474383,-2.2745526522856996,-3.3628803801516116,0,38.636553112043636,44.18141500813772,,,,,-0.17471324065169158,-1.5243586812414236,-1.349645440589732,-0.914591836363396,38.636553112043636,38.636553112043636,,38.636553112043636,,,,,,-5.4886298795642405,23.177173641725723,-11.588586820862862,0
2025-10-08,120.235,120.77,118.91,119.99,122.4684999999999,126.2887475050833,118.64825249491652,19.124624337482054,23.32064958976964,0,0,,,,130.42913333333343,131.73342466666676,129.1248420000001,,-1.162263902274363,-2.0237857081616184,-3.0702368514588296,0,39.176040469077925,43.44406155966682,,,,,-0.16563922163218803,-1.556694467629967,-1.391055245997779,-0.9083774318809291,39.176040469077925,,,,,,,,,-5.733812661205129,23.168362617727126,-11.584181308863563,0
2025-10-09,120.46,121.4182,119.56,120.15,122.3234999999999,126.26274497843308,118.38425502156672,20.26163329874125,19.96147557631159,1,0,,,,130.373088888889,131.67681977777787,129.0693580000001,,-0.8998606082101679,-1.7768458227567785,-2.686810546379248,0,39.827142115697804,42.484756297928456,,,,,-0.12837590924041065,-1.5515251325482922,-1.4231492233078815,-0.9043952725551193,39.827142115697804,,,,,,,,,-5.92699415672237,23.159712820864367,-11.579856410432184,0
2025-10-10,120.3,120.58,116.32,118.19,122.10549999999992,126.43383212682359,117.77716787317625,17.209876779003295,18.865378138408857,0,0,,,,130.30033333333344,131.60333666666676,128.99733000000012,,-2.0714226530782143,-3.206653262956971,-3.9561183720456916,0,34.89875502350769,41.46067644970692,,,,,-0.21039835091904102,-1.6861471619566828,-1.4757488110376418,-0.9101116342894014,34.89875502350769,34.89875502350769,,34.89875502350769,,,,,,-6.4513449612575,23.151513259669137,-11.575756629834569,0
2025-10-13,118.91,119.8,118.25,118.86,122.02999999999993,126.52621173879542,117.53378826120444,19.04089531996421,18.837468465902912,1,0,,,,130.2397111111112,131.5421082222223,128.9373140000001,,-1.1838648531808937,-2.597721871670844,-3.105367274624382,0,37.735183238147435,40.954839220720245,,,,,-0.19456704413005776,-1.718957616200214,-1.5243905720701563,-0.9103410201724805,37.735183238147435,,,,,,,,,-6.799187767283893,23.143637705226368,-11.571818852613184,0
2025-10-14,117.69,124.47,117.69,122.89,122.09149999999993,126.59941869936675,117.5835813006331,37.27860624225569,24.509792780407732,0,0,,,,130.19837777777786,131.50036155555566,128.89639400000007,,2.0418330828440245,0.6540176834587852,0.3079953637447952,0,51.44007074189327,41.49353574916463,,,,,0.09663800127220501,-1.4035930704799,-1.500231071752105,-0.6058615772648808,51.44007074189327,,,,,,,,,-6.129415153090112,23.135177769815176,-11.567588884907588,0
2025-10-15,124.335,125.875,122.69,124.26,122.14449999999992,126.72760146081023,117.56139853918961,53.66370876005077,36.661070107423555,0,0,,,,130.16646666666676,131.46813133333345,128.86480200000008,,3.01347150259057,1.731965008657843,1.443911678105203,0,55.061280317447824,42.49574298171528,,,,,0.37520127818016324,-1.031229474026901,-1.4064307522070643,-0.26607701148277074,55.061280317447824,,,,,,,,,-4.592117532689464,23.12564040556187,-11.562820202780935,0
2025-10-16,124.26,126.97,122.045,122.89,122.01549999999993,126.35573259746182,117.67526740253804,56.22109938885718,49.05447146372122,0,0,,,,130.11153333333343,131.41264866666677,128.81041800000008,,1.7596157827184156,0.7167122209883692,0.393218345106372,0,50.96811862496255,42.81171082994097,,,,,0.4555226337593745,-0.837027460007846,-1.2925500937672205,0.0364997666747306,50.96811862496255,,,,,,,,,-3.5934509994754102,23.11561073285331,-11.557805366426654,0
2025-10-17,123.065,126.4,122.805,125.91,121.95899999999992,126.0588970718888,117.85910292811104,66.38905912828686,58.75795575906494,0,0,,,,130.07886666666678,131.37965533333346,128.7780780000001,,3.7714078494073267,3.2396133126707083,2.801576328939004,0,58.3230637977537,43.78176447323864,,,,,0.6865005313841739,-0.4344244295370032,-1.120924960921177,0.41436561402542926,58.3230637977537,,,,,,,,,-2.870265064433377,23.10532821295061,-11.552664106475305,0
2025-10-20,126.11,128.5,125.79,127.21,122.04749999999993,126.50496059994755,117.5900394000523,72.17047536161988,64.92687795958797,0,0,,,,130.03384444444455,131.334182888889,128.73350600000012,,4.253401081789776,4.2299104856716285,3.789825806714897,0,61.032765941163994,45.18262492459953,,,,,0.8884677324523673,-0.010340295355717899,-0.8988080278080852,0.6027001888419434,61.032765941163994,,,,,,,,,-2.1838324677744674,23.094883972368866,-11.547441986184433,0
2025-10-21,126.87,129.5,126.675,128.56,122.30049999999994,127.56106071156643,117.03993928843346,75.94714254230756,71.50222567740477,0,0,,,,129.9788666666668,131.27865533333346,128.67907800000012,,4.613031060045003,5.118131160543138,4.7559551294240165,0,63.67406553378817,46.580622038386444,,,,,1.0628300220445779,0.4297294997476371,-0.6331005222969408,0.7736477460858586,63.67406553378817,,,,,63.67406553378817,,63.67406553378817,,-0.7968196647106209,23.084327398246938,-11.542163699123469,0
2025-10-22,128.52,128.965,127.31,127.5,122.52149999999992,128.2454471521055,116.79755284789432,74.90114589116097,74.33958793169613,0,0,,,,129.9247777777779,131.2240255555557,128.6255300000001,,3.1202989275488147,4.063368470023687,3.7769379156165517,0,60.22236829681215,47.86905000037482,,,,,1.0545267541699774,0.6850579204155309,-0.36946883375444645,0.8632750584838221,60.22236829681215,,,,,,,,,-0.4678779558337376,23.073799939021765,-11.536899969510882,0
2025-10-23,127.53,128.8,126.74,127.35,122.80149999999995,128.88375377636223,116.71924622363768,74.35454591760384,75.06761145035746,0,0,,,,129.87620000000013,131.17496200000014,128.57743800000011,,2.4026631929366493,3.703944984385399,3.5340601448745845,0,59.72893893181486,49.323701624357525,,,,,0.9878381190100811,0.8653288150081551,-0.12250930400192611,0.8941282564063715,59.72893893181486,,,,,,,,,-0.48768172184276404,23.063285505179124,-11.531642752589562,0
2025-10-24,127.65,129.06,127.35,127.99,123.01599999999993,129.49924116473187,116.53275883526801,75.98206754583806,75.07925311820095,0,0,,,,129.84011111111124,131.13851222222235,128.54171000000014,,2.1126198720300415,4.043376471353377,3.9011995573031033,0,61.19005133601092,50.85102839143726,,,,,0.936215066724733,1.04775952940399,0.11154446267925713,0.9173645003565091,61.19005133601092,,,,,,,,,-0.6715589872723373,23.052775740086354,-11.526387870043177,0
2025-10-27,128.23,129.54,126.38,129.07,123.32349999999994,130.32225210305748,116.3247478969424,80.00361537717647,76.78007628020613,0,0,,,,129.802688888889,131.1007157777779,128.5046620000001,,2.142241004091372,4.659695840614364,4.531846024679909,0,63.59071422882048,52.63346847120704,,,,,0.9226869441860273,1.2649031429117912,0.3422161987257639,0.9273504711357143,63.59071422882048,,,,,,,,,-0.29273771067279936,23.042306107070868,-11.521153053535434,0
2025-10-28,129.59,130.05,127.67,128.01,123.65299999999993,130.87908081881548,116.4269191811844,78.91768079133838,78.30112123811766,0,0,,,,129.760688888889,131.0582957777779,128.46308200000013,,0.8945812807881426,3.5235699902145923,3.495949420306288,0,59.68820934981436,54.09862339125964,,,,,0.795072361372753,1.336056650441705,0.5409842890689521,0.9093873644197804,59.68820934981436,,,,,,,,,-0.14836106733873047,23.03186649565949,-11.515933247829745,0
2025-10-29,127.87,128.68,125.465,126.48,123.86099999999995,131.16073944740845,116.56126055259143,71.30518241470111,76.74215952773866,0,0,,,,129.70473333333345,131.00178066666678,128.40768600000013,,-0.4854559903066269,2.1144670235183405,2.168633174110002,0,54.49018528893304,55.1459836179193,,,,,0.5708339300530892,1.2545267016353137,0.6836927715822244,0.8387365770251651,54.49018528893304,,,,,,,,,-0.5764493379596033,23.021403952614797,-11.510701976307399,0
2025-10-30,125.47,128.275,125.26,126.34,124.10349999999994,131.39429769298692,116.81270230701296,68.34499260385243,72.85595193663066,0,0,,,,129.6603777777779,130.9569815555557,128.36377400000012,,-0.8647070824375214,1.8021248393478517,2.031641599793277,0,54.02654812153863,56.512254553492944,,,,,0.3851939982229895,1.1651852693609612,0.7799912711379717,0.7293612982288474,54.02654812153863,54.02654812153863,,54.02654812153863,,,,,,-1.3221547518067363,23.01096011579399,-11.505480057896994,0
2025-10-31,126.18,127.15,125.26,126.54,124.41949999999994,131.55583652514142,117.28316347485848,64.23971980718454,67.96329827524603,0,0,,,,129.61424444444455,130.910386888889,128.3181020000001,,-0.7568330653700106,1.704314838108223,2.2069177191504252,0,54.62057431796122,57.718353916336795,,,,,0.2542984807370443,1.0978643720592771,0.8435658913222328,0.590718997603804,54.62057431796122,,,,,,,,,-1.747118839887685,23.000572215412774,-11.500286107706387,0
2025-11-03,126.46,127.325,124.6201,126.8,124.74199999999993,131.69415534924647,117.78984465075338,61.90497605657778,64.8298961558716,0,0,,,,129.56771111111124,130.86338822222234,128.27203400000013,,-0.5209314002385224,1.6498051979285666,2.379433683479615,0,55.42687969743162,58.00312598458953,,,,,0.1678269230598367,1.0533495451470287,0.885522622087192,0.41762310004724723,55.42687969743162,,,,,,,,,-1.6995628270883278,22.99019229320488,-11.49509614660244,0
2025-11-04,125.5,125.99,121.93,122.35,124.86699999999993,131.54741645408907,118.1865835459108,40.98202533614911,55.70890706663715,0,0,,,,129.49682222222233,130.79179044444456,128.2018540000001,,-3.5421741838335907,-2.015744752416526,-1.182950862041099,0,41.75281406743155,57.05252125244551,,,,,-0.18723128339021122,0.651483517849428,0.8387148012396393,-0.09970379345279856,41.75281406743155,,,,,,,,,-2.7526960728285434,22.98004421490459,-11.490022107452296,0
2025-11-05,122,124.09,121.6,122.5,124.99249999999992,131.3900366353058,118.59496336469405,35.64189268361015,46.17629802544568,0,0,,,,129.4242000000001,130.7184420000001,128.1299580000001,,-3.0417197628677894,-1.9941196471787714,-1.0463506971183367,0,42.26982064441243,56.43121425383479,,,,,-0.3980336684859308,0.34117271563222573,0.7392063841181565,-0.6075737696924044,42.26982064441243,,,,,,,,,-3.80174462538314,22.970299742406958,-11.485149871203479,0
2025-11-06,122.38,123.39,119.82,120.53,125.01149999999993,131.35341225105438,118.66958774894549,27.406317134742622,34.67674505150063,0,0,,,,129.34891111111122,130.64240022222234,128.0554220000001,,-4.083207996116556,-3.58487019194228,-2.605692983968255,0,37.555160497525726,54.947792589532796,,,,,-0.6417549381443176,-0.06298728856224045,0.5787676495820772,-0.7909248150676053,37.555160497525726,,,,,,,,,-5.3916464722469755,22.961488123017766,-11.480744061508883,0
2025-11-07,125.495,125.76,117.1473,120.88,125.14599999999993,130.99875798235956,119.2932420176403,25.4810364562014,29.50974875818473,0,0,,,,129.30415555555567,130.59719711111123,128.0111140000001,,-3.2573029211685034,-3.4088184999919613,-2.2486266180030134,0,38.859925950873844,53.364018304512065,,,,,-0.7438131858413393,-0.350998832719597,0.3928143531217423,-0.8695157476094587,38.859925950873844,,,,,,,,,-5.7072804191583915,22.95291595449201,-11.476457977246005,0
2025-11-10,121.94,122.83,119.78,120.2,125.21299999999992,130.8010805291342,119.62491947086566,21.351643522662275,24.746332371202104,0,0,,,,129.25082222222235,130.5433304444446,127.95831400000013,,-3.113740599534154,-4.003577903252797,-2.7271991583717403,0,37.23220409873059,51.47531391629367,,,,,-0.815766626877956,-0.6268939304757026,0.1888726964022533,-0.8949990965491003,37.23220409873059,37.23220409873059,,37.23220409873059,,,,,,-6.201186960767612,22.944743224993818,-11.472371612496909,0
2025-11-11,120.28,123.459,120,122.53,125.19499999999994,130.81512277446683,119.57487722553306,28.248391600388025,25.02702385975057,0,0,,,,129.20766666666677,130.49974333333344,127.9155900000001,,-0.7974739910132866,-2.128679260353794,-0.8713098772722971,0,45.635092074758056,50.433365614718376,,,,,-0.6711285748038422,-0.6500380221025495,0.02109055270129273,-0.8944757892645945,45.635092074758056,,,,,,,,,-5.571195682039741,22.936087886602845,-11.468043943301423,0
2025-11-12,122.66,122.85,120.705,121.69,125.06649999999993,130.88043937017534,119.25256062982453,28.085110142038914,25.895048421696412,0,0,,,,129.18166666666679,130.47348333333346,127.88985000000012,,-1.0939887512598445,-2.699763725697879,-1.53415435405303,0,43.380370105534475,49.2656106985555,,,,,-0.5990896931398857,-0.7277715637235644,-0.12868187058367872,-0.8988951132317092,43.380370105534475,,,,,,,,,-5.24976669104458,22.927215928560994,-11.463607964280497,0
2025-11-13,121.505,123.4,121,121.19,124.98149999999991,130.96740101823468,118.99559898176516,27.386628467621804,27.90671007001625,0,0,,,,129.1454000000001,130.43685400000012,127.85394600000011,,-1.0863443817794916,-3.033648980048975,-1.9307956237456847,0,42.04862453481523,47.89836592704152,,,,,-0.5532675099327303,-0.8202662579995916,-0.2669987480668613,-0.8846783835200192,42.04862453481523,,,,,,,,,-4.9003461108121735,22.9181270356716,-11.4590635178358,0
2025-11-14,120.92,122.75,119.6042,122.02,124.78699999999992,130.89120871203565,118.6827912879642,29.972418135746068,28.481385581802268,0,0,,,,129.0912222222223,130.38213444444455,127.8003100000001,,-0.04014123159855609,-2.217378412815374,-1.307062667831349,0,45.06358153169152,46.57499930581802,,,,,-0.44014101853059034,-0.8171750212300992,-0.3770340026995089,-0.8216354057846137,45.06358153169152,,,,,,,,,-4.952338845972188,22.909081175188373,-11.454540587594186,0
2025-11-17,120.74,121.33,116.7012,117.6,124.30649999999991,131.05144262392974,117.56155737607007,18.460930076047077,25.273325559804988,0,0,,,,129.01602222222232,130.30618244444454,127.72586200000009,,-2.929450511353826,-5.395132193408969,-4.811498166650008,0,34.707975564095634,44.7906968925524,,,,,-0.6247993328950495,-1.1580331688183207,-0.5332338359232712,-0.8235401117693413,34.707975564095634,,,,,,,,,-5.933182714512479,22.90073732195609,-11.450368660978045,0
2025-11-18,116.59,118.54,115.39,115.42,123.6494999999999,131.12901729726653,116.16998270273326,14.717762832743013,21.050370348178728,0,0,,,,128.92904444444454,130.218334888889,127.6397540000001,,-4.180779703792292,-6.655506087772222,-6.464248088819224,0,30.932406427795215,43.107998402471125,,,,,-0.8420476894761335,-1.5857934477684381,-0.7437457582923046,-0.8338795686279273,30.932406427795215,,,,,,,,,-7.3376799679600895,22.89365315112635,-11.446826575563176,0
2025-11-19,115.5,115.91,114.075,114.44,122.9964999999999,131.2569631226173,114.7360368773825,12.64443744318313,15.274376783991078,0,0,,,,128.83624444444456,130.12460688888902,127.54788200000011,,-4.354366903468487,-6.9567020199761025,-7.119185142099626,0,29.384902825803366,41.34788088134717,,,,,-0.9898339417124259,-1.981038185432837,-0.991204243720411,-0.843001898875621,29.384902825803366,,,,,,,,,-9.216727999099772,22.888728085603002,-11.444364042801501,0
2025-11-20,114.51,115.14,110.81,111.54,122.20599999999988,131.5972393218431,112.81476067815666,10.048739320833416,12.47031319891986,0,0,,,,128.73915555555567,130.02654711111123,127.45176400000011,,-6.072369916884945,-8.727885701192973,-9.26149891261312,0,25.344230156230736,39.25671344122356,,,,,-1.2066093758565157,-2.4994659635410557,-1.29285658768454,-0.8416015449231095,25.344230156230736,25.344230156230736,,25.344230156230736,,,,,,-10.696080585424923,22.88588297907883,-11.442941489539415,0
2025-11-21,112.17,115.69,111.84,114.26,121.51949999999991,131.12403533493983,111.91496466506,14.89974185701028,12.530972873675614,1,0,,,,128.66115555555567,129.94776711111123,127.37454400000011,,-3.242469662712044,-5.973938339114227,-6.949598377766475,0,34.44891440923108,37.75828734920923,,,,,-1.0938567887207453,-2.6601775735854716,-1.5663207848647263,-0.8293683546329055,34.44891440923108,,,,,,,,,-10.898275449954257,22.883339955636874,-11.441669977818437,0
2025-11-24,114.665,115.05,113.38,114.41,120.78649999999989,130.21013682450254,111.36286317549724,18.863205614949067,14.603895597597594,0,0,,,,128.5856000000001,129.8714560000001,127.29974400000012,,-2.6380733554591362,-5.27914957383474,-6.714754739954765,0,34.920276065725446,37.27024892051594,,,,,-0.9419913739233174,-2.743810002268873,-1.8018186283455555,-0.8428951604623118,34.920276065725446,,,,,,,,,-10.78955812947884,22.88061991429567,-11.440309957147836,0
2025-11-25,114.465,119.24,114.465,118.56,120.3139999999999,129.1721925921776,111.45580740782219,34.40812449515018,22.723690655703184,0,0,,,,128.52817777777787,129.81345955555565,127.24289600000009,,1.2355588192599853,-1.4578519540534685,-3.2171165949665514,0,46.40324914490152,37.56549381340802,,,,,-0.5161541883212426,-2.4470113637471087,-1.930857175425866,-0.7300342425093598,46.40324914490152,,,,,46.40324914490152,,46.40324914490152,,-8.847316805652083,22.87521401731001,-11.437607008655005,0
2025-11-26,117.99,118.04,116.4,116.74,119.82699999999991,128.33991278001142,111.3140872199884,37.90524155679618,30.392190555631817,0,0,,,,128.44386666666676,129.72830533333342,127.15942800000009,,0.10461506799974707,-2.576214041910352,-4.507417839351479,0,42.83378463661599,37.9425383947716,,,,,-0.32073492661489045,-2.331775833694479,-2.0110409070795887,-0.7001023526942161,42.83378463661599,,,,,,,,,-8.106061218829419,22.868942817085347,-11.434471408542674,0
2025-11-28,116.755,117.79,116.4,116.99,119.35949999999988,127.40445736471722,111.31454263528255,39.396819291758305,37.23672844790156,0,0,,,,128.36293333333344,129.64656266666677,127.0793040000001,,0.6815952081790977,-1.9851792274598101,-4.148721464055416,0,43.47696599250594,38.272326969173896,,,,,-0.1471477724047312,-2.1949756225855026,-2.0478278501807714,-0.6365162061074909,43.47696599250594,,,,,,,,,-7.35817739275389,22.861889323619522,-11.430944661809761,0
2025-12-01,116,119.6196,115.645,118.8,118.9724999999999,126.31231982068356,111.63268017931624,49.1447102148447,42.14892368779974,0,0,,,,128.30742222222236,129.59049644444457,127.02434800000013,,2.523387068935712,-0.1449914896298754,-2.4763989601860437,0,48.03548850865439,39.04399014131131,,,,,0.10354664941595892,-1.9183945384108227,-2.0219411878267817,-0.5060479138931676,48.03548850865439,,,,,,,,,-7.231397790644034,22.854716423727368,-11.427358211863684,0
2025-12-02,118.65,120.0907,117.37,118.5,118.55749999999989,124.95865263059011,112.15634736940967,50.67515564441782,46.40556171700695,0,0,,,,128.2527555555557,129.53528311111126,126.97022800000013,,2.1851232257730446,-0.04849967315428971,-2.4902695986329104,0,47.35380794663877,39.16675556073137,,,,,0.25453732249955996,-1.7037695347023316,-1.9583068572018916,-0.2987001435200992,47.35380794663877,,,,,,,,,-6.691639233449777,22.847048693656447,-11.423524346828223,0
2025-12-03,118.26,120.7225,117.63,120.13,118.4464999999999,124.65483399553487,112.23816600446493,57.90371087257962,52.574525577280724,0,0,,,,128.21053333333344,129.49263866666678,126.92842800000011,,3.171672234770684,1.4213167970350327,-0.9198979479622338,0,51.390201917281814,39.7388864044276,,,,,0.45770838599655805,-1.3861713747061941,-1.8438797607027522,0.00622318926185161,51.390201917281814,,,,,,,,,-5.778982097499498,22.838646508571316,-11.419323254285658,0
2025-12-04,120.15,121,119.22,120.82,118.36249999999988,124.39207005101692,112.33292994898285,62.19884895243473,56.9259051564774,0,0,,,,128.17484444444455,129.456592888889,126.8930960000001,,3.198804185351256,2.076248811912662,-0.16746174270382275,0,53.03183592122854,40.52340150345712,,,,,0.6219027304445635,-1.0665013476470477,-1.6884040780916112,0.34445920602377916,53.03183592122854,,,,,,,,,-5.145934015317234,22.82981581586837,-11.414907907934184,0
2025-12-05,120.92,124.81,120.4001,124.32,118.55199999999988,125.06128751862556,112.0427124813742,76.06725933588024,65.38993972029819,0,0,,,,128.16026666666676,129.44186933333341,126.87866400000009,,5.041697295379044,4.865375531412486,2.8103593235290436,0,60.34711571811863,41.61508251677334,,,,,0.9309700768499081,-0.5246914820292261,-1.4556615588791342,0.7770783405349261,60.34711571811863,,,,,,,,,-3.4862447126214193,22.820146152997115,-11.410073076498557,0
2025-12-08,124.215,124.215,120.915,122.01,118.60849999999989,125.21650204298729,112.0004979570125,73.97279882134467,70.74630236988655,0,0,,,,128.11355555555568,129.39469111111123,126.83242000000011,,2.4192465247464767,2.867838308384396,1.0666350053980977,0,54.33240299228705,43.016827333072726,,,,,0.9417366973158594,-0.27849068723431003,-1.2202273845501694,0.8964425717848364,54.33240299228705,,,,,,,,,-2.8659747726698264,22.81028174652916,-11.40514087326458,0
2025-12-09,121.61,125.81,121.1538,125.39,118.8679999999999,126.08516731135633,111.65083268864346,80.48692733250975,76.84232849657822,0,0,,,,128.08346666666677,129.36430133333343,126.8026320000001,,4.295243957213879,5.486758421105864,3.9720950030265767,0,60.531129476257966,45.131021836534345,,,,,1.1259458964681688,0.18720498603504154,-0.9387409104331272,0.9409081937815684,60.531129476257966,,,,,,,,,-1.544619279687409,22.800189042311743,-11.400094521155872,0
2025-12-10,125.45,128.83,124.46,127.57,119.11999999999989,127.13850360105432,111.10149639894546,83.85961181070871,79.43977932152104,0,0,,,,128.04991111111121,129.33041022222233,126.7694120000001,,5.319210415514264,7.093687038280816,5.792594435460474,0,63.93164760588096,47.59864646368275,,,,,1.330061538154429,0.723836012259909,-0.60622552589452,0.9572010629863668,63.93164760588096,,,,,,,,,-0.6116374365334432,22.790102992878932,-11.395051496439466,0
2025-12-11,127.6,129.61,126.97,128,119.43549999999989,128.28694841255464,110.58405158744515,85.68945676677879,83.3453319699991,0,0,,,,128.02737777777787,129.30765155555565,126.74710400000009,,4.700907135203192,7.1708160471552596,6.104606984667371,0,64.57988929240045,50.401193544837724,,,,,1.421241682176643,1.1703265768262838,-0.25091510535035916,0.9574975587965341,64.57988929240045,,,,,,,,,1.0327843353517705,22.780347371967334,-11.390173685983667,0
2025-12-12,128.93,130.6,128.19,128.39,119.79549999999988,129.4521401507007,110.13885984929904,86.50483407494112,85.35130088414287,0,0,,,,128.0091111111112,129.28920222222231,126.72902000000008,,4.049662460593373,7.174309552529201,6.367643160127279,0,65.19094903016384,52.59705316061864,,,,,1.4310642265355003,1.5379151778190163,0.10685095128351596,0.9596127088819222,65.19094903016384,,,,,,,,,1.8798349284285931,22.770930995370975,-11.385465497685487,0
2025-12-15,129.29,132.25,128.3,131.81,120.2849999999999,131.2473090633364,109.3226909366634,89.66195502199989,87.28541528790659,0,0,,,,128.00275555555564,129.2827831111112,126.72272800000007,,5.7067701733844345,9.581410815978808,9.042325839195486,0,70.06759810966354,55.107576163757074,,,,,1.579484326098432,2.081206358906556,0.501722032808124,0.9563624652996728,70.06759810966354,,,,,,,,,3.041067481578345,22.762154325303303,-11.381077162651652,0
2025-12-16,132.03,133.0485,131.17,132.01,121.0054999999999,133.01170751945054,108.99929248054926,89.84272582964358,88.66983830886154,0,0,,,,128.02462222222232,129.30486844444454,126.7443760000001,,4.732436828116926,9.094214725777006,9.051106950104671,0,70.32938293811303,56.81658572041504,,,,,1.5979014195418766,2.4990988072354696,0.9011973876935931,0.9809024741698893,70.32938293811303,,,,,,,,,4.130415566896059,22.754165852637147,-11.377082926318574,0
2025-12-17,133.96,136.82,133.6211,133.78,121.92349999999988,134.85316090043133,108.99383909956843,89.7945824576896,89.76642110311103,0,0,,,,128.04604444444453,129.326504888889,126.76558400000009,,4.999607566125097,9.7245403880303,10.166537195686033,0,72.61228198998107,58.9436212456554,,,,,1.6304214844916425,2.9392242433081464,1.3088027588165039,0.9842789536388595,72.61228198998107,,,,,,,,,5.555726334133081,22.74747949576241,-11.373739747881205,0
2025-12-18,133.3,135.41,132.96,133.99,122.90099999999988,136.36478980822733,109.43721019177244,90.06756775567042,89.90162534766789,0,0,,,,128.0591111111112,129.33970222222231,126.7785200000001,,4.088497362635657,9.022709335156055,9.99255716208971,0,72.87890526380205,61.04375976503369,,,,,1.5668046473010186,3.267308567942777,1.7005039206417585,0.9842293605548981,72.87890526380205,,,,,,,,,6.132660389947106,22.741409612454643,-11.370704806227321,0
2025-12-19,134.15,137.05,133.61,135.28,124.08799999999988,137.52195786803432,110.65404213196544,91.98563451587498,90.61592824307836,0,0,,,,128.07111111111118,129.3518222222223,126.79040000000006,,4.203415419455725,9.019405583134654,10.605106737852509,0,74.51986893219697,62.93550122385816,,,,,1.5116179742573248,3.5900263884634143,2.0784084142060895,0.9862298036678457,74.51986893219697,,,,,,,,,6.956654569536565,22.736304645032885,-11.368152322516442,0
2025-12-22,136.09,138.52,135.95,136.95,125.22249999999988,138.97354196052513,111.47145803947465,92.97503260001068,91.6760782905187,0,0,,,,128.09404444444453,129.37498488888897,126.8131040000001,,4.289619775048159,9.365329713110748,11.482251298387691,0,76.502007260362,65.01751546055267,,,,,1.4854135704926579,3.9351753773219116,2.4497618068292537,0.9860024709518482,76.502007260362,,,,,76.502007260362,,76.502007260362,,7.751504738867625,22.732225609257778,-11.366112804628889,0
2025-12-23,136.6,137.21,135.58,136.49,126.3264999999999,139.97293436946487,112.68006563053493,90.5151879711975,91.82528502902774,0,1,,,,128.11768888888898,129.39886577777787,126.83651200000008,,3.0681054467744717,8.04542198192788,10.618835485988631,0,74.7764740254475,66.6879634682788,,,,,1.339431187851202,4.124050791643256,2.7846196037920543,0.9812320121990722,74.7764740254475,,,,,,,,,8.35185342988948,22.728981516014894,-11.364490758007447,0
2025-12-24,136.01,137.99,135.81,136.78,127.23749999999988,141.11903143569336,113.35596856430641,89.71693268421991,91.0690510851427,0,0,,,,128.1488000000001,129.4302880000001,126.86731200000011,,2.573716891141986,7.499754396306213,10.428754426946018,0,75.15690946747543,68.26832586443929,,,,,1.1708373395044402,4.248166278172604,3.077328938668164,0.9739866689680114,75.15690946747543,,,,,,,,,8.736556211321655,22.726296745072524,-11.363148372536262,0
2025-12-26,136.73,137.2113,136.15,136.82,128.2414999999999,141.8426106531834,114.64038934681638,88.35533365707151,89.52915143749634,0,0,,,,128.1758222222223,129.45758044444455,126.89406400000009,,1.9295239514266482,6.689332236444612,10.013106370661063,0,75.21244303524385,69.33013495851966,,,,,0.9782860395417137,4.3001864880953065,3.321900448553593,0.963211763788353,75.21244303524385,,,,,,,,,8.714592987111702,22.723570711280324,-11.361785355640162,0
2025-12-29,136.5,137.16,136.16,136.62,129.2229999999999,142.25593689082098,116.19006310917882,83.49857141513692,87.19027925214282,0,0,,,,128.20702222222232,129.48909244444454,126.92495200000009,,1.1602852213575376,5.724213181864002,9.399856930846372,0,74.31790644766525,70.7576709196181,,,,,0.7632665792718276,4.2759836726433775,3.51271709337155,0.9537320336908441,74.31790644766525,,,,,,,,,8.76929828241009,22.720918320100946,-11.360459160050473,0
2025-12-30,135.89,137.42,135.89,136.91,130.12849999999986,142.64520607628643,117.6117939237133,82.23587422806,84.6965931000895,0,0,,,,128.2263111111112,129.5085742222223,126.94404800000008,,0.993633956167983,5.211387205723694,9.198076212403627,0,74.78618012346831,71.77588882299027,,,,,0.5749672031556878,4.2314260973161595,3.6564588941604717,0.9330933330741905,74.78618012346831,,,,,,,,,8.817575745089,22.71832999948789,-11.359164999743944,0
2025-12-31,136.62,137.58,135.565,135.72,130.98949999999988,142.5182128076004,119.46078719239935,76.69592071684862,80.81012212001521,0,0,,,,128.2296000000001,129.5118960000001,126.94730400000009,,-0.15742934070943626,3.6113581622955415,7.7299607085687505,0,69.20958383416904,72.15288426786799,,,,,0.3175258135689951,4.0533661611217155,3.7358403475527204,0.8721996786182372,69.20958383416904,,,,,,,,,8.530214076196932,22.715307373135808,-11.357653686567904,0
2026-01-02,135.94,136.11,132.34,133.01,131.63349999999988,142.04901779798521,121.21798220201454,65.12716960650917,74.68632151713928,0,0,,,,128.21968888888898,129.5018857777779,126.93749200000009,,-2.0955857997747684,1.0457064501058655,5.089754124265244,0,58.50962344022902,71.71929384985573,,,,,-0.06748350207461451,3.6514859699594524,3.718969472034067,0.6601098927691867,58.50962344022902,58.50962344022902,,58.50962344022902,,,,,,7.580051357358847,22.710962696713956,-11.355481348356978,0
2026-01-05,133.1,137.96,132.635,135.87,132.38599999999988,141.68230119994752,123.08969880005225,64.02047874350627,68.61452302228804,0,0,,,,128.22568888888898,129.50794577777788,126.94343200000009,,-0.12863390789813467,2.631698215823519,6.746943147386286,0,64.71037585268121,71.68496719432126,,,,,-0.1566489018294237,3.523158344747287,3.679807246576711,0.5326202156074362,64.71037585268121,,,,,,,,,7.304267239577373,22.706259944768348,-11.353129972384174,0
2026-01-06,135.95,138.38,135.945,138.02,133.07099999999986,141.89600062323927,124.24599937676042,67.47639601636007,65.54134812212519,0,0,,,,128.21457777777786,129.49672355555563,126.93243200000008,,1.2478084492990593,3.7190672648437006,7.689306753013736,0,68.51927012375813,71.57437233818517,,,,,-0.10066437573664988,3.5539767769058983,3.654641152642548,0.5024084646406343,68.51927012375813,,,,,,,,,7.910993892452383,22.70235074897065,-11.351175374485326,0
2026-01-07,137.65,139.55,136.83,137.04,133.82249999999988,141.19156201630486,126.45343798369488,70.21291813594155,67.23659763193598,0,0,,,,128.19680000000008,129.4787680000001,126.91483200000008,,0.5222698198462439,2.404304208933561,6.294906831655811,0,65.07167566398553,71.19882181860463,,,,,-0.15615734278647508,3.4594444741594543,3.6156018169459294,0.3857381325979616,65.07167566398553,,,,,,,,,8.980095502939465,22.699974026440085,-11.349987013220042,0
2026-01-08,136.105,138.78,134.55,138.66,134.48599999999988,141.0435159931287,127.92848400687106,68.7028715959884,68.79739524943004,0,0,,,,128.09564444444453,129.376600888889,126.81468800000009,,1.5489399099197998,3.1036687833678744,6.881330325438473,0,67.94310736575719,70.86530934544578,,,,,-0.11233136973211533,3.4751876047807855,3.587518974512901,0.3961755782524089,67.94310736575719,,,,,,,,,9.726740050022888,22.698763460668644,-11.349381730334322,0
2026-01-09,140.005,141.4,137.91,139.27,135.07099999999986,141.12436567540541,129.0176343245943,71.48146988609822,70.13241987267608,0,0,,,,128.00084444444454,129.28085288888897,126.72083600000009,,1.8100209073497409,3.108735405823726,6.783312759252613,0,68.97729630441412,70.58662299120378,,,,,-0.07275145361647706,3.4965796574923047,3.5693311111087818,0.41045051021853324,68.97729630441412,,,,,,,,,10.050703356364588,22.698075504921643,-11.349037752460822,0
2026-01-12,139.28,140.24,137.015,138.51,135.59649999999988,140.8789398718926,130.31406012810714,69.4502179091676,69.87818646375143,0,0,,,,127.9143111111112,129.19345422222233,126.63516800000009,,1.1295021283119988,2.1486542794247,5.612968488687131,0,66.11542752459059,69.98630574780333,,,,,-0.12517211248704196,3.412865970499979,3.538038082987021,0.42356126557393026,66.11542752459059,,,,,,,,,10.437118973623845,22.698031573916307,-11.349015786958153,0
2026-01-13,138.14,140.19,136.5,140.07,136.18049999999988,140.67000542935077,131.690994570649,73.19034899615592,71.37401226380727,0,0,,,,127.84657777777787,129.12504355555564,126.56811200000008,,2.011536108602563,2.856135790366543,6.179596415955357,0,68.96206437471463,69.44773839882852,,,,,-0.08416669923154174,3.432829708947594,3.5169964081791356,0.5904722229067888,68.96206437471463,,,,,,,,,10.791695753583392,22.698594218234266,-11.349297109117133,0
2026-01-14,139.5,139.65,130.15,132.79,136.22949999999986,140.54515742386667,131.91384257613305,50.18186586753369,64.27414425761908,0,0,,,,127.78755555555564,129.0654311111112,126.50968000000009,,-2.9993571762505833,-2.5247835454140777,0.3064310228048095,0,48.48960005247901,67.57010454361648,,,,,-0.5507095206677461,2.828609507344453,3.379319028012199,0.20317845138954296,48.48960005247901,,,,,,,,,9.061907752141197,22.696282838637043,-11.348141419318521,0
2026-01-15,134.54,135.5,131.93,132.6,136.25899999999984,140.4655705747321,132.05242942526758,41.80647855659264,55.05956447342743,0,0,,,,127.73324444444452,129.01057688888898,126.45591200000008,,-2.916886311720268,-2.6853272077439705,-0.19143774008124614,0,48.088357744189544,65.63663656338177,,,,,-0.8571943822783235,2.3078260501642944,3.165020432442618,-0.039777640749643565,48.088357744189544,,,,,,,,,7.482753902580036,22.691758675135357,-11.345879337567679,0
2026-01-16,132.6,132.76,129.85,130.66,136.10299999999987,140.86100000001906,131.34499999998067,33.417783823803745,41.80204274931004,0,0,,,,127.68484444444451,128.96169288888896,126.40799600000007,,-4.17238116891212,-3.9991770938185622,-1.9108344010249856,0,44.077748647517346,63.41272982140131,,,,,-1.1570187649114367,1.718746976303322,2.875765741214759,-0.26785312393500404,44.077748647517346,44.077748647517346,,44.077748647517346,,,,,,4.994087817228171,22.684537061987196,-11.342268530993598,0
2026-01-20,127.83,132.035,127.83,130.73,135.93999999999988,141.17575782482058,130.7042421751792,31.42900495973271,35.55108911337637,0,0,,,,127.6257333333334,128.90199066666673,126.34947600000007,,-3.7582360952626237,-3.8325731940561214,-2.1010616389628756,0,44.25839568603955,61.26562190985662,,,,,-1.3060406147028933,1.2432149728361424,2.5492555875390357,-0.4202634579415992,44.25839568603955,,,,,,,,,4.467093538509061,22.6768723424994,-11.3384361712497,0
2026-01-21,130.73,134.97,129.7,133.59,135.85549999999986,141.18485071093934,130.52614928906038,37.49667821846624,34.114489000667575,0,0,,,,127.59968888888895,128.87568577777785,126.32369200000007,,-1.3309501299929027,-1.6675806279465077,-0.19027031334829525,0,51.19522754534691,59.580553868562234,,,,,-1.1717023740297114,1.0846276200018963,2.2563299940316077,-0.44361162645140034,51.19522754534691,,,,,,,,,4.742520680822732,22.66944352723231,-11.334721763616155,0
2026-01-22,134.32,137.21,133.51,133.8,135.69799999999987,141.07463314725746,130.32136685274227,39.91032310038979,36.27866875952959,0,0,,,,127.57715555555562,128.85292711111117,126.30138400000007,,-0.9387863890780723,-1.3986941590884538,-0.3260386429045026,0,51.67081362299318,58.32778456776396,,,,,-1.03324801320537,0.9647699775248952,1.9980179907302653,-0.4902211130835317,51.67081362299318,,,,,,,,,5.587050966070064,22.662794125319888,-11.331397062659944,0
2026-01-23,133.21,134.82,131.71,132.15,135.48099999999988,141.05881641865028,129.90318358134948,36.52893498607588,37.97864543497732,0,0,,,,127.53791111111117,128.8132902222223,126.26253200000006,,-1.6865426248168003,-2.4586473380030283,-1.7201758104459897,0,47.73484447926826,57.55815749912391,,,,,-1.015817627866321,0.7282459558973642,1.744063583763685,-0.6939281783969876,47.73484447926826,,,,,,,,,5.9800781659753595,22.656545116819615,-11.328272558409807,0
2026-01-26,132.49,134.51,131.18,133.39,135.31149999999988,140.92702232656654,129.69597767343322,38.79628126846554,38.41184645164375,0,0,,,,127.50222222222229,128.7772444444445,126.22720000000007,,-0.32803054644361396,-1.420056684021609,-0.9409091246649126,0,50.76985317886752,56.56240587956579,,,,,-0.8884081530535539,0.6335533924467427,1.5219615455002966,-0.7297975198095148,50.76985317886752,,,,,,,,,5.947897321758774,22.650265786335137,-11.325132893167568,0
2026-01-27,133.23,133.49,131.01,132.22,135.08149999999986,140.80678173980837,129.35621826019135,34.60393408432791,36.64305011295645,0,0,,,,127.45617777777784,128.73073955555563,126.18161600000006,,-0.7357357357357319,-2.118350773421873,-1.9122487283409928,0,47.9410416134966,55.09253241454711,,,,,-0.8505206387248165,0.45881074709427594,1.3093313858190925,-0.7184291214605666,47.9410416134966,,,,,,,,,5.556888551835513,22.643598277513796,-11.321799138756898,0
2026-01-28,132.54,134.115,131.51,131.55,134.82799999999986,140.70530414392346,128.95069585607627,32.118084631443544,35.17276666141234,0,0,,,,127.44186666666673,128.7162853333334,126.16744800000006,,-0.602955843684827,-2.431245735307097,-2.485489573990185,0,46.34844104376671,53.755158513102906,,,,,-0.8368825405190137,0.2632282101703254,1.100110750689339,-0.7277071327246979,46.34844104376671,,,,,,,,,5.430864275206052,22.636813992953684,-11.318406996476842,0