time,open,high,low,close,Basis,Upper,Lower,温度计,Plot,Shapes,Shapes,Plot,Plot,Plot,Plot,Plot,Plot,ADX,Plot,Plot,Plot,Plot,RSI,RSI-based MA,Regular Bullish,Regular Bullish Label,Regular Bearish,Regular Bearish Label,Histogram,MACD,Signal line,Trend Strength Index,RSI,Regular Bullish,Regular Bullish Label,Hidden Bullish,Hidden Bullish Label,Regular Bearish,Regular Bearish Label,Hidden Bearish,Hidden Bearish Label,Distance from MA,Upper StdDev Band,Lower StdDev Band,Zero Line
2020-09-16,245,319,231.11,253.93,,,,,,0,0,,,,,,,,,,,0,,,,,,,,,,,,,,,,,,,,,,,0
2020-09-17,230.76,241.5,215.2396,227.54,,,,,,0,0,,,,,,,,,,,0,,,,,,,,,,,,,,,,,,,,,,,0
2020-09-18,235,249,218.59,240,,,,,,0,0,,,,,,,,,,,0,,,,,,,,,,,,,,,,,,,,,,,0
2020-09-21,230,241.4999,218.6,228.85,,,,,,0,0,,,,,,,,,,,0,,,,,,,,,,,,,,,,,,,,,,,0
2020-09-22,238.5,239,225.1501,235.16,,,,,,0,0,,,,,,,,,,,0,,,,,,,,,,,,,,,,,,,,,,,0
2020-09-23,243.5,254.8,213,217.39,,,,,,0,0,,,,,,,,,,,0,,,,,,,,,,,,,,,,,,,,,,,0
2020-09-24,213.51,230.95,208.55,226.74,,,,,,0,0,,,,,,,,,,,0,,,,,,,,,,,,,,,,,,,,,,,0
2020-09-25,228.12,236.26,227.9001,229,,,,,,0,0,,,,,,,,,,,0,,,,,,,,,,,,,,,,,,,,,,,0
2020-09-28,235.93,253,235.93,250.41,,,,,,0,0,,,,,,,,,,,0,,,,,,,,,,,,,,,,,,,,,,,0
2020-09-29,255,259.7,246.03,259.13,,,,,,0,0,,,,,,,,9.422967295146002,,,0,,,,,,,,,,,,,,,,,,,,,,,0
2020-09-30,261.5,278.26,243.05,251,,,,,,0,0,,,,,,,,6.121206483963437,,,0,,,,,,,,,,,,,,,,,,,,,,,0
2020-10-01,255.25,255.91,238,243.46,,,,,,0,0,,,,,,,,2.2451430827250984,,,0,,,,,,,,,,,,,,,,,,,,,,,0
2020-10-02,232.44,243.12,227,227.1,,,,,,0,0,,,,,,,,-4.106002769989525,,,0,,,,,,,,,,,,,,,,,,,,,,,0
2020-10-05,231.97,243.4297,231.2006,240,,,,,,0,0,,,,,,,,0.8661883928233749,,,0,,,,,,,,,,0.16359356937301428,,,,,,,,,,,,,0
2020-10-06,244.18,247.99,239.0001,245.1,,,,,,0,0,,,,,,,,2.58105828830677,,,0,47.33795598432318,,,,,,,,,0.4352380406188056,47.33795598432318,,,,,,,,,,,,0
2020-10-07,245.5,252.36,245.29,246,,,,,,0,0,,,,,,,,1.7394972579964696,,,0,47.643925944712144,,,,,,,,,0.41598578484306836,47.643925944712144,,,,,47.643925944712144,,47.643925944712144,,,,,0
2020-10-08,250,250,239.99,240.19,,,,,,0,0,,,,,,,,-1.2128864558955899,,,0,45.79418987488071,,,,,,,,,0.45050152926704007,45.79418987488071,,,,,,,,,,,,0
2020-10-09,242,243.695,235.4701,238,,,,,,0,0,,,,,,,,-2.4746044689578306,,,0,45.08367334719646,,,,,,,,,0.33994972788476624,45.08367334719646,45.08367334719646,,45.08367334719646,,,,,,,,,0
2020-10-12,250.32,251.5,243,243.97,,,,,,0,0,,,,,,,,0.23624150044168069,,,0,47.47608439218343,,,,,,,,,0.34118482246832293,47.47608439218343,,,,,,,,,,,,0
2020-10-13,247,250.5,245.27,249.61,239.629,260.84313293066793,218.41486706933205,,,0,0,,,,,,,,2.9561587672154,4.165188687512789,,0,49.7052701273334,,,,,,,,,0.20302517204122258,49.7052701273334,,,,,49.7052701273334,,49.7052701273334,,,,,0
2020-10-14,251.99,252,239,243.18,239.0915,259.35234921714795,218.83065078285205,,,0,0,,,,,,,,0.628566462937763,1.7100147851345726,,0,47.24349849211665,,,,,,,,,-0.007023195832623659,47.24349849211665,,,,,,,,,,,,0
2020-10-15,236.03,241.355,231.46,241,239.7645,259.3280206187432,220.2009793812568,48.997646442284335,,0,0,,,,,,,,-0.17190315431930836,0.5152973021443907,,0,46.40435872202569,,,,,,,,,-0.3103309241155443,46.40435872202569,,,,,,,,,,,,0
2020-10-16,242,245.99,241.5901,242.52,239.89050000000003,259.4908902767243,220.29010972327575,48.47641920968071,,0,0,,,,,,,,-0.17986721930215444,1.0961251070801037,,0,47.109765332942004,,,,,,,,,-0.2270378078842432,47.109765332942004,,,,,,,,,,,,0
2020-10-19,245,249.86,243,246.78,240.78699999999998,259.92008558492404,221.65391441507592,48.966930712409116,48.81366545479138,0,0,,,,,,,,1.2908654339483627,2.488921744114103,,0,49.13053994157008,,,,,,,,,0.15338681807423926,49.13053994157008,,,,,,,,,,,,0
2020-10-20,247,252.5,243.3,251.77,241.6175,261.13950489191535,222.09549510808466,52.41372076493408,49.95235689567463,0,0,,,,,,,,3.0568722319097352,4.201889349902221,,0,51.46955123910441,,,,,,,,,0.5305528909850504,51.46955123910441,,,,,,,,,,,,0
2020-10-21,251.65,271.29,250.35,270.61,244.27849999999998,264.3659003046695,224.1910996953305,67.37812990543549,56.2529271275929,0,0,,,,,,,,9.663928546824296,10.779294944090466,,0,59.1135355267881,,,,,,,6.241666696042586,,0.6891563586380849,59.1135355267881,,,,,,,,,,,,0
2020-10-22,269.01,301,263,297.09,247.796,276.9559646090324,218.6360353909676,74.27664677542397,64.68949914859785,0,0,,,,,,,,17.68131097669665,19.892976480653424,,0,66.98475129084636,,,,,,,9.686976794525634,,0.6554965278066446,66.98475129084636,,,,,66.98475129084636,,66.98475129084636,,,,,0
2020-10-23,290.34,294,262.24,265.05,249.5985,278.3420156339658,220.85498436603422,67.63547278358936,69.76341648814962,0,0,,,,,,,,3.8768135821726446,6.190542010468825,,0,53.55120398830351,50.28916458602329,,,,,,9.720003489410914,,0.6769038715078337,53.55120398830351,,,,,,,,,,,,0
2020-10-26,266.07,271,244.63,251.39,249.64749999999998,278.3997220880414,220.89527791195852,55.15520822275685,65.68910926059006,0,0,,,,,,,,-1.7624071903087013,0.6979841576623125,,0,49.03604478505247,50.41045664321825,,,,,,8.545423224840562,,0.6253485195054165,49.03604478505247,,,,,,,,,,,,0
2020-10-27,254.89,273,253.99,266.77,250.0295,279.4702713723671,220.58872862763292,56.461297959416086,59.750659655254104,0,0,,,,,,,,3.553350723557558,6.695409941626873,8.608798790566642,0,53.763022794099044,50.84753498960303,,,,,,8.754678878241663,,0.669718038067266,53.763022794099044,,,,,,,,,,,,0
2020-10-28,258.5,272.53,254.01,272.44,251.1015,282.1243949487316,220.07860505126837,56.619806495460054,56.078770892544334,0,0,,,,,,,,4.566634170306538,8.497957997064942,10.639277132897895,0,55.40518564620534,51.53403468755478,,,,,,9.271164887279696,,0.6861311205582169,55.40518564620534,,,,,,,,,,,,0
2020-10-29,273.8,276.22,264.16,265.88,252.2225,283.6771618961324,220.76783810386758,55.54203447268248,56.20771297585288,0,0,,,,,,,,1.0835265939246774,5.41486187790543,7.417727076232317,0,53.05729762637769,52.10357927892487,,,,,,9.046860023850428,,0.6360630546846306,53.05729762637769,,,,,,,,,,,,0
2020-10-30,261.03,262.63,241.5,250.02,253.36849999999998,282.6752345673323,224.06176543266764,47.562964350945194,53.24160177302925,0,0,,,,,,,,-5.2164682690120205,-1.3215928578335423,0.874037234335856,0,47.78497087161855,52.12564259888452,,,,,,7.502839290122694,,0.4689731444425964,47.78497087161855,47.78497087161855,,47.78497087161855,,,,,,,,,0
2020-11-02,254.1,260.825,247,252.23,253.98000000000002,282.64888278255665,225.31111721744335,45.818782967168865,49.64126059693219,0,0,,,,,,,,-4.575806299063634,-0.6890306323332651,1.4467106136353713,0,48.55215246661847,52.0432770516906,,,,,-1.966463440207292,6.383930290306068,8.35039373051336,0.350440719120684,48.55215246661847,,,,,,,,,,,,0
2020-11-03,256,264.54,254.0501,262.13,254.8315,283.4062834812445,226.25671651875555,48.42031804924456,47.26735512245288,0,0,,,,,,,,-1.2175866084315534,2.8640493816502133,5.048651074812049,0,51.957459094259924,52.37998852327225,,,,,-1.7008874384582438,6.224284432440555,7.925171870898799,0.25503134076413486,51.957459094259924,,,,,,,,,,,,0
2020-11-04,270.79,274.87,262.2,263.91,255.727,284.2611080813822,227.19289191861782,49.48923111830575,47.9094440449064,0,0,,,,,,,,-0.29506103343145407,3.19989676490946,5.108808785419949,0,52.56538947064925,52.82006214817394,,,,,-1.4039230530863094,6.170268054540912,7.574191107627222,0.12427833170839642,52.56538947064925,,,,,,,,,,,,0
2020-11-05,271.48,271.69,258.9,263.21,256.87800000000004,284.65956770234436,229.09643229765572,45.574156401587274,47.827901856379206,0,0,,,,,,,,0.7298040971592146,2.46498337732306,4.3249063608558735,0,52.28518873138636,53.189735248062824,,,,,-1.2579203823905747,6.001790629639004,7.2597110120295785,-0.04953972925975411,52.28518873138636,,,,,,,,,,,,0
2020-11-06,263.44,270,259.2,265,258.228,284.80699742277625,231.64900257722374,46.776454269913515,47.27994726326886,0,0,,,,,,,,1.416773186170528,2.6224886534380376,4.53717644428957,0,52.97548165363371,53.46437394178165,,,,,-1.052418253186711,5.9441881955461895,6.9966064487329005,-0.21548750368903247,52.97548165363371,,,,,,,,,,,,0
2020-11-09,263.99,265.95,239,239.84,258.0215,285.099870168827,230.943129831173,32.95501271687797,41.7685411294596,0,0,,,,,,,,-7.8045536493390415,-7.046505814437943,-5.25625528351229,0,43.45853596353056,52.89215856495495,,,,,-2.5378831430797355,3.824252519883231,6.362135662962967,-0.5407062640341653,43.45853596353056,,,,,,,,,,,,0
2020-11-10,249.65,249.94,229.98,235.68,257.32500000000005,285.90778397916904,228.74221602083105,27.701174485203687,35.81088049066507,0,0,,,,,,,,-8.307850323303544,-8.411541824540969,-6.611208926776502,0,42.11146521204006,51.67772497104437,,,,,-3.6593875877101683,1.7879011783252565,5.447288766035425,-0.6322206259999298,42.11146521204006,42.11146521204006,,42.11146521204006,,,,,,,,,0
2020-11-11,241.71,246.89,237.5,240.76,257.204,286.04460706711984,228.36339293288015,27.11098209751799,29.25572309986656,0,0,,,,,,,,-5.162566078167252,-6.393368687889778,-4.4690365561873335,0,44.37877533384053,50.063012402686816,,,,,-3.8959618619442136,0.5773364386051583,4.473298300549372,-0.5870555344626973,44.37877533384053,,,,,,,,,,,,0
2020-11-12,243.8,244.203,232.16,235.38,256.923,286.4900127676094,227.35598723239056,24.19301784876503,26.335058143828917,0,0,,,,,,,,-6.154312324572631,-8.3850025104798,-6.503844366384593,0,42.48111900024773,49.27229204639712,,,,,-4.224130513321619,-0.8068648411026516,3.417265672218967,-0.6505042112914974,42.48111900024773,,,,,,,,,,,,0
2020-11-13,237.11,241.625,232.3,234.8,256.537,287.033039152651,226.040960847349,24.40712930875481,25.23704308501263,0,0,,,,,,,,-5.814018789060338,-8.473241676639221,-6.829217320453784,0,42.27126469004858,48.78909346818256,,,,,-4.27655316861796,-1.9284257885534828,2.348127380064477,-0.8052748029082536,42.27126469004858,,,,,,,,,,,,0
2020-11-16,234,244.18,230.25,241.85,256.2905,287.17523958122234,225.40576041877767,28.381920354386395,25.660689170635433,0,0,,,,,,,,-2.580400876514599,-5.634426558924355,-4.05519058046907,0,45.77754724859345,48.218702357789304,,,,,-3.6567195887855584,-2.222772105917471,1.4339474828680872,-0.7863986192375108,45.77754724859345,,,,,,,,,,,,0
2020-11-17,245,251.56,243.73,248.03,256.1035,287.14037244230565,225.06662755769435,32.92751947032637,28.572189711155875,0,0,,,,,,,,0.4796512805554487,-3.1524364173078467,-1.641619597387478,0,48.71793377938614,47.741041510159356,,,,,-2.6952084889234316,-1.9350631282862025,0.7601453606372292,-0.6754500372144614,48.71793377938614,,,,,,,,,,,,0
2020-11-18,253,262.27,250.735,260.54,255.60000000000005,285.9993782831132,225.20062171688693,41.210751949935485,34.173397258216106,0,0,,,,,,,,5.691881432320933,1.9327073552425578,3.121128603902834,0,54.139419646500805,47.818335940168154,,,,,-1.159835802280069,-0.689649392212857,0.4701864100672119,-0.4041710781593381,54.139419646500805,,,,,,,,,,,,0
2020-11-19,259.21,268.57,253.25,264,253.94550000000004,278.09090741010414,229.80009258989594,49.27706239175266,41.13844460400485,0,0,,,,,,,,7.06117085989586,3.959314104798062,4.163378681228491,0,55.53943020651043,48.37222589266043,,,,,0.07982907894863894,0.5699727587530106,0.4901436798043716,-0.23695430272594248,55.53943020651043,,,,,,,,,,,,0
2020-11-20,269,273.165,264,266,253.99300000000002,278.22916892167297,229.75683107832708,53.82109576627852,48.1029700359889,0,0,,,,,,,,7.828512128680765,4.727295634131634,4.567421089597756,0,56.36857380970403,48.93054170288083,,,,,0.9758090192400382,1.7099049538544193,0.7340959346143812,-0.06353562528989115,56.36857380970403,,,,,,,,,,,,0
2020-11-23,267.1,274.15,259.1,274.15,255.13100000000003,280.8626442537177,229.39935574628234,62.76256418284677,55.28690744695933,0,0,,,,,,,,9.607826674502927,7.454601753608903,7.346749120943086,0,59.66925284331809,49.481384113527845,,,,,1.9996597141669037,3.2336705773230108,1.234010863156107,0.23813859892402406,59.66925284331809,,,,,,,,,,,,0
2020-11-24,275.1,283.39,267.49,282.1,255.89750000000004,283.79265289436245,228.00234710563763,73.4373178549607,63.34032593469533,0,0,,,,,,,,10.731234372608057,10.239451342822804,9.99322858654217,0,62.63834827282511,50.200881170826115,,,,,3.032664213828247,5.024841130441416,1.992176916613169,0.5333555971422985,62.63834827282511,,,,,,,,,,,,0
2020-11-25,277.78,309.7699,277.3,303.02,257.42650000000003,291.45829882110115,223.39470117889888,81.53858731921068,72.57948978567272,0,0,,,,,,,,16.105399885818052,17.711269041842993,17.238310796432764,0,69.08748351722045,51.40104508409998,,,,,4.838057382654193,8.03974864493091,3.201691262276717,0.7617494496267354,69.08748351722045,,,,,,,,,,,,0
2020-11-27,310,334.62,309.73,328.79,260.572,306.64633281122923,214.49766718877078,87.73172277830888,80.90254265082675,0,0,,,,,,,,21.626320617916008,26.180096096280494,25.784583523554705,0,74.84717917257873,52.96330919259605,,,,,7.331415870578935,12.365961100500385,5.03454522992145,0.9026484422335113,74.84717917257873,,,,,74.84717917257873,,74.84717917257873,,,,,0
2020-11-30,338.38,342,312.13,325.84,264.363,318.16886254303444,210.55713745696556,87.68571031083707,85.65200680278554,0,0,,,,,,,,16.60797618025136,23.254767119453156,23.345438394157235,0,73.16655705455203,55.08531069909759,,,,,8.27571863578986,15.379193524658774,7.103474888868915,0.9375814301351033,73.16655705455203,,,,,,,,,,,,0
2020-12-01,321.63,326,302.28,305.64,267.0335,323.40601786996854,210.66098213003147,82.19986565011402,85.87243291308664,0,1,,,,,,,,6.937801554173895,14.457549333697827,14.845840138678735,0,62.77264366501914,56.56110916002467,,,,,7.079884635230009,15.953330682906426,8.873446047676417,0.9405622387494421,62.77264366501914,,,,,,,,,,,,0
2020-12-02,293.79,306.74,288,292.69,268.56149999999997,325.9667608303456,211.15623916965433,71.16681008601603,80.35079534898904,0,0,,,,,,,,0.8312749546123044,8.984348091591698,9.419003992602937,0,57.16594819186376,57.47447864988347,,,,,5.051883539036391,15.188300471471905,10.136416932435514,0.908002959252487,57.16594819186376,57.16594819186376,,57.16594819186376,,,,,,,,,0
2020-12-03,290.54,343,289,339.89,272.3605,337.55910473200277,207.16189526799724,81.87055068621572,78.41240880744859,0,0,,,,,,,,13.975963408581782,24.794160680421705,25.976634890513097,0,68.28481847917573,59.31760004123547,,,,,6.435725611786662,18.18107394716884,11.745348335382179,0.9159460892046744,68.28481847917573,,,,,,,,,,,,0
2020-12-04,335.4,395.8,334,387.7,278.585,360.68112767969023,196.48887232030972,88.25803872251782,80.43179983158319,0,0,,,,,,,,24.83015757513314,39.16757901538131,42.106092687235844,0,75.28354616168416,61.675620146352294,,,,,9.909762050746664,24.13255089881551,14.222788848068845,0.8978649107681993,75.28354616168416,,,,,,,,,,,,0
2020-12-07,393.5,404.43,371,388.96,284.783,379.5760959722276,189.9899040277724,89.98433212883508,86.70430717918954,0,0,,,,,,,,20.466553930586763,36.58118637699581,40.44175701438499,0,75.4373839398227,63.79417991001152,,,,,11.518478490984933,28.62088696180001,17.102408470815078,0.9048737063168423,75.4373839398227,,,,,,,,,,,,0
2020-12-08,388.8,429,386.25,390,292.291,395.10344844861964,189.47855155138035,89.93894565945628,89.39377217026974,0,0,,,,,,,,16.60482624385955,33.42867211101266,38.50661457870903,0,75.57252981876933,65.71236534139605,,,,,11.833424090733342,31.894188584231756,20.060764493498414,0.9130997572908706,75.57252981876933,,,,,75.57252981876933,,75.57252981876933,,,,,0
2020-12-09,393.4,406.99,361.0123,371.26,299.07,403.9167439647033,194.22325603529669,85.37778315086464,88.43368697971867,0,1,,,,,,,,8.11959962606914,24.138161634399967,30.240161651313045,0,68.28205671743623,66.72255370360571,,,,,10.031665065935485,32.60034582591777,22.568680759982286,0.9072082993756196,68.28205671743623,,,,,,,,,,,,0
2020-12-10,362,390.07,360.61,373.28,305.696,411.70844179812065,199.6835582018794,81.5494252791849,85.62205136316861,0,0,,,,,,,,6.528160271685612,22.108238249764444,29.42266930788271,0,68.6333152132053,67.65783120408392,,,,,8.299638282172861,32.94322861269836,24.6435903305255,0.8908335420202762,68.6333152132053,,,,,,,,,,,,0
2020-12-11,360.4,369.1,347.26,353.96,311.625,414.46001553459297,208.78998446540703,73.43034987734526,80.11918610246494,0,0,,,,,,,,0.29411598030160135,13.585238668271149,21.487393400498345,0,61.606060535677564,68.03193739879632,,,,,5.321328521838275,31.295250982823347,25.973922460985072,0.8228768483032058,61.606060535677564,,,,,,,,,,,,0
2020-12-14,352.49,357.9799,327.16,329.15,316.34250000000003,413.12591900862924,219.55908099137085,61.590199492065764,72.18999154953198,0,0,,,,,,,,-6.82315507582385,4.048618190726816,11.958447990258247,0,53.964790662587326,67.6244758144584,,,,,1.3555132969078443,27.668314082119878,26.312800785212033,0.6540296372621337,53.964790662587326,,,,,,,,,,,,0
2020-12-15,308.98,329,303.54,328.61,320.6805,411.3007461870418,230.0602538129582,55.425975727326126,63.48217503224572,0,0,,,,,,,,-7.576993390521725,2.472710376839249,10.815103578281438,0,53.80835222429715,66.99376181099213,,,,,-1.4755914229225944,24.46831150655879,25.943902929481386,0.4415788736774782,53.80835222429715,,,,,,,,,,,,0
2020-12-16,328.43,338.89,320.09,329.97,324.77750000000003,409.0777213223661,240.477278677634,50.82345150607567,55.94654224182252,0,0,,,,,,,,-8.157471373142789,1.5987868617745926,10.431603713070349,0,54.16870258295807,65.92813460140196,,,,,-3.3224536609717603,21.790835853266685,25.113289514238446,0.23385590800157632,54.16870258295807,,,,,,,,,,,,0
2020-12-17,333.82,337.1,323.4933,325.54,328.02750000000003,407.01548842229096,249.0395115777091,43.889870060085926,50.04643243116258,0,0,,,,,,,,-9.02714318849328,-0.75832056763534,8.205069114212392,0,52.72580914533601,64.3480367423132,,,,,-4.8175279386198895,19.091379590963584,23.908907529583473,0.08019901404566905,52.72580914533601,52.72580914533601,,52.72580914533601,,,,,,,,,0
2020-12-18,332.77,346.88,324.88,334.25,331.54,404.8720628374792,258.20793716252086,45.975507676073136,46.896276414078244,0,0,,,,,,,,-5.176766960379919,0.8173975990830584,10.232524393514986,0,55.24975676081863,63.068265292760806,,,,,-5.164189850604679,17.453670216327623,22.617860066932302,-0.051070152694875026,55.24975676081863,,,,,,,,,,,,0
2020-12-21,329,350,329,349.85,335.73249999999996,402.92800665781226,268.53699334218766,49.396999879810245,46.420792538656436,0,0,,,,,,,,0.3623198799725724,4.204984623174712,14.311013523889793,0,59.42782605156577,62.82934974894271,,,,,-4.32140261299698,17.216106800686077,21.537509413683058,-0.23435138228661026,59.42782605156577,,,,,,,,,,,,0
2020-12-22,349.89,359.55,338.01,341.16,339.08299999999997,400.0563007471318,278.10969925286815,49.14137678333534,48.171294779739576,0,0,,,,,,,,-0.7398829803638596,0.6125343942338768,10.254932483019763,0,56.275855129115804,62.76577167303214,,,,,-4.3175536949654685,16.140567294976222,20.45812098994169,-0.6441201951404042,56.275855129115804,,,,,,,,,,,,0
2020-12-23,341.16,343.3999,328.26,331.65,341.5605,396.83100586886377,286.2899941311362,45.75451300542585,48.09762988952381,0,0,,,,,,,,-2.381807371476019,-2.9015357454975077,6.0847739907578635,0,52.965096277705385,61.67150580149855,,,,,-4.882226735459845,14.355337570616882,19.237564306076727,-0.8094924399453258,52.965096277705385,,,,,,,,,,,,0
2020-12-24,334.1,338,321.3,323.04,342.5615,395.6872806624987,289.4357193375013,36.99746934769893,43.964453045486714,0,0,,,,,,,,-3.4889070799897226,-5.698684761714324,2.4320639249135745,0,50.09180631071761,59.8720958121438,,,,,-5.705073751857952,12.106222116254287,17.81129586811224,-0.7895972239557298,50.09180631071761,,,,,,,,,,,,0
2020-12-28,324.87,327.79,302.67,302.81,341.2625,396.88357941239576,285.6414205876042,26.86598890691561,36.5393237533468,0,0,,,,,,,,-8.128870186254378,-11.267719131167354,-4.662104228039398,0,44.04576313809731,57.629837183449126,,,,,-7.375162450864696,8.59234280453137,15.967505255396066,-0.7879798353359129,44.04576313809731,,,,,,,,,,,,0
2020-12-29,305.25,314.41,298.13,304.05,340.173,397.7780324537717,282.5679675462283,24.483229393415648,29.448895882676734,0,0,,,,,,,,-7.044785427997525,-10.619008563289857,-4.962397554434494,0,44.48804745549061,55.409517014643505,,,,,-8.101762284206135,5.840302400138398,13.942064684344533,-0.7787793087046877,44.48804745549061,,,,,,,,,,,,0
2020-12-30,304,307.35,297.75,300.92,339.937,398.14156136764564,281.7324386323544,22.369989982587644,24.573069427639638,0,0,,,,,,,,-7.21624054957386,-11.477714988365495,-6.5160999704872875,0,43.55224022135767,53.643101550637894,,,,,-8.459329646871723,3.36790262575488,11.827232272626603,-0.7709513282577776,43.55224022135767,,,,,,,,,,,,0
2020-12-31,299.7,301.5605,280.73,281.4,339.37250000000006,399.58343418142465,279.16156581857547,18.117913901060405,21.6570444256879,0,0,,,,,,,,-11.915784728939139,-17.08226211611137,-12.881234894563809,0,38.16106226807687,51.46651205455729,,,,,-9.593541320821544,-0.16469437840032697,9.428846942421217,-0.7709712060726106,38.16106226807687,,,,,,,,,,,,0
2021-01-04,285.41,290.8,274.44,278.24,336.2900000000001,402.12868406947274,270.4513159305274,16.895921297339672,19.12794172699591,0,0,,,,,,,,-11.596030971890803,-17.26188706176218,-14.01659675811091,0,37.354917749108,49.734287569802326,,,,,-10.089158751538388,-3.1826014970017695,6.906557254536619,-0.7813048539089974,37.354917749108,,,,,,,,,,,,0
2021-01-05,280.62,293.49,279.3,283.83,331.09650000000005,396.2782094820311,265.914790517969,20.856988253417764,18.623607817272617,1,0,,,,,,,,-8.351765446649129,-14.275747402947491,-12.467939657166372,0,39.77847674034108,48.72097943249902,,,,,-9.577136805509653,-5.064863752350448,4.5122730531592055,-0.8427793280199355,39.77847674034108,,,,,,,,,,,,0
2021-01-06,279.99,283.6394,266.41,268.02,325.0495,390.07628262839063,260.0227173716094,16.62636610692122,18.12642521922622,0,0,,,,,,,,-11.108015601369093,-17.544866243449086,-17.360842034292713,0,35.58531018987922,47.41933357289774,,,,,-9.804256829505118,-7.743047983722192,2.0612088457829256,-0.8989337988927608,35.58531018987922,35.58531018987922,,35.58531018987922,,,,,,,,,0
2021-01-07,272.59,304.9,267.7,304.2,320.7595,379.0526633984641,262.4663366015359,27.943403825292414,21.808919395210467,1,0,,,,,,,,2.1436054476589916,-5.162590663721578,-6.494177146709701,0,48.8685362996311,47.04075026694581,,,,,-7.142524487404271,-6.866946763472413,0.275577723931858,-0.8476771694845425,48.8685362996311,,,,,48.8685362996311,,48.8685362996311,,,,,0
2021-01-08,315,325.72,298,300.1,317.2015,371.26404092252835,263.13895907747167,31.585479224541274,25.38508305225164,0,0,,,,,,,,1.8458499767529668,-5.391367947503401,-7.92426123614467,0,47.668888804672974,46.67954167118416,,,,,-5.363944096766589,-6.429352397026378,-1.0654083002597892,-0.8132645057496214,47.668888804672974,,,,,,,,,,,,0
2021-01-11,295,312.17,287.99,293.19,313.197,361.62183912208707,264.77216087791294,32.73611823170285,30.755000427178846,0,0,,,,,,,,0.5190691040743989,-6.38799222214772,-9.953839019081734,0,45.63556463756044,45.99281366238,,,,,-4.39924448456817,-6.564463905970001,-2.1652194214018317,-0.7638752946906113,45.63556463756044,,,,,,,,,,,,0
2021-01-12,298,299.66,286.2056,293.35,310.16650000000004,355.49513963323767,264.8378603667624,34.71275477525246,33.0114507438322,0,0,,,,,,,,0.9011797888075046,-5.4217654066444965,-9.576626886067885,0,45.69332785867617,45.011778077173595,,,,,-3.534023073319768,-6.582748263051542,-3.048725189731774,-0.662051358688071,45.69332785867617,,,,,,,,,,,,0
2021-01-13,295,306.86,294.15,296.55,308.53650000000005,353.35909620994636,263.71390379005373,36.394929727752924,34.61460091156942,0,0,,,,,,,,2.2656734947237744,-3.884953644058331,-8.314319105125511,0,46.908331486638275,44.34266924556807,,,,,-2.574448555852867,-6.266785884547858,-3.6923373286949905,-0.500508379751384,46.908331486638275,,,,,,,,,,,,0
2021-01-14,305,313.48,300.01,303.76,307.29400000000004,351.1900569527593,263.3979430472408,42.3521004377415,37.819928313582295,0,0,,,,,,,,4.6495604001874025,-1.1500387251296984,-6.066971915335772,0,49.64210136106267,44.10531246580787,,,,,-1.3442613002340176,-5.372663953987512,-4.028402653753495,-0.20934253404568054,49.64210136106267,,,,,49.64210136106267,,49.64210136106267,,,,,0
2021-01-15,306.82,308.67,290.65,291.3,305.3605,348.4909015631666,262.23009843683343,38.704132516352644,39.15038756061569,0,0,,,,,,,,0.015793774506089875,-4.604557563928536,-9.907123615591363,0,45.30090054735711,43.76310491128212,,,,,-1.261177275583095,-5.604874248232363,-4.343696972649268,0.04183102526209611,45.30090054735711,,,,,,,,,,,,0
2021-01-19,293.75,295,284.04,286.21,303.39400000000006,346.2503756750372,260.5376243249629,36.69895525732933,39.25172940380782,0,0,,,,,,,,-1.9999931518810299,-5.663922160622848,-10.988761505694955,0,43.62265227248551,43.73288270659556,,,,,-1.4282200744252584,-6.128972065680841,-4.700751991255583,0.09235163233844816,43.62265227248551,,,,,,,,,,,,0
2021-01-20,289,289.1,280.88,281.88,300.7755000000001,342.14450601899705,259.4064939810031,37.76891424519942,37.72400067296047,0,0,,,,,,,,-3.4181240063593243,-6.282260356977243,-11.363043197990908,0,42.190724365895655,43.568788200195925,,,,,-1.6915242339803545,-6.8151572837310255,-5.123633049750671,0.1421767811350211,42.190724365895655,42.190724365895655,,42.190724365895655,,,,,,,,,0
2021-01-21,288,289.58,282.6,286.32,297.59900000000005,332.686961411287,262.5110385887131,37.88418747817628,37.45068566023502,0,0,,,,,,,,-2.5081209182596487,-3.7899992943524863,-8.987746149811693,0,44.21291687570311,43.615979389792024,,,,,-1.4378240728341396,-6.9209131407933455,-5.483089067959206,0.24632066353927018,44.21291687570311,,,,,,,,,,,,0
2021-01-22,284.29,287.48,279,285.68,294.82500000000005,323.9674964613512,265.6825035386489,35.615752537393625,37.08961808692312,0,0,,,,,,,,-2.1087330468691046,-3.1018400746205543,-8.176220572495108,0,43.97413357652328,44.03119876896677,,,,,-1.194291641467231,-6.975953619793245,-5.781661978326014,0.1035824061384878,43.97413357652328,,,,,,,,,,,,0
2021-01-25,292.45,296.81,276,287.25,292.605,316.47614366761496,268.7338563323851,39.52368485424244,37.67454162327079,0,0,,,,,,,,-1.1354367077498262,-1.830112267391204,-6.833003226113377,0,44.76225848930644,44.560294536123806,,,,,-0.8261394493465328,-6.81433629000918,-5.988196840662647,-0.07998038759931124,44.76225848930644,,,,,,,,,,,,0
2021-01-26,286.64,289.24,280.98,280.98,290.50200000000007,310.3491999032557,270.65480009674445,36.49324279682544,37.21089339615384,0,0,,,,,,,,-2.8853066415971074,-3.2777743354607036,-7.94804536748055,0,42.208615653974185,44.7338758870976,,,,,-0.8976246971395359,-7.110227712087067,-6.212603014947531,-0.2788970272560755,42.208615653974185,,,,,,,,,,,,0
2021-01-27,277,285.75,264,266.2,288.67150000000004,310.3123985719142,267.0306014280859,23.664800978339272,33.22724287646906,0,0,,,,,,,,-7.12214728571281,-7.7844539554476455,-11.946245972748104,0,36.86909556811209,44.82557484268566,,,,,-1.78196125109754,-8.440054578819456,-6.658093327721916,-0.84961291416541,36.86909556811209,36.86909556811209,,36.86909556811209,,,,,,,,,0
2021-01-28,277.02,283,268.4234,273.13,287.12550000000005,308.5678883697658,265.6831116302343,24.5510658791587,28.236369884774486,0,0,,,,,,,,-3.919147573969939,-4.874349369874864,-9.092421983171805,0,40.659584089905806,44.23922111341957,,,,,-1.7398759411313325,-8.832938254136081,-7.093062313004749,-0.8496627720933356,40.659584089905806,,,,,,,,,,,,0
2021-01-29,271,277.7784,267.5,272.45,285.70200000000006,307.07223687280543,264.3317631271947,21.843932463624654,23.353266440374224,0,0,,,,,,,,-3.0909866970192934,-4.638399451176422,-8.75020095386101,0,40.403236234253775,43.7202459298182,,,,,-1.6010204285643699,-9.094337848710211,-7.493317420145841,-0.8520111952676513,40.403236234253775,,,,,,,,,,,,0
2021-02-01,275.1,283.2,273.38,282,285.7320000000001,307.07966835042396,264.3843316495762,30.316232384588105,25.570410242457168,0,0,,,,,,,,0.6388066093287126,-1.3061190206207551,-5.043151489846009,0,45.591397536839985,43.71709113690959,,,,,-0.7522865129097243,-8.433675561282996,-7.681389048373272,-0.8074409727004446,45.591397536839985,,,,,,,,,,,,0
2021-02-02,289.71,310.66,286.5,300.71,286.85550000000006,308.86268107799793,264.8483189220022,45.851099393322976,32.670421413845254,0,0,,,,,,,,6.763473691684996,4.829783636709051,1.5399888344618695,0,54.03410288770089,44.31286078183992,,,,,1.0831778125499643,-6.327416782685816,-7.41059459523578,-0.46697014864720343,54.03410288770089,,,,,,,,,,,,0
2021-02-03,309.04,318.88,300.54,304.64,287.8960000000001,311.16427058463535,264.6277294153648,59.33371421809046,45.167015332000524,0,0,,,,,,,,7.291784064014406,5.815989107177555,3.2110014037473045,0,55.59283178848345,44.93318223197173,,,,,2.495193717264989,-4.291602448654544,-6.786796165919533,-0.09592810625183092,55.59283178848345,,,,,,,,,,,,0
2021-02-04,309.8,310.88,299.03,303.61,289.6755000000001,312.0165120406332,267.33448795936704,62.47932755853253,55.888047056648674,0,0,,,,,,,,6.281833616298793,4.810382652312639,3.4020046250098135,0,55.06578876443393,45.32058847506967,,,,,3.2455574847025046,-2.729849310041402,-5.975406794743907,0.30419589599662344,55.06578876443393,,,,,,,,,,,,0
2021-02-05,306.07,307.07,299.64,306.05,289.7680000000001,312.36267246940656,267.1733275305936,67.3865334913594,63.06652508932748,0,0,,,,,,,,6.377432204155675,5.618977940973435,4.650129024610439,0,56.126904691560746,46.09387448536993,,,,,3.7559252136509844,-1.2805002776801757,-5.03642549133116,0.5267945273067249,56.126904691560746,,,,,,,,,,,,0
2021-02-08,308.71,317.8951,302.03,304.5,289.9880000000001,313.06140339004367,266.91459660995656,66.78725429624718,65.55103844871306,0,0,,,,,,,,5.20787625204282,5.004345007379585,4.4433290610847775,0,55.23457916827865,46.92329783506944,,,,,3.8259207635362618,-0.2540245369108334,-4.079945300447095,0.6426327603793932,55.23457916827865,,,,,,,,,,,,0
2021-02-09,304.5,323.23,302.275,314.29,291.04300000000006,316.42009053457065,265.6659094654295,74.64171843752683,69.60516874171115,0,0,,,,,,,,7.354880139910769,7.987479513336493,7.90924759831626,0,59.60311387306768,48.16703994272459,,,,,4.331202540992491,1.334057875793519,-2.997144665198972,0.7265646344842193,59.60311387306768,,,,,59.60311387306768,,59.60311387306768,,,,,0
2021-02-10,324.8,327.41,300,305.91,291.6710000000001,317.85420599162103,265.4877940083792,72.17208577703042,71.20035283693483,0,0,,,,,,,,3.0940689989856107,4.8818703264979835,4.994783038468231,0,54.6838698166787,48.91496515279427,,,,,3.913386949011657,1.894589021065599,-2.018797927946058,0.7848743250953095,54.6838698166787,,,,,,,,,,,,0
2021-02-11,305.25,312.3,296.38,298.73,291.7800000000001,318.06150908908637,265.4984909109138,65.93775369031071,70.91718596828933,0,0,,,,,,,,-0.18677599243541732,2.3819315922955386,2.5928978638642963,0,50.814152707980675,49.40353794789837,,,,,3.006556189102347,1.739397308431876,-1.267158880670471,0.7819559599641254,50.814152707980675,,,,,,,,,,,,0
2021-02-12,299,303.3445,292.34,299.47,291.5655000000001,317.52039971083843,265.61060028916177,63.827180027421676,67.31233983158762,0,0,,,,,,,,-0.8347930898602973,2.711054634378862,2.8641107402721966,0,51.197466375694354,49.86319565406894,,,,,2.339341110351955,1.6570175072694724,-0.6823236030824823,0.7824219917806149,51.197466375694354,,,,,,,,,,,,0
2021-02-16,304.7,304.9876,290.16,294.55,291.7280000000001,317.7148917725771,265.7411082274231,56.47555860167087,62.08016410646777,0,0,,,,,,,,-2.8676388146916976,0.9673394394778212,1.02205302328775,0,48.49164495202804,50.31198346107278,,,,,1.4907492065750505,1.181112905136331,-0.3096363014387196,0.6943251636110536,48.49164495202804,,,,,,,,,,,,0
2021-02-17,289,292.82,283.265,288.78,291.85650000000015,317.7582561373658,265.95474386263453,49.40511922320873,56.5692859507671,0,0,,,,,,,,-4.394261934163879,-1.0541139224242713,-1.076088992011559,0,45.45739993927324,50.92543377329857,,,,,0.5153156793178291,0.3345082977085667,-0.18080738160926235,0.4526958673549083,45.45739993927324,45.45739993927324,,45.45739993927324,,,,,,,,,0
2021-02-18,285,296.95,281.3054,289.78,292.2515000000002,317.77076979753735,266.73223020246303,45.8434268798802,50.57470156825328,0,0,,,,,,,,-3.58888367651804,-0.8456757279261984,-0.8009274737864169,0,46.08703057751709,51.313108522413664,,,,,-0.05761480750521225,-0.2528258909907777,-0.19521108348556543,0.16058254600731053,46.08703057751709,,,,,,,,,,,,0
2021-02-19,292.49,298,287.59,290,292.43550000000016,317.83382709057,267.0371729094303,44.63086638152991,46.626470828206294,0,0,,,,,,,,-3.076809957019566,-0.8328332230526647,-0.9739834751757437,0,46.234080384395796,51.729597390280965,,,,,-0.3978766854990185,-0.6925569403593386,-0.29468025486032007,-0.295080280463801,46.234080384395796,,,,,,,,,,,,0
2021-02-22,287.46,287.77,268,269.65,291.6340000000001,318.7856823788086,264.48231762119167,27.27768555878091,39.25065960673035,0,0,,,,,,,,-8.768261572711323,-7.5382157087308554,-7.559347367506863,0,36.35597923889463,51.06992465471344,,,,,-1.8862918003990365,-2.6525450053591157,-0.7662532049600792,-0.7668866549687974,36.35597923889463,,,,,,,,,,,,0
2021-02-23,260.4,271,242.98,269.08,290.7255000000002,319.56653082414914,261.8844691758512,24.557461845195043,32.15533792850197,0,0,,,,,,,,-7.856888474919854,-7.445339332119194,-7.4266055045871475,0,36.12317425332939,49.79057260940119,,,,,-2.749709310070796,-4.2033898425485745,-1.4536805324777784,-0.8592416999369933,36.12317425332939,,,,,,,,,,,,0
2021-02-24,268.88,275.25,262.36,273.52,290.35250000000013,319.87299178112767,260.8320082188726,24.51850518441651,25.45121752946417,0,0,,,,,,,,-5.010297033829126,-5.797263670882858,-5.68633603552966,0,39.37950639501657,48.632477938439266,,,,,-2.8501350169612674,-5.0163493036793625,-2.166214286718095,-0.9006418652737298,39.37950639501657,,,,,,,,,,,,0
2021-02-25,270.18,275.49,255.25,260.34,290.0595000000002,320.63068609081995,259.4883139091804,19.908813120175388,22.99492671659566,0,0,,,,,,,,-8.133667384170195,-10.24600125146744,-9.889100667795802,0,33.861210624017644,47.11786521412382,,,,,-3.5850389642157263,-6.647512991987753,-3.062474027772027,-0.9380262654598953,33.861210624017644,,,,,,,,,,,,0
2021-02-26,264.22,266.66,254.31,259.54,289.38000000000017,321.96399791307965,256.7960020869207,18.882909708207983,21.103409337599977,0,0,,,,,,,,-7.131688082126542,-10.31170087773866,-9.780761061885324,0,33.55385834842342,45.50550476104258,,,,,-3.880862994316999,-7.913552770668275,-4.032689776351276,-0.958120487678041,33.55385834842342,33.55385834842342,,33.55385834842342,,,,,,,,,0
2021-03-01,269.3,273.71,263.29,272.17,289.36600000000016,321.97930979829493,256.7526902017054,26.444083782689212,21.745268870357545,1,0,,,,,,,,-1.651724898009277,-5.942647028330949,-5.042843586022072,0,42.437156485587764,44.591403140850375,,,,,-3.0200561574010862,-7.807759973102634,-4.787703815701548,-0.9407650577547239,42.437156485587764,,,,,,,,,,,,0
2021-03-02,270,280.1,270,270.6,288.79600000000016,322.2909150767624,255.30108492323788,26.984137190319913,24.103710227072384,0,0,,,,,,,,-1.3654290567385208,-6.300641283120312,-5.36277602523656,0,41.691003629809146,43.31196669490334,,,,,-2.3787479248429007,-7.761138721755174,-5.382390796912273,-0.9021166242847942,41.691003629809146,,,,,,,,,,,,0
2021-03-03,270,271.4,246.36,247.03,286.1120000000002,323.70967258753535,248.51432741246504,19.889337109629817,24.43918602754633,0,0,,,,,,,,-8.565316040581683,-13.659685717481329,-13.209522604943958,0,32.46288355643095,41.72475339059992,,,,,-3.3072025586604834,-9.516393995237877,-6.2091914365773935,-0.901924058104173,32.46288355643095,,,,,,,,,,,,0
2021-03-04,255.82,279.45,236,249,283.33000000000015,323.1976515485875,243.4623484514128,17.473778317409664,21.44908420578648,0,0,,,,,,,,-6.423693971656497,-12.116613136625187,-12.17922491993847,0,33.78216421727788,40.50818278412115,,,,,-3.5334421021461297,-10.625994064260055,-7.092551962113926,-0.9068783836671924,33.78216421727788,,,,,,,,,,,,0
2021-03-05,250.64,250.73,217.8197,239.73,280.13600000000014,323.107611745426,237.16438825457425,16.140972248021313,17.83469589168695,0,0,,,,,,,,-8.17264599756381,-14.42370848445046,-14.983030651218687,0,30.739272752904725,39.04688323963618,,,,,-4.016944092483985,-12.113732077718907,-8.096787985234922,-0.9082387667310964,30.739272752904725,,,,,,,,,,,,0
2021-03-08,235,241.16,212.29,213.99,275.53300000000013,325.558599086864,225.50740091313625,9.621801556790732,14.412184040740586,0,0,,,,,,,,-16.246575342465718,-22.335981533972372,-23.462745359861092,0,24.216599252692276,37.31295140396934,,,,,-5.678268722170245,-15.194623887947728,-9.516355165777483,-0.887443496485906,24.216599252692276,24.216599252692276,,24.216599252692276,,,,,,,,,0
2021-03-09,221.84,235.47,219.16,230.02,271.80900000000014,323.70849013236676,219.90950986763352,15.601064809383058,13.787946204731716,1,0,,,,,,,,-8.574926270101779,-15.374398934545985,-17.164138792021987,0,33.657882818191524,36.47012875246351,,,,,-5.312134641009459,-16.156523467039307,-10.844388826029848,-0.894920240835429,33.657882818191524,,,,,,,,,,,,0
2021-03-10,229.32,235.35,221.43,227.11,267.45000000000016,318.9885933063719,215.9114066936284,15.056594962508829,13.426487109560888,0,0,,,,,,,,-8.035132191145633,-15.083193120209426,-17.67976628027512,0,32.85761178806874,35.525170267502915,,,,,-4.891021195159734,-16.958165319979514,-12.06714412481978,-0.8920278498716085,32.85761178806874,,,,,,,,,,,,0
2021-03-11,235,241.5479,233.2,237.81,264.04500000000013,313.94211514706717,214.14788485293312,20.855005632452656,17.170888468114864,0,0,,,,,,,,-2.815692684920268,-9.93580639663698,-13.50465981021285,0,38.635181905503224,34.98239180472488,,,,,-3.5778171801247005,-16.539415599975655,-12.961598419850954,-0.8469798217829351,38.635181905503224,,,,,,,,,,,,0
2021-03-12,233.83,235.65,227.75,230,260.6085000000001,309.94090852623833,211.27609147376185,24.00094891363502,19.97084983619885,0,0,,,,,,,,-4.858818760186279,-11.745012154246737,-15.905550964892324,0,36.18747897192714,34.970356071370055,,,,,-2.94741879161891,-16.64587190937459,-13.698453117755681,-0.8479925796689834,36.18747897192714,,,,,,,,,,,,0
2021-03-15,230.98,241.6,230.75,238.76,257.5730000000001,304.37318850389084,210.77281149610934,32.90423222007815,25.920062255388626,0,0,,,,,,,,0.14890627293893122,-7.30394878345172,-12.342728330744979,0,40.72370371151254,35.29896531838313,,,,,-1.713859813801589,-15.840777885007668,-14.12691807120608,-0.7949417434393264,40.72370371151254,,,,,40.72370371151254,,40.72370371151254,,,,,0
2021-03-16,239,242.5,229.01,232.14,254.45250000000004,299.25445704430547,209.65054295569462,33.967524995194715,30.29090204296931,0,0,,,,,,,,-1.0312970297451485,-8.768827187785554,-14.249936280322206,0,38.49655559628392,35.235897404187945,,,,,-1.1445261000647964,-15.557575696287074,-14.413049596222278,-0.7415792905205103,38.49655559628392,,,,,,,,,,,,0
2021-03-17,223,233.33,223,230.3,251.52850000000007,294.5867100301413,208.4702899698588,33.10697816689835,33.32624512739042,0,0,,,,,,,,-1.1104145375848695,-8.439799068495235,-14.185639229422009,0,37.87652028713651,35.522705237267864,,,,,-0.7137042881810327,-15.305179956448569,-14.591475668267536,-0.7140950764972018,37.87652028713651,,,,,,,,,,,,0
2021-03-18,227.63,227.71,216.1,216.7,247.87450000000007,289.7143377028372,206.03466229716292,29.039473301999358,32.03799215469749,0,0,,,,,,,,-5.641481171839602,-12.576727335809078,-18.361554960593473,0,33.57241488120428,35.52403070389507,,,,,-1.1411524942909743,-16.017916286131253,-14.876763791840279,-0.7255320189841684,33.57241488120428,,,,,,,,,,,,0
2021-03-19,216.5,223.29,215.26,220.82,244.41550000000007,283.07026605801406,205.7607339419861,29.379358959404705,30.508603476100816,0,0,,,,,,,,-3.0491954426711487,-9.653847648778434,-15.935419275998386,0,35.9470398026255,35.060450940826335,,,,,-0.9506902587221333,-16.065126615242946,-15.114436356520812,-0.6725456943413352,35.9470398026255,,,,,,,,,-21.979356689524526,0,0,0
2021-03-22,220.82,224.07,220.27,220.75,241.97050000000007,280.1140973526325,203.82690264736766,29.229994017956088,29.216275426453393,0,0,,,,,,,,-3.366733642384667,-8.769870707379646,-15.042456321752006,0,35.92354286708739,34.64848945777478,,,,,-0.6481472703275699,-15.924620444430275,-15.276473174102705,-0.6081321204595923,35.92354286708739,,,,,,,,,-23.31943653205572,1.3400798425310783,-0.6700399212655391,0
2021-03-23,224,229.25,218.173,220,239.5165000000001,276.670249891495,202.36275010850517,30.164475678886603,29.59127621874914,0,0,,,,,,,,-3.2707671067846333,-8.148290410055292,-14.40321532649328,0,35.6546297845628,34.87647133121278,,,,,-0.3331327934672803,-15.692889165936805,-15.359756372469525,-0.5612092268996305,35.6546297845628,,,,,,,,,-23.029944941528385,1.1514927588123318,-0.5757463794061659,0
2021-03-24,221,223.62,208.6,208.6,236.27050000000014,272.3006742848917,200.24032571510855,21.14229842203042,26.845589372957715,0,0,,,,,,,,-7.530542404737806,-11.711364728140051,-17.710733108214647,0,31.76259256517372,34.73221621320533,,,,,-0.7057138512992829,-16.24189868659363,-15.536184835294346,-0.5515968716842365,31.76259256517372,31.76259256517372,31.76259256517372,31.76259256517372,,,,,,-24.467390887069882,1.7718436200958725,-0.8859218100479362,0
2021-03-25,206.39,218.71,205.07,216.95,234.10100000000006,269.28813850258075,198.91386149741936,23.981670246228393,25.09614811571515,0,0,,,,,,,,-2.931517391343219,-7.326324962302621,-13.403814835708673,0,37.17235440598549,35.191722045568234,,,,,-0.22772782960752558,-15.820844622303753,-15.593116792696227,-0.5013497378482763,37.17235440598549,,,,,,,,,-24.913243737168212,2.095756970234696,-1.047878485117348,0
2021-03-26,220,235,219,235,232.87400000000008,266.08312067489516,199.66487932510503,41.41192265128225,28.845297106513698,0,0,,,,,,,,4.909777591271558,0.9129400448310676,-5.396937007778835,0,46.96107163064916,36.8163272154223,,,,,1.3778707190351884,-13.870778393902242,-15.24864911293743,-0.5334222599759881,46.96107163064916,,,,,46.96107163064916,,46.96107163064916,,-23.127481418194833,1.9379281019957557,-0.9689640509978779,0
2021-03-29,230.55,236.22,221.04,223.49,230.4400000000001,258.51000249375994,202.3699975062403,41.50388237049895,35.63249175600321,0,0,,,,,,,,0.4562310371952316,-3.015969449748346,-9.103726710600624,0,42.4221708709516,37.44234779061945,,,,,1.7164762365068462,-13.103053817303874,-14.81953005381072,-0.5098497453519791,42.4221708709516,,,,,,,,,-21.354406104544765,2.3274619931132117,-1.1637309965566058,0
2021-03-30,221.35,224.77,216.26,222.07,228.0135000000001,249.3634342153482,206.663565784652,42.317930140844275,41.744578387541836,0,0,,,,,,,,0.27182256578832664,-2.606643904856565,-8.784963299574267,0,41.88432001786814,38.08711266417655,,,,,1.8832128383992277,-12.465514005811684,-14.348726844210912,-0.5318290819497009,41.88432001786814,,,,,,,,,-20.690104384509976,2.7259692950320993,-1.3629846475160496,0
2021-03-31,222.72,234.06,222.45,229.28,227.12600000000006,246.6366231576496,207.6153768423505,47.84397035836655,43.88859428990327,0,0,,,,,,,,3.575074763062136,0.9483722691369323,-5.049950098216016,0,45.65208223053443,38.58831983025021,,,,,2.479938941223324,-11.248803167681757,-13.728742108905081,-0.3055804945308793,45.65208223053443,,,,,,,,,-21.30388982242102,2.749926448358451,-1.3749632241792256,0
2021-04-01,234.95,237.59,232.02,236.79,226.51550000000006,243.898186184817,209.1328138151831,54.411625799233626,48.19117543281482,0,0,,,,,,,,6.005595970900979,4.535892687255361,-1.2173143991856095,0,49.33654617854274,39.52753891643703,,,,,3.328385781255486,-9.568259882335724,-12.89664566359121,-0.03723227197275753,49.33654617854274,,,,,49.33654617854274,,49.33654617854274,,-19.736920596463015,3.1526951458320585,-1.5763475729160292,0
2021-04-05,237.8,238.5,229.5,232.32,226.14500000000007,242.68049334007904,209.6095066599211,56.42668682392238,52.894094327174194,0,0,,,,,,,,3.4717737445719044,2.730548984058867,-2.298431638620768,0,47.281892987570274,39.995981007584014,,,,,3.518007640387868,-8.499136113106374,-12.017143753494242,0.2965996725161055,47.281892987570274,,,,,,,,,-18.5467602238613,3.731533269022289,-1.8657666345111446,0
2021-04-06,232,239.41,229.53,236.01,227.24600000000004,243.32357991738368,211.1684200826164,61.44886073843864,57.429057787198225,0,0,,,,,,,,4.405642974373092,3.8566135377520183,-0.2763411418719497,0,49.164001539068686,40.75794143206864,,,,,3.797484359582077,-7.2702883040166455,-11.067772663598722,0.5667531226104984,49.164001539068686,,,,,,,,,-17.78584644126677,4.277932886442988,-2.138966443221494,0
2021-04-07,234.51,240,232.38,233.97,227.44350000000003,243.7479770231945,211.13902297680556,68.96787591006452,62.28114115747519,0,0,,,,,,,,2.8674686082094114,2.86950385480349,-0.6470096152620397,0,48.14074125445046,41.49110007259106,,,,,3.744299284168793,-6.38739855838773,-10.131697842556523,0.7606051311645314,48.14074125445046,,,,,,,,,-18.130682082177724,4.5262499168780765,-2.2631249584390383,0
2021-04-08,237.2,242.87,233.01,233.75,227.77550000000002,244.30811077385792,211.24288922614213,67.78397812514909,66.06690492455076,0,0,,,,,,,,1.6467866569840117,2.6229774492866786,-0.1785043216834925,0,48.02465512096025,42.52340294685935,,,,,3.5930104228484225,-5.640434813995995,-9.233445236844418,0.7510252724777331,48.02465512096025,,,,,,,,,-17.938966547070315,4.714644825241587,-2.3573224126207935,0
2021-04-09,233.58,234.66,223.73,226.89,227.2295,243.10883685642926,211.35016314357074,62.38164587332594,66.37783330284653,0,0,,,,,,,,-1.7609338534878338,-0.14940841748101175,-2.6444628475067233,0,44.427144446018005,43.12912470710167,,,,,2.956224335916829,-5.538164816948381,-8.49438915286521,0.6800987409456317,44.427144446018005,44.427144446018005,,44.427144446018005,,,,,,-18.928117136927035,4.689618005426152,-2.344809002713076,0
2021-04-12,225,234.1591,223.79,233.39,227.39899999999997,243.4642929011573,211.33370709884264,63.91820725169595,64.69461041672366,0,0,,,,,,,,1.1239362900570704,2.6345762294469166,0.5205701290945663,0,48.373400668193426,44.01840026432353,,,,,2.8943855278921777,-4.8764072429999885,-7.770792770892166,0.6752314490834963,48.373400668193426,,,,,,,,,-18.90840677348235,4.654019031091592,-2.327009515545796,0
2021-04-13,234.5,239.78,232.33,238.08,227.365,243.33657788072028,211.39342211927973,69.24734321654557,65.18239878052249,0,0,,,,,,,,2.5080192030312087,4.712686649220421,3.0448613906382427,0,51.073094325218314,45.11971916008464,,,,,3.0740473666050505,-3.928233562635853,-7.002280929240904,0.6862905270931347,51.073094325218314,,,,,51.073094325218314,,51.073094325218314,,-18.33567117574492,4.67173321082867,-2.335866605414335,0
2021-04-14,240,243.49,228.4,229.14,227.215,243.06022956602155,211.36977043397846,65.74990837602962,66.30515294809038,0,0,,,,,,,,-1.640610915084828,0.8472151926589344,-0.22772497093563882,0,46.122028229984885,46.14539313614258,,,,,2.5188178279864193,-3.85375864425788,-6.372576472244299,0.49231063593803814,46.122028229984885,,,,,,,,,-18.039398040499687,4.705073212207548,-2.352536606103774,0
2021-04-15,232.99,236.8,232.1,236.38,227.519,243.81616650218297,211.22183349781704,71.04870649917001,68.68198603058174,0,0,,,,,,,,1.1588893834092673,3.894619789995546,3.0840616114571118,0,50.322089310654,47.08465991504748,,,,,2.5589075663913903,-3.1739420142550614,-5.732849580646452,0.37782566783062294,50.322089310654,,,,,,,,,-17.656264243263436,4.762741711731994,-2.381370855865997,0
2021-04-16,235.73,235.96,229,232.74,228.32099999999997,243.97559791882034,212.6664020811796,66.19401878968807,67.66421122162923,0,0,,,,,,,,-0.22592136907486626,1.935433008790266,1.7371462542510985,0,48.28412653066804,47.1791638364774,,,,,2.269861873757651,-2.895522238449388,-5.165384112207039,0.49047971386428674,48.28412653066804,,,,,,,,,-18.256896058673185,4.7379050705138654,-2.3689525352569327,0
2021-04-19,230,233.9,225.46,229.07,228.73349999999996,244.00586101589838,213.46113898410155,61.56563870683691,66.26945466523166,0,0,,,,,,,,-1.6622163456997296,0.14711443666977075,0.2886613584888398,0,46.25035565142921,47.45260560651151,,,,,1.782584717924319,-2.93715321480164,-4.719737932725959,0.21839747299671944,46.25035565142921,,,,,,,,,-18.24855142288979,4.707339795660452,-2.353669897830226,0
2021-04-20,229,231.25,220.5,225.22,228.95699999999997,243.88237718116204,214.0316228188379,55.4534525799038,61.07103669214293,0,0,,,,,,,,-2.8650539327102154,-1.6321842092619887,-1.5582315274165315,0,44.14946966163346,47.6144020096376,,,,,1.1810537443960554,-3.2434207522308895,-4.424474496626945,-0.31945569327111195,44.14946966163346,44.14946966163346,,44.14946966163346,,,,,,-19.527003440463393,4.608259917541169,-2.3041299587705844,0
2021-04-21,222,231.87,221.6771,231.39,229.52649999999994,243.9003613809926,215.1526386190073,50.41348940434042,55.81086023036037,0,0,,,,,,,,-0.09283046566347375,0.8118888232949262,1.1184398361525183,0,48.20965041893154,47.797085451665964,,,,,1.1762050700829398,-2.95421815902327,-4.13042322910621,-0.46809222822433383,48.20965041893154,,,,,,,,,-19.654640754161296,4.5122935840687655,-2.2561467920343827,0
2021-04-22,233.33,239,229.23,231.44,230.66849999999994,241.3708292324632,219.96617076753668,50.216429580315555,52.027790521519925,0,0,,,,,,,,0.02852524484173724,0.334462659617607,1.0765367398188008,0,48.24248723110579,47.7189383839919,,,,,1.1523545649397162,-2.6899800229315645,-3.8423345878712807,-0.36622256552027266,48.24248723110579,,,,,,,,,-19.342134777717888,4.429621039768436,-2.214810519884218,0
2021-04-23,231.44,236.58,231.44,235.64,231.60299999999992,240.45457635678832,222.75142364321152,57.381983976657594,52.67063432043786,0,0,,,,,,,,1.4600708722104727,1.743068958519567,2.943317975034554,0,51.05004323608868,47.988091973171784,,,,,1.3800612189419574,-2.117258064193834,-3.4973192831357913,-0.23540223729042933,51.05004323608868,,,,,,,,,-18.10475544928576,4.4124056145941895,-2.2062028072970947,0
2021-04-26,235.73,241.06,234.57,237.75,231.74049999999994,240.87964541957,222.60135458042987,61.87395315267507,56.49078890321607,0,0,,,,,,,,2.1767625760148457,2.5932023103428348,3.748019951038839,0,52.4456501963011,48.222495448688385,,,,,1.6169779116997889,-1.4760968935110554,-3.0930748052108443,0.067672303373475,52.4456501963011,,,,,,,,,-17.316982101889163,4.452854169970749,-2.2264270849853744,0
2021-04-27,239.8,241.22,234.19,238.17,232.47449999999995,241.19358819774084,223.75541180225906,63.84355307328981,61.033163400874166,0,0,,,,,,,,2.3533051991027287,2.4499461231231923,3.9402173913044125,0,52.734522815685025,48.55062270306228,,,,,1.7357104422072531,-0.9234367524517779,-2.659147194659031,0.274636351955564,52.734522815685025,,,,,52.734522815685025,,52.734522815685025,,-16.496889560458065,4.55987733752936,-2.27993866876468,0
2021-04-28,236,239.72,234.1,236.64,233.20299999999992,240.66752972397126,225.73847027602858,64.3911615002509,63.3695559087386,0,0,,,,,,,,1.3690649577629443,1.4738232355501646,3.204947417695725,0,51.507056213092405,48.79936563821458,,,,,1.645742794338119,-0.6019687017363822,-2.2477114960745013,0.40481750481942685,51.507056213092405,,,,,,,,,-16.364760649600044,4.657736750529691,-2.3288683752648454,0
2021-04-29,236.5,237.8058,227.099,229.55,233.2164999999999,240.65352702698047,225.77947297301935,54.59830949265172,60.94434135539748,0,0,,,,,,,,-1.3795266389128202,-1.5721443379863365,0.12372800774649306,0,46.14668727877338,48.92219012626854,,,,,1.0711049790686389,-0.9088302722387027,-1.9799352513073416,0.11975139944894919,46.14668727877338,,,,,,,,,-17.328726299305327,4.657586842337163,-2.3287934211685815,0
2021-04-30,226.75,235.99,226,231.59,232.95649999999992,240.2375775988206,225.67542240117925,53.27652560709967,57.421998866667444,0,0,,,,,,,,-0.45390851336359894,-0.5865902003163281,0.7953134248674498,0,47.829071302637885,48.883309457300285,,,,,0.8030227620601773,-0.97615679873212,-1.7791795607922973,0.0792940099081198,47.829071302637885,,,,,,,,,-18.086920635181002,4.6120441996506525,-2.3060220998253262,0
2021-05-03,232.3,232.815,222.88,223.69,232.52499999999992,240.8533791940614,224.19662080593844,38.4842020411801,48.78634571364383,0,0,,,,,,,,-3.626759956571901,-3.7995914417804255,-2.683536961171684,0,42.31594026926958,48.25779845330395,,,,,0.10495913821621072,-1.6479806380220339,-1.7529397762382446,-0.022899725986845077,42.31594026926958,,,,,,,,,-19.564080870837515,4.537046612916459,-2.2685233064582295,0
2021-05-04,220.41,220.7,213.9,218.4,231.64449999999994,241.82953112415555,221.45946887584432,26.298706169743987,39.35314460600792,0,0,,,,,,,,-5.628581058308024,-5.7175974391794,-4.952563321437853,0,39.068464128439786,47.753972446050724,,,,,-0.6596899731937058,-2.577552242730377,-1.9178622695366712,-0.36900430154189595,39.068464128439786,,,,,,,,,-20.828028497824334,4.487202995567615,-2.2436014977838075,0
2021-05-05,220.24,222.095,211.89,213.79,230.63549999999987,243.3766765155403,217.89432348445942,23.74585891903064,29.509589043318243,0,0,,,,,,,,-6.912647061384747,-7.303949305289025,-6.874937383751534,0,36.443676935406614,46.7626572763902,,,,,-1.3810898300053838,-3.644224557043401,-2.2631347270380173,-0.4871698007725897,36.443676935406614,,,,,,,,,-22.8698619133589,4.558383670856778,-2.279191835428389,0
2021-05-06,210,211.83,192.41,199.84,228.93999999999988,247.34030543225117,210.5396945677486,17.88017735645089,22.641580815075173,0,0,,,,,,,,-11.77275657156981,-12.71075390932117,-12.840575538313203,0,29.897835590577387,45.449350780669434,,,,,-2.630474116330041,-5.551227372450569,-2.920753256120528,-0.6236947602785747,29.897835590577387,29.897835590577387,,29.897835590577387,,,,,,-25.53910259560993,4.904854651029161,-2.4524273255145803,0
2021-05-07,206.49,214.32,205.215,206.04,227.8974999999999,248.8322919741298,206.96270802587,21.208224186039054,20.944753487173532,1,0,,,,,,,,-7.83105043257315,-9.590934521001726,-9.993709519593653,0,35.447403470244566,44.677711339156254,,,,,-2.853372716989218,-6.4874691523570505,-3.6340964353678324,-0.7422279075893249,35.447403470244566,,,,,,,,,-26.80119181987595,5.356996230586868,-2.678498115293434,0
2021-05-10,202.2,204.63,192.61,193.82,225.91899999999993,251.39112900407085,200.446870995929,15.733425993816216,18.273942512102057,0,0,,,,,,,,-11.559504090749362,-14.208189660896142,-14.821119369969827,0,30.347973452883878,43.69189018138843,,,,,-3.590223217157977,-8.121875456815303,-4.531652239657326,-0.8680594212432469,30.347973452883878,,,,,,,,,-28.916136395506772,6.0290679951303,-3.01453399756515,0
2021-05-11,189.66,204.27,187.1,201.46,224.08799999999988,251.02291533307843,197.15308466692133,19.018141283589713,18.653263821148332,1,0,,,,,,,,-6.5072720691287,-10.097818714076556,-11.176886414640098,0,36.49870310585652,42.855393944740214,,,,,-3.334980241871693,-8.700377541996943,-5.36539730012525,-0.9156853096311824,36.49870310585652,,,,,,,,,-28.52530440725072,6.515596853516033,-3.2577984267580167,0
2021-05-12,196,196.4,189.77,191.38,222.19999999999987,252.53297875250774,191.867021247492,15.070881780786394,16.607483019397446,0,0,,,,,,,,-9.279660213504226,-13.870387038703825,-15.23882355372751,0,32.42970292675851,41.725909351572554,,,,,-3.5945404630289115,-9.858572878911389,-6.264032415882477,-0.9576835754611125,32.42970292675851,,,,,,,,,-30.082032163434594,7.118193844940171,-3.5590969224700855,0
2021-05-13,193,196.5,184.71,188.24,219.7929999999999,252.76809429857744,186.81790570142235,12.975958238803031,15.688327101059718,0,0,,,,,,,,-8.985857609089788,-14.355780211380665,-16.121308621657636,0,31.26057758793884,40.31237609099042,,,,,-3.712075506915032,-10.904126799526267,-7.192051292611235,-0.9735373160206399,31.26057758793884,,,,,,,,,-30.60012422133347,7.680212018906822,-3.840106009453411,0
2021-05-14,196,210.88,194.62,209.99,218.6554999999999,251.33387234318855,185.97712765681126,30.491999003511445,19.51294634103363,1,0,,,,,,,,2.6018127183446316,-3.9630834806350212,-6.055671376036753,0,45.82864912035264,39.83973315699411,,,,,-2.1375483165770257,-9.863986688332517,-7.726438371755491,-0.8929704322392985,45.82864912035264,,,,,,,,,-29.405168844992705,8.02060261617766,-4.01030130808883,0
2021-05-17,208.45,217.8,205.45,212.65,217.83449999999988,250.24901370914142,185.41998629085833,37.51730122228205,26.995086154865515,0,0,,,,,,,,4.465000663191887,-2.3800178575936637,-4.585775585504825,0,47.29966256252821,39.451528853197196,,,,,-0.7984159129046597,-8.724458262886316,-7.926042349981656,-0.7643287123207599,47.29966256252821,,,,,,,,,-26.707237286019875,8.099033341970848,-4.049516670985424,0
2021-05-18,219.44,227.13,214.75,223.53,217.74999999999986,250.09579972732365,185.40420027267606,47.902625309305236,38.63730851169958,0,0,,,,,,,,9.533796563991492,2.6544202066590694,0.4835449373130185,0,52.92986906518443,39.55315834263234,,,,,0.8493770133782608,-6.8643210832588295,-7.71369809663709,-0.48290565929847623,52.92986906518443,,,,,,,,,-22.31454861020217,8.007060236265197,-4.003530118132598,0
2021-05-19,214.82,229,213.68,228.81,217.62099999999992,249.76814600085063,185.4738539991492,56.30129623739269,47.24040758966,0,0,,,,,,,,11.301902945869212,5.141507483193286,2.9366556346508643,0,55.41901466909483,40.215467441941016,,,,,2.244937528037293,-4.907526186590474,-7.152463714627767,-0.1380965578747473,55.41901466909483,,,,,,,,,-19.93852109250217,7.925769068626437,-3.9628845343132184,0
2021-05-20,229.76,236.17,227.43,230.56,217.5769999999999,249.65069395626278,185.50330604373704,67.94779862487026,57.383906723856065,0,0,,,,,,,,10.50189793336147,5.967082917771682,3.773584905660421,0,56.24490491459202,40.816598414223456,,,,,3.1788530454045674,-3.178897407872057,-6.3577504532766245,0.24739781931371743,56.24490491459202,,,,,,,,,-17.66554888381874,7.912704107383139,-3.9563520536915693,0
2021-05-21,230.85,235.25,230.79,233.39,217.4644999999999,249.2988685189458,185.630131481054,72.13370109056719,65.46093198427671,0,0,,,,,,,,10.410960200205333,7.323264256924733,4.945007179493355,0,57.612457339018434,41.90920677634837,,,,,3.8361388551932816,-1.562576884285022,-5.398715739478304,0.5446987736418524,57.612457339018434,,,,,,,,,-16.384121606055846,7.956741694343568,-3.978370847171784,0
2021-05-24,235,236.94,231.78,233.92,217.2729999999999,248.65988777180743,185.8861122281924,75.64417996398302,71.90855989314015,0,0,,,,,,,,8.601486584986539,7.661789545870912,5.174969388412731,0,57.877978218338036,43.25274349705539,,,,,4.130058552014622,-0.23614254946002688,-4.3662011014746485,0.7434235143666194,57.877978218338036,,,,,,,,,-15.687317754957332,8.03113006018451,-4.015565030092255,0
2021-05-25,236.53,236.7,228.5734,229.96,216.8624999999999,247.34721346429302,186.37778653570678,74.12096314570196,73.96628140008407,0,0,,,,,,,,5.36878616954497,6.039541183929953,3.520457850091341,0,55.10068681598839,44.585387059954094,,,,,3.884865103206497,0.48988027753347296,-3.394984825673024,0.8557818803849008,55.10068681598839,,,,,,,,,-15.702744465275458,8.094264237677471,-4.047132118838736,0
2021-05-26,231,236.36,228.3,235.25,216.7929999999999,247.10287568433864,186.48312431566114,78.09622651893187,75.95378987620562,0,0,,,,,,,,5.668598122445334,8.513651271028166,5.804836364181565,0,58.000046381668724,46.592687830746335,,,,,3.8960784217403015,1.475113201502353,-2.4209652202379486,0.8778529211529491,58.000046381668724,,,,,,,,,-15.397547359183031,8.164800724060713,-4.082400362030357,0
2021-05-27,226.5,246.475,220,245.15,217.57299999999992,249.89219930938896,185.2538006906109,83.63420352946957,78.61713106470114,0,0,,,,,,,,7.370763092313037,12.674826380111547,10.112635441760641,0,62.83665931453572,48.5490632481957,,,,,4.352734193313451,3.019952521403866,-1.3327816719095857,0.9283716607347408,62.83665931453572,,,,,62.83665931453572,,62.83665931453572,,-13.87411706954647,8.317020295198684,-4.158510147599342,0
2021-05-28,238.2,244.22,237,238.03,217.89499999999992,250.88770252646793,184.90229747353192,81.12521517090521,80.9518817397689,0,0,,,,,,,,2.987560843699333,9.240689322839014,6.829973250991905,0,57.69111919533551,50.50214508694224,,,,,3.9685486147927684,3.627904096581375,-0.34064451821139363,0.9090356009806989,57.69111919533551,,,,,,,,,-12.706459169227195,8.53136154545166,-4.26568077272583,0
2021-06-01,239.5,243.56,235.51,240.81,218.75099999999992,253.15871012433126,184.34328987566857,82.35934024515933,82.37291964851137,0,0,,,,,,,,2.936210412026985,10.084068187116891,7.8881737130568785,0,59.09942440655535,52.11648232270645,,,,,3.7002293574467235,4.284642178597011,0.5844128211502874,0.898189765264117,59.09942440655535,,,,,,,,,-11.830834802579872,8.784876931977285,-4.392438465988643,0
2021-06-02,240.74,248.2,239.6,243.18,219.98999999999992,256.00500520616345,183.9749947938364,84.65922333117078,82.71459291574511,0,0,,,,,,,,3.0834315362898934,10.541388244920258,8.658546393687306,0,60.31228145607892,54.10809507480076,,,,,3.483999791005596,4.939412559907282,1.4554127689016862,0.8747648911597394,60.31228145607892,,,,,,,,,-11.9081136881331,9.004262359364047,-4.502131179682023,0
2021-06-03,240,243.23,233.36,238.43,221.2219999999999,257.9824138170402,184.46158618295962,77.36977668793307,81.46278008808773,0,0,,,,,,,,0.6594390124457616,7.778611530498836,6.424543601493848,0,56.684238184995635,55.92407083173339,,,,,2.84943163820778,5.017202316661411,2.167770678453631,0.8813854330401657,56.684238184995635,,,,,,,,,-11.714362571475148,9.212669774895812,-4.606334887447906,0
2021-06-04,240.73,244.86,237.5,242.56,223.3579999999999,259.86419268014777,186.851807319852,78.5130835770091,80.18069453203765,0,0,,,,,,,,1.8868558563099658,8.59696093267317,8.089159296636229,0,58.993939767237585,56.86444873508231,,,,,2.5461284988072217,5.350431301962658,2.8043028031554362,0.861187020733403,58.993939767237585,,,,,,,,,-11.380681901879283,9.420585210120427,-4.710292605060213,0
2021-06-07,244.65,252.55,240.005,250.57,225.58449999999993,263.0142857193969,188.15471428060295,82.42065326271356,79.43450450921857,0,0,,,,,,,,4.497343464589276,11.07589395548012,11.411484849158594,0,63.10321804529376,57.99327412670842,,,,,2.708164897621271,6.189508925182025,3.481344027560754,0.8895820128760255,63.10321804529376,,,,,63.10321804529376,,63.10321804529376,,-10.23833493643123,9.68324481332535,-4.841622406662675,0
2021-06-08,252.99,255.99,246.645,250.32,228.4094999999999,264.3210393571495,192.49796064285027,82.21776484809061,81.05050056260443,0,0,,,,,,,,3.6839445627231626,9.592639535571035,11.093358896522387,0,62.89138153273323,58.704810731533335,,,,,2.620066529343976,6.756427189240725,4.136360659896749,0.889142972079855,62.89138153273323,,,,,,,,,-8.139608848265835,10.0730508121267,-5.03652540606335,0
2021-06-09,250.35,255,245.72,247.01,230.6869999999999,265.2243890732935,196.14961092670632,81.19354968877121,81.94398926652512,0,0,,,,,,,,1.5954362051733728,7.075821351008127,9.481189499686838,0,60.018566923225634,59.03335017825697,,,,,2.1785530841228846,6.859552015050355,4.68099893092747,0.8731734745118563,60.018566923225634,,,,,,,,,-6.771832372105457,10.528267672094687,-5.2641338360473435,0
2021-06-10,247.3,250.7,243.5417,248.8,233.5579999999999,263.83123543990763,203.28476456009219,78.77100044871825,80.7274383285267,0,0,,,,,,,,1.7645182137218773,6.526002106543172,10.076806002902416,0,61.05462029567136,59.37690127690549,,,,,1.8591755021414675,7.004968308604305,5.145792806462837,0.8627719017746818,61.05462029567136,,,,,,,,,-6.02242360737223,10.992210962070692,-5.496105481035346,0
2021-06-11,239,242.53,233.75,240.6,236.17599999999993,258.27185517693323,214.08014482306663,70.30516449062314,76.75657154270421,0,0,,,,,,,,-1.405968913785527,1.8731793238940808,6.275683658310038,0,54.134079498732284,59.128445716885054,,,,,0.9913167150873612,6.384938700322039,5.393621985234677,0.7311451415311048,54.134079498732284,54.134079498732284,,54.134079498732284,,,,,,-6.495637076625202,11.369776723520419,-5.684888361760209,0
2021-06-14,242.7,248.1,241.27,244.2,237.88649999999993,256.65506869875753,219.11793130124232,69.6021133687945,72.8927594360453,0,0,,,,,,,,-0.18312023805631128,2.65399675895861,7.665944582754092,0,56.46706876704937,59.027666470364444,,,,,0.5759641479584019,6.11357717018268,5.537613022224278,0.6465711339478283,56.46706876704937,,,,,,,,,-6.1795836806387605,11.73061236852666,-5.86530618426333,0
2021-06-15,244.72,247.358,239.5154,241.41,239.32449999999994,254.12634512146883,224.52265487853106,64.03358312841846,67.98028699594538,0,0,,,,,,,,-1.3477287215783673,0.8714109921884594,6.159393735066976,0,54.16749287072687,58.96100975998861,,,,,0.0568995702891133,5.608737485085669,5.551837914796556,0.41585875315635973,54.16749287072687,,,,,,,,,-6.619287875634066,12.026555860105315,-6.0132779300526575,0
2021-06-16,239.81,243.7954,235.5822,238.84,240.08999999999992,253.0091470306678,227.17085296933203,54.03279529785398,62.556163931688985,0,0,,,,,,,,-2.2245511188255906,-0.5206380940480315,4.7155003843602605,0,52.06417413148451,58.53701888497546,,,,,-0.48604926306675633,4.94427633596311,5.4303255990298664,0.06988356162134367,52.06417413148451,52.06417413148451,,52.06417413148451,,,,,,-6.455247634126422,12.304258829228246,-6.152129414614123,0
2021-06-17,234.5,248.68,231.52,245.53,240.92599999999993,252.95013472978331,228.90186527021655,57.76659448403204,58.61099097010149,0,0,,,,,,,,0.22287169774353188,1.9109602118493108,7.151585329663668,0,56.76993567107574,58.10368148187117,,,,,-0.42344663860738674,4.901017300770633,5.3244639393780195,0.17528021837648822,56.76993567107574,,,,,,,,,-5.666850721721218,12.603645168778169,-6.301822584389084,0
2021-06-18,246.57,250,243.05,249.4,241.86799999999988,253.43957309963014,230.29642690036962,57.21000190365079,56.33646389517895,0,0,,,,,,,,1.519123369751041,3.1140952916467457,8.061422563201992,0,59.26134950150141,58.21584078945445,,,,,-0.16357851631272435,5.119990793987114,5.283569310299838,0.16047252613152085,59.26134950150141,,,,,,,,,-4.02907598462268,12.978018815239025,-6.489009407619513,0
2021-06-21,247.22,250,241.65,248.29,242.6129999999999,253.81810258766302,231.40789741233675,59.06885166990622,58.01514935252968,0,0,,,,,,,,1.1611799217731367,2.3399405637785753,6.92798973312152,0,58.224859456527,58.153371864452424,,,,,-0.11113005530980846,5.144656741162578,5.255786796472386,0.15369300755941137,58.224859456527,,,,,,,,,-2.263126018247853,13.43444531594129,-6.717222657970645,0
2021-06-22,247,252.82,245.36,249.29,243.38149999999987,254.19791211308456,232.5650878869152,63.123194887997656,59.800682820518226,0,0,,,,,,,,1.6112530926847501,2.427670139267013,6.5105190299592275,0,58.92191201185876,58.05405976129384,,,,,-0.05652909608010681,5.185125426372252,5.241654522452359,0.21347975537266128,58.92191201185876,,,,,,,,,-1.419063651411246,13.904036951923434,-6.952018475961717,0
2021-06-23,248.1,250.1,244.47,249,244.33349999999987,253.47985069304258,235.18714930695717,64.49801966357701,62.230022073826966,0,0,,,,,,,,1.4107910856249184,1.9098895566920238,5.671160402314368,0,58.616455184741355,58.19207526127568,,,,,-0.08563721024942872,5.134608009640573,5.220245219890002,0.10198362790057725,58.616455184741355,,,,,,,,,-1.1011879531570437,14.349903900220456,-7.174951950110228,0
2021-06-24,250,253.32,247.37,251.25,245.13349999999986,253.74519733560666,236.52180266439305,67.98966440075259,65.20362631744241,0,0,,,,,,,,2.22515165940409,2.495170998659968,5.730561357391095,0,60.33457831395783,58.28783515746999,,,,,-0.003394603845764621,5.216001965082796,5.219396568928561,0.12978520310778496,60.33457831395783,,,,,60.33457831395783,60.33457831395783,60.33457831395783,,-0.3024991901291553,14.80590354377156,-7.40295177188578,0
2021-06-25,252,253.27,247.02,247.09,245.2304999999999,253.88435573025126,236.57664426974853,62.00644750009137,64.83137718814032,0,0,,,,,,,,0.2678245343505248,0.7582662026135001,3.1286259255240534,0,55.727832563407006,57.761021908763794,,,,,-0.2647343044184156,4.888478688405542,5.153212992823957,0.2815328341659656,55.727832563407006,,,,,,,,,-0.29288056974345666,15.220918210345744,-7.610459105172872,0
2021-06-28,248.43,249.48,243.62,247.67,245.71249999999986,253.7611467806778,237.66385321932194,58.92513324081577,62.973748380553246,0,0,,,,,,,,0.3618651657164129,0.7966627664445669,2.8316379489309096,0,56.22962895804177,57.285182439142964,,,,,-0.4246257702352896,4.622430780029845,5.047056550265134,0.47073371848521484,56.22962895804177,,,,,,,,,-0.2678354717215088,15.60088082022721,-7.800440410113605,0
2021-06-29,248,251,245.08,245.8,245.96199999999985,253.69028208595793,238.23371791404176,52.65176583881715,57.861115526574764,0,0,,,,,,,,-0.5727784609410258,-0.06586383262447981,1.5891384761629768,0,54.10052659923879,56.86246527314391,,,,,-0.667935141369874,4.212137623552792,4.880072764922666,0.4805182268159823,54.10052659923879,,,,,,,,,-0.8330149269397871,15.91724405830927,-7.958622029154635,0
2021-06-30,244.29,245.17,238.64,241.8,245.89299999999986,253.74308560463336,238.04291439536635,48.027687226803515,53.201528768812146,0,0,,,,,,,,-2.307766896150487,-1.664545147686125,-0.3149684207053971,0,49.76025424842123,56.05572484119747,,,,,-1.0851838248346724,3.5235929838793254,4.608776808713998,0.4227954259377162,49.76025424842123,,,,,,,,,-1.3705073646168724,16.180230144141717,-8.090115072070859,0
2021-07-01,240.42,241.64,235.7161,236.75,245.80899999999983,254.00505002426058,237.61294997573907,39.386032246841324,46.68849510415399,0,0,,,,,,,,-4.0075577576489945,-3.6853817394805866,-2.5032739132940907,0,44.86638218831124,55.39374646188168,,,,,-1.6541166276072996,2.541131024204873,4.195247651812172,-0.03806593934493231,44.86638218831124,44.86638218831124,,44.86638218831124,,,,,,-2.665614633931991,16.362689854152862,-8.181344927076431,0
2021-07-02,239.5,241.21,236.9,237.24,245.54299999999984,254.45740205510972,236.62859794488995,36.91009433654367,41.44127127006284,0,0,,,,,,,,-3.3322739163386683,-3.3814851166597437,-2.390990106342361,0,45.42721769630838,54.60518567111448,,,,,-1.9309777761765234,1.7815254315915183,3.7125032077680418,-0.27205667209946066,45.42721769630838,,,,,,,,,-3.6619487471136094,16.490078091448503,-8.245039045724251,0
2021-07-06,235.05,241.09,234.78,239.05,244.9669999999998,253.99568340347292,235.9383165965267,36.85970608525063,37.71861088954521,0,0,,,,,,,,-2.2266395085360102,-2.415427384096558,-1.7225785232691249,0,47.549653440785235,54.13248285469007,,,,,-1.9216201461720894,1.3104780250529302,3.2320981712250196,-0.5008567255739542,47.549653440785235,,,,,,,,,-3.913203614872606,16.597547553630807,-8.298773776815404,0
2021-07-07,242,249.24,241.03,248.75,244.88849999999985,253.75550462389063,236.02149537610907,49.54340464631178,41.1044016893687,0,0,,,,,,,,1.76321387661591,1.576840072114516,2.057841666404614,0,57.16445986983672,54.496788978858085,,,,,-1.2254555446261413,1.700278740442343,2.925734285068484,-0.5945660296101669,57.16445986983672,,,,,,,,,-2.1692999153256887,16.76306730863569,-8.381533654317845,0
2021-07-08,243.14,254,241.23,250.3,245.0529999999998,254.18931457428016,235.91668542571944,62.42463005181716,49.60924692779319,0,0,,,,,,,,2.34288751686631,2.1411694613002963,2.4089073519204085,0,58.47440380013429,54.618536702362256,,,,,-0.6526286367942116,2.1099484890757196,2.762577125869931,-0.4579870556037425,58.47440380013429,,,,,,,,,-0.30009503872297794,16.99510815267497,-8.497554076337485,0
2021-07-09,250,272,249.82,269.49,246.0874999999998,260.08095829308064,232.09404170691894,71.04443643371947,61.004157043949476,0,0,,,,,,,,9.373604876742082,9.509828821049515,9.747903038168172,0,70.5018062503523,55.42142647013732,,,,,0.9400951234258916,3.9376960301522956,2.997600906726404,0.1292905794217871,70.5018062503523,,,,,70.5018062503523,,70.5018062503523,,4.089385020208177,17.42743209908356,-8.71371604954178,0
2021-07-12,267.5,269.35,258.88,267.06,247.41049999999981,263.8653527492698,230.95564725072984,73.98125360363241,69.15010669638968,0,0,,,,,,,,7.5159728009468685,7.942063897854057,8.435789576261543,0,67.82295465792677,56.10700469880874,,,,,1.7066967019896087,5.130971784213415,3.424275082223806,0.3681745923613421,67.82295465792677,,,,,,,,,6.9058702694650504,17.985513997982867,-8.992756998991434,0
2021-07-13,266.44,275,263.72,264.62,248.43149999999983,266.42495244804763,230.438047551952,73.97224845817233,72.99931283184141,0,0,,,,,,,,5.811600809321571,6.516283160549352,7.059773894116184,0,65.14621676571781,56.551597895512955,,,,,1.9107862965887263,5.812757952959714,3.901971656370988,0.5267507720063799,65.14621676571781,,,,,,,,,9.178972819407003,18.634280847139102,-9.317140423569551,0
2021-07-14,268.91,269.6765,252.06,252.54,248.9879999999999,266.7655483124091,231.21045168759065,67.15424976492376,71.70258394224284,0,0,,,,,,,,0.7098420800765393,1.426574774687972,2.0110841219145525,0,53.82108246625394,56.20907127276386,,,,,1.132048215831425,5.3170319261602685,4.184983710328844,0.5484110084898153,53.82108246625394,,,,,,,,,7.041243412941182,19.106704556824152,-9.553352278412076,0
2021-07-15,254.59,257.63,247.1993,251,249.59599999999983,266.76503654839576,232.42696345160394,60.99064225041535,67.37238015783714,0,0,,,,,,,,-0.2701843610934951,0.5625090145676026,1.282372025082501,0,52.56649300641518,55.65420803651081,,,,,0.4481735354583236,4.745200629651748,4.2970270941934245,0.5771819329740697,52.56649300641518,,,,,,,,,4.944739412662501,19.439410121997632,-9.719705060998816,0
2021-07-16,251.56,253.42,245.5,250.82,249.86049999999986,266.93355300759254,232.78744699240715,54.65497796820605,60.93328999451506,0,0,,,,,,,,-0.8957394097682148,0.3840142799682811,1.0413519447297848,0,52.41270507733207,55.41741321607687,,,,,-0.05462221792040545,4.228749321792918,4.283371539713324,0.5515199726173107,52.41270507733207,52.41270507733207,,52.41270507733207,,,,,,3.19920071086144,19.673102238670577,-9.836551119335288,0
2021-07-19,245.94,254.35,242.01,252.28,250.00449999999987,267.1081422729211,232.90085772707866,50.84757016904574,55.49773012922238,0,0,,,,,,,,-0.9077304382323459,0.9101836166949484,1.4970288744322158,0,53.598501896923395,55.229475568854134,,,,,-0.31277835997359027,3.8923985897463353,4.205176949719926,0.5425273967365589,53.598501896923395,,,,,,,,,3.3029998003786183,19.894613033932213,-9.947306516966107,0
2021-07-20,253,259.1899,248.63,256.27,250.40349999999984,267.69977621773745,233.10722378226222,53.371912069960246,52.95815340240401,0,0,,,,,,,,-0.016776363274639827,2.342818690633375,3.023529742833131,0,56.76894402460009,55.420076813522805,,,,,-0.2418945869459419,3.902808716037498,4.14470330298344,0.5450979137674047,56.76894402460009,,,,,,,,,4.16210757455094,20.134758420007927,-10.067379210003963,0
2021-07-21,255.67,260.5699,251.14,259.3,250.90399999999983,268.6167280789906,233.19127192100902,59.095724605925255,54.43840228164374,0,0,,,,,,,,0.7506760747256758,3.3462997799956096,4.116336186416292,0,59.056776777868826,56.08411413705477,,,,,-0.029204444791101736,4.108197746994563,4.1374021917856645,0.5205413976056437,59.056776777868826,,,,,,,,,5.408403521786538,20.40893880841967,-10.204469404209835,0
2021-07-22,261.9,269.17,261.36,267.3,251.81899999999982,270.8829071546301,232.75509284536955,67.20890081960401,59.892179165163164,0,0,,,,,,,,3.1775441196905563,6.147669556308388,7.037884390008187,0,64.41185503816047,57.48021934061539,,,,,0.5784579655921132,4.860474648775806,4.282016683183693,0.4985694533321786,64.41185503816047,,,,,64.41185503816047,,64.41185503816047,,7.520283974290162,20.754501020410014,-10.377250510205007,0
2021-07-23,267.34,271.61,264.27,264.92,252.50249999999977,272.3978852689619,232.60711473103768,67.91689428059614,64.74050656870845,0,0,,,,,,,,2.4395714026085313,4.917773091355637,5.857061799234375,0,61.82129567139097,58.65122491026415,,,,,0.7380809010086908,5.2046178094445565,4.466536908435866,0.42346452694295444,61.82129567139097,,,,,,,,,8.735036144801521,21.130475882795082,-10.565237941397541,0
2021-07-26,262.69,269.75,262.21,268.8,253.58799999999982,274.5254254386801,232.6505745613196,71.5961422519251,68.9073124507084,0,0,,,,,,,,3.870007921633789,5.998706563402134,7.005517471994627,0,64.33930317277142,59.850485605406014,,,,,1.0063300152710815,5.724449427524718,4.718119412253636,0.3544570360114479,64.33930317277142,,,,,,,,,10.08078262954276,21.541750115085698,-10.770875057542849,0
2021-07-27,268.5,269.36,255,262.68,254.33849999999978,275.4489507531322,233.22804924686739,68.1854209463223,69.23281915961451,0,0,,,,,,,,1.5812615288235188,3.2796843576573087,4.31343271727993,0,57.85744579358093,59.899984599959176,,,,,0.6881315843238491,5.5782838926584475,4.890152308334598,0.25335653154560306,57.85744579358093,,,,,,,,,9.487815883781066,21.89897607716213,-10.949488038581064,0
2021-07-28,262.51,270.98,261.1155,269.36,255.5164999999998,277.21092995333896,233.82207004666066,71.36593622254341,70.38249980693026,0,0,,,,,,,,3.491334099195842,5.417849727904156,6.5718517268074095,0,62.31963464546009,60.17464394605388,,,,,0.8343373867551183,5.933074041778497,5.098736655023378,0.23447560027316044,62.31963464546009,,,,,,,,,10.14900845651403,22.260836769939193,-11.130418384969596,0
2021-07-29,270,274.99,267.35,268.26,256.8394999999998,278.25206311141517,235.4269368885845,67.91845372400307,69.15660363095625,0,0,,,,,,,,2.3897037774953,4.446551250878539,5.7264208326162525,0,61.17102163145293,59.50815933041821,,,,,0.7655553677309586,6.055680864687076,5.290125496956118,0.5160245798899762,61.17102163145293,,,,,,,,,10.101299168918258,22.597137253438856,-11.298568626719428,0
2021-07-30,265,272.88,264.1,265.72,258.2879999999998,277.91350136940247,238.6624986305971,62.48746642230704,67.25728545628449,0,0,,,,,,,,0.8467146636102152,2.8774081645296157,4.448316976978828,0,58.49026057992381,58.84153832484657,,,,,0.4719865228824496,5.88010865055918,5.40812212767673,0.7160080979892315,58.49026057992381,,,,,,,,,10.548252741262845,22.93001822467825,-11.465009112339125,0
2021-08-02,266.04,271.09,261.5401,268.29,259.8404999999998,277.35973568539475,242.32126431460483,63.521476527543115,64.64246555795107,0,0,,,,,,,,1.207137198687236,3.251802548101712,5.19815082753996,0,60.38211514282953,58.50124535178311,,,,,0.3779475237477552,5.880556532361425,5.502609008613669,0.8836043827201605,60.38211514282953,,,,,,,,,10.424543005936611,23.23698493481607,-11.618492467408036,0
2021-08-03,272,285.84,271.24,284.58,262.1169999999998,280.0656323713101,244.16836762868948,79.2196692347572,68.40953739486912,0,0,,,,,,,,6.217877657966309,8.569837133799108,11.058788023852362,0,69.7828843518194,59.641374057894936,,,,,1.2886165748185636,7.1133797271368735,5.82476315231831,0.8785841495215267,69.7828843518194,,,,,69.7828843518194,,69.7828843518194,,12.718980963192768,23.616451842822528,-11.808225921411264,0
2021-08-04,278.06,278.93,269.9,273.37,263.3479999999998,280.8317817419592,245.86421825804035,73.99418451359792,72.24511009196608,0,0,,,,,,,,1.5007722925206135,3.8056108267388478,6.350890115362295,0,59.346778687281876,60.12568017795684,,,,,1.0233556180421726,7.103957674871026,6.0806020568288535,0.8567888434171416,59.346778687281876,,,,,,,,,13.852971793874126,24.01896951688963,-12.009484758444815,0
2021-08-05,270.65,278.47,268.41,276.99,264.6824999999998,282.05287233338606,247.3121276666135,75.29816784839267,76.1706738655826,0,0,,,,,,,,2.476165107270867,4.649910742115648,7.3694819332372985,0,61.35657833838906,60.764528268032336,,,,,0.9790334515332333,7.304393871245395,6.325360419712162,0.8425679060764661,61.35657833838906,,,,,,,,,15.135164829622312,24.44987316428753,-12.224936582143766,0
2021-08-06,275.71,278.4028,269.69,277.48,265.08199999999977,283.22653702910225,246.9374629708973,76.13738738052469,75.14324658083842,0,0,,,,260.218311111111,262.8204942222221,257.6161279999999,,2.182631014939984,4.6770433299885505,7.196114134423959,0,61.63307316448909,61.33842621571561,,,,,0.8735341766521909,7.417278140527401,6.54374396387521,0.8226421904169853,61.63307316448909,,,,,,,,,14.214492670480558,24.816524632021007,-12.408262316010504,0
2021-08-09,277.76,281.98,276.5001,280,265.72899999999976,284.99754005887524,246.46045994112427,74.12723407894414,75.18759643595384,0,0,,,,260.3341777777777,262.93751955555547,257.73083599999995,,2.687101399845182,5.370509052455796,7.71315985530534,0,63.095518647760954,61.790324403084234,,,,,0.8627796182230254,7.622218486653992,6.7594388684309665,0.811685135283217,63.095518647760954,,,,,,,,,15.158357675426416,25.197988523305664,-12.598994261652832,0
2021-08-10,278,280.48,272.66,274.49,266.22249999999974,285.8542985676438,246.59070143235567,68.6685699676978,72.97773047572221,0,0,,,,260.54284444444437,263.1482728888888,257.9374159999999,,0.23224053692840751,3.1054850735757755,5.231613827439419,0,57.89881349291753,61.707612739873426,,,,,0.3975506945515317,7.256377236620381,6.858826542068849,0.7357633164387045,57.89881349291753,57.89881349291753,,57.89881349291753,,,,,,14.89862041123437,25.546533436600786,-12.773266718300393,0
2021-08-11,276.1,277.99,270.73,275.87,267.3889999999998,286.39261323539307,248.3853867646065,65.11267002116873,69.30282468927022,0,0,,,,260.70226666666656,263.30928933333325,258.09524399999987,,0.49725870202723677,3.171783431629649,5.355819833031639,0,58.813756240101085,61.30774854001204,,,,,0.11065171756551262,6.99714118902574,6.886489471460227,0.7269100883955489,58.813756240101085,,,,,,,,,14.809534616780448,25.871229994234128,-12.935614997117064,0
2021-08-12,278.69,287.98,275.3,286.28,269.1529999999998,288.2931317654935,250.01286823450604,74.51984072708574,69.43369357198408,0,0,,,,260.95751111111105,263.56708622222214,258.34793599999995,,3.6093910034852072,6.36329522613539,8.71585066064462,0,64.99391283733269,61.53436405186502,,,,,0.5265875214150437,7.544723873229032,7.018136351813988,0.7563649900530086,64.99391283733269,,,,,,,,,15.782989331113678,26.212488697577196,-13.106244348788598,0
2021-08-13,285.6,291.77,282.75,291.52,271.18799999999976,290.74858547182293,251.6274145281766,79.01280751172307,72.88177275332585,0,0,,,,261.2079999999999,263.8200799999999,258.5959199999999,,4.529791636038949,7.497381890054222,9.943517171760341,0,67.62716959336498,61.769211653335994,,,,,1.0301049861645124,8.305767584519629,7.275662598355116,0.813532512273648,67.62716959336498,,,,,67.62716959336498,67.62716959336498,67.62716959336498,,18.14753470555406,26.62290150170404,-13.31145075085202,0
2021-08-16,288.41,292.2,276.44,282.17,272.6824999999998,290.74629680467075,254.61870319532883,75.55913770275788,76.3639286471889,0,0,,,,261.495911111111,264.1108702222221,258.8809519999999,,0.6761216662206415,3.47932118856189,5.819570076354186,0,59.08631118789156,61.856987752929605,,,,,0.628674188969975,8.061505334567585,7.43283114559761,0.764093042788395,59.08631118789156,,,,,,,,,18.972344628152523,27.041111835727442,-13.520555917863721,0
2021-08-17,274.5,281.53,271.38,278,273.7689999999997,290.30260081774605,257.2353991822534,67.21979851264707,73.930581242376,0,0,,,,261.72373333333326,264.3409706666666,259.10649599999994,,-0.5782910195016977,1.5454635112084558,3.75057069033935,0,55.70721257249113,61.38467189057468,,,,,0.010225641603126334,7.445613197601517,7.435387555998391,0.6765944213147392,55.70721257249113,55.70721257249113,,55.70721257249113,,,,,,17.79678628106789,27.39164546183489,-13.695822730917445,0
2021-08-18,279.96,286.21,274.55,280,274.80399999999975,290.13272258215,259.4752774178495,62.043413792368526,68.27411666925782,0,0,,,,261.95039999999995,264.56990399999995,259.33089599999994,,-0.09990009990012982,1.8908021717297663,4.092315013085868,0,56.97802927286269,61.08517243638966,,,,,-0.3180936529991545,7.037770489749448,7.355864142748603,0.5852131911476912,56.97802927286269,,,,,,,,,16.202819663686352,27.668213114201258,-13.834106557100629,0
2021-08-19,276,284.56,275.25,279.45,275.4114999999997,290.46303052020176,260.35996947979766,57.03981925075276,62.10101051858945,0,0,,,,262.0794666666666,264.70026133333323,259.4586719999999,,-0.38356515973566596,1.4663512598422024,3.513929652261827,0,56.49796423548268,60.942865554643866,,,,,-0.6093645557174128,6.594158448101837,7.2035230038192495,0.4173347800884933,56.49796423548268,,,,,,,,,15.84619105929378,27.918195769323834,-13.959097884661917,0
2021-08-20,268.03,268.95,247.88,266.67,275.4989999999997,290.3241946361807,260.67380536381864,40.40298009272316,53.16207104528147,0,0,,,,262.1129777777777,264.73410755555545,259.49184799999995,,-4.571561487949339,-3.2047303256997894,-1.1856340529811438,0,46.66028068284884,59.9627345217881,,,,,-1.6412465055322913,5.1519648719038855,6.793211377436177,-0.09569695264026556,46.66028068284884,46.66028068284884,,46.66028068284884,,,,,,14.23191094253977,28.10649978682154,-14.05324989341077,0
2021-08-23,268.16,278.97,267.2994,276.44,275.88099999999974,290.3863257805715,261.375674219428,44.77943864713592,47.40741266353728,0,0,,,,262.22604444444437,264.84830488888883,259.6037839999999,,-0.9491595870851466,0.20262359495588633,2.316090245229452,0,53.34800904918195,58.788814857313994,,,,,-1.6404071028692986,4.742702498849553,6.383109601718852,-0.022274000092812735,53.34800904918195,,,,,,,,,13.680183680755386,28.26914962711133,-14.134574813555664,0
2021-08-24,280,288.64,278.5,281.37,276.81549999999976,290.1603064429771,263.4706935570224,51.07784827779525,45.42008900588478,0,0,,,,262.39453333333324,265.01847866666657,259.7705879999999,,0.569382043556077,1.6453197165622102,3.9260202259973065,0,56.32384724843061,58.572891183110336,,,,,-1.2974606397549069,4.761283802025218,6.058744441780125,-0.08582660090219417,56.32384724843061,,,,,,,,,13.848725561054408,28.427250329717875,-14.213625164858938,0
2021-08-25,282.62,286.35,279.3,283.76,277.53549999999973,290.74680496962964,264.3241950303698,54.87014943323676,50.24247878605598,0,0,,,,262.6463555555555,265.27281911111106,260.0198919999999,,1.1384130650185398,2.2427761493575726,4.407464824662943,0,57.731487763901015,58.313956142075476,,,,,-0.9172056100028989,4.912237429276502,5.8294430392794006,-0.03645066499624771,57.731487763901015,,,,,,,,,16.13111923456016,28.639747577855506,-14.319873788927753,0
2021-08-26,299,307.42,290.51,305.26,279.38549999999975,296.62995357210616,262.14104642789334,72.22943087343283,59.39247619482162,0,0,,,,262.93639999999994,265.56576399999994,260.3070359999999,,8.0704089724708,9.261217922905907,11.575715486677108,0,67.78875756882391,58.753647885242245,,,,,0.6881461622016527,6.689625742031467,6.001479579829814,0.2883017280283889,67.78875756882391,,,,,67.78875756882391,,67.78875756882391,,19.787258993065173,28.95261761608817,-14.476308808044084,0
2021-08-27,299.73,300.45,294.07,297.71,280.9849999999997,298.78797334718575,263.1820266528136,72.07297593315634,66.39085207994198,0,0,,,,263.17022222222215,265.80192444444435,260.53851999999995,,5.167035816350651,5.952275032475152,8.197984394137038,0,62.19253978871714,58.68914939531055,,,,,1.1217380876860874,7.403652189437423,6.281914101751336,0.43416992122498904,62.19253978871714,,,,,,,,,21.666923515470128,29.310939968750965,-14.655469984375483,0
2021-08-30,293.74,299.5,282.2,297.85,282.4629999999996,300.70747763025116,264.2185223697481,74.02675305444221,72.77638662034379,0,0,,,,263.40066666666655,266.0346733333332,260.7666599999999,,4.636906246596673,5.447439133621179,7.654551237566487,0,62.254764778835266,59.000288772876104,,,,,1.2863652035480788,7.8898706061864345,6.603505402638356,0.47858019028926785,62.254764778835266,,,,,,,,,23.227580939629973,29.70337306352876,-14.85168653176438,0
2021-08-31,299.5,304.53,294.44,304.35,283.45149999999967,304.0394637409973,262.86353625900205,79.36019353788222,75.15330750849358,0,0,,,,263.68582222222216,266.32268044444436,261.04896399999996,,5.939725569641374,7.37286625754332,9.37035830306745,0,65.12471950721681,59.451071863384364,,,,,1.6767288173825756,8.699416424366575,7.022687606983999,0.5445175797235507,65.12471950721681,,,,,,,,,22.697491507449666,30.057458630851826,-15.028729315425913,0
2021-09-01,304.35,306.355,298.92,301.02,284.83399999999966,306.2261045248172,263.44189547518215,75.98610825978008,76.4576849507015,0,0,,,,263.96591111111104,266.6055702222221,261.32625199999995,,4.019517049773946,5.682608115604304,7.635793257655532,0,62.50275023534311,59.273131677527964,,,,,1.5569669497512626,8.968896294173078,7.411929344421815,0.6579651104627953,62.50275023534311,,,,,,,,,22.791154823581838,30.3963398480059,-15.19816992400295,0
2021-09-02,300,309.25,299.41,306.89,286.32899999999967,309.43029424947065,263.2277057505287,81.39118405894673,78.91249528553635,0,0,,,,264.2455555555555,266.88801111111104,261.6030999999999,,5.051825886927763,7.180900293019699,9.219353346264025,0,65.16515547618722,59.09727352630099,,,,,1.7073202926103068,9.5460797101847,7.838759417574392,0.8247077960411375,65.16515547618722,,,,,,,,,23.586989911418403,30.743363896538973,-15.371681948269487,0
2021-09-03,306.95,310,304.1,310,287.9549999999997,312.84468822626354,263.06531177373586,84.22539491260495,80.5342290771106,0,0,,,,264.51395555555547,267.159095111111,261.8688159999999,,4.565463039481843,7.655710093591117,9.739304252811,0,66.5214330323423,59.62835365804748,,,,,1.8390667652847377,10.137592874180314,8.298526108895576,0.8830413745851123,66.5214330323423,,,,,,,,,24.016047055322456,31.086439767512033,-15.543219883756016,0
2021-09-07,308.48,314.37,304.27,312.49,289.5794999999997,316.3503314962484,262.80866850375105,85.59251379882849,83.73636425679341,0,0,,,,264.82199999999995,267.4702199999999,262.17377999999997,,4.13903422534736,7.911644298025355,10.053390809455355,0,67.60882238810493,60.478468644877026,,,,,1.9084858876740984,10.684133468488199,8.7756475808141,0.9047820505352305,67.60882238810493,,,,,,,,,25.151039059938284,31.44821935518861,-15.724109677594305,0
2021-09-08,312.23,319.86,308.88,318.1,291.75999999999965,320.3047767551389,263.2152232448604,88.07926010173553,85.965722937723,0,0,,,,265.16466666666656,267.81631333333326,262.51301999999987,,4.726693290051087,9.027968193035507,11.304984755777504,0,69.97501055634362,61.40682445083995,,,,,2.1299616550069977,11.438099649572848,9.30813799456585,0.9289896232758297,69.97501055634362,,,,,,,,,26.161513824770484,31.824120726296353,-15.912060363148177,0
2021-09-09,312.97,321.8899,309.5,319.97,293.9649999999997,324.031901735972,263.8980982640274,89.61623664633407,87.76267018229937,0,0,,,,265.5088888888888,268.1639777777777,262.8537999999999,,4.101326114964632,8.846291225145976,11.302301042977136,0,70.74224306669731,62.42427293878385,,,,,2.1916007797321218,12.047638969231002,9.85603818949888,0.9403113494372568,70.74224306669731,,,,,70.74224306669731,,70.74224306669731,,27.050018442936945,32.20970135395776,-16.10485067697888,0
2021-09-10,321.68,324.18,316.19,318.54,295.5779999999997,327.2416350408584,263.914364959141,89.34107866434637,89.01219180413865,0,0,,,,265.82782222222215,268.4861004444444,263.1695439999999,,3.1902349267230345,7.768507805046498,10.162623650807024,0,69.28424240672767,64.0402702047752,,,,,1.9342327765584582,12.273829160196954,10.339596383638495,0.9364116731023037,69.28424240672767,,,,,,,,,27.44046634298922,32.58860910860513,-16.294304554302563,0
2021-09-13,318.26,323.78,299.61,318.45,296.9244999999997,330.04044387905464,263.80855612094473,86.80905164220871,88.58878898429639,0,1,,,,266.1241777777777,268.78541955555545,263.4629359999999,,2.472599962672839,7.249485980442949,9.466092839071582,0,69.1875932046167,65.17166907302054,,,,,1.571516103582585,12.303991513116728,10.732475409534143,0.922402470451966,69.1875932046167,,,,,,,,,27.160485250102557,32.940386031271416,-16.470193015635708,0
2021-09-14,318.74,325.25,317.52,319.25,298.7784999999997,332.5285075703777,265.02849242962174,87.76825621251895,87.97279550635801,0,0,,,,266.34035555555545,269.003759111111,263.6769519999999,,2.027445942231809,6.8517312992736334,9.104019903580628,0,69.59362552157062,66.11951037824483,,,,,1.2149990503885224,12.251224222519795,11.036225172131273,0.9080749282848092,69.59362552157062,,,,,,,,,26.735453662973175,33.262622833925036,-16.631311416962518,0
2021-09-15,316.19,324.47,313.29,324.08,301.0824999999997,335.1341272004829,267.0308727995165,88.40886055223675,87.66205613565482,0,0,,,,266.460311111111,269.1249142222221,263.79570799999993,,2.922074828743715,7.6382719022195955,10.258544628944556,0,71.99323084792614,67.13820631281804,,,,,1.135472968392362,12.455566382621726,11.320093414229364,0.9272619514926475,71.99323084792614,,,,,71.99323084792614,,71.99323084792614,,27.111177475507446,33.58044530221765,-16.790222651108824,0
2021-09-16,322.48,325.1,319.175,323.52,303.2584999999997,337.20503636235463,269.31196363764474,86.67014660431056,87.61575445635542,0,1,,,,266.7201777777777,269.38737955555547,264.0529759999999,,2.0152682346930906,6.681263674390103,9.445566459967702,0,71.29075087728009,67.38834869199347,,,,,0.887163169010261,12.429047375492189,11.541884206481928,0.9609149046621185,71.29075087728009,,,,,,,,,27.37945632267765,33.890969725748064,-16.945484862874032,0
2021-09-17,322.16,328.06,320.07,322.8,305.4259999999997,338.54065258764757,272.31134741235184,87.74327212477525,87.60742642710751,0,0,,,,267.03755555555546,269.707931111111,264.3671799999999,,1.2801204819276712,5.688448265701118,8.640778659558567,0,70.34041664944233,67.970339896331,,,,,0.5338469649230859,12.209192912635785,11.6753459477127,0.9434905105040474,70.34041664944233,,,,,,,,,27.056793513423163,34.17804956880131,-17.089024784400657,0
2021-09-20,312.43,316.23,304.14,310.07,307.59599999999966,335.55404814361543,279.6379518563839,73.68998562465403,82.70113478457993,0,1,,,,267.22999999999996,269.90229999999997,264.55769999999995,,-2.7161175551491223,0.804301746446745,3.976249585027225,0,56.10094305000548,67.53078120141457,,,,,-0.6344306877448282,10.882307588031665,11.516738275776493,0.7343194458126885,56.10094305000548,56.10094305000548,,56.10094305000548,,,,,,24.463963436237478,34.38481532205569,-17.192407661027843,0
2021-09-21,314.65,317,311.4,314.27,309.48749999999967,333.6144673809363,285.36053261906306,68.4906693087228,76.64130901938402,0,0,,,,267.41591111111103,270.09007022222215,264.7417519999999,,-1.453410890390583,1.545296659800588,4.982495679595189,0,59.04661495783471,67.09663087645872,,,,,-1.1703882986135703,10.05375290250953,11.2241412011231,0.576510590929648,59.04661495783471,,,,,,,,,22.57107814988825,34.537743214051524,-17.268871607025762,0
2021-09-22,313.16,317.88,310.5,315.11,311.17449999999974,331.6422897927586,290.70671020724086,63.65688090858367,68.61251194732016,0,0,,,,267.634711111111,270.31105822222213,264.9583639999999,,-1.0972800261137894,1.2647244552494774,4.789131451704098,0,59.630062663800224,66.89143890706279,,,,,-1.493683972517303,9.357036235476471,10.850720207993774,0.3425621355067117,59.630062663800224,,,,,,,,,21.286553369697135,34.65564264647025,-17.327821323235124,0
2021-09-23,319,322.8399,315.95,321.5,313.0614999999997,329.6657034136164,296.45729658638294,64.30130807774076,65.48295276501572,0,0,,,,267.95239999999995,270.63192399999997,265.27287599999994,,0.8598972891745493,2.69547676734454,6.376056178027967,0,63.849309944008674,66.79744994047861,,,,,-1.3091471287283518,9.214286297083333,10.523433425811685,0.22671974615520604,63.849309944008674,,,,,,,,,22.48777223325381,34.792946903931174,-17.396473451965587,0
2021-09-24,321.88,321.88,314.71,316.47,313.62199999999973,329.88834021532233,297.35565978467713,59.727506519497396,62.56189850194058,0,0,,,,268.23791111111103,270.92029022222215,265.5555319999999,,-0.6535824606344054,0.9080995593422347,4.36425754198051,0,58.65273733722937,66.23540024797055,,,,,-1.5417983371626711,8.596185504358345,10.137983841521017,-0.03594009097072831,58.65273733722937,,,,,,,,,22.490000401058793,34.923664263506055,-17.461832131753027,0
2021-09-27,309.56,315.66,307.694,311.2,314.2964999999997,328.901598116779,299.6914018832204,53.10191263471222,59.04357574398343,0,0,,,,268.4559999999999,271.1405599999999,265.7714399999999,,-2.0850966091616296,-0.9852161891716005,2.404801705869186,0,53.719624248963285,65.2433146666033,,,,,-2.035541142702911,7.593557413142378,9.629098555845289,-0.41016195535676025,53.719624248963285,,,,,,,,,21.72825577548227,35.03241515678635,-17.516207578393175,0
2021-09-28,306.75,306.75,294.02,298,314.30399999999975,328.8754232661276,299.7325767338719,37.79526385744901,50.20822767055285,0,0,,,,268.607511111111,271.29358622222213,265.9214359999999,,-5.607186524000518,-5.1873345550803585,-2.108821265380356,0,43.78584470394286,63.37265996286038,,,,,-3.1684829534488355,5.668494864034244,8.83697781748308,-0.6054418903160047,43.78584470394286,,,,,,,,,18.474717100663735,35.075532229645475,-17.537766114822738,0
2021-09-29,301.42,304,291.62,293.8,313.7764999999997,330.37408208296193,297.1789179170375,30.09726990237393,40.3314821315117,0,0,,,,268.7434666666666,271.4309013333333,266.05603199999996,,-6.0363189775933135,-6.366474226081209,-3.6551786707824996,0,41.176728438553724,61.26083748942155,,,,,-4.06109104757018,3.7606140080203545,7.8217050555905345,-0.7074035649089037,41.176728438553724,41.176728438553724,,41.176728438553724,,,,,,15.371609665734908,35.06710232473247,-17.533551162366233,0
2021-09-30,301,305.01,297.92,302.43,313.84699999999975,330.2379366419554,297.4560633580441,32.4975322609944,33.46335534027242,0,0,,,,268.90982222222215,271.5989204444444,266.2207239999999,,-2.6194194452047626,-3.6377598001573253,-1.0677344010677325,0,48.02945160945989,59.74263814675957,,,,,-3.928233958137975,2.9114126079180664,6.839646566056041,-0.7709828734346282,48.02945160945989,,,,,,,,,14.071842095405964,35.03942982557418,-17.51971491278709,0
2021-10-01,301.33,305.72,298.17,303.72,313.6884999999997,330.40357017636387,296.9734298236355,34.60077110997105,32.398524424446435,0,0,,,,269.1937333333332,271.88567066666656,266.5017959999999,,-1.5995101358466268,-3.177834061497209,-0.9079845874265358,0,48.98612982254395,58.29967647661151,,,,,-3.619068159011336,2.3158113672918716,5.934879526303208,-0.8055167764595207,48.98612982254395,,,,,,,,,14.660089461386155,35.01835196806555,-17.509175984032776,0
2021-10-04,300.01,300.475,290.2829,294.68,312.92249999999973,331.5394319438159,294.3055680561836,27.623104840669647,31.57380273721167,0,0,,,,269.4559555555555,272.150515111111,266.76139599999993,,-4.04990915543868,-5.829718220965175,-4.1493640966703165,0,43.01094948131162,56.400913902307295,,,,,-3.8665903372178736,1.1016416047808661,4.96823194199874,-0.8539275531634611,43.01094948131162,,,,,,,,,14.650956867332624,34.99590878647276,-17.49795439323638,0
2021-10-05,290.01,303.3,290.01,300.28,312.3119999999997,331.7292208104214,292.89477918957806,31.863300793487284,31.362392248042635,0,0,,,,269.7204888888888,272.4176937777777,267.0232839999999,,-1.779084715048851,-3.8525576987114674,-2.579664191613651,0,47.299375570022576,54.63706709674276,,,,,-3.5069548933860473,0.5845383252661804,4.091493218652228,-0.8307663736069543,47.299375570022576,,,,,,,,,14.264186120592845,34.967340151180615,-17.483670075590307,0
2021-10-06,297,310.06,295.73,309.62,311.8879999999997,331.1508799508463,292.6251200491531,38.353699131578296,32.61336825524505,0,0,,,,270.0504444444444,272.75094888888884,267.34993999999995,,1.4582036242093865,-0.7271841173753679,0.14457924851136728,0,53.57430001804366,53.37160632108301,,,,,-2.538946376629311,0.9178102478655887,3.4567566244948997,-0.6903247822334581,53.57430001804366,,,,,,,,,14.872589249895674,34.945496430860246,-17.472748215430123,0
2021-10-07,311.03,322.91,310.5,320.05,311.8919999999997,331.16162334869756,292.62237665130186,48.9975698633393,39.73818992946827,0,0,,,,270.42933333333326,273.1336266666666,267.7250399999999,,4.925825751987478,2.6156490067075433,3.114649873059938,0,59.38936574671294,52.58938839945949,,,,,-1.165017983985205,2.0004841445133934,3.1655021284985985,-0.33760813864798317,59.38936574671294,,,,,59.38936574671294,,59.38936574671294,,17.88820799175429,34.96462929661253,-17.482314648306264,0
2021-10-08,323.45,325.38,313.2,313.52,311.6409999999997,330.68718796506886,292.5948120349305,57.33075495035959,48.22734131509237,0,0,,,,270.7478666666666,273.45534533333324,268.04038799999995,,2.884520723263151,0.6029373541993177,0.9212703358677299,0,54.76440454709839,52.493921363537545,,,,,-0.688382740464303,2.30502370291822,2.993406443382523,-0.23028064238311177,54.76440454709839,,,,,,,,,19.35775318867248,35.004320805578466,-17.502160402789233,0
2021-10-11,312.99,317.3,309.18,309.79,311.20799999999963,330.0074697797801,292.4085302202192,53.58719513713587,53.305173316944895,0,0,,,,271.02235555555546,273.732579111111,268.3121319999999,,1.7075468910564107,-0.45564381378357943,-0.4084948059435156,0,52.2608546693254,52.00922420007259,,,,,-0.6188810442240973,2.2198051381024015,2.838686182326499,-0.12127229403372358,52.2608546693254,,,,,,,,,19.197419500329943,35.03862064841877,-17.519310324209385,0
2021-10-12,310.78,315.92,308.55,312.94,310.89249999999964,329.35021153206264,292.43478846793664,54.783260813561135,55.23373696701884,0,0,,,,271.2552444444444,273.9677968888888,268.54269199999993,,2.2402420258556655,0.6585877755173719,0.4417502682704688,0,54.16643778371703,51.61896528006664,,,,,-0.3677300795428331,2.3790235828979576,2.7467536624407907,0.05514156401265179,54.16643778371703,,,,,,,,,18.15242120866229,35.05445861143015,-17.527229305715075,0
2021-10-13,316.16,329.75,314.024,327.85,311.0809999999997,330.1407564517687,292.02124354823064,68.4301748640484,58.93354360491511,0,0,,,,271.5390222222222,274.25441244444437,268.823632,,5.933024866876857,5.390557443238375,4.963390075781127,0,61.915561375939035,51.48084038234739,,,,,0.735443236621431,3.666057708217579,2.930614471596148,0.48624393991488896,61.915561375939035,,,,,,,,,19.751920557366635,35.09237235271348,-17.54618617635674,0
2021-10-14,330.22,338.36,329.89,332.12,311.5109999999997,332.0077528160121,291.01424718398727,73.33648296646247,65.51663954802397,0,0,,,,271.8328888888888,274.5512177777777,269.1145599999999,,6.2930259203665795,6.615817739983609,5.97872043958898,0,63.80301499415705,51.848717357842226,,,,,1.634121321217466,4.97326612311798,3.3391448019005145,0.7581026150801558,63.80301499415705,,,,,,,,,22.32640511857045,35.170036807309366,-17.585018403654683,0
2021-10-15,334.9,335.71,329.45,333.57,312.04949999999974,334.20324774164993,289.89575225834955,76.85456520087426,72.87374101046167,0,0,,,,272.09697777777774,274.8179475555555,269.37600799999996,,5.746856791422772,6.896501997279358,6.140202944573669,0,64.4473700972701,52.61498491843556,,,,,2.1738252612021616,6.056426378403216,3.882601117201055,0.8992322137352234,64.4473700972701,,,,,,,,,24.68844781817963,35.286572785566015,-17.643286392783008,0
2021-10-18,332,340.99,330.7,337.88,313.4399999999997,338.25358176484536,288.62641823515406,83.03245406897379,77.74116741210348,0,0,,,,272.3448888888888,275.0683377777777,269.62143999999995,,5.666089153808063,7.797345584481974,7.194637941554993,0,66.36405390357976,54.22771414698106,,,,,2.637802920505493,7.179854767832921,4.5420518473274285,0.9222719649342304,66.36405390357976,,,,,,,,,25.66633146635351,35.41663199794309,-17.708315998971546,0
2021-10-19,339.86,344.5,338.51,339.74,314.7134999999997,342.05260845292287,287.3743915470766,85.03489744815076,81.64063890599958,0,0,,,,272.50808888888884,275.23316977777773,269.78300799999994,,4.952611612935054,7.952153307691057,7.475019297039465,0,67.1862122383112,56.08553441839231,,,,,2.867628975770435,8.126588067040473,5.258959091270038,0.9256629083722181,67.1862122383112,,,,,67.1862122383112,,67.1862122383112,,26.3424258998498,35.55424929131348,-17.77712464565674,0
2021-10-20,340,340.6881,332.7,334.13,315.6644999999997,344.28578402082513,287.04321597917425,81.94220668182301,83.33651939964916,0,1,,,,272.53182222222216,275.25714044444436,269.80650399999996,,2.4439000610131156,5.849723361353698,5.521956765462921,0,62.24439514205838,57.10088752786363,,,,,2.455391625092515,8.328198622635682,5.872806997543167,0.9266172262263819,62.24439514205838,,,,,,,,,26.130574654900773,35.68207458379718,-17.84103729189859,0
2021-10-21,334,344.86,331.51,342.05,316.69199999999967,347.4715903806537,285.9124096193456,85.48470064838119,84.15393492611831,0,0,,,,272.6038666666666,275.3299053333333,269.8778279999999,,4.169521773424734,8.007148901772187,7.772677003349293,0,66.0418886630539,58.319156016471496,,,,,2.5201881907820036,9.023042236020672,6.502854045238668,0.9378320300924208,66.0418886630539,,,,,,,,,26.469712361242035,35.810949715161335,-17.905474857580668,0
2021-10-22,340.39,344.213,336.22,339.78,317.85749999999973,350.23883590512673,285.47616409487273,83.86358573269685,83.76349768763366,0,0,,,,272.7555999999999,275.4831559999999,270.0280439999999,,2.65722011571512,6.896958542743281,6.8191606751569545,0,64.05331102035814,59.822181840689105,,,,,2.2245376175527856,9.28352606717965,7.058988449626865,0.9218816737169778,64.05331102035814,,,,,,,,,26.32178282676495,35.931706340628224,-17.965853170314112,0
2021-10-25,341.11,347.9067,339.105,341.5,319.37249999999966,353.1704158381222,285.5745841618771,84.77630354593694,84.70819664233831,0,0,,,,272.9725333333333,275.70225866666664,270.2428079999999,,2.197775889105591,6.928429968140759,7.101190501080956,0,64.91535113336624,61.080465809499366,,,,,1.9680265596832456,9.519021649230922,7.550995089547676,0.9055745240581111,64.91535113336624,,,,,,,,,27.106217956922745,36.061986780570784,-18.030993390285392,0
2021-10-26,345.35,346.64,336,342.24,321.5844999999997,355.2884329900932,287.8805670099062,84.32727611056141,84.32238846306505,0,0,,,,272.9829777777777,275.71280755555546,270.25314799999995,,1.5289866680905595,6.423039667645769,7.075925750179124,0,65.30089588836029,61.91807980023627,,,,,1.682467284138994,9.654079194721419,7.971611910582425,0.8853912836210743,65.30089588836029,,,,,,,,,26.994227943423127,36.18486533510065,-18.092432667550327,0
2021-10-27,342.8,351.95,342.24,347.1,324.2494999999997,357.16391415247494,291.3350858475245,84.6508769606897,84.584818872396,0,0,,,,272.80253333333326,275.5305586666666,270.0745079999999,,2.3860582694956056,7.047196680334222,8.336376489976338,0,67.80330435108067,62.51907541483396,,,,,1.6527647292621843,10.037567822160156,8.384803092897972,0.903206019425264,67.80330435108067,,,,,,,,,27.714688694810178,36.3159709277597,-18.15798546387985,0
2021-10-28,346.48,352.6127,343.17,348,326.5279999999997,359.39426757027326,293.6617324297261,86.19244558538038,85.05686621887715,0,0,,,,272.6204888888888,275.3466937777777,269.8942839999999,,2.1729365030431103,6.575852606820964,8.341349970579714,0,68.25980401869745,63.483032519948175,,,,,1.5285003332833274,10.29542850950213,8.766928176218803,0.8895166305663413,68.25980401869745,,,,,,,,,28.312839790954428,36.45291269527023,-18.226456347635114,0
2021-10-29,348.11,356,347.36,353.84,329.0339999999997,362.2035567652125,295.8644432347869,88.6788419652302,86.5073881704334,0,0,,,,272.4597777777777,275.18437555555545,269.7351799999999,,3.272956518185932,7.539038518815766,9.805787581783875,0,71.12111226718167,64.83019377693792,,,,,1.6632560500591875,10.845998238792788,9.1827421887336,0.9010357328581489,71.12111226718167,,,,,,,,,29.5180296431819,36.607196436767715,-18.303598218383858,0
2021-11-01,353.84,359.07,351.58,357.73,332.1864999999997,363.63676376679115,300.7362362332082,90.6043431653036,88.49187690530471,0,0,,,,272.3996444444444,275.1236408888888,269.67564799999997,,3.806901114590011,7.689505744514102,10.468341960965155,0,72.87516856545149,66.16653168991895,,,,,1.8250610966850083,11.464068559589862,9.639007462904853,0.9438045733401303,72.87516856545149,,,,,,,,,30.59154871275037,36.77628781006024,-18.38814390503012,0
2021-11-02,359.42,363.79,355.22,359.64,335.15449999999976,365.17144486453566,305.13755513546386,91.078777998168,90.12065437623392,0,0,,,,272.3390222222221,275.06241244444436,269.6156319999999,,3.7619626025313657,7.305735116192746,10.541910682890254,0,73.71922160743644,67.00965027788305,,,,,1.8648193935436463,11.970031704834412,10.105212311290765,0.941684065291976,73.71922160743644,,,,,73.71922160743644,,73.71922160743644,,31.77162150646988,36.96229089754115,-18.481145448770576,0
2021-11-03,356,357.405,346.36,353.14,337.33049999999974,365.9026994078266,308.7583005921729,84.22361586600483,88.63557900982545,0,1,,,,272.3353777777777,275.0587315555555,269.6120239999999,,1.3308388474096988,4.686650036092277,8.122727286644338,0,66.17270936523823,67.17891416153171,,,,,1.2850401031492247,11.711512440227295,10.42647233707807,0.9261379187837715,66.17270936523823,,,,,,,,,31.2545149362509,37.1311793845966,-18.5655896922983,0
2021-11-04,354.8,358.05,351.01,356.79,339.16749999999973,367.7836422103083,310.55135778969117,83.8728666154777,86.39175349321681,0,0,,,,272.45822222222216,275.1828044444444,269.7336399999999,,1.946990650787428,5.195810329704442,8.848234624145812,0,68.14472814695492,67.44301116508062,,,,,0.9921600653618352,11.666672418780365,10.67451235341853,0.9213415645727014,68.14472814695492,,,,,,,,,30.64137665620932,37.282114931716855,-18.641057465858427,0
2021-11-05,357.93,365.79,357.28,364.8,341.73149999999976,369.88169308993383,313.5813069100657,86.65703157558876,84.91783801902375,0,0,,,,272.6190666666666,275.3452573333333,269.8928759999999,,3.495821015779632,6.7504751537392105,10.747596876318699,0,72.0021165341083,67.84572992440408,,,,,1.1704398572512371,12.137562174982577,10.96712231773134,0.9367200843398729,72.0021165341083,,,,,,,,,30.642343193784075,37.42736301689547,-18.713681508447735,0
2021-11-08,367.1,374.87,364,370.73,344.7784999999997,371.600641059219,317.95635894078043,86.92352646215997,85.81780821774213,0,0,,,,272.80022222222215,275.5282244444444,270.0722199999999,,4.313156125053053,7.5270064693710115,11.873909868369449,0,74.46712612606677,68.36579520210091,,,,,1.4992793712840218,12.841221531836368,11.341942160552346,0.9523878873767303,74.46712612606677,,,,,,,,,32.24186055820815,37.59698390562884,-18.79849195281442,0
2021-11-09,371.06,377.13,363.68,376.7,347.9664999999997,374.0400937492464,321.892906250753,91.00862045268663,88.1963928301451,0,0,,,,273.02759999999995,275.75787599999995,270.29732399999995,,4.975100808979782,8.257547781180175,12.782630217481561,0,76.69198758983637,69.39776609122791,,,,,1.9043840372151202,13.722422207071247,11.818038169856127,0.944916392005286,76.69198758983637,,,,,76.69198758983637,,76.69198758983637,,34.0538907841723,37.79558693427559,-18.897793467137795,0
2021-11-10,370.3,372.11,358.92,361.08,349.6279999999997,374.57289975928256,324.68310024071684,79.67236501071264,85.86817064185307,0,1,,,,273.1468444444444,275.87831288888884,270.415376,,0.23178670071750673,3.275481368769184,7.385025338440698,0,61.574054820746156,69.07863510249165,,,,,0.953890128601298,13.01040083060775,12.056510702006452,0.9087179398898074,61.574054820746156,61.574054820746156,,61.574054820746156,,,,,,33.055284177724985,37.96769345851816,-18.98384672925908,0
2021-11-11,364.34,372,364.14,369.14,351.4789999999997,376.446595719266,326.5114042807334,78.66468694649569,83.11522413663164,0,0,,,,273.23257777777775,275.9649035555555,270.500252,,1.8713485797233531,5.024766771272349,9.060827346454436,0,65.36774517501168,69.17252325639546,,,,,0.712587927724595,12.947245611662197,12.234657683937602,0.8971939280524581,65.36774517501168,,,,,,,,,32.24980045856356,38.1186685186459,-19.05933425932295,0
2021-11-12,377.39,386.99,374.62,386.5,354.1254999999997,381.9914760101933,326.2595239898061,85.81352811347752,81.3835266902286,0,0,,,,273.4340888888888,276.1684297777777,270.69974799999994,,5.70940170940164,9.142097928559313,13.266379666560212,0,71.82079986080026,69.66576959406933,,,,,1.520322951509204,14.135061373324106,12.614738421814902,0.8909703430201853,71.82079986080026,,,,,,,,,32.80266614613122,38.27412965054852,-19.13706482527426,0
2021-11-15,385.5,394.7183,383.67,393.7,356.9164999999997,388.6308319494645,325.2021680505349,88.04000702875366,84.17274069624229,0,0,,,,273.7098666666666,276.44696533333325,270.9727679999999,,6.629615786708198,10.305911886954044,14.271063617761314,0,73.98582108834545,70.28612139406827,,,,,2.2913787918939104,15.47896191168229,13.18758311978838,0.8855806130462276,73.98582108834545,,,,,,,,,35.982124093439346,38.48424975457278,-19.24212487728639,0
2021-11-16,395,403.65,392.85,401.89,360.0239999999997,396.25505485630725,323.7929451436922,91.18300462317977,88.34551325513696,0,0,,,,274.06031111111105,276.80091422222216,271.31970799999993,,7.616341810216665,11.62866919983121,15.512629388477773,0,76.22359297165403,70.88757058125209,,,,,3.0569817808695845,17.00881034587536,13.951828565005776,0.8903705567017852,76.22359297165403,,,,,,,,,39.157338760295296,38.7521937825165,-19.37609689125825,0
2021-11-17,400.83,405,395.55,398,363.21749999999963,400.9829741132819,325.45202588671737,90.24079447959481,89.8212687105094,0,0,,,,274.4833777777777,277.2282115555555,271.73854399999993,,5.309671290943063,9.576218106231217,13.434049595570553,0,73.01108031375621,71.22694745947057,,,,,3.0011479956804976,17.7032635596064,14.7021155639259,0.8996480632250758,73.01108031375621,,,,,,,,,39.79915283143032,39.02441967737152,-19.51220983868576,0
2021-11-18,399,404.365,396.39,397.43,365.98649999999964,405.22994545272417,326.7430545472751,87.15798595982832,89.52726168753429,0,1,,,,274.8983999999999,277.64738399999993,272.1494159999999,,4.040084084429929,8.59143711585002,12.444970065979334,0,72.52871579302996,71.32749056845972,,,,,2.6384148741229865,18.000134156579634,15.361719282456647,0.9108526124077606,72.52871579302996,,,,,,,,,39.618745203061955,39.28337561359966,-19.64168780679983,0
2021-11-19,395,400.6034,390.55,392.15,368.6049999999997,407.49164886565535,329.718351134344,79.22947302990404,85.54275115644238,0,0,,,,275.30386666666664,278.0569053333333,272.55082799999997,,1.928095401474228,6.387596478615398,10.134385575667348,0,68.04414296917109,70.98241731158257,,,,,1.7957435860022546,17.606398764959465,15.81065517895721,0.9033495633470702,68.04414296917109,,,,,,,,,37.96132078418564,39.50003843122768,-19.75001921561384,0
2021-11-22,392.1,392.3999,353.2902,355.96,369.32799999999963,406.67935263950795,331.9766473604913,59.87146988312256,75.4196429576183,0,0,,,,275.63524444444437,278.39159688888884,272.8788919999999,,-7.121890125373509,-3.6195468526620367,-0.4597264012706992,0,46.72061743777936,69.05394558517848,,,,,-1.2802662770793898,14.210322332607973,15.490588609687363,0.6034371524596741,46.72061743777936,,,,,,,,,32.62224724987488,39.61427694809038,-19.80713847404519,0
2021-11-23,343,353.5,335.05,343.57,369.39449999999965,406.5569651900398,332.2320348099595,43.060320424982436,60.72042111266967,0,0,,,,275.9255999999999,278.6848559999999,273.1663439999999,,-9.573040095593566,-6.991035329437678,-4.197978389682833,0,41.881582558113145,67.31886509895526,,,,,-4.073061587423284,10.399261625408258,14.472323212831542,0.1765011181760352,41.881582558113145,41.881582558113145,,41.881582558113145,,,,,,25.922130049432685,39.62966376694976,-19.81483188347488,0
2021-11-24,340,357.85,337.5,355.36,369.80749999999966,406.14413488823436,333.47086511176497,42.02623764070367,48.31934264960288,0,0,,,,276.24351111111105,279.0059462222222,273.4810759999999,,-6.328913725386864,-3.906762302008382,-1.163146447424801,0,47.45833297998238,65.84126544417151,,,,,-4.989546115480643,8.235390568480739,13.224936683961381,-0.1009356146841736,47.45833297998238,,,,,,,,,21.02709474577843,39.5911849088743,-19.79559245443715,0
2021-11-26,349.92,363.45,349.25,362.6,370.5374999999997,405.6586565157079,335.4163434842915,42.42321934406339,42.50325913658316,0,0,,,,276.6638666666666,279.43050533333326,273.8972279999999,,-4.2554315106835165,-2.142158351043999,0.5663443884201591,0,50.59350190387463,64.3120786848691,,,,,-4.96094994749331,7.023749249594744,11.984699197088053,-0.2695361903723299,50.59350190387463,,,,,,,,,21.190800826793367,39.55376942434518,-19.77688471217259,0
2021-11-29,372.36,378.105,356.701,364.78,371.08449999999965,405.48169841790946,336.68730158208984,44.754621471812406,43.06802615219315,0,0,,,,276.93311111111103,279.70244222222215,274.1637799999999,,-3.1242032803603936,-1.6989391903999396,0.8798897487543478,0,51.53132485619884,62.67380716559283,,,,,-4.653104937349694,6.168318025400936,10.82142296275063,-0.3757382821152052,51.53132485619884,,,,,,,,,23.072941301906308,39.53416066193698,-19.76708033096849,0
2021-11-30,366.3,367.7462,337.455,340.15,370.2054999999997,406.75405426690406,333.6569457330953,34.97715498750834,40.71833193446138,0,0,,,,277.11111111111103,279.88222222222214,274.3399999999999,,-8.362047366705427,-8.118598994342264,-5.951215735717819,0,41.86284627361305,60.18601135729116,,,,,-5.8867161065860945,3.463027829518012,9.349743936104106,-0.5287357107476505,41.86284627361305,,,,,,,,,20.966719858636576,39.49365183068585,-19.746825915342924,0
2021-12-01,344,347.6899,305.61,311,367.7734999999997,412.39267313219744,323.1543268678019,25.7149922356939,35.14892289833821,0,0,,,,277.1902666666666,279.9621693333333,274.41836399999994,,-14.112123722728576,-15.437082878456366,-13.782587963938408,0,33.78388911806772,58.200999521385555,,,,,-8.29685303384066,-1.0213223561967197,7.275530677643941,-0.7547542443613234,33.78388911806772,33.78388911806772,,33.78388911806772,,,,,,14.792527249358022,39.40883872256621,-19.704419361283104,0
2021-12-02,350,361.599,328.6101,360.28,368.13049999999964,412.388419731965,323.8725802680343,37.7336326128543,32.808593278685514,0,0,,,,277.48773333333327,280.2626106666666,274.71285599999993,,0.5447522939875826,-2.132531805976323,-0.3616458157219671,0,51.00012920398828,57.174741237741024,,,,,-6.293940573276005,-0.5918950389510655,5.70204553432494,-0.7936843300887122,51.00012920398828,,,,,,,,,13.735234925447587,39.319182216048496,-19.659591108024248,0
2021-12-03,358.19,360.005,330.82,345.11,367.54649999999964,412.6870198352995,322.40598016469977,34.54204652145655,32.66355712333492,0,0,,,,277.70355555555545,280.48059111111104,274.92651999999987,,-2.2617078641503086,-6.104397674851924,-4.583948117585157,0,46.95308165132137,55.39847565134967,,,,,-5.728713501587516,-1.4588463426594558,4.269867158928061,-0.8029101904372357,46.95308165132137,,,,,,,,,13.731423781507793,39.23007715339508,-19.61503857669754,0
2021-12-06,340.26,349.74,324.0013,341.66,366.38949999999966,412.91718486612,319.8618151338793,34.241671424521826,35.505783519610894,0,0,,,,277.8719999999999,280.6507199999999,275.0932799999999,,-1.8350969840280618,-6.749511107714512,-5.554168275348614,0,46.057944098543686,53.403627294935255,,,,,-5.33322999933077,-2.396670340235403,2.9365596590953675,-0.7838360763018676,46.057944098543686,,,,,,,,,16.62490379769017,39.157331548822526,-19.578665774411263,0
2021-12-07,348.42,375,348.12,363.25,366.01549999999963,412.51785756390257,319.5131424360967,41.73057446733926,36.838097471105876,0,0,,,,278.1917777777777,280.9736955555555,275.4098599999999,,4.149941509736865,-0.7555690947513516,0.2131627540848502,0,52.19947414084786,51.687618807020534,,,,,-3.4547205646439823,-1.38184104670961,2.072879517934372,-0.6340547449392493,52.19947414084786,,,,,,,,,16.539489170975372,39.08433663162608,-19.54216831581304,0
2021-12-08,362.45,373.95,351.31,370.28,365.69449999999966,411.98556370565456,319.4034362943448,49.01835448036835,41.66353345740981,0,0,,,,278.56542222222214,281.35107644444435,275.77976799999993,,5.358702734693921,1.2539154950376163,1.8898660473511741,0,54.034606666667244,50.33215640365704,,,,,-1.666464953352935,-0.010201673756796481,1.6562632795961385,-0.3989755851300071,54.034606666667244,,,,,,,,,19.000887974771558,39.028334965561065,-19.514167482780532,0
2021-12-09,370,370.73,358.64,361.32,365.70649999999966,411.9928968245643,319.42010317543503,48.77981425737797,46.50958106836186,0,0,,,,278.9184888888888,281.7076737777777,276.12930399999993,,2.6351894512885554,-1.1994591291102807,-0.7051659036072078,0,51.32976763616094,48.817945821023535,,,,,-1.0451682378799825,0.34980298224616035,1.3949712201261428,-0.14491232766735665,51.32976763616094,,,,,,,,,20.785130422688454,38.98639110212155,-19.493195551060776,0
2021-12-10,364,374.72,362.18,371.24,365.8114999999997,412.1380860063198,319.4849139936796,56.449450923373945,51.41587322037342,0,0,,,,279.295911111111,282.0888702222221,276.50295199999994,,5.194853034935476,1.48396100177286,1.8042344389578302,0,54.070993538326064,47.819863718820315,,,,,0.019391491683105055,1.419210584730024,1.399819093046919,0.2772561671780865,54.070993538326064,,,,,54.070993538326064,,54.070993538326064,,21.267182826206298,38.94823594300831,-19.474117971504153,0
2021-12-13,363.71,377.26,348.56,353.91,364.1819999999997,409.76991313496364,318.5940868650357,50.36913125424581,51.866132144999234,0,0,,,,279.59915555555546,282.395147111111,276.8031639999999,,0.5940537774997923,-2.82056773810887,-2.948749941727058,0,48.89043179574204,47.97485045867479,,,,,-0.43310162524240114,0.8584420614939177,1.2915436867363188,0.304712899886481,48.89043179574204,,,,,,,,,19.06230769554706,38.89237308833183,-19.446186544165915,0
2021-12-14,344.09,357.75,340.01,350.6,362.02699999999965,405.87119464423023,318.18280535576906,48.78479326641324,51.867791814677666,0,0,,,,279.88071111111105,282.67951822222216,277.08190399999995,,-0.6418885409434916,-3.1563944125713395,-3.793735525155628,0,47.94555545809617,48.40799138010215,,,,,-0.9170228663156312,0.14526510384177982,1.062287970157411,0.2050407799349683,47.94555545809617,,,,,,,,,17.513854858586807,38.826001641569775,-19.413000820784887,0
2021-12-15,347.99,361.71,345,360.34,359.9494999999996,399.7967937475212,320.102206252478,50.690918189772155,49.94828090347707,0,0,,,,280.23342222222215,283.03575644444436,277.43108799999993,,0.7101752660012117,0.10848744059941406,-1.1273649878447034,0,50.949619112246346,48.65736896097815,,,,,-0.5603641022141895,0.36183284238967417,0.9221969446038637,0.2687112414103479,50.949619112246346,,,,,,,,,15.92010731319757,38.750459819330764,-19.375229909665382,0
2021-12-16,349.41,352.94,312.0001,324.98,356.2984999999996,394.89244629992174,317.70455370007744,38.75325196886589,46.07632114168376,0,0,,,,280.4946666666666,283.2996133333333,277.6897199999999,,-8.267446488402951,-8.789961226331178,-10.599433303072846,0,41.570279847537165,48.01285309981119,,,,,-2.572442172412737,-2.293355770912058,0.2790864015006794,0.11279165502538384,41.570279847537165,41.570279847537165,,41.570279847537165,,,,,,12.373588942301522,38.65953404482083,-19.329767022410415,0
2021-12-17,322.79,337.72,318.48,332.33,353.04349999999965,388.0242137005691,318.06278629943023,38.34286711194361,42.59567909019389,0,0,,,,280.7577777777777,283.56535555555547,277.9501999999999,,-5.85312373403295,-5.867124022960257,-8.371963929255521,0,43.88280786082169,47.46653045728424,,,,,-3.232206605336047,-3.76117185516938,-0.5289652498333325,0.08737764659454401,43.88280786082169,,,,,,,,,10.02261703075226,38.56260845372852,-19.28130422686426,0
2021-12-20,326.49,337.82,323.06,331.07,349.9894999999996,381.2472340669661,318.73176593303316,41.03750501553747,39.37787469878233,0,0,,,,281.018311111111,283.8284942222221,278.20812799999993,,-5.927849698237231,-5.405733600579343,-8.435518769515593,0,43.56449530288796,47.58807681651816,,,,,-3.5518843401094737,-4.968820674970175,-1.4169363348607011,-0.10116458292056921,43.56449530288796,,,,,,,,,6.527856699293956,38.46212804958577,-19.231064024792886,0
2021-12-21,336.2,357.11,330.18,354.82,349.93249999999966,381.150608767206,318.71439123279333,47.799829681549795,42.3934006030103,0,0,,,,281.34195555555544,284.155375111111,278.52853599999986,,1.0626935050655817,1.396697934601776,-1.7228007976956006,0,50.807750682017584,48.80406692822887,,,,,-2.03746905099436,-3.9637726486036513,-1.9263035976092913,-0.4256495374361068,50.807750682017584,,,,,,,,,9.469938328402167,38.36558020329529,-19.182790101647644,0
2021-12-22,355.63,362.52,349.14,358.1,350.65899999999965,381.92726563788233,319.390734362117,52.449125422429134,47.09548670650546,0,0,,,,281.5970222222221,284.41299244444434,278.7810519999999,,2.352009740732952,2.1220045685410582,-0.6436934687309659,0,51.7291778086589,48.85614182856249,,,,,-0.7545717129431293,-2.869518238788203,-2.1149465258450735,-0.2908095205860321,51.7291778086589,,,,,51.7291778086589,,51.7291778086589,,11.987024613917532,38.276101331090665,-19.138050665545332,0
2021-12-23,355,356.4877,349.05,349.22,350.3519999999997,381.55010417318704,319.15389582681235,51.749780990972276,50.66624536498373,0,0,,,,281.7951555555555,284.61310711111105,278.9772039999999,,0.16032765350864064,-0.3231036215005645,-3.0010906660099645,0,49.050435216193065,49.005952797481896,,,,,-0.4583399101735357,-2.687871413561993,-2.2295315033884573,-0.3701520200734565,49.050435216193065,,,,,,,,,13.617117501602086,38.19311378531028,-19.09655689265514,0
2021-12-27,351,358.58,349.79,351.99,349.8214999999997,380.52540677098034,319.117593229019,52.84592949872289,52.34827863737477,0,0,,,,282.0101777777777,284.8302795555555,279.1900759999999,,1.5152738683031908,0.6198875712328578,-2.0762102416728156,0,49.921594139775266,49.28192780042701,,,,,-0.05153947778793544,-2.2939558506233766,-2.242416372835441,-0.47231440852218554,49.921594139775266,,,,,,,,,12.999404069219372,38.10826519414149,-19.054132597070744,0
2021-12-28,354.07,354.92,339.5,340.18,348.59149999999966,378.7663015900863,318.416698409913,46.07536292562012,50.223691138438426,0,0,,,,282.1618666666666,284.98348533333325,279.3402479999999,,-1.5007398013105466,-2.4129963008276634,-4.953493765174988,0,46.28766079765787,48.85965541877058,,,,,-0.5271059908671489,-2.9012988614193773,-2.3741928705522284,-0.4702148192769544,46.28766079765787,,,,,,,,,10.798613169460184,38.01721538026341,-19.008607690131704,0
2021-12-29,340,345.9,334.7,344.21,348.79449999999963,378.79352563419627,318.795474365803,44.755402320977836,47.892231581773615,0,0,,,,282.3383555555555,285.16173911111105,279.51497199999994,,-0.14910479107931307,-1.3143842577791998,-3.38218039667737,0,47.68704697485678,48.406258297926975,,,,,-0.5187198525757197,-3.022592686271878,-2.503872833696158,-0.3629037431864689,47.68704697485678,,,,,,,,,10.077900469604396,37.92517455697956,-18.96258727848978,0
2021-12-30,340,347.7,339.42,340.63,350.27599999999967,375.15187457761203,325.4001254223873,41.93443677720193,44.25506734126663,0,0,,,,282.4554222222221,285.27997644444434,279.6308679999999,,-0.6193964750127012,-2.7538284095969146,-3.8358747736794707,0,46.527376130317165,48.06323033322384,,,,,-0.6919113375348434,-3.3687620056147125,-2.676850668079869,-0.31536813794325963,46.527376130317165,,,,,,,,,8.6941240616786,37.83144634672284,-18.91572317336142,0
2021-12-31,342,347.7,331.18,338.75,349.1994999999996,374.11390264186997,324.28509735812924,39.37823306465688,42.022690720945555,0,0,,,,282.6013777777777,285.4273915555555,279.7753639999999,,-1.5633626827071812,-2.992415510331381,-3.8304122067478574,0,45.8961713584471,47.479314463232484,,,,,-0.8597661407898922,-3.7515583440672344,-2.891792203277342,-0.16122010552143112,45.8961713584471,,,,,,,,,8.382920472341445,37.73802310130431,-18.869011550652154,0
2022-01-03,341,344,322.275,332.01,348.54449999999963,374.5206879228102,322.56831207718903,33.90931308581993,38.407327642559586,0,0,,,,282.7492888888888,285.57678177777774,279.9217959999999,,-3.512952705334027,-4.743870581805099,-5.156710484343286,0,43.61187123279317,47.10227442302186,,,,,-1.3236710543941328,-4.546381021270008,-3.2227099668758754,-0.18948412270587853,43.61187123279317,,,,,,,,,6.952489433610513,37.64418094474007,-18.822090472370036,0
2022-01-04,330.25,330.51,298.71,315.53,347.23799999999966,376.8428432524316,317.63315674756774,25.53847674834754,32.942007632941454,0,0,,,,282.8206666666666,285.6488733333333,279.99245999999994,,-7.886286141342502,-9.1314890651368,-9.202003217195253,0,38.558524418245085,46.43177220588964,,,,,-2.567382911083763,-6.431938605730579,-3.8645556946468163,-0.34075728002884553,38.558524418245085,,,,,,,,,4.1588488749941215,37.551979323850794,-18.775989661925397,0
2022-01-05,308.4,315.34,291.56,296.87,343.9189999999997,379.81459800311075,308.02340199688865,18.302433008609544,25.91674094759234,0,0,,,,282.83097777777766,285.65928755555547,280.00266799999986,,-11.842351424948616,-13.680256106815769,-14.08470269550678,0,33.78501662010551,45.20572917073672,,,,,-4.36793614380435,-9.324475874402253,-4.956539730597903,-0.43003186079816225,33.78501662010551,33.78501662010551,,33.78501662010551,,,,,,-0.4031729441719844,37.470745889000206,-18.735372944500103,0
2022-01-06,294.24,306.56,286,297.09,340.25949999999966,379.43266401570133,301.086335984298,17.460269968889495,20.433726575282193,0,0,,,,282.867911111111,285.69659022222214,280.0392319999999,,-10.149161646222037,-12.687228424187936,-13.63378250833851,0,33.88893374371193,44.65706159189205,,,,,-5.208285884586718,-11.4668970863313,-6.258611201744583,-0.6899996171537298,33.88893374371193,,,,,,,,,-4.266406432186834,37.407139391873585,-18.703569695936793,0
2022-01-07,296.98,307.5747,292.06,299.68,337.17749999999967,378.8568967686792,295.49810323132016,18.08463931854445,17.949114098681164,1,0,,,,282.91191111111107,285.7410302222222,280.0827919999999,,-7.987251837614517,-11.120997100933394,-12.408247093232871,0,35.1786980651123,44.035339463627096,,,,,-5.239627556524433,-12.808145647400124,-7.568518090875691,-0.8290589770452412,35.1786980651123,,,,,,,,,-6.100223671057847,37.35453386662364,-18.67726693331182,0
2022-01-10,290,303.09,273.83,302.73,333.7519999999996,374.9285853853993,292.57541461459994,19.031155868405083,18.19202171861301,0,0,,,,282.9684888888888,285.7981737777777,280.13880399999994,,-5.623378890662478,-9.294925573479595,-10.99762742659578,0,36.74373468267898,43.548142276469314,,,,,-4.720957365343413,-13.469714797554957,-8.748757432211544,-0.9385557608267772,36.74373468267898,,,,,,,,,-5.666167982078394,37.29930885023805,-18.649654425119024,0
2022-01-11,296.26,308.55,293.3306,301.27,331.1199999999996,373.51750653046827,288.72249346953095,22.402439060131492,19.839411415693675,0,0,,,,283.10902222222217,285.94011244444437,280.27793199999996,,-4.9252549096337805,-9.014858661512337,-10.872137743328846,0,36.29202884741027,42.51130500256879,,,,,-4.1617975893740695,-13.95100441892913,-9.789206829555061,-0.9392201116646408,36.29202884741027,,,,,,,,,-5.359386166182482,37.24237250916344,-18.62118625458172,0
2022-01-12,316,316,303.41,307.14,328.9469999999996,371.5823708087671,286.3116291912321,27.277723510248606,22.903772812928395,0,0,,,,283.27817777777767,286.11095955555544,280.4453959999999,,-1.9254717884855443,-6.629335424855565,-8.838803315132527,0,39.51171545636469,41.63862912026206,,,,,-3.129302751162353,-13.700835268508001,-10.571532517345648,-0.904531191884466,39.51171545636469,,,,,39.51171545636469,,39.51171545636469,,-4.712011940133074,37.181923675231104,-18.590961837615552,0
2022-01-13,308.65,308.99,291.0393,291.76,325.5179999999996,368.5321044774981,282.50389552250107,23.639810108388296,24.439990892922804,0,0,,,,283.35924444444436,286.1928368888888,280.5256519999999,,-5.359685743294385,-10.370547865248502,-13.23853752100197,0,34.58049965883255,40.60506229473632,,,,,-3.203248793659574,-14.575593509420116,-11.372344715760542,-0.9049368969685255,34.58049965883255,,,,,,,,,-5.950174003326203,37.12880198963265,-18.564400994816324,0
2022-01-14,287.69,297.38,283.121,289.59,323.7484999999996,369.52835376779916,277.9686462322,21.57636202380501,24.164631880813975,0,0,,,,283.48924444444435,286.3241368888888,280.6543519999999,,-4.54136409035929,-10.550936915537722,-13.276154311485955,0,33.93693989480796,39.46330127723865,,,,,-3.1164819801428774,-15.26794719093914,-12.151465210796262,-0.8939310113950615,33.93693989480796,,,,,,,,,-7.240701690043006,37.08396621965021,-18.541983109825104,0
2022-01-18,289.32,296.97,282.09,287.68,321.5159999999996,369.69605496054413,273.3359450394551,21.066342346355743,22.094171492849686,0,0,,,,283.614311111111,286.4504542222221,280.77816799999994,,-3.7647106050165524,-10.52389305664404,-13.351398511881774,0,33.34864626536525,38.53908595350346,,,,,-2.909836236317073,-15.788760506192602,-12.87892426987553,-0.8871928312531158,33.34864626536525,,,,,,,,,-9.299272786390478,37.053803857577535,-18.526901928788767,0
2022-01-19,289.02,298.11,282.5,282.56,319.0904999999996,369.9141529482187,268.26684705178053,19.369199092019436,20.6706344873934,0,0,,,,283.6604888888888,286.49709377777765,280.8238839999999,,-4.4233299620819455,-11.448319520637451,-14.385529732464908,0,31.75931694060027,37.40139095105657,,,,,-2.8371080082443854,-16.42530928018101,-13.588201271936626,-0.8755945112472886,31.75931694060027,,,,,,,,,-10.272889307896943,37.03100239614005,-18.515501198070027,0
2022-01-20,290.46,297.5,278.52,279.27,315.3129999999996,366.18323377183424,264.44276622816494,17.71230622150514,19.382615886626777,0,0,,,,283.69902222222214,286.53601244444434,280.86203199999994,,-4.97044681958787,-11.430863935200787,-14.658531243792794,0,30.74534558415725,36.274103054902284,,,,,-2.728876550700523,-16.99929696031228,-14.270420409611756,-0.8652907000258078,30.74534558415725,,,,,,,,,-11.357390360440997,37.016796699794085,-18.508398349897043,0
2022-01-21,278.74,282.95,264.7,267.56,310.7859999999996,361.734308077904,259.8376919220952,11.438120014384271,16.173208442636284,0,0,,,,283.7902666666666,286.62816933333323,280.95236399999993,,-8.030963413125136,-13.908605921759554,-17.372403733415176,0,27.393061696651174,34.952452364774004,,,,,-3.1351910962751752,-18.189409279955726,-15.05421818368055,-0.8726649420898389,27.393061696651174,27.393061696651174,,27.393061696651174,,,,,,-13.450378502076248,37.02091768674681,-18.510458843373407,0
2022-01-24,260.21,281.57,245.2,277.5,307.1999999999996,356.9036175745885,257.4963824254107,16.115528643886602,15.088651626592005,1,0,,,,283.91693333333325,286.7561026666666,281.0777639999999,,-3.8814572610199383,-9.667968749999877,-13.556877497894781,0,33.974037917171756,34.26403569937248,,,,,-2.4539152719651813,-18.121612273637027,-15.667697001671845,-0.8698980741863865,33.974037917171756,,,,,,,,,-13.934767350626897,37.02879844402576,-18.51439922201288,0
2022-01-25,275.27,278.49,257.78,263.43,302.7719999999996,351.4952452121254,254.04875478787383,14.293617189429522,13.949088615900132,0,0,,,,284.02226666666655,286.8624893333332,281.1820439999999,,-7.495715931117863,-12.993936031072773,-17.010753139832868,0,29.84978073400916,33.641982579069904,,,,,-2.6533416173847932,-18.984374023402836,-16.331032406018043,-0.869108402410965,29.84978073400916,,,,,,,,,-15.519259630881024,37.0515756754452,-18.5257878377226,0
2022-01-26,272.5,276.7399,248.138,253.1,298.41799999999955,348.53501491510673,248.30098508489235,14.82512181629862,15.07808921653825,0,0,,,,284.1960888888888,287.0380497777777,281.35412799999995,,-9.593904821777532,-15.186081268556062,-19.411928902493038,0,27.235650432680643,33.17417070853956,,,,,-3.14959519725139,-20.26802640258228,-17.11843120533089,-0.9138434246386712,27.235650432680643,,,,,,,,,-16.934696155744813,37.08818607654517,-18.544093038272585,0
2022-01-27,259.71,262,241.86,244.72,293.4434999999996,344.13912279922147,242.7478772007777,11.805420635088314,13.641386546938818,0,0,,,,284.2614222222221,287.1040364444443,281.4188079999999,,-10.593788474957776,-16.60404813873868,-21.194575847644604,0,25.299966635302425,32.56067305793888,,,,,-3.674256895496889,-21.711252324702002,-18.036995429205113,-0.9466709919449644,25.299966635302425,25.299966635302425,,25.299966635302425,,,,,,-20.259775032299263,37.1621583361588,-18.5810791680794,0
2022-01-28,244,254.14,232.83,253.52,289.08799999999957,337.7462846389071,240.42971536109198,14.053197088857885,13.561246513414941,1,0,,,,284.3787999999999,287.2225879999999,281.5350119999999,,-6.066478196915137,-12.3035200354216,-17.413828861942704,0,30.857298644364775,32.25200167074263,,,,,-3.084458779723157,-21.892568903859058,-18.8081101241359,-0.9626888717702639,30.857298644364775,,,,,,,,,-21.168084025529225,37.24529196292348,-18.62264598146174,0
2022-01-31,261,276.17,258.161,275.9,285.9455,329.1849410116501,242.70605898834987,29.414835822184926,18.424484515377042,0,0,,,,284.5480888888888,287.3935697777777,281.7026079999999,,2.746868063934693,-3.51308203836046,-9.641809521834144,0,42.56080478582916,32.6675066781105,,,,,-0.9533830548959088,-19.999838942755787,-19.046455887859878,-0.8667057492566531,42.56080478582916,,,,,,,,,-18.675692189930434,37.29593321993228,-18.64796660996614,0
2022-02-01,281.8,286.85,270.33,283.76,283.533,321.2548276863659,245.81117231363413,38.30254076330431,27.25685789144904,0,0,,,,284.7870222222221,287.63489244444435,281.93915199999986,,5.828472543374175,0.08006122744088628,-6.5722526350909805,0,46.016817082183195,33.362134409165705,,,,,1.1075615790449547,-17.662003914053685,-18.76956549309864,-0.6849262274971322,46.016817082183195,,,,,46.016817082183195,,46.016817082183195,,-14.548598673683799,37.30213904574592,-18.65106952287296,0
2022-02-02,282.56,282.8,265.33,268.28,281.1705,316.41790925231214,245.92309074768787,39.663252510664734,35.793543032051325,0,0,,,,284.91822222222214,287.76740444444437,282.0690399999999,,0.5909172715819588,-4.58458479819186,-11.056101051514878,0,40.808997263415066,33.454797395383586,,,,,1.524482650242863,-16.86396218029506,-18.388444830537924,-0.56578468032319,40.808997263415066,,,,,,,,,-13.026099849027815,37.293919297934636,-18.646959648967318,0
2022-02-03,254.2,266,251,256.26,279.14,315.20521703802586,243.0747829619741,35.66990168736097,37.87856498711,0,0,,,,285.0254222222221,287.87567644444437,282.17516799999987,,-3.079768383868553,-8.196603854696571,-14.10557646735472,0,37.28087471043588,33.64768132764097,,,,,1.1064404233391443,-17.005394301363992,-18.111834724703137,-0.5391614793255912,37.28087471043588,,,,,,,,,-15.11406525636493,37.3038087212286,-18.6519043606143,0
2022-02-04,262.56,283,255.38,275.72,278.07149999999996,313.2002900588675,242.94270994113242,45.40964587645987,40.24760002482852,0,0,,,,285.2272888888888,288.07956177777766,282.3750159999999,,3.9593694267756385,-0.8456458141161249,-6.724357825011773,0,45.49641055684885,34.473357803501024,,,,,2.193432096874158,-15.370044603610438,-17.563476700484596,-0.329419064344705,45.49641055684885,,,,,,,,,-15.942874153674603,37.32070846312664,-18.66035423156332,0
2022-02-07,291,304.46,286.7701,293.19,277.74699999999996,312.18446570234306,243.30953429765685,60.24548551110975,47.1083443583102,0,0,,,,285.5672444444443,288.4229168888888,282.7115719999999,,9.896247207520602,5.560096058643316,-0.18361575509430184,0,51.62288492109879,35.77866056462485,,,,,4.0347715357253335,-12.520012280827927,-16.55478381655326,0.07365232788316527,51.62288492109879,,,,,,,,,-13.275254904878034,37.312431878107866,-18.656215939053933,0
2022-02-08,287.2,298.5,287.2,293.51,277.286,310.60196218031194,243.97003781968803,64.1408187562608,56.59865004794347,0,0,,,,285.890311111111,288.74921422222207,283.0314079999999,,8.789603997094119,5.850998607935476,0.5929124682979792,0,51.72991487477093,37.205131845637034,,,,,5.148726488725021,-10.118875705646985,-15.267602194372007,0.3777586450070757,51.72991487477093,,,,,,,,,-9.337980709372204,37.27436389458312,-18.63718194729156,0
2022-02-09,304.9,308.2,299,307.94,277.6195,312.0054788140439,243.23352118595614,71.78951227808247,65.39193884848434,0,0,,,,286.2778222222221,289.1406004444443,283.41504399999985,,11.864283638477202,10.921603129463154,5.928569135298467,0,56.41291561853973,39.03852970523578,,,,,6.637107825731814,-6.971217412207238,-13.608325237939052,0.6330969180636976,56.41291561853973,,,,,,,,,-5.950288707744072,37.217085956528216,-18.608542978264108,0
2022-02-10,300.2,329.49,299.5,311.11,277.81800000000004,312.9216844789811,242.71431552101896,74.80502363270273,70.24511822234867,0,0,,,,286.6827555555554,289.54958311111096,283.8159279999998,,10.354392573753458,11.983384805880103,7.426744290439946,0,57.390887272812186,41.181231532104434,,,,,7.548434751399711,-4.172781798689414,-11.721216550089125,0.7426912569256933,57.390887272812186,,,,,57.390887272812186,,57.390887272812186,,-4.10573008875419,37.15193065015898,-18.57596532507949,0
2022-02-11,312,321.3285,288.59,293.69,277.91450000000003,313.1811927709402,242.64780722905988,70.864930061459,72.48648865741474,0,0,,,,287.0609333333332,289.93154266666653,284.19032399999986,,2.7117956465782633,5.676386082770057,1.9624770863035712,0,50.6636260844607,42.37334497262507,,,,,6.719091780406723,-3.3223518245807213,-10.041443604987444,0.837771418478698,50.6636260844607,,,,,,,,,-4.110193880866197,37.087104768231605,-18.543552384115802,0
2022-02-14,294.06,300.801,290.33,291.13,277.9915,313.3663827701238,242.6166172298762,66.5974195894622,70.75579109454132,0,0,,,,287.3906222222221,290.2645284444443,284.51671599999986,,1.2770516838923385,4.726223643528682,1.6337929830685605,0,49.74087352920509,43.79413731513906,,,,,5.775222484560636,-2.822415499286649,-8.597637983847285,0.8342279152329221,49.74087352920509,,,,,,,,,-5.899256471408525,37.03029895403675,-18.515149477018376,0
2022-02-15,298.83,302,291.85,300,278.60749999999996,315.048766649227,242.16623335077293,67.77446330475415,68.41227098522512,0,0,,,,287.67951111111097,290.5563062222221,284.80271599999986,,3.7764240719793563,7.678364724567732,5.121888830098453,0,52.939157506502724,45.63010210612635,,,,,5.525322492384708,-1.6909848683663995,-7.216307360751108,0.8131443997642489,52.939157506502724,,,,,,,,,-7.077569812350475,36.97954666671028,-18.48977333335514,0
2022-02-16,295,306.07,294.15,304.7,279.7145,317.8734226656104,241.55557733438957,69.82452489280276,68.0654692623397,0,0,,,,288.0404444444443,290.9208488888887,285.16003999999987,,4.090870270731939,8.93250081779815,6.904028460960876,0,54.58819222248045,47.72211821949622,,,,,5.444776200122128,-0.4103371105984479,-5.855113310720576,0.7800618308253856,54.58819222248045,,,,,,,,,-5.948866132395487,36.92333095595816,-18.46166547797908,0
2022-02-17,298.02,304.85,285.5,286.28,280.06500000000005,318.3297830256465,241.8002169743536,63.80313958945021,67.13404259566904,0,0,,,,288.32582222222203,291.2090804444442,285.44256399999983,,-3.1945003330774657,2.219127702497614,0.565920419855992,0,47.55513753740178,48.91482099757029,,,,,3.9867257619861842,-0.871706108237845,-4.858431870224029,0.6206916614331233,47.55513753740178,,,,,,,,,-6.4682321689827305,36.8697877306028,-18.4348938653014,0
2022-02-18,290.96,295,272.63,273.77,280.37550000000005,318.32887111509206,242.42212888490803,51.896792206127316,61.84148556279343,0,0,,,,288.5235555555554,291.40879111111093,285.63831999999985,,-7.363669585696286,-2.3559476487781783,-3.5653271494408445,0,43.45983730979791,48.979037606425194,,,,,2.109791663907167,-2.2211922903400705,-4.3309839542472375,0.38987740496851964,43.45983730979791,,,,,,,,,-9.320569366133505,36.83212644087013,-18.416063220435063,0
2022-02-22,271.06,282.48,264.53,267.78,279.88950000000006,318.22472165058974,241.55427834941037,44.490708012360834,53.396879935979456,0,0,,,,288.6612888888887,291.54790177777755,285.77467599999983,,-8.604701168295236,-4.326528862283174,-5.3206597641679565,0,41.61201076481902,48.66440858375632,,,,,0.4799839159308643,-3.7310040593336566,-4.210987975264521,0.1800374967878731,41.61201076481902,,,,,,,,,-13.276548465566789,36.82221587830234,-18.41110793915117,0
2022-02-23,272.42,276.87,252,252.63,279.34950000000003,318.8824717957035,239.81652820429656,35.38339100016387,43.92363040621734,0,0,,,,288.75155555555534,291.6390711111109,285.86403999999976,,-12.55542517730862,-9.564899883479306,-10.14671448472101,0,37.293119125888936,48.413274431075884,,,,,-1.4951563891604973,-6.079933461715143,-4.584777072554646,-0.20507749501047276,37.293119125888936,37.293119125888936,,37.293119125888936,,,,,,-16.879979164261016,36.84314771945658,-18.42157385972829,0
2022-02-24,242.61,270.43,240.1,269.87,280.188,318.1380785769948,242.23792142300513,30.696555806179532,36.85688493956808,0,0,,,,288.90204444444424,291.7910648888887,286.0130239999998,,-5.340657182142117,-3.682527445857775,-3.6562799359779574,0,44.36898947079924,48.91956834253041,,,,,-1.512742437386656,-6.475705119287966,-4.96296268190131,-0.5789163483295663,44.36898947079924,,,,,,,,,-17.25738616165526,36.86665313191852,-18.43332656595926,0
2022-02-25,267.8,275.895,263.01,269.42,281.42300000000006,316.1462159224901,246.69978407751,30.112350080135997,32.064098962159804,0,0,,,,289.05959999999976,291.9501959999998,286.16900399999975,,-4.096081900280102,-4.265109816894864,-3.3832478844988856,0,44.22869880833053,48.829017503350535,,,,,-1.4279361387534832,-6.747882855343164,-5.319946716589681,-0.7781821439822172,44.22869880833053,,,,,,,,,-17.068005257610064,36.88730563530103,-18.443652817650516,0
2022-02-28,267.99,274.5773,260.7,265.66,282.03000000000003,315.1692045770558,248.89079542294425,28.714572594040206,29.841159493451915,0,0,,,,289.201422222222,292.0934364444442,286.3094079999998,,-4.481454315341315,-5.804347055277804,-4.433463276707483,0,43.005126957614614,48.21346336310166,,,,,-1.4913798990228448,-7.184171590368237,-5.692791691345392,-0.8359499867847657,43.005126957614614,,,,,,,,,-15.679674319247914,36.894410841089,-18.4472054205445,0
2022-03-01,267.54,272.88,261.31,263.19,281.39450000000005,315.4542295790779,247.3347704209222,29.45231436542224,29.426412346532814,0,0,,,,289.36275555555534,292.2563831111109,286.4691279999998,,-4.4092543493262415,-6.469387283688932,-5.021333721474397,0,42.17961807808342,47.531299306195415,,,,,-1.5586941545924322,-7.641159384585933,-6.082465229993501,-0.8793840752883447,42.17961807808342,,,,,,,,,-16.355022697600194,36.90670087405066,-18.45335043702533,0
2022-03-02,265.65,268.5,250.58,264.69,280.4410000000001,315.2421131431139,245.63988685688625,28.85501091527547,29.007299291579304,0,0,,,,289.50186666666644,292.3968853333331,286.6068479999998,,-2.615535745164599,-5.616511137815117,-4.215127850675648,0,42.89649283269776,46.56584053577813,,,,,-1.3679969324979435,-7.7924613956159305,-6.424464463117987,-0.8507722942426237,42.89649283269776,,,,,,,,,-16.719839280965363,36.921416442008955,-18.460708221004477,0
2022-03-03,223.4165,234,215.71,224.02,278.22800000000007,320.6380915349158,235.81790846508432,17.065251377501422,25.124192219399713,0,0,,,,289.43937777777757,292.33377155555536,286.5449839999998,,-15.0573880203692,-19.48330146498557,-18.35609116089222,0,31.494810689924577,44.71612077985758,,,,,-3.7136527196753475,-11.066530362712172,-7.352877643036824,-0.8360535022360974,31.494810689924577,,,,,,,,,-20.506885016367864,36.972366692554345,-18.486183346277173,0
2022-03-04,219.27,224.42,208.05,209.65,275.8975000000001,327.09281965912356,224.70218034087662,13.339656162589584,19.753306151788824,0,0,,,,289.35275555555535,292.2462831111109,286.45922799999977,,-18.127216208194675,-24.011634755661092,-22.941492137937136,0,28.602055584672343,43.140294315586985,,,,,-5.839213559217486,-14.651894592058682,-8.812681032841196,-0.8562665798139667,28.602055584672343,,,,,,,,,-25.435360635744004,37.079050796449955,-18.539525398224978,0
2022-03-07,215.26,219.835,192.405,193,271.76150000000007,334.4267022337744,209.09629776622575,11.272932521599447,13.892613353896818,0,0,,,,289.1599555555553,292.0515551111109,286.26835599999976,,-22.174595045787925,-28.981846214419647,-28.407328913299946,0,25.661090139555995,41.4203097877549,,,,,-7.8475932626493226,-18.62217261115285,-10.774579348503526,-0.8798187500708751,25.661090139555995,,,,,,,,,-32.2874512716707,37.27931976938328,-18.63965988469164,0
2022-03-08,191,199.46,182.74,191.61,266.68250000000006,337.51158353917833,195.8534164608218,9.533676122545366,11.382088268911465,0,0,,,,288.9771555555553,291.8669271111109,286.08738399999976,,-20.286719861549063,-28.150516063108768,-28.159989402026888,0,25.42604207331641,39.45508725681302,,,,,-8.685499715091074,-21.63145399236737,-12.945954277276295,-0.8910005536044387,25.42604207331641,25.42604207331641,,25.42604207331641,,,,,,-35.35446815012899,37.52367107454715,-18.761835537273576,0
2022-03-09,201.44,210.11,196.7,207.56,262.3850000000001,336.53374307768007,188.23625692232014,13.971171972707879,11.592593538950899,1,0,,,,288.88155555555534,291.7703711111109,285.9927399999998,,-12.001254944523787,-20.89486822798562,-21.632690047145275,0,33.00884260628574,37.91370514137054,,,,,-7.619457467490559,-22.470276111639492,-14.850818644148934,-0.878237415448613,33.00884260628574,,,,,,,,,-35.184514804816025,37.75912655000372,-18.87956327500186,0
2022-03-10,202.97,202.97,192.25,197.85,256.8805000000001,333.00368739385425,180.75731260614594,13.147280016049091,12.21737603710078,0,0,,,,288.7599111111109,291.647510222222,285.8723119999998,,-13.476045743773613,-22.979751285130668,-24.775772108166805,0,30.945892711215933,36.727330510928695,,,,,-7.03613572522498,-23.64598830068016,-16.60985257545518,-0.8792286769298301,30.945892711215933,,,,,,,,,-34.33694264845269,37.97525743451484,-18.98762871725742,0
2022-03-11,200,200.01,179.93,180.42,250.3460000000001,329.11791616305834,171.57408383694184,9.813146349532364,12.310532779429778,0,0,,,,288.53337777777756,291.4187115555553,285.6480439999998,,-17.903214797624713,-27.931742468423735,-30.83920364012267,0,27.610167515989488,35.59521123994237,,,,,-7.262588121566786,-25.68808772741366,-18.425499605846873,-0.8974934879685786,27.610167515989488,,,,,,,,,-35.30030714249017,38.20125518184422,-19.10062759092211,0
2022-03-14,178.86,181.5,164.36,166.75,243.99900000000008,328.05728285183983,159.94071714816033,8.579640269368891,10.51335554498345,0,0,,,,288.2458666666665,291.1283253333331,285.3634079999998,,-20.547566635219205,-31.659555981786834,-35.362705346967616,0,25.30623090032617,34.43051267819289,,,,,-7.72821292789061,-28.085765765710136,-20.357552837819526,-0.9178587508649445,25.30623090032617,25.30623090032617,,25.30623090032617,,,,,,-39.49288192861345,38.4911639180131,-19.24558195900655,0
2022-03-15,168.98,172,164.29,170.78,237.9815000000001,324.8658590699722,151.097140930028,9.903135837367135,9.431974152089465,1,0,,,,287.9575999999998,290.8371759999998,285.0780239999998,,-14.879406677864537,-28.238119349613346,-32.88901813151839,0,27.233983514528433,33.71200299166714,,,,,-7.1721507354035126,-29.322741257073915,-22.150590521670402,-0.9472975401292894,27.233983514528433,,,,,,,,,-42.10376595098799,38.81988407423656,-19.40994203711828,0
2022-03-16,177.02,198.16,176.23,197.84,232.87350000000006,316.5247661649537,149.22223383504644,17.652741207616426,12.045172438117485,0,0,,,,287.780222222222,290.6580244444442,284.9024199999998,,2.0067234516468524,-15.044004577592574,-21.370374786375802,0,38.67827073413965,33.30552308190574,,,,,-4.518797044383774,-27.79908682715012,-23.280289782766346,-0.8927184157728222,38.67827073413965,,,,,,,,,-39.625982277638705,39.096918573154944,-19.548459286577472,0
2022-03-17,195,210.76,191.06,208.85,228.08100000000007,305.4714296150363,150.69057038496388,30.504860081791634,19.3535790422584,0,0,,,,287.64991111111084,290.52641022222195,284.7734119999997,,8.532409019336828,-8.431653666899075,-16.33584239010699,0,42.63172015076486,33.1914531777939,,,,,-1.7039691100650778,-25.410251170347692,-23.706282060282614,-0.7807164284373961,42.63172015076486,,,,,,,,,-34.38062137226705,39.28502190065078,-19.64251095032539,0
2022-03-18,212.08,225.43,209.11,222.85,224.90950000000007,297.55310191372627,152.26589808627386,40.69733412522396,29.61831180487734,0,0,,,,287.588622222222,290.4645084444442,284.7127359999998,,15.018761193490636,-0.9157016488854697,-10.327464703720569,0,47.285612742391386,33.49720216242081,,,,,1.2592083251719792,-22.13227165381764,-23.39147997898962,-0.5684452192103567,47.285612742391386,,,,,,,,,-27.89160560013759,39.38342608441181,-19.691713042205905,0
2022-03-21,217.76,222.17,206.06,212.97,221.86950000000007,291.08775726641744,152.6512427335827,45.18303228198712,38.79507549633424,0,0,,,,287.5149333333331,290.39008266666644,284.63978399999974,,8.79804646790776,-4.011141684638975,-13.575671167947956,0,44.53958877723506,33.665771498074506,,,,,2.6331978935530493,-20.099982612048308,-22.733180505601357,-0.33489331955188195,44.53958877723506,,,,,,,,,-25.70500007591662,39.454725314197354,-19.727362657098677,0
2022-03-22,212.79,229.34,210.5701,224.96,219.72850000000008,285.7071863388471,153.74981366115307,52.659382597274295,46.179916334828455,0,0,,,,287.48546666666647,290.36032133333316,284.6106119999998,,12.998096271404446,2.3808927835942573,-7.859670584123457,0,48.45191248205423,34.06258718731425,,,,,4.328779208141036,-17.322206495425064,-21.6509857035661,0.14423009411026197,48.45191248205423,,,,,,,,,-23.43539651806699,39.50075412320599,-19.750377061602997,0
2022-03-23,221.18,228.7799,216.81,222.24,218.20900000000006,282.46404895337,153.9539510466301,55.34026755871099,51.0608941459908,0,0,,,,287.479022222222,290.3538124444442,284.6042319999998,,10.814705486385057,1.8473115224394654,-8.079319363426752,0,47.63103913227036,35.215174933196096,,,,,5.1884188264629,-15.165462170487473,-20.353880996950373,0.45728327997814144,47.63103913227036,,,,,,,,,-23.26311698856804,39.54373181019507,-19.771865905097535,0
2022-03-24,222,227.71,210,227.57,216.09400000000005,276.0487520718748,156.13924792812531,65.01450540306729,57.671385186350854,0,0,,,,287.51977777777756,290.39497555555533,284.6445799999998,,11.81537221837341,5.310651845955894,-4.82012703475897,0,49.43873816003839,36.7035094028651,,,,,5.980949392884934,-12.877694255844204,-18.85864364872914,0.6546108234221649,49.43873816003839,,,,,,,,,-21.370867049400136,39.567866327148,-19.783933163574,0
2022-03-25,227.8,231.7699,216.23,219.81,213.6135000000001,268.42216766306126,158.80483233693894,66.5970562748538,62.317276412210695,0,0,,,,287.5465333333331,290.42199866666647,284.67106799999976,,5.951933366110462,2.900799809000798,-6.880424314485345,0,46.90040869682603,38.22060358552725,,,,,5.840866530946741,-11.557560485045713,-17.398427015992453,0.6888390637578247,46.90040869682603,,,,,,,,,-21.794837135265208,39.59479528761289,-19.797397643806445,0
2022-03-28,220,238.5384,219.0101,235.89,212.12500000000009,262.64834490114356,161.60165509885658,72.88880615788072,68.1667892786006,0,0,,,,287.70675555555533,290.5838231111109,284.82968799999975,,10.035638317722185,11.20329994107243,0.754014243123935,0,52.35888621456264,40.14437816704484,,,,,6.631683604038937,-9.108822510943781,-15.740506114982718,0.7456489022000102,52.35888621456264,,,,,,,,,-19.997511305695344,39.605307606333774,-19.802653803166887,0
2022-03-29,240,246.5199,236,239.67,210.94900000000007,257.6104941466718,164.28750585332835,75.97947839091059,71.82178027454836,0,0,,,,287.856222222222,290.73478444444424,284.9776599999998,,8.318080130160732,13.615139204262604,3.1240856649473736,0,53.56724319598796,41.612835352023566,,,,,7.164442570802212,-6.784952901479954,-13.949395472282166,0.8628948281295364,53.56724319598796,,,,,53.56724319598796,,53.56724319598796,,-18.374068549249753,39.60234256122669,-19.801171280613346,0
2022-03-30,236.01,244.39,228.54,231.63,209.29600000000005,250.21405391266728,168.37794608733282,74.40846056327649,74.42558170402259,0,0,,,,288.02426666666645,290.9045093333331,285.1440239999998,,3.1098092982675407,10.67101139056643,0.651659711670538,0,50.62596824639706,43.01855503310794,,,,,6.736873610393266,-5.5283034592905835,-12.26517706968385,0.8926065662249978,50.62596824639706,,,,,,,,,-16.796052566031598,39.58753142221695,-19.793765711108474,0
2022-03-31,230.99,237.3015,227,229.13,209.55150000000003,250.89571714097306,168.207282859027,73.67594502489762,74.68796132636156,0,0,,,,288.14724444444425,291.0287168888887,285.2657719999998,,1.0843862497353474,9.34304932200436,0.6672192655900355,0,49.71192746398873,44.59725217225074,,,,,6.067998741167587,-4.680178643224366,-10.748177384391953,0.8496023889581359,49.71192746398873,,,,,,,,,-17.42660189395836,39.57673600512662,-19.78836800256331,0
2022-04-01,229.31,244.05,228.4701,234.81,210.80950000000007,253.5951337921957,168.02386620780445,72.65153031983314,73.57864530266909,0,0,,,,288.3402666666665,291.22366933333313,285.4568639999998,,3.046500605613822,11.384923354972099,3.9462170589075862,0,51.839461777199716,46.492482949170274,,,,,5.7911398225434265,-3.5092526062126694,-9.300392428756096,0.8145942975169136,51.839461777199716,,,,,,,,,-17.83879399543324,39.56844840531749,-19.784224202658745,0
2022-04-04,235.38,243.33,234.665,241.23,213.22100000000006,257.1413237237598,169.30067627624032,76.15891321467289,74.16212951980121,0,0,,,,288.5757777777776,291.4615355555554,285.69001999999983,,4.567088870971969,13.13613574647896,7.303468246660394,0,54.19812644911712,48.418493158783754,,,,,5.808528201289583,-2.039732177144117,-7.8482603784337,0.8598731429052482,54.19812644911712,,,,,54.19812644911712,,54.19812644911712,,-16.56903842315387,39.55099647511905,-19.775498237559525,0
2022-04-05,239.27,240.91,224.1,227.09,214.99500000000006,258.13974823196776,171.85025176803236,69.58721755661396,72.79922036370665,0,0,,,,288.65177777777757,291.53829555555535,285.7652599999998,,-1.6530464645939102,5.625712225865698,1.6268773382817958,0,48.557466085205256,49.124149969574155,,,,,4.68410357915688,-1.9931309044876002,-6.67723448364448,0.746775443996287,48.557466085205256,,,,,,,,,-16.672497320662476,39.533918664919945,-19.766959332459972,0
2022-04-06,221.25,221.39,205.89,212.09,215.2215000000001,258.25516183582164,172.18783816417857,57.47380273054739,67.73997783394474,0,0,,,,288.6492888888887,291.5357817777776,285.7627959999998,,-7.74363614218847,-1.455012626526675,-4.508412000420314,0,43.39760539499203,49.17885605844752,,,,,2.837397674945996,-3.130487389961985,-5.967885064907981,0.30473286186911724,43.39760539499203,,,,,,,,,-19.186670975524187,39.53424619873399,-19.767123099366994,0
2022-04-07,212.4,217.3,203.08,213.88,216.02300000000008,258.32350311757415,173.72249688242601,47.33345663879196,58.13149230865108,0,0,,,,288.60639999999984,291.4924639999998,285.72033599999986,,-6.407670125107701,-0.9920239974447576,-2.886435975789814,0,44.16016282918092,48.955609636075344,,,,,1.6998188033286334,-3.8431115607471895,-5.542930364075823,0.053849619569591126,44.16016282918092,,,,,,,,,-22.19447008101584,39.558167597717,-19.7790837988585,0
2022-04-08,209.84,213.67,206.5401,208.34,217.4190000000001,256.65964571334007,178.1783542866601,39.61587009642241,48.14104315525392,0,0,,,,288.515422222222,291.40057644444425,285.6302679999998,,-8.372035746956541,-4.1758080020605775,-4.519227684566163,0,42.26243599836411,48.792955866155985,,,,,0.5946830752032106,-4.79957652007181,-5.39425959527502,-0.3497407989590375,42.26243599836411,42.26243599836411,,42.26243599836411,,,,,,-24.187710287544743,39.59890581406141,-19.799452907030705,0
2022-04-11,207.4,214.71,201.63,208.53,219.5080000000001,251.51902847457228,187.4969715254279,34.47773706662059,40.475687933944975,0,0,,,,288.4175111111109,291.30168622222203,285.5333359999998,,-7.1714743589743275,-5.001184467080966,-3.5907472761177894,0,42.3539318159974,48.3573858185805,,,,,-0.06786506743624976,-5.479090929570333,-5.411225862134083,-0.5225525454505296,42.3539318159974,,,,,,,,,-24.41933154068047,39.64059211256815,-19.820296056284075,0
2022-04-12,213.13,222,209.72,210.94,221.51600000000008,244.9334340182677,198.09856598173246,36.47028015035299,36.85462910446532,0,0,,,,288.31773333333314,291.20091066666646,285.4345559999998,,-4.882151086500663,-4.774372957258199,-1.6848826641188697,0,43.575337346228416,48.06769283386321,,,,,-0.27644612550185865,-5.756783519011407,-5.480337393509548,-0.6724984531726009,43.575337346228416,,,,,,,,,-24.574601373464258,39.68251017635458,-19.84125508817729,0
2022-04-13,209.97,216.5,209.79,214.41,222.3445000000001,243.4067652865228,201.28223471347738,40.700504904047094,37.21617404034021,0,0,,,,288.23102222222207,291.11333244444427,285.34871199999986,,-2.56083982821691,-3.5685613990901976,0.7191878954710074,0,45.370142765208875,47.777078877089686,,,,,-0.12127844574677837,-5.631935450693021,-5.510657004946243,-0.7201111176154011,45.370142765208875,,,,,,,,,-23.629768690457656,39.7147188255302,-19.8573594127651,0
2022-04-14,214.98,215,198.56,198.63,221.8335000000001,244.60694354725217,199.06005645274803,27.5030439950103,34.89127634980345,0,0,,,,288.09177777777757,290.97269555555533,285.2108599999998,,-8.46332864812549,-10.459871930975307,-6.321038582105376,0,39.25501231177629,47.230979135300416,,,,,-0.9744678606650465,-6.728741830777551,-5.7542739701125045,-0.8824275889221419,39.25501231177629,,,,,,,,,-24.570050612728522,39.75429368594018,-19.87714684297009,0
2022-04-18,198.21,199.49,189.88,192.39,220.3105000000001,246.4357540466095,194.1852459533907,21.490433892669103,29.897994263908817,0,0,,,,287.90128888888876,290.78030177777765,285.02227599999986,,-9.571192885646685,-12.673249799714537,-9.017106681883924,0,37.124154708992414,46.14278402775968,,,,,-1.80390884625315,-8.009160027928942,-6.205251181675792,-0.904240982869445,37.124154708992414,,,,,,,,,-26.575405580069795,39.81156206258082,-19.90578103129041,0
2022-04-19,193.84,202.49,190.0984,197.43,219.5335000000001,247.35508965623436,191.71191034376582,21.495165383806437,23.4962144238286,0,0,,,,287.68919999999986,290.56609199999986,284.81230799999986,,-5.2516400877272496,-10.068395028549205,-6.698802013185034,0,39.95905295068427,45.17077043880943,,,,,-1.8510093883527698,-8.519012917116754,-6.668003528763984,-0.8988515879423926,39.95905295068427,,,,,,,,,-28.353560430602982,39.88516730516549,-19.942583652582744,0
2022-04-20,199.49,199.49,185.39,185.98,217.58450000000008,248.85948263788418,186.30951736211597,16.784805013494935,19.92346809665681,0,0,,,,287.4578666666665,290.33244533333317,284.58328799999987,,-8.95026975159351,-14.525161488984772,-12.031810699848112,0,35.98910907428133,44.12528049794402,,,,,-2.4534194602165416,-9.734777854034661,-7.2813583938181194,-0.9166988527581488,35.98910907428133,,,,,,,,,-29.641874071464184,39.9705219147176,-19.9852609573588,0
2022-04-21,188.93,193.41,174.68,175.14,215.2295000000001,251.44983709119657,179.0091629088036,14.276356381459642,17.518775592920324,0,0,,,,287.1659999999999,290.0376599999999,284.29433999999986,,-12.677559119895065,-18.626396474461025,-16.733490752920023,0,32.678971535565196,42.9086407887709,,,,,-3.3277868416462333,-11.441091945875911,-8.113305104229678,-0.933126671344173,32.678971535565196,,,,,,,,,-31.477277316962912,40.0739850812399,-20.03699254061995,0
2022-04-22,178.78,181.18,172.76,173.8,212.54100000000008,252.48876334164316,172.593236658357,12.100968745630269,14.387376713528269,0,0,,,,286.8576444444443,289.72622088888875,283.98906799999986,,-11.578711735407643,-18.22754198013562,-17.05443004748618,0,32.28367940442554,41.5117991907156,,,,,-3.7129235074431364,-12.754459488533598,-9.041535981090462,-0.9354222012699966,32.28367940442554,32.28367940442554,,32.28367940442554,,,,,,-34.12945465128942,40.20596777008795,-20.102983885043976,0
2022-04-25,176,190.7851,175.2,186.94,210.8975000000001,252.19561127642433,169.59938872357586,17.0509091709909,14.476078099360256,1,0,,,,286.62879999999984,289.49508799999984,283.76251199999984,,-3.8468462444513962,-11.359783781220777,-10.875842461824114,0,39.9539311663721,40.49435667051954,,,,,-2.8386880624256605,-12.589896059122538,-9.751207996696877,-0.9120501806461098,39.9539311663721,,,,,,,,,-33.73812667119483,40.33046598971565,-20.165232994857824,0
2022-04-26,185.42,186.85,176.7914,178.76,208.04100000000008,249.92816266351724,166.15383733648292,16.07083739260944,15.07423843641019,0,0,,,,286.3452444444443,289.2086968888887,283.48179199999987,,-6.6244606721617805,-14.0746295201427,-14.938029178787582,0,37.134047589858596,39.6783982065662,,,,,-2.575054091366109,-12.970025610904514,-10.394971519538405,-0.9015263062759152,37.134047589858596,,,,,,,,,-33.04684712193753,40.44429209761833,-20.222146048809165,0
2022-04-27,183.65,188.63,173.8,174.95,204.80500000000006,246.41715855972853,163.1928414402716,17.213377314881985,16.77837462616076,0,0,,,,286.0091555555554,288.869247111111,283.14906399999984,,-6.863710651980625,-14.577280828104811,-16.806023380225966,0,35.86437630067948,39.1403104141153,,,,,-2.4232011632271995,-13.423972973572404,-11.000771810345205,-0.9134146733350722,35.86437630067948,,,,,,,,,-32.64324830629746,40.55112156533796,-20.27556078266898,0
2022-04-28,179,187.66,172.35,185.71,202.50900000000007,242.99965269911007,162.01834730089007,26.845893488846578,20.04336939877932,0,0,,,,285.72199999999987,288.57921999999985,282.8647799999999,,0.3984365285744529,-8.29543378318991,-11.519196013099187,0,41.90560430530471,38.97927051955271,,,,,-1.4140244812128078,-12.768302411861214,-11.354277930648406,-0.8572245925417532,41.90560430530471,,,,,41.90560430530471,,41.90560430530471,,-32.51608051818351,40.65424083016279,-20.327120415081396,0
2022-04-29,187.45,195.84,171.125,171.44,199.62450000000007,240.33730657237908,158.91169342762106,23.414272487406777,22.491181097045096,0,0,,,,285.3861333333332,288.2399946666665,282.53227199999986,,-5.933477454541447,-14.118757968085106,-17.829885880167083,0,36.93650083586922,38.598846579374516,,,,,-1.5145298661827393,-13.24744026337683,-11.732910397194091,-0.8637763625049308,36.93650083586922,,,,,,,,,-33.1358021176875,40.76198544249427,-20.380992721247136,0
2022-05-02,170.31,177.98,167.14,177.76,196.77200000000008,235.15159072215243,158.39240927784772,24.58890057798191,24.94968885141174,0,0,,,,285.07039999999984,287.92110399999984,282.21969599999983,,-1.6765215082609197,-9.66194377248799,-14.182539120583549,0,40.31224087621676,38.45301151224732,,,,,-0.9878361963382858,-12.967705642616949,-11.979869446278663,-0.8260706960367428,40.31224087621676,,,,,,,,,-32.49493793658693,40.86041564917325,-20.430207824586624,0
2022-05-03,176.6,181.09,172.1801,176.42,193.5315000000001,226.97589640657165,160.08710359342857,24.88132848819388,24.294833851194173,0,0,,,,284.78515555555543,287.633007111111,281.93730399999987,,-1.2703564832950986,-8.841713106135229,-14.325535768918963,0,39.8254703792042,38.185163871745594,,,,,-0.5822282886274657,-12.707654807062994,-12.125426518435528,-0.772058768738017,39.8254703792042,,,,,,,,,-33.3897970287982,40.96646459605292,-20.48323229802646,0
2022-05-04,178.75,187.23,166.67,186,191.4770000000001,221.27219900923558,161.6818009907646,33.43307726649584,27.634435444223865,0,0,,,,284.52648888888876,287.37175377777766,281.6812239999999,,4.089718621986438,-2.8603957655489065,-9.099942820931894,0,44.94391520078728,38.154719045715474,,,,,0.42443867737286745,-11.594878171719444,-12.019316849092311,-0.5936632706264834,44.94391520078728,,,,,44.94391520078728,,44.94391520078728,,-31.278317471769398,41.04793736854742,-20.52396868427371,0
2022-05-05,179.59,179.95,162.51,166.18,189.18150000000009,219.3424862405056,159.02051375949458,29.271977871030785,29.195461208573487,0,0,,,,284.1921333333332,287.0340546666665,281.35021199999983,,-6.533330333640796,-12.15842986761394,-18.037665124002377,0,37.78333192696652,38.04959901822907,,,,,-0.12214002697613324,-12.171991882812478,-12.049851855836344,-0.5874583400779949,37.78333192696652,,,,,,,,,-32.43164528256253,41.13951552155128,-20.56975776077564,0
2022-05-06,164.34,165.69,151.21,155.27,186.2510000000001,217.60907002989774,154.89292997010244,23.51527424524747,28.740109794258018,0,0,,,,283.820711111111,286.6589182222221,280.9825039999999,,-11.749828069317903,-16.6340046496395,-22.49740027453111,0,34.52279426372047,37.8637875578525,,,,,-1.0447167008272409,-13.355747731870395,-12.311031031043154,-0.6303015317000482,34.52279426372047,,,,,,,,,-34.77168628060908,41.25441221970108,-20.62720610985054,0
2022-05-09,152.05,155.74,142.05,143.29,182.9985000000001,217.82030711852826,148.17669288147192,16.576220985719928,23.121157700666046,0,0,,,,283.366311111111,286.19997422222207,280.5326479999999,,-16.486962197950795,-21.698811738894076,-27.55484324362595,0,31.326026885257463,37.247142838893446,,,,,-2.2205024035414365,-15.08665903546995,-12.866156631928513,-0.6423547633814695,31.326026885257463,,,,,,,,,-39.83342807784862,41.42728383212519,-20.713641916062596,0
2022-05-10,149.4,152.26,132,143.76,179.76000000000008,216.4773964218596,143.04260357814056,15.482578343577615,18.52469119151499,0,0,,,,282.89679999999987,285.72576799999985,280.0678319999999,,-14.468282583086445,-20.026702269692965,-26.1709120788826,0,31.593652219044486,36.93318163494795,,,,,-2.693767101973883,-16.233365509395867,-13.539598407421984,-0.6971137612651772,31.593652219044486,,,,,,,,,-42.30427171157338,41.62876642880454,-20.81438321440227,0
2022-05-11,139.53,147.36,132.15,132.88,175.85700000000008,215.00213972385293,136.71186027614723,13.603949639671296,15.2209163229896,0,0,,,,282.3838666666665,285.2077053333332,279.5600279999998,,-18.911826985860834,-24.438606367673778,-30.48767090801624,0,28.796063363982043,36.65583105126344,,,,,-3.4200867717034207,-17.81470687205126,-14.39462010034784,-0.7994098224282037,28.796063363982043,28.796063363982043,,28.796063363982043,,,,,,-44.79810117180403,41.86015744393647,-20.930078721968236,0
2022-05-12,130.12,146.89,126.01,140.6,172.1665000000001,209.97135750535173,134.36164249464846,15.738748748773912,14.94175891067426,1,0,,,,281.9007999999999,284.7198079999999,279.0817919999999,,-11.772088353413668,-18.334867700743228,-25.262855745617408,0,33.308660707105275,36.729044001454845,,,,,-3.072137901105256,-18.23479247672941,-15.162654575624154,-0.8740451350689148,33.308660707105275,,,,,,,,,-44.71861323608474,42.085535969064665,-21.042767984532333,0
2022-05-13,145.1,159.72,145.1,158.36,170.1530000000001,206.3614388506318,133.9445611493684,28.83752402171467,19.39340747005328,0,0,,,,281.49795555555545,284.312935111111,278.6829759999999,,0.19487257358337118,-6.930821084553362,-14.753427680912235,0,42.35899222771865,36.900834077265316,,,,,-1.421367007789211,-16.939363335360667,-15.517996327571456,-0.8060515676214656,42.35899222771865,,,,,42.35899222771865,,42.35899222771865,,-42.343866051205005,42.274482779008885,-21.137241389504442,0
2022-05-16,155.44,159.15,143.52,144.51,167.7590000000001,204.10101364811774,131.41698635188246,29.385490418528207,24.653921063005583,0,0,,,,281.0235555555554,283.83379111111094,278.21331999999984,,-6.603243131450909,-13.85857092615007,-20.927789359641615,0,38.025289892615916,36.96449424174798,,,,,-1.0545854188402792,-16.836228101121804,-15.781642682281525,-0.8123230015511431,38.025289892615916,,,,,,,,,-40.41224457711137,42.43537104892578,-21.21768552446289,0
2022-05-17,151.35,153.88,138.34,145.81,165.1780000000001,200.025866276143,130.33013372385722,30.275358526051733,29.499457655431524,0,0,,,,280.57342222222206,283.3791564444443,277.76768799999985,,-3.8611158730368245,-11.725532455896126,-18.80333154517404,0,38.65965304595426,37.164156866410465,,,,,-0.5425695275048632,-16.459854591662605,-15.917285064157742,-0.8106099383434839,38.65965304595426,,,,,,,,,-39.31810521115481,42.57996360103061,-21.289981800515307,0
2022-05-18,142.45,146.35,134.1001,137.76,162.7670000000001,198.19194606911827,127.34205393088196,26.34073211224468,28.667193685608193,0,0,,,,280.0849333333332,282.88578266666656,277.28408399999984,,-6.18487898557637,-15.36367936989691,-21.99261602579118,0,36.18939682635752,36.75585633219996,,,,,-0.5618228391710076,-16.6195636131215,-16.057740773950492,-0.7887127852397101,36.18939682635752,,,,,,,,,-41.67987633917246,42.74994722469669,-21.374973612348345,0
2022-05-19,140.04,152.63,138.6849,146.82,161.35100000000014,196.94804645051178,125.7539535494885,34.07514048070465,30.23041037300034,0,0,,,,279.64502222222205,282.4414724444443,276.8485719999998,,1.3208562792430767,-9.005832005999427,-15.82532120190584,0,40.77607468312894,37.03011160700422,,,,,0.18014463134421277,-15.832559984770228,-16.01270461611444,-0.7450690499965057,40.77607468312894,,,,,,,,,-40.91423903965585,42.90722607762096,-21.45361303881048,0
2022-05-20,148,148.98,134.26,141.49,159.73550000000014,195.85483968111689,123.6161603188834,35.75359645360659,32.056489682185294,0,0,,,,279.19919999999985,281.99119199999984,276.40720799999986,,-1.4199319993311699,-11.422320022787746,-17.74315446776361,0,39.00002946488856,36.93638222048078,,,,,0.4415886115954262,-15.460718851620157,-15.902307463215584,-0.687395263774459,39.00002946488856,,,,,,,,,-41.07712815548755,43.06328300890456,-21.53164150445228,0
2022-05-23,138.38,142.78,133.51,138.85,157.33100000000013,192.2695757580345,122.39242424196576,35.27656965211923,35.03510219547681,0,0,,,,278.76408888888875,281.55172977777767,275.97644799999983,,-2.9591009476950814,-11.746572512728015,-18.176085927386932,0,38.11450555069137,36.81417044701558,,,,,0.5588074978751862,-15.2037980908716,-15.762605588746787,-0.6207024876195841,38.11450555069137,,,,,,,,,-40.53157692448335,43.20982833471862,-21.60491416735931,0
2022-05-24,138.14,138.62,125.77,129.63,154.87450000000013,190.3455470524899,119.40345294751035,24.918400998271984,31.982855701332586,0,0,,,,278.2858222222221,281.06868044444434,275.5029639999999,,-8.499269434111467,-16.29997191274233,-22.40682693823326,0,35.115699614492314,36.112155047994506,,,,,0.15829021840121982,-15.564742815745262,-15.723033034146482,-0.5866780395634974,35.115699614492314,,,,,,,,,-42.48195809377049,43.37648138330026,-21.68824069165013,0
2022-05-25,128.61,135.615,126.9,132.77,152.76550000000015,188.2270326656917,117.3039673343086,25.675016629882684,28.623329093424616,0,0,,,,277.81346666666656,280.59160133333324,275.03533199999987,,-6.27558943950306,-13.089015517247093,-19.268141409964954,0,36.93551094031655,36.05159640609094,,,,,0.24268726742234392,-15.419673949868553,-15.662361217290897,-0.5207147815592745,36.93551094031655,,,,,,,,,-43.17207844312852,43.54815280008344,-21.77407640004172,0
2022-05-26,117.03,134.5,112.1,126.8,149.82000000000014,183.59261967925994,116.04738032074032,23.083619681640894,24.559012436598508,0,0,,,,277.2714666666665,280.0441813333332,274.49875199999985,,-9.60935272312522,-15.36510479241765,-21.504375656451757,0,34.92960843421899,36.08065456112654,,,,,0.044662939671379576,-15.606532542701672,-15.651195482373051,-0.5238648312049654,34.92960843421899,34.92960843421899,34.92960843421899,34.92960843421899,,,,,,-44.017829672587844,43.72671705913795,-21.863358529568973,0
2022-05-27,127.9,130.61,123.31,129.91,147.74350000000013,181.04724109615822,114.43975890384203,28.16568431173374,25.641440207752428,0,0,,,,276.7364,279.503764,273.969036,,-5.47531560373995,-12.070581785323963,-18.4223250673482,0,36.85352211581545,36.475475649023544,,,,,0.259365718441833,-15.32698833432076,-15.586354052762593,-0.5954107397450942,36.85352211581545,,,,,,,,,-43.08945377707821,43.890552935430584,-21.945276467715292,0
2022-05-31,130,131.905,124.69,127.65,145.2380000000001,176.61602963858536,113.85997036141488,31.03909680450173,27.429466932625445,0,0,,,,276.106,278.86706,273.34494,,-5.966158130078303,-12.10977843264166,-18.74033191375589,0,36.02007225935212,36.791648509045515,,,,,0.3782107756469877,-15.113590583203859,-15.491801358850847,-0.6534900500042218,36.02007225935212,,,,,,,,,-42.98773681383128,44.049962255133195,-22.024981127566598,0
2022-06-01,129.36,135.83,123.82,126.15,142.72450000000015,171.66784014933137,113.78115985066893,31.432679036426038,30.212486717553826,0,0,,,,275.4797333333333,278.2345306666666,272.72493599999996,,-5.70550817368426,-11.612932607926552,-18.46192627639566,0,35.44708040278556,37.266721154674336,,,,,0.4783834214063827,-14.893822082092868,-15.37220550349925,-0.8499227077475415,35.44708040278556,,,,,,,,,-42.498161422894015,44.200580900256895,-22.100290450128448,0
2022-06-02,126.81,140.7,126.11,138.24,140.33650000000014,161.41670709101103,119.25629290898925,41.66458407917389,34.71211997336721,0,0,,,,274.9180444444444,277.6672248888888,272.1688639999999,,3.294453452488577,-1.4939092823322064,-9.718851022607279,0,43.278988176090316,37.97888740245899,,,,,1.4277930644958055,-13.587464172879493,-15.015257237375298,-0.8022376193168012,43.278988176090316,,,,,43.278988176090316,,43.278988176090316,,-40.678979358591214,44.32803810575109,-22.164019052875545,0
2022-06-03,134.98,138.24,128.85,129.82,138.51850000000013,156.39856406587856,120.6384359341217,39.173143329676506,37.42346881509213,0,0,,,,274.3726222222222,277.11634844444444,271.628896,,-1.7490218041186667,-6.2796666149287805,-14.372967660657865,0,39.66924667448839,37.78676272008539,,,,,1.547563868634123,-13.080802401582645,-14.628366270216768,-0.7536362106292179,39.66924667448839,,,,,,,,,-39.647531983764985,44.44207412602884,-22.22103706301442,0
2022-06-06,132.6,134.48,125.78,128.07,137.15850000000015,153.83213100826902,120.48486899173128,39.68915194554334,40.17562645146456,0,0,,,,273.82626666666664,276.5645293333333,271.08800399999996,,-2.0789210101767153,-6.626275440457674,-14.669302180962118,0,38.9422528583049,37.85226007477746,,,,,1.56319114439553,-12.674377339722355,-14.237568484117885,-0.728289387691964,38.9422528583049,,,,,,,,,-38.715837566251246,44.544352286753664,-22.272176143376832,0
2022-06-07,126,131.9,124.31,131.26,136.55700000000013,153.17031285445267,119.9436871455476,43.51172935727265,40.79134154416415,0,0,,,,273.29488888888886,276.02783777777773,270.56194,,0.9459355533338432,-3.878966292464048,-11.448823005585918,0,41.062590976810775,38.02389849841007,,,,,1.8244204969876012,-11.957042862883384,-13.781463359870985,-0.6252259052528133,41.062590976810775,,,,,,,,,-39.157021600469115,44.64904612852475,-22.324523064262376,0
2022-06-08,131.23,136.29,130.03,135.57,136.14750000000012,152.43091472173225,119.86408527826799,48.339225038538714,43.846702113784886,0,0,,,,272.7761777777778,275.5039395555556,270.048416,,3.786440470357677,-0.4241723131163888,-7.6442016199903655,0,43.897367674790615,38.57446784472672,,,,,2.2932119590310904,-10.914948411082122,-13.208160370113212,-0.48940367786702976,43.897367674790615,,,,,43.897367674790615,,43.897367674790615,,-37.828896498964866,44.73860814380291,-22.369304071901453,0
2022-06-09,136.18,139.675,130.78,133.23,136.16500000000013,152.43507744295982,119.89492255704045,49.647509960435755,47.16615478541569,0,0,,,,272.22933333333333,274.95162666666664,269.50704,,1.959133695568993,-2.15547313920621,-8.370223818835843,0,42.696639289333355,38.711651030884184,,,,,2.437910348739802,-10.160772434188459,-12.598682782928261,-0.23499929431227143,42.696639289333355,,,,,,,,,-36.62184496708996,44.815030525415956,-22.407515262707978,0
2022-06-10,129,129.39,119.43,122.42,135.25600000000014,152.43917363003442,118.07282636996587,43.59664582391544,47.194460274296624,0,0,,,,271.62097777777774,274.33718755555554,268.90476799999993,,-5.9985257079673175,-9.490152008044095,-14.565265939628569,0,37.5823555800938,38.6103886105417,,,,,1.8257960473850154,-10.316437723696993,-12.142233771082008,-0.2138345051316549,37.5823555800938,,,,,,,,,-37.62141399414434,44.89917525013121,-22.449587625065604,0
2022-06-13,114.49,118.1799,112.11,113.3,133.00300000000013,149.26988796297272,116.73611203702754,33.07908294501874,42.107746243123295,0,0,,,,270.93653333333333,273.64589866666665,268.227168,,-11.877484036057883,-14.81395156500238,-19.845870140405342,0,33.893731965012506,38.3089047829932,,,,,0.875104749657206,-11.048352834010501,-11.923457583667707,-0.3250593507991143,33.893731965012506,33.893731965012506,,33.893731965012506,,,,,,-40.759246960246685,45.01238949731516,-22.50619474865758,0
2022-06-14,113.3,116.5,110.265,113.87,131.47100000000012,148.84787187038935,114.09412812961088,27.434834860861066,34.70352120993173,0,0,,,,270.26519999999994,272.96785199999994,267.56254799999994,,-10.47463303798164,-13.38774330460717,-18.21035317440367,0,34.32757050386962,38.25260984652016,,,,,0.37843538035214763,-11.450413358227522,-11.82884873857967,-0.5057149427588795,34.32757050386962,,,,,,,,,-43.40537381064422,45.151274435486414,-22.575637217743207,0
2022-06-15,118.65,124.35,115.72,122.54,130.30750000000012,146.78086987382704,113.83413012617319,34.399038137325576,31.637651981068444,0,0,,,,269.61515555555553,272.3113071111111,266.919004,,-3.384004036836097,-5.960900178424189,-10.832660248713887,0,40.70217411317915,38.52165721601034,,,,,0.708434935103881,-10.943305069699818,-11.651740004803699,-0.49925253599350433,40.70217411317915,,,,,,,,,-42.87685275188878,45.281855878269624,-22.640927939134812,0
2022-06-16,118.19,119.6,113.75,114.38,129.13850000000014,146.61805294050436,111.65894705949592,30.82721290301363,30.887028633733404,0,0,,,,268.95604444444444,271.6456048888889,266.266484,,-8.08864889188884,-11.428427618409787,-15.298961539695789,0,37.056405237063146,38.67357127335635,,,,,0.4636094856874706,-11.07222814769436,-11.535837633381831,-0.6463603317346872,37.056405237063146,,,,,,,,,-42.25534379581684,45.4034581698018,-22.7017290849009,0
2022-06-17,114.5,120.575,114.28,119.38,127.76650000000014,143.72030239942487,111.81269760057542,36.710777240346786,33.97900942689531,0,0,,,,268.28946666666667,270.9723613333333,265.606572,,-3.259266462456023,-6.563927164006323,-10.563156935263596,0,40.569160699469755,38.93897402933167,,,,,0.7101128105266756,-10.648196620223487,-11.358309430750163,-0.6737196598468614,40.569160699469755,,,,,,,,,-40.86778624894337,45.50874834395209,-22.754374171976046,0
2022-06-21,122.6,125.88,122,122.54,126.81900000000012,141.6084947851479,112.02950521485232,42.70136968091166,36.746453274757336,0,0,,,,267.6418222222222,270.31824044444437,264.965404,,-0.2515282989686174,-3.3741000954116585,-7.439206780036612,0,42.743961255251364,39.41925181475303,,,,,1.1326063886729418,-9.942551444908986,-11.075157833581928,-0.6776754533857335,42.743961255251364,,,,,,,,,-40.42462509944202,45.60769963945195,-22.803849819725976,0
2022-06-22,120.87,129.98,120.13,127.36,126.24450000000013,139.97470389505975,112.5142961049405,49.3080267906086,42.90672457062234,0,0,,,,267.02688888888883,269.6971577777777,264.35661999999996,,4.00215582358181,0.8836028500250448,-3.4110012564052994,0,45.9905125330688,40.172354109773266,,,,,1.7466153194651284,-8.891888684250517,-10.638504003715646,-0.6235181269357565,45.9905125330688,,,,,,,,,-37.84835489868993,45.680881916601486,-22.840440958300743,0
2022-06-23,136.28,143.8698,131.55,143.11,126.9185,142.45227259393351,111.38472740606646,68.96576625119485,53.658387574238354,0,0,,,,266.47053333333326,269.1352386666666,263.8058279999999,,16.148458360725005,12.757399433494744,8.55153372371731,0,54.97464794588802,41.00775837904454,,,,,3.1420211761831123,-6.710977533486755,-9.852998709669867,-0.12563437867673083,54.97464794588802,,,,,,,,,-33.41665060408132,45.716061930700036,-22.858030965350018,0
2022-06-24,144,152.02,143.84,151.53,127.85650000000001,146.6201854322391,109.0928145677609,76.09399994066918,64.78926432749086,0,0,,,,265.87919999999997,268.537992,263.22040799999996,,21.182313284230258,18.515679687774966,14.398814212339484,0,58.90979327663142,42.38208313634046,,,,,4.479097229479775,-4.254127172820148,-8.733224402299923,0.23255095832636272,58.90979327663142,,,,,58.90979327663142,,58.90979327663142,,-28.05927764781275,45.713585467131935,-22.856792733565968,0
2022-06-27,150.38,152.2,144.29,148.15,128.924,149.65223330629104,108.19576669370898,76.13771399480765,73.7324933955572,0,0,,,,265.32266666666663,267.9758933333333,262.66943999999995,,16.090458876629942,14.91266172318575,11.634951573363317,0,56.76505637337822,43.65514053027427,,,,,4.946264354238177,-2.550393959502202,-7.496658313740379,0.4199927395751529,56.76505637337822,,,,,,,,,-24.097408617537734,45.68868111734923,-22.844340558674617,0
2022-06-28,154.62,154.62,142.81,143.76,129.6165,151.33212504281295,107.90087495718706,74.34739468054826,75.52636953867501,0,0,,,,264.7305333333333,267.37783866666666,262.08322799999996,,10.024337603894029,10.911805209984827,8.72568495568078,0,54.01444673104951,44.580273084148466,,,,,4.767970365442837,-1.536695356936832,-6.304665722379669,0.5672007656733026,54.01444673104951,,,,,,,,,-23.65364520273073,45.661442765112014,-22.830721382556007,0
2022-06-29,141.65,144.22,139.35,143.03,130.38549999999998,152.8446606922446,107.92633930775538,69.69293508636504,73.39268125390697,0,0,,,,264.1329777777778,266.7743075555556,261.491648,,7.076015511536382,9.697780811516644,8.213961464743225,0,53.54977255087709,45.2697305752975,,,,,4.41716580148982,-0.7832084705173941,-5.200374272007214,0.7328616016631434,53.54977255087709,,,,,,,,,-24.83159395020807,45.63997975252193,-22.819989876260966,0
2022-06-30,141.75,142.98,136.13,139.06,131.031,153.70717066437888,108.35482933562112,65.1681090017447,69.73614625621931,0,0,,,,263.50657777777775,266.1416435555555,260.871512,,2.832211787325334,6.127557600873068,5.389735881468738,0,50.98114844516208,45.86148122928527,,,,,3.7597878609010573,-0.5006394458808927,-4.26042730678195,0.834973334841785,50.98114844516208,,,,,,,,,-26.1209712300392,45.62517728939183,-22.812588644695914,0
2022-07-01,140.085,146.6697,139.0101,144.53,131.3455,154.58046802235944,108.11053197764055,68.87501040160133,67.912018163237,0,0,,,,262.9289777777778,265.5582675555556,260.299688,,4.546276538030347,10.038029471889033,9.348283323497775,0,54.23822024887736,47.05118584848409,,,,,3.5385859344383683,0.16280511126601027,-3.375780823172358,0.8611343387476164,54.23822024887736,,,,,,,,,-25.74115675250241,45.60806995196974,-22.80403497598487,0
2022-07-05,142,155.6,140.05,154.9,132.59949999999998,157.97805667684923,107.2209433231507,76.96687747173958,70.33666562502852,0,0,,,,262.3913333333333,265.01524666666666,259.76741999999996,,9.240675049542691,16.81793671921843,16.955679158382186,0,59.704555517228194,48.89481610221378,,,,,3.907007853579963,1.5079789938025954,-2.3990288597773675,0.8643097865158121,59.704555517228194,,,,,,,,,-23.4088349085679,45.579068579862245,-22.789534289931122,0
2022-07-06,154.96,161.28,152.12,154,133.89600000000002,160.81886195782377,106.97313804217626,77.65598809494777,74.49929198942955,0,0,,,,261.8034222222222,264.4214564444444,259.185388,,6.248663267629406,15.014638226683385,15.911194964135245,0,59.04533999870008,50.660371066130246,,,,,3.897551358014613,2.472910337740899,-1.424641020273714,0.8528119832670656,59.04533999870008,,,,,,,,,-20.52872337969847,45.53765036451592,-22.76882518225796,0
2022-07-07,155.06,159.61,152.1601,159.07,135.2865,164.31171129983485,106.26128870016512,80.27039794709633,78.29775450459455,0,0,,,,261.21475555555554,263.8269031111111,258.602608,,7.397005009654767,17.580098531634714,19.122922194791347,0,61.61641985849072,52.15424576222393,,,,,4.023851863009,3.6051738084875353,-0.4186780545214641,0.8634902408580607,61.61641985849072,,,,,,,,,-17.62454225668972,45.48614892247141,-22.743074461235704,0
2022-07-08,156.27,164.78,153.1,159.68,136.49200000000002,167.40546735647806,105.57853264352198,81.88932676726674,79.93857093643693,0,0,,,,260.67035555555555,263.2770591111111,258.063652,,6.616100580219175,16.98854145297892,18.68942141880241,0,61.92612320686946,53.93065418863866,,,,,3.9348233917664737,4.499851185186628,0.5650277934201545,0.8505181792257362,61.92612320686946,,,,,61.92612320686946,,61.92612320686946,,-16.399364393279964,45.4312157569818,-22.7156078784909,0
2022-07-11,158.05,159.4,152.6,155.4,137.6005,169.53953159145615,105.66146840854385,79.06099820216141,80.40690763884147,0,0,,,,260.1254666666667,262.72672133333333,257.52421200000003,,3.4909894910694295,12.935636135043115,14.86408243013171,0,58.367591723533344,55.20197069035749,,,,,3.394461274898085,4.808104387042761,1.4136431121446758,0.8099484757525631,58.367591723533344,,,,,,,,,-15.785613721709387,45.374829655770654,-22.687414827885327,0
2022-07-12,157,159.8,144.1806,145.43,138.751,170.07156570370415,107.43043429629584,70.01791568206225,76.98941355049679,0,0,,,,259.5273777777778,262.1226515555556,256.93210400000004,,-2.972926090495398,4.8136590006558455,7.0035856710502165,0,51.013661737670105,55.79266358195883,,,,,2.228679476812505,4.199492458160307,1.9708129813478021,0.641615703418619,51.013661737670105,51.013661737670105,,51.013661737670105,,,,,,-17.902904675059606,45.32467184548039,-22.662335922740194,0
2022-07-13,142.45,154.29,141.28,149.6,140.566,169.9222670651438,111.20973293485619,68.13879243261249,72.40590210561204,0,0,,,,258.95026666666666,261.5397693333333,256.360764,,-0.5781883431913215,6.426874208556832,9.542766345376986,0,53.64438774284884,56.33936895408597,,,,,1.629311102190027,4.007451859085336,2.378140756895309,0.4650855204458521,53.64438774284884,,,,,,,,,-19.349639777465942,45.27943425977745,-22.639717129888727,0
2022-07-14,148.6,148.905,141.57,146.2,142.1825,168.92481169887975,115.44018830112024,61.61154337935358,66.58941716467609,0,0,,,,258.41484444444444,260.9989928888889,255.830696,,-3.0420394331076017,2.8255938670370684,6.57064131908498,0,51.22869614502601,56.07180096831012,,,,,0.929566324072332,3.5400986619857235,2.6105323379133916,0.2818345035292638,51.22869614502601,,,,,,,,,-20.651785691383775,45.23904217044285,-22.619521085221425,0
2022-07-15,146.81,150.22,143.24,147.95,143.453,168.71526046892976,118.19073953107025,56.57387801028345,62.10807127408316,0,0,,,,257.84377777777775,260.4222155555555,255.26533999999995,,-2.4565521242648436,3.1348246463998475,7.278035858441778,0,52.4164270579381,55.60798909554631,,,,,0.5301316373767739,3.273196884634359,2.743065247257585,0.2934478245674144,52.4164270579381,,,,,,,,,-19.844439468474715,45.195704418301965,-22.597852209150982,0
2022-07-18,150.5,154.54,145.8,146.47,145.0575,166.52041487659665,123.59458512340336,55.637528956996334,57.94098344887777,0,0,,,,257.2442222222222,259.8166644444444,254.67177999999998,,-3.5556726147362605,0.9737517880840318,5.994051538856748,0,51.279056275052625,55.2161319456659,,,,,0.13252519295518095,2.908721738451561,2.77619654549638,0.21185898678469903,51.279056275052625,,,,,,,,,-20.109661876835904,45.15339599698501,-22.576697998492506,0
2022-07-19,149,149.25,141.4265,146.46,146.4115,164.35167979285808,128.4713202071419,52.40206572380105,54.87115756369359,0,0,,,,256.634,259.20034000000004,254.06766000000002,,-3.0233204878629794,0.033125813204581966,5.563096882695628,0,51.270961047151346,55.02016868253032,,,,,-0.14958224370783801,2.5892187408615825,2.7388009845694206,0.0425314325504847,51.270961047151346,,,,,,,,,-19.771397070000802,45.10993881198724,-22.55496940599362,0
2022-07-20,147.94,158.54,147.0001,156.9,148.1295,162.89689580968934,133.36210419031067,60.35883010924613,56.13280826334782,0,0,,,,255.9746222222222,258.5343684444444,253.41487599999996,,3.6902905178567202,5.920832784826779,12.30995352033364,0,58.616180978358614,55.382054998779,,,,,0.32272691318032853,3.1422096260448313,2.819482712864503,0.04481106621063471,58.616180978358614,,,,,,,,,-17.850883518580627,45.06028103396015,-22.530140516980076,0
2022-07-21,155.47,161.3,154.48,157.73,149.648,161.52285174644578,137.7731482535542,64.82699071407092,59.1959621823727,0,0,,,,255.35248888888887,257.9060137777778,252.79896399999998,,4.331203450146193,5.400673580669291,12.195468933385456,0,59.14346039199192,55.96507728069542,,,,,0.6291072397664008,3.6058667625725036,2.976759522806103,-0.07338046641601752,59.14346039199192,,,,,59.14346039199192,,59.14346039199192,,-15.528070067690393,45.004495448034085,-22.502247724017042,0
2022-07-22,157.64,161.15,142.12,142.99,149.642,161.5301732827234,137.75382671727658,50.4768186505949,58.55421315797065,0,0,,,,254.6642222222222,257.21086444444444,252.11757999999998,,-4.362831325704097,-4.44527605886047,1.5320818846050965,0,47.55532677296922,55.48772774670198,,,,,-0.17964926119013658,2.7521979463184323,2.931847207508569,-0.42617816240105955,47.55532677296922,,,,,,,,,-15.903882451506723,44.94981959948293,-22.474909799741464,0
2022-07-25,141,142.95,136.84,140.26,149.0785,161.60646914907065,136.55053085092933,36.30216927313981,50.53532621260188,0,0,,,,253.93493333333333,256.4742826666667,251.39558399999999,,-5.229089385739083,-5.915339904815253,-0.5718336483931941,0,45.766753578771365,54.49217046538363,,,,,-0.8780959702173852,1.8342272447368373,2.7123232149542225,-0.5244238019326711,45.766753578771365,,,,,,,,,-18.689353792447292,44.903219109492305,-22.451609554746152,0
2022-07-26,137,137.44,129.78,130.12,148.17699999999996,163.19071786067965,133.16328213932027,26.621462935628976,37.80015028645457,0,0,,,,253.17537777777778,255.70713155555555,250.64362400000002,,-11.161482371576014,-12.186101756682866,-7.927447696770984,0,39.781905626246576,53.11621086735124,,,,,-1.9416764386557004,0.2852276666345972,2.2269041052902976,-0.6410931870272152,39.781905626246576,39.781905626246576,,39.781905626246576,,,,,,-23.414543588411778,44.874664034390605,-22.437332017195303,0
2022-07-27,136.43,142.6499,133.79,141.3,148.05399999999997,163.2496525361727,132.85834746382724,30.320943208737553,31.08152513916878,0,0,,,,252.4394222222222,254.9638164444444,249.91502799999998,,-2.9786182177727882,-4.5618490550744735,-0.6724933805093758,0,47.87537116113161,52.134707388968444,,,,,-1.8133429620804769,-0.03977459731029853,1.7735683647701783,-0.6046093402946994,47.87537116113161,,,,,,,,,-23.341040287538593,44.8457183904686,-22.4228591952343,0
2022-07-28,140.22,143.28,134.32,143.28,148.06649999999996,163.24600364801466,132.88699635198526,33.546001916755486,30.16280268704067,0,0,,,,251.69844444444445,254.2154288888889,249.18146,,-1.4214357464257366,-3.232669104760333,0.03002017635109766,0,49.17813642365451,51.22413690445309,,,,,-1.5276579005945512,-0.13600401097301074,1.3916538896215405,-0.5078430942395016,49.17813642365451,,,,,,,,,-22.396669038869096,44.8127209356977,-22.40636046784885,0
2022-07-29,145,149.97,142.05,149.91,148.60899999999995,163.2273581841498,133.9906418158501,47.63354664778095,37.166830591091326,0,0,,,,250.97586666666666,253.48562533333333,248.466108,,3.0011955311868954,0.8754516886595232,3.9963186325292277,0,53.379880515499515,50.867871818164964,,,,,-0.85809001896761,0.31904136591202814,1.177131384879638,-0.29568168689558827,53.379880515499515,,,,,,,,,-18.409860269826094,44.76549083206712,-22.38274541603356,0
2022-08-01,146.65,153.85,143.38,150.98,148.93149999999997,163.45999100905087,134.40300899094908,54.107847029676975,45.095798531404476,0,0,,,,250.23311111111113,252.73544222222225,247.73078,,3.415917201509666,1.3754645592101156,3.8595944123932524,0,54.040286885717336,51.08405932873977,,,,,-0.33588212758493907,0.7572787253984643,1.0931608529834034,-0.21820252198813114,54.040286885717336,,,,,,,,,-16.315899688058447,44.71259312588298,-22.35629656294149,0
2022-08-02,143.12,156.65,143.04,153.37,148.85499999999996,163.27266624666063,134.4373337533393,59.991789853382954,53.91106117694696,0,0,,,,249.49266666666668,251.98759333333334,246.99774000000002,,4.558097679365192,3.033153068422312,4.6877524134996795,0,55.55476123401788,51.22051457810898,,,,,0.15159323572618089,1.2826523976411295,1.1310591619149486,-0.03622237069461542,55.55476123401788,,,,,,,,,-14.132104139823468,44.655064279333914,-22.327532139666957,0
2022-08-03,155.4,163.25,155.4,162.37,149.27349999999996,164.7138811805307,133.8331188194692,72.45103222008464,62.18355636771486,0,0,,,,248.79857777777778,251.28656355555555,246.310592,,10.282481270928034,8.773492950858696,9.83562199824124,0,60.79398136926551,51.90374923698323,,,,,1.0132339054497144,2.3976015437270917,1.3843676382773773,0.1854503843372967,60.79398136926551,,,,,,,,,-11.48728614051975,44.59360164264789,-22.296800821323945,0
2022-08-04,156.775,161.59,154.6109,160.76,149.358,165.02868805126417,133.68731194873584,73.57371389149532,68.67217865498763,0,0,,,,248.09773333333337,250.5787106666667,245.61675600000004,,8.964713218647935,7.634006882791677,7.933666047490107,0,59.44403129540927,52.40572096823117,,,,,1.3848107346132832,3.1153810565439812,1.730570321930698,0.34391370661489645,59.44403129540927,,,,,,,,,-9.373314257215698,44.530380467824564,-22.265190233912282,0
2022-08-05,155.94,168.4099,155.79,165.53,149.6505,166.27055472313637,133.03044527686362,78.84750779932538,74.95741797030178,0,0,,,,247.41453333333334,249.88867866666666,244.940388,,10.509520121772109,10.61105709636787,10.581376705739842,0,62.12727928450359,53.18059404033481,,,,,1.8337468026159183,4.022753825200596,2.1890070225846774,0.4774868197851118,62.12727928450359,,,,,,,,,-6.845770428981567,44.46653897976675,-22.233269489883376,0
2022-08-08,166.17,175.8,166.17,170.85,150.42299999999997,169.32039675193587,131.52560324806407,82.72582701335593,78.38234956805887,0,0,,,,246.7335111111111,249.20084622222222,244.266176,,11.778445111778456,13.579705231247896,13.646442160158244,0,64.91533414201393,54.15519211853928,,,,,2.3385564075166814,5.112202531980529,2.7736461244638475,0.594360186674892,64.91533414201393,,,,,64.91533414201393,,64.91533414201393,,-4.992431046366218,44.403362837657134,-22.201681418828567,0
2022-08-09,168.06,169.19,159,160.55,151.17899999999997,170.42349729143564,131.9345027085643,75.0321131499708,78.86848265421737,0,0,,,,246.0092,248.469292,243.549108,,2.989287317980671,6.198612241118173,6.502242152466398,0,56.27724099142885,53.98812497661573,,,,,1.8497615573217479,5.0858480711160325,3.2360865137942847,0.7359136859225606,56.27724099142885,,,,,,,,,-4.661841523653362,44.34061702642394,-22.17030851321197,0
2022-08-10,169.52,174.97,168.62,174.4,152.41899999999998,174.13407761902036,130.7039223809796,81.54779602095525,79.76857872809398,0,0,,,,245.34964444444444,247.8031408888889,242.89614799999998,,9.547738693467345,14.421430399097247,14.911224929059053,0,63.341171256648366,54.287961466948325,,,,,2.300798718171489,6.112084911508646,3.811286193337157,0.9218451051761508,63.341171256648366,,,,,,,,,-2.5637624812250217,44.2798108431258,-22.1399054215629,0
2022-08-11,178.91,179.95,167.24,167.88,153.503,176.0178325332451,130.98816746675487,78.7798263817687,78.45324518423158,0,0,,,,244.71768888888892,247.1648657777778,242.27051200000002,,3.84758134356058,9.365940730800059,10.014788343203197,0,58.54585246964091,55.07299901671059,,,,,2.012050465048728,6.3263492746480665,4.314298809599339,0.9331158310677778,58.54585246964091,,,,,,,,,-2.758129087846721,44.21905211602725,-22.109526058013625,0
2022-08-12,166.19,169.55,163.51,168.68,154.5395,177.83159005220529,131.24740994779472,76.36859439390693,78.89873893221029,0,0,,,,244.07062222222223,246.51132844444444,241.629916,,3.144854069721248,9.150087841619792,9.828433766318367,0,58.956437881070244,56.01511932401765,,,,,1.73731513617515,6.485942729818277,4.748627593643127,0.9201951531705769,58.956437881070244,,,,,,,,,-0.8529599704261889,44.160925742390965,-22.080462871195483,0
2022-08-15,167.8,171.67,166.61,170.44,155.738,179.70292570403768,131.77307429596232,77.85275713197203,77.66705930254922,0,0,,,,243.42764444444444,245.86192088888887,240.993368,,2.995473855320485,9.440213692226695,10.353817665416386,0,59.897491627505886,57.451946895536175,,,,,1.5430701813105614,6.677465320281328,5.134395138970767,0.9094021793139611,59.897491627505886,,,,,,,,,-1.2202219591692183,44.102497143742426,-22.051248571871213,0
2022-08-16,162,167.49,158.74,167.35,156.78249999999997,180.85956782397045,132.7054321760295,73.08558726215844,75.76897959601247,0,0,,,,242.74253333333337,245.1699586666667,240.31510800000004,,0.28103858438048857,6.74022929855056,8.062790712691426,0,57.40876012716921,58.13290325025315,,,,,1.096425036435841,6.504926434515568,5.408501398079727,0.8563825950937616,57.40876012716921,,,,,,,,,-0.9446268402062232,44.04469072436437,-22.022345362182186,0
2022-08-17,164.09,166.47,157.07,161.29,157.002,181.15926027512302,132.844739724877,62.49888333733779,71.1457425771561,0,0,,,,242.05284444444447,244.47337288888892,239.63231600000003,,-3.2877024458395576,2.731175399039487,3.9865039112868983,0,52.777324739811405,58.38998812997864,,,,,0.32295678282698237,5.8121973766134545,5.489240593786472,0.6989105049017734,52.777324739811405,,,,,,,,,-2.1105748689186496,43.985589329055706,-21.992794664527853,0
2022-08-18,162.32,162.8,159.45,161.75,157.203,181.44788242908226,132.95811757091775,58.82114569096217,64.80187209681947,0,0,,,,241.38862222222224,243.80250844444447,238.974736,,-3.0694184764370247,2.89243843946998,4.223046985747092,0,53.086712551238065,58.369047561102825,,,,,-0.19945629551512756,5.239920224392563,5.43937651990769,0.5017088312567953,53.086712551238065,,,,,,,,,-3.5677145856953074,43.92531698693409,-21.962658493467046,0
2022-08-19,159.65,159.88,151.6253,153.94,157.7505,181.1672217816679,134.33377821833207,48.07443355011069,56.464820859470215,0,0,,,,240.74835555555555,243.1558391111111,238.340872,,-7.104451672469891,-2.4155232471529398,-0.6868610407428366,0,47.407623439615364,57.89528588638125,,,,,-1.0644445754624092,4.108820800579679,5.173265376042088,0.05038585598556305,47.407623439615364,,,,,,,,,-5.935275025635221,43.86415970905001,-21.932079854525004,0
2022-08-22,149.95,153.9,147.73,151.61,158.318,180.53088508951535,136.10511491048467,41.972895653073806,49.62282496471554,0,0,,,,240.11639999999997,242.51756399999996,237.71523599999998,,-7.435786286014312,-4.237041903005345,-2.1102585900760307,0,45.83235491968579,57.20082829250038,,,,,-1.7466613578077892,2.9899386787823516,4.736600036590141,-0.41820322719858644,45.83235491968579,45.83235491968579,,45.83235491968579,,,,,,-7.560990442993798,43.80330289201761,-21.901651446008806,0
2022-08-23,151.5,158.9,151,153.07,159.4655,177.7583428353838,141.1726571646162,34.559609602880144,41.535646268688204,0,0,,,,239.45257777777778,241.84710355555555,237.058052,,-6.115639624388958,-4.010585361724006,-1.329826664861733,0,47.02030310131758,56.21699413050411,,,,,-2.032707634871617,2.1957154930006197,4.228423127872237,-0.6003066677136162,47.02030310131758,,,,,,,,,-8.989322111318211,43.743288812036845,-21.871644406018422,0
2022-08-24,153.19,161.98,153.19,159.49,160.375,176.66371940945763,144.08628059054237,38.30072037176272,38.27774187590555,0,0,,,,238.81155555555554,241.1996711111111,236.42344,,-1.2751470133085752,-0.5518316445830007,2.590546926593329,0,52.00480907908327,55.68562111505225,,,,,-1.7342783314003922,2.060575213621746,3.7948535450221383,-0.7145078455606679,52.00480907908327,,,,,,,,,-7.623312036295836,43.682948584186256,-21.841474292093128,0
2022-08-25,191.25,196.99,184.1201,196.28,163.025,183.92041528661147,142.12958471338854,64.7614790865383,45.87393635372704,0,0,,,,238.37422222222222,240.75796444444444,235.99048,,19.398990206216915,20.39871185401012,24.914084973143623,0,69.6352148411722,56.22190222624293,,,,,0.8569400068257185,4.866028553554287,4.009088546728568,-0.07519396823296526,69.6352148411722,,,,,,,,,1.3862701941585993,43.630868721616224,-21.815434360808112,0
2022-08-26,196,205.66,194.83,197.71,165.41500000000002,190.31438111680595,140.5156188831941,71.02317626680359,58.028458575034854,0,0,,,,237.91835555555554,240.2975391111111,235.53917199999998,,18.18187252305834,19.52362240425596,24.509836850192723,0,70.09504627051626,56.59188166399309,,,,,2.4908524140468744,7.122654064287161,4.631801650240287,0.2619602118714441,70.09504627051626,,,,,70.09504627051626,,70.09504627051626,,10.222464412579884,43.60658203621041,-21.803291018105206,0
2022-08-29,194,196.8,183.29,186.43,167.1875,192.76218191395478,141.61281808604522,69.0438101917154,68.27615518168575,0,0,,,,237.37084444444443,239.74455288888888,234.99713599999998,,10.384150818274417,11.509532710280368,16.429487392998745,0,62.105595662438816,57.008192711922376,,,,,2.622291957891358,7.909666597604485,5.287374639713127,0.33783217110205815,62.105595662438816,,,,,,,,,15.516016264444048,43.60803033844654,-21.80401516922327,0
2022-08-30,188.83,191.11,180.2756,184.74,168.756,194.59505911599663,142.91694088400337,69.5753126601019,69.88076637287362,0,0,,,,236.76946666666663,239.1371613333333,234.40177199999997,,8.268720220827387,9.471663229751837,14.461912118233155,0,60.9840723642914,56.83982850532545,,,,,2.411155002830135,8.301318393250796,5.8901633904206605,0.4914910993322858,60.9840723642914,,,,,,,,,13.221556285714941,43.59715714534784,-21.79857857267392,0
2022-08-31,187.27,188.799,180.136,180.95,169.685,195.87254169447664,143.49745830552337,65.09142092084616,67.90351459088781,0,0,,,,236.18026666666665,238.54206933333333,233.81846399999998,,4.839597443756238,6.638771841942415,11.559573449294213,0,58.43553063402723,56.831948374210185,,,,,1.8568532791409833,8.21122998934689,6.354376710205907,0.5476197153494912,58.43553063402723,,,,,,,,,10.245430306259236,43.57256633660587,-21.786283168302933,0
2022-09-01,178.06,178.17,165.89,173.15,170.3045,196.20280764741145,144.40619235258853,58.89854788783491,64.52176048959431,0,0,,,,235.57297777777777,237.92870755555555,233.21724799999998,,-0.33786700587671303,1.6708307766383212,6.413489489760216,0,53.48191450640308,56.44091099030539,,,,,0.8563789628433636,7.424850413760112,6.568471450916748,0.5440923687521456,53.48191450640308,,,,,,,,,8.323242935698689,43.54039158879076,-21.77019579439538,0
2022-09-02,175,178.42,170.39,171.49,170.6025,196.41120076156426,144.79379923843572,52.253609756644714,58.74785952177525,0,0,,,,234.94431111111112,237.29375422222222,232.59486800000002,,-2.280445832288658,0.5202151199425575,4.781534563629264,0,52.4626342341874,55.9098497479255,,,,,0.01858742112049061,6.591705727317361,6.5731183061968705,0.5380425106838388,52.4626342341874,,,,,,,,,6.467994417635233,43.50187035043669,-21.750935175218345,0
2022-09-06,170,174.2,168.46,169.8,170.55,196.36074504929965,144.73925495070037,46.9618339120453,52.70466385217497,0,0,,,,234.24186666666668,236.58428533333336,231.899448,,-4.2360598045242615,-0.4397537379067673,3.1284732977425067,0,51.38884552186372,55.47985584754654,,,,,-0.6752761865931429,5.729023072955442,6.404299259548585,0.49171957717032844,51.38884552186372,51.38884552186372,,51.38884552186372,,,,,,4.794217886533394,43.45843987401537,-21.729219937007684,0
2022-09-07,170.75,178.22,167.79,177.76,171.41049999999998,196.97667959336096,145.844320406639,48.04614825170971,49.0871973067999,0,0,,,,233.55582222222225,235.89138044444448,231.22026400000001,,-1.1235955056180025,3.7042654913205464,6.931669844860067,0,55.96096510086581,55.707258730479,,,,,-0.6251755298815782,5.622829847196613,6.248005377078191,0.4549120119206461,55.96096510086581,,,,,,,,,5.922792402734697,43.41838045610696,-21.70919022805348,0
2022-09-08,175.3,182.27,174.3501,179.48,171.66449999999998,197.44448097361578,145.88451902638417,54.476295896639066,49.828092686798016,0,0,,,,232.87097777777782,235.1996875555556,230.54226800000004,,-1.264722547709063,4.552775908822149,7.14605525253269,0,56.90419318527351,55.97993591862439,,,,,-0.5081961651530298,5.6127601706369035,6.120956335789933,0.41570906408028285,56.90419318527351,,,,,,,,,7.686949644589954,43.38410746802253,-21.692053734011264,0
2022-09-09,181.11,189.19,181.01,188.19,172.67999999999998,199.36775749290314,145.99224250709682,60.55390370204839,54.35878261679904,0,0,,,,232.20568888888891,234.5277457777778,229.88363200000003,,3.9896115378239116,8.981931897150819,11.350637055737444,0,61.41144514561679,56.98020889762449,,,,,0.09181297844973635,6.235722558852103,6.143909580402367,0.3629816896269272,61.41144514561679,,,,,,,,,11.535195254875648,43.36491359905446,-21.68245679952723,0
2022-09-12,190,195.34,188.265,195.21,174.0065,202.3528960848634,145.66010391513657,67.15775741307161,60.72931900391967,0,0,,,,231.5633333333334,233.8789666666667,229.24770000000007,,8.017928286852571,12.185464336102392,14.481477861401615,0,64.62290589141715,58.32239110989102,,,,,0.8550612466316228,7.212736138691895,6.357674892060272,0.30459974929942335,64.62290589141715,,,,,64.62290589141715,,64.62290589141715,,15.139291523405769,43.36292757211727,-21.681463786058636,0
2022-09-13,183,190.16,179.93,187.43,174.85599999999997,203.73723363016177,145.97476636983816,64.1966419581136,63.96943435774452,0,0,,,,230.91133333333337,233.2204466666667,228.60222000000005,,3.6555690742174463,7.191060072288069,9.141198963499274,0,58.78401307703892,59.16265610815683,,,,,0.7341636181626781,7.27537941476362,6.541215796600942,0.12230237654173519,58.78401307703892,,,,,,,,,16.719941419243742,43.36921200200774,-21.68460600100387,0
2022-09-14,187.8,199.36,185.1101,197.98,176.3875,206.72591714724015,146.04908285275982,69.4376283522288,66.93067590780466,0,0,,,,230.2710222222223,232.57373244444454,227.96831200000008,,8.694219957835525,12.241513712706409,14.29484120264175,0,63.588432767634835,59.99005780019622,,,,,1.2335425942695757,8.083144039437911,6.849601445168336,0.01603561318869876,63.588432767634835,,,,,,,,,18.61736356504601,43.386142752528805,-21.693071376264403,0
2022-09-15,194.6,203.62,193.71,196.49,178.14749999999998,208.8601090555653,147.43489094443467,66.65184292112576,66.7620377438227,0,0,,,,229.6341777777778,231.93051955555558,227.33783600000004,,6.963603305425203,10.29624328155041,12.694716556929485,0,62.4806884446814,59.47902020044688,,,,,1.3243444928006713,8.505032061169175,7.180687568368503,0.32267089565891893,62.4806884446814,,,,,,,,,18.834970503736148,43.40389522668484,-21.70194761334242,0
2022-09-16,192.67,193.66,182.06,184.67,179.29349999999997,209.17232345407862,149.4146765459213,54.686470768136346,63.59198068049695,0,0,,,,228.93715555555562,231.22652711111118,226.64778400000006,,-0.09737625101435832,2.998714398458402,5.433535252036781,0,54.38657944295512,58.35698685562108,,,,,0.4920432927737082,7.795741684335638,7.30369839156193,0.545462559329872,54.38657944295512,,,,,,,,,18.26257303605082,43.41774130237612,-21.70887065118806,0
2022-09-19,183,188,181.32,187.7,180.98149999999995,208.6748308036431,153.28816919635682,59.24917872651889,60.19583080526032,0,0,,,,228.2503111111112,230.5328142222223,225.96780800000008,,0.6590837181116305,3.712257882711789,6.713210379096268,0,55.961524312470885,57.91812461633766,,,,,0.07136039976524522,7.392898891268487,7.321538491503242,0.6337829975485006,55.961524312470885,,,,,,,,,16.32420379206776,43.42024538157918,-21.71012269078959,0
2022-09-20,185.55,189.39,182.6268,182.74,182.53799999999995,206.7312069804732,158.34479301952672,53.49969433281052,55.81178127582189,0,0,,,,227.51982222222227,229.7950204444445,225.24462400000004,,-2.676217612441101,0.11066188957917777,3.6597241261947744,0,52.75064333869591,57.33002254308083,,,,,-0.5793409990676723,6.597362242668652,7.176703241736324,0.6302289364653583,52.75064333869591,,,,,,,,,13.690339136970215,43.409154174303886,-21.704577087151943,0
2022-09-21,183.2,188.91,178.68,178.72,183.82049999999995,204.01888753465255,163.62211246534736,47.31585287540312,53.354908644910815,0,0,,,,226.76746666666673,229.0351413333334,224.49979200000007,,-4.865831652125796,-2.7747177273481194,1.0322566056508276,0,50.23488377169538,56.74426205291428,,,,,-1.2787936592783726,5.578211167638358,6.8570048269167305,0.5159366984466455,50.23488377169538,,,,,,,,,12.719241028184362,43.39343019305092,-21.69671509652546,0
2022-09-22,178.84,182.015,170.8494,171.79,184.43549999999996,202.24038413329362,166.6306158667063,40.73004686979673,47.181864692670096,0,0,,,,225.9583555555556,228.21793911111118,223.69877200000005,,-8.178863874457509,-6.856326466434048,-2.837557336530794,0,46.14891768802582,56.22047656588733,,,,,-2.154930973699341,4.163341109792555,6.3182720834918955,0.19984167108263104,46.14891768802582,,,,,,,,,9.632029684865964,43.36500344878365,-21.682501724391827,0
2022-09-23,170,174.74,167.14,172.13,183.22799999999998,200.93134160547046,165.5246583945295,29.62978538480413,39.225228376667964,0,0,,,,225.13346666666672,227.3848013333334,222.88213200000004,,-7.20054343724057,-6.056934529657032,-2.723200325518138,0,46.37935444768182,55.78595658113693,,,,,-2.627016301117366,3.0345017070951883,5.661518008212554,-0.1277118777386691,46.37935444768182,,,,,,,,,7.630074508752475,43.329669324229485,-21.664834662114743,0
2022-09-26,171.25,176.91,164.25,165.11,181.59799999999998,199.66696300289428,163.5290369971057,22.966311704198844,31.108714652933205,0,0,,,,224.2688888888889,226.5115777777778,222.02620000000002,,-9.516867971678488,-9.07939514752364,-6.627658631941468,0,42.34984628243612,55.14031377832067,,,,,-3.2848126820794175,1.5555021556132829,4.8403148376927,-0.5389945125503965,42.34984628243612,42.34984628243612,,42.34984628243612,,,,,,4.988629276169314,43.286798388804996,-21.643399194402498,0
2022-09-27,170.3,174.78,165.5,169.86,180.76949999999997,199.38745528515426,162.15154471484567,25.317768665219674,25.971288584740858,0,0,,,,223.45431111111114,225.68885422222226,221.21976800000002,,-6.008776055644416,-6.035033564843606,-3.9309542617230187,0,45.782336583352425,54.41326888421258,,,,,-3.265905724649234,0.757932681881158,4.023838406530392,-0.7378419455660445,45.782336583352425,,,,,,,,,4.827827359509364,43.243631768231815,-21.621815884115907,0
2022-09-28,170.48,174.96,168.64,173.84,180.22449999999998,198.9832520640365,161.46574793596346,30.62328786139414,26.302456076937528,0,0,,,,222.64120000000003,224.86761200000004,220.41478800000002,,-2.504136171167415,-3.542526127135859,-1.800105445507283,0,48.54670659541555,53.81630555636558,,,,,-2.865541299956116,0.44191178158524735,3.307453081541363,-0.8624394898992606,48.54670659541555,,,,,,,,,5.481978408737834,43.20226075125614,-21.60113037562807,0
2022-09-29,170.38,173.33,166.08,170.34,179.694,198.93459396172557,160.4534060382744,28.19653919427168,28.04586524029514,0,0,,,,221.77693333333337,223.9947026666667,219.55916400000004,,-3.0451363196539627,-5.20551604394136,-3.940900589302332,0,46.310536458019044,52.73766922153716,,,,,-2.717899466649131,-0.0899212517700505,2.6279782148790805,-0.8945051995380908,46.310536458019044,,,,,,,,,6.883385735501037,43.16492109855797,-21.582460549278984,0
2022-09-30,168.7,178.46,168.41,169.96,179.53449999999998,199.04050058956165,160.02849941043831,30.000044191900038,29.60662374918859,0,0,,,,220.88462222222225,223.09346844444448,218.675776,,-2.444624294709574,-5.33295828935384,-4.302879472078014,0,46.06245608996419,51.41192280714767,,,,,-2.531093132671164,-0.5358882009598744,1.9952049317112894,-0.871987344954205,46.06245608996419,,,,,,,,,7.154596415716278,43.12845832337734,-21.56422916168867,0
2022-10-03,170.81,174.65,161.77,172.51,179.5855,199.01227479665565,160.15872520334435,29.60994370544806,29.268842363873233,0,0,,,,219.97711111111113,222.17688222222225,217.77734,,-0.11001737116391741,-3.939906061458198,-3.2044484095589243,0,48.072703740923444,50.646829283139425,,,,,-2.1367773169024225,-0.6757667144167385,1.461010602485684,-0.8515824877885778,48.072703740923444,,,,,,,,,7.098809923073895,43.09188621458105,-21.545943107290526,0
2022-10-04,180,184.02,178.04,183.81,180.286,199.25584069516523,161.31615930483477,41.88760799017147,33.83253196250649,0,0,,,,219.18924444444445,221.3811368888889,216.997352,,6.367218920529805,1.9546720211220059,2.518577460153981,0,55.91391073744222,50.098649138125666,,,,,-1.069794558577153,0.12376740426424249,1.1935619628413956,-0.6096118590405945,55.91391073744222,,,,,,,,,10.078520757234074,43.06532576434462,-21.53266288217231,0
2022-10-05,180.52,186.54,176.28,185.35,180.6655,199.72150847501788,161.60949152498213,48.7137497690137,40.070433821544384,0,0,,,,218.37240000000003,220.55612400000004,216.18867600000002,,6.848446417247889,2.5929134228726447,2.7608013882549187,0,56.86977428539678,49.69786955531963,,,,,-0.25755231234271236,0.8716215724130052,1.1291738847557176,-0.23374722769790493,56.86977428539678,,,,,,,,,13.459014372670216,43.052520010745255,-21.526260005372627,0
2022-10-06,185.05,189.75,182.71,188.91,181.137,200.51625395880816,161.75774604119184,56.482798940164145,49.02805223311642,0,0,,,,217.49422222222225,219.66916444444448,215.31928000000002,,7.836421550159223,4.291227082263704,4.168160087344441,0,59.07858706090501,50.03301295660176,,,,,0.48194313007170253,1.7316027973453458,1.2496596672736433,0.1240781785744752,59.07858706090501,,,,,59.07858706090501,,59.07858706090501,,17.039111804166335,43.05702299767288,-21.52851149883644,0
2022-10-07,183.24,183.435,174.535,175.1,180.4825,199.74858717409916,161.21641282590082,56.87354147688387,54.023363395353876,0,0,,,,216.52266666666665,218.6878933333333,214.35744,,-0.21598025974620683,-2.982283600903135,-3.0695563121038383,0,48.66654223393886,49.51194280813518,,,,,0.027465445748569906,1.2839914744593557,1.2565260287107858,0.32755464008131047,48.66654223393886,,,,,,,,,15.390345204094887,43.05282783539667,-21.526413917698335,0
2022-10-10,176.14,176.73,157,159.05,178.67449999999997,198.83875597437248,158.51024402562746,40.65091966490386,51.33575336065061,0,0,,,,215.44337777777778,217.59781155555555,213.28894400000001,,-9.048280752317417,-10.983380392837228,-11.321782150616356,0,39.87155614728711,48.592008008748834,,,,,-1.2945611583674848,-0.36167541924857005,0.9328857391189146,0.15960375787573633,39.87155614728711,,,,,,,,,10.035852063063556,43.0257391054342,-21.5128695527171,0
2022-10-11,157.66,158.4,145.75,153.53,176.97949999999997,199.47888974728,154.48011025271995,33.51582790514541,43.680096348977685,0,0,,,,214.35684444444445,216.5004128888889,212.213276,,-11.377280073885975,-13.249839670696307,-13.87283345082736,0,37.37018228880282,47.673100759970794,,,,,-2.4160972323183603,-2.0872358012790357,0.3288614310393244,-0.05538539962233096,37.37018228880282,37.37018228880282,,37.37018228880282,,,,,,2.7631645782698935,42.97875437417506,-21.48937718708753,0
2022-10-12,154.45,159.2,147.88,158.53,175.00699999999998,196.69875244188455,153.3152475581154,32.08572219177983,35.417489920609675,0,0,,,,213.29506666666666,215.42801733333332,211.162116,,-7.675194660734164,-9.415051969349786,-10.629925698758635,0,40.98191924487496,47.30402944260288,,,,,-2.6763083541812045,-3.0165240116871814,-0.3402156575059768,-0.21790399069066943,40.98191924487496,,,,,,,,,-0.5343715314715376,42.92702183594758,-21.46351091797379,0
2022-10-13,148.7,158.12,145.62,156.25,172.99499999999998,193.78924680049778,152.20075319950217,27.405177006286173,31.002242367737107,0,0,,,,212.24662222222224,214.36908844444446,210.12415600000003,,-8.250146799765146,-9.679470504927878,-11.504508314328433,0,39.85329664310434,46.83788245656162,,,,,-2.8415097302178784,-3.8921028202783248,-1.0505930900604463,-0.35612201367294694,39.85329664310434,,,,,,,,,-0.9350557659070792,42.87505563821816,-21.43752781910908,0
2022-10-14,159.35,163.86,152,152.38,171.38049999999998,193.28275511220232,149.47824488779764,24.977351935913738,28.15608371132655,0,0,,,,211.34182222222225,213.45524044444448,209.228404,,-9.589301183087917,-11.08673390496584,-13.35662069213871,0,37.943217314445306,46.523123244562285,,,,,-3.033494419117789,-4.8424611139576825,-1.8089666948398935,-0.5647922663658633,37.943217314445306,,,,,,,,,-0.9882425496420434,42.823224649598636,-21.411612324799318,0
2022-10-17,158.5,168.48,156.69,167.54,170.3725,190.99601073411011,149.7489892658899,35.89433086205363,29.42561993475115,0,0,,,,210.55946666666668,212.66506133333334,208.45387200000002,,-0.30051474307478676,-1.662533566156521,-4.6652605383751595,0,48.38022852499495,46.70868695467961,,,,,-2.010838125165437,-4.3225143512966895,-2.3116762261312527,-0.5744292325957148,48.38022852499495,,,,,,,,,1.0559875379042865,42.774072096419054,-21.387036048209527,0
2022-10-18,174.8,178.46,171.42,173.17,169.89399999999998,189.77835405035776,150.0096459496422,44.60158957082095,35.157757456262736,0,0,,,,209.74973333333338,211.84723066666672,207.65223600000004,,3.7064097112844863,1.928261151070676,-1.524586155324681,0,51.63353598444735,46.92917476818188,,,,,-0.8840769568002331,-3.416772422131544,-2.5326954653313107,-0.47909983002629475,51.63353598444735,,,,,,,,,4.744485464682058,42.73202983250534,-21.36601491625267,0
2022-10-19,169.78,174.3199,168.21,171.04,169.51,188.99026488526178,150.0297351147382,48.101595630330216,42.8658386877349,0,0,,,,208.89835555555558,210.98733911111114,206.80937200000002,,3.316218665055848,0.9026016164238149,-2.6117852038695544,0,50.340871975096015,47.21705587654452,,,,,-0.24434163334005143,-2.838122507006375,-2.5937808736663235,-0.44347573629135795,50.340871975096015,,,,,,,,,8.757003653962748,42.70121690735776,-21.35060845367888,0
2022-10-20,171.8,179.95,171.01,174.04,169.6225,189.17996903359347,150.06503096640654,53.96302929602335,48.88873816572481,0,0,,,,208.05062222222224,210.13112844444447,205.97011600000002,,6.081200514436502,2.604312517502083,-0.8011977117321933,0,52.15761276122805,47.65242421020623,,,,,0.3845408624161717,-2.113104795646109,-2.4976456580622806,-0.3811898360906477,52.15761276122805,,,,,,,,,10.178152086996667,42.67524009271498,-21.33762004635749,0
2022-10-21,171.75,177.52,166.72,177.1,169.871,189.67435012062174,150.06764987937828,58.93817142709153,53.66759878448167,0,0,,,,207.32595555555557,209.39921511111112,205.25269600000001,,7.814906582736203,4.255582177063766,1.1560693641618602,0,54.00594661054751,48.07622727232223,,,,,0.976606569834142,-1.276887445769603,-2.253494015603745,-0.26458287211450265,54.00594661054751,,,,,,,,,11.03846776162984,42.65237229419217,-21.326186147096085,0
2022-10-24,178,178.05,169.76,174.77,170.35399999999998,190.14051399312083,150.56748600687914,59.60578026346343,57.50232699552607,0,0,,,,206.72048888888892,208.7876937777778,204.65328400000004,,5.387885548888938,2.5922490813247823,0.2152206489495212,0,52.34756957293632,47.82148861771466,,,,,1.168356072959326,-0.7930489244045873,-1.9614049973639134,-0.05705208150705884,52.34756957293632,,,,,,,,,11.876113916977124,42.63265552827309,-21.316327764136545,0
2022-10-25,177.25,183.46,176.21,181.82,170.952,191.355939423551,150.548060576449,65.72319727055961,61.42238298703819,0,0,,,,205.92733333333337,207.9866066666667,203.86806000000004,,7.8001233221078214,6.357340072067008,4.369689049276437,0,56.68196310121854,47.8080735331305,,,,,1.6950900756278424,0.15745759717088958,-1.5376324784569528,0.2779092116818228,56.68196310121854,,,,,56.68196310121854,,56.68196310121854,,13.577197360222081,42.61982891448099,-21.309914457240495,0
2022-10-26,169.8,179.58,167.78,169.45,170.73250000000002,191.10186707411214,150.3631329258879,57.90919833373472,61.079391955919256,0,0,,,,205.14662222222225,207.19808844444447,203.09515600000003,,-0.18025872428664158,-0.7511750838299802,-2.1971256517305804,0,48.36867649575754,47.043079921334254,,,,,1.1609711215725242,-0.08641857649129747,-1.2473896980638217,0.620495164738927,48.36867649575754,,,,,,,,,12.00219054352849,42.6004248781536,-21.3002124390768,0
2022-10-27,171.64,175.18,168.1,169.11,170.671,191.0521598296066,150.28984017039338,61.2129074058692,61.61510100338785,0,0,,,,204.37973333333338,206.42353066666672,202.33593600000003,,-1.12954712877541,-0.9146252145941447,-1.8764795989416605,0,48.1596002733378,47.00686978129132,,,,,0.7550098922412032,-0.3036273327623178,-1.058637225003521,0.7710078447077034,48.1596002733378,,,,,,,,,10.838776891146031,42.5765741037411,-21.28828705187055,0
2022-10-28,162.64,164.3,155.03,159.69,170.1575,191.09436497544385,149.22063502455615,50.79915304396933,56.640419594524424,0,0,,,,203.47502222222224,205.50977244444445,201.44027200000002,,-7.03428361849654,-6.151653615033137,-6.89245025595977,0,42.65790387355476,47.20589461888187,,,,,-0.13052860733179283,-1.221797984168262,-1.0912693768364692,0.5636956030457818,42.65790387355476,,,,,,,,,6.179211892491206,42.538370450862566,-21.269185225431283,0
2022-10-31,159.25,161.88,155.85,160.3,169.54699999999997,190.8821513704498,148.21184862955013,46.65706077483681,52.88970707489178,0,0,,,,202.5417777777778,204.5671955555556,200.51636000000002,,-6.284164186870445,-5.453944923826404,-6.036413088078407,0,43.111119370589506,47.61596155329521,,,,,-0.6298467883154864,-1.8785778622308271,-1.2487310739153408,0.29705203437619826,43.111119370589506,,,,,,,,,4.297770418805823,42.49590212117785,-21.247951060588925,0
2022-11-01,164.74,167.41,158.742,159.5,168.3315,189.03852129713405,147.62447870286596,42.65924044169283,46.705151420166324,0,0,,,,201.64480000000003,203.66124800000003,199.62835200000004,,-6.000636484718502,-5.246492783584777,-6.078866272793304,0,42.635188137748784,47.73405218850048,,,,,-0.9494618295544541,-2.4355583608584084,-1.4860965313039542,0.046012852893452666,42.635188137748784,,,,,,,,,2.305691526513879,42.44984830170803,-21.224924150854015,0
2022-11-02,157.75,157.99,147.25,147.75,166.45149999999998,187.4618995916302,145.44110040836975,33.73022577205314,41.015508996194264,0,0,,,,200.65151111111115,202.65802622222225,198.64499600000005,,-11.713563545320405,-11.23540490773588,-12.465712034409426,0,36.29708604065919,47.48003714546868,,,,,-1.8363270788667045,-3.781505379887335,-1.9451783010206305,-0.3625714173440541,36.29708604065919,,,,,,,,,-0.14854599106672653,42.400642355464264,-21.200321177732132,0
2022-11-03,146.61,157.19,146.2,150.47,164.52949999999998,183.94252086229667,145.1164791377033,26.250758148539155,34.213408120761706,0,0,,,,199.74733333333336,201.7448066666667,197.74986,,-8.80384979029798,-8.545276075111142,-10.477331276115986,0,38.5735571053514,47.52506141624769,,,,,-2.104615870987165,-4.575948139754587,-2.471332268767422,-0.7535755924016915,38.5735571053514,,,,,,,,,-2.142922975443295,42.34994908203563,-21.174974541017814,0
2022-11-04,148.73,148.75,129.36,132.31,162.38999999999996,185.7101132072727,139.0698867927272,18.288825419897744,26.089936446830013,0,0,,,,198.7771555555556,200.76492711111115,196.78938400000004,,-17.57259355706875,-18.52330808547322,-20.655100657859236,0,30.688423763522692,46.26136107614253,,,,,-3.2988447569708717,-6.594888214981012,-3.29604345801014,-0.85050081642659,30.688423763522692,,,,,,,,,-7.824467590383392,42.2997100406324,-21.1498550203162,0
2022-11-07,133.46,134.083,126.3,129.1,160.89249999999998,188.35650107413292,133.42849892586705,14.994759055025483,19.84478087448746,0,0,,,,197.74942222222222,199.72691644444444,195.771928,,-17.217056748958036,-19.76008825768758,-22.018773481953367,0,29.53897747723849,44.683178325627615,,,,,-4.049238695211664,-8.35759182702472,-4.308353131813056,-0.8962885216327918,29.53897747723849,,,,,,,,,-11.73498654799009,42.25410865018353,-21.127054325091766,0
2022-11-08,130.91,133.67,124.89,129.16,159.67399999999998,190.31517190970325,129.0328280902967,15.091438373088017,16.125007616003746,0,0,,,,196.87911111111111,198.84790222222222,194.91032,,-14.284197393220277,-19.11018700602477,-21.337913225657147,0,29.59206184225846,43.20112045899636,,,,,-4.264195801762316,-9.638597884015951,-5.374402082253635,-0.9434893903568686,29.59206184225846,,,,,,,,,-16.23457657195645,42.21806764308841,-21.109033821544205,0
2022-11-09,126.52,128.8,122.77,126.26,158.0605,191.99433590164813,124.12666409835185,12.81024180428378,14.29881307746576,0,0,,,,195.96324444444446,197.9228768888889,194.003612,,-13.736207426638913,-20.119194865257285,-22.354098763913676,0,28.47540674510718,41.509534314987725,,,,,-4.311464388729556,-10.76373256816558,-6.4522681794360235,-0.9669588217751297,28.47540674510718,28.47540674510718,,28.47540674510718,,,,,,-17.519157404938536,42.18561818286097,-21.092809091430485,0
2022-11-10,140.1,149.27,139.7,145.38,157.517,191.89471202392582,123.13928797607416,25.220929066671367,17.707536414681055,1,0,,,,195.13795555555555,197.0893351111111,193.186576,,0.9639424412467124,-7.705200073642848,-10.136112450394986,0,43.589397122127785,40.76549506581489,,,,,-2.836059506125487,-9.997342562092882,-7.161283055967395,-0.9121642901687451,43.589397122127785,,,,,,,,,-14.03011921168743,42.14456249929139,-21.072281249645695,0
2022-11-11,146.64,162.37,143.79,159.41,157.86849999999998,192.1726077860944,123.56439221390556,37.64783044611339,25.226333772356174,0,0,,,,194.2694666666667,196.21216133333337,192.326772,,10.72907115667805,0.9764455860415522,-1.2490733647339658,0,51.66125619865434,40.7164726819376,,,,,-0.8019835093599852,-8.163762442667377,-7.3617789333073915,-0.7397786889726401,51.66125619865434,,,,,,,,,-7.554560160976805,42.09493270720319,-21.047466353601596,0
2022-11-14,157.33,160.9,152.47,157.84,157.3835,191.40001791409523,123.36698208590477,43.43841007680521,35.435723196529985,0,0,,,,193.37942222222225,195.31321644444446,191.44562800000003,,9.826187394759177,0.2900558190661595,-1.9245586273746285,0,50.785507914783835,40.29529731147799,,,,,0.48189942068906966,-6.759404657446055,-7.2413040781351246,-0.5185067631086663,50.785507914783835,,,,,,,,,-0.8100997535616722,42.04654980265951,-21.023274901329756,0
2022-11-15,165.59,168,160.6,163.49,156.89950000000002,190.27316655014044,123.52583344985959,51.622504023145396,44.236248182021335,0,0,,,,192.55395555555558,194.47949511111113,190.62841600000002,,13.442550150225152,4.200459529826417,2.015474853363264,0,53.81944754887543,40.68463810098641,,,,,1.6879377919715308,-5.131381838170711,-6.819319630142242,-0.23677616749357888,53.81944754887543,,,,,53.81944754887543,,53.81944754887543,,3.026746654469358,42.00352562554851,-21.001762812774256,0
2022-11-16,159.63,161.49,153.91,154.15,156.055,188.80358928259318,123.30641071740683,51.392954010774076,48.81795603690822,0,0,,,,191.67466666666667,193.59141333333332,189.75792,,6.488805377287465,-1.2207234628816788,-3.1842733324959127,0,48.49699421586105,40.708737668309496,,,,,1.8214882453228904,-4.542459323488629,-6.363947568811519,-0.0093932624555776,48.49699421586105,,,,,,,,,1.832351544658713,41.95866293914447,-20.979331469572234,0
2022-11-17,149.732,151.79,145.31,147.69,154.7375,186.59388829183212,122.88111170816792,53.328313815871404,52.114590616596956,0,0,,,,190.8191555555556,192.72734711111116,188.91096400000004,,2.222468317194881,-4.554487438403754,-6.434119331500332,0,45.16970747080946,40.888152210970546,,,,,1.4554664454469792,-4.544614512002795,-6.000080957449774,0.10672527860184335,45.16970747080946,,,,,,,,,-0.39689503818472777,41.91114615777846,-20.95557307888923,0
2022-11-18,151.24,151.52,144.7117,146.2,153.19250000000002,183.5214115366835,122.86358846331653,52.06196602088698,52.26107794917748,0,0,,,,189.93911111111115,191.83850222222225,188.03972000000005,,0.2276030383634442,-4.564518497968262,-6.809335214427792,0,44.41283563675776,40.98113194426828,,,,,1.1093663898769188,-4.613372970103626,-5.722739359980545,0.24288898663500894,44.41283563675776,,,,,,,,,-4.146910317486397,41.861628924380284,-20.930814462190142,0
2022-11-21,143.26,144.56,138.4,141.14,151.51100000000002,180.57073083151263,122.45126916848743,47.70089840872613,51.030392748494826,0,0,,,,189.05248888888894,190.94301377777785,187.16196400000004,,-4.033398607484784,-6.845047554303008,-9.691014531083052,0,41.84833850505806,40.92492839907608,,,,,0.5635385042723282,-5.018316229640135,-5.581854733912463,0.35312113861430916,41.84833850505806,41.84833850505806,,41.84833850505806,,,,,,-6.965850912146329,41.812749275780035,-20.906374637890018,0
2022-11-22,142.51,143.63,136.51,143.36,149.58800000000002,175.2636091261719,123.91239087382813,47.20235871225433,48.9884077139558,0,0,,,,188.18408888888894,190.06592977777782,186.30224800000005,,-3.4560784419362722,-4.163435569698104,-8.071135430916577,0,43.392714995439036,41.43175903870321,,,,,0.38444645822363377,-5.1012966611329205,-5.485743119356554,0.36843469425906467,43.392714995439036,,,,,,,,,-7.958977531602462,41.7646276180159,-20.88231380900795,0
2022-11-23,143.73,148.13,140.26,146.45,148.43800000000005,172.4591678317256,124.4168321682745,46.177678591837065,47.02697857093917,0,0,,,,187.35937777777784,189.23297155555562,185.48578400000005,,-2.698141664064446,-1.3392796992684142,-5.846577174304413,0,45.55992001068412,41.930784960512696,,,,,0.49925076882166053,-4.861679658329479,-5.360930427151139,0.4558258182408269,45.55992001068412,,,,,,,,,-8.01777079076409,41.716713178294754,-20.858356589147377,0
2022-11-25,144.7,145.1371,141.66,144.72,147.2185,169.31750837141732,125.1194916285827,43.2723944948777,45.55081059965636,0,0,,,,186.60022222222227,188.4662244444445,184.73422000000005,,-3.8053773804380353,-1.697137248375713,-6.728337905684301,0,44.531970252670156,42.919609709737514,,,,,0.4835063572892695,-4.7565474805395525,-5.240053837828822,0.33288810222286824,44.531970252670156,,,,,,,,,-7.58785518214475,41.668678171834124,-20.834339085917062,0
2022-11-28,143.2,146.21,140.5801,141.07,146.28750000000002,167.76661252822075,124.8083874717793,40.404888602515655,43.28498722974346,0,0,,,,185.90777777777785,187.76685555555562,184.04870000000008,,-5.074321550894634,-3.56660685294371,-8.859303798013585,0,42.36036885020243,43.83542337923494,,,,,0.2631299606220505,-4.911141387051259,-5.17427134767331,0.09952254547091781,42.36036885020243,,,,,,,,,-8.45692416929598,41.62142553908262,-20.81071276954131,0
2022-11-29,141.13,141.565,136.25,136.56,145.1005,165.96605101117615,124.23494898882387,36.53072402383935,40.069335707077556,0,0,,,,185.19431111111115,187.04625422222227,183.34236800000002,,-6.774164920161385,-5.885920448241055,-11.180487804878059,0,39.779109619847915,44.563069649062754,,,,,-0.12943622236848729,-5.336066625633919,-5.206630403265431,-0.2525882295257435,39.779109619847915,39.779109619847915,,39.779109619847915,,,,,,-10.932797050839511,41.57701019348031,-20.788505096740156,0
2022-11-30,134.87,142.97,131.97,142.9,144.27050000000003,164.07239230856393,124.46860769143612,38.916531265254015,38.61738129720299,0,0,,,,184.49751111111118,186.3424862222223,182.65253600000005,,-1.0552262781809318,-0.9499516533179153,-6.442932807825031,0,44.86531814237525,45.73377760601047,,,,,0.08336800419593438,-5.102420398020513,-5.185788402216447,-0.728877182435638,44.86531814237525,,,,,,,,,-11.513832601651364,41.533559164164394,-20.766779582082197,0
2022-12-01,144.51,155,143.25,154.04,144.58500000000004,164.793575902323,124.37642409767707,47.10776918550627,40.85167482486653,0,0,,,,183.83666666666673,185.6750333333334,181.99830000000006,,6.666297355501216,6.539405885811078,1.226006137697322,0,52.46267226395452,46.36758297328381,,,,,0.9705859000764363,-3.972556027120902,-4.943141927197338,-0.6682397754701649,52.46267226395452,,,,,52.46267226395452,,52.46267226395452,,-8.915263789514789,41.487154917326556,-20.743577458663278,0
2022-12-02,149.4,153.51,147,149.74,144.54850000000002,164.71702426430784,124.3799757356922,49.10244233450715,45.04224759508912,0,0,,,,183.16320000000007,184.9948320000001,181.33156800000006,,3.5417444578129897,3.591528103024233,-1.0731281918021196,0,49.62039982131327,46.221807517759444,,,,,1.2464468992198423,-3.385083303172536,-4.631530202392378,-0.5001830396686237,49.62039982131327,,,,,,,,,-6.2417928733551795,41.43930989814414,-20.71965494907207,0
2022-12-05,147.98,148.94,135.51,135.63,144.71450000000002,164.52891139675813,124.90008860324191,40.78136798097447,45.663859833662606,0,0,,,,182.40093333333343,184.22494266666675,180.5769240000001,,-5.524480882690986,-6.2775326591323015,-9.56914829779576,0,41.64701974714494,45.5690583629281,,,,,0.495767963361045,-4.011820248191071,-4.507588211552116,-0.5055798514085845,41.64701974714494,,,,,,,,,-7.804803318761338,41.392367520153876,-20.696183760076938,0
2022-12-06,136.02,137.98,132.51,136.73,145.09600000000003,163.96440364206654,126.22759635793352,37.20450375636166,42.36277135728107,0,0,,,,181.71191111111116,183.52903022222227,179.89479200000005,,-4.464784795975429,-5.76583779015275,-8.058420861519455,0,42.42376008794701,44.75508068714749,,,,,0.11056222507667002,-4.369385430206279,-4.479947655282949,-0.4226714284132015,42.42376008794701,,,,,,,,,-11.457699835624934,41.349418899428,-20.674709449714,0
2022-12-07,137.2,140.24,134.2,137.41,145.50850000000003,163.2950041815406,127.72199581845945,34.783580751581695,37.58981749630592,0,0,,,,181.03555555555562,182.84591111111118,179.22520000000006,,-3.5888440624452067,-5.565654240130325,-6.672160579215369,0,42.929497898458976,44.35740237876163,,,,,-0.05243428451609056,-4.545490510928062,-4.493056226411971,-0.36147526382196987,42.929497898458976,,,,,,,,,-14.03338302997573,41.31107453649679,-20.655537268248395,0
2022-12-08,139.28,144.97,135.59,142.87,146.33900000000003,161.85970217483597,130.81829782516408,40.735710157426865,37.57459822179005,0,0,,,,180.39195555555563,182.19587511111118,178.58803600000007,,0.49448887575880285,-2.3705232371411755,-2.3763048266343123,0,46.95823135367659,44.48515408468071,,,,,0.23755813328792108,-4.19610855980207,-4.433666693089991,-0.2590593093761184,46.95823135367659,,,,,,,,,-12.538201956575966,41.27006329835253,-20.635031649176266,0
2022-12-09,142.59,148.68,141.8155,144.53,146.29650000000004,161.83212135867007,130.76087864133,47.5199785118981,41.01308980696886,0,0,,,,179.77848888888897,181.57627377777786,177.9807040000001,,1.6757182654697944,-1.207479331357919,-0.6860061614576751,0,48.156492146770624,44.752558121110205,,,,,0.5532247876533471,-3.742135708523307,-4.295360496176654,-0.13190119213689275,48.156492146770624,,,,,,,,,-10.98015159234066,41.22682498848646,-20.61341249424323,0
2022-12-12,144.18,151.4,144.17,150.88,145.87000000000003,160.37644132790507,131.363558672095,56.71990335746199,48.32519734226229,0,0,,,,179.20786666666675,180.99994533333341,177.41578800000008,,5.415394504258408,3.4345650236511593,3.887042579365785,0,52.570491799374395,45.51842621356137,,,,,1.1664797205745447,-2.8372608454584736,-4.003740566033018,0.014821954232904833,52.570491799374395,,,,,52.570491799374395,,52.570491799374395,,-8.302478775360996,41.18095811866834,-20.59047905933417,0
2022-12-13,160,162.7,150.0801,150.58,145.507,159.13382662985018,131.88017337014983,64.4156593396303,56.2185137363301,0,0,,,,178.68795555555562,180.47483511111116,176.90107600000007,,4.185261293424936,3.4864302061069274,3.912295391183518,0,52.343748246843916,46.157785731518864,,,,,1.5070632766867802,-2.119911470174543,-3.626974746861323,0.15897895549487037,52.343748246843916,,,,,,,,,-6.872238135339448,41.13442151107545,-20.567210755537726,0
2022-12-14,151.52,156.31,146.581,149.2,144.79250000000002,155.8241977387876,133.76080226121243,65.64393741695443,62.25983337134888,0,0,,,,178.11773333333338,179.89891066666672,176.33655600000003,,2.782427787077779,3.044011257489143,3.2045044754231977,0,51.248736977938115,46.564129800608434,,,,,1.5865297645603063,-1.6438125411609406,-3.230342305721247,0.31823274355002334,51.248736977938115,,,,,,,,,-6.093811159139601,41.087785740781136,-20.543892870390568,0
2022-12-15,144.37,148.4,142.22,142.65,144.21750000000003,154.40481343387236,134.0301865661277,59.47868991951793,63.179428892034196,0,0,,,,177.5809333333334,179.35674266666675,175.80512400000006,,-0.9526322367416018,-1.0868999947995395,-1.2100869822157523,0,46.298071636211525,46.69027989943282,,,,,1.1646140239408815,-1.7745747757951449,-2.9391887997360264,0.3050886611445606,46.298071636211525,,,,,,,,,-7.9860130620891825,41.0421624646865,-20.52108123234325,0
2022-12-16,142.44,144.83,139,142.45,143.9555,154.0411303223937,133.8698696776063,57.031308108896184,60.71797848178949,0,0,,,,177.08915555555564,178.8600471111112,175.31826400000008,,-0.5883050811972601,-1.0458092952336018,-1.165614375910684,0,46.15146983072371,46.96107282661291,,,,,0.8531469105003198,-1.8727551616106268,-2.7259020721109466,0.2136982157800379,46.15146983072371,,,,,,,,,-9.822954376468209,40.99827064652618,-20.49913532326309,0
2022-12-19,140.34,143.26,137.23,138.1,143.55050000000003,153.89040614077174,133.2105938592283,47.913694196408265,54.8078974082741,0,0,,,,176.61528888888898,178.38144177777787,174.8491360000001,,-3.7898843527936488,-3.7969216408163198,-4.3118560451210435,0,42.964826730983816,47.18862404883691,,,,,0.3604466783653537,-2.2753437241542542,-2.635790402519608,-0.07329819572650771,42.964826730983816,42.964826730983816,,42.964826730983816,,,,,,-12.222279853160073,40.95769187620741,-20.478845938103706,0
2022-12-20,135,141.99,134.7923,141.21,143.55400000000003,153.890686896678,133.21731310332206,45.66356670081775,50.202856335374044,0,0,,,,176.1161333333334,177.87729466666676,174.35497200000006,,-1.9293274439536545,-1.632835030720159,-2.4298677967663607,0,45.84388972957209,47.25852201935096,,,,,0.2552394400076574,-2.3167411025100364,-2.571980542517694,-0.1590374707455935,45.84388972957209,,,,,,,,,-12.598087512296997,40.917839761158085,-20.458919880579042,0
2022-12-21,141.72,146.81,137.88,146.75,143.72350000000003,154.15266732054684,133.29433267945322,51.82808067326667,48.468447190164206,0,0,,,,175.54213333333345,177.2975546666668,173.7867120000001,,1.2613681842646551,2.1057795002208834,0.9888998231403656,0,50.62520887656334,47.12727463453731,,,,,0.5529156212077289,-1.8808360160080326,-2.4337516372157615,0.14274412725457655,50.62520887656334,,,,,,,,,-11.816138315542796,40.87687091836568,-20.43843545918284,0
2022-12-22,143.03,144.4,137.77,140.37,143.41950000000003,153.8674806182806,132.97151938171945,46.74582854396395,48.07915863934943,0,0,,,,174.90484444444456,176.653892888889,173.15579600000012,,-2.9736230922362106,-2.1262798991769083,-3.7132731222133675,0,45.62903907937349,46.842177438684466,,,,,0.3255398880820488,-2.0268267771132003,-2.352366665195249,0.2472545239532897,45.62903907937349,,,,,,,,,-11.434316660702322,40.835473014517014,-20.417736507258507,0
2022-12-23,138.78,139.505,135.2201,138.49,143.108,153.75196091687636,132.46403908312365,42.127753350091986,46.90055418910751,0,0,,,,174.32800000000012,176.07128000000012,172.58472000000012,,-3.8717827692478335,-3.226933504765628,-4.85296374075086,0,44.24342912272541,47.02763525122593,,,,,0.0674287145785124,-2.2680807719721088,-2.335509486550621,-0.05306520262230033,44.24342912272541,,,,,,,,,-12.064916976409384,40.795120177701406,-20.397560088850703,0
2022-12-27,136.34,139.18,133.59,137.76,142.94250000000002,153.80868033165166,132.0763196683484,38.163954949023605,42.345845614359824,0,0,,,,173.80133333333342,175.53934666666675,172.0633200000001,,-3.499677771862464,-3.625583713731073,-4.882898806893543,0,43.68865267128016,47.117984721464005,,,,,-0.12317959357551356,-2.4894839785200134,-2.3663043849445,-0.3718473954389522,43.68865267128016,,,,,,,,,-13.961252987852612,40.75816863844807,-20.379084319224035,0
2022-12-28,137.14,139.56,136,138.42,143.0355,153.71176428110383,132.3592357188962,30.143455357417047,36.81172121884419,0,0,,,,173.1911111111112,174.92302222222233,171.4592000000001,,-2.2043238660449216,-3.2268213135900004,-3.9981135303338244,0,44.3678575280248,47.22072469500442,,,,,-0.1724991070805566,-2.5819282687951954,-2.409429161714639,-0.6692187746292242,44.3678575280248,,,,,,,,,-14.40143118026152,40.7221818620179,-20.36109093100895,0
2022-12-29,139.2,143.95,137.99,142.38,143.0095,153.68948965355307,132.32951034644694,37.3129963883267,35.2068022315891,0,0,,,,172.52084444444455,174.24605288888898,170.79563600000012,,1.0805208081898332,-0.4401805474461562,-0.7673489869739258,0,48.39014783976915,47.323004444011026,,,,,0.08031532003243269,-2.309035011674098,-2.3893503317065306,-0.6975004508387788,48.39014783976915,,,,,,,,,-13.645055992432413,40.684815092457924,-20.342407546228962,0
2022-12-30,139.3,143.61,138.82,143.54,142.48450000000003,151.90158973090772,133.06741026909233,42.44631689477715,36.634256213506944,0,0,,,,171.8543111111112,173.5728542222223,170.1357680000001,,1.839698610115903,0.7407823307096217,0.28832135487744104,0,49.54103683244927,47.42190049298807,,,,,0.3303759842424765,-1.976380351403435,-2.3067563356459115,-0.647121682000282,49.54103683244927,,,,,,,,,-12.484274676798547,40.64554420385033,-20.322772101925164,0
2023-01-03,146.48,149.2,135.34,135.5,141.7725,151.03975390825076,132.50524609174926,33.99844702512356,37.919253436075785,0,0,,,,171.0879111111112,172.79879022222232,169.37703200000007,,-3.388186977725771,-4.424341815232157,-5.059521724203209,0,42.47163672765989,46.70055370215132,,,,,-0.022273450828143027,-2.3345981491810903,-2.3123246983529473,-0.6335405340151377,42.47163672765989,,,,,,,,,-13.099827718869447,40.607404438056754,-20.303702219028377,0
2023-01-04,137.28,137.6,128.58,130.44,141.513,151.6988570577045,131.32714294229552,24.453249700767465,33.63267120688937,0,0,,,,170.28493333333344,171.9877826666668,168.5820840000001,,-6.485238661944526,-7.82472281698502,-8.267246774983839,0,38.726207540918736,45.72787222315667,,,,,-0.5439760297044058,-2.992294735483455,-2.448318705779049,-0.6400535100746632,38.726207540918736,,,,,,,,,-15.527521185082797,40.574181453168094,-20.287090726584047,0
2023-01-05,129.3,129.49,121.04,121.56,140.7545,154.03980838934442,127.46919161065559,17.688150422284842,25.37994904939194,0,0,,,,169.5199111111112,171.21511022222234,167.8247120000001,,-11.606227412540582,-13.636864185514497,-14.117971217227332,0,33.193881527115494,44.43823969095506,,,,,-1.3868329771338344,-4.181859927196342,-2.795026950062508,-0.6461132774561105,33.193881527115494,33.193881527115494,,33.193881527115494,,,,,,-19.95566792091704,40.553063036624835,-20.276531518312417,0
2023-01-06,122.09,126.07,119.27,124.06,140.08700000000005,155.19399586284254,124.98000413715755,22.193878450564277,21.44509285787218,1,0,,,,168.7773777777779,170.46515155555568,167.08960400000012,,-8.274923845858073,-11.440747535460138,-11.951530521718812,0,35.96730571130027,43.70032783917568,,,,,-1.6573934199116245,-4.866768724952038,-3.209375305040414,-0.7216206431723231,35.96730571130027,,,,,,,,,-22.180080794621972,40.539543240868525,-20.269771620434263,0
2023-01-09,127.23,137.64,126.67,134.43,139.66500000000002,154.90836905018003,124.42163094982001,30.8025056139683,23.56151149560579,0,0,,,,168.04151111111122,169.72192622222232,166.36109600000012,,-0.1693178273848961,-3.7482547524433585,-4.3196036982470325,0,45.98441814983588,43.688395576255125,,,,,-1.0490437262039536,-4.520679962795356,-3.471636236591402,-0.6801392392212446,45.98441814983588,,,,,,,,,-21.200633104764957,40.52246956957289,-20.261234784786446,0
2023-01-10,134.86,138.45,133.74,137.94,139.33550000000002,154.42813061894677,124.24286938105327,41.657612265542866,31.55133211002513,0,0,,,,167.30035555555568,168.97335911111125,165.62735200000012,,2.4791423668120816,-1.0015394497454144,-1.663185359976671,0,48.898409343191965,44.11222290569856,,,,,-0.35709907339789204,-3.9180100783387672,-3.560911004940875,-0.6303323822708511,48.898409343191965,,,,,,,,,-17.720495683101678,40.49472381245281,-20.247361906226406,0
2023-01-11,138.2,141.065,136.55,139.71,138.77700000000004,152.91605102897472,124.63794897102537,49.59073948667838,40.68361912206316,0,0,,,,166.6489333333335,168.31542266666685,164.98244400000016,,3.6439709787979613,0.6723016061739084,-0.3691615777200896,0,50.3529096285006,44.434295755622024,,,,,0.24073956416240083,-3.2599865497378744,-3.500726113900275,-0.4942154922748148,50.3529096285006,,,,,,,,,-14.428376190301302,40.45939452031663,-20.229697260158314,0
2023-01-12,140.39,142.16,135.1,142.14,138.35500000000002,151.5307436222772,125.17925637772281,56.231906255444756,49.16008600255532,0,0,,,,166.06391111111125,167.72455022222238,164.40327200000013,,5.156469630835292,2.7357160926601676,1.229462469227749,0,52.35779229350333,44.558051713974876,,,,,0.789825649197045,-2.513444052403969,-3.303269701601014,-0.21149332491806205,52.35779229350333,,,,,,,,,-12.825330594327875,40.421297774612555,-20.210648887306277,0
2023-01-13,139.3,141.7698,137.31,140.87,137.93850000000003,150.21239795460085,125.6646020453992,59.83197263617291,55.218206126098664,0,0,,,,165.49986666666683,167.1548653333335,163.84486800000016,,4.333464179115598,2.1252224723336655,0.37336297436330046,0,51.194207296397906,44.95556372947662,,,,,1.041645050358059,-2.00121338865344,-3.042858439011499,-0.04020759187722298,51.194207296397906,,,,,,,,,-12.209414496996487,40.382359404173926,-20.191179702086963,0
2023-01-17,141.15,147.32,139.46,145.72,138.09200000000004,150.6707528793574,125.51324712064267,67.55088341365511,61.204920768424245,0,0,,,,165.02471111111126,166.6749582222224,163.37446400000013,,7.751576861361964,5.523853662775502,4.03468774839002,0,55.281422181607745,45.74399180511107,,,,,1.4821326467503035,-1.1901926305736197,-2.672325277323923,0.1657337034451846,55.281422181607745,,,,,55.281422181607745,,55.281422181607745,,-10.960148505748911,40.34186936666945,-20.170934683334725,0
2023-01-18,147.45,148.57,140.04,140.11,137.97500000000002,150.43237933916973,125.51762066083032,65.05216374384217,64.14500659789006,0,0,,,,164.44800000000018,166.0924800000002,162.80352000000016,,3.2513375289245916,1.5473817720601524,0.25927683944630964,0,50.05930381082423,46.19903831507851,,,,,1.3468718814896894,-0.9887354254618117,-2.335607306951501,0.24010671012748605,50.05930381082423,,,,,,,,,-11.377451538519916,40.30201586278587,-20.151007931392936,0
2023-01-19,137.5,140.55,135.0801,135.24,137.83200000000002,150.34588924355566,125.31811075644437,57.2270422911012,63.27669648286615,0,0,,,,163.85164444444462,165.49016088888905,162.21312800000018,,-0.688804359000672,-1.8805502350687897,-3.216572360950809,0,45.99721146951933,46.31542073947098,,,,,0.9019890678301286,-1.2081209721638402,-2.1101100399939687,0.24114016085156545,45.99721146951933,45.99721146951933,,45.99721146951933,,,,,,-12.525382663192717,40.26388590736462,-20.13194295368231,0
2023-01-20,136.45,145.081,135.32,144.82,138.01250000000002,150.8168490658441,125.20815093415591,65.15417711730302,62.47779438408211,0,0,,,,163.31457777777797,164.94772355555574,161.6814320000002,,4.560157107376006,4.932524227877888,3.4396554392363665,0,53.9187644721431,46.71032192749768,,,,,1.2064720714620527,-0.6020199506664028,-1.8084920221284555,0.4747754098928714,53.9187644721431,,,,,,,,,-12.671889459011302,40.22608573360552,-20.11304286680276,0
2023-01-23,146.5,150.92,144.74,150.3,138.19000000000003,151.55985714209322,124.82014285790683,75.65178706916464,66.0110021591896,0,0,,,,162.81284444444464,164.4409728888891,161.18471600000018,,6.499064678873112,8.763296910051377,7.02536422803588,0,57.737737752249295,47.295800564626255,,,,,1.7002793340117197,0.31685714538619436,-1.3834221886255254,0.751055230578176,57.737737752249295,,,,,57.737737752249295,,57.737737752249295,,-10.538080138085483,40.185580560185834,-20.092790280092917,0
2023-01-24,148.13,152.7599,145.26,145.79,138.461,152.2109394907756,124.71106050922444,73.13913702954031,71.3150337386693,0,0,,,,162.28440000000018,163.9072440000002,160.66155600000016,,2.478490693358859,5.2931872512837375,3.7419887379800842,0,53.78698058306232,48.104039411440716,,,,,1.6454514394781157,0.6733921107221192,-0.9720593287559964,0.8163050914197657,53.78698058306232,,,,,,,,,-8.366904566328913,40.143344706782,-20.071672353391,0
2023-01-25,138.27,144.93,134.34,144.44,138.75850000000003,152.7533680236712,124.76363197632887,71.46201842873114,73.41764750914535,0,0,,,,161.9307111111113,163.5500182222224,160.31140400000018,,1.0677750255398744,4.094523939073991,2.783543057746307,0,52.62616244557093,49.09689333320159,,,,,1.4475373271369165,0.8373623301651492,-0.6101749969717674,0.7952240941701799,52.62616244557093,,,,,,,,,-8.505740441216483,40.10132971308715,-20.050664856543577,0
2023-01-26,148.67,152.4927,144.76,152.45,139.49300000000002,154.6913684650683,124.29463153493174,77.9237064647855,74.1749539743523,0,0,,,,161.67648888888908,163.29325377777798,160.0597240000002,,5.73001914167619,9.288638139548189,8.443076572880969,0,58.36738220098903,50.89500052419256,,,,,1.7643486332791463,1.5952607946271655,-0.1690878386519808,0.7906759834492136,58.36738220098903,,,,,,,,,-8.116705403130453,40.05921071801806,-20.02960535900903,0
2023-01-27,150.59,161.32,150.38,159.36,140.54000000000002,158.0132607145888,123.06673928541123,83.30441545205124,77.56338011518928,0,0,,,,161.52697777777797,163.14224755555574,159.9117080000002,,9.218011102734614,13.391205350789814,13.12290000473233,0,62.58041452235401,52.79593686783926,,,,,2.3129513500388086,2.7221013488965298,0.40914999885772135,0.7967973684171863,62.58041452235401,,,,,62.58041452235401,,62.58041452235401,,-5.364829363689654,40.01648212494809,-20.008241062474045,0
2023-01-30,156.78,159.73,152.81,152.92,141.067,159.34758215703175,122.78641784296825,79.22979428320814,80.15263873334828,0,0,,,,161.3550222222224,162.96857244444462,159.7414720000002,,3.9458926690004725,8.402390353519952,8.455951885614809,0,56.81034553650803,53.56921739545869,,,,,2.1208402755375744,3.060200343279689,0.939360067742115,0.7861468793958392,56.81034553650803,,,,,,,,,-3.649784988825768,39.97424174068498,-19.98712087034249,0
2023-01-31,153.77,157.25,151.2101,156.44,141.712,161.16857379910505,122.25542620089493,80.5605558383529,81.03158852453743,0,0,,,,161.12782222222242,162.73910044444466,159.51654400000018,,5.569314447286233,10.392909563057472,10.591911322875447,0,59.03371011939197,54.29316745090155,,,,,2.105325034292741,3.5710163606080414,1.4656913263153002,0.8048789976946815,59.03371011939197,,,,,,,,,-2.8553667057719365,39.93250847915396,-19.96625423957698,0
2023-02-01,158.59,166.83,155.44,165.22,143.198,164.93582197001362,121.46017802998638,81.2924741866928,80.36094143608462,0,0,,,,160.98280000000022,162.59262800000022,159.37297200000023,,9.6364915260986,15.378706406514041,16.17539517353879,0,64.01043956975624,55.268705303848385,,,,,2.532192424751265,4.630931857254382,2.0987394325031166,0.835638362750637,64.01043956975624,,,,,,,,,-1.6752743654137028,39.89170564568686,-19.94585282284343,0
2023-02-02,173.84,178.7,170.26,178.05,145.5785,171.27373012156167,119.88326987843831,86.42877199474725,82.76060067326432,0,0,,,,160.97226666666688,162.58198933333355,159.3625440000002,,14.886533014150348,22.30514808161921,24.035453960705212,0,69.78653943059923,56.513615813640946,,,,,3.4666497441285906,6.432051612663855,2.9654018685352646,0.8551910514465314,69.78653943059923,,,,,69.78653943059923,,69.78653943059923,,3.461974226005433,39.85793321047616,-19.92896660523808,0
2023-02-03,168,175.49,163,163.29,147.665,171.9588819458733,123.3711180541267,79.6163311067432,82.44585909606108,0,1,,,,160.9568888888891,162.566457777778,159.3473200000002,,4.121765523573928,10.58138353706024,13.172893212675895,0,58.21174796238256,57.01486871835414,,,,,2.9016382597745536,6.592449693253457,3.690811433478903,0.8601338752767536,58.21174796238256,,,,,,,,,4.817096007849351,39.82698321311633,-19.913491606558164,0
2023-02-06,159.74,163.52,156.79,158.07,149.36549999999997,171.4752150366086,127.25578496339133,74.41182871924873,80.15231060691308,0,0,,,,160.90040000000025,162.50940400000025,159.29139600000025,,0.2963141564564342,5.827650963575937,9.269257090715488,0,54.753004907964616,56.97712462737963,,,,,2.0286147067122524,6.226579816869219,4.197965110156966,0.84391012450435,54.753004907964616,54.753004907964616,,54.753004907964616,,,,,,3.3075942409879904,39.7930719576105,-19.89653597880525,0
2023-02-07,157.93,161.5,154.415,160.77,150.68249999999998,172.2069102125942,129.15808978740574,69.41049838871886,74.47955273823693,0,0,,,,160.73564444444466,162.3430008888891,159.12828800000023,,1.0490191764980006,6.694539843711134,10.615724399859605,0,56.20255872287178,57.41592854966874,,,,,1.5091127675962452,6.084356069652273,4.575243302056028,0.7982211924589907,56.20255872287178,,,,,,,,,-0.24105552378730633,39.75405382321263,-19.877026911606315,0
2023-02-08,161.26,165,158.045,159.06,151.7385,172.72425543076815,130.75274456923182,64.38104532494243,69.40112414430335,0,0,,,,160.51435555555577,162.11949911111134,158.9092120000002,,-0.9360811644027134,4.825077353473262,8.925310445580648,0,55.0007638378139,58.05903943311835,,,,,0.9535490066393404,5.767179560355203,4.813630553715862,0.6958905093805153,55.0007638378139,,,,,,,,,-1.0843776389377437,39.71431022364481,-19.857155111822404,0
2023-02-09,161.94,166.7199,161.2701,162.68,152.887,173.62662497250128,132.14737502749873,64.48699328772418,66.09284566712849,0,0,,,,160.24693333333354,161.8494026666669,158.6444640000002,,0.6770388523758664,6.405384368847589,10.774175390174534,0,57.0924894982802,58.28573407784243,,,,,0.7424807818399746,5.74173153101583,4.9992507491758555,0.6370358522063162,57.0924894982802,,,,,,,,,-0.09228983445487511,39.67568504999247,-19.837842524996233,0
2023-02-10,159.66,162.01,154.73,157.33,153.6465,173.86216548496532,133.4308345150347,58.11087242359042,62.326303678752346,0,0,,,,159.99964444444467,161.59964088888913,158.3996480000002,,-2.5114169398263275,2.3973862079513797,6.673326357232079,0,53.1596047448955,57.95872457731715,,,,,0.18426352189959694,5.229580151550351,5.045316629650754,0.5276856208724071,53.1596047448955,53.1596047448955,,53.1596047448955,,,,,,-0.7713281606854347,39.636467140753794,-19.818233570376897,0
2023-02-13,158.5,165.06,157.05,161.96,154.701,174.33261521627878,135.0693847837212,60.927490913369866,61.17511887489483,0,0,,,,159.7196444444447,161.31684088888915,158.12244800000025,,-0.20149488252290126,4.692277360844477,9.328767092464062,0,55.98540122186883,58.11575462294619,,,,,0.07420295436479751,5.138070322606751,5.0638673682419535,0.41260961816359676,55.98540122186883,,,,,,,,,-0.12947352891201994,39.598026058669,-19.7990130293345,0
2023-02-14,159.97,171.9396,158.24,171.02,155.96599999999998,176.36525724138093,135.56674275861903,66.83393243665199,61.957431924537445,0,0,,,,159.49200000000022,161.08692000000022,157.89708000000022,,4.442883752175675,9.652103663619016,14.735144878110894,0,60.94988945708249,58.71030655233988,,,,,0.5333510033780531,5.73055612246452,5.197205119086467,0.3581095829605374,60.94988945708249,,,,,,,,,1.616039942524923,39.56192508179834,-19.78096254089917,0
2023-02-15,171.4,175.95,170.07,175.28,157.72449999999998,178.4146904051182,137.03430959488176,70.26564298371723,66.00902211124638,0,0,,,,159.2596000000002,160.85219600000022,157.6670040000002,,6.390856504664666,11.130483850004303,16.556244417008138,0,63.05970359933007,59.0454723665071,,,,,1.017658285257478,6.469277975658315,5.451619690400837,0.39797671628043046,63.05970359933007,,,,,63.05970359933007,,63.05970359933007,,5.3358523317268505,39.53278312964244,-19.76639156482122,0
2023-02-16,171,172.72,163.92,164.4,159.18249999999998,177.27622363556046,141.0887763644395,64.57291727059587,67.2241642303217,0,0,,,,159.01333333333352,160.60346666666686,157.42320000000018,,0.6206162094672063,3.2776844188274756,8.504585924763951,0,54.90124516023047,58.49696026921256,,,,,0.5238278196035218,6.106404464905239,5.582576645301717,0.35652307062624483,54.90124516023047,,,,,,,,,5.828976278480006,39.50481474266963,-19.752407371334815,0
2023-02-17,160.5,160.77,151.55,154.08,159.6455,176.68886172825083,142.60213827174917,51.84076897977707,62.226443078030066,0,0,,,,158.64973333333353,160.23623066666687,157.0632360000002,,-5.161111624042047,-3.4861615266324364,0.9709586168481277,0,48.49258814014829,57.90283474090115,,,,,-0.522649045323968,4.929265338646758,5.451914383970726,0.0029061360631593065,48.49258814014829,,,,,,,,,2.3268967904403555,39.470037468879624,-19.735018734439812,0
2023-02-21,150.6,155,150.08,151.26,159.6935,176.63642215056234,142.75057784943766,38.78624202545851,51.73330942527716,0,0,,,,158.25680000000023,159.83936800000023,156.67423200000022,,-6.5049695890817105,-5.281054019105358,-1.4624930784013945,0,46.88214138800272,57.034865545801914,,,,,-1.380832218767826,3.7258741105109436,5.1067063292787696,-0.31607159023424214,46.88214138800272,,,,,,,,,-2.6411562108781905,39.430046807264794,-19.715023403632397,0
2023-02-22,149.5,155.38,149.5,150.66,159.93699999999998,176.1999887782054,143.67401122179456,32.782689167593695,41.13656672427644,0,0,,,,157.89693333333355,159.47590266666688,156.31796400000022,,-6.290235300703428,-5.800408911008703,-2.198044739882943,0,46.52808453459678,55.78612590043338,,,,,-1.9311867645969105,2.692722873532631,4.6239096381295415,-0.43441780943292113,46.52808453459678,,,,,,,,,-5.477472649112252,39.38946476637609,-19.694732383188047,0
2023-02-23,153.5,154.09,147.75,153.12,160.37099999999998,175.37080919878736,145.3711908012126,31.476268453108275,34.34839988205351,0,0,,,,157.55911111111132,159.13470222222244,155.9835200000002,,-4.406944730582607,-4.521391024561783,-0.926548993219134,0,48.25358227614458,54.24805753225805,,,,,-2.0600661790009855,2.04882691437831,4.1088930933792955,-0.3405193974589409,48.25358227614458,,,,,,,,,-5.680999076796433,39.349021106290905,-19.674510553145453,0
2023-02-24,149.85,150.75,145.28,148.44,160.17049999999998,175.6867746495426,144.65422535045735,28.65829335867916,30.97241699312706,0,0,,,,157.17524444444464,158.7469968888891,155.6034920000002,,-6.497433151711718,-7.323758120253087,-4.135156255045458,0,45.26124476663285,53.3230215897045,,,,,-2.3689798866194693,1.147668235104959,3.5166481217244283,-0.44227901654016144,45.26124476663285,45.26124476663285,,45.26124476663285,,,,,,-6.260547126086657,39.30878681896201,-19.654393409481006,0
2023-02-27,150.2,154.7,148.58,154.65,159.935,175.6352146482143,144.23478535178572,34.96162383986936,31.69872855055228,0,0,,,,156.79044444444463,158.35834888888908,155.22254000000018,,-2.4210187586362952,-3.3044674398974516,-0.3928893469020034,0,49.717106515465595,52.96331456166886,,,,,-2.0741680910405296,0.9239380079237662,2.998106098964296,-0.5255339130537218,49.717106515465595,,,,,,,,,-5.178174312417824,39.26857404686281,-19.634287023431405,0
2023-02-28,154.68,155.72,152.93,154.38,160.00799999999998,175.59020087150867,144.4257991284913,35.72141001552999,33.11377573802619,0,0,,,,156.46728888888907,158.03196177777795,154.9026160000002,,-2.123262050732544,-3.517324133793298,-0.8543641933419388,0,49.52833027845801,52.486583958496446,,,,,-1.8252183805395896,0.7165831232898086,2.541801503829398,-0.5571337794101913,49.52833027845801,,,,,,,,,-4.442538418248682,39.228554259480106,-19.614277129740053,0
2023-03-01,154.22,156.65,153,154.5,159.91099999999997,175.6045921955448,144.21740780445515,37.75179962514227,36.14494449351389,0,0,,,,156.2113333333335,157.77344666666684,154.64922000000016,,-1.010398713455496,-3.3837572149508,-0.9634430107113734,0,49.61988964078428,52.10223580156576,,,,,-1.5890155608818142,0.5555320527271306,2.1445476136089447,-0.6014998009633911,49.61988964078428,,,,,,,,,-2.615885007739229,39.18931463621551,-19.594657318107753,0
2023-03-02,139.04,140.15,131.12,135.28,158.41399999999996,177.2029578210201,139.6250421789798,25.40187519624579,32.958361612306035,0,0,,,,155.8620000000002,157.42062000000018,154.3033800000002,,-11.045062698501384,-14.603507265771942,-13.194132518833213,0,37.79398041239174,50.72377086685943,,,,,-2.6037963179149033,-1.1101977837846846,1.4935985341302187,-0.6965787031178327,37.79398041239174,37.79398041239174,,37.79398041239174,,,,,,-6.182276317693592,39.14955591706215,-19.574777958531076,0
2023-03-03,135.51,143.33,135.5,142.11,156.61699999999996,174.39782349049284,138.83617650950708,27.95453742655539,30.369404082647833,0,0,,,,155.56764444444462,157.12332088888908,154.01196800000017,,-5.163899418076934,-9.262723714539256,-8.945287721613903,0,42.993411239334954,49.997614187890825,,,,,-2.6810881401566498,-1.8577616410655935,0.8233264990910563,-0.7960793295230095,42.993411239334954,,,,,,,,,-8.381558308687257,39.11083758453724,-19.55541879226862,0
2023-03-06,142.65,146.7399,140.8477,142.07,155.55599999999998,174.1321152020558,136.97988479794418,26.8458780306185,26.734096884473246,0,0,,,,155.27226666666684,156.82498933333352,153.71954400000016,,-4.424576345301245,-8.66954665843811,-8.917420683936793,0,42.97075851798016,49.06799685189878,,,,,-2.5990449034369734,-2.42547963020516,0.17356527323181292,-0.8272117370928408,42.97075851798016,,,,,,,,,-10.652827238681926,39.07422949382948,-19.53711474691474,0
2023-03-07,141,146.19,140.1,142.45,154.77499999999998,174.15853992438016,135.3914600756198,26.968009627835592,27.256141695003176,0,0,,,,154.96786666666685,156.51754533333352,153.41818800000019,,-3.597579957500341,-7.96317234695525,-8.520334879579128,0,43.2765248031915,47.80561366233514,,,,,-2.388707212761117,-2.812318742719583,-0.4236115299584663,-0.7931576010976006,43.2765248031915,,,,,,,,,-8.946726815397732,39.03612986840932,-19.51806493420466,0
2023-03-08,140.225,144.38,139.29,142.65,153.86899999999997,173.7348852307178,134.00311476928215,29.01031386267809,27.60806717371074,0,0,,,,154.6489333333335,156.19542266666684,153.10244400000016,,-2.9360732147109436,-7.291267246813826,-8.330280889128849,0,43.44838215603514,46.404804987814074,,,,,-2.1150261256974296,-3.0673941870802537,-0.9523680613828238,-0.7584861996293355,43.44838215603514,,,,,,,,,-8.69120205904094,38.9979550140716,-19.4989775070358,0
2023-03-09,141.38,144.1,136.05,136.3,152.73099999999997,173.84539973099064,131.6166002690093,24.948382984967942,26.975568825160554,0,0,,,,154.37191111111127,155.91563022222238,152.82819200000017,,-6.183104699104469,-10.758130307534131,-12.257926076927228,0,39.36990471585572,45.29542352750159,,,,,-2.2291745654031985,-3.738836268136822,-1.5096617027336234,-0.7490772047436356,39.36990471585572,,,,,,,,,-9.795599390787208,38.96079107409279,-19.480395537046395,0
2023-03-10,135.02,135.7869,128.56,131.46,151.17,173.68145397347823,128.65854602652175,19.668895160546903,24.54253066939766,0,0,,,,154.1011111111113,155.6421222222224,152.56010000000018,,-8.444475397847928,-13.038301250248052,-14.990752835581578,0,36.553411617640926,44.44262520446535,,,,,-2.478977777035982,-4.608383924028601,-2.129406146992619,-0.7874584380203447,36.553411617640926,36.553411617640926,,36.553411617640926,,,,,,-11.9790441868589,38.92624381495685,-19.463121907478424,0
2023-03-13,129.98,140.46,128.76,137.73,150.19,173.24345006718139,127.13654993281861,26.296765133176102,23.63801442623033,1,0,,,,153.83577777777796,155.37413555555574,152.2974200000002,,-2.933900897154862,-8.296158199613824,-10.519032490693325,0,42.31104324672005,44.116118194373726,,,,,-2.086047337695177,-4.73696531911159,-2.650917981416413,-0.8007850115313433,42.31104324672005,,,,,,,,,-12.812862850811003,38.893000414494985,-19.446500207247492,0
2023-03-14,138.64,140.08,134.88,139.82,149.083,171.89441302067928,126.2715869793207,29.475543169344142,25.147067821022393,0,0,,,,153.63062222222243,155.16692844444466,152.0943160000002,,-0.4393429082079292,-6.2133174137896425,-8.902754461367445,0,44.13103595576207,43.94490043874267,,,,,-1.5728652715723568,-4.616999570881859,-3.044134299309502,-0.780324824274539,44.13103595576207,,,,,44.13103595576207,,44.13103595576207,,-11.813984007588212,38.8584056639337,-19.42920283196685,0
2023-03-15,136.28,140.17,135.3,139.58,147.51099999999997,168.3026049404575,126.71939505954242,32.819676535283186,29.530661612601154,0,0,,,,153.47257777777796,155.00730355555575,151.93785200000016,,0.4570153657922571,-5.376548189626506,-8.72490828677741,0,43.959529828374315,43.638182406759086,,,,,-1.1563239459263874,-4.489539231717487,-3.3332152857910993,-0.7212522464931268,43.959529828374315,,,,,,,,,-9.833605813074705,38.82167391343396,-19.41083695671698,0
2023-03-16,140,142.44,137.4,138.92,145.69299999999996,162.4144809152794,128.9715190847205,35.58065267304084,32.625290792556065,0,0,,,,153.31755555555574,154.8507311111113,151.7843800000002,,-0.27923536885626765,-4.648816346701601,-8.632713417240934,0,43.45933867220709,43.50947482858582,,,,,-0.8463588713916459,-4.3911638750306565,-3.5448050036390106,-0.6943064361507443,43.45933867220709,,,,,,,,,-9.32077118773699,38.78460153547124,-19.39230076773562,0
2023-03-17,138.64,139.44,133.56,135.62,144.25399999999996,159.14116682247,129.3668331775299,32.12415793974992,33.50816238269133,0,0,,,,153.08946666666682,154.6203613333335,151.55857200000014,,-2.1924130967834743,-5.985275971550152,-9.965611404444441,0,40.950368643487174,42.88327926630165,,,,,-0.7859922171383817,-4.527295275061988,-3.741303057923606,-0.6345370714157872,40.950368643487174,,,,,,,,,-9.922118139839322,38.74815965012972,-19.37407982506486,0
2023-03-20,133.81,135.58,131.62,135.47,143.32349999999997,157.9620139614663,128.68498603853362,31.290242009246413,32.9983508740124,0,0,,,,152.89706666666686,154.42603733333354,151.36809600000018,,-1.833333333333298,-5.479561969949076,-9.508095976059462,0,40.83496843673752,42.2623248490359,,,,,-0.6824164606813579,-4.5943236337753035,-3.9119071730939456,-0.5452458471590007,40.83496843673752,,,,,,,,,-10.408276359491573,38.71229680497566,-19.35614840248783,0
2023-03-21,136.97,142.2899,135.31,141.47,142.83399999999995,157.02615050653213,128.64184949346776,42.05719320741722,35.15719771880453,0,0,,,,152.74826666666684,154.2757493333335,151.22078400000018,,2.5873446360459074,-0.9549547026617922,-5.149602638942319,0,47.2396969752042,42.09231108720875,,,,,-0.16315369073553665,-4.115849286513367,-3.95269559577783,-0.19786557539750418,47.2396969752042,,,,,,,,,-9.466811148222504,38.675655675868065,-19.337827837934032,0
2023-03-22,141.2,142.8,135.475,135.63,142.08249999999995,156.12843873687578,128.03656126312413,41.00292649265036,38.11678723643801,0,0,,,,152.52568888888905,154.05094577777794,151.00043200000016,,-1.1443148688046412,-4.541375609241083,-8.551303777155495,0,42.42564912686375,42.42314456681389,,,,,-0.16579624570959695,-4.159940902914826,-3.9941446572052293,-0.44081401652798297,42.42564912686375,,,,,,,,,-9.164315928944154,38.63887551793707,-19.319437758968537,0
2023-03-23,137.99,141.1006,135.0256,140.57,141.45499999999998,154.5624642856667,128.34753571433328,49.317822766260605,44.125980822109405,0,0,,,,152.38848888888907,153.91237377777796,150.86460400000018,,2.1383885429458127,-0.6256406631084066,-4.824990013293073,0,47.31642047763229,42.73193094097798,,,,,0.19291187887677363,-3.753004808609262,-3.9459166874860356,-0.24115743549645152,47.31642047763229,,,,,47.31642047763229,,47.31642047763229,,-7.847318434600216,38.60136435476549,-19.300682177382743,0
2023-03-24,139.3,141.9786,135.55,136.53,140.85949999999997,153.72341149689888,127.99558850310105,46.12498918984756,45.48191281625285,0,0,,,,152.20524444444462,153.72729688888907,150.68319200000016,,-1.1611913069917268,-3.0736301065955596,-7.0115375708895815,0,44.022859858941274,42.80708103676092,,,,,0.1857812299811279,-3.7136901500096258,-3.8994713799907537,-0.17418504324914955,44.022859858941274,,,,,,,,,-8.768729649502134,38.56450811937552,-19.28225405968776,0
2023-03-27,136.49,137.87,134.4,134.97,139.87549999999996,151.299547400114,128.45145259988593,40.89376014688012,45.445524034329445,0,0,,,,152.0210222222224,153.54123244444463,150.50081200000017,,-2.0949092544501946,-3.507047338526015,-7.605000022818686,0,42.78444099886392,42.77193219359467,,,,,0.10756809900469477,-3.765011256234885,-3.87257935523958,-0.11332369550283279,42.78444099886392,,,,,,,,,-8.759846665260364,38.52775104431242,-19.26387552215621,0
2023-03-28,136,136.7199,134.17,134.81,138.897,148.36984350129399,129.424156498706,38.850457166611264,41.956402167779665,0,0,,,,151.7935111111113,153.3114462222224,150.27557600000017,,-1.8542921001477475,-2.942468159859457,-7.1392326008041245,0,42.65191292481072,42.71504153422149,,,,,0.07800146681173592,-3.77507752172491,-3.853078988536646,0.00482348700841618,42.65191292481072,,,,,,,,,-9.901147301565599,38.49200782102548,-19.24600391051274,0
2023-03-29,136.26,138.6,135.6001,137.46,138.04499999999996,144.25414003707874,131.83585996292118,41.93564191235668,40.5599530752827,0,0,,,,151.66586666666683,153.1825253333335,150.14920800000016,,0.22968391118893816,-0.42377485602517195,-4.578554123753098,0,45.65450378185495,43.16394146750715,,,,,0.25962530353971935,-3.5285473591119967,-3.788172662651716,-0.016255514886930052,45.65450378185495,,,,,,,,,-9.556221724365528,38.45606171515944,-19.22803085757972,0
2023-03-30,139.99,145.33,138.76,142.11,138.38649999999996,144.70019392670196,132.07280607329795,62.56300918408293,47.78303608768365,0,0,,,,151.6073777777779,153.1234515555557,150.09130400000012,,3.379793982424517,2.690652628688528,-0.5876180482686677,0,50.5473191108756,44.16350628845249,,,,,0.6911418021594371,-2.9242454099524195,-3.6153872121118567,-0.09388821193503238,50.5473191108756,,,,,,,,,-7.841413242266651,38.419078407215125,-19.209539203607562,0
2023-03-31,142.81,154.44,141.83,154.29,138.99549999999996,148.27938814021687,129.71161185978306,75.29707461503138,59.93190857049035,0,0,,,,151.65626666666682,153.17282933333348,150.13970400000017,,10.736304196481793,11.003593641520792,8.187893109323774,0,60.56295725969273,45.46721443223625,,,,,1.7356371286989214,-1.4458408012382051,-3.1814779299371265,0.33691412822705247,60.56295725969273,,,,,60.56295725969273,,60.56295725969273,,-3.400513084172117,38.38203437881603,-19.191017189408015,0
2023-04-03,152.78,154.25,148.72,150,139.39199999999997,149.77906041188047,129.00493958811947,72.26803860714433,70.04270746875291,0,0,,,,151.68400000000014,153.20084000000014,150.16716000000014,,6.5461984316399935,7.610192837465579,5.280150480428403,0,56.24233022478064,46.33230688002328,,,,,2.0545487470648105,-0.6132919961061134,-2.667840743170924,0.5325128198429575,56.24233022478064,,,,,,,,,-0.5175124934289909,38.34712493127863,-19.173562465639314,0
2023-04-04,151,158,150.75,155.43,140.04099999999997,152.52216324707234,127.55983675292761,78.47771466481286,75.34760929566288,0,0,,,,151.78422222222238,153.3020644444446,150.26638000000017,,9.319172879448612,10.988924672060364,8.984966623660707,0,60.12041709838829,47.48665597073857,,,,,2.5175856401492838,0.4791413070156807,-2.038444333133603,0.6890769930968486,60.12041709838829,,,,,,,,,2.5363119523411566,38.31628351940934,-19.15814175970467,0
2023-04-05,154.83,156.04,144.1396,146.48,140.23249999999996,152.98253980386232,127.48246019613761,71.13529293528549,73.96034873574759,0,0,,,,151.8103555555557,153.32845911111127,150.29225200000013,,2.2440931141590736,4.455101349544521,2.8098168121095224,0,51.94817000580012,48.09300106599522,,,,,2.1232482115619793,0.6156159313188709,-1.5076322802431084,0.7301531606875207,51.94817000580012,,,,,,,,,0.9458967421697873,38.28321490704324,-19.14160745352162,0
2023-04-06,144.59,146.06,140.88,145.68,140.70149999999995,153.52826151645735,127.87473848354256,66.11211525249928,71.90837428419923,0,0,,,,151.75400000000013,153.27154000000013,150.23646000000014,,1.324282216781647,3.538341808722767,2.426608794288976,0,51.27721168849473,48.83063271206718,,,,,1.7274716358207745,0.6517072645328597,-1.0757643712879148,0.7001592322962785,51.27721168849473,,,,,,,,,0.1600889667885538,38.24928660148107,-19.124643300740534,0
2023-04-10,143.34,147.99,141.6,147.77,141.51699999999997,153.95795350043767,129.07604649956227,66.98248011228824,68.07662943335768,0,0,,,,151.76848888888904,153.28617377777792,150.25080400000016,,1.9806763285024287,4.418550421504164,3.912390212343997,0,52.98564014763685,49.69853783427427,,,,,1.5320360837579623,0.839280733409538,-0.6927553503484243,0.676180909353497,52.98564014763685,,,,,,,,,-1.3375509931514866,38.213999185512534,-19.106999592756267,0
2023-04-11,139.68,142.4,136.59,139.19,141.58999999999997,153.95813324637373,129.22186675362622,51.015640415085876,61.37007859329114,0,0,,,,151.73906666666684,153.25645733333351,150.22167600000017,,-4.219595106040364,-1.6950349600960313,-1.7651085813495948,0,45.87418167321445,49.601001026989294,,,,,0.7879891655988361,0.29223110665012086,-0.4957580589487153,0.5726633431625946,45.87418167321445,45.87418167321445,,45.87418167321445,,,,,,-2.774881156695621,38.177847730237076,-19.088923865118538,0
2023-04-12,141.9,144.5,139.3201,139.66,141.58199999999997,153.95490846971913,129.2090915302808,46.7350736473485,54.911064724907554,0,0,,,,151.7475111111113,153.2649862222224,150.23003600000018,,-4.215846975796744,-1.3575171985139134,-1.0908850545678805,0,46.299363972079924,49.87769494450473,,,,,0.31484131131568815,-0.10220641980410505,-0.4170477311197932,0.38891090505365167,46.299363972079924,,,,,,,,,-3.9462141003750593,38.141324746712,-19.070662373356,0
2023-04-13,141.09,144.5481,140.55,141.38,141.67199999999997,154.01149042708178,129.33250957291816,44.89586418109705,47.54885941451048,0,0,,,,151.72333333333347,153.2405666666668,150.20610000000013,,-3.2961921764170676,-0.20610988762773674,0.4383254122176661,0,47.91195424711643,49.92023307089646,,,,,0.11534542718202295,-0.27286594714226453,-0.3882113743242875,0.30464290358870844,47.91195424711643,,,,,,,,,-5.235908121203575,38.10470495346728,-19.05235247673364,0
2023-04-14,140,142.2,138.31,142.13,141.83249999999992,154.10797290331783,129.55702709668202,43.13804498724531,44.92299427189696,0,0,,,,151.72617777777793,153.2434395555557,150.20891600000016,,-2.784522677683443,0.20975446389230878,0.8076146524372385,0,48.636254755507835,50.249761277794065,,,,,0.03566117085234899,-0.3436349107588512,-0.3792960816112002,0.1545300868518268,48.636254755507835,,,,,,,,,-4.4681053694817505,38.06826994472655,-19.034134972363276,0
2023-04-17,142.13,145.85,141.83,145.26,142.31449999999995,154.3306748905409,130.298325109459,48.32226341684528,45.45205752839589,0,0,,,,151.75466666666682,153.2722133333335,150.23712000000015,,-0.026153147324781134,2.069711800273355,2.950938956599347,0,51.657445065956594,50.8835472825864,,,,,0.1870544629461951,-0.14547800292845636,-0.33253246587465146,0.0006215539730816846,51.657445065956594,,,,,,,,,-3.1114966973925497,38.03236835794985,-19.016184178974925,0
2023-04-18,147.53,147.57,142.17,145.89,142.83549999999997,154.51839771418352,131.1526022858164,54.49146839816392,48.650592267418176,0,0,,,,151.82693333333347,153.3452026666668,150.30866400000014,,0.692263626136258,2.1384739788077978,3.3042148270709504,0,52.26604197460327,51.57027078614301,,,,,0.3153759046363249,0.06168741492075469,-0.25368848971557023,-0.2112790722186492,52.26604197460327,,,,,,,,,-2.016876500627554,37.99718209040032,-18.99859104520016,0
2023-04-19,144.45,146.46,143.65,144.55,142.98949999999996,154.677537431496,131.30146256850392,54.68099051815459,52.49824077772127,0,0,,,,151.87928888888902,153.39808177777792,150.36049600000013,,0.522256761173634,1.0913388745327879,2.3046562596577447,0,50.80109420275965,51.9378843876362,,,,,0.29606993225344136,0.11639892560123144,-0.1796710066522099,-0.463149931637274,50.80109420275965,,,,,,,,,-1.3752260804076866,37.96256347382358,-18.98128173691179,0
2023-04-20,142.3,144.13,141.74,142.72,143.344,154.5372844152214,132.1507155847786,49.11642400964156,52.76296097532003,0,0,,,,151.95004444444461,153.46954488888906,150.43054400000017,,-0.49015848225176795,-0.4353164415671351,1.0078133846675996,0,48.789858090357924,51.81235145759923,,,,,0.15330054918675529,0.011954679831234216,-0.14134586935552107,-0.6398284854625267,48.789858090357924,,,,,,,,,-1.8133007125499327,37.92771001163523,-18.963855005817614,0
2023-04-21,144.07,146.8,143.52,145.19,143.57499999999996,154.72034431949365,132.42965568050627,51.37107974727995,51.72283142502537,0,0,,,,152.01795555555572,153.53813511111127,150.49777600000016,,1.2666173783252521,1.124847640605986,2.5408626173262228,0,51.57647300527573,51.17045972514087,,,,,0.21469745061758863,0.1270259439164647,-0.08767150670112392,-0.477403640848454,51.57647300527573,,,,,,,,,-1.8198531435092065,37.89294759023216,-18.94647379511608,0
2023-04-24,144.85,145.81,140.7731,142.51,143.87399999999997,154.5586401904824,133.18935980951753,44.955221052831334,48.48090826991762,0,0,,,,152.08400000000017,153.60484000000017,150.56316000000018,,-0.23661514336915657,-0.9480517675187872,0.38696164665326105,0,48.49311746110844,50.61694452773571,,,,,0.07169298920696002,0.0019447298075760955,-0.06974825939938392,-0.40995592503318007,48.49311746110844,,,,,,,,,-2.1387460271167824,37.85806674459963,-18.929033372299816,0
2023-04-25,140.56,140.66,135.26,135.48,143.8995,154.50112907293234,133.29787092706763,28.683927078128114,41.67007595941314,0,0,,,,152.12546666666682,153.6467213333335,150.60421200000016,,-4.910968086077028,-5.850958481440172,-4.514667913366899,0,41.486837171044314,49.28597453292543,,,,,-0.4696999967806892,-0.6568732553752454,-0.18717325859455625,-0.36813460873075304,41.486837171044314,41.486837171044314,,41.486837171044314,,,,,,-3.6546735815702713,37.82254650569649,-18.911273252848243,0
2023-04-26,142.78,149.2799,142.6,147.06,144.512,154.32871350300312,134.69528649699689,42.23092273266146,38.62335695454031,0,0,,,,152.16466666666682,153.6863133333335,150.64302000000015,,2.6833406648652414,1.7631753764393299,3.4708394604825,0,53.42413983063954,49.391400948985385,,,,,-0.043697212020059883,-0.2417947736196311,-0.1980975615995712,-0.09143792664031603,53.42413983063954,,,,,,,,,-3.0889893677709317,37.7873462914104,-18.8936731457052,0
2023-04-27,148.32,149.88,145.13,148.77,145.07750000000001,154.4992129546611,135.65578704533894,56.563506349599095,42.492785386796236,0,0,,,,152.248888888889,153.7713777777779,150.72640000000013,,3.344077356970221,2.5451913632368983,4.44886496606598,0,54.88773020514426,49.64929512874606,,,,,0.33653798326662654,0.22257491748371194,-0.11396306578291457,0.18991905253074956,54.88773020514426,,,,,54.88773020514426,,54.88773020514426,,-1.5307839401697265,37.75317846617935,-18.876589233089675,0
2023-04-28,145.67,148.76,140.87,148.08,145.376,154.78100164806185,135.97099835193816,59.41491966118784,52.73644958114948,0,0,,,,152.33782222222237,153.8612004444446,150.81444400000015,,2.4413528789147376,1.86000440237728,3.7420367291273404,0,54.14832693579913,49.73234418504337,,,,,0.5142249515899062,0.5288181237044682,0.014593172114562014,0.5011785155995157,54.14832693579913,,,,,,,,,1.4562168670642803,37.722238451961374,-18.861119225980687,0
2023-05-01,148.15,148.46,145.01,146.97,145.01,153.52672002592723,136.49327997407275,62.87107227242197,59.61649942773632,0,0,,,,152.4076444444446,153.93172088888906,150.88356800000014,,1.5533229225688228,1.3516309220053868,2.692202882955863,0,52.913430366764075,50.23514766315406,,,,,0.5276685292853445,0.6741788337212427,0.14651030443589816,0.4712100413666476,52.913430366764075,,,,,,,,,1.5505489454235708,37.69149975020925,-18.845749875104627,0
2023-05-02,146.44,147.05,143.54,144.84,144.75199999999998,152.9552934849392,136.54870651506076,58.26109757371681,60.18236316910889,0,0,,,,152.44884444444463,153.97333288888908,150.9243560000002,,0.15420040520826017,0.06079363324860143,0.9835273119398913,0,50.53191909310679,50.53747302894169,,,,,0.3711661166926048,0.6104679503016541,0.23930183360904936,0.35666529073805864,50.53191909310679,,,,,,,,,0.7656288224831087,37.65982930909112,-18.82991465454556,0
2023-05-03,144.07,147.59,142.4424,144.64,144.2125,150.79492774362313,137.63007225637688,56.581240908785276,59.2378035849747,0,0,,,,152.49955555555573,154.0245511111113,150.97456000000017,,0.009680140500356593,0.2964375487561677,0.7698470756261289,0,50.302982332350524,50.708260749315556,,,,,0.2386710933732603,0.5376407003256247,0.2989696069523644,0.2549362825656594,50.302982332350524,,,,,,,,,0.0669178840413558,37.62744829168961,-18.813724145844805,0
2023-05-04,148.98,156.59,148.86,155.27,144.652,152.77487289079644,136.52912710920353,72.48871029964572,62.44368292738261,0,0,,,,152.64555555555575,154.17201111111132,151.11910000000017,,6.436067753854213,7.340375521942333,7.684554371672503,0,60.5366562426564,51.55828942696902,,,,,0.81877036405538,1.3224325620215893,0.5036621979662094,0.4169078517346471,60.5366562426564,,,,,,,,,2.022278006854329,37.59759478920894,-18.79879739460447,0
2023-05-05,155.75,159.05,153,154.17,145.07649999999998,154.19611463001846,135.9568853699815,72.42462578716693,67.16485899853267,0,0,,,,152.82720000000018,154.3554720000002,151.29892800000016,,5.0354614760967475,6.268072361822896,6.5865613959887215,0,59.17862359443451,52.09551646471744,,,,,1.0646528307732053,1.834478236432716,0.7698254056595106,0.5726876469202481,59.17862359443451,,,,,,,,,4.1674990514312285,37.5713532503412,-18.7856766251706,0
2023-05-08,160.11,163.1823,156.29,160.42,145.709,156.98733125954394,134.43066874045607,78.13087367785222,74.34806992155497,0,0,,,,153.03408888888907,154.56442977777797,151.50374800000017,,7.976038231136884,10.09615054663746,10.300285571532687,0,64.10569988747591,52.94120631563694,,,,,1.5547983843161943,2.7133233860547534,1.158525001738559,0.7211823256698603,64.10569988747591,,,,,,,,,7.750636906302835,37.55308595619583,-18.776542978097915,0
2023-05-09,158.97,164.56,158.61,163.87,146.94299999999998,160.3061824054011,133.57981759459886,82.4864900951699,77.6806631867297,0,0,,,,153.21777777777797,154.74995555555574,151.6856000000002,,8.23002595618496,11.51943270519864,11.931021292872623,0,66.5087186812267,54.06317949267031,,,,,1.990115909964261,3.646169889193885,1.6560539792296243,0.8060049556279499,66.5087186812267,,,,,,,,,9.615629005702592,37.53992936289424,-18.76996468144712,0
2023-05-10,165.81,173.27,165.2,172.04,148.56199999999998,165.39807626497395,131.72592373502602,86.38977989427488,82.33571455576568,0,0,,,,153.47404444444462,155.00878488888907,151.93930400000016,,11.781790301935601,15.803502914608059,16.523792644904045,0,71.39291324228734,55.677683432093836,,,,,2.6649317224021623,4.987218632232327,2.322286909830165,0.842541357514064,71.39291324228734,,,,,71.39291324228734,,71.39291324228734,,13.50362574753597,37.53956048450447,-18.769780242252235,0
2023-05-11,170.21,171.7799,168.85,170.07,149.9965,168.90218409235743,131.09081590764256,85.26016612170059,84.7121453703818,0,0,,,,153.6993333333335,155.23632666666683,152.16234000000017,,8.99337977530974,13.382645595063881,14.347635098791557,0,68.78794530224401,56.907074310448714,,,,,2.801300431612063,5.823912449345244,3.022612017733181,0.8984237397752566,68.78794530224401,,,,,,,,,15.460349688407105,37.546617120363436,-18.773308560181718,0
2023-05-12,169.2,171.32,166.42,167.4,151.26,171.24096994642719,131.2790300535728,82.95463415896222,84.8681933916459,0,1,,,,153.8987111111113,155.43769822222242,152.3597240000002,,5.9701587020238644,10.670368901229676,11.918096099803698,0,65.30974198261627,58.1082617762707,,,,,2.541975159896322,6.200080967603583,3.658105807707261,0.9130512941563186,65.30974198261627,,,,,,,,,16.018206409984145,37.55577423165485,-18.777887115827426,0
2023-05-15,167.66,172.88,166.9,172.05,152.59949999999998,174.30910476379165,130.8898952362083,85.41009342430984,84.5416312349909,0,0,,,,154.0973333333335,155.63830666666684,152.55636000000015,,7.211625341949368,12.746109915170134,14.57345997864583,0,68.31462680165615,60.02453246417154,,,,,2.5095824496278833,6.795083869742115,4.285501420114231,0.9098328752066418,68.31462680165615,,,,,,,,,15.831817626658177,37.563968400943324,-18.781984200471662,0
2023-05-16,170.14,173.05,168.79,171.71,153.89049999999997,176.88352022353843,130.89747977646152,80.40942896537332,82.92471884954847,0,1,,,,154.22444444444463,155.76668888888906,152.6822000000002,,5.237674977323481,11.57933725603597,13.798633877367084,0,67.85182771013186,61.05508159842099,,,,,2.296954763369852,7.156694874326547,4.859740110956695,0.9246684588074988,67.85182771013186,,,,,,,,,16.094414370728515,37.57305079871806,-18.78652539935903,0
2023-05-17,172.09,174.5499,170.3,174.02,155.36399999999998,179.52149440649944,131.2065055935005,83.98904593540854,83.26952277503058,0,0,,,,154.3244000000002,155.8676440000002,152.78115600000018,,4.766950428050287,12.00792976493914,14.857863229247116,0,69.37007487564068,62.089534789170735,,,,,2.1463871651423903,7.5427240673846825,5.396336902242292,0.9407131219774404,69.37007487564068,,,,,,,,,17.541462395773046,37.58809040730241,-18.794045203651205,0
2023-05-18,175.97,185,175.51,184.31,157.44349999999997,183.93665555006677,130.95034444993317,88.01785335305284,84.13877608461159,0,0,,,,154.4851111111113,156.02996222222242,152.9402600000002,,9.055299811841033,17.064216687256085,20.645414675656237,0,75.02768562002136,63.580917552329474,,,,,2.546983536835163,8.580066323286246,6.033082786451083,0.9531296726123586,75.02768562002136,,,,,75.02768562002136,,75.02768562002136,,20.22144334561982,37.61530808581007,-18.807654042905035,0
2023-05-19,181.18,182.46,175.71,176.82,159.025,186.17169077438348,131.87830922561653,82.1206212575862,84.7091735153492,0,1,,,,154.63204444444463,156.1783648888891,153.08572400000017,,3.2398946698507514,11.190064455274328,14.961510454592752,0,65.53838910492811,64.48270031934119,,,,,2.1315557299348873,8.697527448869693,6.565971718934805,0.9393299090921402,65.53838910492811,,,,,,,,,21.204973300034542,37.64706797128069,-18.823533985640346,0
2023-05-22,176.51,182.2,175.3934,178.47,160.82299999999998,188.11922984956033,133.52677015043963,82.4439520295892,84.19414221340942,0,0,,,,154.78955555555575,156.3374511111113,153.2416600000002,,3.1165499549331344,10.972932976004678,15.2673662092514,0,66.54230043208699,65.62629898641121,,,,,1.8048723896230507,8.822062205963618,7.017189816340568,0.9208791313368011,66.54230043208699,,,,,,,,,22.009266331136285,37.68256079488773,-18.841280397443864,0
2023-05-23,177.04,182.5,175.082,175.16,162.807,188.14463059167159,137.4693694083284,77.75311057064587,80.77256128594043,0,0,,,,154.95000000000022,156.4995000000002,153.40050000000022,,0.5482047013576352,7.587511593481855,12.260222905375272,0,62.60244908021367,66.50483232554429,,,,,1.2302883604208725,8.555050266866658,7.324761906445786,0.8855053420498386,62.60244908021367,,,,,,,,,19.764723685490097,37.706514217625646,-18.853257108812823,0
2023-05-24,173.64,178.4,172.1205,177.14,164.31099999999998,189.2998142175656,139.32218578243436,73.34754902649335,77.84820387557615,0,0,,,,155.09493333333353,156.64588266666686,153.5439840000002,,1.3879747016570132,7.807754806434142,12.627400448034209,0,63.97646033405702,66.75053261778719,,,,,0.8652369918828304,8.406308146299324,7.5410711544164934,0.8434944056758268,63.97646033405702,,,,,,,,,19.60753764357132,37.7294146181786,-18.8647073090893,0
2023-05-25,150.47,158.7299,143.11,147.91,164.268,189.36635580272127,139.16964419727873,44.45183631293103,65.18416530335678,0,0,,,,155.06386666666688,156.61450533333354,153.51322800000023,,-14.254575388842817,-9.958117223074492,-6.087298832572808,0,40.38634764584197,65.40822719288772,,,,,-1.3430681061887935,5.862236021680502,7.2053041278692955,0.1605542764996991,40.38634764584197,40.38634764584197,,40.38634764584197,,,,,,12.558109805734723,37.723850135440884,-18.861925067720442,0
2023-05-26,146.86,152.9,144.825,150.01,164.3645,189.22688240796705,139.50211759203293,39.217314154691884,52.33889983137211,0,0,,,,155.04613333333353,156.59659466666687,153.49567200000018,,-12.151557741859886,-8.733333536134625,-4.912525354969555,0,42.039885734906576,63.83209761056134,,,,,-2.588457398584988,3.96973237963806,6.558189778223048,-0.24265493735606283,42.039885734906576,,,,,,,,,6.770121804222598,37.702265192569456,-18.851132596284728,0
2023-05-30,151.18,159.99,150.5,158.65,164.94850000000002,188.67172092381136,141.22527907618868,39.970818433980554,41.21332296720118,0,0,,,,155.04426666666686,156.59470933333353,153.4938240000002,,-6.356982646676856,-3.818464551056855,0.2804354650782992,0,48.38349205754656,62.53743856601276,,,,,-2.7417572147773477,3.1309932597513637,5.872750474528711,-0.445207849314852,48.38349205754656,,,,,,,,,2.565876666522798,37.67317762500824,-18.83658881250412,0
2023-05-31,158,168.98,157.43,165.36,165.9745,187.83185617589626,144.11714382410375,42.91999211766156,40.70270823544468,0,0,,,,155.0695111111113,156.6202062222224,153.5188160000002,,-2.029208756702272,-0.3702375967392535,4.094710910975619,0,52.71212033807381,61.203096215711795,,,,,-2.319439346768533,2.973451291068045,5.292890637836578,-0.46208661352975056,52.71212033807381,,,,,,,,,6.34931592135334,37.65075575825511,-18.825377879127554,0
2023-06-01,160.37,169.46,160,167.28,167.1065,186.6494529754328,147.5635470245672,46.612015269284,43.16760860697539,0,0,,,,155.1223111111113,156.6735342222224,153.57108800000017,,-0.494316255331273,0.10382600317759838,4.803493449781682,0,53.90334714142844,60.1399106327964,,,,,-1.858874204599294,2.96929788208746,4.828172086686754,-0.47250290742963946,53.90334714142844,,,,,,,,,10.048709133195642,37.63743696555713,-18.818718482778564,0
2023-06-02,172.3,182.95,172.08,175.21,168.1035,187.15773236449022,149.04926763550978,52.94991824118241,47.493975209376,0,0,,,,155.25466666666688,156.80721333333355,153.7021200000002,,4.790043121751686,4.227455109500999,9.031960969781473,0,58.547937361232755,59.65692458841186,,,,,-1.0106990878914344,3.564798226822461,4.575497314713895,-0.41936498647730636,58.547937361232755,,,,,,,,,13.496302661309903,37.63486614566893,-18.817433072834465,0
2023-06-05,175.81,183.55,174.86,181.75,169.48250000000002,188.2940420686332,150.67095793136684,61.406446108651366,53.656126539705944,0,0,,,,155.39755555555575,156.9515311111113,153.8435800000002,,8.381933760301518,7.2382104347056275,12.250485852630199,0,61.952730639970355,59.202503434005735,,,,,-0.050443254598402376,4.512443246465892,4.562886501064295,-0.2411766001785878,61.952730639970355,,,,,,,,,16.942979192705465,37.64518767594455,-18.822593837972274,0
2023-06-06,181.25,185.04,181.17,182.22,170.57250000000002,189.68126016386094,151.4637398361391,70.69510118772564,61.68382184585315,0,0,,,,155.55764444444463,157.1132208888891,154.00206800000018,,8.419756171572423,6.828474695510689,11.628191907538078,0,62.19306775033106,58.79830629401997,,,,,0.5424661539647584,5.240969193520243,4.698503039555485,-0.09219992123354023,62.19306775033106,,,,,62.19306775033106,62.19306775033106,62.19306775033106,,20.044317496880137,37.668883252679166,-18.834441626339583,0
2023-06-07,182.01,183,167.3671,169.07,170.8325,189.70949962917769,151.95550037082234,64.83878844252274,65.64677857963328,0,0,,,,155.65151111111132,157.20802622222243,154.0949960000002,,0.9614236235518936,-1.0317123498163494,2.8669124715559935,0,52.2485416209795,57.575339632972735,,,,,0.0036156779658016447,4.703022637012737,4.699406959046935,-0.07688054432146886,52.2485416209795,,,,,,,,,18.465548600411733,37.68516821935857,-18.842584109679287,0
2023-06-08,167.655,174.66,166.4,174.31,170.946,189.87789309076058,152.01410690923942,64.87890138700546,66.80426367241796,0,0,,,,155.77524444444467,157.3329968888891,154.21749200000022,,4.266735256644183,1.9678728955342617,5.472177233112618,0,55.3147160224285,56.16727037600182,,,,,-0.042753938738743,4.645964535623506,4.688718474362249,0.1292983234549414,55.3147160224285,,,,,,,,,16.554468756414,37.69327094184124,-18.84663547092062,0
2023-06-09,174.31,176.5261,169.29,170.65,170.97500000000002,189.9032133335389,152.04678666646114,62.309049399688945,64.00891307640573,0,0,,,,155.8827555555558,157.44158311111136,154.32392800000025,,0.7075791821824939,-0.1900862699225181,2.803888454919523,0,52.76612640850174,55.25496589768566,,,,,-0.3458950849500537,4.256349618174681,4.602244703124735,0.22644991816109503,52.76612640850174,,,,,,,,,13.736010678898781,37.690784858071474,-18.845392429035737,0
2023-06-12,170.27,172.38,167.838,171.89,171.1995,190.0591654000009,152.3398345999991,61.45526075188698,62.88107051286048,0,0,,,,155.949377777778,157.5088715555558,154.38988400000022,,0.14623716055210956,0.40333061720390084,3.0581492021872103,0,53.54703100942911,54.32673236749581,,,,,-0.48058957399109303,4.001507735635869,4.482097309626962,0.3763881580825248,53.54703100942911,,,,,,,,,14.163911767296232,37.68967580228147,-18.844837901140735,0
2023-06-13,173.03,174.86,168.76,173.44,171.269,190.15092140646712,152.3870785935329,61.09343524432698,61.61924846530099,0,0,,,,156.0192000000002,157.5793920000002,154.4590080000002,,0.18600030037316806,1.2675965878238271,3.440255260777536,0,54.55836149197022,53.752154682621274,,,,,-0.48176521734833067,3.879890787941548,4.361656005289879,0.5093264154917666,54.55836149197022,,,,,,,,,13.809483122604888,37.687232616437036,-18.843616308218518,0
2023-06-14,172.73,181.33,171.11,181.07,171.73700000000002,191.09736890144285,152.3766310985572,68.56518751883877,63.70462783835094,0,0,,,,156.18844444444466,157.7503288888891,154.6265600000002,,3.6527772212331833,5.434472478266161,7.218566313620389,0,59.260280834731034,53.41528471838371,,,,,-0.010082769360626465,4.349052543589096,4.359135312949722,0.7358345116139942,59.260280834731034,,,,,,,,,15.93613363050919,37.69235465542687,-18.846177327713434,0
2023-06-15,179.18,191.65,178.35,190.98,172.585,193.6791617515367,151.49083824846332,79.5958564050491,69.75149305607164,0,0,,,,156.41386666666688,157.97800533333356,154.8497280000002,,7.862350967756537,10.658516093519133,12.061681453316453,0,64.41103010882509,55.131333465739644,,,,,0.8787788503319423,5.457608875864651,4.578830025532708,0.7324884538794211,64.41103010882509,,,,,64.41103010882509,,64.41103010882509,,19.871432146101338,37.71368617607385,-18.856843088036925,0
2023-06-16,191.57,193.94,182.9208,184.18,172.57850000000002,193.65828109468805,151.498718905312,78.31360005049966,75.49154799146253,0,0,,,,156.65413333333353,158.22067466666687,155.0875920000002,,3.4974937625031233,6.7224480453822455,7.463975431915593,0,58.90748185261548,56.3361617598617,,,,,0.9141286207152701,5.721490801426796,4.807362180711526,0.6919980142627096,58.90748185261548,,,,,,,,,21.93419729846543,37.744432419380026,-18.872216209690013,0
2023-06-20,183.3,185.6708,176.711,179.08,172.6915,193.8849407541581,151.4980592458419,73.70958580711822,77.20634742088902,0,0,,,,156.82204444444463,158.39026488888908,155.25382400000018,,0.7828284249447259,3.699371422449871,3.9844847809172412,0,55.104571314363625,56.81623884963436,,,,,0.5190671503018809,5.456196118588878,4.937128968286997,0.5831866569618903,55.104571314363625,,,,,,,,,21.208742362564436,37.77133533891377,-18.885667669456886,0
2023-06-21,180.7,183.6,173.26,173.39,172.4375,193.46898199723427,151.40601800276573,62.463410458133936,71.49553210525062,0,0,,,,156.95586666666688,158.52542533333354,155.3863080000002,,-1.932061129147189,0.552374048568316,0.4284189044909681,0,51.13799240124338,56.70380113986075,,,,,-0.16389345298878055,4.732262152051021,4.896155605039802,0.3641533155270121,51.13799240124338,51.13799240124338,,51.13799240124338,,,,,,17.15062240601748,37.780301936015114,-18.890150968007557,0
2023-06-22,171.18,179.74,170.82,178.6,172.6095,193.7830159810553,151.43598401894468,59.24271611253141,65.13857079259454,0,0,,,,157.08337777777797,158.65421155555575,155.5125440000002,,0.47311247250492183,3.470550578038867,3.1527230162641917,0,54.37637668960049,56.737588964730186,,,,,-0.29551564992631807,4.526761042631904,4.822276692558222,0.22027021934794225,54.37637668960049,,,,,,,,,15.735415465918194,37.78368463936803,-18.891842319684017,0
2023-06-23,175.75,181.8165,174.61,178.25,172.66500000000002,193.8914792181832,151.43852078181683,53.26768898154964,58.324605184071665,0,0,,,,157.204577777778,158.7766235555558,155.63253200000023,,0.05444758157315821,3.2345872064402093,2.8276399157765253,0,54.11689604964942,56.42108601390281,,,,,-0.4288224327861503,4.286248651575534,4.715071084361684,0.18164170233068236,54.11689604964942,,,,,,,,,15.355174761390506,37.785543867479376,-18.892771933739688,0
2023-06-26,180.59,183.39,169.51,169.84,173.7615,191.78338366958323,155.7396163304168,45.41150471283034,52.64063660230381,0,0,,,,157.27777777777797,158.85055555555576,155.70500000000018,,-4.6228491845994535,-2.2568290444085815,-2.019529942963927,0,48.16885871052258,55.436523733227965,,,,,-1.0695899169338885,3.378083688194323,4.4476736051282115,0.11113325736990975,48.16885871052258,48.16885871052258,,48.16885871052258,,,,,,14.406626429233405,37.783952190259875,-18.891976095129937,0
2023-06-27,176.99,179.1499,170.56,177.02,175.11200000000002,189.49218442162572,160.73181557837432,49.188350814228386,49.28918150286947,0,0,,,,157.3428888888891,158.91631777777798,155.7694600000002,,-0.8763333986616884,1.0895883777239712,1.934032523071716,0,52.92589048485401,54.7745824999796,,,,,-0.997478656470431,3.200825284540173,4.198303941010604,0.2361622906452761,52.92589048485401,,,,,,,,,13.851603875811188,37.78039589827797,-18.890197949138987,0
2023-06-28,179.18,191.94,178.85,183.85,176.372,189.0806719998588,163.66332800014123,55.40515020376371,50.00166857694083,0,0,,,,157.44551111111133,159.01996622222245,155.8710560000002,,2.3515526705488066,4.2399020252647635,5.627733815429625,0,56.971486953221245,55.11193573799687,,,,,-0.5023917277816023,3.5703142812836006,4.072706009065203,0.21396982729046418,56.971486953221245,,,,,56.971486953221245,56.971486953221245,56.971486953221245,,14.763213905326724,37.77982391505245,-18.889911957526223,0
2023-06-29,183.55,186.17,175.121,175.77,176.89249999999998,188.56495968080532,165.22004031919465,49.12829434295473,51.240598453648964,0,0,,,,157.49102222222243,159.06593244444466,155.9161120000002,,-1.8571045696162636,-0.6345661913308764,0.9070555140938019,0,51.349241271916185,54.8286875415317,,,,,-0.7185214346940958,3.174554215697583,3.893075650391679,0.10183632922489647,51.349241271916185,,,,,,,,,15.728504428910218,37.7825523407669,-18.89127617038345,0
2023-06-30,179.33,181.5,175.75,175.98,177.32750000000001,188.15228244585015,166.50271755414988,46.90935052868627,50.48093169180158,0,0,,,,157.51382222222242,159.08896044444464,155.9386840000002,,-0.9099304038378997,-0.7598934175466421,0.9897353691709077,0,51.483251076394396,54.73705358923833,,,,,-0.8384119851317897,2.8450606689769415,3.6834726541087313,-0.10322636206487305,51.483251076394396,,,,,,,,,15.21128028008628,37.78330490685577,-18.891652453427884,0
2023-07-03,176,178.1,174.65,176.99,177.41649999999998,188.1993684031666,166.63363159683337,45.14122524571319,47.059623372451405,0,0,,,,157.58688888888912,159.162757777778,156.01102000000023,,0.06388620340691542,-0.24039477726139902,1.711765900305351,0,52.1657046295392,54.63838741924619,,,,,-0.8387317944281261,2.6350579110735737,3.4737897055016997,-0.2941110420433971,52.1657046295392,,,,,,,,,13.556814696731067,37.77839431363779,-18.889197156818895,0
2023-07-05,175,175.9018,170.63,172.55,176.95650000000003,187.7455950037496,166.16740499625047,38.66950865579192,43.57336147673047,0,0,,,,157.5786666666669,159.15445333333355,156.00288000000023,,-2.08484655892498,-2.4901600110761812,-0.7586171197855762,0,48.908732125459004,54.23484246449539,,,,,-1.109984843104256,2.08630865162138,3.196293494725636,-0.5496171227481057,48.908732125459004,,,,,,,,,12.723895367643962,37.770811075946675,-18.885405537973337,0
2023-07-06,169.82,173.1021,167.485,172.19,176.455,187.1508674262535,165.7591325737465,29.177525750473436,37.66275321732619,0,0,,,,157.59782222222242,159.17380044444465,156.0218440000002,,-2.2225503111797384,-2.41704683913746,-0.8462913092466606,0,48.64354135005788,53.476503929875875,,,,,-1.2739281159781957,1.6038833497528913,2.877811465731087,-0.5987466701515696,48.64354135005788,,,,,,,,,11.781732747286233,37.76039530219152,-18.88019765109576,0
2023-07-07,173.37,176.41,170.49,170.61,176.53200000000004,187.03452464886115,166.02947535113893,25.971581450093744,31.272871952119704,0,0,,,,157.6064000000002,159.1824640000002,156.0303360000002,,-2.678189441259504,-3.3546325878594407,-1.6702399889342079,0,47.42806453217194,52.26343496011493,,,,,-1.436971533039754,1.0815970494313945,2.5185685824711483,-0.5395220131233158,47.42806453217194,,,,,,,,,10.25082783100265,37.74579388129252,-18.87289694064626,0
2023-07-10,166.53,170.48,162.6,169.65,176.29900000000004,187.1880218109788,165.40997818902127,23.031461086790124,26.060189429119106,0,0,,,,157.60288888888908,159.17891777777797,156.0268600000002,,-2.7487173607727122,-3.7714337574234813,-2.0826319080371247,0,46.66508586723916,51.38897810401662,,,,,-1.548061832212194,0.5834912922059061,2.1315531244181,-0.5077878384682314,46.66508586723916,46.66508586723916,,46.66508586723916,,,,,,9.395738601148224,37.72905446526605,-18.864527232633026,0
2023-07-11,171.2,174.3442,169.32,172.05,176.36900000000003,187.1291001854067,165.60889981459334,29.0471924606967,26.016744999193524,0,0,,,,157.62377777777797,159.20001555555575,156.0475400000002,,-1.4977156401360103,-2.4488430506494963,-1.1564778269936737,0,48.87919668426173,50.94430848758077,,,,,-1.4028096900565252,0.37804101184744354,1.7808507019039688,-0.48199235736074075,48.87919668426173,,,,,,,,,9.101983463326203,37.711615259457126,-18.855807629728563,0
2023-07-12,175.09,175.76,170.22,171.93,176.37100000000004,187.12778372005056,165.61421627994952,29.95343927694295,27.344030941476593,0,0,,,,157.67106666666686,159.24777733333352,156.0943560000002,,-1.2787312597254075,-2.517987651031084,-1.6383126009523519,0,48.770179040534025,50.77517896181582,,,,,-1.262124654942042,0.20319488322641632,1.4653195381684583,-0.6049287730580085,48.770179040534025,,,,,,,,,9.10962228492996,37.69419417164216,-18.84709708582108,0
2023-07-13,175.825,184.45,175.27,184.22,176.91000000000003,188.09702462677086,165.7229753732292,47.84077615304528,35.613802630228314,0,0,,,,157.77093333333352,159.34864266666685,156.19322400000019,,5.755651744606616,4.132044542422686,4.8814091980460494,0,58.88444199194157,51.09718362626876,,,,,-0.3368232906856634,1.0442904248113791,1.3811137154970425,-0.16574188148487165,58.88444199194157,,,,,58.88444199194157,,58.88444199194157,,11.935820619466362,37.68408081003874,-18.84204040501937,0
2023-07-14,184.94,187.79,180.07,180.79,176.89600000000004,188.06284807812636,165.72915192187372,51.16518911979647,42.98646818326157,0,0,,,,157.89026666666686,159.46916933333353,156.3113640000002,,3.488345468699916,2.2012934153400554,2.6280982665412678,0,55.58603659992108,51.20212223700245,,,,,0.029308574828378342,1.4177494340325154,1.388440859204137,0.06957248864495816,55.58603659992108,,,,,,,,,13.540767604242179,37.678703965960345,-18.839351982980173,0
2023-07-17,182.5,185.58,181.11,184.21,176.55750000000006,186.3179956329038,166.79700436709632,58.46593462884796,52.490633300563246,0,0,,,,158.03515555555575,159.6155071111113,156.4548040000002,,4.951600681407742,4.334282032765491,4.235590579696469,0,58.10587812789561,51.911909338243376,,,,,0.4628547910300549,1.9670093479917057,1.5041545569616508,0.12878721860259998,58.10587812789561,,,,,,,,,15.920114724216278,37.681173961442724,-18.840586980721362,0
2023-07-18,185.48,189.24,182.1,188.2,176.75850000000005,187.2749029496757,166.24209705032442,65.00274445410373,58.21128940091606,0,0,,,,158.19128888888906,159.77320177777796,156.60937600000017,,6.544384057971042,6.472956038889177,6.233054172083996,0,60.893501539508456,52.48102441357583,,,,,0.9512489358367255,2.6932157267575576,1.741966790920832,0.3608389937872951,60.893501539508456,,,,,60.893501539508456,,60.893501539508456,,16.570752868715932,37.685853447846746,-18.842926723923373,0
2023-07-19,191.86,193.23,185.15,185.45,177.07700000000006,188.2223812855345,165.9316187144656,70.60195072576708,64.69020993623958,0,0,,,,158.30666666666684,159.8897333333335,156.72360000000018,,4.22638116113081,4.728451464617045,4.607938809009426,0,58.027607320194406,52.55646158264535,,,,,1.016119128734518,3.0121157018389795,1.9959965731044615,0.6627143020496225,58.027607320194406,,,,,,,,,17.3785383974094,37.693387439154236,-18.846693719577118,0
2023-07-20,182.47,183.9499,175.55,176.33,177.22400000000005,188.24787844635222,166.20012155364788,61.6246376963425,65.74311095873777,0,0,,,,158.2180000000002,159.80018000000018,156.6358200000002,,-1.129278248777621,-0.50444635038146,-0.4261614971369565,0,49.677438913355964,52.43704712846248,,,,,0.4032976513409734,2.5001186372806785,2.096820985939705,0.6158154517817703,49.677438913355964,,,,,,,,,15.541560963707289,37.694140665812576,-18.847070332906288,0
2023-07-21,178.68,180.81,175.85,175.9,177.08900000000006,188.10829743676666,166.06970256323345,54.70121171086282,62.309266710990805,0,0,,,,158.12106666666682,159.70227733333348,156.53985600000016,,-1.6620730909639558,-0.671413808875787,-0.7965228965084115,0,49.31709568558155,52.28232174340441,,,,,-0.048506419787967214,2.036187961204746,2.084694380992713,0.5626961628211171,49.31709568558155,,,,,,,,,12.788400155683995,37.6860273843353,-18.84301369216765,0
2023-07-24,176.11,177.35,172.86,174.8,176.91650000000004,187.96567241244637,165.86732758755372,47.78255723608215,54.70280221442916,0,0,,,,158.06937777777793,159.6500715555557,156.48868400000015,,-2.557584676789937,-1.1963270808545423,-1.425977375344456,0,48.350887898993435,52.00983483407972,,,,,-0.41835086293169566,1.5617558023280935,1.9801066652597892,0.5084491418655741,48.350887898993435,,,,,,,,,10.400014979546862,37.67139052763553,-18.835695263817765,0
2023-07-25,177,181.8,176.31,179.29,177.38900000000007,187.98628814366654,166.7917118563336,49.1676515745457,50.55047350716356,0,0,,,,158.0451555555557,159.62560711111126,156.46470400000015,,-0.45638269521184327,1.0716560778852857,0.9421037815520172,0,52.44628336444407,52.262517065435794,,,,,-0.35974249524653557,1.5304285462016196,1.8901710414481552,0.46006432159121036,52.44628336444407,,,,,,,,,10.888663559122088,37.65797547577351,-18.828987737886756,0
2023-07-26,174.2,174.3,168.245,170,177.03800000000007,188.11509095385156,165.96090904614857,39.741879269344764,45.564029359990876,0,0,,,,157.99648888888905,159.57645377777794,156.41652400000015,,-5.513036421945405,-3.9754177069330154,-4.254300577665726,0,44.5714125290306,51.971650721076706,,,,,-0.9142480352162461,0.7473609974278475,1.6616090326440935,0.1879532062210871,44.5714125290306,,,,,,,,,9.544476541286244,37.64125078804659,-18.820625394023295,0
2023-07-27,174.32,175.4,167.02,168.27,176.25900000000007,187.50041788209597,165.01758211790417,34.674421767294255,41.19465087039491,0,0,,,,157.97480000000016,159.55454800000015,156.39505200000016,,-5.638052084968903,-4.532534508876173,-5.1365795724465535,0,43.268498911090475,51.674538890999465,,,,,-1.3394281031644364,-0.012676096311452056,1.3267520068529843,-0.12799577415718646,43.268498911090475,43.268498911090475,,43.268498911090475,,,,,,8.061343127105184,37.621281781036394,-18.810640890518197,0
2023-07-28,170.96,175.35,169.72,174.83,176.21200000000005,187.4690521896248,164.9549478103753,41.24142353124229,38.55257485596044,0,0,,,,157.9896444444446,159.56954088888904,156.40974800000015,,-1.630581562837563,-0.7842825687240595,-1.3226219145093476,0,49.31844589494596,51.86406460726423,,,,,-1.1291595683276907,-0.08469745355662894,1.0444621147710618,-0.34857752551659166,49.31844589494596,,,,,,,,,7.011612296722958,37.59927867034672,-18.79963933517336,0
2023-07-31,176.98,181.3639,176.98,177.71,176.29850000000005,187.57366434469787,165.02333565530222,39.222897762634325,38.3795810203903,0,0,,,,158.02480000000014,159.60504800000015,156.44455200000013,,0.35690486678188194,0.8006307484181407,0.5539492222643272,0,51.7511409571072,52.06920348389605,,,,,-0.7639022037862648,0.08958436003823067,0.8534865638244955,-0.48541502785815366,51.7511409571072,,,,,,,,,8.520236505932871,37.580305892652326,-18.790152946326163,0
2023-08-01,175.23,177.71,174.82,176.58,176.27800000000005,187.5495510911292,165.0064489088709,40.56648788715468,40.343603060343774,0,0,,,,158.01955555555568,159.59975111111123,156.43936000000014,,0.3774528752359396,0.1713203008883557,0.0579865629834142,0,50.72239500151188,52.20864748110875,,,,,-0.5748159822918458,0.13496658595968825,0.7097825682515341,-0.6795996630027468,50.72239500151188,,,,,,,,,10.178089240207258,37.56510160957941,-18.782550804789704,0
2023-08-02,172.5,172.7965,164.51,164.6,175.88050000000004,188.16509926086192,163.59590073913816,28.522161071648114,36.10384890714571,0,0,,,,157.95342222222237,159.5329564444446,156.37388800000014,,-5.310330148247422,-6.413729776751853,-6.474615756129443,0,41.33985862717814,50.955462955054216,,,,,-1.1971741629626598,-0.7866851354517905,0.4104890275108692,-0.7242579716418652,41.33985862717814,,,,,,,,,7.994000357153992,37.5450557384195,-18.77252786920975,0
2023-08-03,163.46,164.72,159.53,161.05,175.32350000000005,189.14142933112493,161.50557066887518,23.84328707244726,30.977312010416693,0,0,,,,157.83280000000016,159.41112800000016,156.25447200000016,,-6.530936779974783,-8.141236057915812,-8.277345463036623,0,39.03556813470977,49.77328663611055,,,,,-1.7547934223276391,-1.7830027503986798,-0.02820932807104065,-0.7953051875346784,39.03556813470977,39.03556813470977,,39.03556813470977,,,,,,4.498036906971865,37.51908060978732,-18.75954030489366,0
2023-08-04,171.36,172.44,165.085,166.67,175.12650000000002,189.31498586002004,160.93801413998,25.92130603652953,26.09558472687497,0,0,,,,157.7059555555557,159.28301511111127,156.12889600000014,,-2.7482786789590263,-4.828795185194723,-4.861119039192651,0,44.326246817648894,48.78902725680721,,,,,-1.6533967506457103,-2.0949552663781787,-0.44155851573246835,-0.7868187416088108,44.326246817648894,,,,,,,,,2.459309933946859,37.49069877339473,-18.745349386697367,0
2023-08-07,168.01,168.61,163.62,166.67,174.97750000000005,189.45259568189255,160.50240431810755,24.31647141787907,24.69368817561862,0,0,,,,157.61368888888902,159.1898257777779,156.03755200000012,,-2.2847326856894723,-4.747753282564937,-4.651029748283786,0,44.32624681764889,47.605651919531525,,,,,-1.499143886736157,-2.3154883741526646,-0.8163444874165076,-0.7426813909887026,44.32624681764889,,,,,,,,,2.9261520045106,37.462876564228445,-18.731438282114222,0
2023-08-08,157.23,160.72,154.17,156.33,174.19150000000008,190.77127716979098,157.61172283020917,16.162207613966746,22.133328356125116,0,0,,,,157.42857777777792,159.0028635555557,155.85429200000013,,-7.096291101853525,-10.253944652867709,-10.335360549394036,0,37.40051019135511,46.13228783890015,,,,,-1.9763057672609823,-3.2867266964927353,-1.310420929231753,-0.7441762084666848,37.40051019135511,,,,,,,,,1.9817588365335894,37.43415377420238,-18.71707688710119,0
2023-08-09,157.85,158.95,153.32,154.07,173.29850000000005,192.0508676105168,154.5461323894833,14.186668313172081,18.2217824483393,0,0,,,,157.24004444444458,158.81244488888902,155.66764400000014,,-7.564285628577238,-11.095595172491423,-11.242160405873037,0,36.073819377988116,45.160600729231014,,,,,-2.3040614385553457,-4.190497727425935,-1.8864362888705895,-0.7946461057976204,36.073819377988116,,,,,,,,,-0.6253757935799195,37.403670194183626,-18.701835097091813,0
2023-08-10,155.41,158.83,153.955,155.02,171.83850000000007,191.48766718336793,152.1893328166322,16.211565172741736,15.52014703329352,1,0,,,,157.1082666666668,158.67934933333348,155.5371840000001,,-6.249055051919205,-9.787387576125283,-10.197713330153668,0,37.08412389194585,44.28681702968561,,,,,-2.310884575566611,-4.775042008328853,-2.464157432762242,-0.8290417228980365,37.08412389194585,,,,,,,,,-3.0312264023804167,37.37264759677029,-18.686323798385146,0
2023-08-11,153.3,155.43,151.37,153.37,170.46750000000006,191.22231715168687,149.71268284831325,12.954162843923406,14.450798776612407,0,0,,,,156.955688888889,158.52524577777788,155.38613200000012,,-6.027315004871092,-10.029771070731986,-10.76758379538857,0,36.019357058992895,43.405993398256996,,,,,-2.276854690003103,-5.3102257952661205,-3.0333711052630177,-0.8596682516036367,36.019357058992895,,,,,,,,,-3.626105752473277,37.34170860225632,-18.67085430112816,0
2023-08-14,151.54,153.15,150.07,152.86,168.90000000000006,189.99899902838854,147.8010009716116,11.679388847193756,13.61503895461963,0,0,,,,156.82288888888903,158.3911177777779,155.25466000000014,,-4.891676310648174,-9.496743635287174,-10.663739312201571,0,35.678366489049154,42.2082850500145,,,,,-2.1410612750262863,-5.709697699045876,-3.5686364240195894,-0.8527302737220237,35.678366489049154,,,,,,,,,-3.861526743289657,37.31086617101456,-18.65543308550728,0
2023-08-15,151.57,153.4,150.08,151.1,167.04500000000004,187.54557706504818,146.5444229349519,12.138173337291981,12.25724167613638,0,0,,,,156.7001333333335,158.26713466666683,155.13313200000016,,-4.472290009736102,-9.54533209614179,-11.244688974604989,0,34.46575579505584,41.486452426159154,,,,,-2.0234951345355725,-6.0980053421890545,-4.074510207653482,-0.8906293435633504,34.46575579505584,,,,,,,,,-4.657050469795268,37.28023941028827,-18.640119705144134,0
2023-08-16,151.2,152.7499,148.84,149.69,165.25700000000006,185.25640709121018,145.25759290878995,10.618342602407623,11.478634928964453,0,0,,,,156.60191111111124,158.16793022222234,155.03589200000013,,-4.463151713970248,-9.41987328827224,-11.677588879011259,0,33.48390903069219,40.78755314898785,,,,,-1.8965683708663104,-6.44522067123637,-4.54865230037006,-0.9306057583916294,33.48390903069219,,,,,,,,,-5.388875599042336,37.24991446089948,-18.62495723044974,0
2023-08-17,149.87,150.89,146.09,146.94,163.78750000000008,184.6182175824531,142.95678241754706,8.968028605600256,10.574848181766619,0,0,,,,156.4899555555557,158.05485511111127,154.92505600000013,,-5.366067288371368,-10.286194001373772,-12.867474832927805,0,31.59351589972185,39.52148672075755,,,,,-1.8516212671843775,-6.863178884350532,-5.011557617166154,-0.9283737004387072,31.59351589972185,31.59351589972185,,31.59351589972185,,,,,,-6.559018857470563,37.22022091045902,-18.61011045522951,0
2023-08-18,144.49,147.86,142.4001,147.63,162.37400000000008,183.5588364638465,141.18916353615367,9.978716654716276,9.855029287574718,1,0,,,,156.4122666666668,157.97638933333346,154.84814400000013,,-3.741328047571857,-9.080271472033752,-12.058869665879712,0,32.62138809243089,38.1550758018521,,,,,-1.6366606446739693,-7.057383423008616,-5.420722778334647,-0.9171461284185293,32.62138809243089,,,,,,,,,-7.202062330947641,37.19100646259611,-18.595503231298053,0
2023-08-21,149.06,153.11,149.06,151.88,161.2280000000001,182.07716650611954,140.37883349388065,19.749410739681952,12.898718666666161,0,0,,,,156.33235555555572,157.8956791111113,154.76903200000015,,-0.005925379718074719,-5.7980003473342645,-9.206845155068121,0,38.728359398336906,37.29835897305389,,,,,-1.0954862694461687,-6.790080615142358,-5.694594345696189,-0.8828580406365331,38.728359398336906,,,,,,,,,-6.686705838834745,37.16152834314192,-18.58076417157096,0
2023-08-22,153.88,154.19,151.55,152.58,159.8925000000001,179.31578280697912,140.46921719302108,24.826931095097706,18.185019496498644,0,0,,,,156.2378666666668,157.80024533333346,154.67548800000014,,0.7035653470966574,-4.573385243210337,-8.433137226268627,0,39.69782101395057,37.18107057210906,,,,,-0.6022725605739305,-6.447435046413602,-5.845162485839672,-0.8098922306812214,39.69782101395057,,,,,,,,,-5.481711498421423,37.131527723171935,-18.565763861585967,0
2023-08-23,151.87,157.46,151.8,155.7,159.1775000000001,178.10636988174187,140.24863011825832,36.184822287897994,26.92038804089255,0,0,,,,156.17280000000014,157.73452800000015,154.61107200000012,,2.652346763187552,-2.184668059242101,-6.256397082729615,0,43.954337811347195,37.53241126329744,,,,,-0.009163298405446163,-5.85661660884648,-5.847453310441034,-0.6777810917854802,43.954337811347195,,,,,43.954337811347195,,43.954337811347195,,-3.7920642274980114,37.10120083833213,-18.550600419166067,0
2023-08-24,161.55,161.93,145.4,147.67,158.1475000000001,177.2265019393023,139.0684980606979,33.97764292168936,31.663132101561686,0,0,,,,156.07373333333345,157.6344706666668,154.5129960000001,,-2.167720051410471,-6.625144248249326,-10.434091694819681,0,36.76205492949348,36.99211184271491,,,,,-0.09607927287514073,-5.9675524015349595,-5.871473128659819,-0.6242903539181549,36.76205492949348,,,,,,,,,-4.634296314394869,37.071083928274476,-18.535541964137238,0
2023-08-25,147.1,153.6,146.87,152.55,157.03350000000006,174.63036253284787,139.43663746715225,37.10785137197514,35.75677219385417,0,0,,,,155.98502222222234,157.54487244444456,154.42517200000012,,1.12024393477399,-2.85512326987557,-6.942933539381279,0,42.87919338532982,36.88875088326355,,,,,0.2194394115957632,-5.597173864165114,-5.8166132757608775,-0.4169053382763739,42.87919338532982,,,,,,,,,-4.60273385184839,37.0410329201551,-18.52051646007755,0
2023-08-28,152.82,154.97,148.37,148.75,155.58550000000008,170.73417977745652,140.43682022254364,38.62677970908036,36.57075800091496,0,0,,,,155.82920000000013,157.38749200000012,154.27090800000013,,-1.1292863362335481,-4.393404269678136,-8.601963342474884,0,39.66188719593866,37.05027781216237,,,,,0.21621886428142023,-5.546339695409102,-5.762558559690523,-0.3645863350284974,39.66188719593866,,,,,,,,,-6.010162420754031,37.01155030651465,-18.505775153257325,0
2023-08-29,148.08,153.77,147.96,153.3,154.42150000000007,166.12422664809114,142.718773351909,45.187049519984285,40.30722686701326,0,0,,,,155.6867555555557,157.24362311111125,154.12988800000014,,1.746211894948524,-0.7262589730057334,-5.1281152077630505,0,44.98470629573955,37.6867697348589,,,,,0.5457722542503038,-5.080343241877642,-5.626115496127946,-0.15989346960000894,44.98470629573955,,,,,,,,,-4.820013361682496,36.98169758718635,-18.490848793593177,0
2023-08-30,152.99,156.7399,151.865,155.34,153.95850000000007,164.70767164250094,143.2093283574992,52.966350660940265,45.593393296668296,0,0,,,,155.5375555555557,157.09293111111128,153.98218000000014,,2.714997950196407,0.897319732265478,-3.264777435505739,0,47.23231884314882,38.41164080280197,,,,,0.9051999063943486,-4.494615613135011,-5.399815519529359,0.18757590277263994,47.23231884314882,,,,,,,,,-4.231180384684962,36.95179128903942,-18.47589564451971,0
2023-08-31,156,158.5,155.56,156.85,153.74850000000006,164.09173793596298,143.40526206403715,58.50115325893,52.21818447995151,0,0,,,,155.4564444444446,157.01100888888905,153.90188000000015,,3.0382657250780376,2.017255452898681,-1.9278866194248234,0,48.896572442859664,39.33144190164959,,,,,1.2286238803445633,-3.864035669098655,-5.092659549443218,0.4621025869227063,48.896572442859664,,,,,,,,,-2.7098392614812608,36.92191426856635,-18.460957134283174,0
2023-09-01,158.1,160.02,156.75,157.08,153.26900000000006,161.92287982352136,144.61512017647877,62.652764803041606,58.040089574303956,0,0,,,,155.44768888888902,157.00216577777792,153.89321200000012,,2.5527192008879096,2.48647802230062,-1.3973108357500985,0,49.159596851593875,40.294386927545645,,,,,1.428040135127838,-3.307609380533421,-4.735649515661259,0.6569805893073487,49.159596851593875,,,,,,,,,-2.14144378121561,36.89219725278124,-18.44609862639062,0
2023-09-05,156.3,159.7699,155.99,159.38,152.90450000000007,159.68016963479806,146.12883036520208,68.27845171705876,63.14412325967678,0,0,,,,155.47368888888903,157.02842577777793,153.91895200000013,,3.5472972972973027,4.234996353933296,0.3702957327824441,0,51.82959525770358,41.53466117487762,,,,,1.6681247961423145,-2.6504935204833657,-4.31861831662568,0.766691909479384,51.82959525770358,,,,,,,,,-1.542421587342357,36.862705073709286,-18.431352536854643,0
2023-09-06,157.49,159.01,155.97,157.49,152.9625000000001,159.8729844258489,146.05201557415128,68.58623362424683,66.5058167147824,0,0,,,,155.4690666666668,157.02375733333346,153.91437600000015,,1.9940289228099095,2.9598757865489267,-0.3639845127331842,0,49.52778473384114,42.68065229653113,,,,,1.649915986419733,-2.256223333601014,-3.906139320020747,0.7942609099195355,49.52778473384114,,,,,,,,,-1.5029489248516883,36.83329577070151,-18.416647885350756,0
2023-09-07,153.82,159.95,153.3297,159.84,153.2510000000001,160.77672627723808,145.7252737227621,71.30552840998683,69.39007125043081,0,0,,,,155.48502222222237,157.0398724444446,153.93017200000014,,3.2391409656063352,4.2994825482377985,1.3398706623271694,0,52.36078793459788,44.16402887045084,,,,,1.7375947714196438,-1.734145855746192,-3.4717406271658358,0.7918494294681333,52.36078793459788,,,,,,,,,-0.9957429646515296,36.80413816828213,-18.402069084141065,0
2023-09-08,165.21,167.75,163.92,165.95,153.79750000000007,163.12857469694424,144.4664253030559,81.63270594721484,73.84148932714949,0,0,,,,155.54533333333347,157.1007866666668,153.98988000000014,,5.934773033392271,7.90162388855471,5.265272292091239,0,58.83105835802974,46.03614817513647,,,,,2.123039668607083,-0.8179410414069821,-2.940980710014065,0.7937280272479249,58.83105835802974,,,,,,,,,0.27998546003833064,36.775703053536546,-18.387851526768273,0
2023-09-11,166.27,172.35,166.26,170.17,154.63750000000007,166.37725106209353,142.8977489379066,83.12629860240776,78.68817765320314,0,0,,,,155.55702222222237,157.1125924444446,154.00145200000014,,7.420383170785572,10.044458814970426,8.048560580085518,0,62.60841239718239,47.74186624648257,,,,,2.5494587163304727,0.2458426853990261,-2.3036160309314466,0.836166531882421,62.60841239718239,,,,,62.60841239718239,,62.60841239718239,,2.7487672218153967,36.74939944250292,-18.37469972125146,0
2023-09-12,168.92,171.52,166.47,166.83,155.33600000000007,168.18005138575614,142.491948614244,80.2969448502045,81.68531646660902,0,0,,,,155.5288444444446,157.08413288888903,153.97355600000014,,4.123627693901621,7.399443786372717,6.172331425516631,0,58.06724113307629,49.05396768356298,,,,,2.4909337061243226,0.8100511017239569,-1.6808826044003657,0.8803761819741608,58.06724113307629,,,,,,,,,3.9986139848683546,36.72459820884247,-18.362299104421236,0
2023-09-13,166.23,167.88,163.79,165.34,156.04800000000006,169.44087661407883,142.65512338592129,76.52422162479029,79.98248835913417,0,0,,,,155.50351111111124,157.05854622222236,153.9484760000001,,2.424005897402548,5.954578078539896,5.4755778595274585,0,56.111934313775315,49.922367433736426,,,,,2.2439084693609055,1.124002982300766,-1.1199054870601395,0.9399232031308248,56.111934313775315,,,,,,,,,3.6764042820674163,36.69944677713502,-18.34972338856751,0
2023-09-14,166.89,167.3999,161.13,162.98,156.71250000000003,170.09639311822139,143.32860688177868,70.00054466692575,75.60723704730684,0,0,,,,155.4543555555557,157.00889911111128,153.89981200000014,,0.48646349057592797,3.9993618888090943,4.0058880087128435,0,53.06407618174093,51.08679752318267,,,,,1.83104872472958,1.1689054188518355,-0.6621433058777444,0.8900860666893529,53.06407618174093,,,,,,,,,2.0606677152576296,36.67262583095653,-18.336312915478263,0
2023-09-15,161.64,163.71,160.26,162.41,157.48600000000005,170.2972191457317,144.6747808542684,66.08986771163751,70.87154466778452,0,0,,,,155.3890666666668,156.94295733333345,153.83517600000013,,-0.2070698691834627,3.1266271287606173,3.6121673003801646,0,52.32482029834843,51.761485159826854,,,,,1.4459502011537748,1.145294445564474,-0.3006557555893007,0.8334268888258207,52.32482029834843,,,,,,,,,1.0454780221049877,36.64501687615578,-18.32250843807789,0
2023-09-18,160.37,162.87,159.57,161.45,158.17700000000008,170.2572286402176,146.09677135978257,61.59815475005128,65.89618904287151,0,0,,,,155.3298666666668,156.88316533333347,153.7765680000001,,-1.0626041768801109,2.0692009584199367,3.114182431310364,0,51.035248646823426,52.57386812060434,,,,,1.0702548721793592,1.0371628346348984,-0.03309203754446083,0.7145291701869594,51.035248646823426,,,,,,,,,0.1446883739681117,36.61687048646305,-18.308435243231525,0
2023-09-19,161.14,161.85,156.96,159.74,158.57000000000005,170.31190274188785,146.82809725811225,55.53060435971399,61.07287560713425,0,0,,,,155.23173333333347,156.78405066666681,153.67941600000012,,-2.1320916554343983,0.737844485085426,2.172786757321976,0,48.731388670023215,52.841488290196025,,,,,0.6698452781556377,0.8042145601500863,0.13436928199444859,0.5179726114533754,48.731388670023215,,,,,,,,,-0.6183062850921152,36.58839211090663,-18.294196055453316,0
2023-09-20,159.56,161.2799,157.94,158.63,158.87250000000006,170.28875836252647,147.45624163747365,47.15016919174129,54.75964276716885,0,0,,,,155.18364444444458,156.73548088888901,153.63180800000015,,-2.8799882449459413,-0.152638121764348,1.4130789180388126,0,47.24061092012165,52.842080581408375,,,,,0.31169927956400734,0.5239933814494577,0.21229410188545042,0.2614827391699563,47.24061092012165,,,,,,,,,-1.4821904004268103,36.559653589710024,-18.279826794855012,0
2023-09-21,155.19,156.19,148.54,149.03,158.53900000000004,170.67358182221273,146.40441817778736,27.560395535315266,43.41372302892352,0,0,,,,155.09440000000015,156.64534400000016,153.54345600000013,,-8.149618188877872,-5.997893262856479,-4.621817367281467,0,36.76514523855443,51.97555006681514,,,,,-0.543704502658718,-0.467336526437947,0.07636797622077093,-0.21664449620097015,36.76514523855443,36.76514523855443,,36.76514523855443,,,,,,-4.086304796954946,36.53078173444976,-18.26539086722488,0
2023-09-22,151.42,152.63,149.67,149.7,158.64050000000006,170.43903461239842,146.8419653876017,24.075696500443478,32.928753742500014,0,0,,,,155.05000000000013,156.60050000000012,153.49950000000013,,-6.803297059043256,-5.635698324198469,-4.084165023930975,0,37.80177594849736,51.164277145165386,,,,,-1.0092915304763364,-1.1852464368746496,-0.1759549063983132,-0.5137936259815216,37.80177594849736,,,,,,,,,-6.204062047263012,36.50267858728946,-18.25133929364473,0
2023-09-25,148.82,150.47,147.67,149.74,158.50000000000006,170.64707372168104,146.35292627831907,21.81470365639302,24.483598564050585,0,0,,,,155.0030666666668,156.55309733333345,153.45303600000014,,-5.577450578554089,-5.526813880126213,-3.9840978070363464,0,37.86726337132095,50.16696772470949,,,,,-1.244046875942539,-1.731013501326487,-0.48696662538394797,-0.684147405428308,37.86726337132095,,,,,,,,,-8.07751966600464,36.47590337895465,-18.237951689477324,0
2023-09-26,148.8,150.6532,146.51,147.05,158.41500000000008,170.85407150875557,145.9759284912446,17.28213013260183,21.05751009647944,0,0,,,,154.94773333333347,156.4972106666668,153.39825600000015,,-6.102536923636881,-7.174194362907594,-5.591734274384308,0,35.18435132289332,49.14243676678465,,,,,-1.4932019194866668,-2.3534690247422816,-0.8602671052556148,-0.8599106410786469,35.18435132289332,35.18435132289332,,35.18435132289332,,,,,,-8.53908837975871,36.44958989347556,-18.22479494673778,0
2023-09-27,148.07,149.469,146.1,147.52,158.12600000000006,171.27529564653406,144.97670435346606,17.259354759814194,18.785396182936342,0,0,,,,154.94671111111126,156.49617822222237,153.39724400000014,,-4.718230259970935,-6.707309360889447,-5.217370818618194,0,36.03706099208376,47.97645627089078,,,,,-1.5332541688437469,-2.7768348163102985,-1.2435806474665516,-0.9559047376689184,36.03706099208376,,,,,,,,,-9.020693966136683,36.423791579497966,-18.211895789748983,0
2023-09-28,145.52,151.552,141.79,151.12,157.91500000000008,171.3682650312078,144.46173496879234,23.327120708515235,19.289535200310414,1,0,,,,154.94960000000015,156.49909600000015,153.40010400000014,,-1.6395576643951082,-4.302947788367206,-2.9340732747547005,0,42.2988068302254,46.7955811617619,,,,,-1.2369013485587002,-2.7897073331649267,-1.5528059846062265,-0.9446167046176879,42.2988068302254,,,,,,,,,-8.77087985703639,36.397804617108896,-18.198902308554448,0
2023-09-29,153.41,155.1675,152.46,152.77,157.71100000000007,171.34519363218593,144.0768063678142,27.13362901984538,22.573368162724933,0,0,,,,155.04053333333349,156.59093866666683,153.49012800000014,,0.06222367774684212,-3.132945704484824,-1.9965914461121836,0,44.9584525333995,45.534869742920264,,,,,-0.8668569484819588,-2.636377170208675,-1.7695202217267163,-0.8836697447182211,44.9584525333995,,,,,44.9584525333995,,44.9584525333995,,-7.634323174996826,36.37090760120738,-18.18545380060369,0
2023-10-02,152.27,153.29,149.8,151.17,157.41550000000007,171.34457961783323,143.4864203821669,28.584158818960937,26.34830284910718,0,0,,,,155.13862222222235,156.69000844444457,153.58723600000013,,-0.3145462818255562,-3.967525434280661,-3.0963609052118035,0,42.89376705079143,44.45105016561421,,,,,-0.6754540978310322,-2.6138378440155066,-1.9383837461844744,-0.8286360152600575,42.89376705079143,,,,,,,,,-6.924841165286369,36.34358147203249,-18.171790736016245,0
2023-10-03,149.08,151.91,147.87,148.79,156.88600000000005,171.27369529841206,142.49830470158804,28.064376253152844,27.92738803065305,0,0,,,,155.22586666666683,156.7781253333335,153.67360800000017,,-1.1703597428131096,-5.160434965516403,-4.558983262489047,0,39.954431527296705,43.29694282372288,,,,,-0.6542922444661001,-2.7562490517670994,-2.1019568073009993,-0.7879809443195444,39.954431527296705,,,,,,,,,-7.427074618059405,36.31665268817024,-18.15832634408512,0
2023-10-04,150.75,152.7,149.2401,151.96,156.60950000000008,171.15185534567638,142.06714465432378,36.33505478354419,30.994529951885983,0,0,,,,155.34008888888903,156.89348977777792,153.78668800000014,,1.3843947026053183,-2.9688492715959636,-2.5126702735068673,0,45.32827193181773,42.74438537729979,,,,,-0.3852641908426744,-2.5835370458543423,-2.198272855011668,-0.6798060730242425,45.32827193181773,,,,,,,,,-7.611482711214985,36.28991736594986,-18.14495868297493,0
2023-10-05,154.05,155.31,149.67,150.25,156.13000000000005,170.84604022826682,141.4139597717333,34.724531172059834,33.04132073625228,0,0,,,,155.3617333333335,156.91535066666682,153.80811600000015,,0.16199244035277616,-3.766092358931694,-3.49722213301652,0,43.08809349020349,42.084619176718014,,,,,-0.28553340439053576,-2.5551896104998377,-2.269656206109302,-0.5721075135213429,43.08809349020349,,,,,,,,,-7.819565599705295,36.263398484564064,-18.131699242282032,0
2023-10-06,148,160.3499,148,159.95,155.83000000000007,169.9662597599201,141.69374024008005,48.53618991006974,39.86525862189125,0,0,,,,155.36413333333348,156.91777466666682,153.81049200000015,,5.904708935854663,2.643906821536235,2.4635233273472723,0,56.28574927230104,42.459654935680696,,,,,0.43166741475418924,-1.7300719376665654,-2.1617393524207547,-0.08775056910918748,56.28574927230104,,,,,,,,,-5.570937293510602,36.23562979029932,-18.11781489514966,0
2023-10-09,158.5,163.285,158.29,161.81,155.41200000000006,168.26345532614724,142.5605446738529,63.05542398642618,48.772048356185245,0,0,,,,155.38177777777796,156.93559555555575,153.82796000000016,,6.28682532071283,4.116799217563605,3.4504804587853766,0,58.28343908189137,43.14194425081413,,,,,0.9969752942644745,-0.9155202345901614,-1.912495528854636,0.40090084935309783,58.28343908189137,,,,,,,,,-3.594998741967929,36.2074927399542,-18.1037463699771,0
2023-10-10,163,166.43,162.5,163.13,155.22700000000003,167.50960412127603,142.94439587872404,68.93327848604352,60.174964127513135,0,0,,,,155.3801777777779,156.93397955555568,153.82637600000012,,6.033916813457529,5.09125345461805,3.975762571784869,0,59.691267814027086,44.031276886093096,,,,,1.400711401871673,-0.16160627651504456,-1.5623176783867176,0.7764811482743884,59.691267814027086,,,,,,,,,-1.0665371764208094,36.17984351782007,-18.089921758910034,0
2023-10-11,163.92,165.8021,162.44,163.54,155.13700000000003,167.14518903915086,143.1288109608492,73.94549032275332,68.644730931741,0,0,,,,155.42191111111129,156.9761302222224,153.86769200000018,,5.204922514779753,5.416502832979853,4.010803453882827,0,60.14121341316217,45.70099604142222,,,,,1.6207463604186259,0.4636152721365647,-1.1571310882820611,0.83423289615558,60.14121341316217,,,,,60.14121341316217,,60.14121341316217,,-0.4744549697538458,36.152513977943364,-18.076256988971682,0
2023-10-12,161.72,163.8,159.31,159.96,154.98600000000005,166.66740128580307,143.30459871419703,70.42727407619698,71.10201429499793,0,0,,,,155.47644444444458,157.03120888888904,153.92168000000012,,2.3200475907198204,3.2093221323216126,1.6343932074304623,0,54.42815891235568,46.88859482455496,,,,,1.4557799140685836,0.6625938043036683,-0.7931861097649152,0.8585712098421951,54.42815891235568,,,,,,,,,-1.004187956702247,36.12501453017733,-18.062507265088666,0
2023-10-13,160.66,161.54,156.9675,157.16,154.72350000000003,165.9529973618587,143.49400263814135,64.94019307822265,69.77098582572431,0,0,,,,155.52515555555573,157.0804071111113,153.96990400000016,,0.24749317480161626,1.5747446250892416,-0.15120903696366206,0,50.39587709824014,47.783495805049185,,,,,1.1046096204371887,0.5875759157815708,-0.5170337046556179,0.8287146098221094,50.39587709824014,,,,,,,,,-2.323826332691909,36.097210124349736,-18.048605062174868,0
2023-10-16,157.9,163.13,156.91,162.13,154.75750000000005,166.0720514714449,143.4429485285552,68.04881464413106,67.80542726618354,0,0,,,,155.6184444444446,157.17462888888906,154.06226000000015,,2.6997238199001794,4.763904818829423,2.8963463007114054,0,56.54917945952201,49.30955495766552,,,,,1.1484849088700806,0.9185724314319827,-0.22991247743809778,0.8177721107962539,56.54917945952201,,,,,,,,,-2.688887124491685,36.06942076558344,-18.03471038279172,0
2023-10-17,158.98,162.7,158.58,159.39,154.74000000000007,166.02471532649074,143.4552846735094,63.83385396185653,65.6076205614034,0,0,,,,155.68968888888907,157.24658577777797,154.13279200000017,,0.29069767441860517,3.0050407134547763,1.1571821451237252,0,52.67006002033708,50.49762631682647,,,,,0.9430152822599035,0.9488566253867816,0.005841343126878118,0.7537325357557595,52.67006002033708,,,,,,,,,-2.8702071266456533,36.041679616452356,-18.020839808226178,0
2023-10-18,159.4,160.5926,152.34,153.23,154.47000000000006,165.62718602515685,143.31281397484327,51.83063386761402,61.23776749120052,0,0,,,,155.7198222222224,157.27702044444462,154.1626240000002,,-3.6622551947439463,-0.8027448695540063,-2.6645548982159095,0,45.16841472395314,50.7025983092356,,,,,0.37162641802677576,0.47037436566034785,0.09874794763357207,0.5500854247938384,45.16841472395314,,,,,,,,,-3.709131220016866,36.01400198983455,-18.007000994917274,0
2023-10-19,154.76,158.09,153.12,153.43,154.69000000000005,165.57975665476332,143.8002433452368,46.16032420507834,53.94160401151629,0,0,,,,155.75853333333353,157.31611866666688,154.20094800000018,,-3.728987971613751,-0.8145322903872598,-2.4050479928249713,0,45.440121253567575,50.73700321781903,,,,,0.005872943225038008,0.10608912666486958,0.10021618343983157,0.369559721542751,45.440121253567575,,,,,,,,,-5.50603028459964,35.98679010787663,-17.993395053938315,0
2023-10-20,153,154.09,147.3491,147.67,154.58850000000004,165.69802973802146,143.47897026197862,30.854056895398763,42.94833832269703,0,0,,,,155.78786666666684,157.34574533333353,154.22998800000016,,-6.623668152644724,-4.475429931721986,-5.703430146550204,0,39.3867586899071,50.486502620613,,,,,-0.5921855137513985,-0.6400157087494165,-0.04783019499801805,0.007627712286476622,39.3867586899071,39.3867586899071,,39.3867586899071,,,,,,-7.900485494420841,35.961027245975885,-17.980513622987942,0
2023-10-23,145.86,150.83,144.81,148.59,154.53100000000006,165.75166112134022,143.3103388786599,28.14965929238879,35.05468013095528,0,0,,,,155.8413333333335,157.39974666666683,154.28292000000016,,-5.2498676852247295,-3.8445360477833312,-4.678101217371244,0,40.744557665601796,50.5429402019205,,,,,-0.8768453156254586,-1.1438868395298414,-0.26704152390438274,-0.35631571970400805,40.744557665601796,,,,,,,,,-8.861601890618347,35.936148600140335,-17.968074300070167,0
2023-10-24,149.73,152.6243,148.94,151.12,154.73450000000005,165.54521223370338,143.92378776629673,28.71000635131874,29.23790751303542,0,0,,,,155.87786666666688,157.43664533333356,154.3190880000002,,-2.8929071725077304,-2.335936717409526,-2.728310404311751,0,44.4310834397306,50.47885530962857,,,,,-0.8454056282416894,-1.3237985592064945,-0.47839293096480506,-0.5812843856340234,44.4310834397306,,,,,,,,,-9.38889866369245,35.9118412273305,-17.95592061366525,0
2023-10-25,150.89,150.96,141.535,142.4,154.47850000000005,166.1672779942958,142.7897220057043,18.603473616470882,25.154379753392792,0,0,,,,155.8261333333335,157.38439466666685,154.26787200000015,,-7.236104958699208,-7.818887417990239,-7.887757610256552,0,36.095706814535575,49.979399118509434,,,,,-1.3335108927340884,-2.1452815468824156,-0.8117706541483272,-0.8811415232975038,36.095706814535575,,,,,,,,,-10.527270451934811,35.88886372725729,-17.944431863628644,0
2023-10-26,142.06,144.055,138.4,140.84,153.96450000000004,167.02269968448792,140.90630031551217,15.666473407958541,20.99331779191604,0,0,,,,155.78657777777795,157.34444355555573,154.22871200000017,,-7.0951740151454885,-8.52436763020049,-8.459858569051592,0,34.836587944449775,48.44731616652007,,,,,-1.6616957692832262,-2.88889036575236,-1.2271945964691338,-0.9296341681930299,34.836587944449775,34.836587944449775,,34.836587944449775,,,,,,-12.153342217569026,35.86813514334004,-17.93406757167002,0
2023-10-27,144.1,145.39,141.89,143.38,153.49500000000003,167.34259257055095,139.64740742944912,17.03405161880817,17.101332881079188,0,0,,,,155.8210222222224,157.37923244444463,154.2628120000002,,-4.552051019185432,-6.589791198410399,-6.423155994039154,0,38.59258953501979,47.04082691317209,,,,,-1.6070018888766744,-3.235946957564977,-1.6289450686883025,-0.9445911365440381,38.59258953501979,,,,,,,,,-13.734165833299336,35.85000663753385,-17.925003318766926,0
2023-10-30,144,145.75,142.68,144.16,153.14450000000002,167.55323828619237,138.73576171380768,17.602609526810028,16.767711517858903,1,0,,,,155.85404444444467,157.4125848888891,154.29550400000022,,-2.870887542867917,-5.866681467502932,-5.5588553859054475,0,39.74123952822288,45.615824892757495,,,,,-1.4238505707439746,-3.4087582821182707,-1.9849077113742961,-0.9337350246805599,39.74123952822288,,,,,,,,,-13.378932830989093,35.8312837526951,-17.91564187634755,0
2023-10-31,144.79,145.97,141.59,145.13,152.96150000000003,167.67652262995125,138.2464773700488,24.124739968909466,19.587133704842543,0,0,,,,155.88835555555573,157.4472391111113,154.32947200000018,,-1.2687506377767832,-5.119915795804852,-4.619091954652488,0,41.21390252995466,44.26387411538553,,,,,-1.1544151144269295,-3.4279266044079577,-2.2735114899810283,-0.8998411593797636,41.21390252995466,,,,,,,,,-12.518226037860607,35.81119001930116,-17.90559500965058,0
2023-11-01,145.3,145.72,142.32,144.26,152.57650000000004,167.77128894226493,137.38171105773515,25.98031315426715,22.56922088332887,0,0,,,,155.89453333333353,157.45347866666685,154.3355880000002,,-1.258059658585331,-5.450708333196818,-4.891459614361871,0,40.2634586852882,43.252109813452144,,,,,-0.9598160396031665,-3.4732815394849865,-2.51346549988182,-0.8692093737962137,40.2634586852882,,,,,,,,,-12.340833357835622,35.79085381231966,-17.89542690615983,0
2023-11-02,145.22,147.8393,140.14,142.75,152.20150000000004,167.96692454233244,136.43607545766764,24.61733379266817,24.907462305281584,0,0,,,,155.8866222222224,157.44548844444463,154.32775600000016,,-1.572088533406868,-6.209859955388108,-5.756915560837106,0,38.59963134044181,42.409520830752264,,,,,-0.8609798538779598,-3.5896903172292696,-2.7287104633513097,-0.8524564366593074,38.59963134044181,,,,,,,,,-12.601844187508306,35.77094629186485,-17.885473145932426,0
2023-11-03,143,150.28,142.72,149.99,151.70350000000002,167.0829307762024,136.32406922379764,37.31953919299448,29.30572871330992,0,0,,,,155.8826666666669,157.44149333333357,154.32384000000022,,3.2548085528218307,-1.1295059112017891,-0.9834103146956763,0,49.397037211001084,41.89865352728648,,,,,-0.2669802423291765,-3.06243576626278,-2.7954555239336036,-0.66577741543412,49.397037211001084,,,,,,,,,-11.58627965482647,35.749581566694324,-17.874790783347162,0
2023-11-06,150,150.45,141.93,144.2,150.82300000000004,165.79824637526792,135.84775362473215,36.199981733179534,32.71228490628072,0,0,,,,155.85431111111134,157.41285422222245,154.29576800000024,,-0.43018028904245886,-4.391240062855162,-4.68951386364388,0,42.89980424371379,41.200778114670534,,,,,-0.224695887126388,-3.0763253828415884,-2.8516294957152004,-0.5594455602729352,42.89980424371379,,,,,,,,,-11.548944859080274,35.72820041061104,-17.86410020530552,0
2023-11-07,155.77,162.5,153.85,159.57,150.64500000000004,165.1067018362284,136.18329816377167,59.80218644128823,44.4405691224874,0,0,,,,155.90040000000025,157.45940400000026,154.34139600000023,,9.543619738034458,5.924524544458798,5.17931963342908,0,58.503278568676016,42.1532683892936,,,,,0.8204613118879243,-1.8260528558552949,-2.646514167743219,0.03319412040170778,58.503278568676016,,,,,58.503278568676016,,58.503278568676016,,-8.097604129126857,35.703149731763055,-17.851574865881528,0
2023-11-08,160.2,161.485,156.01,158.58,150.39700000000002,164.11674649911598,136.67725350088406,64.46440095747232,53.48885637731335,0,0,,,,155.97120000000024,157.53091200000023,154.41148800000025,,7.66807435873067,5.440932997333725,4.273380632689183,0,57.41496307042455,43.00861423335481,,,,,1.3934839357659703,-0.904659248035756,-2.2981431838017263,0.4229718614447931,57.41496307042455,,,,,,,,,-6.297399903067891,35.677017171328686,-17.838508585664343,0
2023-11-09,159.5,162.398,156.11,156.35,150.21650000000005,163.51682221414038,136.91617778585973,65.20354015306421,63.15670918394158,0,0,,,,156.032977777778,157.59330755555578,154.47264800000022,,5.047803973474352,4.083106715973228,2.689342026332975,0,54.93591295188013,44.11926810921003,,,,,1.5582330270002778,-0.35035190005137906,-1.9085849270516568,0.5695412184683171,54.93591295188013,,,,,,,,,-3.7829295457384533,35.65027184951746,-17.82513592475873,0
2023-11-10,155.85,161.22,153.525,160.4,150.37850000000003,164.08586630429028,136.67113369570978,71.65458638259103,67.10750916437586,0,0,,,,156.13208888888911,157.69340977777802,154.57076800000021,,6.55046200652325,6.664184042266652,5.173661123120055,0,58.44518035525334,45.383598301328,,,,,1.8556711584569887,0.4110040210195791,-1.4446671374374096,0.724656209389788,58.44518035525334,,,,,,,,,-3.569067943324692,35.62357862670282,-17.81178931335141,0
2023-11-13,160.04,161.1499,157.28,158.7,150.20700000000005,163.39806379334073,137.01593620665938,70.14945178322856,69.00252610629458,0,0,,,,156.20982222222244,157.77192044444467,154.6477240000002,,4.412703216595526,5.654197207853118,3.8879990922619623,0,56.457767177159376,46.242647139715764,,,,,1.8495029944817045,0.8672116056647212,-0.9822913888169833,0.8788969887724815,56.457767177159376,,,,,,,,,-3.50854149603434,35.59694441737919,-17.798472208689596,0
2023-11-14,164.5,166.28,163.16,165.86,150.53050000000002,164.8735589136355,136.18744108636454,78.56278818044326,73.45560878208761,0,0,,,,156.29475555555578,157.85770311111133,154.73180800000023,,7.655160775252212,10.183650489435703,8.172151942763861,0,62.27617278745808,48.112680423495945,,,,,2.2145727416930705,1.785924538299355,-0.4286482033937157,0.9067696677358575,62.27617278745808,,,,,62.27617278745808,,62.27617278745808,,-1.55160052808868,35.57067303392962,-17.78533651696481,0
2023-11-15,166.57,169.19,162.84,163.03,151.02050000000003,166.33562255909175,135.7053774409083,76.97741891955563,75.22988629440914,0,0,,,,156.39546666666692,157.95942133333358,154.83151200000026,,4.544609248250997,7.952231650669916,6.071186911185533,0,58.924604514560485,49.83325303564671,,,,,2.1506037393859474,2.259606470838719,0.10900273145277128,0.9079188630704101,58.924604514560485,,,,,,,,,-0.9850769954302901,35.54466685476378,-17.77233342738189,0
2023-11-16,162.94,163,159.51,160.97,151.39750000000004,167.29158176020195,135.50341823979812,71.78504889429269,75.77508533143053,0,0,,,,156.495377777778,158.0603315555558,154.93042400000022,,2.031502551262987,6.322759622847118,4.487978397465842,0,56.53930937534469,51.11516159566992,,,,,1.8653128617423058,2.4406438086306537,0.5753309468883477,0.8938717530800611,56.53930937534469,,,,,,,,,-0.4586801704244489,35.518957729997844,-17.759478864998922,0
2023-11-17,160.71,162.7325,160.33,161.85,152.10650000000004,168.52853431368956,135.68446568631052,71.60928411437966,73.45725064274266,0,0,,,,156.60244444444467,158.16846888888912,155.03642000000022,,1.8238325018402168,6.405709157728268,5.016026542203189,0,57.33387322392343,52.37177828821996,,,,,1.6396296458799118,2.6248680042382375,0.9852383583583257,0.8738781033726716,57.33387322392343,,,,,,,,,-1.184932154862457,35.49298588017541,-17.746492940087705,0
2023-11-20,162,168.815,162,166.73,153.01350000000005,170.52603296927623,135.50096703072387,75.67864737458561,73.02432679441931,0,0,,,,156.72826666666688,158.29554933333355,155.1609840000002,,3.4279546413240602,8.964241717234067,8.067408447661206,0,61.53372657096953,53.82319429114959,,,,,1.7146716523737646,3.1285779238255316,1.413906271451767,0.8742764246349644,61.53372657096953,,,,,,,,,-0.34037821470205354,35.46744872140488,-17.73372436070244,0
2023-11-21,164.93,168.105,164.29,166.67,153.79100000000005,172.25322402637264,135.32877597362747,75.91157270145963,74.39983473014163,0,0,,,,156.83622222222246,158.40458444444468,155.26786000000024,,2.937361809355621,8.374352205265545,7.945959015897941,0,61.45362988295277,55.33677794812563,,,,,1.6551012334459057,3.482782813259149,1.8276815798132435,0.8571022252645706,61.45362988295277,,,,,,,,,0.877681885301644,35.44271981209834,-17.72135990604917,0
2023-11-22,168.9,171.22,167.3,168.92,155.11700000000005,173.92250355613982,136.31149644386028,80.72323251373804,77.43781752992777,0,0,,,,156.94902222222245,158.51851244444467,155.37953200000024,,3.6649728747821797,8.89844440003349,9.276278620439783,0,63.37871893693566,57.10671277644662,,,,,1.6579276268506313,3.900091113376533,2.2421634865259015,0.8486003890803305,63.37871893693566,,,,,,,,,2.3862288992433762,35.419315920187245,-17.709657960093622,0
2023-11-24,168.04,171.48,167.49,171.16,156.63300000000004,175.4787678007558,137.78723219924427,83.16358540430288,79.93279687316685,0,0,,,,157.10751111111134,158.67858622222246,155.5364360000002,,4.093560138418462,9.274546232275416,10.458587709900979,0,65.23994032463851,58.23834871313501,,,,,1.6952980401216071,4.36128603667791,2.665987996556303,0.8462481856276075,65.23994032463851,,,,,65.23994032463851,,65.23994032463851,,3.212864776740716,35.39681444197724,-17.69840722098862,0
2023-11-27,171,172.675,170.05,170.3,157.97900000000004,176.69116385135584,139.26683614864424,82.98523754234418,82.29068515346171,0,0,,,,157.2846666666669,158.85751333333357,155.71182000000024,,2.9506888567819134,7.799137860095318,9.593801482701792,0,63.897232054780766,59.73816498535408,,,,,1.5506622720087821,4.604315836567281,3.053653564558499,0.8925182861032351,63.897232054780766,,,,,,,,,3.8004746800588727,35.375031193293715,-17.687515596646858,0
2023-11-28,170,172.18,167.91,171.55,159.34850000000006,177.82238456713853,140.8746154328616,82.29071301974662,82.81317865546457,0,0,,,,157.5068444444447,159.08191288888915,155.93177600000027,,2.906948843459123,7.657116320517576,10.175587324830104,0,65.02400002659056,60.20393080377655,,,,,1.4306515990846176,4.841968063414271,3.411316464329653,0.9213460166657741,65.02400002659056,,,,,,,,,4.116978582600283,35.3536735343054,-17.6768367671527,0
2023-11-29,175.02,177.5999,174.35,175.32,160.85800000000006,179.37163454322115,142.34436545677897,84.66954087278363,83.31516381162481,0,0,,,,157.7346666666669,159.31201333333357,156.15732000000023,,4.575007456009583,8.990538238694956,12.214136216133165,0,68.2431918758597,60.977375718450496,,,,,1.489926384975449,5.2737244455489645,3.7837980605735155,0.933352531371281,68.2431918758597,,,,,,,,,4.835001095290046,35.33329082611004,-17.66664541305502,0
2023-11-30,188,192.66,180.27,187.68,163.02900000000005,183.34369704425785,142.71430295574226,89.84773743926192,85.60266377726407,0,0,,,,157.97133333333358,159.5510466666669,156.39162000000024,,10.325368133321632,15.120622711296727,19.248722879726166,0,76.03199071767473,62.48423841600725,,,,,2.203264429472882,6.537878597414618,4.334614167941736,0.8712571101882941,76.03199071767473,,,,,76.03199071767473,,76.03199071767473,,8.110873199658542,35.31829856832969,-17.659149284164844,0
2023-12-01,185.25,188.56,180.8,185.97,165.19000000000005,185.61100781058482,144.7689921894153,88.31239128330186,87.60988986511582,0,0,,,,158.18480000000022,159.76664800000023,156.60295200000022,,7.736871071459639,12.579453962104203,17.353442291916398,0,73.35155562989867,63.548979507053346,,,,,2.3862260789022915,7.317396766569601,4.93117068766731,0.8945248129892971,73.35155562989867,,,,,,,,,10.775024979940218,35.3089698094789,-17.65448490473945,0
2023-12-04,184.81,191,183.61,188.3,167.10550000000006,188.62171293350582,145.5892870664943,89.30649158160196,89.15554010138858,0,0,,,,158.4007555555558,159.98476311111136,156.81674800000025,,7.440374301038499,12.683304858308041,17.81685308661798,0,74.66230750561476,64.84930381622873,,,,,2.479551596914048,8.03061018380987,5.551058586895822,0.903648393426862,74.66230750561476,,,,,,,,,13.144068712116217,35.30562130543946,-17.65281065271973,0
2023-12-05,186.53,188.52,184.08,186.16,169.20350000000008,189.52647741473754,148.8805225852626,84.95022969999731,87.52303752163373,0,1,,,,158.59640000000027,160.18236400000026,157.01043600000028,,5.054654830900196,10.021364806283506,15.572294766467287,0,71.1984371993977,65.48660841708157,,,,,2.2208862895103367,8.327166448783743,6.106280159273406,0.9432950014766595,71.1984371993977,,,,,,,,,12.76703982684162,35.30120182617203,-17.650600913086016,0
2023-12-06,187.41,190.62,184.4,184.47,170.44850000000005,191.30217236243936,149.59482763756074,78.76350613107768,84.34007580422566,0,0,,,,158.79017777777804,160.37807955555581,157.20227600000027,,3.065654280015462,8.226238423922737,13.73814392732724,0,68.4958357909385,66.1702677939657,,,,,1.7788157143950265,8.329799802267189,6.550984087872163,0.9412461532422461,68.4958357909385,,,,,,,,,12.410600877371119,35.29579722737234,-17.64789861368617,0
2023-12-07,184.61,188.78,183.03,187.31,171.88500000000005,193.22302474457217,150.54697525542792,78.6575007655601,80.79041219887837,0,0,,,,158.97502222222246,160.56477244444469,157.38527200000024,,3.5880589751247305,8.974023329551706,14.432977094262123,0,70.52091430627642,67.16895386046083,,,,,1.5300040769265735,8.46348918403038,6.933485107103806,0.9315570143118395,70.52091430627642,,,,,,,,,12.17094846826866,35.28973304244501,-17.644866521222504,0
2023-12-08,187,191.64,185.8,190.67,173.60100000000006,195.18434255855578,152.01765744144433,79.82405227320537,79.08168638994772,0,0,,,,159.1997333333336,160.79173066666692,157.60773600000027,,4.320660053727887,9.832316634120719,15.315529625694735,0,72.75246493544745,68.27028183985541,,,,,1.4450645111110703,8.739815745992644,7.2947512348815735,0.9260140509041992,72.75246493544745,,,,,,,,,12.993651980381138,35.28577400343981,-17.642887001719906,0
2023-12-11,188.51,196.66,187.77,192.99,175.23050000000006,197.49151927136154,152.9694807286386,83.74993361425221,80.74382888433924,0,0,,,,159.45640000000026,161.05096400000025,157.86183600000027,,4.2952410804034225,10.134936554994667,15.562874251496982,0,74.20447775489306,69.17533549584995,,,,,1.3976254927763652,9.04178310085203,7.644157608075664,0.9275870410857473,74.20447775489306,,,,,,,,,14.585883744151184,35.286219875642445,-17.643109937821222,0
2023-12-12,190.84,194.21,189.69,193.49,176.97000000000006,199.229378248279,154.7106217517211,84.02923478547089,82.53440689097617,0,0,,,,159.67271111111137,161.26943822222248,158.07598400000026,,3.3401696254994118,9.334915522404907,14.732583168127,0,74.51962660101698,70.10862097571167,,,,,1.2568443034699115,9.215212987413054,7.958368683943142,0.9200888465874767,74.51962660101698,,,,,,,,,15.699549410956786,35.2899440559241,-17.64497202796205,0
2023-12-13,195,197.43,191.26,196.55,178.50450000000006,201.70040522053324,155.3085947794669,86.7599642033466,84.84637753435658,0,0,,,,159.87826666666692,161.47704933333358,158.27948400000025,,3.7975485717605784,10.109268954003925,15.374455803942633,0,76.41843088005578,71.04002897164882,,,,,1.2254466492822367,9.490176995545937,8.2647303462637,0.9171284107311252,76.41843088005578,,,,,,,,,16.765980535913144,35.296965663768916,-17.648482831884458,0
2023-12-14,198.57,202.8299,196.11,200.86,180.39600000000004,204.3918449736612,156.4001550263389,88.42703417703186,86.40541105528314,0,0,,,,160.1230222222225,161.72425244444472,158.52179200000026,,5.340444836031666,11.343932237965348,16.612964091845896,0,78.81328252972426,72.00955341486922,,,,,1.3412334316864332,9.941272135871742,8.600038704185309,0.9183641161177819,78.81328252972426,,,,,78.81328252972426,,78.81328252972426,,18.27822234180433,35.30898708754897,-17.654493543774485,0
2023-12-15,198,200.85,197.1006,199.01,182.29800000000006,205.8596736247646,158.7363263752355,86.23052136381669,87.13917324806506,0,1,,,,160.3655555555558,161.96921111111135,158.76190000000025,,3.661299816127661,9.16740721236653,14.29452045615962,0,75.27932928864708,72.82256036014539,,,,,1.1470290816365711,10.033825056231024,8.886795974594452,0.9111357143146813,75.27932928864708,,,,,,,,,19.314621031158282,35.32457123517197,-17.662285617585987,0
2023-12-18,198.1,200.01,196.55,198.97,184.15400000000005,206.8110186917865,161.4969813082136,85.35274964637999,86.6701017290762,0,0,,,,160.57231111111136,162.17803422222246,158.96658800000026,,3.0676308482864734,8.045440229373213,13.210016329735463,0,75.20081352337056,73.54947560991539,,,,,0.8816044684406137,9.98880156014522,9.107197091704606,0.9088274683168868,75.20081352337056,,,,,,,,,19.73625134323338,35.34153944377868,-17.67076972188934,0
2023-12-19,200,200.87,198.3359,199.02,185.76850000000005,207.82285310771906,163.71414689228104,84.31918506676914,85.30081869232195,0,0,,,,160.74857777777802,162.3560635555558,159.14109200000024,,2.4113124826330434,7.1333406901600505,12.073221321430093,0,75.23558346195844,74.0489321517796,,,,,0.589188605717311,9.843682848851245,9.254494243133934,0.9108188380810902,75.23558346195844,,,,,,,,,19.295401484275946,35.35670967130699,-17.678354835653494,0
2023-12-20,198.12,199.74,194.13,194.28,187.14900000000006,207.65046228930893,166.64753771069118,70.66358030607321,80.1118383397408,0,0,,,,160.93240000000026,162.54172400000027,159.32307600000024,,-0.5299132171107779,3.8103329432697786,8.695814342088548,0,65.81487487211996,73.31913816281141,,,,,-0.011845416283676968,9.239687472779337,9.251532889063014,0.8637880364301197,65.81487487211996,65.81487487211996,,65.81487487211996,,,,,,18.300479650328484,35.36818729352234,-17.68409364676117,0
2023-12-21,195.5,196.95,193.742,196.79,188.54250000000005,207.6389152395155,169.44608476048458,68.21586944442333,74.39954493908859,0,0,,,,161.1117333333336,162.72285066666694,159.50061600000026,,0.2685172447175921,4.3743453067610405,9.321097044069537,0,68.09323863223531,72.94354409154974,,,,,-0.3121030642198779,8.861404058788168,9.173507123008045,0.8230957607488367,68.09323863223531,,,,,,,,,17.811416133403743,35.37785343518286,-17.68892671759143,0
2023-12-22,197.02,198.0204,194.1,195.67,189.76800000000006,207.32919768125123,172.20680231874888,60.27066001307253,66.38336992118971,0,0,,,,161.2470666666669,162.85953733333358,159.63459600000024,,-0.5554906156136741,3.1101134016272125,7.9131929443989835,0,65.98010068668285,72.32338646162603,,,,,-0.639046679484677,8.374698773652199,9.013745453136876,0.7653844403699066,65.98010068668285,,,,,,,,,17.09229054471221,35.3850126107422,-17.6925063053711,0
2023-12-26,195.9,199.3191,193.8,198.56,191.18100000000004,206.67514844384755,175.68685155615253,61.37777569035873,63.28810171595156,0,0,,,,161.33822222222247,162.95160444444468,159.72484000000026,,0.6284208392459245,3.859693170346401,8.74418791451328,0,68.68093046148353,72.14356455177501,,,,,-0.7082122689598105,8.128480116937112,8.836692385896923,0.7166859296300174,68.68093046148353,,,,,,,,,17.8987171949144,35.394718972460836,-17.697359486230418,0
2023-12-27,200,200.97,197.04,198.71,192.53900000000004,205.46006481680206,179.61793518319803,65.31929395870205,62.32257655404445,0,0,,,,161.49564444444468,163.11060088888914,159.88068800000022,,0.43873393920406123,3.2050649478806648,8.037232095283997,0,68.81929608479075,72.16666885847874,,,,,-0.7854280512120546,7.8549073218818535,8.640335373093908,0.641911167475495,68.81929608479075,,,,,,,,,18.28432111023575,35.40560078234613,-17.702800391173064,0
2023-12-28,198.78,201.74,197.7,201.23,193.83450000000005,204.60708274509662,183.06191725490348,69.02268496331975,65.23991820412687,0,0,,,,161.6874666666669,163.30434133333355,160.07059200000023,,1.4724421360496676,3.8153682651952847,8.710488926184755,0,71.12712371130189,72.20996953026628,,,,,-0.7106037467878217,7.75208068960913,8.462684436396952,0.6013470310007178,71.12712371130189,,,,,,,,,19.394659280914052,35.42022707099449,-17.710113535497246,0
2023-12-29,200,201.88,198.34,199,194.40050000000005,205.00842246389283,183.79257753610727,63.939900134234065,66.09395968541864,0,0,,,,161.85737777777803,163.4759515555558,160.23880400000024,,0.4421473420686439,2.3659918570168026,6.813904057139175,0,66.44070901206614,71.75912982145333,,,,,-0.8459203686745447,7.405283975553772,8.251204344228317,0.48895778712132115,66.44070901206614,,,,,,,,,19.471749691088032,35.43496797326585,-17.717483986632924,0
2024-01-02,195,196.23,187.53,189.12,194.55800000000005,204.74578013111696,184.37021986888314,42.81584132856159,58.59280880870515,0,0,,,,161.990977777778,163.6108875555558,160.3710680000002,,-4.065741750576979,-2.7950534030983243,1.00208106727242,0,50.54943989313106,70.06948425989889,,,,,-1.5921328357201476,6.261038299578132,7.85317113529828,-0.10815830619275733,50.54943989313106,,,,,,,,,17.486549931867945,35.442766401890516,-17.721383200945258,0
2024-01-03,185,187.3537,183.01,184.21,194.35350000000005,205.17973161584726,183.52726838415285,32.87556787595847,46.54376977958473,0,0,,,,162.0866666666669,163.70753333333357,160.46580000000023,,-5.851506958534969,-5.219098189639004,-2.0102240024682305,0,44.81305706822885,67.94758643612832,,,,,-2.3613227109501604,4.90151774661058,7.26284045756074,-0.5162302953852743,44.81305706822885,,,,,,,,,14.026402841922918,35.44017131889505,-17.720085659447523,0
2024-01-04,182.29,187.15,180.9525,183.72,194.23150000000004,205.47139906538357,182.9916009346165,28.218947530917397,34.63678557847916,0,0,,,,162.2039555555558,163.82599511111135,160.58191600000026,,-5.361898531388887,-5.4118410247565585,-2.564410800719852,0,44.27309784798113,65.65149121955156,,,,,-2.8171361700194426,3.741420245036437,6.55855641505588,-0.6811308947102271,44.27309784798113,44.27309784798113,,44.27309784798113,,,,,,10.916072005580903,35.42994047793775,-17.714970238968874,0
2024-01-05,184.57,191.41,184.57,189.12,194.46400000000006,205.06056623628334,183.86743376371678,32.63493613756503,31.243150514813646,0,0,,,,162.3246666666669,163.94791333333356,160.70142000000024,,-2.320608636816701,-2.748066480171163,-0.09702224468270959,0,51.24509312427961,63.682334833448365,,,,,-2.6703300047631995,3.220643909101881,5.89097391386508,-0.6874740005115935,51.24509312427961,,,,,,,,,10.844105182066563,35.419536728505776,-17.709768364252888,0
2024-01-08,190.77,196.9,190.77,196.35,194.91600000000005,205.01280424688716,184.81919575311295,47.04817004133814,35.967351236606866,0,0,,,,162.4372444444447,164.06161688888915,160.81287200000025,,1.4366969917704253,0.735701532968025,3.2236696842570023,0,58.696063664642,62.497815860305145,,,,,-2.0306368084109163,3.3526779033514345,5.383314711762351,-0.56745641493184,58.696063664642,,,,,,,,,13.156659615691337,35.41455189113964,-17.70727594556982,0
2024-01-09,195.65,198.27,194.75,196.9,195.22750000000005,205.16424368190872,185.29075631809138,50.6163276974696,43.4331446254576,0,0,,,,162.5333333333336,164.15866666666693,160.90800000000024,,1.6562377382649096,0.8566928327207846,3.048001842198911,0,59.20679373883023,61.35538587569511,,,,,-1.5372191064319383,3.461790828722428,4.999009935154366,-0.4229352590504092,59.20679373883023,,,,,,,,,15.66434585876425,35.41636307757628,-17.70818153878814,0
2024-01-10,197.28,200.54,194.65,197.4,195.44800000000006,205.3720648929725,185.52393510702763,53.783832478593595,50.48277673913379,0,0,,,,162.68000000000026,164.30680000000027,161.05320000000026,,1.975451502252401,0.9987311202979576,2.8235678145911436,0,59.69471970770637,60.245324178962825,,,,,-1.1610370716706067,3.5477135955661083,4.708750667236715,-0.2542067453256103,59.69471970770637,,,,,59.69471970770637,,59.69471970770637,,17.194394160867933,35.42274524644616,-17.71137262322308,0
2024-01-11,199.2,201.6,195.53,195.62,195.55450000000005,205.43786273744706,185.67113726255303,53.59342754467813,52.66452924024713,0,0,,,,162.86462222222247,164.49326844444468,161.23597600000025,,1.2174866893986502,0.03349449897596113,1.4723045932790946,0,57.077352864888645,59.621215464160585,,,,,-1.0209142009268026,3.4326079160782115,4.453522117005014,-0.2288179316080718,57.077352864888645,,,,,,,,,16.981847954410135,35.428353384775306,-17.714176692387653,0
2024-01-12,190,196.08,189.2217,191.26,195.29000000000005,205.33446912484436,185.24553087515574,46.564311845176555,51.313857289482776,0,0,,,,163.04240000000024,164.67282400000025,161.41197600000024,,-0.5253029593800029,-2.063597726458122,-1.0620082456948232,0,51.160208622857645,58.41171332063361,,,,,-1.1984168160656328,2.9555010969229727,4.1539179129886055,-0.2388741618255144,51.160208622857645,,,,,,,,,15.806519146106922,35.43031355233304,-17.71515677616652,0
2024-01-16,190,191.205,186.5736,188.02,194.64800000000005,204.82681643414233,184.46918356585778,40.439973480430375,46.86590429009504,0,0,,,,163.20844444444467,164.8405288888891,161.57636000000022,,-1.6487770175548255,-3.4051210390037556,-2.743748415874536,0,47.240898023371294,57.07319884468278,,,,,-1.4914887341183105,2.2895569953407175,3.781045729459028,-0.31687523864109524,47.240898023371294,,,,,,,,,13.91733670483164,35.42696834768919,-17.713484173844595,0
2024-01-17,185.77,188.14,182.53,188.12,194.10350000000003,204.45434204304374,183.7526579569563,38.13270744954615,41.71233092505104,0,0,,,,163.36400000000023,164.99764000000025,161.73036000000022,,-1.5449673421537025,-3.082633749520236,-2.728081242631708,0,47.3748996238871,55.55133949914018,,,,,-1.625083536392041,1.749691308968977,3.374774845361018,-0.30958670551900486,47.3748996238871,,,,,,,,,12.403528711840607,35.419804009869836,-17.709902004934918,0
2024-01-18,190.77,191.54,184.39,186.61,193.48550000000003,204.0735205421044,182.89747945789566,34.278888438798326,37.617189789591635,0,0,,,,163.53364444444466,165.1689808888891,161.8983080000002,,-2.4577653257505494,-3.5534962568254502,-3.480748044460613,0,45.49581777566199,53.885376762773845,,,,,-1.7507604564369679,1.1863242748148082,2.937084731251776,-0.29791525560844573,45.49581777566199,45.49581777566199,,45.49581777566199,,,,,,11.464129766498734,35.41045864629952,-17.70522932314976,0
2024-01-19,187.59,193.14,186.72,193.12,193.19050000000001,203.46953978978763,182.9114602102124,42.024189477735206,38.14526178869324,0,0,,,,163.7046222222225,165.34166844444474,162.06757600000026,,0.45149075172175035,-0.036492477632188436,-0.2333330463308192,0,53.97213084769845,52.66002012965931,,,,,-1.3490784084354033,1.250736720707522,2.5998151291429252,-0.05384784798866924,53.97213084769845,,,,,,,,,12.445435448237808,35.40333724452622,-17.70166862226311,0
2024-01-22,196.75,202.32,196.51,199.08,193.43050000000002,204.01955562361553,182.84144437638452,60.5767269041926,45.62660160690873,0,0,,,,163.90328888888914,165.54232177777803,162.26425600000024,,3.017883755588735,2.9206872752745694,2.5875336667948945,0,60.091327343302495,52.206492867604766,,,,,-0.6699397051239999,1.7623904977379254,2.4323302028619254,0.3363157504614913,60.091327343302495,,,,,,,,,14.515512778214662,35.40140329434201,-17.700701647171005,0
2024-01-23,200,205.97,197.59,205.58,193.87000000000003,205.64371139445856,182.0962886055415,71.31826713293366,57.97306117162051,0,0,,,,164.13031111111138,165.7716142222225,162.48900800000027,,5.875748695737326,6.04012998400989,5.605621888928636,0,65.48122678058337,53.27304907385136,,,,,0.183490348020241,2.6616931378872266,2.4782027898669856,0.49381206009567974,65.48122678058337,,,,,65.48122678058337,,65.48122678058337,,18.056568749182016,35.40987567288707,-17.704937836443534,0
2024-01-24,209.18,211.65,203.485,203.81,194.27700000000002,206.80977319670654,181.7442268032935,72.86383226528318,68.25294210080317,0,0,,,,164.43488888888913,166.07923777777802,162.79054000000025,,4.591967648900308,4.906911265872949,4.461343169598697,0,62.986596920133564,54.571159063273114,,,,,0.5732343376515345,3.1947457119314038,2.6215113742798692,0.5112433865783922,62.986596920133564,,,,,,,,,19.888410601211145,35.424399177553454,-17.712199588776727,0
2024-01-25,205.36,209.4725,202.75,206.01,194.64950000000002,208.0800330869647,181.21896691303533,77.77151302468101,73.9845374742993,0,0,,,,164.71888888888918,166.3660777777781,163.07170000000028,,5.255897365153861,5.836387969144519,5.354582787124174,0,64.78249620355581,56.036116088671314,,,,,0.9039674701541061,3.7514707119725017,2.8475032418183956,0.5142712611899743,64.78249620355581,,,,,,,,,20.970994395014404,35.44264845340422,-17.72132422670211,0
2024-01-26,203.75,205.4899,201.2,202.51,194.83950000000002,208.5979439163754,181.08105608362462,71.658691258603,74.09801218285575,0,0,,,,164.9875111111114,166.63738622222252,163.33763600000026,,3.1046982872737328,3.936830057560181,3.4056654996161617,0,59.81050367868621,56.64793112827179,,,,,0.814555154843315,3.8656971853725395,3.0511420305292245,0.5098502401752341,59.81050367868621,,,,,,,,,20.15254101917757,35.45777712634329,-17.728888563171644,0
2024-01-29,201.91,210.2629,201.4,209.54,195.25500000000002,210.2101817106997,180.29981828930036,77.60908135899754,75.67976188076054,0,0,,,,165.28568888888918,166.93854577777807,163.6328320000003,,5.700161420500449,7.316073852142058,6.759281274413231,0,65.5325786769741,57.136253629152655,,,,,1.1366344177630108,4.471935052732988,3.335300634969977,0.6589588816534497,65.5325786769741,,,,,65.5325786769741,,65.5325786769741,,21.08109164948802,35.47608154098853,-17.738040770494266,0
2024-01-30,208.64,209.98,204.81,206.25,195.6175,211.25415037660107,179.98084962339894,75.17354041144527,74.81377100968196,0,0,,,,165.56835555555583,167.22403911111138,163.91267200000027,,3.092525854355932,5.435352154076201,4.986943441942859,0,61.14497859481389,57.274695404580065,,,,,1.0385557924741007,4.633495375562603,3.5949395830885025,0.7555665180594792,61.14497859481389,,,,,,,,,20.949933511537026,35.4937294001074,-17.7468647000537,0
2024-01-31,201.5,203.29,194.87,195.64,195.94350000000003,211.29395051456106,180.593049485439,60.627473450044135,71.136698406829,0,0,,,,165.83208888888916,167.49040977777804,164.17376800000028,,-2.5769987301744846,-0.1548915886467439,-0.3568627317825146,0,49.60943147037271,56.55431767334194,,,,,0.2127594083972677,3.860888843585087,3.6481294351878195,0.7039173598680701,49.60943147037271,49.60943147037271,,49.60943147037271,,,,,,19.431540343936906,35.505886733852876,-17.752943366926438,0
2024-02-01,197,200.33,195.34,199.94,196.73000000000002,211.18065396444103,182.279346035559,58.427332103249626,64.74278198824636,0,0,,,,166.13644444444472,167.79780888888916,164.47508000000028,,-1.0922690306111815,1.6316779342245624,1.8164411604446595,0,53.442974816390056,56.29471924130633,,,,,-0.07483031184207833,3.5545915453852217,3.6294218572273,0.6946896440406747,53.442974816390056,,,,,,,,,17.40062492631387,35.5113755405261,-17.75568777026305,0
2024-02-02,208.64,219.74,204.05,218.76,198.48200000000003,214.5989334552208,182.36506654477927,74.4950345237346,64.51661335900947,0,0,,,,166.49657777777804,168.16154355555582,164.83161200000026,,6.8623236546954125,10.216543565663372,11.028213834371225,0,65.73113132243658,57.335499434133396,,,,,0.9167964384203282,4.7754174052527105,3.8586209668323823,0.7475368901114982,65.73113132243658,,,,,65.73113132243658,,65.73113132243658,,19.4679786111687,35.523398904097284,-17.761699452048642,0
2024-02-05,217.11,220.6732,210.54,215.6,199.806,216.9471614542318,182.66483854576822,74.9696767194228,69.29734778213569,0,0,,,,166.83337777777808,168.50171155555586,165.1650440000003,,4.475586827159828,7.904667527501674,9.031143326731005,0,62.73695682641647,58.442360777208044,,,,,1.2534267617734205,5.425404419049158,4.171977657275738,0.7531904653039786,62.73695682641647,,,,,,,,,22.936192395270712,35.54786263446048,-17.77393131723024,0
2024-02-06,217.5,218.5,208.505,213.68,200.6725,218.753565095841,182.59143490415903,75.33264534980968,74.9324521976557,0,0,,,,167.1627111111114,168.83433822222253,165.49108400000028,,3.1403554500082587,6.481954428235048,7.753389565550672,0,60.92113669327077,59.409949139306875,,,,,1.23814838632547,5.7196631401825755,4.481514753857105,0.729714855292984,60.92113669327077,,,,,,,,,25.151843796977094,35.58108618978928,-17.79054309489464,0
2024-02-07,214.01,219.4,212.75,218.23,201.739,221.2628837324965,182.2151162675035,79.2245355300715,76.50895253310135,0,0,,,,167.5152000000003,169.1903520000003,165.8400480000003,,4.608467231660129,8.174423388635809,9.632098062528271,0,63.6091789061946,60.70376064863063,,,,,1.4131796680369293,6.247989338903267,4.8348096708663375,0.7135621270418507,63.6091789061946,,,,,,,,,24.690597037829864,35.61210481785036,-17.80605240892518,0
2024-02-08,219.3,226.29,218.3,222.9,203.014,224.4726051736835,181.55539482631653,82.63144370981247,79.06287486323124,0,0,,,,167.90311111111143,169.58214222222256,166.2240800000003,,5.988920853046831,9.795383569606031,11.523605579682616,0,66.18047358338339,61.57578512975099,,,,,1.7027551242701842,6.9632535762040675,5.260498451933883,0.7182881055434286,66.18047358338339,,,,,,,,,25.691936791536666,35.64706353946673,-17.823531769733364,0
2024-02-09,228.3,235,228.13,233.28,204.89700000000002,229.76788426252688,180.02611573747316,83.97907989445625,81.94501971144676,0,0,,,,168.3378222222225,170.02120044444473,166.6544440000003,,9.325060220637216,13.852325802720378,16.047961980628834,0,71.07295537390576,62.36018713193693,,,,,2.409462563126466,8.272326655841965,5.862864092715499,0.7521325676564912,71.07295537390576,,,,,71.07295537390576,,71.07295537390576,,28.90931221273193,35.6962260986759,-17.84811304933795,0
2024-02-12,231,237.72,229.0746,232.16,206.942,233.6495544369013,180.23444556309872,83.79273124131815,83.46775161519564,0,0,,,,168.7408888888892,170.42829777777808,167.05348000000032,,7.65891933000693,12.18602313691759,14.901493679823963,0,69.8979722587449,62.67566895180561,,,,,2.601178689309255,9.114337454352068,6.513158765042813,0.8232161591049003,69.8979722587449,,,,,,,,,31.024960752685903,35.75533845692365,-17.877669228461826,0
2024-02-13,223.06,231.02,220.5,227.57,208.91950000000003,235.5868189316061,182.25218106839395,80.51535209619212,82.76238774398884,0,0,,,,169.14951111111142,170.84100622222255,167.4580160000003,,4.497281610462167,8.927122647718356,12.101423455405591,0,65.14477145391767,62.82982427564734,,,,,2.232682255773037,9.30401158475911,7.071329328986073,0.8460718683008742,65.14477145391767,,,,,,,,,31.402423736603975,35.815874640062894,-17.907937320031447,0
2024-02-14,230,236.24,227.18,236,211.31350000000003,238.66981208697558,183.95718791302448,84.65835438662906,82.98881257471312,0,0,,,,169.5736444444448,171.26938088888926,167.87790800000033,,6.396407768741175,11.682405525439666,15.36600189995423,0,69.27700372972149,63.150860527516315,,,,,2.358189883303096,10.019066683114943,7.660876799811847,0.8885324921937054,69.27700372972149,,,,,,,,,31.499386292290637,35.87640449912751,-17.938202249563755,0
2024-02-15,235,236.33,229.1,232.4,213.603,239.95211922626714,187.25388077373287,79.67013130291068,81.61461259524397,0,0,,,,169.99973333333367,171.699730666667,168.29973600000034,,3.262270170356163,8.799970037874004,12.72105258052314,0,65.69513543654057,63.57119136736305,,,,,2.0136490811505023,10.177938151249975,8.164289070099473,0.8870899005497811,65.69513543654057,,,,,,,,,31.173208571825242,35.93479434168443,-17.967397170842215,0
2024-02-16,230.65,234.815,228.6,230.31,215.4625,241.00382406513157,189.92117593486844,75.56979924942911,79.9660949796563,0,0,,,,170.42346666666703,172.1277013333337,168.71923200000035,,1.811124913245532,6.890990311539125,10.87219200965377,0,63.63798796820138,63.43586345959357,,,,,1.484327586589096,10.019698553335843,8.535370966746747,0.8924885521647943,63.63798796820138,,,,,,,,,31.324978122130478,35.99346476965445,-17.996732384827226,0
2024-02-20,226.03,226.69,215.59,220.08,216.5125,240.9775002043755,192.04749979562447,63.88563044408333,73.04185366547439,0,0,,,,170.8024444444448,172.51046888888925,169.09442000000035,,-2.903454939314609,1.647710871196817,5.4236730627058805,0,54.62199075783826,62.96993575695246,,,,,0.3440781749356976,8.965468685416369,8.621390510480671,0.7807032856509132,54.62199075783826,,,,,,,,,27.922756068421645,36.03554673619656,-18.01777336809828,0
2024-02-21,215,217.2,211.68,216.21,217.04400000000004,240.99229129604052,193.09570870395956,56.07615944436705,65.17719637929319,0,0,,,,171.15244444444482,172.86396888888927,169.44092000000038,,-4.717205637377997,-0.3842538840051035,3.24245255539517,0,51.6413156463116,63.115070340948094,,,,,-0.7142191430588856,7.728616581657064,8.44283572471595,0.5460113758138909,51.6413156463116,51.6413156463116,,51.6413156463116,,,,,,24.490850595992942,36.062855621356455,-18.031427810678228,0
2024-02-22,224.14,227.68,219.515,225.62,218.13450000000003,241.55341754543758,194.71558245456248,56.83751374777641,58.93310121207562,0,0,,,,171.52360000000036,173.23883600000036,169.80836400000035,,-0.8930257892493687,3.4315983945684803,7.245563916207587,0,57.687472708749006,63.418248761830874,,,,,-0.8165463568640821,7.422152778635848,8.23869913549993,0.35370756685048677,57.687472708749006,,,,,,,,,23.177184717377525,36.08489162366042,-18.04244581183021,0
2024-02-23,234.28,234.83,227.0399,229.34,219.30100000000002,242.51122955509186,196.09077044490817,57.43498329786746,56.782885496670325,0,0,,,,171.85715555555592,173.5757271111115,170.13858400000035,,0.4568610187607014,4.577726503755097,8.464903637725163,0,59.82587482742992,62.99644472647326,,,,,-0.6755873007513635,7.394215009560725,8.069802310312088,0.32972712540500043,59.82587482742992,,,,,,,,,24.449384277188148,36.11158787046905,-18.055793935234526,0
2024-02-26,229.33,233.36,226.65,230.93,220.72200000000004,243.11166243604373,198.33233756395634,58.9447187263558,57.739071923999894,0,0,,,,172.2168444444448,173.93901288888927,170.49467600000034,,1.2575527707378242,4.624822174500043,8.612288667034584,0,60.739185603202536,62.85374678195797,,,,,-0.5239222543535931,7.414899492370097,7.93882174672369,0.25647329455811263,60.739185603202536,,,,,,,,,26.564803381137235,36.14664022582642,-18.07332011291321,0
2024-02-27,233,235.66,231.09,234.03,221.94650000000001,244.4345530726879,199.45844692731214,62.67376743369847,59.68448981930726,0,0,,,,172.56617777777814,174.29183955555592,170.84051600000035,,2.5327602749629197,5.444330052512658,9.337162238975427,0,62.527854542633015,62.9685123426267,,,,,-0.27593863584048695,7.593898451923081,7.869837087763568,0.15550712032525235,62.527854542633015,,,,,,,,,27.479107150524005,36.18530692400813,-18.092653462004066,0
2024-02-28,230.75,233.88,226.56,230,223.13400000000001,244.6692654035199,201.59873459648014,54.87767867304136,58.83205494436522,0,0,,,,172.93737777777812,174.66675155555592,171.20800400000033,,0.6599793428216927,3.0770747622504757,6.7564452269812225,0,58.77881903897819,62.62348663782553,,,,,-0.4349751364344776,7.326118167220471,7.761093303654949,-0.01440964373286378,58.77881903897819,,,,,,,,,26.734355987413704,36.22048167636602,-18.11024083818301,0
2024-02-29,181.17,190.45,180.68,188.28,222.76600000000002,246.32448501071372,199.20751498928632,32.721126674894975,50.090857593878276,0,0,,,,173.12671111111143,174.85797822222256,171.3954440000003,,-15.841230109064863,-15.480818437283972,-12.61040895989305,0,35.229562112558,60.41270724705229,,,,,-3.2450833592036386,3.7047391046504003,6.949822463854039,-0.46827056698553177,35.229562112558,,,,,,,,,18.338507203501752,36.225369123975014,-18.112684561987507,0
2024-03-01,191.26,194.2,186.14,186.72,222.10500000000002,248.73040328333107,195.47959671666896,28.210272731035374,38.60302602632391,0,0,,,,173.2998222222226,175.0328204444448,171.56682400000037,,-14.798861064466617,-15.931653947457292,-13.33595314051964,0,34.67021947665454,57.81251182582006,,,,,-4.999207880811052,0.7008126128402239,5.700020493651276,-0.5941222972317254,34.67021947665454,,,,,,,,,9.227558546432755,36.20951017642719,-18.104755088213594,0
2024-03-04,185.89,186.55,175.295,177.93,220.06350000000003,252.9312582289999,187.19574177100017,21.754614914183886,27.562004773371424,0,0,,,,173.47200000000035,175.20672000000036,171.73728000000034,,-16.821713398842487,-19.14606465860991,-17.22119784938564,0,31.62351852124003,55.07862227314114,,,,,-6.449515673763752,-2.3618740985534146,4.087641575210338,-0.689288867489177,31.62351852124003,,,,,,,,,-0.31575553924768807,36.185267277480364,-18.092633638740182,0
2024-03-05,175.03,175.33,166.3201,167.75,217.67100000000005,257.6803638539779,177.6616361460222,17.97035929047369,22.645082311897664,0,0,,,,173.5968444444448,175.33281288888924,171.86087600000036,,-19.614147909967794,-22.934152918854622,-21.576235846322135,0,28.49988592750067,52.461130449825646,,,,,-7.707376297960375,-5.54657879724013,2.160797500720244,-0.7789955036539797,28.49988592750067,,,,,,,,,-4.020423388987624,36.161454805402386,-18.080727402701193,0
2024-03-06,170,171.36,163.37,167,215.33700000000005,261.0456797446611,169.628320255339,15.990156656924103,18.571710287193905,0,0,,,,173.71071111111144,175.44781822222257,171.9736040000003,,-18.040832351786374,-22.44714099295525,-21.454641231139693,0,28.278270105086207,49.53264947663741,,,,,-8.159308393239833,-8.038337990829547,0.12097040241028578,-0.8165021128453654,28.278270105086207,,,,,,,,,-7.50609664066436,36.13990328915787,-18.069951644578936,0
2024-03-07,167,169.16,163.71,168.44,212.84750000000003,262.8743407457438,162.82065925425627,16.816603488326614,16.925706478574813,0,0,,,,173.82764444444481,175.56592088888925,172.08936800000038,,-14.947334403813295,-20.863529052490648,-20.335608242644366,0,29.413194888027334,46.94108229460075,,,,,-7.924051674759999,-9.784094191039713,-1.8600425162797143,-0.8440487983968935,29.413194888027334,,,,,,,,,-9.124550693769928,36.12002623778308,-18.06001311889154,0
2024-03-08,169.29,169.84,161.63,162.4,209.82250000000005,264.18114048152796,155.46385951847213,16.61092530831345,16.472561817854736,1,0,,,,173.90382222222257,175.6428604444448,172.16478400000034,,-15.12845705207262,-22.601246291508314,-22.66052861338198,0,27.45103591174953,44.35630000485419,,,,,-7.729706475519997,-11.52217561067971,-3.7924691351597133,-0.8663823207939976,27.45103591174953,,,,,,,,,-10.005821555877624,36.10123201222061,-18.050616006110307,0
2024-03-11,161.42,162.98,160.4,162.29,206.273,263.24916031288956,149.29683968711046,15.606123454530959,16.344550750390354,0,0,,,,173.9767111111115,175.71647822222263,172.2369440000004,,-12.030311571735163,-21.322713103508462,-22.216293247785668,0,27.415166578006932,42.41295542058053,,,,,-7.175135409380727,-12.761388396885621,-5.586252987504895,-0.8962877925862253,27.415166578006932,,,,,,,,,-10.807975312430381,36.08351923428976,-18.04175961714488,0
2024-03-12,162.94,163.77,159.7,161.95,202.7625,261.54912020392135,143.9758797960786,14.508285064675736,15.575111275840058,0,0,,,,174.05404444444483,175.7945848888893,172.31350400000036,,-8.645276292335069,-20.128228839159114,-21.784570704590845,0,27.29644175651987,40.67403585702397,,,,,-6.422177757975451,-13.613975184974208,-7.1917974269987575,-0.9189892777366612,27.29644175651987,,,,,,,,,-11.933072277158102,36.06746490175161,-18.033732450875807,0
2024-03-13,161.27,166.84,160.7,162.31,199.4995,259.6449618321286,139.3540381678714,14.713119791505651,14.942509436904126,0,0,,,,174.1411111111115,175.88252222222263,172.3997000000004,,-4.807427261050801,-18.641400103759665,-21.052247578128146,0,27.65369424515316,38.52876596676713,,,,,-5.525036715746641,-14.098093321682057,-8.573056605935417,-0.9048031209357228,27.65369424515316,,,,,,,,,-11.918501329428091,36.05140255041495,-18.025701275207474,0
2024-03-14,162.02,162.5,157.8,158.92,195.64550000000003,255.81979001658462,135.47120998341543,13.30083194265979,14.17407893294707,0,0,,,,174.2021333333337,175.94415466666703,172.46011200000038,,-5.162587798604701,-18.771451426176444,-22.23818836312983,0,26.341085927014447,36.136995331023165,,,,,-4.811277496376082,-14.587153476405518,-9.775875980029436,-0.8772346653272872,26.341085927014447,,,,,,,,,-12.473875943867126,36.03622653142608,-18.01811326571304,0
2024-03-15,158.78,160.24,156.62,156.97,191.87400000000002,251.81587631364286,131.9321236863572,11.88339471876008,13.29911548430852,0,0,,,,174.26640000000037,176.0090640000004,172.52373600000035,,-4.633162409779034,-18.19110457904668,-22.650236692805237,0,25.58868459936805,33.626245259320704,,,,,-4.1470115780543235,-14.959640452597341,-10.812628874543018,-0.8390821392566312,25.58868459936805,,,,,,,,,-13.310355445428328,36.02245700797328,-18.01122850398664,0
2024-03-18,157.52,158.26,155.55,156.31,188.17400000000004,247.2989772600383,129.04902273996177,11.007583586573652,12.063936749331186,0,0,,,,174.35897777777816,176.10256755555594,172.6153880000004,,-3.7701466441754317,-16.933263894055518,-22.17717376332018,0,25.325015277793568,30.96889959754646,,,,,-3.456812354505807,-15.133644317675277,-11.67683196316947,-0.8053112876657766,25.325015277793568,25.325015277793568,,25.325015277793568,,,,,,-14.333694526341958,36.01053553871559,-18.005267769357793,0
2024-03-19,152.11,157.84,151.49,157.7,185.055,243.69785685401118,126.41214314598884,12.850733618268777,11.91390397453418,1,0,,,,174.40626666666705,176.15032933333373,172.66220400000037,,-2.309993867272875,-14.78209181054282,-20.723359546626728,0,27.030349297400406,28.701151758862334,,,,,-2.647835036027976,-14.98662575820444,-12.338790722176464,-0.9019508745857976,27.030349297400406,,,,,,,,,-14.486702697081887,35.99889826924016,-17.99944913462008,0
2024-03-20,158.05,164.31,158.05,163.04,182.3965,239.95967756170236,124.83332243829764,22.664284578539643,15.507533927794036,0,0,,,,174.46968888888924,176.21438577777812,172.72499200000036,,1.246328392317153,-10.612319863593878,-17.337466009359325,0,33.32946245766699,28.565430354941554,,,,,-1.5487031128399433,-14.274669613226393,-12.72596650038645,-0.8184573129292086,33.32946245766699,,,,,33.32946245766699,,33.32946245766699,,-13.331583929690973,35.98516975389508,-17.99258487694754,0
2024-03-21,166,168.68,157.21,158.39,179.03500000000003,233.89781892137896,124.1721810786211,23.841627946825913,19.785548714544788,0,0,,,,174.5155111111115,176.2606662222226,172.7703560000004,,-1.023570875096813,-11.531264836484512,-18.874621621483158,0,30.833402706606748,28.29137201422385,,,,,-0.9593348701651152,-13.925135088092844,-12.965800217927729,-0.8075588391562761,30.833402706606748,,,,,,,,,-12.869996746642537,35.970668635970625,-17.985334317985313,0
2024-03-22,158.39,160.3,157,159.03,175.51950000000002,225.86247705738154,125.1765229426185,26.92962910458096,24.47851387664885,0,0,,,,174.5691111111115,176.31480222222262,172.8234200000004,,-0.4139243914809798,-9.394682642099605,-17.64882555201123,0,31.592750095314443,28.28917426951488,,,,,-0.3805903240201989,-13.441538122952977,-13.060947798932778,-0.7796199240656942,31.592750095314443,,,,,,,,,-12.598072306866458,35.95573337377758,-17.97786668688879,0
2024-03-25,157.79,159.1,157.25,158.14,171.88,215.78644827357442,127.97355172642558,29.14037201221148,26.637209687872797,0,0,,,,174.6282222222226,176.37450444444482,172.88194000000038,,-0.7132273537757805,-7.993949266930422,-17.03362235101129,0,31.081723037970505,28.47359120597701,,,,,0.06438316620897666,-12.980468841171557,-13.044852007380534,-0.7306336221971678,31.081723037970505,,,,,,,,,-13.477186674736949,35.9422734249462,-17.9711367124731,0
2024-03-26,159.38,160.97,157.64,158.02,168.0795,201.78256245729116,134.37643754270883,29.70808640502146,28.592695840604648,0,0,,,,174.68768888888926,176.43456577777815,172.94081200000036,,-0.5431669845105458,-5.98496544789816,-16.007568992643574,0,31.008891642810184,28.668635601528724,,,,,0.45117816340495587,-12.48087930312434,-12.932057466529296,-0.665425289240089,31.008891642810184,,,,,,,,,-13.577911336645435,35.92899168734171,-17.964495843670854,0
2024-03-27,159.6,160.6278,157.7,160.04,164.58149999999998,182.8311424896509,146.33185751034907,34.094785650558904,30.981081355930627,0,0,,,,174.70888888888928,176.45597777777817,172.96180000000038,,0.872327551432095,-2.7594231429413307,-13.903757699652974,0,33.820108825257165,28.98341516847371,,,,,0.9167730496424333,-11.786091154476253,-12.702864204118686,-0.4737666640988054,33.820108825257165,,,,,,,,,-13.401715470527273,35.91540876966198,-17.95770438483099,0
2024-03-28,164.02,165.89,161,161.6,163.2475,177.9235115494657,148.5714884505343,38.577732553810826,34.12686820313041,0,0,,,,174.7419111111115,176.48933022222263,172.99449200000038,,1.6838237144799262,-1.0092038162912154,-11.88898884981322,0,35.989367328789484,29.593295983976567,,,,,1.3759052898475979,-10.98298259180919,-12.358887881656788,-0.21558288101485185,35.989367328789484,,,,,35.989367328789484,,35.989367328789484,,-12.755249350610645,35.90075613567029,-17.950378067835146,0
2024-04-01,161.86,163.75,159.735,160.52,161.93749999999997,171.9283515653121,151.94664843468783,42.53291915929807,38.401812454555944,0,0,,,,174.74235555555595,176.48977911111152,172.99493200000038,,0.7791359815167542,-0.8753377074488422,-11.319326663315044,0,35.13083322622228,30.14441503027766,,,,,1.6353037990591055,-10.314758132832907,-11.950061931892012,-0.0020926071989015244,35.13083322622228,,,,,,,,,-12.298242097447309,35.88539180105593,-17.942695900527966,0
2024-04-02,157.5,157.77,155.07,156.19,160.85049999999998,167.9600414057508,153.74095859424918,38.225295381550204,39.778649031553044,0,0,,,,174.70822222222262,176.45530444444483,172.9611400000004,,-1.9319758644288587,-2.8974109499193212,-12.517386555641618,0,31.850291442780048,30.469690007867673,,,,,1.5447803811272056,-10.019086455483006,-11.563866836610211,-0.02833341198414738,31.850291442780048,,,,,,,,,-12.989955092760686,35.871140199295226,-17.935570099647613,0
2024-04-03,155.15,155.3,152.53,153.02,160.114,167.26372558914338,152.96427441085663,33.347787991560494,38.0353341774696,0,0,,,,174.6236888888893,176.36992577777818,172.8774520000004,,-3.639191682567211,-4.430593202343324,-13.206241527370445,0,29.666179973065198,30.61343898843282,,,,,1.3101856885898613,-9.926134725872885,-11.236320414462746,-0.13698735201900564,29.666179973065198,,,,,,,,,-14.5466689442072,35.85962175805414,-17.92981087902707,0
2024-04-04,153.11,156,150.62,151.34,159.33100000000002,166.71878965591299,151.94321034408705,24.924367908708618,32.16581709393978,0,0,,,,174.54044444444483,176.2858488888893,172.79504000000037,,-3.989748079350841,-5.015345413008143,-13.093246455930219,0,28.548841925310725,30.77113584545398,,,,,1.0896898945671012,-9.87420804625387,-10.96389794082097,-0.35877161139923625,28.548841925310725,28.548841925310725,28.548841925310725,28.548841925310725,,,,,,-16.184128531912087,35.851339028111006,-17.925669514055503,0
2024-04-05,152.48,155.55,152.17,153.86,158.60200000000003,165.0707915409297,152.13320845907037,26.583593417632194,28.285249772633776,0,0,,,,174.48026666666703,176.2250693333337,172.73546400000038,,-2.109736855499511,-2.98987402428722,-10.415607302142993,0,32.64670772979177,31.275280354769958,,,,,1.1551403352097847,-9.51997252180874,-10.675112857018524,-0.5235962008943754,32.64670772979177,,,,,,,,,-16.56835811493129,35.843851481602314,-17.921925740801157,0
2024-04-08,153.86,155.69,151.69,154.86,158.225,164.6431227785119,151.8068772214881,30.619158645380942,27.375706657240595,0,0,,,,174.40386666666703,176.1479053333337,172.65982800000035,,-1.2114136987349422,-2.126718280929041,-8.51086455637866,0,34.25800431278735,31.913351000126656,,,,,1.2967496683037822,-9.054175771638796,-10.350925439942579,-0.6677994487239934,34.25800431278735,,,,,,,,,-16.2206275647009,35.835603914468834,-17.917801957234417,0
2024-04-09,155.12,156.895,153.83,155.58,157.8895,164.12138727433697,151.65761272566303,36.76484744487227,31.322533169295145,0,0,,,,174.33217777777816,176.07549955555595,172.58885600000036,,-0.5897650524270381,-1.4627318472729245,-6.701075234426634,0,35.45528106752067,32.515131840849534,,,,,1.4578460238357085,-8.528617910147943,-9.986463933983652,-0.7232807431389807,35.45528106752067,,,,,,,,,-15.456033677588769,35.82578239948057,-17.912891199740287,0
2024-04-10,151.6,153.51,151.55,152.97,157.4405,163.73118986678466,151.1498101332153,34.86139212923843,34.081799406497225,0,0,,,,174.23862222222263,175.98100844444485,172.4962360000004,,-1.9410505262887345,-2.8394853928944475,-6.755364649898244,0,33.101874559922365,32.4988755624392,,,,,1.406875983856203,-8.227868954163398,-9.634744938019601,-0.6968932940037142,33.101874559922365,,,,,,,,,-15.62710144027267,35.81628833578531,-17.908144167892655,0
2024-04-11,154.66,159.915,154.33,159.35,157.2925,163.24833705284516,151.33666294715482,46.146296785454375,39.25751211985503,0,0,,,,174.12768888888928,175.8689657777782,172.38641200000038,,2.19394724522064,1.3080725400130389,-1.4516833920162897,0,43.05260057554876,33.371675410220774,,,,,1.7961730120705006,-7.389528672931476,-9.185701685001977,-0.5142580096319581,43.05260057554876,,,,,43.05260057554876,,43.05260057554876,,-14.792051953079573,35.80516688532647,-17.902583442663236,0
2024-04-12,157.1,160.52,156.78,158.56,157.2745,163.21270334781818,151.3362966521818,50.71476251846365,43.90748381105217,0,0,,,,174.0465333333337,175.78699866666705,172.30606800000038,,1.8859437751004515,0.8173607291709795,-1.3357670289553814,0,42.215261422252425,34.13042621928777,,,,,1.9793468245407357,-6.711518154326058,-8.690864978866793,-0.3522825239613187,42.215261422252425,,,,,,,,,-14.20943977316365,35.79297568740619,-17.896487843703095,0
2024-04-15,156.38,157.03,151.09,151.98,157.02499999999998,163.39689610713117,150.65310389286878,41.26735509291677,46.04280479894495,0,0,,,,173.9288000000004,175.6680880000004,172.18951200000038,,-1.803309405508724,-3.2128641935997404,-4.743798130559906,0,35.944528724339534,34.47776948259985,,,,,1.6497087194247193,-6.628729079585895,-8.278437799010614,-0.4396008159978562,35.944528724339534,,,,,,,,,-14.336973602477029,35.78101160452854,-17.89050580226427,0
2024-04-16,151.51,152.0699,149.11,150.3,156.72449999999998,163.73754063870078,149.71145936129918,34.955523736681634,42.312547116020696,0,0,,,,173.81831111111148,175.5564942222226,172.08012800000037,,-2.517803634665461,-4.099231453920716,-5.2498198086503916,0,34.534056706130826,34.729566987122745,,,,,1.3248767461879627,-6.6223418662756615,-7.947218612463624,-0.5309142436109421,34.534056706130826,,,,,,,,,-15.932057834563011,35.772090790423896,-17.886045395211948,0
2024-04-17,151.04,152.44,148.77,148.8,156.27949999999998,164.07436106355053,148.48463893644944,30.20652210809034,35.47646697922959,0,0,,,,173.69235555555593,175.4292791111115,171.95543200000037,,-3.2258064516128337,-4.785976407654213,-5.820400516468716,0,33.27842825454313,34.69087551778603,,,,,1.0285529094869235,-6.66152747560497,-7.6900803850918935,-0.5625870516219272,33.27842825454313,,,,,,,,,-17.657875067503934,35.76685376996713,-17.883426884983564,0
2024-04-18,148.67,150.9,147.6401,148.41,155.54799999999997,163.41339407786234,147.6826059221376,23.145069666443007,29.435705170405004,0,0,,,,173.69457777777816,175.43152355555594,171.9576320000004,,-3.295170948803261,-4.588937176948582,-5.697383554070967,0,32.9430496278988,34.47328139629384,,,,,0.8341245323459283,-6.647424719659483,-7.481549252005411,-0.5466228417853765,32.9430496278988,,,,,,,,,-18.269129294017368,35.76299332042851,-17.881496660214253,0
2024-04-19,147.66,150.09,144.55,145.45,154.90099999999998,163.7874231274485,146.01457687255146,17.725030799302004,23.692207524611792,0,0,,,,173.67431111111148,175.4110542222226,171.93756800000037,,-4.701689096222072,-6.101316324620242,-7.1259817380754376,0,30.43595195937955,34.137932734376506,,,,,0.5478419774747891,-6.796746780161925,-7.344588757636714,-0.5574620809065777,30.43595195937955,30.43595195937955,30.43595195937955,30.43595195937955,,,,,,-19.11346495880744,35.7611238209439,-17.88056191047195,0
2024-04-22,145.45,148.4,144.32,147.21,154.30999999999997,163.5831849976185,145.03681500238145,22.47065547371799,21.11358531315435,1,0,,,,173.623466666667,175.35970133333367,171.88723200000035,,-3.062669151394959,-4.601127600285116,-5.697282361507561,0,33.6684142875622,34.26779865186094,,,,,0.5189651386350418,-6.695882334342912,-7.2148474729779535,-0.5924602492042252,33.6684142875622,,,,,,,,,-19.365681937291388,35.75982964883453,-17.879914824417266,0
2024-04-23,148.93,152.079,148.801,151.17,153.96149999999997,163.15629695262794,144.766703047372,33.382199859050154,24.52596204402339,0,0,,,,173.56040000000033,175.29600400000032,171.82479600000033,,-0.16510368511419848,-1.8131156165664741,-2.9300148330796305,0,40.381148236511386,35.03315352782139,,,,,0.7921550213071118,-6.224653696344063,-7.016808717651175,-0.5984234130508114,40.381148236511386,,,,,,,,,-18.827772550386452,35.75716476571933,-17.878582382859666,0
2024-04-24,153,155.08,152.03,154.99,153.80999999999995,162.83051883208987,144.78948116791003,43.20030402571848,33.01771978616222,0,0,,,,173.50577777777812,175.2408355555559,171.77072000000035,,2.2213135296989206,0.7671802873675748,-0.32861525006264714,0,46.05269679755296,36.28342887583869,,,,,1.2296134534788745,-5.4797919008025815,-6.709405354281456,-0.5331684992788158,46.05269679755296,,,,,,,,,-17.065148546660666,35.75043528931036,-17.87521764465518,0
2024-04-25,152.59,153.82,149.55,152.5,153.43299999999994,161.99932266495304,144.86667733504683,44.71749773230886,40.43333387235918,0,0,,,,173.4048444444448,175.13889288888925,171.67079600000034,,1.0355313806423183,-0.6080830069150278,-1.7232268292368014,0,43.16986436558919,37.03508292125279,,,,,1.3416079397109897,-5.032395429642719,-6.374003369353709,-0.4835243576393809,43.16986436558919,,,,,,,,,-16.081997072121425,35.741636627289665,-17.870818313644833,0
2024-04-26,159.76,160.29,155.8,158.13,153.25949999999995,161.28033904588935,145.23866095411054,54.91425440929548,47.61068538910762,0,0,,,,173.29986666666701,175.0328653333337,171.56686800000034,,4.795419300966319,3.1779432922592443,1.9222547121774847,0,50.68650589010515,38.208547319632636,,,,,1.7588786282076345,-4.175405084094166,-5.9342837123018,-0.21501931120456877,50.68650589010515,,,,,50.68650589010515,,50.68650589010515,,-14.802554858454927,35.730375459955425,-17.865187729977713,0
2024-04-29,158.7,159.6149,156.235,157.44,153.10549999999995,160.66799555372228,145.54300444627762,57.8838229267962,52.50519168946686,0,0,,,,173.18973333333372,174.92163066666706,171.45783600000038,,3.961965134706902,2.8310544036628693,1.4672710477132034,0,49.81685128768844,39.23437376393033,,,,,1.938280031596828,-3.511433672805765,-5.449713704402593,0.016093577215154666,49.81685128768844,,,,,,,,,-14.36533382062732,35.71832915980851,-17.859164579904256,0
2024-04-30,156.13,158.58,155,155.2,153.05599999999995,160.54973711842518,145.56226288157472,56.60712585018098,56.4684010620909,0,0,,,,173.12808888888924,174.85936977777814,171.39680800000033,,2.152306983479302,1.4007944804516281,0.047488176303667196,0,46.997722787815434,40.22693435163698,,,,,1.8558499461789744,-3.129901271678875,-4.98575121785785,0.09228413802163296,46.997722787815434,,,,,,,,,-13.89534477190258,35.705475039773845,-17.852737519886922,0
2024-05-01,158.14,160.2988,154.18,156.14,153.21199999999993,160.8251927599453,145.59880724005455,59.453127214383656,57.981358663786956,0,0,,,,173.04733333333374,174.7778066666671,171.3168600000004,,2.276895666299894,1.911077461295485,0.6871973225743622,0,48.31941561301211,40.603135425741506,,,,,1.812340390895562,-2.7203257292383967,-4.532666120133959,0.4039155086832574,48.31941561301211,,,,,,,,,-14.276811348252808,35.693274988573044,-17.846637494286522,0
2024-05-02,158.01,159.39,154.29,157.77,153.53349999999995,161.3438425661155,145.72315743388438,60.55484970535133,58.87170092330533,0,0,,,,172.99008888888926,174.71998977777815,171.26018800000037,,2.7148437500000844,2.7593326537856955,1.8536849897567986,0,50.61895429655933,41.20339920247771,,,,,1.8354098103531147,-2.2384038571925657,-4.07381366754568,0.7579525062850266,50.61895429655933,,,,,,,,,-14.227740870101007,35.680990266333595,-17.840495133166797,0
2024-05-03,161,161.375,157.69,159.32,153.80649999999994,162.01495484851208,145.5980451514878,71.10762146882203,63.70519946285234,0,0,,,,172.9342222222226,174.6635644444448,171.20488000000037,,2.7957183505713967,3.584698956155985,2.8337589745024427,0,52.770996876539634,42.40528978477772,,,,,1.889711620912398,-1.711674141405183,-3.601385762317581,0.8580013660840334,52.770996876539634,,,,,,,,,-13.492687311554763,35.667480419977686,-17.833740209988843,0
2024-05-06,160.11,163.88,159.38,163.68,154.24749999999995,163.51443234031905,144.98056765968084,76.74163396842677,69.46803504753338,0,0,,,,172.89084444444484,174.61975288888928,171.1619360000004,,4.4983847695903245,6.115172044927841,5.542348910487638,0,58.27889450302848,44.10134962741326,,,,,2.135763298797489,-0.9316816388207201,-3.067444937618209,0.9086398907956805,58.27889450302848,,,,,58.27889450302848,,58.27889450302848,,-12.180363332331636,35.65198386906509,-17.825991934532546,0
2024-05-07,160.22,160.918,158.27,159.09,154.42299999999994,163.91445320802194,144.93154679197795,71.29440140578463,73.04788561434448,0,0,,,,172.79315555555593,174.52108711111148,171.06522400000037,,1.0570045608731204,3.022218192885817,2.561733236774999,0,51.47324597385599,45.40097946450704,,,,,1.9130657154277544,-0.676112793333516,-2.5891785087612704,0.8985453225828031,51.47324597385599,,,,,,,,,-12.007509257143875,35.636258094610646,-17.818129047305323,0
2024-05-08,158.1,159.64,157,157.78,154.66349999999994,164.23888359545265,145.08811640454724,68.11994069480902,72.0519920230068,0,0,,,,172.64560000000037,174.37205600000038,170.91914400000036,,0.04755714783937215,2.0150197040672557,1.722452049642742,0,49.68976512967462,46.5971734289196,,,,,1.6132010251794031,-0.5726772272870164,-2.1858782524664195,0.8461765761681298,49.68976512967462,,,,,,,,,-12.37067430944324,35.62106368817287,-17.810531844086434,0
2024-05-09,157.86,158.1699,155.77,155.87,154.48949999999996,163.84179057504338,145.13720942495655,62.50569623187863,67.30667944415744,0,0,,,,172.51977777777816,174.24497555555595,170.79458000000037,,-1.3743182192074932,0.8935882373883208,0.5811902569970995,0,47.125910473423254,47.78931332277987,,,,,1.2387214801365272,-0.6374764022957606,-1.8761978824322878,0.7110476274805141,47.125910473423254,47.125910473423254,,47.125910473423254,,,,,,-13.879678855138723,35.60822182208687,-17.804110911043434,0
2024-05-10,157.1,158.12,155.415,157.15,154.41899999999995,163.66817920682985,145.16982079317006,61.00172416381241,63.87578703016669,0,0,,,,172.42231111111153,174.14653422222264,170.6980880000004,,-0.5027098212024073,1.7685647491565426,1.5043178896919862,0,49.024155087171614,48.88615195132339,,,,,1.0378606769451901,-0.5788720362508002,-1.6167327131959903,0.5645432019527306,49.024155087171614,,,,,,,,,-14.314292474521293,35.596115370354504,-17.798057685177252,0
2024-05-13,158.05,161.38,157.51,159.79,154.80949999999999,164.2708497451483,145.34815025485167,63.843618913842874,62.45034643651132,0,0,,,,172.36186666666708,174.08548533333376,170.6382480000004,,1.0184664209535343,3.2171798242355942,3.2257369883072595,0,52.788871732880764,49.77241791534978,,,,,1.040776721174089,-0.3157618117283789,-1.356538532902468,0.4836359811820979,52.788871732880764,,,,,,,,,-14.011278170667305,35.583497129595806,-17.791748564797903,0
2024-05-14,161,162.2456,159.35,160.95,155.34199999999996,164.9262028359192,145.7577971640807,65.8057027959093,63.55034862452154,0,0,,,,172.28342222222264,174.00625644444486,170.56058800000042,,1.3832722325107127,3.6100990073515415,3.8686417161074793,0,54.38303569730569,50.367442122474976,,,,,1.074440998570201,-0.013487284689716716,-1.0879282832599177,0.500983405742002,54.38303569730569,,,,,,,,,-13.108711098654398,35.56943640746632,-17.78471820373316,0
2024-05-15,163,164.86,158.85,164.37,156.12049999999996,165.97819237702336,146.26280762297657,74.46146968865312,68.0369304661351,0,0,,,,172.22173333333376,173.9439506666671,170.49951600000043,,3.003565676757969,5.284059428454335,5.8173694906234585,0,58.80013535455788,51.483890050258445,,,,,1.2673919876297115,0.4963117012772216,-0.7710802863524899,0.5041055766586209,58.80013535455788,,,,,,,,,-11.809453344063792,35.55351070391948,-17.77675535195974,0
2024-05-16,163.87,165.88,163.185,165.04,156.95199999999997,166.8731725113529,147.03082748864705,76.36334031125696,72.2101709319398,0,0,,,,172.20040000000043,173.92240400000043,170.47839600000043,,2.9543866653359174,5.1531678474947995,5.9372532741655215,0,59.62495168736477,52.12235046434842,,,,,1.371678773775105,0.9435181808663913,-0.42816059290871367,0.6388554773666856,59.62495168736477,,,,,59.62495168736477,,59.62495168736477,,-10.869238304251468,35.53639702466687,-17.768198512333434,0
2024-05-17,163.72,164.42,161.13,161.86,157.77249999999998,166.38036123261836,149.1646387673816,73.84979878958332,74.89153626316447,0,0,,,,172.13302222222265,173.85435244444488,170.41169200000041,,0.8109219098394904,2.590755676686385,3.7185131073902866,0,54.08998137907869,52.42757404230486,,,,,1.1661013305039911,1.0294660702212752,-0.13663526028271583,0.6527628099233865,54.08998137907869,,,,,,,,,-10.713227033732506,35.519117534243286,-17.759558767121643,0
2024-05-20,163.08,165.35,162.5442,164.78,158.65099999999998,166.3005722756245,151.00142772437547,78.73143254759034,76.31485721614354,0,0,,,,172.04826666666713,173.7687493333338,170.32778400000046,,2.55931486045764,3.8631965761325215,5.366365207827606,0,57.95003476582071,53.20988204073382,,,,,1.1637136690566303,1.3180068260380722,0.1542931569814418,0.6552969815627453,57.95003476582071,,,,,,,,,-10.649832356448405,35.50178536600284,-17.75089268300142,0
2024-05-21,163.78,164.329,161.39,162.71,159.22799999999998,166.2484176513933,152.20758234860665,72.2314822797468,74.93757120564015,0,0,,,,171.99022222222266,173.7101244444449,170.27032000000042,,1.0432838601503347,2.1868013163514055,3.8848547276302936,0,54.45466511341692,53.64811414790558,,,,,0.9677041102777226,1.363923294828595,0.39621918455087246,0.6022819624749538,54.45466511341692,,,,,,,,,-11.067352895224436,35.484979402252655,-17.742489701126328,0
2024-05-22,163.06,164.84,162.13,163.34,159.64549999999997,166.60097403129433,152.6900259687056,71.80337851135396,74.25543111289703,0,0,,,,171.93404444444488,173.65338488888932,170.21470400000044,,1.08549007958616,2.3141898769461378,4.057437361041227,0,55.33761530631498,53.98516136288813,,,,,0.8307133411864586,1.4346108610339456,0.6038975198474871,0.5810936043911901,55.33761530631498,,,,,,,,,-10.761528715605557,35.46782347931755,-17.733911739658776,0
2024-05-23,168.25,168.7999,152.35,154.58,159.74949999999995,166.32639736882425,153.17260263117566,48.01103167270898,64.01529748793659,0,0,,,,171.83444444444487,173.55278888888932,170.11610000000042,,-4.259338399697709,-3.2360038685566694,-1.4233604571078584,0,42.88754657804038,53.27920062728104,,,,,0.13675446158127236,0.7748405968240775,0.6380861352428051,0.2071260645005046,42.88754657804038,,,,,,,,,-12.475033340583108,35.452930984028264,-17.726465492014132,0
2024-05-24,155.36,159,154.11,156.16,159.65099999999995,166.37923275459752,152.92276724540238,42.443736570081754,54.08604891804824,0,0,,,,171.7616000000004,173.4792160000004,170.04398400000042,,-3.2214082970784985,-2.1866446185742405,-0.3649541893167796,0,45.278900137893146,52.35062960119994,,,,,-0.210359815452958,0.3751363659266076,0.5854961813795656,0.15822820636751658,45.278900137893146,,,,,,,,,-13.509190363839851,35.43960075422918,-17.71980037711459,0
2024-05-28,156.07,156.47,149.55,150.74,159.31599999999997,167.04411076525366,151.58788923474629,31.80191658929681,40.752228277362526,0,0,,,,171.66626666666713,173.3829293333338,169.94960400000045,,-6.053486067571134,-5.383012377915564,-3.797716094555681,0,39.21330638588796,51.474919630630794,,,,,-0.7681265052638061,-0.374661950200192,0.3934645550636141,-0.1677164893418601,39.21330638588796,,,,,,,,,-15.641814303924994,35.429939120656975,-17.714969560328488,0
2024-05-29,148.64,150,147.74,148.19,158.96549999999996,167.9433382141826,149.98766178581732,25.142273603205027,33.129308920861206,0,0,,,,171.56662222222266,173.2822884444449,169.85095600000042,,-6.902379112560197,-6.778514834979898,-5.382655721585728,0,36.720913491237226,50.54857308502813,,,,,-1.243779584003799,-1.1612599249411346,0.08251965906266434,-0.4427194607678303,36.720913491237226,,,,,,,,,-16.728038947462,35.42237412380052,-17.71118706190026,0
2024-05-30,147,147.7,140.2312,140.95,158.20599999999996,170.1059653781026,146.3060346218973,19.510064211465163,25.48475146798901,0,0,,,,171.43906666666712,173.1534573333338,169.72467600000044,,-10.128478974718613,-10.90729807971883,-9.854693056135865,0,30.745733761748454,49.37856046276564,,,,,-1.9395009398047556,-2.34185651569328,-0.40235557588852455,-0.6889073507969389,30.745733761748454,,,,,,,,,-19.39063847894085,35.4206396501945,-17.71031982509725,0
2024-05-31,140.27,142.1,133.59,136.18,157.12649999999996,172.42155838498266,141.83144161501727,15.827029754048478,20.1597891895729,0,0,,,,171.27964444444493,172.99244088888938,169.56684800000048,,-11.54213408336522,-13.33097854276647,-12.677700046809548,0,27.563471903865093,47.845654521100904,,,,,-2.5746358205482207,-3.6206503515738007,-1.04601453102558,-0.8274236448922818,27.563471903865093,27.563471903865093,,27.563471903865093,,,,,,-21.87320088417897,35.425191829059884,-17.712595914529942,0
2024-06-03,136.85,138.48,135.7,136.93,156.00699999999998,173.60083767118525,138.4131623288147,16.542101332370216,17.293065099294626,0,0,,,,171.12408888888936,172.83532977777827,169.41284800000045,,-9.590904289034373,-12.228297448191405,-12.036590928070778,0,28.811116248156438,46.13295770076344,,,,,-2.7803598324177274,-4.5214643215477395,-1.741104489130012,-0.9030720878533699,28.811116248156438,,,,,,,,,-23.68427699861734,35.43481636907395,-17.717408184536975,0
2024-06-04,137.2,139.06,135.6,137,154.67299999999997,173.72301637794655,135.6229836220534,17.184329592504838,16.51782022630785,1,0,,,,170.9142222222227,172.62336444444492,169.20508000000046,,-7.854558172695314,-11.426040744021238,-11.798789647624341,0,28.93414754613427,44.315179975679776,,,,,-2.7432120470319186,-5.17011954791991,-2.4269075008879915,-0.9488947361865405,28.93414754613427,,,,,,,,,-24.146758338360126,35.44572108887104,-17.72286054443552,0
2024-06-05,137.22,137.3,128.41,134.29,153.43299999999996,174.31227402952578,132.55372597047415,14.64458162631042,16.12367085039517,0,0,,,,170.70755555555604,172.4146311111116,169.0004800000005,,-7.917112372802282,-12.476455521302443,-13.229174743480376,0,26.989444465220657,42.04298776929854,,,,,-2.7269450428920328,-5.835588804503033,-3.108643761611,-0.9641894164339879,26.989444465220657,,,,,,,,,-24.193688485301802,35.456656261589025,-17.728328130794512,0
2024-06-06,133.94,135.85,131.835,132.04,152.14599999999996,174.8852043836201,129.4067956163798,12.74757918576768,14.85883013486099,0,0,,,,170.47568888888938,172.1804457777783,168.77093200000047,,-7.474107605846969,-13.214938282965027,-14.259183501191519,0,25.459451067786233,39.60259486790007,,,,,-2.689047066432914,-6.469952594652142,-3.780905528219228,-0.9694565762033327,25.459451067786233,,,,,,,,,-24.813491191498542,35.46937601574349,-17.734688007871746,0
2024-06-07,131.06,132.6,130.08,131.21,150.91299999999995,175.32365021665822,126.50234978334167,12.067094418341082,13.153085076806404,0,0,,,,170.22240000000048,171.92462400000048,168.52017600000048,,-6.524944966481161,-13.05586662514161,-14.40369845259939,0,24.89872218316094,37.51750492533453,,,,,-2.542827925311344,-6.959440434858408,-4.416612509547064,-0.974742540904551,24.89872218316094,,,,,,,,,-25.630916680658046,35.48454936466681,-17.742274682333406,0
2024-06-10,129.53,130,125.89,126.76,149.39349999999996,175.76655008905928,123.02044991094064,8.809310876252368,11.207994826787052,0,0,,,,169.96155555555603,171.6611711111116,168.26194000000046,,-7.763281403488309,-15.150257541325395,-16.738736805690834,0,22.089670484300512,34.956050333797364,,,,,-2.5616045495192576,-7.6186181964461355,-5.057013646926878,-0.9732209694098742,22.089670484300512,22.089670484300512,,22.089670484300512,,,,,,-26.82086027401836,35.50349013968818,-17.75174506984409,0
2024-06-11,128.75,130.6365,127.15,128.48,147.828,175.2431794449714,120.4128205550286,10.89919471166111,10.59186666875153,1,0,,,,169.74888888888935,171.44637777777825,168.05140000000046,,-4.972522799050349,-13.088183564683288,-15.070455121354687,0,25.584294026445804,32.89388097044228,,,,,-2.2832196205859976,-7.911038172659374,-5.627818552073377,-0.9621736639532645,25.584294026445804,,,,,,,,,-27.239079463609173,35.523687919700706,-17.761843959850353,0
2024-06-12,130.66,133.38,129.15,130.33,146.297,174.02811689059766,118.56588310940235,13.035418726016982,10.914641437976831,0,0,,,,169.546355555556,171.24181911111157,167.85089200000044,,-2.31379809169745,-10.914099400534516,-13.372829834185595,0,29.25965899034024,31.031169805015516,,,,,-1.819672769444277,-7.902409513878723,-6.082736744434446,-0.9433404688094497,29.25965899034024,,,,,29.25965899034024,,29.25965899034024,,-27.099658536988482,35.543249031056384,-17.771624515528192,0
2024-06-13,129.76,129.91,125.88,125.9,144.37349999999998,172.16012071933196,116.586879280668,10.33204623818833,11.422219891955484,0,0,,,,169.32902222222268,171.0223124444449,167.63573200000044,,-4.557583843774637,-12.795630777116285,-15.752892997028933,0,25.9540081269959,29.821631344226628,,,,,-1.6609974310079645,-8.158983533194402,-6.497986102186437,-0.9332256107526922,25.9540081269959,,,,,,,,,-26.98224687510626,35.56225539406651,-17.781127697033256,0
2024-06-14,126.1,128.89,124.69,127.17,142.48,169.52674028418227,115.43325971581771,15.917843502785058,13.095102822330134,1,0,,,,169.0973777777782,170.78835155555598,167.40640400000044,,-2.9318148857729653,-10.745367770915204,-14.318247152251251,0,28.44966054367299,28.61954280178233,,,,,-1.3341812409409224,-8.16571265336259,-6.8315314124216675,-0.9246276473750212,28.44966054367299,,,,,,,,,-26.971715617619964,35.58107003990035,-17.790535019950173,0
2024-06-17,126.46,131.7899,125.65,130.67,140.92050000000003,166.89310747402857,114.9478925259715,22.0765091659021,16.10879963562517,0,0,,,,168.9225777777782,170.61180355555598,167.23335200000042,,0.21858342600757918,-7.273959431026745,-11.389944371483685,0,34.95602823853109,28.31545150554256,,,,,-0.7737556079842083,-7.798725922401928,-7.02497031441772,-0.8690234903998544,34.95602823853109,,,,,34.95602823853109,,34.95602823853109,,-26.647395103733583,35.59865603007269,-17.799328015036345,0
2024-06-18,130.11,131.1384,126.56,127.6,139.06150000000005,163.19415031031488,114.92884968968522,22.962261323732463,20.318871330806548,0,0,,,,168.74182222222265,170.42924044444487,167.05440400000043,,-1.4253157711769715,-8.242036796669138,-12.760289067004582,0,32.19090140442232,27.991879213627204,,,,,-0.5138050454670475,-7.66722662125153,-7.153421575784482,-0.8662912708736143,32.19090140442232,,,,,,,,,-26.08119180076602,35.61426017182532,-17.80713008591266,0
2024-06-20,127,127.4,125.32,126.62,137.25700000000003,159.3583077441123,115.15569225588779,24.844370807884857,23.294380432506482,0,0,,,,168.527555555556,170.21283111111157,166.84228000000044,,-1.599340990689957,-7.749695826078106,-12.78493102878241,0,31.338692186156422,28.0342333867992,,,,,-0.32126349095740014,-7.555000939481232,-7.233737448523832,-0.8444459742428388,31.338692186156422,,,,,,,,,-25.95594695148724,35.62932969622433,-17.814664848112166,0
2024-06-21,125.68,128.27,124.7,127.8,135.48000000000002,154.39188197932623,116.56811802067381,28.963655155268412,25.590095762295253,0,0,,,,168.30573333333376,169.98879066666711,166.6226760000004,,-0.3539850608948014,-5.668733392382652,-11.362028547252766,0,33.61749801589991,28.46666382337312,,,,,-0.04248756485765792,-7.286846904595905,-7.244359339738247,-0.79800235695743,33.61749801589991,,,,,,,,,-26.24326204846486,35.645181576328504,-17.822590788164252,0
2024-06-24,126.69,126.9751,124.4,124.8,133.99100000000004,151.2722405804658,116.70975941953428,25.295414143790197,26.367813368981164,0,0,,,,168.07560000000043,169.75635600000044,166.39484400000043,,-2.204320876399768,-6.859415930920765,-12.816488488469846,0,30.817152089519652,28.609952097756207,,,,,0.009063503012675334,-7.233029960972402,-7.242093463985078,-0.7821283079084397,30.817152089519652,,,,,,,,,-26.531652146348318,35.661823611385095,-17.830911805692548,0
2024-06-25,125,125.8,122.6,124.21,132.39350000000005,146.8598032942057,117.9271967057944,24.424980547660752,26.22801661557313,0,0,,,,167.89608888888932,169.57504977777822,166.21712800000043,,-2.4717724838643984,-6.181194696114267,-12.55793215924157,0,30.282884323132635,28.706290438970377,,,,,0.06927195190381141,-7.155503524105313,-7.224775476009125,-0.7731795517419626,30.282884323132635,,,,,,,,,-26.714789253089403,35.678917231705654,-17.839458615852827,0
2024-06-26,123.68,130.82,122.68,129.13,131.31300000000005,143.12042495211998,119.50557504788011,34.83952031126607,28.186638334239007,0,0,,,,167.75422222222218,169.4317644444444,166.07667999999995,,1.339632562410209,-1.6624401239786257,-8.435540407347087,0,39.674965259412964,29.612399067126976,,,,,0.48322789596150795,-6.62074060605724,-7.1039685020187475,-0.5671733910432257,39.674965259412964,,,,,,,,,-26.190919207444725,35.69418804098769,-17.847094020493845,0
2024-06-27,129.13,134.6399,128.68,133.92,130.59950000000003,139.6422661144115,121.55673388558857,44.918616463228766,34.72770577405186,0,0,,,,167.6086666666666,169.28475333333327,165.93257999999994,,4.803493449781637,2.542505905459014,-4.428416465259688,0,47.141097093459265,31.161088068960762,,,,,1.087807991726347,-5.744208512360814,-6.832016504087161,-0.03816681755783651,47.141097093459265,,,,,,,,,-24.13921103109162,35.70312654515998,-17.85156327257999,0
2024-06-28,133.55,135.73,133.55,135.09,130.30650000000003,138.3086603957902,122.30433960420984,58.25124390917229,46.00312689455571,0,0,,,,167.4683111111111,169.1429942222222,165.79362799999998,,4.964219392234703,3.6709603895430876,-2.9172495735995674,0,48.8077208594611,32.86887368869649,,,,,1.5466752476624803,-4.89867244450906,-6.4453476921715405,0.3610761164457,48.8077208594611,,,,,,,,,-21.760709401495813,35.70551247482502,-17.85275623741251,0
2024-07-01,138.32,142.97,135.73,142.77,130.63600000000002,140.00448205420582,121.26751794579422,70.97441391194366,58.0480914281149,0,0,,,,167.4080444444444,169.08212488888887,165.73396399999996,,9.603027767328665,9.28840442144583,3.1522972104012004,0,58.13808438875122,35.44376039615725,,,,,2.3020857444257468,-3.5677405116393572,-5.869826256065104,0.5329152074544129,58.13808438875122,,,,,58.13808438875122,,58.13808438875122,,-18.845142906112734,35.700985396505,-17.8504926982525,0
2024-07-02,142.66,144.68,140.695,141.92,130.88550000000004,141.13549019511433,120.63550980488574,71.40623247172788,66.87729676428127,0,0,,,,167.35404444444438,169.02758488888884,165.68050399999993,,8.017597004247001,8.430651218049334,3.0329576721753515,0,56.90195571079148,37.680736230753375,,,,,2.6541523416049193,-2.5521358290589546,-5.206288170663874,0.6678545786671097,56.90195571079148,,,,,,,,,-17.055887157452485,35.692802492743866,-17.846401246371933,0
2024-07-03,141.96,143.72,140.7101,142.86,131.17850000000004,142.3998729552111,119.95712704478899,74.0925440376956,72.15773014045571,0,0,,,,167.29999999999995,168.97299999999996,165.62699999999995,,7.484651498736006,8.905041603616425,4.26849295072198,0,57.966328829813705,39.73121264785862,,,,,2.843139151975338,-1.652364230694701,-4.495503382670039,0.7966049045085035,57.966328829813705,,,,,,,,,-15.352243805698842,35.68156295702481,-17.840781478512405,0
2024-07-05,142.98,146.46,142.61,143.02,131.61500000000007,143.91398451092346,119.31601548907668,76.35454477453946,73.95110709465432,0,0,,,,167.25399999999996,168.92653999999996,165.58145999999996,,6.2934776146025495,8.665425673365457,4.887719830051895,0,58.15575886644375,42.03133770067632,,,,,2.863745843455935,-0.9158210783501204,-3.7795669218060555,0.8320658812180511,58.15575886644375,,,,,58.15575886644375,,58.15575886644375,,-15.161949570661369,35.67000734553563,-17.835003672767815,0
2024-07-08,143.31,143.4359,140.89,141.57,132.09150000000005,145.13531428110375,119.04768571889635,72.36517894131872,74.27075591785126,0,0,,,,167.2038222222222,168.8758604444444,165.53178399999996,,4.14996064121711,7.17570774803824,4.37981857459897,0,55.705660332287465,43.978194828434496,,,,,2.6684614068631083,-0.4439901632271699,-3.112451570090278,0.8528632708299982,55.705660332287465,,,,,,,,,-15.111550241310054,35.658369463352564,-17.829184731676282,0
2024-07-09,140.37,141.36,136.26,137.46,132.40400000000005,145.64632668377956,119.16167331622054,66.8200428065752,71.84658884081114,0,0,,,,167.14319999999998,168.814632,165.47176799999997,,0.19315572724953878,3.8186157517899444,1.7777415796059737,0,49.358088054209894,45.00691338669726,,,,,2.172260777483023,-0.3971255982364994,-2.5693863757195223,0.8557914643430459,49.358088054209894,,,,,,,,,-16.04266058945972,35.648306165004186,-17.824153082502093,0
2024-07-10,137.46,137.98,133.17,137.5,132.94100000000006,146.09503497030215,119.78696502969798,64.87023421934235,68.0184853224121,0,0,,,,167.08902222222218,168.7599124444444,165.41813199999996,,-0.739222084259783,3.4293408354081345,2.278390621629467,0,49.41849722980163,46.23745594565293,,,,,1.773355648232295,-0.3526918154291536,-2.1260474636614486,0.8089309007307799,49.41849722980163,,,,,,,,,-16.98283750134718,35.63994125152333,-17.819970625761666,0
2024-07-11,139,142.1,136.3444,138.18,133.42600000000007,146.60162355260326,120.2503764473969,65.20353828657849,65.63127177083202,0,0,,,,167.05008888888884,168.72058977777772,165.37958799999996,,-0.8957964268552665,3.563023698529477,3.105296539030755,0,50.49952240749215,47.60608667574834,,,,,1.4931461881783874,-0.2596147284384642,-1.7527609166168516,0.7426368127547669,50.49952240749215,,,,,,,,,-17.483972735028566,35.63251818641021,-17.816259093205105,0
2024-07-12,133.95,137.46,132.2,135.75,133.69700000000006,146.82964801934224,120.56435198065788,60.03681254877657,63.37019501823247,0,0,,,,166.99728888888885,168.66726177777772,165.32731599999997,,-2.7662378592098302,1.5355617553123313,1.6064928357754749,0,46.66168523520605,48.53781433427021,,,,,1.1001458003118283,-0.37757866622706615,-1.4777244665388944,0.6177476676251122,46.66168523520605,,,,,,,,,-17.641588167608305,35.6253845977768,-17.8126922988884,0
2024-07-15,135.92,136.33,132.8001,133.72,134.08800000000008,146.7251034655854,121.45089653441478,55.89834307823992,60.379564637864995,0,0,,,,166.91657777777775,168.58574355555552,165.24741199999997,,-4.126187488797295,-0.274446632062586,0.2679410529683679,0,43.675533057714425,49.45627011771269,,,,,0.6800715844615124,-0.6276349859620041,-1.3077065704235165,0.37083684285374824,43.675533057714425,43.675533057714425,,43.675533057714425,,,,,,-18.211904392543,35.61936777186494,-17.80968388593247,0
2024-07-16,135,138.14,134.47,136.21,134.54000000000008,146.7959373366509,122.28406266334926,57.92051982188876,57.95189181630175,0,0,,,,166.8438222222222,168.51226044444442,165.17538399999998,,-1.8794257270258408,1.2412665378325638,2.134264454836554,0,48.06581889771611,50.72647973018294,,,,,0.5519548220233308,-0.617763042894353,-1.1697178649176838,0.05223736925636911,48.06581889771611,,,,,,,,,-18.4233550826108,35.61375872495208,-17.80687936247604,0
2024-07-17,134,138.4,133.26,135.1,134.76150000000007,146.88911687224333,122.6338831277568,53.39426032285,55.7377077409929,0,0,,,,166.7522666666666,168.41978933333326,165.08474399999994,,-2.1985420271180334,0.2511845000240598,1.3483101113256346,0,46.33207181775437,51.201987341493044,,,,,0.38254582118602043,-0.6915355884351584,-1.0740814096211788,-0.3700048565788938,46.33207181775437,,,,,,,,,-18.38762544207424,35.60805164430258,-17.80402582215129,0
2024-07-18,135.03,136.68,129.7505,129.84,134.87350000000006,146.7737407958794,122.97325920412074,41.52076872795816,50.94518295756564,0,0,,,,166.67302222222216,168.33975244444437,165.00629199999995,,-5.111996199802727,-3.7320155553166923,-2.4228942463776493,0,39.129310257992174,50.62971685324539,,,,,-0.06957885910813433,-1.1610549835063466,-1.0914761243982123,-0.718963778110278,39.129310257992174,39.129310257992174,,39.129310257992174,,,,,,-19.02712380799373,35.603651191336624,-17.801825595668312,0
2024-07-19,129.83,130.88,128.87,129.85,135.03500000000005,146.5647207251491,123.50527927485102,30.198323745189697,41.7044509319993,0,0,,,,166.57213333333328,168.2378546666666,164.90641199999996,,-4.18247022535756,-3.839745251231208,-2.3067200337055005,0,39.14867832468586,49.93978524361859,,,,,-0.33872545471795124,-1.5148829427956514,-1.1761574880777002,-0.9400687937367809,39.14867832468586,,,,,,,,,-20.16869601296283,35.6017270465143,-17.80086352325715,0
2024-07-22,130.69,132.65,129.62,131.15,135.20250000000007,146.39945650611864,124.0055434938815,28.297574321887282,33.33888893167838,0,0,,,,166.49391111111106,168.15885022222218,164.82897199999994,,-2.473303786549308,-2.997355818124714,-1.306630478679749,0,41.74374572426491,48.768761053298135,,,,,-0.39597901228346943,-1.671131253432037,-1.2751522411485676,-0.9429001935574952,41.74374572426491,,,,,,,,,-20.83186328602859,35.60129398851421,-17.800646994257104,0
2024-07-23,131.25,134.17,130.38,132.6,135.5925000000001,145.81383234954768,125.3711676504525,29.353366600233322,29.28308822243677,0,0,,,,166.40191111111105,168.06593022222216,164.73789199999993,,-1.037390850063491,-2.2069804745838417,-0.25025200728187036,0,44.5825440754638,47.888803079346154,,,,,-0.30694562671857883,-1.6588342745467912,-1.3518886478282124,-0.9218923654400447,44.5825440754638,,,,,,,,,-20.116720373284746,35.5991664606977,-17.79958323034885,0
2024-07-24,131,131.8125,125.54,125.62,135.66300000000007,145.58437309045064,125.74162690954948,19.799322285497453,25.81675440253936,0,0,,,,166.2698222222222,167.9325204444444,164.60712399999997,,-5.408051083568055,-7.402902781156295,-5.474009491226106,0,35.591495770334575,46.290600717954796,,,,,-0.6681730112515019,-2.1871049118925896,-1.5189319006410877,-0.9196238747232243,35.591495770334575,35.591495770334575,,35.591495770334575,,,,,,-20.75549819286211,35.59846247451489,-17.799231237257445,0
2024-07-25,126.27,132.99,125.5,129.59,135.686,145.54864548688607,125.82335451311394,22.5046501793268,23.885779688352528,0,0,,,,166.14866666666663,167.8101533333333,164.48717999999997,,-1.783345838733419,-4.4927258523355444,-2.5138228914605043,0,42.67298471970551,45.184688278902065,,,,,-0.592352666830315,-2.2593727341789815,-1.6670200673486666,-0.8977767988812964,42.67298471970551,,,,,,,,,-20.796490911217177,35.59780728380213,-17.798903641901067,0
2024-07-26,130.53,131.375,128.044,129,135.44,145.70384333473544,125.17615666526457,22.649586867868013,21.65118644423076,0,0,,,,166.0238666666666,167.68410533333326,164.36362799999995,,-1.7277630496389529,-4.7548730064973395,-2.9252850785878692,0,41.93507207857893,44.20107483220859,,,,,-0.5362323561241678,-2.3373105125038762,-1.8010781563797085,-0.8758484571709514,41.93507207857893,,,,,,,,,-21.25380195025198,35.598183971276015,-17.799091985638007,0
2024-07-29,130,130.57,128.4,129.57,135.16400000000002,145.74268876562547,124.58531123437454,26.203256569286758,23.78583120549386,0,0,,,,165.89137777777773,167.5502915555555,164.23246399999996,,-0.9804895569838212,-4.138675978810946,-2.586027581955186,0,42.96126576146029,43.744158954155054,,,,,-0.4201508922824311,-2.3262667717327474,-1.9061158794503164,-0.8497873658442019,42.96126576146029,,,,,,,,,-20.229504876567006,35.59613707722941,-17.798068538614704,0
2024-07-30,128.54,131.41,126.675,128.88,134.4695,144.78001982200516,124.15898017799485,29.766383459083023,26.206408965412603,0,0,,,,165.7642222222222,167.42186444444442,164.10657999999998,,-0.952966492468521,-4.156704680243484,-3.1462925851703183,0,41.993747879474554,43.213819714845975,,,,,-0.3520247689849345,-2.3461468406814845,-1.99412207169655,-0.8181078242324002,41.993747879474554,,,,,,,,,-20.165917081261593,35.59390766423066,-17.79695383211533,0
2024-07-31,129.35,132.55,128.77,130.38,133.8925,143.7524145533809,124.03258544661914,36.08416418813702,30.684601405502274,0,0,,,,165.63328888888887,167.28962177777777,163.97695599999997,,0.5646057015919803,-2.623373228522896,-2.0119197035856518,0,44.89890111006664,42.81377533645844,,,,,-0.1769643886310872,-2.215327557485409,-2.038363168854322,-0.7194337569286604,44.89890111006664,,,,,44.89890111006664,,44.89890111006664,,-19.660590861102737,35.59052954767889,-17.795264773839445,0
2024-08-01,129.4,129.79,121.45,124.2,132.95950000000002,142.77997142452747,123.13902857547258,28.191660736502584,31.34740279457422,0,0,,,,165.44773333333333,167.10221066666668,163.79325599999999,,-3.783582783303896,-6.588096375212016,-6.576971198327097,0,36.73563908016978,42.10477203967014,,,,,-0.43377296250859754,-2.580579371990069,-2.1468064094814716,-0.7336594382629256,36.73563908016978,,,,,,,,,-20.512940653129434,35.58900425832455,-17.794502129162275,0
2024-08-02,120.9,121.6499,116.89,119.77,131.79700000000003,142.0724992092828,121.52150079071725,21.787612973246326,28.68781263262865,0,0,,,,165.2237333333333,166.87597066666666,163.57149599999997,,-6.485211905431165,-9.125397391442924,-9.754210766904592,0,32.2142125390823,41.28610628833927,,,,,-0.8351367324019172,-3.190727324983868,-2.355590592581951,-0.7688599900717638,32.2142125390823,,,,,,,,,-22.150493207790774,35.591322317197005,-17.795661158598502,0
2024-08-05,107.93,115.71,107.93,112.63,130.35000000000002,142.66190968127881,118.03809031872123,16.243101102304518,22.074124937351147,0,0,,,,164.98284444444445,166.6326728888889,163.33301600000001,,-10.769742679680583,-13.59416954353665,-14.809557546220775,0,26.543633363355553,39.74880732159924,,,,,-1.4771071700203464,-4.201974555107384,-2.7248673850870375,-0.7511584129528169,26.543633363355553,26.543633363355553,,26.543633363355553,,,,,,-25.48067047311768,35.60255323357236,-17.80127661678618,0
2024-08-06,114.64,117.32,113.33,114.82,129.21800000000002,142.80413940749816,115.63186059250188,17.090717133090497,18.373810402880448,0,0,,,,164.75831111111108,166.4058942222222,163.11072799999997,,-7.735081882905059,-11.142410500085143,-12.934021853696997,0,30.580039411033056,38.62366214969057,,,,,-1.637446625049995,-4.771675666399531,-3.134229041349536,-0.7712344803648441,30.580039411033056,,,,,,,,,-27.06502507826711,35.618448404950634,-17.809224202475317,0
2024-08-07,117.51,121.53,115.05,115.1,128.098,142.44062402770126,113.75537597229876,19.478291575262244,17.60403660355242,1,0,,,,164.5455111111111,166.19096622222222,162.90005599999998,,-6.721558584696208,-10.146918765320311,-12.520267531414675,0,31.101323994613338,38.05023455944922,,,,,-1.605663517566477,-5.141308438307632,-3.5356449207411553,-0.8307190849245347,31.101323994613338,,,,,,,,,-27.657245210002998,35.636075415172286,-17.818037707586143,0
2024-08-08,118.05,122.06,117.28,121.6,127.269,141.0920733196346,113.44592668036539,29.93895555308871,22.169321420480486,0,0,,,,164.3641333333333,166.00777466666665,162.72049199999998,,-0.8116154818712085,-4.45434473438151,-7.403411960900275,0,41.99123111731409,38.253274044636946,,,,,-1.05452233205088,-4.853797835804755,-3.7992755037538752,-0.8095551856171125,41.99123111731409,,,,,,,,,-25.483663564665974,35.64697140318472,-17.82348570159236,0
2024-08-09,121.06,124.63,120.47,124.41,126.702,140.00766435770868,113.39633564229132,40.172757535402745,29.8633348879179,0,0,,,,164.19951111111112,165.84150622222222,162.55751600000002,,1.8618589113774675,-1.808969077046929,-5.034400635088632,0,45.967246412912495,38.55495266525463,,,,,-0.43983300630962985,-4.349066761640913,-3.909233755331283,-0.7081783501224956,45.967246412912495,,,,,,,,,-23.16739498478951,35.651439923197046,-17.825719961598523,0
2024-08-12,125.29,126.19,121.95,123.03,126.16749999999999,139.15765762029108,113.1773423797089,43.92543657075882,38.01238321975009,0,0,,,,164.03635555555556,165.6767191111111,162.395992,,1.2742628537560696,-2.486773535181397,-5.798728975779066,0,44.359210814477244,38.53900028946988,,,,,-0.08392951059387554,-4.014145643573627,-3.930216132979752,-0.5922400052742434,44.359210814477244,,,,,,,,,-21.154733954058553,35.65092614936869,-17.825463074684347,0
2024-08-13,123.27,127.77,122.85,127.06,125.71,137.87124664662284,113.54875335337715,53.61451685825388,45.90423698813848,0,0,,,,163.89604444444444,165.5350048888889,162.257084,,4.748557295960398,1.0739002465993241,-2.3213979125612516,0,49.873907883610904,39.559172583275334,,,,,0.4365598446139076,-3.384516327212367,-3.8210761718262747,-0.46734417160224556,49.873907883610904,,,,,,,,,-19.622922205576362,35.64699101454645,-17.823495507273226,0
2024-08-14,127.56,128.11,125.19,127.3,125.32000000000001,136.72871246022058,113.91128753977944,57.51827232568304,51.68607525156525,0,0,,,,163.7994666666667,165.43746133333335,162.16147200000003,,5.213567839195954,1.5799553143951428,-1.7688803607209036,0,50.190522706234724,40.096139582313135,,,,,0.7900595618636408,-2.8335017194967236,-3.6235612813603644,-0.26302785904682435,50.190522706234724,,,,,,,,,-18.647658483549474,35.64104082450666,-17.82052041225333,0
2024-08-15,124,128.655,123.99,127.05,125.18050000000001,136.43187231629918,113.92912768370083,61.067129887165535,57.39997302370082,0,0,,,,163.6988,165.335788,162.061812,,4.760177115199071,1.493443467632738,-1.5614830731722318,0,49.837391459105824,40.66059096663649,,,,,0.9872910090345934,-2.3894475200671224,-3.376738529101716,-0.06009545537850498,49.837391459105824,,,,,,,,,-17.465995359993766,35.63283603396571,-17.816418016982855,0
2024-08-16,125,128.64,124.73,128.04,125.08999999999999,136.21812293246273,113.96187706753724,65.2288986942806,61.27143363570972,0,0,,,,163.6023555555555,165.23837911111107,161.96633199999994,,4.861429600995826,2.358302022543768,-0.4091283854206984,0,51.298676905351655,41.2561203340573,,,,,1.1531210007853026,-1.9353372781200875,-3.08845827890539,0.1923497257257304,51.298676905351655,,,,,,,,,-16.948559310439965,35.62370082123804,-17.81185041061902,0
2024-08-19,128.56,132.66,128.25,131.42,125.10349999999998,136.26161144414698,113.94538855585299,76.39232712651683,67.56278523598765,0,0,,,,163.53288888888883,165.16821777777773,161.89755999999994,,5.998403006863828,5.049019411926925,2.4895823314261545,0,56.01031561869107,42.257303744001334,,,,,1.4404721069482758,-1.2878681452200453,-2.728340252168321,0.48549462968087315,56.01031561869107,,,,,,,,,-15.753151990814272,35.612573600233084,-17.806286800116542,0
2024-08-20,131.43,133.67,130.76,131.92,125.06949999999999,136.1398323798338,113.9991676201662,78.7580960530454,73.4597739579476,0,0,,,,163.4635555555555,165.09819111111105,161.82891999999995,,4.954134279554112,5.477354590847483,3.027889068516054,0,56.678009825889916,43.09866865227442,,,,,1.60184887445523,-0.7260291590992836,-2.3278780335545135,0.8026031730395695,56.678009825889916,,,,,,,,,-14.39211410348601,35.599418729120465,-17.799709364560233,0
2024-08-21,132.76,135.72,130.66,135.06,125.5415,137.43950533702946,113.64349466297054,83.42469442529134,79.52503920161786,0,0,,,,163.39217777777773,165.0260995555555,161.75825599999996,,5.772619411225688,7.581954971065352,5.547234197741524,0,60.71112549262552,44.81120339602126,,,,,1.8406354250789616,-0.027083752205811606,-1.8677191772847732,0.9328517931502393,60.71112549262552,,,,,60.71112549262552,,60.71112549262552,,-12.536514037840547,35.58390121170322,-17.79195060585161,0
2024-08-22,122.1,123.98,115.14,115.21,124.82250000000002,137.37497366059645,112.27002633940359,57.306330192085085,73.16304022347394,0,0,,,,163.22524444444437,164.85749688888882,161.59299199999992,,-9.319165682802065,-7.700935328166015,-9.423252303531537,0,37.15960624013222,45.16444580323911,,,,,0.64406007089971,-1.0626440886601358,-1.7067041595598458,0.6525283700292306,37.15960624013222,37.15960624013222,,37.15960624013222,,,,,,-15.538231821515822,35.5724532451837,-17.78622662259185,0
2024-08-23,117.13,117.3,113.24,115.86,124.16550000000002,137.1429026291845,111.18809737081554,52.07837565043148,64.26980008926928,0,0,,,,163.06831111111106,164.69899422222218,161.43762799999993,,-8.189706406751473,-6.689056138782535,-8.434953727486105,0,38.00766542914301,45.98330523650964,,,,,-0.08265169523532645,-1.8100187786040038,-1.7273670833686774,0.31553755735486977,38.00766542914301,,,,,,,,,-18.43942016373916,35.56602785062225,-17.783013925311124,0
2024-08-26,115.05,120.03,114.85,118,123.58700000000002,136.58066322481685,110.5933367751832,43.81711028448123,51.06727204233258,0,0,,,,162.9314666666666,164.56078133333327,161.30215199999995,,-6.119721223307806,-4.5207020155841775,-6.355895213833918,0,40.83848166594244,46.71605111186032,,,,,-0.3814899365190847,-2.2042295040175333,-1.8227395674984486,0.019256202478917298,40.83848166594244,,,,,,,,,-21.50941544149825,35.566074158796155,-17.783037079398078,0
2024-08-27,117.83,118.982,115.32,115.54,122.92000000000003,136.12618794353466,109.7138120564654,36.767395516049724,44.22096048365413,0,0,,,,162.76959999999994,164.39729599999995,161.14190399999993,,-7.226593865424791,-6.003904978848052,-7.804021704436625,0,38.653401279919954,47.25548520366793,,,,,-0.6891715081272962,-2.684203952657569,-1.9950324445302727,-0.34177460335851756,38.653401279919954,,,,,,,,,-20.980841028114664,35.56487094829804,-17.78243547414902,0
2024-08-28,114.93,115.6799,110.26,111.56,121.97900000000001,135.60034633580588,108.35765366419413,29.118118842304455,36.56754154761179,0,0,,,,162.59764444444443,164.22362088888886,160.971668,,-9.27573475594884,-8.541634215725669,-10.418997553572462,0,35.357237341016344,46.78162850536095,,,,,-1.0816988191864607,-3.3471559685133485,-2.265457149326888,-0.565651291186551,35.357237341016344,35.357237341016344,,35.357237341016344,,,,,,-21.3107121541937,35.56437006147462,-17.78218503073731,0
2024-08-29,112.45,117.08,112.45,114.14,121.47600000000003,135.47001500642162,107.48198499357844,29.546754649212417,31.81075633585552,0,0,,,,162.39404444444443,164.0179848888889,160.77010399999998,,-6.192726525580472,-6.039052981658955,-7.9605199496822765,0,38.98926117558182,46.28320098840875,,,,,-1.085719580674041,-3.622606625169439,-2.536887044495398,-0.6690875791098929,38.98926117558182,,,,,,,,,-21.237979675422128,35.5636593646487,-17.78182968232435,0
2024-08-30,115.38,115.92,112.531,114.23,121.19900000000003,135.5323302480602,106.86566975193986,28.437134094833887,29.03400252878357,0,0,,,,162.18257777777777,163.80440355555555,160.56075199999998,,-5.040982925166726,-5.750047442635687,-7.499581617063534,0,39.11776818954905,45.908812229485314,,,,,-1.0024525969147158,-3.789952790638793,-2.7875001937240773,-0.7682923976570377,39.11776818954905,,,,,,,,,-20.504574662952507,35.5612839611277,-17.78064198056385,0
2024-09-03,113.06,114.73,109.37,110.41,121.08800000000001,135.7163978616925,106.4596021383075,22.549542790537384,26.84447717819455,0,0,,,,161.94826666666663,163.5677493333333,160.32878399999996,,-6.584992343032214,-8.818380021141659,-10.08957654723126,0,35.682350556126266,44.89512956323642,,,,,-1.116082611643498,-4.18260345827845,-3.066520846634952,-0.8168778786541379,35.682350556126266,,,,,,,,,-19.963396025679273,35.55772342262408,-17.77886171131204,0
2024-09-04,110,112.87,109.4,110.8,120.88700000000001,135.958146074535,105.81585392546503,21.778593814360107,24.255090233243774,0,0,,,,161.71386666666663,163.3310053333333,160.09672799999996,,-4.549409464081167,-8.344156112733392,-9.234886134017783,0,36.29745404316618,43.90276751587437,,,,,-1.0759510346544907,-4.4114596399530654,-3.3355086052985747,-0.8402071897584324,36.29745404316618,,,,,,,,,-20.251010814104642,35.554736554198676,-17.777368277099338,0
2024-09-05,110.04,113.79,110,111.75,120.71950000000001,136.1151584464572,105.32384155354283,22.100303614442247,22.14281340644656,0,0,,,,161.49959999999996,163.11459599999995,159.88460399999997,,-1.7582417582418297,-7.430034087284998,-8.108641488023272,0,37.85649474255999,43.046989178978244,,,,,-0.9033582326254845,-4.46470639608043,-3.5613481634549458,-0.8401953972845679,37.85649474255999,,,,,,,,,-20.43025683558167,35.552097686186904,-17.776048843093452,0
2024-09-06,112.28,112.6599,107.13,108.56,120.06750000000002,136.33837935546075,103.7966206445393,18.987614471106262,20.955503966636186,0,0,,,,161.28359999999995,162.89643599999994,159.67076399999996,,-4.00141486492468,-9.584192225206667,-10.214208915722434,0,34.77852996853112,41.86697868349107,,,,,-0.9189350928826276,-4.71001702955823,-3.7910819366756026,-0.8383402235171441,34.77852996853112,34.77852996853112,,34.77852996853112,,,,,,-20.547774476146333,35.54967574276919,-17.774837871384594,0
2024-09-09,109.32,111.49,108.64,109.96,119.34500000000003,136.05769996140566,102.6323000385944,19.595439836145815,20.22778597389809,0,0,,,,161.0517333333333,162.66225066666664,159.44121599999994,,-2.2534334859327765,-7.863756336671024,-8.576432962147962,0,37.19209813037222,40.522820291468285,,,,,-0.7566189713731379,-4.736855650892025,-3.980236679518887,-0.7924130921611262,37.19209813037222,,,,,,,,,-20.460707194828213,35.547031932862296,-17.773515966431148,0
2024-09-10,109.96,110.76,108.13,110.27,118.70700000000002,135.7786561586733,101.63534384132674,19.520445278532204,19.367833195261408,1,0,,,,160.83342222222217,162.4417564444444,159.22508799999994,,-1.2996544995614978,-7.107415737909328,-7.825665373813018,0,37.74149479176179,39.170212074744846,,,,,-0.5591486204334917,-4.679172455060751,-4.1200238346272595,-0.7243345159794946,37.74149479176179,,,,,,,,,-20.57603324315995,35.54459990918403,-17.772299954592015,0
2024-09-11,110.27,112.31,108.86,112,117.954,134.81269674678325,101.09530325321674,29.472723377742007,22.862869497473323,0,0,,,,160.6501777777777,162.25667955555548,159.04367599999995,,0.5674879678183142,-5.047730471200628,-5.93715706255179,0,40.850979190956544,37.7516301960542,,,,,-0.25810050620698455,-4.442649467385991,-4.184548961179006,-0.7909566542859758,40.850979190956544,,,,,,,,,-19.53903149605713,35.539983586014024,-17.769991793007012,0
2024-09-12,112.6,114.7254,111.35,112.99,117.23850000000002,133.65881092884618,100.81818907115384,37.317061947483225,28.770076867919148,0,0,,,,160.47044444444438,162.07514888888883,158.86573999999993,,1.3263265507437616,-3.6238095847354046,-4.641473658743789,0,42.61720081456811,38.14145837994249,,,,,0.04544989584376413,-4.127736591374301,-4.173186487218065,-0.6785393032023427,42.61720081456811,,,,,,,,,-18.612006566366272,35.53354114286378,-17.76677057143189,0
2024-09-13,113.25,115.04,112.9,113.67,116.56950000000002,132.41658487388054,100.7224151261195,44.300110058901176,37.02996512804214,0,0,,,,160.31933333333328,161.9225266666666,158.71613999999994,,1.9791143328786953,-2.487357327602857,-3.7825606067446005,0,43.85728019841346,38.559288006318944,,,,,0.31476900446694245,-3.7797252316343872,-4.09449423610133,-0.48665507662621305,43.85728019841346,,,,,43.85728019841346,,43.85728019841346,,-17.599657336278586,35.52524440046971,-17.762622200234855,0
2024-09-16,112.36,113.8443,111.21,112.84,115.8095,130.81906558332082,100.79993441667916,45.88736149361657,42.501511166666994,0,0,,,,160.16044444444438,161.7620488888888,158.55883999999995,,1.3608803054119711,-2.5641247047953675,-4.2979958894389,0,42.645849999168405,38.68838574440652,,,,,0.45143235424025363,-3.5302037933010126,-3.9816361475412663,-0.20804828644016832,42.645849999168405,,,,,,,,,-17.20257105343398,35.516254388804015,-17.758127194402007,0
2024-09-17,114.08,114.39,111.28,111.63,114.82000000000002,128.09127424175966,101.54872575824038,45.280743289065995,45.15607161386125,0,0,,,,159.98493333333326,161.5847826666666,158.38508399999992,,0.16420361247937443,-2.778261626894296,-5.29744954372312,0,40.873339625550585,38.846952769094415,,,,,0.4725059078135816,-3.3910037627742895,-3.863509670587871,0.014182259325114514,40.873339625550585,,,,,,,,,-17.34252762448603,35.50749503096338,-17.75374751548169,0
2024-09-18,111.53,112.61,110.13,110.78,113.76300000000003,124.5537388069573,102.97226119304277,43.68110851994088,44.94973776754116,0,0,,,,159.84439999999992,161.44284399999992,158.24595599999992,,-0.5967068957782984,-2.6221179117991156,-5.911063674377637,0,39.6273198094513,39.15195865969691,,,,,0.4419227284068805,-3.3111062600792707,-3.753028988486151,-0.07298159323912085,39.6273198094513,,,,,,,,,-17.830984186634208,35.499575937598266,-17.749787968799133,0
2024-09-19,112.91,115.01,111.6595,114.02,112.71100000000001,117.32770835119538,108.09429164880464,49.587498754881324,46.1831168546294,0,0,,,,159.72519999999992,161.3224519999999,158.12794799999992,,2.102586145139207,1.1613773278561945,-3.1296108022689895,0,46.34206515589796,39.67715894400521,,,,,0.6405723440507365,-2.9523135584227305,-3.592885902473467,0.2878918861102876,46.34206515589796,,,,,46.34206515589796,,46.34206515589796,,-17.29370869624891,35.49071567451282,-17.74535783725641,0
2024-09-20,113.28,113.585,109.34,110.27,112.46400000000003,117.04795636977325,107.88004363022681,43.05265712960797,45.4404214681434,0,0,,,,159.57804444444437,161.17382488888882,157.98226399999993,,-1.406435807337203,-1.9508464931000447,-6.014012239401334,0,40.6998135241418,39.79016218219041,,,,,0.5249416295180578,-2.936708865575895,-3.4616504950939526,0.4245412873484059,40.6998135241418,,,,,,,,,-17.25577217889198,35.48178365506129,-17.740891827530646,0
2024-09-23,111.41,113.94,109.91,113.26,112.33400000000003,116.665883654944,108.00211634505607,54.718417879292744,49.11952458792735,0,0,,,,159.44071111111103,161.03511822222214,157.84630399999992,,0.9690388952777074,0.8243274520625787,-3.158782772763158,0,46.31254761199816,40.54946197189554,,,,,0.647322251751624,-2.652497680404423,-3.299819932156047,0.46275834237619035,46.31254761199816,,,,,,,,,-16.272553814917227,35.47124978993074,-17.73562489496537,0
2024-09-24,112.15,112.94,109.89,112.5,112.05900000000001,115.5299531832047,108.58804681679533,54.11774160405849,50.62960553765307,0,0,,,,159.29568888888883,160.88864577777773,157.70273199999994,,0.09252998327329287,0.39354268733433617,-3.5190532003087305,0,45.14295273370073,41.18128330693373,,,,,0.6716767567147306,-2.4602239862626334,-3.131900742977364,0.4573588535236315,45.14295273370073,,,,,,,,,-16.30688152006616,35.460768564505784,-17.730384282252892,0
2024-09-25,114.97,116.62,112.56,112.62,111.91300000000001,115.01166487377917,108.81433512622085,58.97735530324255,55.937838262197936,0,0,,,,159.1550666666666,160.7466173333333,157.56351599999994,,0.1440537800777575,0.6317407271720032,-3.015793734176131,0,45.377516305857704,41.71849913288356,,,,,0.6879423440248837,-2.2719728129462595,-2.9599151569711433,0.5169951068376086,45.377516305857704,,,,,,,,,-15.4554874318767,35.44900643878754,-17.72450321939377,0
2024-09-26,114.88,115.275,110.01,112.49,111.95950000000002,115.06348759662254,108.8555124033775,61.33129320362205,58.14213003697436,0,0,,,,159.0205777777777,160.61078355555549,157.43037199999992,,0.07294854458743671,0.4738320553414166,-2.714155988295852,0,45.15227163032742,42.459480680154726,,,,,0.6807629097812375,-2.1089615197445966,-2.789724429525834,0.353831881893069,45.15227163032742,,,,,,,,,-15.37465753646911,35.43713185017306,-17.71856592508653,0
2024-09-27,113.93,115.385,113.21,113.92,111.94850000000001,115.02291880686302,108.874081193137,65.68936039422692,61.999336300363844,0,0,,,,158.8602666666666,160.44886933333328,157.27166399999993,,1.3225654389724228,1.761077638378361,-1.1030986306761026,0,48.19830827500204,43.24563854762828,,,,,0.7572689072197143,-1.8431382955011912,-2.6004072027209055,0.31298763381130135,48.19830827500204,,,,,,,,,-14.703715264168705,35.424328652003375,-17.712164326001687,0
2024-09-30,113.25,116.08,112.9,114.86,111.98000000000002,115.1584272840493,108.80157271595074,70.38327431471247,65.80130930418716,0,0,,,,158.72986666666657,160.31716533333324,157.1425679999999,,1.9754072890308283,2.571887837113751,0.09469751985451413,0,50.15782929428898,44.132519583523084,,,,,0.8492201168844673,-1.5388820566153214,-2.3881021734997887,0.31640104251257994,50.15782929428898,,,,,50.15782929428898,,50.15782929428898,,-13.88476190261382,35.410474089690595,-17.705237044845298,0
2024-10-01,113.76,114.7065,109.71,110.23,111.97100000000003,115.16812308176921,108.77387691823085,56.18704775653387,64.08656082182443,0,0,,,,158.5105777777777,160.0956835555555,156.92547199999993,,-2.0134228187920655,-1.5548668851756542,-3.3451707659257424,0,41.7754880575329,44.19855593113568,,,,,0.5886319201060362,-1.6523122733672437,-2.24094419347328,0.0037728011691050725,41.7754880575329,,,,,,,,,-14.207733646510006,35.39703853041928,-17.69851926520964,0
2024-10-02,109.96,111.375,109.16,109.65,111.91350000000003,115.23186269867868,108.59513730132137,43.8515246456872,56.807282238977855,0,0,,,,158.29311111111105,159.87604222222217,156.71017999999992,,-2.4309942873415036,-2.0225441970808,-3.2238135024771464,0,40.85440834897329,44.072642183593196,,,,,0.37785924431660556,-1.768620138077523,-2.1464793823941286,-0.1789612149223266,40.85440834897329,40.85440834897329,,40.85440834897329,,,,,,-15.085510282653429,35.384784143356185,-17.692392071678093,0
2024-10-03,109,110.81,108.71,110.47,111.84950000000003,115.22685680673132,108.47214319326875,41.82961847410971,47.28939695877693,0,0,,,,158.0891999999999,159.6700919999999,156.5083079999999,,-1.3898435198658632,-1.2333537476698964,-1.7896037623463146,0,42.77541503407327,43.99536610042604,,,,,0.29784253564013907,-1.7741762128439547,-2.0720187484840937,-0.2007462593488621,42.77541503407327,,,,,,,,,-16.003077826235785,35.373861483892505,-17.686930741946252,0
2024-10-04,112.01,115.69,111.1489,114.72,112.15750000000006,115.39954796385813,108.91545203614199,51.24922157244821,45.64345489741504,0,0,,,,157.8861777777777,159.46503955555548,156.30731599999993,,1.9987196813427976,2.2847335220559817,2.003556609365731,0,51.557417321328465,44.63190662343747,,,,,0.5221914855847298,-1.4192793915031814,-1.9414708770879112,0.048288026935848466,51.557417321328465,,,,,51.557417321328465,,51.557417321328465,,-14.681023288558201,35.361067686982835,-17.680533843491418,0
2024-10-07,114.42,115.21,113.06,113.82,112.35050000000004,115.50468119326948,109.1963188067306,52.56170820272002,48.54684941642598,0,0,,,,157.68671111111107,159.26357822222218,156.10984399999995,,1.1481586805060617,1.307960356206661,1.2645464359007486,0,49.8140030369043,45.270525438534165,,,,,0.5956990424500552,-1.1968470740253423,-1.7925461164753975,0.10468153917705715,49.8140030369043,,,,,,,,,-13.469255163675633,35.3467632419722,-17.6733816209861,0
2024-10-08,113.77,115.02,113.13,113.52,112.51300000000006,115.55455946842284,109.47144053157729,54.07468177986956,52.6285371850126,0,0,,,,157.45408888888886,159.02862977777775,155.87954799999997,,0.7901979934296977,0.8950076880004376,1.132003753548605,0,49.216576817908575,45.95547236770968,,,,,0.6077416284956751,-1.0328690808558036,-1.6406107093514788,0.0562473466941555,49.216576817908575,,,,,,,,,-12.55959333200191,35.33145636950666,-17.66572818475333,0
2024-10-09,114.32,119.86,113.85,119.67,112.89650000000003,117.23869886693207,108.554301133068,70.7465551107272,59.127648364438926,0,0,,,,157.26137777777774,158.8339915555555,155.68876399999996,,5.589623682004574,5.999743127554846,6.480286865918639,0,59.84775142783463,46.920164244276584,,,,,0.9908666348650181,-0.4020274157702062,-1.3928940506352243,0.4431794262799981,59.84775142783463,,,,,,,,,-11.168506258305891,35.31481755985362,-17.65740877992681,0
2024-10-10,119.48,123.87,119.15,123.79,113.43650000000002,119.87235355644434,107.00064644355571,76.64839827111875,67.15654505390518,0,0,,,,157.09613333333328,158.66709466666663,155.52517199999994,,8.146595029048065,9.127132801170678,9.748096836729857,0,65.11627488692258,48.664197198760924,,,,,1.4546866242717813,0.4254642297045024,-1.029222394567279,0.5488676992854106,65.11627488692258,,,,,,,,,-8.462615735177378,35.29627974478638,-17.64813987239319,0
2024-10-11,123.57,126.99,122.89,124.03,113.95450000000002,121.87791208066288,106.03108791933717,78.10038391378623,75.1651124318774,0,0,,,,156.9280444444444,158.49732488888884,155.35876399999995,,7.407599847587276,8.841686813596628,9.640425136943676,0,65.40107513259773,50.02766345023233,,,,,1.693842394771782,1.0880805988974487,-0.6057617958743333,0.6875108504911198,65.40107513259773,,,,,65.40107513259773,,65.40107513259773,,-5.605832637733644,35.276747359832996,-17.638373679916498,0
2024-10-14,125.42,126.5,122.501,123.16,114.47050000000004,123.32573907074112,105.61526092925897,77.0916228182502,77.28013500105173,0,0,,,,156.73439999999997,158.30174399999996,155.16705599999997,,5.893075163791939,7.591038739238454,8.585635943644053,0,63.38099205328459,51.330380544488314,,,,,1.704947828370067,1.5254229895882503,-0.17952483878181658,0.7629907589652184,63.38099205328459,,,,,,,,,-4.550065906844674,35.25712985406732,-17.62856492703366,0
2024-10-15,122.5,123.96,121.33,122.74,115.02600000000004,124.47291357004956,105.57908642995052,74.51233523950148,76.56811399051264,0,0,,,,156.53915555555554,158.1045471111111,154.973764,,4.4089250321119655,6.706309877766725,7.824620277072514,0,62.37928789428977,52.54479280080489,,,,,1.5973655914290819,1.8171821505045358,0.21981655907545394,0.8119000667199595,62.37928789428977,,,,,,,,,-4.68888275453555,35.23755245687877,-17.618776228439383,0
2024-10-16,123.5,123.5,118.82,118.9,115.43200000000004,124.81180298300413,106.05219701699596,66.35612298844504,72.65336034873225,0,0,,,,156.31684444444443,157.88001288888887,154.75367599999998,,0.35279620533066325,3.004366206944309,4.204096298957949,0,53.979372808402196,53.17530002781023,,,,,1.1991347310349172,1.7187349728691004,0.5196002418341832,0.7858627170068212,53.979372808402196,,,,,,,,,-5.896754392820415,35.218174462973714,-17.609087231486857,0
2024-10-17,119,119.7,117.3,119.03,115.68250000000003,125.16511962750737,106.1998803724927,63.887940934819014,68.25213305425518,0,0,,,,156.0851555555555,157.64600711111106,154.52430399999994,,-0.25809046573608274,2.8936961078814605,4.096642636217074,0,54.20420417740683,53.60429259226772,,,,,0.8902299187510723,1.6323876402730235,0.7421577215219513,0.7712639200894327,54.20420417740683,,,,,,,,,-6.861118996169868,35.19909310344246,-17.59954655172123,0
2024-10-18,120,120.56,118.22,119.54,116.14600000000003,125.4291985866936,106.86280141330646,61.89037553876429,64.04481315400945,0,0,,,,155.8595555555555,157.41815111111106,154.30095999999992,,-0.23368385912212464,2.9221841475384203,4.20910398535459,0,55.13032741100314,53.95947102917587,,,,,0.6757279417814608,1.5868176487487773,0.9110897069673165,0.7709011343298614,55.13032741100314,,,,,,,,,-7.589377457276556,35.180319733270046,-17.590159866635023,0
2024-10-21,119.29,121.05,117.73,119.56,116.46100000000004,125.75864249689012,107.16335750310996,60.94339467285849,62.24057038214727,0,0,,,,155.62848888888885,157.18477377777774,154.07220399999997,,-0.6927255511073205,2.6609766359553477,3.936597168895517,0,55.16861604017932,54.91612302793633,,,,,0.4988296052447372,1.534626713523238,1.035797108278501,0.6849660733102273,55.16861604017932,,,,,,,,,-7.328886566798698,35.161469740692226,-17.580734870346113,0
2024-10-22,116.9,117.58,114.1301,115.5,116.61100000000003,125.7435218860943,107.47847811390577,49.67532981882976,57.503033343484184,0,0,,,,155.36262222222217,156.9162484444444,153.80899599999995,,-4.2225023218788404,-0.9527403075181851,0.25519504192490494,0,46.49493776301329,55.31901798608204,,,,,0.09326080319040142,1.1523731122665026,1.0591123090761012,0.43265704166011865,46.49493776301329,,,,,,,,,-8.134893211429702,35.14300679935825,-17.571503399679123,0
2024-10-23,115.75,116.41,113.28,113.61,116.66050000000003,125.71636765583496,107.6046323441651,41.66626303819077,50.76166250995967,0,0,,,,155.03342222222219,156.58375644444442,153.48308799999995,,-5.3139532945511325,-2.6148524993464206,-1.4312610077535148,0,43.0979912945378,55.3420591475438,,,,,-0.29610185954378687,0.6889849846463676,0.9850868441901545,0.04239329488477774,43.0979912945378,43.0979912945378,,43.0979912945378,,,,,,-9.55312773729375,35.12539755615274,-17.56269877807637,0
2024-10-24,114.84,116.33,113.9412,114.92,116.78200000000001,125.67452180205412,107.8894781979459,40.25305189102432,43.86488158268162,0,0,,,,154.71764444444443,156.26482088888886,153.170468,,-3.508845582246811,-1.5944237981880827,-0.35031736672332947,0,46.0406758414826,54.94800618469766,,,,,-0.45000439369571654,0.42258135207050884,0.8725857457662254,-0.21537972218497517,46.0406758414826,,,,,,,,,-10.625516600351217,35.10860441055859,-17.554302205279296,0
2024-10-25,115.35,117.07,115.12,116.04,116.888,125.69163016033795,108.08436983966206,39.44657594684237,40.45529695868582,0,0,,,,154.39648888888885,155.94045377777775,152.85252399999996,,-1.910397295012789,-0.7254808021353809,0.5519787180575886,0,48.493193510826025,54.85366264712065,,,,,-0.45935696080645894,0.2983895447581517,0.7577465055646107,-0.4939908011066869,48.493193510826025,,,,,,,,,-10.34094693653527,35.091611263336524,-17.545805631668262,0
2024-10-28,117.84,119.2,116.86,117.33,117.01150000000003,125.76703602014183,108.25596397985822,43.959453794420526,41.21969387742907,0,0,,,,154.09057777777772,155.6314835555555,152.54967199999996,,-0.32875455541691023,0.27219546796679595,1.538115375961313,0,51.24202234930125,54.99833732793441,,,,,-0.3657221616706572,0.30059380347628917,0.6663159651469464,-0.8075419483459908,51.24202234930125,,,,,,,,,-9.210643578053412,35.07385685258123,-17.536928426290615,0
2024-10-29,117.51,119.59,116.55,118.39,117.41950000000004,125.61558803027283,109.22341196972725,45.299772497864424,42.901934079709115,0,0,,,,153.79688888888884,155.33485777777773,152.25891999999996,,0.944731501850149,0.826523703473403,2.256041735044656,0,53.44083920172225,54.54070074035496,,,,,-0.22628987535684641,0.3834536209508883,0.6097434963077347,-0.8112818490922348,53.44083920172225,,,,,,,,,-8.137577225273198,35.05553279714662,-17.52776639857331,0
2024-10-30,118.25,121.19,118.02,118.99,117.88650000000003,125.2840516895793,110.48894831042075,50.412305811398994,46.557177367894646,0,0,,,,153.49324444444443,155.02817688888888,151.95831199999998,,1.4485339881149084,0.9360698638096521,2.5319182548002805,0,54.686503496368154,53.795717069601075,,,,,-0.09430224713059254,0.491865687394494,0.5861679345250865,-0.677157541180891,54.686503496368154,,,,,54.686503496368154,,54.686503496368154,,-7.223612740906414,35.03684389190345,-17.518421945951726,0
2024-10-31,117,117.83,113.86,114.82,118.10400000000001,124.8430159519029,111.36498404809713,40.01533392742471,45.24247074556271,0,0,,,,153.1561333333333,154.68769466666663,151.62457199999994,,-1.7540857362882911,-2.7806001490212173,-1.0840380777348835,0,45.56271944240901,52.37869166315902,,,,,-0.2780951184511027,0.23854903646120817,0.5166441549123109,-0.6413644661005986,45.56271944240901,,,,,,,,,-7.756334638054807,35.01840108067599,-17.509200540337996,0
2024-11-01,115.98,117.06,113.25,115.49,118.14250000000001,124.81218627448145,111.47281372551858,34.36912268823423,41.59892080901931,0,0,,,,152.81168888888885,154.33980577777774,151.28357199999996,,-0.8371613789551424,-2.2451700277207776,-0.655757447162375,0,47.09012719142408,51.215058458740415,,,,,-0.34066703527939596,0.09081036081306593,0.4314773960924619,-0.569002256102513,47.09012719142408,,,,,,,,,-8.384616218287826,35.00028751484156,-17.50014375742078,0
2024-11-04,115.51,116.19,113.23,113.74,118.13850000000002,124.81863854646699,111.45836145353306,27.84979172516819,34.07808278027571,0,0,,,,152.4572444444444,153.98181688888886,150.93267199999994,,-1.8492790141781956,-3.7231723781832593,-2.174567451728071,0,43.64547247016016,49.8769287855883,,,,,-0.47764218035226863,-0.1655753293478739,0.31206685100439474,-0.5249813380746619,43.64547247016016,43.64547247016016,43.64547247016016,43.64547247016016,,,,,,-9.622727920793986,34.98293685409795,-17.491468427048975,0
2024-11-05,114.26,117.34,113.65,116.5,118.28750000000002,124.6754789448622,111.89952105513784,31.475653750419596,31.231522721274004,0,0,,,,152.10146666666665,153.62248133333333,150.58045199999998,,0.44575498133339053,-1.5111486843495947,0.08447759911798247,0,49.873352135625666,49.58364159467569,,,,,-0.3651650570496081,-0.1443894703076154,0.2207755867419927,-0.43095562930924647,49.873352135625666,,,,,,,,,-9.030180717575265,34.965236619228165,-17.482618309614082,0
2024-11-06,120.43,121.75,118.8,121.42,118.37500000000003,124.88314105563143,111.86685894436863,53.81876581665032,37.7147370974127,0,0,,,,151.74839999999998,153.26588399999997,150.23091599999998,,3.987530403206385,2.572333685322037,4.049016667380778,0,58.646648771595736,49.900959065689186,,,,,0.036446117590629074,0.26633323373027906,0.22988711613965,-0.00952405516351031,58.646648771595736,,,,,,,,,-7.332493158630098,34.94673301231988,-17.47336650615994,0
2024-11-07,122.255,124.96,122.02,123.54,118.3625,124.82982363501482,111.89517636498518,62.4524217995223,49.2489471221974,0,0,,,,151.41297777777774,152.92710755555552,149.89884799999996,,5.027799976195646,4.374273946562468,5.532617671346007,0,61.75297624594189,50.374005411041956,,,,,0.41945526598246985,0.7542061986177373,0.33475093263526745,0.3921685020863682,61.75297624594189,,,,,61.75297624594189,,61.75297624594189,,-4.635693828791413,34.92768132806992,-17.46384066403496,0
2024-11-08,123,123,119.66,120.89,118.2055,124.25374098395736,112.15725901604264,61.406442580059604,59.2258767320774,0,0,,,,151.06595555555552,152.57661511111107,149.55529599999997,,2.3528714514311933,2.271044917537668,3.06433599422542,0,56.082036891020216,50.4392497575306,,,,,0.4653607724431416,0.9164518981891945,0.45109112574605287,0.6371061189788044,56.082036891020216,,,,,,,,,-3.3883605400261843,34.90870062146796,-17.45435031073398,0
2024-11-11,122.22,123.71,121.69,123.5,118.22250000000001,124.32798892391223,112.11701107608779,69.05482118489695,64.30456185482628,0,0,,,,150.73031111111104,152.23761422222213,149.22300799999994,,4.019270938615893,4.464040263063285,5.031594524182781,0,59.98012911032631,51.4024777109101,,,,,0.6321900647679575,1.2413287067059997,0.6091386419380422,0.716172296402682,59.98012911032631,,,,,,,,,-2.745171144098754,34.88984705125192,-17.44492352562596,0
2024-11-12,123,127.05,123,125.46,118.3585,124.96135779038316,111.75564220961685,75.42196945803937,68.6277444076653,0,0,,,,150.42444444444442,151.92868888888887,148.92019999999997,,5.04458492066806,5.999991551092654,6.239803090263463,0,62.66040655746487,52.79979308683346,,,,,0.823144205695385,1.6380688990572736,0.8149246933618886,0.7424849591874532,62.66040655746487,,,,,,,,,-2.1381073596942985,34.87116190420363,-17.435580952101816,0
2024-11-13,126.38,134.59,126.01,130.73,118.95,127.47938450300057,110.42061549699943,79.83795659853172,74.77158241382267,0,0,,,,150.13084444444442,151.63215288888887,148.62953599999997,,8.39157940120554,9.903320722992849,10.047645503981673,0,68.72545525892055,54.42013447379332,,,,,1.2285695578335092,2.350636640653775,1.122067082820266,0.7769929529730965,68.72545525892055,,,,,68.72545525892055,,68.72545525892055,,0.5676395959168965,34.8536781722652,-17.4268390861326,0
2024-11-14,132.06,132.255,129.0734,129.27,119.46199999999999,129.10570385277495,109.81829614722503,78.5003803156895,77.92010212408685,0,0,,,,149.8357333333333,151.33409066666664,148.33737599999998,,5.912137250725102,8.210142137248688,8.24759533525745,0,65.54889564086946,55.63839891165355,,,,,1.3148752072387082,2.765661091868651,1.4507858846299428,0.8227179926957601,65.54889564086946,,,,,,,,,2.192743987769594,34.83736032378194,-17.41868016189097,0
2024-11-15,128.59,128.95,123.3605,125.96,119.78299999999997,129.83448964084664,109.73151035915332,73.9888640573413,77.44240032385416,0,0,,,,149.51306666666665,151.0081973333333,148.017936,,2.322483164231026,5.156825259010067,5.145999009421631,0,58.90185713553581,56.18552996781317,,,,,1.0755789799598983,2.7952596095798157,1.7196806296199174,0.8405694577749566,58.90185713553581,,,,,,,,,2.429266384829481,34.821257563423416,-17.410628781711708,0
2024-11-18,126.475,127.53,125,127.43,120.17649999999999,130.76415559508024,109.58884440491973,74.26339265442378,75.58421234248485,0,0,,,,149.19626666666662,150.68822933333328,147.70430399999995,,2.3780830722262447,6.035705816028947,5.971775233058074,0,60.80289527113459,56.71139111562834,,,,,0.9473430789701964,2.903859478332663,1.9565163993624666,0.8745977384111874,60.80289527113459,,,,,,,,,1.6678732099380493,34.80458097228962,-17.40229048614481,0
2024-11-19,127.55,130.34,126.36,130.24,120.9135,132.12985640482265,109.69714359517734,74.32196967533739,74.19140879570081,0,0,,,,148.8807555555555,150.36956311111106,147.39194799999996,,3.4932138202854235,7.7133653396849855,7.808917302900786,0,64.21084904743398,57.39170151213303,,,,,0.9787964597429926,3.180011974041207,2.2012155142982146,0.9219676293311313,64.21084904743398,,,,,,,,,2.049868080023631,34.788216943271,-17.3941084716355,0
2024-11-20,131.26,133.55,127.55,129.12,121.689,132.92297329532227,110.45502670467772,72.49932645437075,73.69489626137731,0,0,,,,148.57017777777776,150.05587955555555,147.08447599999997,,1.9792440014532398,6.106550304464675,6.603846280864367,0,61.90074280853177,58.55870318114181,,,,,0.8556568565093454,3.2707865849348963,2.415129728425551,0.9029834908319289,61.90074280853177,,,,,,,,,3.072669266614524,34.77273733233817,-17.386368666169083,0
2024-11-21,161.26,174.6484,161.16,171.35,124.51049999999998,148.5612342715358,100.45976572846415,90.16052542929883,78.99394051966898,0,0,,,,148.4912,149.976112,147.00628799999998,,30.408310818524264,37.61891567377853,39.64196457676845,0,84.51796633236398,61.232120262637515,,,,,3.4066220587824576,6.673407301903623,3.2667852431211655,0.7090571592982272,84.51796633236398,,,,,84.51796633236398,,84.51796633236398,,14.149619452250063,34.77490237563947,-17.387451187819735,0
2024-11-22,175,178.7,166.81,167.44,127.08049999999999,157.1845983754707,96.97640162452927,88.6037485108878,83.75453346485246,0,0,,,,148.41666666666663,149.9008333333333,146.93249999999995,,23.072399852995208,31.759003151545695,34.8651268186468,0,79.79475388251475,63.814211792091406,,,,,4.547627146647151,8.951319176430104,4.403692029782953,0.7501138319024407,79.79475388251475,,,,,,,,,23.16928458337883,34.80253900049566,-17.40126950024783,0
2024-11-25,174.96,177.99,171.15,171.42,129.785,165.15706892450604,94.41293107549396,89.67367267179334,89.47931553732666,0,0,,,,148.36199999999997,149.84561999999997,146.87837999999996,,21.71085329660183,32.079978425858144,36.30472292975906,0,80.9610844239193,66.0347640983981,,,,,5.238239583503598,10.951491509162452,5.713251925658853,0.793172540012162,80.9610844239193,,,,,,,,,33.22914782431645,34.87018703522764,-17.43509351761382,0
2024-11-26,173.475,176.8,170.91,171.28,132.42949999999996,171.69281034184516,93.16618965815476,87.93305000649117,88.7368237297241,0,1,,,,148.28271111111104,149.76553822222215,146.79988399999993,,17.779733744086236,29.336741436009394,34.46345720558644,0,80.78443393798617,67.61603446742599,,,,,5.335483804614272,12.382606681426694,7.047122876812422,0.8384900173356199,80.78443393798617,,,,,,,,,32.679936914422306,34.93486905964422,-17.46743452982211,0
2024-11-27,172.39,173.93,167.38,173.7,135.16499999999996,177.7819273880701,92.54807261192983,87.78880071967875,88.46517446598774,0,0,,,,148.18204444444441,149.66386488888887,146.70022399999996,,16.015789368224876,28.509599378537366,34.43544080429082,0,81.53445367934484,69.02899714124048,,,,,5.206931193314121,13.555786868455073,8.348855675140952,0.8755873085395668,81.53445367934484,,,,,,,,,33.951367581740676,35.0049465430272,-17.5024732715136,0
2024-11-29,174.89,178.37,173.17,174.8,138.164,183.01519102097527,93.31280897902471,88.71711521385396,88.14632198000795,0,0,,,,148.08382222222218,149.5646604444444,146.60298399999996,,13.30489907567054,26.51631394574565,33.367921505195895,0,81.88065131464441,70.87175531435649,,,,,4.847485476495127,14.40821252075986,9.560727044264734,0.8891159036111222,81.88065131464441,,,,,,,,,34.62662087588246,35.077708754638955,-17.538854377319478,0
2024-12-02,175.03,177.6491,171.3,172.42,141.01049999999998,186.95711836305267,95.06388163694729,86.13989263331132,87.54860285561466,0,1,,,,147.97279999999995,149.45252799999994,146.49307199999996,,8.494840171155271,22.274582389254704,29.806316909502485,0,78.45342488235985,72.19127644093032,,,,,4.129029302679365,14.72201367261394,10.592984369934575,0.8874801346158987,78.45342488235985,78.45342488235985,,78.45342488235985,,,,,,34.73637445036957,35.15048689034988,-17.57524344517494,0
2024-12-03,171,176.07,170.59,175.94,144.1205,190.67886443647927,97.56213556352071,85.60180834172819,86.8196053962978,0,0,,,,147.88533333333328,149.36418666666663,146.40647999999993,,7.430497462920771,22.078399672496275,30.608427116429638,0,79.8000950102005,73.41553990184,,,,,3.5903283129569736,15.080894761130793,11.49056644817382,0.882135143804751,79.8000950102005,,,,,,,,,35.13081591930246,35.2246277800992,-17.6123138900496,0
2024-12-04,180,186.82,178.59,186.51,147.62099999999998,195.84405295188202,99.39794704811793,90.01460622157764,87.25210239887237,0,0,,,,147.86422222222217,149.3428644444444,146.38557999999995,,10.10165409272834,26.34381287215235,36.06419843151563,0,83.19637162155789,74.44917678488552,,,,,3.63426543167067,16.033398237762157,12.399132806091487,0.893900665454862,83.19637162155789,,,,,83.19637162155789,83.19637162155789,83.19637162155789,,37.720295332944154,35.3109055781247,-17.65545278906235,0
2024-12-05,186.34,186.55,182.3,183.06,150.703,199.70661215257496,101.69938784742503,88.22579095701467,87.94740184010682,0,0,,,,147.84217777777775,149.32059955555553,146.36375599999997,,4.730193601537813,21.470707285190073,31.32936365592944,0,78.5538897799193,75.3781049376748,,,,,3.1380787000318726,16.321731181131327,13.183652481099454,0.8795909168569611,78.5538897799193,,,,,,,,,39.98043156995738,35.408212317849014,-17.704106158924507,0
2024-12-06,186.01,186.9,181.37,183.64,153.708,203.05004478940856,104.36595521059144,87.64781298969372,88.62940338942866,0,1,,,,147.82226666666662,149.3004893333333,146.34404399999994,,4.328460808653478,19.473287011736538,29.61542624023039,0,78.76838735737347,76.7971428106632,,,,,2.5793966003719255,16.40789823156436,13.828501631192434,0.8474077990392764,78.76838735737347,,,,,,,,,41.448459790117475,35.512653294805816,-17.756326647402908,0
2024-12-09,183.2,185.4,178.79,180.76,156.70149999999998,204.968995594862,108.43400440513794,84.64730120914943,86.84030171861924,0,0,,,,147.79626666666658,149.27422933333324,146.31830399999993,,1.9210275552147271,15.353075752306133,25.669155577802847,0,74.76942709589488,77.7947522267175,,,,,1.784142570195721,16.058679843937085,14.274537273741364,0.7899444691894687,74.76942709589488,,,,,,,,,39.60006244216793,35.606507091283284,-17.803253545641642,0
2024-12-10,179,180.9,169.35,171.55,159.10399999999998,205.25907313394742,112.94892686605253,70.46048524634658,80.91853314839655,0,0,,,,147.70039999999992,149.1774039999999,146.22339599999992,,-3.279095204266902,7.822556315366058,17.786128860977392,0,63.64208675932051,77.75412634899511,,,,,0.4742661337104277,14.8673699408794,14.393103807168972,0.6474114482483035,63.64208675932051,,,,,,,,,36.28946643081775,35.683222102358066,-17.841611051179033,0
2024-12-11,173.46,176.3,170.3,171.96,161.429,205.1935961480283,117.66440385197171,64.29369827101577,73.13382824217058,0,0,,,,147.57986666666662,149.05566533333328,146.10406799999996,,-3.0850907943235306,6.523610999262841,16.63761352768418,0,63.8996522141543,77.89690559225387,,,,,-0.4766547924148554,13.797285316650402,14.273940109065258,0.4940222525740549,63.8996522141543,,,,,,,,,32.95275918841702,35.744204528249746,-17.872102264124873,0
2024-12-12,169.6,172.41,169.0808,170,163.39249999999998,204.9391633437634,121.84583665623657,56.989772490447876,63.9146520026034,0,0,,,,147.42173333333326,148.8959506666666,145.94751599999992,,-3.9895179144264326,4.043943265449768,13.993482255014623,0,61.651182839523166,76.26356391419381,,,,,-1.3029019830591153,12.645312630241364,13.948214613300479,0.2799510958634016,61.651182839523166,,,,,,,,,29.914604898144873,35.792137543440894,-17.896068771720447,0
2024-12-13,169.52,170.73,165.73,167.67,165.3125,203.8114614794997,126.81353852050029,44.27462480894144,55.186031856801684,0,0,,,,147.26111111111103,148.73372222222216,145.7884999999999,,-4.9225691943907695,1.4260869565217327,11.118474680734035,0,58.99365209262382,74.77777092920162,,,,,-2.028335807036365,11.412794854505023,13.441130661541388,-0.06307710401499288,58.99365209262382,58.99365209262382,,58.99365209262382,,,,,,28.686026878119346,35.834975426088086,-17.917487713044043,0
2024-12-16,167.66,173.4,167.22,172.47,167.638,201.71233556212084,133.56366443787917,45.38136981675107,48.88192237204678,0,0,,,,147.11204444444436,148.5831648888888,145.64092399999993,,-2.2034974710245514,2.882401364845677,12.878700283827538,0,62.5729096439444,73.4643298734891,,,,,-2.1929103954764244,10.699992667195858,12.892903062672282,-0.21667783901968746,62.5729096439444,,,,,,,,,28.54795699277844,35.87701552317764,-17.93850776158882,0
2024-12-17,171,172.65,169.244,170.81,169.807,198.45866249975805,141.15533750024193,43.53520978946252,44.397068138385,0,0,,,,146.97115555555547,148.44086711111103,145.5014439999999,,-2.862212314394097,0.5906705848404359,10.417510623076875,0,60.60281895767143,72.02278594632378,,,,,-2.4045860307487885,9.887170524236296,12.291756554985085,-0.4089294736521993,60.60281895767143,,,,,,,,,28.486254749474057,35.9185553548044,-17.9592776774022,0
2024-12-18,170.43,170.5,160.76,162.59,171.4245,193.95803188028916,148.89096811971083,35.986953137632035,41.6345109146152,0,0,,,,146.7624888888888,148.2301137777777,145.29486399999993,,-6.261710800168374,-5.153580730875684,4.070254943001106,0,51.890459300049244,69.90535777637409,,,,,-3.0478506397804033,8.48194325525958,11.529793895039983,-0.6138103073824906,51.890459300049244,51.890459300049244,,51.890459300049244,,,,,,26.96645774232203,35.95424697529994,-17.97712348764997,0
2024-12-19,164.5,165.7514,160.65,164.21,173.179,185.34134500415126,161.01665499584874,33.421543903087205,37.647902276727244,0,0,,,,146.57564444444438,148.04140088888883,145.10988799999993,,-4.287562803818967,-5.17903440948383,4.156271407186951,0,53.314915179028986,67.86494805240156,,,,,-3.292993382455947,7.4135521669700495,10.706545549425996,-0.7340242514358241,53.314915179028986,,,,,,,,,24.656599638175468,35.98176825252601,-17.990884126263005,0
2024-12-20,162.07,168.94,161.55,166.29,172.926,185.4355649804466,160.41643501955338,30.878316760519795,33.42893793374633,0,0,,,,146.44519999999991,147.9096519999999,144.98074799999992,,-2.0850139256084255,-3.8374796155580926,4.530777563819188,0,55.151043940549066,66.20049227084365,,,,,-3.2388887411727527,6.657934622960056,9.896823364132809,-0.852834437657256,55.151043940549066,,,,,,,,,23.284166077887647,36.00470085320466,-18.00235042660233,0
2024-12-23,165.31,166.41,160.86,161.44,172.62600000000003,185.9111652605437,159.34083473945637,24.615653083691555,29.63850458243284,0,0,,,,146.27408888888883,147.73682977777773,144.81134799999992,,-3.8469556102180835,-6.479904533500191,0.6270491292369895,0,50.193822297483,64.08575850564954,,,,,-3.4349322193645957,5.603158089927064,9.03809030929166,-0.9227815689727686,50.193822297483,50.193822297483,,50.193822297483,,,,,,22.744704803332365,36.02581309604538,-18.01290654802269,0
2024-12-24,161.8,163.69,161.41,163.06,172.20800000000003,186.129476358489,158.28652364151105,27.0024575393684,27.498809127859904,0,0,,,,146.02653333333328,147.4867986666666,144.56626799999995,,-2.388506435199078,-5.312180618786599,0.8082298488639283,0,51.75375574496736,61.839857371607366,,,,,-3.356757579352152,4.842143335101468,8.19890091445362,-0.9037741954105357,51.75375574496736,,,,,,,,,22.25383793152183,36.04529891762312,-18.02264945881156,0
2024-12-26,162.64,164.93,161.315,163.48,171.81800000000004,186.24930153520316,157.38669846479692,27.66823366423823,26.428781429099377,0,0,,,,145.7948888888888,147.2528377777777,144.3369399999999,,-1.6377660918641568,-4.852809368052268,0.28217396638452463,0,52.171994321460936,59.955436267431764,,,,,-3.1797368461995603,4.22422985670417,7.40396670290373,-0.8723628442176923,52.171994321460936,,,,,,,,,21.401691295640507,36.06214735713331,-18.031073678566656,0
2024-12-27,162.65,162.76,157.2569,158.65,171.06550000000004,186.5564102056644,155.57458979433568,22.39405477112722,25.688248658244603,0,0,,,,145.55031111111103,147.00581422222214,144.09480799999992,,-3.8875123434726877,-7.257746301855161,-3.233086375576366,0,47.11384496735226,57.6943975252874,,,,,-3.2778364877541097,3.3066710932110936,6.584507580965203,-0.8774948396045098,47.11384496735226,,,,,,,,,20.613569587410122,36.076641526690544,-18.038320763345272,0
2024-12-30,155.36,156.6842,153.12,154.97,170.074,186.95771215106473,153.1902878489353,19.67715481442039,23.24648108326193,0,0,,,,145.26915555555547,146.72184711111103,143.8164639999999,,-5.3889875882953024,-8.880840104895526,-5.968990053031586,0,43.642119199266865,55.47101838981398,,,,,-3.4623725391114206,2.2565419070759276,5.718914446187348,-0.8903578356415673,43.642119199266865,,,,,,,,,18.545477437788605,36.085519791609094,-18.042759895804547,0
2024-12-31,155.95,156.39,153.38,154.41,169.17350000000005,187.33355426753872,151.01344573246138,18.785852200858574,20.28568726213538,0,0,,,,144.96475555555548,146.41440311111103,143.51510799999994,,-4.679889623497624,-8.726839605493797,-6.844813751968237,0,43.12138694710401,54.0052541175128,,,,,-3.4844090143443562,1.3634031782569025,4.847812192601259,-0.9073475551650939,43.12138694710401,43.12138694710401,,43.12138694710401,,,,,,16.258978386494167,36.088818995109065,-18.044409497554533,0
2025-01-02,157,160.34,154.96,157.51,168.25200000000004,186.81112885886566,149.69287114113442,22.824498057728885,20.42916835766927,1,0,,,,144.6279999999999,146.0742799999999,143.1817199999999,,-1.9612724930132663,-6.38447091267863,-5.545949727649779,0,46.89861206231525,52.79089410666715,,,,,-3.1619243924173857,0.8954067020795264,4.057331094496912,-0.8954029687586934,46.89861206231525,,,,,,,,,15.956934668300272,36.091384745947835,-18.045692372973917,0
2025-01-03,158.8,162.675,158.14,162.22,167.03750000000005,183.74520226572065,150.32979773427945,31.17703026933802,24.262460175975146,0,0,,,,144.31715555555547,145.76032711111102,142.87398399999992,,0.9936248630341593,-2.8840829155130088,-3.3394044963682035,0,52.103069376848154,52.10888600219037,,,,,-2.530452694007052,0.8942652269880966,3.424717920995149,-0.8059965847706285,52.103069376848154,,,,,,,,,17.72216037195163,36.0980132235468,-18.0490066117734,0
2025-01-06,165.32,166.6,162.42,163.08,166.03850000000006,181.10314639478602,150.9738536052141,34.53887415594842,29.513467494338443,0,0,,,,144.03053333333324,145.47083866666657,142.5902279999999,,1.600513360455036,-1.7818156632347537,-3.4780189753170543,0,53.00869624835051,51.68138915617084,,,,,-1.9783472641699626,0.9517838407826957,2.9301311049526584,-0.7002374817367261,53.00869624835051,,,,,53.00869624835051,,53.00869624835051,,19.812168289726475,36.10989773225588,-18.05494886612794,0
2025-01-07,167.4,167.9133,157.04,158.84,164.79850000000005,177.80597058424368,151.7910294157564,33.433695907580855,33.049866777622434,0,0,,,,143.6875999999999,145.1244759999999,142.25072399999988,,-0.5795976615800669,-3.6156275694257167,-5.7549375220027565,0,48.172611567764804,50.65279643644373,,,,,-1.8258903847140067,0.6477681240601498,2.4736585087741565,-0.614179998603004,48.172611567764804,,,,,,,,,20.049309238133443,36.12232380741035,-18.061161903705177,0
2025-01-08,158.3,162.58,156.7,161.03,163.81200000000004,174.63733990228437,152.9866600977157,36.74221756657831,34.90492921003587,0,0,,,,143.37039999999993,144.80410399999994,141.93669599999993,,0.8170292690561576,-1.6982882816887868,-4.334256807735793,0,50.67566957342765,49.943714337569176,,,,,-1.5174083638280584,0.5768980539890833,2.0943064178171418,-0.4243305075501917,50.67566957342765,,,,,,,,,19.630004153159973,36.13353970773967,-18.066769853869836,0
2025-01-10,161.38,165.45,160.63,162.46,163.35750000000002,173.59234025278434,153.1226597472157,41.92652554506575,37.367479673074975,0,0,,,,143.06884444444438,144.49953288888884,141.63815599999992,,1.7505401935302034,-0.5494085058843412,-3.313158004368333,0,52.29578135943494,49.97266591323959,,,,,-1.172346888180395,0.6288728075916481,1.801219695772043,-0.3004851555962581,52.29578135943494,,,,,,,,,19.331372285474455,36.14388643286251,-18.071943216431254,0
2025-01-13,160.27,164.31,158.6,162.43,162.88100000000003,172.3263796112176,153.43562038878247,42.715263363922695,40.461335491855586,0,0,,,,142.81262222222216,144.2407484444444,141.38449599999993,,1.7986964151416318,-0.27688926271328684,-3.1609949204683407,0,52.257002219222876,49.89710070182486,,,,,-0.9129485851646071,0.660033964316284,1.5729825494808911,-0.1157935275835419,52.257002219222876,,,,,,,,,20.085300270937783,36.15613147718205,-18.078065738591025,0
2025-01-14,165.01,170.2,162.48,163.41,162.55150000000003,171.42285001000423,153.68014998999584,54.80772825918116,46.48317238938987,0,0,,,,142.5779555555555,144.00373511111104,141.15217599999994,,2.1082756379814382,0.5281403124548056,-2.377097658746985,0,53.470800736694756,49.77708333012099,,,,,-0.6543037519105899,0.7551028595926539,1.4094066115032438,0.22599002131382057,53.470800736694756,,,,,,,,,20.516685828857593,36.16944387840883,-18.084721939204414,0
2025-01-15,168.25,170.42,165.59,165.71,162.45350000000002,171.1378451681751,153.76915483182495,60.87976771955496,52.80091978088627,0,0,,,,142.31168888888882,143.73480577777772,140.88857199999993,,2.855192104773119,2.0045736164502337,-0.8235280035430503,0,56.28012744980014,50.21181941242935,,,,,-0.32395916161365257,1.004457659486178,1.3284168210998306,0.4278697199641068,56.28012744980014,,,,,,,,,21.136672126618393,36.18435964875101,-18.092179824375506,0
2025-01-16,166.52,170.67,164.3912,167.64,162.21200000000005,169.99007585460316,154.43392414539693,65.99462042481403,60.56070546785005,0,0,,,,142.0374666666666,143.45784133333328,140.61709199999993,,3.2056293979671135,3.3462382561092463,0.42733335995845945,0,58.542153320211604,50.69670495351822,,,,,0.01113407089774654,1.3423344097220138,1.3312003388242672,0.6750081084746672,58.542153320211604,,,,,,,,,22.226996341893635,36.20226185359603,-18.101130926798014,0
2025-01-17,172.51,172.99,169.2501,170.79,162.211,169.9846578262754,154.43734217372463,74.7654600856546,67.2132827433412,0,0,,,,141.77017777777772,143.1878795555555,140.35247599999994,,4.292230750911363,5.288790525919929,2.4197175496986523,0,61.99806269693832,51.39856698033803,,,,,0.4094696924468906,1.8430374543828805,1.43356776193599,0.8841546004836761,61.99806269693832,,,,,,,,,23.85373799313619,36.22489791953334,-18.11244895976667,0
2025-01-21,172.75,176.18,172.35,173.53,162.75800000000004,171.96821954135493,153.54778045864515,79.4112634873989,73.39044799928917,0,0,,,,141.50128888888884,142.91630177777773,140.08627599999994,,5.2385804041433115,6.618415070226935,4.33355312074748,0,64.75059301919558,52.65833469832684,,,,,0.7994645003146843,2.4328983873293453,1.633433887014661,0.9243922095462664,64.75059301919558,,,,,,,,,25.579606307598713,36.25285473142623,-18.126427365713116,0
2025-01-22,175.65,177.6,173.2,177.49,163.42200000000003,174.64916633884087,152.19483366115918,84.64166165086783,79.60612840797377,0,0,,,,141.26791111111103,142.68059022222215,139.85523199999992,,6.707628672602528,8.60838809952147,6.833731265424059,0,68.32180854145625,54.42116965134037,,,,,1.2398226840374036,3.1832122420614155,1.943389558024012,0.9179327234717013,68.32180854145625,,,,,68.32180854145625,,68.32180854145625,,27.76703307117657,36.2880320991732,-18.1440160495866,0
2025-01-23,175.1,177.7999,174.03,174.94,163.8545,176.10965479298477,151.59934520701523,82.03378893705326,82.02890469177332,0,0,,,,141.20862222222215,142.62070844444438,139.79653599999992,,4.166294516591917,6.7654534968523805,5.482976243116133,0,63.836783040404654,55.90084080086184,,,,,1.2703845542568706,3.5313702508451,2.2609856965882296,0.9164001113144808,63.836783040404654,,,,,,,,,28.561208534738338,36.32580293151729,-18.162901465758644,0
2025-01-24,176.88,176.88,172.89,174.12,164.48850000000002,177.46891336013567,151.50808663986436,79.4185284403284,82.03132634274982,0,0,,,,141.15262222222213,142.56414844444436,139.7410959999999,,2.876184624110767,5.855424543357124,5.1288450237081395,0,62.41781542875701,57.00935532703625,,,,,1.1500010255413988,3.6984869785149783,2.5484859529735795,0.910183707903017,62.41781542875701,,,,,,,,,28.4992775579034,36.36311900405625,-18.181559502028126,0
2025-01-27,171.61,181.77,170.1,175.52,165.1115,178.9270452661122,151.2959547338878,78.8057418520643,80.08601974314865,0,0,,,,141.14191111111103,142.55333022222214,139.7304919999999,,2.9092742644730496,6.303921895204145,5.889521449988244,0,63.893474574520624,57.851527126869996,,,,,1.0803726772881865,3.8989517995838128,2.8185791222956262,0.9342063920967435,63.893474574520624,,,,,,,,,27.774642715343607,36.39765731937011,-18.198828659685056,0
2025-01-28,179.03,188.4299,177.05,188.02,166.3385,183.34657722818818,149.33042277181184,85.84440437338823,81.35622488859364,0,0,,,,141.2319999999999,142.6443199999999,139.81967999999992,,8.608628846387113,13.03456505860039,13.065492834935943,0,73.78925513894978,59.335852761912804,,,,,1.7521204064358966,5.008729630340497,3.2566092239046003,0.9411121878535879,73.78925513894978,,,,,73.78925513894978,,73.78925513894978,,30.588294759960476,36.44217412588732,-18.22108706294366,0
2025-01-29,184.5,185,181.25,182.88,167.55,185.61392537628512,149.4860746237149,82.2668963326932,82.30568085271524,0,1,,,,141.30257777777769,142.71560355555548,139.8895519999999,,4.4646529269295465,9.149507609668749,9.691363084729732,0,65.80292356131386,60.59516076145203,,,,,1.7235971455173318,5.411105655801265,3.687508510283933,0.9426603433446755,65.80292356131386,,,,,,,,,32.32213425575939,36.493118020203035,-18.246559010101517,0
2025-01-30,179.31,180.86,176.22,179.29,168.76600000000002,186.55096601064983,150.9810339893502,77.936642863035,82.01598118970547,0,0,,,,141.3507999999999,142.76430799999991,139.9372919999999,,1.6256475949711024,6.235853193178698,7.288826299695428,0,60.849270360611236,61.32184653196514,,,,,1.352641783373418,5.378310739500705,4.025668956127287,0.9201636615117951,60.849270360611236,60.849270360611236,,60.849270360611236,,,,,,32.84860916801251,36.545838272026224,-18.272919136013112,0
2025-01-31,183.3,185.87,180.8722,181.51,170.121,187.44796961387044,152.79403038612958,77.80702055155446,79.3368532490942,0,0,,,,141.43573333333325,142.85009066666657,140.02137599999992,,2.0814469458801055,6.694646751429856,8.421788293481303,0,62.71831285869342,62.06631306762647,,,,,1.1542003897969524,5.468419443373477,4.314219053576525,0.904678448456673,62.71831285869342,,,,,,,,,30.960971651324858,36.59088658728853,-18.295443293644265,0
2025-02-03,176.17,184.5,175.25,182.54,171.3725,188.4896760229319,154.25532397706812,72.73783486856013,76.16049942771652,0,0,,,,141.52573333333325,142.94099066666658,140.11047599999992,,1.9867697671299922,6.516506440648295,8.78297040559708,0,63.58688536503059,62.87559043518416,,,,,0.9957163592256375,5.5588645026085715,4.563148143382934,0.8830038509648174,63.58688536503059,,,,,,,,,30.552759461716704,36.63412632826495,-18.317063164132474,0
2025-02-04,186.5,190.9199,184.41,189.11,172.717,190.93614169218787,154.49785830781215,78.4508745195168,76.33190997987712,0,0,,,,141.64644444444437,143.0629088888888,140.22997999999993,,4.745710139468917,9.491248690053666,12.107703069608622,0,68.61041454215956,63.956991421288784,,,,,1.2218652430026609,6.09047969713626,4.868614454133599,0.8827618108459657,68.61041454215956,,,,,,,,,32.51196499552793,36.68458935826704,-18.34229467913352,0
2025-02-05,184,188.93,181.68,188.93,174.0095,192.96346578555645,155.05553421444355,77.13319068463566,76.10730002423753,0,0,,,,141.7647555555555,143.18240311111106,140.34710799999993,,3.987098620697238,8.57453185027255,11.456551235915313,0,68.33227113199067,64.81785882715954,,,,,1.2436853789185252,6.423221177781755,5.17953579886323,0.879076204838158,68.33227113199067,,,,,,,,,33.82133482521504,36.73996428822339,-18.369982144111695,0
2025-02-06,189.11,190,185.69,186.37,175.386,193.72196073294353,157.05003926705646,75.19202581561828,76.92536367325691,0,0,,,,141.88675555555548,143.30562311111103,140.46788799999993,,1.936782457925168,6.262757574720901,9.513885352314633,0,64.33747268706972,65.23181021050655,,,,,0.9815717161636126,6.4065004440677455,5.424928727904133,0.8521507952076497,64.33747268706972,,,,,,,,,34.27237913458138,36.79682920473124,-18.39841460236562,0
2025-02-07,187.73,189.49,183.61,184.03,176.536,193.99000401054298,159.08199598945703,68.00824008229273,73.44448552751555,0,0,,,,142.00702222222216,143.42709244444438,140.58695199999994,,0.11424219345010922,4.245026510173555,7.662486324998019,0,60.83646119942884,65.14883867497015,,,,,0.5670369659847427,6.133724935385061,5.566687969400318,0.7848079003432314,60.83646119942884,,,,,,,,,32.66170772281456,36.84690030682106,-18.42345015341053,0
2025-02-10,185.855,188.88,184.75,186.12,177.719,194.38597801042687,161.05202198957312,62.57776183983947,68.59267591258349,0,0,,,,142.13951111111103,143.56090622222214,140.71811599999992,,0.6707053223712567,4.727125405837307,8.397737928142535,0,62.78437599487946,65.00839460180472,,,,,0.36011808645324805,6.016835577466878,5.65671749101363,0.7416987498132593,62.78437599487946,,,,,,,,,31.644534239002947,36.89275769095455,-18.446378845477273,0
2025-02-11,184.25,186.31,182.17,183.55,178.77499999999998,194.05168223142945,163.4983177685705,55.93903242379681,62.175011448643,0,0,,,,142.25439999999995,143.67694399999993,140.83185599999996,,-0.47876464624010406,2.6709551111732788,6.486047456053856,0,58.90458232429593,64.33573558629327,,,,,-0.004035253315731957,5.6516734243689655,5.655708677684697,0.670310153040213,58.90458232429593,58.90458232429593,,58.90458232429593,,,,,,30.673033701677095,36.93472339450982,-18.46736169725491,0
2025-02-12,180.42,188.02,178.52,187.23,179.96599999999998,193.92249870132483,166.00950129867513,57.044686572752454,58.52049361212957,0,0,,,,142.36191111111108,143.7855302222222,140.93829199999996,,1.2776683904191177,4.036317971172343,8.023955320327403,0,62.479943428583994,64.23881847116321,,,,,-0.048780990799364154,5.594732439185492,5.643513429984856,0.6160943985446239,62.479943428583994,,,,,,,,,31.15374783166197,36.97820007327688,-18.48910003663844,0
2025-02-13,186.96,192.77,185.1959,192.66,181.31349999999998,194.69638649731672,167.93061350268323,69.2484751186498,60.74406470506634,0,0,,,,142.5142222222222,143.93936444444444,141.08907999999997,,3.4666093821325905,6.257945492199979,10.356915780248466,0,67.03705086113574,64.56876385919024,,,,,0.22080950779994257,5.919525314734784,5.698715806934842,0.6045879971628475,67.03705086113574,,,,,,,,,32.39408715201649,37.02607380824169,-18.513036904120845,0
2025-02-14,192.86,193,184.07,187.6,182.31149999999997,194.37917297369555,170.2438270263044,67.34774222458891,64.54696797199705,0,0,,,,142.64119999999994,144.06761199999994,141.21478799999994,,0.42073934501696275,2.9008043924821036,6.781822045475239,0,59.75377887118765,64.27307130895217,,,,,0.003336927076703411,5.702886965780721,5.699550038704017,0.48294394748866204,59.75377887118765,,,,,,,,,33.01292250741689,37.076034815273566,-18.538017407636783,0
2025-02-18,193.6,194.4,189.09,192.78,183.41099999999997,195.0798489578056,171.74215104219434,71.77434731795879,69.45685488706583,0,0,,,,142.7951555555555,144.22310711111106,141.36720399999996,,2.63099053439666,5.108199617253062,9.000853777825535,0,64.05873662341193,63.57803427212803,,,,,0.14546818821293162,5.8813852739701815,5.73591708575725,0.720703475274464,64.05873662341193,,,,,,,,,33.88735086503642,37.129112903874926,-18.564556451937463,0
2025-02-19,189.2,192,186.19,186.56,184.06249999999994,194.87548455562256,173.24951544437732,61.54974889608262,66.89061281287677,0,0,,,,142.92199999999997,144.35121999999998,141.49277999999995,,-0.5453585879317546,1.3568760611205821,5.002279477014815,0,56.274740766768176,62.897449786803335,,,,,-0.2223115037744483,5.458027706039189,5.680339209813638,0.6441211626918347,56.274740766768176,,,,,,,,,32.054536136032105,37.17480352780481,-18.587401763902406,0
2025-02-20,186,186.18,178.55,184.96,184.43599999999995,194.82273076574805,174.04926923425185,55.23197265349166,62.85202295584435,0,0,,,,143.03275555555553,144.46308311111108,141.60242799999997,,-1.1891914993642727,0.28410939296019677,3.6761614708382906,0,54.44211619055383,62.439795917513514,,,,,-0.595069583658141,4.936502230240961,5.531571813899102,0.4106098595547957,54.44211619055383,,,,,,,,,31.047787959842825,37.21650537373765,-18.608252686868823,0
2025-02-21,184.9,185.93,176.3501,177.89,184.58349999999993,194.4997679975972,174.66723200240267,45.47537418916663,54.08569857958029,0,0,,,,143.1051555555555,144.53620711111108,141.67410399999994,,-4.533696830490852,-3.626272120747487,-0.6404647092774329,0,47.13730687155613,61.32686691843229,,,,,-1.2991337632580864,3.907654609826494,5.2067883730845805,-0.09731856932508053,47.13730687155613,,,,,,,,,27.29469110493292,37.24513526207827,-18.622567631039136,0
2025-02-24,177.58,177.7,167.302,170.92,184.42349999999993,195.08517205461396,173.7618279453859,30.474036371683987,43.727127738114085,0,0,,,,143.15137777777775,144.58289155555553,141.71986399999997,,-7.624292670799415,-7.322006143468673,-4.708984777894032,0,41.25973003334661,59.73207010902628,,,,,-2.164603224972941,2.5010343418684045,4.665637566841346,-0.49129096883190143,41.25973003334661,,,,,,,,,23.385438994169508,37.26189484239217,-18.630947421196083,0
2025-02-25,168.79,169.96,160.66,164.2,183.85749999999993,197.21165122724483,170.50334877275503,24.633094214436312,33.52750159176231,0,0,,,,143.18697777777777,144.61884755555556,141.75510799999998,,-10.192249842754409,-10.691704173068795,-8.485099568434606,0,36.53030808400145,57.440633933443564,,,,,-3.064981066715556,0.8344112334469003,3.8993923001624564,-0.6123058055520515,36.53030808400145,36.53030808400145,,36.53030808400145,,,,,,18.00402311556716,37.265185712105094,-18.632592856052547,0
2025-02-26,166,170.005,164.8,166.19,182.7659999999999,198.01495721025452,167.5170427897453,26.192804470514965,27.099978352211753,0,0,,,,143.2455111111111,144.67796622222224,141.813056,,-8.23251370797189,-9.069520589168622,-7.440652447140906,0,38.76863793965498,55.328945848276724,,,,,-3.3772019468190444,-0.32211013336134897,3.0550918134576954,-0.691635092676903,38.76863793965498,,,,,,,,,14.549074266085276,37.2615186924692,-18.6307593462346,0
2025-02-27,187.01,187.95,173.59,173.69,182.30649999999991,198.059540690615,166.55345930938483,31.437337293760038,27.421078659570437,0,0,,,,143.34484444444442,144.77829288888887,141.91139599999997,,-3.3686611588639614,-4.726381121901813,-3.447803037742936,0,46.4356540210651,54.05024451499069,,,,,-2.9450776493955817,-0.6262552482867818,2.3188224011088,-0.7261345037893824,46.4356540210651,,,,,,,,,14.21111234598015,37.25722311327947,-18.628611556639736,0
2025-02-28,172.03,177.26,170.57,177.1,182.19699999999992,198.06243425186253,166.3315657481373,36.54909504751554,31.39307893726351,0,0,,,,143.44813333333332,144.88261466666665,142.01365199999998,,-0.6111488363479411,-2.797521364237565,-1.7595633265288013,0,49.52996433277754,53.24263759594417,,,,,-2.323366702106429,-0.5853859765242362,1.7379807255821926,-0.7377710388991543,49.52996433277754,,,,,,,,,16.43271816811595,37.25710227845465,-18.628551139227326,0
2025-03-03,178.7,180.95,173.0559,173.65,181.80399999999992,198.10154754557192,165.50645245442792,36.07523141497993,34.68722125208517,0,0,,,,143.5316444444444,144.96696088888885,142.09632799999994,,-1.7783408939217593,-4.485049833887,-3.7802654885236153,0,46.59707222063517,52.08640161206957,,,,,-2.047911381877068,-0.8219085017641419,1.2260028801129257,-0.7472530954809321,46.59707222063517,,,,,,,,,17.532942115813867,37.25921494721186,-18.62960747360593,0
2025-03-04,171.75,176.64,165.8,173.6,181.3569999999999,198.03523743685685,164.67876256314298,36.019650176484156,36.21465887965987,0,0,,,,143.6117333333333,145.04785066666662,142.17561599999996,,-0.7296598732816628,-4.277199115556563,-3.857869144800219,0,46.55404719799907,51.2042205316198,,,,,-1.782274542388083,-1.001840297872178,0.7804342445159049,-0.7680668422160548,46.55404719799907,,,,,,,,,17.090875598768044,37.26035512724939,-18.630177563624695,0
2025-03-05,174,177.77,170.02,177.31,180.76699999999988,197.13847042877362,164.39552957122615,40.238576684833006,37.44448609209903,0,0,,,,143.71991111111106,145.15711022222217,142.28271199999995,,1.9310035584733543,-1.912406578634307,-1.8716932681026144,0,50.22644506294576,50.32897064835993,,,,,-1.2927002783280634,-0.8354411033941744,0.457259174933889,-0.6955343588746785,50.22644506294576,,,,,50.22644506294576,,50.22644506294576,,16.76056335135459,37.2607761625539,-18.63038808127695,0
2025-03-06,167.26,171.0671,155.89,156.22,179.1314999999999,198.22363793686287,160.03936206313693,23.412473203733192,33.22356668835011,0,0,,,,143.70599999999996,145.14305999999996,142.26893999999996,,-8.684393577161176,-12.79032442646878,-13.20291360850746,0,35.3545196918638,48.06593270769765,,,,,-2.268162404098263,-2.37794383018894,-0.10978142609067687,-0.7102457985899191,35.3545196918638,,,,,,,,,12.572257603237821,37.25361028186113,-18.626805140930564,0
2025-03-07,156.25,159.88,148.49,158.91,177.7584999999999,198.4532300296517,157.06376997034812,23.979569176099915,29.210206354888708,0,0,,,,143.7075555555555,145.14463111111107,142.27047999999994,,-6.0699022928377815,-10.60343105955548,-11.445427290255717,0,37.88102056355513,46.50359282858104,,,,,-2.5879919735300065,-3.3447713930031853,-0.7567794194731786,-0.7264264907417868,37.88102056355513,,,,,,,,,9.053739499328126,37.24156233420184,-18.62078116710092,0
2025-03-10,151.3,152.6499,146.55,147.59,175.9364999999999,200.20900401174504,151.66399598825478,17.16690234994338,21.519648243258832,0,0,,,,143.68804444444442,145.12492488888887,142.25116399999996,,-11.541181688503166,-16.111778965706335,-17.346315893618158,0,32.181186992343555,44.226624997790445,,,,,-3.368304676720104,-4.967160265373309,-1.5988555886532048,-0.7301447077076751,32.181186992343555,32.181186992343555,,32.181186992343555,,,,,,2.2791130011928185,37.223904086624806,-18.611952043312403,0
2025-03-11,147.24,155.48,146,149.9,174.1254999999999,200.4099954107964,147.8410045892034,17.856581062710394,19.667684196251233,0,0,,,,143.68626666666663,145.12312933333328,142.24940399999997,,-9.37998742564201,-13.912666438861576,-15.64924943400402,0,34.351950767973946,42.66071142644801,,,,,-3.5188222002713503,-5.9973833389923925,-2.4785611387210422,-0.7371146333735288,34.351950767973946,,,,,,,,,0.7253866069326448,37.20567941466659,-18.602839707333295,0
2025-03-12,155.37,155.845,151,152.37,172.5664999999999,200.09918768210196,145.03381231789785,22.151911723288627,19.058465045314136,1,0,,,,143.7021333333333,145.13915466666666,142.26511199999996,,-7.110720948096116,-11.70360411783279,-13.682147267762657,0,36.68559458670496,41.39238845474451,,,,,-3.24847499529232,-6.539154882836442,-3.290679887544122,-0.7219963447854676,36.68559458670496,,,,,,,,,-0.8535944932607936,37.18714697625501,-18.593573488127504,0
2025-03-13,149.95,151.3,146.14,149.83,170.6964999999999,199.05928073462098,142.33371926537882,20.263899145558277,20.090797310519104,0,0,,,,143.7084444444444,145.14552888888886,142.27135999999996,,-7.31094724339304,-12.224327973918559,-14.588008611696468,0,35.296087519595844,40.54658707246165,,,,,-3.040832543301139,-7.091720566670546,-4.0508880233694065,-0.7305377224479431,35.296087519595844,,,,,,,,,-0.4950607243494867,37.16869457329394,-18.58434728664697,0
2025-03-14,151.24,156.498,150.7694,156.11,168.86899999999991,196.01973545965475,141.71826454034507,27.169366818248896,23.195059229031937,0,0,,,,143.75582222222218,145.19338044444441,142.31826399999994,,-2.15545067659465,-7.555560819333273,-10.61432255035375,0,41.223678276308114,40.544011946958896,,,,,-2.3135747088009024,-6.942856409370535,-4.629281700569632,-0.7244562927977333,41.223678276308114,,,,,,,,,0.7471700444195245,37.15055749458315,-18.575278747291573,0
2025-03-17,156.295,157.905,154.08,156.39,167.3084999999999,193.54581714562642,141.07118285437338,30.468442427514297,25.967236130440494,0,0,,,,143.79662222222217,145.2345884444444,142.35865599999994,,-0.9079791918795266,-6.525968495324452,-10.022610853593283,0,41.4810892012098,40.89763916961663,,,,,-1.676388954744473,-6.724767894000223,-5.04837893925575,-0.7647430122863033,41.4810892012098,,,,,,,,,1.4951953577901165,37.13269983054883,-18.566349915274415,0
2025-03-18,154.9,155.69,149.83,154.36,165.3874999999999,189.41683863010294,141.35816136989686,29.866586534652726,29.168131926805305,0,0,,,,143.81079999999994,145.24890799999994,142.37269199999994,,-0.9871775957510875,-6.667674401027823,-10.707984566526463,0,40.109590230191,40.99342147608348,,,,,-1.2726589397435122,-6.63920261393514,-5.366543674191628,-0.788525930786378,40.109590230191,,,,,,,,,2.3552187411932324,37.11523229624252,-18.55761614812126,0
2025-03-19,155,158.1,153.62,155.96,163.8574999999999,186.13228653096715,141.58271346903265,32.63659788594284,30.990542282703288,0,0,,,,143.81511111111107,145.2532622222222,142.37695999999994,,1.428162638849173,-4.819736661428308,-9.2020539571277,0,41.744489409443275,40.658338289539074,,,,,-0.8018598868976401,-6.3688685328136785,-5.567008645916038,-0.7252196524585035,41.744489409443275,,,,,,,,,2.1709369622385104,37.09770463686136,-18.54885231843068,0
2025-03-20,155.33,158.82,154.29,157.19,162.46899999999988,182.67499901019977,142.2630009898,37.47974489101279,33.327643103869455,0,0,,,,143.8359555555555,145.27431511111106,142.39759599999994,,2.163641208623379,-3.249235238722392,-7.918785294186548,0,43.03195264761341,40.194194597741635,,,,,-0.3354882595132107,-5.986368970307552,-5.6508807107943415,-0.6022321623187809,43.03195264761341,,,,,,,,,2.194147611254691,37.08021213519314,-18.54010606759657,0
2025-03-21,154.67,158.72,153.01,158.39,161.4939999999999,180.47415005209882,142.51384994790095,39.65255398122457,36.58963225272674,0,0,,,,143.83711111111106,145.27548222222217,142.39873999999995,,2.9783692761801817,-1.9220528316840846,-6.706117496456098,0,44.324721966803956,40.03188386532513,,,,,0.10251048770664006,-5.522742601161042,-5.625253088867682,-0.43141330622921525,44.324721966803956,,,,,,,,,2.8809183148187647,37.06307892061372,-18.53153946030686,0
2025-03-24,161.345,166.42,160.79,163.17,161.1064999999999,179.6115633881693,142.6014366118305,50.61768429242049,42.583327721552614,0,0,,,,143.86257777777772,145.3012035555555,142.42395199999993,,5.022302033250292,1.2808297616794473,-3.4953867991483256,0,49.26372834288199,40.22543251853104,,,,,0.7279986395554499,-4.715254789423369,-5.443253428978819,-0.09711898499995109,49.26372834288199,,,,,49.26372834288199,,49.26372834288199,,4.216008658522582,37.04676322582891,-18.523381612914456,0
2025-03-25,162.67,166.79,161.7501,162.83,161.0379999999999,179.5068587627978,142.569141237202,54.610120404714195,48.29345289278641,0,0,,,,143.89648888888883,145.3354537777777,142.45752399999995,,3.938465466615604,1.1127808343373013,-3.252256338245718,0,48.93122274243378,40.13291663849447,,,,,1.109806700557316,-4.0559950532821745,-5.1658017538394905,0.6263820766736453,48.93122274243378,,,,,,,,,5.006603949238522,37.031027835454836,-18.515513917727418,0
2025-03-26,163.25,163.695,158.67,159.74,160.71549999999988,179.0379195727586,142.39308042724116,54.84198757404555,53.35659742372675,0,0,,,,143.91248888888884,145.35161377777774,142.47336399999995,,1.4885925398832267,-0.6069731917580201,-4.638529043042161,0,45.89914371057719,40.886104068402574,,,,,1.1408377425585865,-3.739754575641257,-4.880592318199843,0.7292011631252855,45.89914371057719,,,,,,,,,4.848811710295802,37.015194963331936,-18.507597481665968,0
2025-03-27,157.79,159.11,155.06,156.98,159.87999999999988,177.25935787076722,142.50064212923255,55.95173239932449,55.13461345936141,0,0,,,,143.90897777777775,145.34806755555553,142.46988799999997,,-0.7159481886257923,-1.8138603952964072,-5.718661474860087,0,43.31718125437055,41.274401260603675,,,,,0.9688414753091239,-3.6695404740634388,-4.638381949372563,0.8560516131956585,43.31718125437055,,,,,,,,,3.0526019764484134,36.99824194378818,-18.49912097189409,0
2025-03-28,154.24,155.64,148.39,150.63,158.55649999999986,174.4575154078355,142.6554845921642,48.221917940748924,53.005212638039644,0,0,,,,143.8703555555555,145.30905911111105,142.43165199999996,,-4.400751440684414,-4.999164335741435,-8.76475362506105,0,38.018266030072404,41.6913354775843,,,,,0.447294353649367,-4.079264007310854,-4.526558360960221,0.5210584731125052,38.018266030072404,,,,,,,,,0.02153966846930529,36.98017240963035,-18.490086204815174,0
2025-03-31,145.85,147.22,141.9201,146.16,157.18199999999987,172.36281631534396,142.00118368465579,33.95071485878438,46.04145506628593,0,0,,,,143.79248888888887,145.23041377777776,142.35456399999998,,-6.631489513929257,-7.012253311447802,-10.725265596814037,0,34.79183354868289,41.72275567620637,,,,,-0.14704637602933524,-4.710366330996891,-4.563319954967556,0.04704075902695242,34.79183354868289,34.79183354868289,34.79183354868289,34.79183354868289,,,,,,-3.2728692751166704,36.962004016530855,-18.481002008265428,0
2025-04-01,148.36,150.01,144.755,149.54,155.97899999999987,169.4859699044679,142.47203009553184,33.50121539665679,38.557949398730024,0,0,,,,143.75004444444443,145.18754488888888,142.31254399999997,,-4.177266290313286,-4.128119811000119,-7.849492845610606,0,39.00690379257472,41.888563476625635,,,,,-0.2545525964124735,-4.8815107004831475,-4.626958104070674,-0.19506681014148103,39.00690379257472,,,,,,,,,-5.2208047819419505,36.944332708488275,-18.472166354244138,0
2025-04-02,146.025,155.7,145.0126,153.91,154.80899999999988,164.1265359403758,145.49146405962398,36.0850914686302,34.512340574690455,0,0,,,,143.73284444444442,145.17017288888886,142.295516,,-1.2473212108768394,-0.5807155914707041,-4.516211750546439,0,44.043134606820985,42.51335255428457,,,,,0.012474939834629772,-4.611364429277387,-4.623839369112017,-0.41046184914355016,44.043134606820985,,,,,,,,,-4.763178516388218,36.92654004880396,-18.46327002440198,0
2025-04-03,144.7,146.03,138.13,139.9,153.99299999999988,165.31600861079755,142.6699913892022,23.836023096913166,31.140776654066723,0,0,,,,143.66186666666667,145.09848533333334,142.225248,,-9.229521492295213,-9.151714688329914,-12.39148086994819,0,34.27268661450884,42.016853149870336,,,,,-0.6727421397592162,-5.464767043811037,-4.792024904051821,-0.598047479182624,34.27268661450884,,,,,,,,,-6.283541129556241,36.90934562870492,-18.45467281435246,0
2025-04-04,133.31,134.71,125.49,130.53,152.57399999999987,167.5881059007923,137.55989409920744,20.04164122736043,26.654251930967934,0,0,,,,143.54355555555557,144.97899111111113,142.10812,,-13.749925663576468,-14.448071099925208,-17.44302980854978,0,29.551024198584102,41.16470564968279,,,,,-1.6212402094062615,-6.818575165809648,-5.197334956403386,-0.7151911742993856,29.551024198584102,29.551024198584102,,29.551024198584102,,,,,,-10.43350132530516,36.89498833753418,-18.44749416876709,0
2025-04-07,120.7,137.81,120.1,131.04,151.74649999999986,169.3663448063605,134.1266551936392,19.747023841580734,21.20822938861811,0,0,,,,143.41577777777778,144.84993555555556,141.98162,,-11.534774448780105,-13.645454755134311,-16.41773274170333,0,30.11536796809399,40.45083263096158,,,,,-2.0508222139896777,-7.760862723890483,-5.710040509900805,-0.8255219351833326,30.11536796809399,,,,,,,,,-15.309291673309856,36.88628667302063,-18.443143336510314,0
2025-04-08,138.05,140.18,130.8025,133.51,150.92699999999985,170.2558562517353,131.5981437482644,21.67829900911168,20.488988026017612,1,0,,,,143.29382222222225,144.72676044444447,141.86088400000003,,-8.047164483380875,-11.54001603424164,-14.28296274102767,0,32.9181265719576,39.82037814256974,,,,,-2.002881423788155,-8.213642289635999,-6.210760865847844,-0.8882057666027794,32.9181265719576,,,,,,,,,-16.68008572607339,36.879619349176835,-18.439809674588417,0
2025-04-09,132.45,151.95,129.85,151.15,150.86599999999984,170.1839526865619,131.5480473134378,39.48795661989745,26.97109315686329,0,0,,,,143.23506666666668,144.66741733333336,141.802716,,4.721654484359328,0.18824652340498904,-2.6442462524099875,0,48.73195658006258,40.22752128060182,,,,,-0.685472800389995,-7.0676018663353375,-6.3821290659453425,-0.7938824870749962,48.73195658006258,,,,,48.73195658006258,,48.73195658006258,,-12.378929825725129,36.86722849469191,-18.433614247345954,0
2025-04-10,148.25,148.78,140.13,144.45,150.59699999999984,170.11397220370603,131.08002779629365,42.05372396012937,34.406659863046166,0,0,,,,143.14355555555557,144.57499111111113,141.71212,,0.956095106302679,-4.081754616625732,-6.371936859662675,0,44.446200683934514,40.236198331825435,,,,,-0.1932066759290425,-6.623637410856645,-6.430430734927603,-0.7479041544581394,44.446200683934514,,,,,,,,,-9.626618466457883,36.852226629899135,-18.426113314949568,0
2025-04-11,145.63,145.63,140.67,144.96,150.03949999999986,169.5316907183417,130.54730928165802,46.88203368623433,42.80790475542039,0,0,,,,143.06844444444445,144.4991288888889,141.63776000000001,,1.7156088832754657,-3.385441833650382,-5.3843543039153285,0,44.8438384947017,39.92049191409827,,,,,0.21663642541077888,-6.159635203164129,-6.376271628574908,-0.645211742777714,44.8438384947017,,,,,,,,,-7.334702493111469,36.83567683375169,-18.417838416875846,0
2025-04-14,149,150.685,143.87,144.55,149.44749999999985,168.85123147104,130.0437685289597,50.136611952822946,46.35745653306221,0,0,,,,142.97853333333333,144.40831866666667,141.548748,,1.542633153968298,-3.2770705431672265,-5.050819105005699,0,44.567658580150656,39.608808759649484,,,,,0.4941277111049054,-5.758611989693776,-6.252739700798681,-0.5103709988181072,44.567658580150656,,,,,,,,,-8.8819733770067,36.8201432375206,-18.4100716187603,0
2025-04-15,144.71,147.2,144.2,146.54,149.05649999999986,168.36342753910358,129.74957246089613,52.396315129065066,49.80498692270745,0,0,,,,142.90666666666667,144.33573333333334,141.4776,,3.1579540174863086,-1.6882859855154697,-3.169960265367444,0,46.29646392541,39.637188774994684,,,,,0.8261530672614272,-5.2200483667218975,-6.046201433983325,-0.31512187988947044,46.29646392541,,,,,,,,,-8.630163997766068,36.804449794750745,-18.402224897375373,0
2025-04-16,144.45,148.815,143.65,146.08,148.56249999999983,167.641848914474,129.48315108552566,54.30460797898994,52.27917835362598,0,0,,,,142.82995555555556,144.2582551111111,141.401656,,3.4040956742714457,-1.6710138830457355,-2.805346770491157,0,45.93979818504599,39.824518555757216,,,,,1.0167177581604827,-4.775304236282722,-5.792021994443204,-0.09344356792099538,45.93979818504599,,,,,,,,,-8.537851047993856,36.788712060772156,-18.394356030386078,0
2025-04-17,146.5,146.6,142.185,143.43,147.87449999999984,166.64974804097733,129.09925195902235,54.065887192201714,53.588936766752234,0,0,,,,142.78039999999996,144.20820399999997,141.35259599999995,,1.2752075919336026,-3.005589198948999,-4.29705744978982,0,43.84424404413685,40.24065984247611,,,,,0.9665499394421095,-4.583834570140567,-5.550384509582677,0.029146603628266595,43.84424404413685,,,,,,,,,-8.866122610255784,36.773224502700266,-18.386612251350133,0
2025-04-21,142,142.14,135.3791,137,146.80499999999986,165.49912795506108,128.11087204493865,48.78796148487357,52.3861522186884,0,0,,,,142.69524444444443,144.12219688888888,141.26829199999997,,-3.704901209663236,-6.678927829433512,-8.139797371144263,0,39.17478849459946,40.55372805289871,,,,,0.5246917953591765,-4.894519765383706,-5.419211560742882,-0.019434631915860673,39.17478849459946,39.17478849459946,,39.17478849459946,,,,,,-10.926884469073196,36.75946136275752,-18.37973068137876,0
2025-04-22,138.35,141.4899,137.36,140.23,145.65799999999984,162.95804231209297,128.35795768790672,48.70765335885953,50.520500678644936,0,0,,,,142.6485333333333,144.07501866666664,141.22204799999994,,-2.067183462532307,-3.7265375056638517,-5.819115569654542,0,42.48828278842956,40.80239798117407,,,,,0.47577543143189693,-4.8244922714530105,-5.3002677028849075,0.0752040942495048,42.48828278842956,,,,,,,,,-12.217609749428226,36.747006977558655,-18.373503488779328,0
2025-04-23,146.31,151.83,146.31,147.4,144.88649999999987,160.33130530793989,129.44169469205985,55.356253967221825,50.95062293698498,0,0,,,,142.6450222222222,144.07147244444442,141.21857199999997,,1.9511823985502996,1.7348062103785589,-0.9481825940286681,0,49.11493596662083,41.16466950687406,,,,,0.9260688463802911,-4.142681644909544,-5.068750491289835,0.44486797676222223,49.11493596662083,,,,,,,,,-11.450866874852581,36.733772711395005,-18.366886355697503,0
2025-04-24,149.21,159.17,149.085,158.66,144.83249999999987,160.07543000050146,129.58956999949828,71.46140203068477,58.508436452255374,0,0,,,,142.7237333333333,144.15097066666664,141.296496,,9.172228720842224,9.547235599744619,6.468454039931815,0,57.41367309331085,42.817597112502774,,,,,1.9245557013300543,-2.6630558646272675,-4.587611565957322,0.5970651823940767,57.41367309331085,,,,,,,,,-6.996074514604413,36.717200063049326,-18.358600031524663,0
2025-04-25,157.8,160.57,156.1,158.4,144.90349999999987,160.38348097544667,129.42351902455306,75.70810995218378,67.50858865003012,0,0,,,,142.82248888888887,144.25071377777775,141.394264,,7.957062531947545,9.314129748418875,6.0906101326355655,0,57.181774054494,44.791222102210625,,,,,2.4747313144227894,-1.4941974229288348,-3.968928737351624,0.6047819546058087,57.181774054494,,,,,,,,,-3.3080999741777966,36.69946490654119,-18.349732453270594,0
2025-04-28,158.28,159.88,156.52,158.96,145.31999999999988,161.8092207214342,128.83077927856556,79.06200361315975,75.41050519867609,0,0,,,,142.9204,144.349604,141.491196,,7.314767932489508,9.386182218552253,6.3979794914815535,0,57.57920509263136,46.75292475396329,,,,,2.761763082669352,-0.5167248840149341,-3.278487966684286,0.5951136644302613,57.57920509263136,,,,,,,,,-1.0241466924290135,36.68174225344218,-18.34087112672109,0
2025-04-29,159.51,161.6,158.39,160.35,146.02949999999987,163.77548261579744,128.2835173842023,81.28610179854927,78.68540512129759,0,0,,,,143.0241777777778,144.45441955555557,141.593936,,7.110650946862185,9.806580177293034,7.233615693267925,0,58.606226709982955,48.58778904953654,,,,,2.9154887515768033,0.36587297278671826,-2.549615778790085,0.5843565637994325,58.606226709982955,,,,,,,,,-0.8073604735037874,36.664072577224395,-18.332036288612198,0
2025-04-30,156,159.55,154.375,159.49,146.52699999999987,165.17377355469804,127.8802264453017,79.35925158851103,79.90245233340666,0,0,,,,143.13617777777776,144.56753955555553,141.704816,,5.622516556291424,8.846833689354284,6.536662265398707,0,57.6758409545371,49.226637933427575,,,,,2.82736745420574,0.9845935389670899,-1.84277391523865,0.7479458626623608,57.6758409545371,,,,,,,,,-0.6811766171464448,36.64644657348576,-18.32322328674288,0
2025-05-01,168.395,169.39,164.3827,165.36,147.09949999999986,167.2595044394885,126.93949556051123,79.73901327803942,80.1281222216999,0,0,,,,143.28426666666667,144.71710933333333,141.851424,,8.12931575643443,12.413706368818488,10.227017706803409,0,62.09865105170467,50.487527245411165,,,,,3.0153293628944633,1.9263877883794294,-1.088941574515034,0.8105631846622767,62.09865105170467,,,,,,,,,0.511938053087588,36.629100408714045,-18.314550204357023,0
2025-05-02,167.56,169.7183,166.1059,167.66,148.4874999999999,170.23376117290414,126.74123882709566,82.30152673278063,80.46659719977701,0,0,,,,143.44626666666667,144.88072933333333,142.011804,,7.923347773751077,12.911861267783564,11.500775881179326,0,63.69931157487994,51.83434675113818,,,,,3.131779997289653,2.8257834220970324,-0.3059965751926206,0.8614784728320657,63.69931157487994,,,,,,,,,1.8711734617622648,36.61225095319419,-18.306125476597096,0
2025-05-05,166.5,170.2,165.5,167.87,150.35449999999986,172.02473347821183,128.6842665217879,84.1613382512468,82.06729275402228,0,0,,,,143.62897777777778,145.06526755555555,142.192688,,5.9531173077166155,11.649468422960506,11.40631083424768,0,63.84943063984056,53.21161618397317,,,,,3.0567873381940087,3.51498759754989,0.4582002593558816,0.891121358856886,63.84943063984056,,,,,,,,,3.4246390201472767,36.59620155372505,-18.298100776862526,0
2025-05-06,165.48,169.825,164.24,168.45,152.22499999999985,173.35515333593753,131.09484666406217,84.94490036500073,83.80258844967604,0,0,,,,143.80662222222222,145.24468844444445,142.36855599999998,,4.458638223986133,10.658564624733224,11.660803931273422,0,64.2886891294335,54.49677512711771,,,,,2.882378469664794,4.061173346436874,1.1787948767720802,0.9190580591230972,64.2886891294335,,,,,,,,,3.8767541050521763,36.58044640649875,-18.290223203249376,0
2025-05-07,168.75,171.67,167.32,170.56,154.07749999999987,174.8125079575628,133.34249204243696,86.67050588355927,85.25891483326892,0,0,,,,143.98542222222224,145.42527644444448,142.545568,,4.269574998777359,10.697538576365883,12.866687695351686,0,65.91144346787448,55.92332121874831,,,,,2.745871750223393,4.611134564551321,1.8652628143279284,0.9349628497267168,65.91144346787448,,,,,,,,,4.276716273689389,36.5649706605798,-18.2824853302899,0
2025-05-08,173,176.42,171.53,173.97,155.2184999999999,177.6274555981572,132.80954440184257,88.5484205727164,86.72127560709212,0,0,,,,144.1990666666667,145.64105733333338,142.75707600000004,,5.368034062759319,12.080712028527607,14.763002119743529,0,68.40980828409339,57.67800437874521,,,,,2.7169818371548264,5.261490110771462,2.544508273616635,0.9360009791733809,68.40980828409339,,,,,,,,,5.328315270282555,36.55027539730318,-18.27513769865159,0
2025-05-09,175,176.3577,172,174.14,156.7029999999999,179.978713608828,133.42728639117178,88.56667373366065,87.92853339664542,0,0,,,,144.40782222222225,145.85190044444448,142.96374400000002,,4.4750151486972145,11.127419385716998,14.443315048807381,0,68.53362326851656,59.77506400545358,,,,,2.5440967284531046,5.724629184183016,3.180532455729911,0.9359492651593116,68.53362326851656,,,,,,,,,6.310032566974546,36.53641140503886,-18.26820570251943,0
2025-05-12,181.16,182.7,177.67,180.54,158.48199999999989,183.28442697802348,133.6795730219763,90.87947903813443,89.33152444817047,0,0,,,,144.6294666666667,146.07576133333336,143.18317200000004,,6.9302708497444465,13.91829987001687,17.876986761092418,0,72.84817523193149,61.943627751418,,,,,2.681806678378307,6.532790803702795,3.850984125324488,0.9598866533151172,72.84817523193149,,,,,,,,,8.143925259369487,36.52435177362711,-18.262175886813555,0
2025-05-13,180.7,184.29,179.97,181.02,160.30549999999988,186.0859565320357,134.52504346796405,90.52055134099841,89.98890137093115,0,0,,,,144.86688888888892,146.31555777777783,143.41822000000002,,5.91787298280928,12.921889766726746,17.300443878046924,0,73.14558187117464,63.66010245888612,,,,,2.6230596610003882,7.129808701574973,4.506749040574585,0.9721695959756081,73.14558187117464,,,,,,,,,9.363881806971976,36.513685029871475,-18.256842514935737,0
2025-05-14,181.74,183.5,180.15,181.45,162.05099999999987,188.58333943700038,135.51866056299937,89.85905119105547,90.41969385672941,0,1,,,,145.11057777777782,146.5616835555556,143.65947200000005,,4.822590149160622,11.97092273420104,16.77421292442871,0,73.42639282813599,64.80386815423078,,,,,2.4350874714978588,7.550608379946908,5.115520908449049,0.9816442775552809,73.42639282813599,,,,,,,,,10.608693128416734,36.504593372382956,-18.252296686191478,0
2025-05-15,180,183.32,178.67,182.97,163.89549999999988,190.85589055726388,136.9351094427359,88.06735581027542,89.48231944744309,0,0,,,,145.35577777777783,146.8093355555556,143.90222000000006,,4.636200911570798,11.638208492606639,17.022909551402577,0,74.44370898840484,66.03686350665298,,,,,2.2399844570444145,7.9155014797545675,5.675517022710153,0.9842814829562923,74.44370898840484,,,,,,,,,10.878441515840949,36.495862009496726,-18.247931004748363,0
2025-05-16,182.6,184.25,181.67,183.08,165.87799999999987,192.35408551127244,139.4019144887273,88.097307470188,88.67457149050627,0,0,,,,145.61480000000003,147.07094800000004,144.15865200000002,,3.7839063518607885,10.370272127708402,16.025180615995605,0,74.51973167450568,67.24690111964401,,,,,1.9555513184061057,8.119956170717785,6.164404852311679,0.9808539125747578,74.51973167450568,,,,,74.51973167450568,,74.51973167450568,,11.062858450028138,36.48737947951927,-18.243689739759635,0
2025-05-19,181.91,183.1,179.94,182.05,168.13049999999987,191.92560493778575,144.335395062214,85.34481493719042,87.16982607255126,0,0,,,,145.8718666666667,147.33058533333337,144.41314800000004,,2.3770828295552437,8.278985668870398,14.130298496234328,0,72.34948037570486,68.22856209576699,,,,,1.5528290098975592,8.105441114683629,6.5526121047860695,0.9659427374959626,72.34948037570486,,,,,,,,,10.904017290501649,36.478678104242846,-18.239339052121423,0
2025-05-20,183.5,183.6,181.5,182.88,170.26299999999986,191.1397517588403,149.38624824115942,86.05940416296566,86.50050885678134,0,0,,,,146.11075555555558,147.57186311111113,144.64964800000004,,2.015998571954536,7.41030053505467,13.421925261930557,0,73.0310777130934,69.32536472137816,,,,,1.2122383535177574,8.067910046683267,6.855671693165509,0.9555101822670659,73.0310777130934,,,,,,,,,10.592400968020623,36.4695593009669,-18.23477965048345,0
2025-05-21,180.91,184.09,178.91,179.12,171.84899999999985,190.20446556206753,153.49353443793217,73.32705935109851,81.57709281708485,0,0,,,,146.31164444444445,147.7747608888889,144.84852800000002,,-0.5562896259202033,4.231040040966283,10.052285895096414,0,65.1912207762768,69.5462625588476,,,,,0.6327589246675833,7.646620348999988,7.013861424332405,0.8878161193185296,65.1912207762768,65.1912207762768,,65.1912207762768,,,,,,9.478991846200588,36.45904116118868,-18.22952058059434,0
2025-05-22,192,204,191.99,203.18,174.07499999999987,195.95282393201347,152.19717606798628,86.32964985718597,81.90537112375002,0,0,,,,146.6142666666667,148.08040933333336,145.14812400000005,,11.001240145758118,16.71980468189007,23.518683634595128,0,79.9922348310418,70.71004279143058,,,,,1.7078911323063597,9.148725339715355,7.4408342074089955,0.8316987797338512,79.9922348310418,,,,,79.9922348310418,,79.9922348310418,,13.178640736176613,36.45366639721032,-18.22683319860516,0
2025-05-23,198.505,205.4,197.7,200.05,176.15749999999986,199.54747552371964,152.76752447628007,83.87021800774842,81.17564240534428,0,0,,,,146.86884444444448,148.33753288888892,145.40015600000004,,7.765818761649279,13.563146615954569,20.260900929785187,0,75.49491497010555,71.54186310073523,,,,,2.024646743082407,9.971642636262004,7.946995893179597,0.8441091359503413,75.49491497010555,,,,,,,,,15.99279107744391,36.45313576717738,-18.22656788358869,0
2025-05-27,202.6,208.31,202.05,206.35,178.52699999999987,203.9789045259918,153.07509547400795,86.51609798519806,85.57198861671078,0,0,,,,147.15520000000004,148.62675200000004,145.68364800000003,,9.635257551204756,15.584757487663015,22.54072318920619,0,78.15687545192509,72.53244783805606,,,,,2.4466477329394873,11.005305559353957,8.55865782641447,0.8518320773520806,78.15687545192509,,,,,,,,,20.619129754918134,36.4623357169974,-18.2311678584987,0
2025-05-28,207,209.8,203.87,204.4,180.72949999999986,207.1150486772631,154.34395132273661,85.63068976327088,85.33900191873909,0,0,,,,147.42871111111114,148.90299822222227,145.95442400000002,,7.266744685205717,13.097197745802514,19.961499636124636,0,75.42573711515783,73.21204024143343,,,,,2.3804203666658434,11.534183284746774,9.15376291808093,0.8616076759246746,75.42573711515783,,,,,,,,,20.37390772027057,36.47089349020231,-18.235446745101154,0
2025-05-29,206.29,206.71,201.08,202.31,182.87049999999982,208.96229907557688,156.77870092442276,80.85114194703266,84.33264323183383,0,1,,,,147.69222222222226,149.16914444444447,146.21530000000004,,5.0202710769885694,10.630200059605134,17.453424442805975,0,72.50145291664771,73.50430057233017,,,,,1.997292740840452,11.650378844131495,9.653086103291043,0.8642698799784891,72.50145291664771,,,,,,,,,20.455608101923747,36.47957349965858,-18.23978674982929,0
2025-05-30,202.19,206,199.75,205.67,184.88599999999983,211.47872336561824,158.2932766343814,81.79296835521554,82.75826668850631,0,0,,,,147.97711111111113,149.45688222222225,146.49734,,5.5210380228722045,11.24152180262441,18.042854409795318,0,74.23115997809495,73.9112674801572,,,,,1.7788763885795227,11.876681589015448,10.097805200435925,0.8639751677661359,74.23115997809495,,,,,,,,,20.172321208553303,36.48753309788233,-18.243766548941164,0
2025-06-02,205.67,210.44,204.41,210.17,187.0114999999998,214.53623525758778,159.48676474241185,84.88517193360633,82.5097607452848,0,0,,,,148.30026666666672,149.78326933333338,146.81726400000005,,6.351648129219001,12.383463049063925,19.10482947783607,0,76.37454825761013,74.16315126770567,,,,,1.7438453353354735,12.277611869605266,10.533766534269793,0.887975727746066,76.37454825761013,,,,,,,,,21.112350931624828,36.49762143288312,-18.24881071644156,0
2025-06-03,210.5,210.82,207.2,209.15,189.07549999999983,216.7398073110507,161.41119268894897,82.8033481240649,83.16049613762887,0,0,,,,148.61871111111114,150.10489822222226,147.13252400000002,,4.403777804400777,10.61718731406247,16.933071680559998,0,74.85470971419176,74.28523182792118,,,,,1.4693449399123057,12.370447709160175,10.901102769247869,0.8951812151575939,74.85470971419176,,,,,,,,,22.272689230361916,36.51046361137977,-18.255231805689885,0
2025-06-04,213.425,214.83,205.29,209.6,191.13299999999984,218.47435044214637,163.7916495578533,83.62095282463665,83.76982429410259,0,0,,,,148.93613333333334,150.42549466666668,147.446772,,3.25123152709359,9.661858496439745,15.689037874913092,0,75.09022313591137,74.40407684990512,,,,,1.1496025958978642,12.3381060141202,11.188503418222336,0.889649708565997,75.09022313591137,,,,,,,,,22.856430865968335,36.524691943153364,-18.262345971576682,0
2025-06-05,211.23,214.37,208.89,210.1,193.10999999999984,219.92818562095968,166.29181437904,84.1091852126091,83.51116205377018,0,0,,,,149.2665777777778,150.75924355555557,147.77391200000002,,1.9417946802006814,8.798094350370334,14.642521953597342,0,75.36630051386982,74.4699762445812,,,,,0.818835603345125,12.212047922403741,11.393212319058616,0.8754052026333194,75.36630051386982,,,,,,,,,22.647804428766616,36.538299687482784,-18.269149843741392,0
2025-06-06,211.45,213,209.4,210.84,194.95349999999982,221.32059637029266,168.58640362970698,81.75215131410316,83.16076311711628,0,0,,,,149.60933333333332,151.10542666666666,148.11324,,1.9220357336221072,8.1488662681102,13.964692782524413,0,75.7938951931357,74.56098792448334,,,,,0.5119478743304651,12.033147161971698,11.521199287641233,0.8484201344037912,75.7938951931357,,,,,,,,,22.785899095806627,36.55216734193149,-18.276083670965743,0
2025-06-09,211.31,212.09,208.5,210.85,196.78899999999982,222.19858315282463,171.379416847175,82.07545705635316,82.64559786102177,0,0,,,,149.9410666666667,151.44047733333338,148.44165600000002,,1.3974916323625575,7.145216450106551,12.90313944086574,0,75.80000842448946,74.80745421368225,,,,,0.18836103959726458,11.756650587137813,11.568289547540548,0.8025087291457276,75.80000842448946,,,,,,,,,22.94250473861658,36.566342059844125,-18.283171029922062,0
2025-06-10,210.075,212.3972,206.22,208.24,198.17399999999984,222.90036439107593,173.44763560892375,76.26506603136396,80.03089146727338,0,0,,,,150.26613333333336,151.76879466666668,148.76347200000004,,0.05140943531301012,5.079374690928273,10.53332790740058,0,70.77592688957947,74.64637201200269,,,,,-0.29636110661932946,11.197838164266386,11.494199270885716,0.713231100780936,70.77592688957947,70.77592688957947,,70.77592688957947,,,,,,22.541769657779643,36.57941706560452,-18.28970853280226,0
2025-06-11,207.99,210.2,205.23,208.61,199.55349999999984,223.35919450783277,175.74780549216692,73.59444145876516,77.31165484882739,0,0,,,,150.61622222222223,152.12238444444446,149.11006,,0.026851558828888678,4.53838193767595,9.792232808725432,0,71.06868003734382,75.06619053065033,,,,,-0.6658177034076171,10.661927141626194,11.327744845033811,0.779545313212742,71.06868003734382,,,,,,,,,22.067045295819145,36.59123517874847,-18.295617589374235,0
2025-06-12,206.14,213.1,206.14,211.28,201.04499999999985,223.84341266404863,178.24658733595106,74.09680318198312,74.65210355737071,0,0,,,,150.97813333333335,152.48791466666668,149.468352,,0.8732352674372335,5.0909000472531885,10.196247513873647,0,73.15828999158802,74.57805161354648,,,,,-0.7953624015695411,10.333541843071885,11.128904244641426,0.7738369249657564,73.15828999158802,,,,,,,,,22.035881130203077,36.60289692001096,-18.30144846000548,0
2025-06-13,208,212.3,207.44,208.18,202.30549999999982,223.7123376693123,180.89866233068736,64.67153122078489,70.78759195384436,0,0,,,,151.3204888888889,152.83369377777777,149.807284,,-0.7257918379414585,2.903776713930273,7.777052982532462,0,67.09866209049284,73.97831926500272,,,,,-1.1341591508276387,9.711205306106876,10.845364456934515,0.6298646301751444,67.09866209049284,67.09866209049284,,67.09866209049284,,,,,,21.883556954961605,36.614110309305104,-18.307055154652552,0
2025-06-16,210.31,211,207.0501,209.12,203.60749999999985,223.2756314567573,183.93936854324238,60.36097517759053,66.37643652678615,0,0,,,,151.66057777777777,153.17718355555556,150.143972,,-0.2275795932193847,2.7074150019032572,7.494602652410842,0,67.96513725973364,73.25033796556048,,,,,-1.3259424064508583,9.187936448870943,10.513878855321801,0.5800537087138191,67.96513725973364,,,,,,,,,21.852946700107413,36.625172404519226,-18.312586202259613,0
2025-06-17,208,210.2983,206.26,209.45,204.97749999999982,222.10086400945525,187.8541359905444,58.36847444750086,61.133660281958726,0,0,,,,152.03315555555554,153.55348711111108,150.512824,,-0.08443568815088565,2.181946799039003,6.902606085971241,0,68.28095277795198,72.73999622718863,,,,,-1.4514335411956907,8.699586928827188,10.151020470022878,0.4580315390362029,68.28095277795198,,,,,,,,,21.386132756824384,36.63504896587806,-18.31752448293903,0
2025-06-18,210.36,212.6999,209.47,212.08,206.43749999999983,220.47717218279294,192.39782781720672,60.610887256281686,59.78011229379098,0,0,,,,152.39977777777776,153.92377555555552,150.87578,,1.0506253722453618,2.733272782319185,7.4473816202559995,0,70.75542406508956,72.61527988064876,,,,,-1.3787068688023574,8.427636884019932,9.80634375282229,0.35493984937961215,70.75542406508956,,,,,,,,,22.008103372061314,36.646332685788416,-18.323166342894208,0
2025-06-20,213.35,215.99,210.85,211.99,208.08099999999982,214.65556584120384,201.5064341587958,66.93958425100898,61.97298198493047,0,0,,,,152.7686222222222,154.29630844444443,151.24093599999998,,0.9168634320968705,1.8785953546937018,6.655553394020308,0,70.55258730057561,72.35252468939738,,,,,-1.3559952611001709,8.111349676447077,9.467344937547248,0.2565564528197387,70.55258730057561,,,,,,,,,22.404653137690484,36.65850009558394,-18.32925004779197,0
2025-06-23,209.625,214.88,207.36,213.71,208.60749999999985,215.2142597958676,202.0007402041321,68.72282608454343,65.42443253061133,0,0,,,,153.14257777777775,154.67400355555552,151.61115199999998,,1.5968547808187017,2.4459810888870948,6.80907209899746,0,72.19320892274004,72.05385759404952,,,,,-1.2472221479988388,7.908317252548699,9.155539400547537,0.49242525778726687,72.19320892274004,,,,,,,,,23.051855283249626,36.67218598298455,-18.336092991492276,0
2025-06-24,219.485,224.61,219.25,223.14,209.7619999999998,217.8805185840983,201.6434814159013,76.55667545236267,70.7396952626383,0,0,,,,153.56151111111106,155.09712622222216,152.02589599999996,,5.463654409679508,6.377704255298955,10.61904494363457,0,79.0761114023648,72.35538628606187,,,,,-0.5953325573329593,8.411373703881338,9.006706261214298,0.5809350306463614,79.0761114023648,,,,,79.0761114023648,79.0761114023648,79.0761114023648,,24.922713771317543,36.690637456495594,-18.345318728247797,0
2025-06-25,223.19,225.6834,219.99,221.52,210.5204999999998,219.95081383360844,201.09018616639116,78.3348497302822,74.53811708906272,0,0,,,,153.96657777777776,155.50624355555553,152.426912,,4.044939598324149,5.224906838051502,9.077300839056178,0,75.61346695861728,72.39276084482658,,,,,-0.3410295118471076,8.580419371405412,8.92144888325252,0.6912584359141365,75.61346695861728,,,,,,,,,26.477267303352942,36.71327228354263,-18.356636141771315,0
2025-06-26,222.05,222.79,215.53,221.92,211.39649999999978,221.6121219096244,201.18087809037516,80.58465671420238,78.49206063228237,0,0,,,,154.40088888888886,155.94489777777775,152.85687999999996,,3.5852482507853223,4.978086202941023,8.545584384670324,0,75.89414906128864,72.43046431249937,,,,,-0.21956804005661468,8.646988833181751,8.866556873238366,0.7780906000165898,75.89414906128864,,,,,,,,,27.722615285031623,36.739384174029155,-18.369692087014577,0
2025-06-27,222.425,224.43,219.8202,222.61,212.4114999999998,222.84575373471176,201.97724626528782,83.57847768336791,80.83266137595079,0,0,,,,154.8579555555555,156.40653511111105,153.30937599999993,,3.3606968408149696,4.801293715265054,8.15726311902598,0,76.39877888681121,72.47367029061904,,,,,-0.1687287416617771,8.655645946161144,8.824374687822921,0.8538337014859564,76.39877888681121,,,,,,,,,27.322265826044838,36.76417495548339,-18.382087477741695,0
2025-06-30,224.4,225.51,222.61,223.77,213.31649999999982,224.3759344792262,202.25706552077344,85.42514369007807,83.19609269588274,0,0,,,,155.35191111111104,156.90543022222215,153.79839199999992,,3.1526153477372754,4.900464802300908,8.00718213732945,0,77.26061128515104,72.57799906638058,,,,,-0.13444026447542434,8.656324357228641,8.790764621704065,0.9112503615449403,77.26061128515104,,,,,,,,,27.46645514264202,36.78924495583091,-18.394622477915455,0
2025-07-01,218.9,223.16,214.42,215.97,213.60649999999978,224.6247943780052,202.58820562199438,68.52558701916792,79.17640279753793,0,1,,,,155.80146666666658,157.35948133333326,154.2434519999999,,-0.7563782074847647,1.1064738198510948,3.6936387599207032,0,61.10314661541361,71.88708618965445,,,,,-0.6838228312620522,7.935986082626499,8.619808913888551,0.8310708586652874,61.10314661541361,61.10314661541361,,61.10314661541361,,,,,,26.065156290521184,36.810192487082304,-18.405096243541152,0
2025-07-02,215.61,218.29,214.52,217.34,214.0159999999998,224.94979055956196,203.08220944043762,64.08843948060318,72.67972339661634,0,0,,,,156.25586666666658,157.81842533333324,154.69330799999992,,-0.48762619903391924,1.5531549043063198,3.765357438411132,0,62.58324912567181,71.28098398167789,,,,,-0.9834730110976047,7.3904676500165465,8.373940661114151,0.758239728142321,62.58324912567181,,,,,,,,,24.846918614246835,36.82772682961746,-18.41386341480873,0
2025-07-03,217.74,222.605,217.74,221.49,214.61049999999977,225.80898110238192,203.41201889761763,64.56375723139793,65.72592791038961,0,0,,,,156.6998222222221,158.26682044444433,155.13282399999989,,0.9774511502375294,3.205574750536555,5.1009061704689,0,66.71503361451983,70.82075138331588,,,,,-0.9312329719955894,7.209899446119664,8.141132418115253,0.7624397389566279,66.71503361451983,,,,,,,,,24.19086563698755,36.84344925059503,-18.421724625297514,0
2025-07-07,221.43,225.86,220.18,225.79,215.3949999999998,227.38964630576353,203.4003536942361,70.11848730791749,66.25689467330615,0,0,,,,157.15039999999993,158.72190399999994,155.57889599999993,,2.294247166169816,4.826017317022302,6.356219617892034,0,70.36644215788503,71.05416424527246,,,,,-0.6494783521973133,7.329284477868612,7.978762830065925,0.7592213390627395,70.36644215788503,,,,,,,,,25.824859473411085,36.86339703246285,-18.431698516231425,0
2025-07-08,225.6,226.6,220.84,223.5,216.0279999999998,228.32667407488995,203.72932592510963,68.65522340048364,67.77915597993297,0,0,,,,157.59693333333325,159.1729026666666,156.0209639999999,,0.8096344241221409,3.45881089488409,4.94271583296817,0,66.20129364816589,70.92817541587476,,,,,-0.6577165944199974,7.156617087040928,7.814333681460925,0.7185113269030987,66.20129364816589,,,,,,,,,26.744402564636108,36.885772543936966,-18.442886271968483,0
2025-07-09,224.6,224.75,220.93,221.9,216.5804999999998,228.8918808730125,204.2691191269871,66.6171288370017,68.4636131818009,0,0,,,,158.01844444444438,159.59862888888884,156.43825999999993,,0.14396541219687808,2.4561306304123454,3.8363450604815386,0,63.378519249232845,70.57800159239483,,,,,-0.8017516249964407,6.812144150215374,7.613895775211815,0.6245663938841518,63.378519249232845,,,,,,,,,26.588695517253853,36.90758466472988,-18.45379233236494,0
2025-07-10,221.83,222.3,213.2242,214.42,216.88949999999983,228.6457297953179,205.13327020468176,54.40424677540566,63.22553300429695,0,0,,,,158.40564444444436,159.98970088888882,156.8215879999999,,-2.920709373344643,-1.1385982262856587,0.2099976320741881,0,52.17746357275193,69.25100441437071,,,,,-1.396771406499476,5.86793151708747,7.264702923586946,0.27242061259871475,52.17746357275193,,,,,,,,,24.226480513194854,36.922975851283844,-18.461487925641922,0
2025-07-11,213.48,215.49,209.46,210.84,217.0009999999998,228.4800450822519,205.5219549177477,46.62229431317402,55.881223308527076,0,0,,,,158.77804444444436,160.3658248888888,157.19026399999993,,-4.060283123182728,-2.8391574232375927,-1.5618872129432915,0,47.821298355998564,67.6273409183295,,,,,-1.9911953592247027,4.775708724556068,6.766904083780771,-0.220123390781836,47.821298355998564,47.821298355998564,,47.821298355998564,,,,,,21.620333884185143,36.93198722222864,-18.46599361111432,0
2025-07-14,209.865,214.94,208.6,213.52,217.11299999999983,228.40883126645838,205.81716873354128,46.23306922832567,49.086536772301734,0,0,,,,159.15795555555547,160.74953511111104,157.5663759999999,,-2.437241265866752,-1.6548986011891587,-0.48424908766350194,0,51.11179833473143,66.12152587632887,,,,,-2.1500482596746098,4.079343759187509,6.229392018862119,-0.5720538581146702,51.11179833473143,,,,,,,,,19.81316626855229,36.936979730410634,-18.468489865205317,0
2025-07-15,213.75,215.1,212.25,212.79,217.3434999999998,228.07482102773596,206.61217897226365,36.40726193095779,43.087541824152446,0,0,,,,159.5195999999999,161.1147959999999,157.92440399999992,,-2.2805341758665776,-2.0950707060481744,-0.9340631202580996,0,50.18346904524272,64.057765707963,,,,,-2.240284170162708,3.4290368061587344,5.669320976321442,-0.6221430352268291,50.18346904524272,,,,,,,,,19.28919728648293,36.94083899184036,-18.47041949592018,0
2025-07-16,212.98,214,209.2532,211.94,217.4844999999998,227.84770891424944,207.12129108575016,33.68725800481502,38.77586305469944,0,0,,,,159.87524444444435,161.4739968888888,158.2764919999999,,-2.49041881179467,-2.5493770820448347,-1.3568819950167899,0,49.06598290976058,62.16151684733038,,,,,-2.2853340240106252,2.812653446308161,5.097987470318786,-0.6876124559121554,49.06598290976058,,,,,,,,,19.30801657237062,36.94469067547092,-18.47234533773546,0
2025-07-17,211.75,214.03,210.31,211.58,217.5909999999998,227.66138807595647,207.52061192404315,33.69927462592203,34.5979315205649,0,0,,,,160.21533333333323,161.81748666666658,158.6131799999999,,-2.3973945575407107,-2.762522346971985,-1.5615476831123631,0,48.57264838884324,60.20998108501285,,,,,-2.2632211513888603,2.2689610310827106,4.532182182471571,-0.7248195726359515,48.57264838884324,,,,,,,,,18.76027018240934,36.94739709915153,-18.473698549575765,0
2025-07-18,212.69,217.54,212.2,216.89,217.83149999999978,227.58882601691852,208.07417398308104,39.820273383333664,35.735602004690186,0,0,,,,160.66724444444435,162.2739168888888,159.0605719999999,,0.26488902860151153,-0.4322148082347099,0.7949958019512371,0,55.65506864813825,58.72828749653622,,,,,-1.833166683644036,2.2407238279165256,4.0738905115605615,-0.6373132654884059,55.65506864813825,,,,,55.65506864813825,,55.65506864813825,,19.331652732787216,36.9512075479828,-18.4756037739914,0
2025-07-21,217,218.72,214.26,215.65,218.01449999999977,227.45900205148132,208.56999794851822,39.82294500854895,37.78083100593483,0,0,,,,161.11075555555541,162.72186311111096,159.49964799999987,,0.16116821409823956,-1.084560889298536,0.13264344297183595,0,53.7920488614001,57.051961609125435,,,,,-1.5837940333707579,2.094147969847114,3.677942003217872,-0.5358619948494284,53.7920488614001,,,,,,,,,19.83213973976184,36.95600037550789,-18.478000187753945,0
2025-07-22,214.905,216.6,211.4,212.25,217.94149999999976,227.5392836504284,208.34371634957114,36.41976067841279,38.68765969009842,0,0,,,,161.5296444444443,163.14494088888875,159.91434799999985,,-0.9001858267422724,-2.6114806037398908,-1.4675798549751207,0,48.95326399231092,56.18411285033238,,,,,-1.5949781391717748,1.6842193292531533,3.279197468424928,-0.6483114528967918,48.95326399231092,,,,,,,,,19.789857896327113,36.96065628406856,-18.48032814203428,0
2025-07-23,211.77,213.6099,210.4,212.56,217.41249999999977,226.97206667430194,207.8529333256976,35.808238886282766,37.35031485774812,0,0,,,,161.9608444444443,163.58045288888874,160.34123599999984,,-0.32075931796442525,-2.231932386592206,-1.3497729751471454,0,49.40018892475468,55.24246569312402,,,,,-1.5284890719763915,1.3685861284544387,2.89707520043083,-0.702734364720328,49.40018892475468,,,,,,,,,18.861696322637144,36.96338826693577,-18.481694133467887,0
2025-07-24,214.51,217,212.11,215.02,217.08749999999978,226.50733625125315,207.6676637487464,37.68506869269207,36.63768941912916,0,0,,,,162.4206666666665,164.0448733333332,160.79645999999983,,0.804485616772288,-0.9523809523808491,-0.31263377341081977,0,52.92257836851717,54.257290318409545,,,,,-1.2761097185120862,1.3019380522907227,2.578047770802809,-0.6087825686867756,52.92257836851717,,,,,,,,,18.643356290697536,36.96565113369211,-18.482825566846056,0
2025-07-25,215.425,220.92,215.14,219.51,216.96699999999979,226.1962103671122,207.73778963288737,45.51750387335903,39.67027048411124,0,0,,,,162.88897777777763,164.5178675555554,161.26008799999985,,2.4928678485882427,1.1720676416230091,1.5978758757307032,0,58.58889928125844,53.41603725579336,,,,,-0.7879897079246327,1.593060635897018,2.381050343821651,-0.2601339939325965,58.58889928125844,,,,,58.58889928125844,,58.58889928125844,,19.87703886442692,36.97034984825482,-18.48517492412741,0
2025-07-28,219.93,222.3,216.92,218.67,216.7699999999998,225.67137292783394,207.86862707216568,47.45619708852373,43.55292321819156,0,0,,,,163.3531555555554,164.98668711111094,161.71962399999984,,1.8557334898409605,0.876505051437082,1.093830904652715,0,57.201774195740775,52.773214437762995,,,,,-0.5160522382527764,1.7359850460056805,2.252037284258457,0.16183733305858566,57.201774195740775,,,,,,,,,20.875324806429948,36.97710880161159,-18.488554400805796,0
2025-07-29,220.36,220.6,217.01,218.76,216.5194999999998,224.88463353153332,208.15436646846626,51.44559560604918,48.13976552264393,0,0,,,,163.83471111111095,165.47305822222205,162.19636399999985,,1.6150834018477722,1.034779777341166,0.9708140375709773,0,57.31837167816412,52.340346754115224,,,,,-0.33334259380254183,1.8353590420052797,2.1687016358078215,0.6856629878337276,57.31837167816412,,,,,,,,,21.419104632127077,36.984998755474045,-18.492499377737023,0
2025-07-30,218.75,222.1899,217.7102,220.28,216.73499999999976,225.25307372593616,208.21692627406335,57.49033373344588,52.130708809339545,0,0,,,,164.32128888888874,165.96450177777763,162.67807599999986,,1.926271417796821,1.635637991095229,1.4981123845390742,0,59.33342598819749,52.85148692664705,,,,,-0.12411814858762726,2.0135539500732875,2.137672098660915,0.8078529240374472,59.33342598819749,,,,,,,,,21.441060774500404,36.99287595355485,-18.496437976777425,0
2025-07-31,225.13,229.27,220.94,223.5,217.04299999999975,226.05731994109814,208.02868005890136,73.50990589246098,60.815278410651956,0,0,,,,164.8179555555554,166.46613511111093,163.16977599999984,,2.8489386081570256,2.97498652340793,2.7600380694906335,0,63.28759788316993,53.95622260715929,,,,,0.19953028778154458,2.3870849583878453,2.1875546706063007,0.8227907737707592,63.28759788316993,,,,,63.28759788316993,,63.28759788316993,,22.173612799234956,37.0023331095773,-18.50116655478865,0
2025-08-01,216.8,216.8,202.87,205.02,216.21949999999978,226.39302932862674,206.04597067137283,48.065043220463885,59.68842761545687,0,0,,,,165.24666666666647,166.89913333333314,163.5941999999998,,-5.13691341001844,-5.179690083456756,-5.634526722769007,0,39.53092171902406,53.129017134608766,,,,,-0.8073667955230213,1.178346176202524,1.9857129717255453,0.30552467925855803,39.53092171902406,39.53092171902406,,39.53092171902406,,,,,,19.462682506891976,37.00592582817766,-18.50296291408883,0
2025-08-04,207.7,210.41,205.65,208.48,215.35399999999976,225.05788664404446,205.65011335595506,45.21065714365304,55.59520208552592,0,0,,,,165.68453333333312,167.34137866666646,164.02768799999978,,-3.214874306538873,-3.191953713420592,-3.9902737652624753,0,43.78566133154853,52.672030869344894,,,,,-1.1934411282834145,0.49391156137127723,1.6873526896546918,0.05508604189283416,43.78566133154853,,,,,,,,,17.09852138605669,37.00501726220854,-18.50250863110427,0
2025-08-05,208.25,209.89,204.66,205.77,214.46749999999975,224.27163356704605,204.66336643295344,37.438250710679995,43.571317024932256,0,0,,,,166.10897777777757,167.77006755555536,164.44788799999978,,-4.1847297177740606,-4.055393008264541,-5.122648469199554,0,41.33259023240478,52.119645678105194,,,,,-1.561192025872518,-0.2641373426859559,1.2970546831865621,-0.22483362099578644,41.33259023240478,,,,,,,,,13.703561421899131,36.99865088768899,-18.499325443844494,0
2025-08-06,205.97,211,205.8,210.54,213.89949999999982,223.2197563806136,204.57924361938603,37.992311973490125,40.213739942607674,0,0,,,,166.54693333333313,168.21240266666646,164.8814639999998,,-1.8713150474237716,-1.570597406725971,-2.7349163817795397,0,46.964769323126966,52.00479717341117,,,,,-1.4172656417692249,-0.47452736902496895,0.9427382727442559,-0.3820661244588191,46.964769323126966,,,,,,,,,14.642220307762594,36.993662104651975,-18.496831052325987,0
2025-08-07,215,215.39,200.8001,206.4,213.49849999999978,223.3685704658281,203.62842953417146,32.43407978755487,35.95488082390829,0,0,,,,166.96208888888867,168.63170977777756,165.2924679999998,,-3.41283991520549,-3.3248477155576217,-4.4249754579636535,0,43.09755027411726,51.107831575266815,,,,,-1.5255598587535517,-0.9642115506976836,0.561348308055868,-0.46683552608676904,43.09755027411726,,,,,,,,,14.190608823547763,36.987983753774245,-18.493991876887122,0
2025-08-08,205.79,206.4,191.33,191.73,212.54299999999975,226.2224138763492,198.8635861236503,22.210250167686624,30.8788806429105,0,0,,,,167.309022222222,168.98211244444423,165.6359319999998,,-9.09608135978951,-9.79237142601722,-10.802373889081018,0,32.793123823998584,49.607908358309565,,,,,-2.454787040865425,-2.5071354930259133,-0.052348452160488335,-0.6183615780406699,32.793123823998584,32.793123823998584,,32.793123823998584,,,,,,11.557564380656645,36.9787544906135,-18.48937724530675,0
2025-08-11,192.16,196.73,191.12,191.8,211.4569999999998,227.83601962879274,195.07798037120685,21.091719043208396,25.24534966614992,0,0,,,,167.65995555555534,169.3365551111109,165.9833559999998,,-7.889428895249462,-9.295979797310949,-10.341431794667223,0,32.87559540018209,48.4595034588718,,,,,-2.9035801561525423,-3.681823647351166,-0.7782434911986239,-0.7593876375214635,32.87559540018209,,,,,,,,,8.063707587191155,36.96588293952966,-18.48294146976483,0
2025-08-12,191.75,194,188,193.06,210.47049999999982,228.68352004062882,192.2574799593708,21.187600806592474,21.49652333916245,0,0,,,,168.02186666666645,169.70208533333312,166.3416479999998,,-6.125703838411367,-8.27218066189791,-9.318503139986555,0,34.43521405569605,47.39057668251046,,,,,-2.9451591627568625,-4.459692444644702,-1.5145332818878394,-0.8551571862200728,34.43521405569605,,,,,,,,,5.577820923673509,36.951161807225965,-18.475580903612983,0
2025-08-13,194.125,198.24,193,196.87,209.7169999999998,228.8482802499037,190.58571975009593,24.523132774888538,22.267484208229757,0,0,,,,168.4044888888887,170.08853377777757,166.72044399999982,,-3.170910450183728,-6.125874392633801,-7.251561354110548,0,39.047029944009935,46.39946608075995,,,,,-2.559876958643426,-4.714379480192122,-2.1545025215486957,-0.8895948733715131,39.047029944009935,,,,,,,,,6.479793214130447,36.93706247295851,-18.468531236479254,0
2025-08-14,195.94,197.5,193.705,194.9,208.8829999999998,229.04331259679142,188.7226874032082,25.1080716059073,23.606268395796054,0,0,,,,168.76395555555538,170.45159511111095,167.07631599999982,,-2.7721656016003626,-6.694178080552183,-7.854944424570132,0,37.57529485450235,44.89849433599166,,,,,-2.2902751665837267,-5.017346479778354,-2.727071313194627,-0.8876869232004403,37.57529485450235,,,,,,,,,7.017293173399153,36.9233761423444,-18.4616880711722,0
2025-08-15,195.25,200.34,194.8,199.08,207.99249999999984,228.2326480972925,187.75235190270718,29.804469027478582,26.478557802758093,0,0,,,,169.1586666666665,170.85025333333317,167.46707999999984,,-0.3917683613275158,-4.285010276812784,-5.545135077858365,0,42.525378083896314,43.850180328002764,,,,,-1.709613954274631,-4.864088756037916,-3.1544748017632847,-0.8441820686906754,42.525378083896314,,,,,,,,,8.097372900995861,36.9105872005169,-18.45529360025845,0
2025-08-18,197.47,198.64,196.11,198.24,207.1219999999998,227.46720346421756,186.776796535782,30.65629332283195,28.522944652072564,0,0,,,,169.5363555555554,171.23171911111095,167.84099199999983,,-0.30124874898789233,-4.288293855795033,-5.532073062058918,0,41.807910714599,42.742290259176684,,,,,-1.28089406016552,-4.755592376970185,-3.474698316804665,-0.7862742164488743,41.807910714599,,,,,,,,,8.34294928283504,36.89802630706417,-18.449013153532086,0
2025-08-19,199.39,199.95,191.3212,192.63,206.1409999999998,227.27916917333175,185.00283082666783,27.28728874019739,29.24935036350259,0,0,,,,169.89248888888872,171.5914137777776,168.19356399999984,,-2.4781673205923505,-6.554251701505187,-7.753088784599171,0,37.28371477232068,41.167310886614054,,,,,-1.2713730857358412,-5.063914673974466,-3.792541588238625,-0.7481296348185088,37.28371477232068,,,,,,,,,7.938771046506851,36.88512393135159,-18.442561965675797,0
2025-08-20,197.61,197.77,189.99,194.8,205.2529999999998,226.7274258130556,183.77857418694398,28.33158984066764,28.75839063456561,0,0,,,,170.25773333333316,171.9603106666665,168.55515599999984,,-0.5873917458956934,-5.092739204786179,-6.308617234468928,0,39.98889449988331,39.50311778780787,,,,,-1.0256978372046737,-5.074663884744467,-4.0489660475397935,-0.6832184870048804,39.98889449988331,,,,,,,,,7.153592594746011,36.871595331349376,-18.435797665674688,0
2025-08-21,192.81,195.29,191.24,194.68,204.23599999999982,225.69043115070548,182.78156884929416,28.784672659869436,28.134517080244773,0,0,,,,170.62302222222206,172.32925244444428,168.91679199999984,,-0.050826834515038666,-4.678900879374748,-6.0690666735287335,0,39.88643618062072,39.52851167792191,,,,,-0.7886890445165013,-5.03482735318542,-4.246138308668919,-0.6569612788673411,39.88643618062072,,,,,,,,,6.49584682465547,36.85759292394794,-18.42879646197397,0
2025-08-22,195.16,199.91,193.87,196.81,203.10099999999983,223.58293828719127,182.6190617128084,34.364958027130186,30.493740175889087,0,0,,,,170.9914222222221,172.7013364444443,169.2815079999999,,0.7798778208482515,-3.0974736707351624,-4.826612376747552,0,42.69314552813773,39.450474834821144,,,,,-0.42414928554715026,-4.776324915602856,-4.352175630055706,-0.5310748293035459,42.69314552813773,,,,,42.69314552813773,,42.69314552813773,,7.220087809013532,36.8441443028442,-18.4220721514221,0
2025-08-25,199,200.47,194.67,194.68,201.90149999999986,221.3811943251244,182.42180567487532,36.302015091860135,33.15054859295325,0,0,,,,171.34617777777765,173.05963955555544,169.63271599999987,,-0.4576249520644615,-3.576744105417673,-5.5698646216828624,0,40.64923435164707,39.40166370048131,,,,,-0.2696818899816247,-4.6892779925327375,-4.419596102551113,-0.43481547858533043,40.64923435164707,,,,,,,,,7.132544233589022,36.83064162541425,-18.415320812707126,0
2025-08-26,195.2,196.5,193.42,194.35,200.68099999999984,218.79351600414284,182.56848399585684,35.254865529177955,35.30727954938943,0,0,,,,171.72004444444428,173.43724488888873,170.00284399999984,,-0.691861178105746,-3.154758048843609,-5.448029255081954,0,40.32711262918379,38.927545365199656,,,,,-0.13949476369034386,-4.593964557164043,-4.454469793473699,-0.2075408033388087,40.32711262918379,,,,,,,,,6.9547091317754095,36.81701771375108,-18.40850885687554,0
2025-08-27,201.75,202.54,196.66,200.39,199.68649999999985,215.4122715550086,183.9607284449911,47.062426512020345,39.539769044352816,0,0,,,,172.1233333333332,173.84456666666654,170.40209999999985,,2.2105928918267903,0.35230223375146696,-2.326601569481257,0,48.38869290555092,39.30548412458778,,,,,0.3754857912244747,-3.9851125544431056,-4.36059834566758,0.4653692057354667,48.38869290555092,,,,,,,,,7.341646477731928,36.8037054089542,-18.4018527044771,0
2025-08-28,222,249.99,218.09,241,200.56149999999982,222.2912466851401,178.83175331485955,75.6065179764062,52.641270005868165,0,0,,,,172.7034666666665,174.43050133333315,170.97643199999982,,20.10006677763043,20.162643378714364,16.908568767463493,0,73.90985237696013,42.24239330694217,,,,,3.3099721109648366,-0.22313320696153482,-3.5331053179263714,0.5016446070839927,73.90985237696013,,,,,73.90985237696013,,73.90985237696013,,14.579733499075862,36.79864435666003,-18.399322178330014,0
2025-08-29,236.93,241.5,233.29,238.66,202.2434999999998,229.57825609915636,174.90874390084326,78.62802016451705,67.09898821764786,0,0,,,,173.25431111111095,174.98685422222206,171.52176799999984,,16.633434983188632,18.006264725442467,15.36732467624542,0,71.70946287612757,45.01624098379541,,,,,4.85861439164429,2.540162671628991,-2.3184517200152985,0.6211353555801042,71.70946287612757,,,,,,,,,21.282033392888223,36.80572047096719,-18.402860235483594,0
2025-09-02,234,235.2599,228.4,233.6,203.49949999999978,233.99123624115873,173.00776375884084,78.35392145411011,77.52948653167779,0,0,,,,173.7866666666665,175.52453333333315,172.04879999999983,,12.22136817832431,14.791436833997263,12.595677405672179,0,67.06022689204613,47.34659904353471,,,,,5.272796278958454,4.272543628682769,-1.000252650275685,0.6991504971405178,67.06022689204613,,,,,,,,,26.01981198120306,36.8239363996372,-18.4119681998186,0
2025-09-03,234.85,236.5,227.844,229.33,204.6774999999998,237.18299422790466,172.17200577209496,73.9373222198313,76.97308794615282,0,0,,,,174.30137777777762,176.0443915555554,172.55836399999984,,8.261341641882613,12.044557902065556,10.235021919142717,0,63.32885286810192,49.08101496668413,,,,,4.992606456044406,5.240505419779822,0.24789896373541653,0.7585567549136091,63.32885286810192,,,,,,,,,23.45822985913468,36.835740490792055,-18.417870245396028,0
2025-09-04,222.7,224.05,215.05,221.9,205.24549999999982,238.52861552424616,171.96238447575348,68.16791939947025,73.48638769113722,0,0,,,,174.75573333333318,176.50329066666652,173.00817599999985,,3.430595693110794,8.114428818171504,6.504161293728772,0,57.349190292850956,50.49343606942332,,,,,4.078842933206062,5.346452630242993,1.267609697036932,0.7591825657648037,57.349190292850956,,,,,,,,,20.099261649217482,36.84017476145852,-18.42008738072926,0
2025-09-05,223.92,226.5,221.19,225.58,206.20449999999983,240.65038304863646,171.7586169513632,68.13943005781525,70.0815572257056,0,0,,,,175.20813333333317,176.9602146666665,173.45605199999983,,3.6529890180581504,9.396254688913297,8.087819556557886,0,59.3942512969119,51.69835558463871,,,,,3.5155864203116147,5.662092722426451,2.146506302114836,0.7784216901702932,59.3942512969119,,,,,,,,,18.222695241894233,36.8409699010174,-18.4204849505087,0
2025-09-08,226.84,230.95,225.995,226.52,207.94399999999982,242.80166911312833,173.0863308868713,68.46827330710076,68.25854092146209,0,0,,,,175.66364444444432,177.42028088888875,173.90700799999988,,2.683124736515219,8.933174316162141,8.41683910255695,0,59.922867349589254,52.99228105856658,,,,,3.0186746165016936,5.919849572741953,2.901174956240259,0.7800183510102084,59.922867349589254,,,,,,,,,17.22052654055307,36.83995644666745,-18.419978223333725,0
2025-09-09,223,225.83,222.1,225.56,209.63199999999978,244.46874301653946,174.7952569834601,66.44525483315132,67.68431939935579,0,0,,,,176.11875555555542,177.87994311111098,174.35756799999987,,0.8364291493993647,7.598076629522321,7.838825036813213,0,59.07700564673137,54.54894469245307,,,,,2.4612615975792513,5.977751953214323,3.5164903556350717,0.7362708987540139,59.07700564673137,,,,,,,,,17.29009875200154,36.83903739601312,-18.41951869800656,0
2025-09-10,229.9,232.21,224.02,225.85,211.27149999999983,245.92009724433785,176.6229027556618,68.53773650881304,67.81708821635505,0,0,,,,176.5770222222221,178.3427924444443,174.81125199999988,,-0.43599204722295504,6.90036280331241,7.855606724599284,0,59.2640720679211,55.92574309017005,,,,,1.9693104673899935,5.978128439872563,4.00881797248257,0.6785515253068309,59.2640720679211,,,,,,,,,16.80304791151321,36.83726374822182,-18.41863187411091,0
2025-09-11,226.11,228.6599,223.411,224.53,212.6544999999998,247.1008562514296,178.20814374857002,65.24389878107064,66.74229670767835,0,0,,,,177.04648888888875,178.81695377777763,175.27602399999986,,-2.060169332571471,5.5844103933846645,7.152742648251897,0,57.965229216991204,57.217085449910805,,,,,1.4369435763542286,5.804997442925355,4.368053866571127,0.5847384777053474,57.965229216991204,,,,,,,,,15.969534463153366,36.834104426916966,-18.417052213458483,0
2025-09-12,224.5,224.815,220.81,221.15,213.9669999999998,247.5981029257204,180.33589707427922,56.32691899262146,63.36951809416839,0,0,,,,177.50035555555542,179.27535911111096,175.72535199999987,,-2.6919759931006926,3.3570597335103924,5.579169657108407,0,54.66171754489876,58.07198345110802,,,,,0.7724129489872249,5.3335700528051575,4.561157103817933,0.43614865233507466,54.66171754489876,,,,,,,,,14.844963267561036,36.82919731105458,-18.41459865552729,0
2025-09-15,222.015,228.54,222.015,225.79,215.30249999999984,248.5823580976598,182.02264190233987,60.319726813504715,60.6301815290656,0,0,,,,177.97257777777762,179.7523035555554,176.19285199999985,,-0.0845203800319938,4.8710535177251435,7.43923561544757,0,58.18484206594698,59.3245268592723,,,,,0.5699376241600822,5.273579134018036,4.703641509857953,0.2567630511476123,58.18484206594698,,,,,,,,,14.531641325084962,36.82381848842663,-18.411909244213316,0
2025-09-16,221.24,222.345,215.95,215.95,216.1879999999998,248.5341061644278,183.84189383557177,50.83483257702026,55.827159461048815,0,0,,,,178.40097777777763,180.1849875555554,176.61696799999984,,-3.686623612944695,-0.11008936666225821,2.6353936455882465,0,49.41514134735675,59.97367176771322,,,,,-0.257695072643509,4.381522669053567,4.639217741697076,-0.17968008287472476,49.41514134735675,49.41514134735675,,49.41514134735675,,,,,,12.809147813785822,36.816075518462156,-18.408037759231078,0
2025-09-17,217.2,219.01,214.3,217.96,217.45449999999977,247.94198298893306,186.96701701106647,46.67246299962749,52.60900746338416,0,0,,,,178.85635555555544,180.644919111111,177.06779199999988,,-2.294702773456969,0.23246242317369603,3.391025782927537,0,51.03850285614038,60.16294390704104,,,,,-0.6769517698901568,3.79302802933438,4.469979799224537,-0.8587970410878205,51.03850285614038,,,,,,,,,12.009402985264082,36.80733525537121,-18.403667627685603,0
2025-09-18,219.995,222.25,218.51,222.11,218.8199999999998,247.52048292277397,190.11951707722562,41.330250245558126,46.2791819407353,0,0,,,,179.33857777777766,181.13196355555544,177.54519199999987,,-0.44374719856569156,1.50351887396043,5.167213549434901,0,54.29951373227728,58.76220543242084,,,,,-0.6801554627272175,3.619785470815515,4.299940933542732,-0.79715572869527,54.29951373227728,,,,,,,,,11.122667637465597,36.79756609539116,-18.39878304769558,0
2025-09-19,223.31,231.94,222.5701,230.48,220.60999999999981,247.47158074277132,193.7484192572283,47.76900637483712,45.25723987334092,0,0,,,,179.85217777777768,181.65069955555546,178.0536559999999,,3.0815331633793575,4.4739585694212325,8.717152070993816,0,60.07518556354976,57.93118562437957,,,,,-0.15155649662270054,4.110495312764357,4.262051809387057,-0.46879286289314576,60.07518556354976,,,,,60.07518556354976,,60.07518556354976,,13.29376416839066,36.79044942244077,-18.395224711220386,0
2025-09-22,228.91,230.1299,225.3301,229.54,222.2464999999998,247.01529026114224,197.47770973885736,52.96650109534272,47.35525257191267,0,0,,,,180.3566222222221,182.16018844444432,178.55305599999986,,2.522644846622457,3.281716472475482,7.633874144237063,0,59.17075367176099,57.36765182293063,,,,,0.08885901987537359,4.373125584231275,4.284266564355901,-0.09895233119746505,59.17075367176099,,,,,,,,,14.980130215495953,36.785693986338565,-18.392846993169282,0
2025-09-23,230.16,231.492,222.88,223.54,223.68949999999978,244.9854202430998,202.39357975689975,52.86731832269439,51.20094193095809,0,0,,,,180.82866666666655,182.63695333333322,179.02037999999988,,-0.06705708793421916,-0.06683371369679003,4.302951688612233,0,53.62157864912518,56.67427509300372,,,,,-0.18707615203936534,4.050421374306694,4.2374975263460595,0.03632281806334105,53.62157864912518,,,,,,,,,14.961742654360231,36.78089886348775,-18.390449431743875,0
2025-09-24,226.8,228.06,221.12,222.57,225.10049999999978,241.64262619346292,208.55837380653665,52.053199815740314,52.629006411259155,0,0,,,,181.29168888888876,183.10460577777764,179.47877199999988,,-0.35458135224435416,-1.124164539838779,3.3758834503526014,0,52.76012423915779,56.34648466059708,,,,,-0.4507557210080888,3.6740528750859482,4.124808596094037,-0.08127375330735967,52.76012423915779,,,,,,,,,13.420814655989169,36.773928602499126,-18.386964301249563,0
2025-09-25,219.5,225.41,217.27,221.6,226.16099999999977,238.38688385354985,213.9351161464497,45.724926534017925,50.21514822415089,0,0,,,,181.7477333333332,183.56521066666653,179.93025599999987,,-0.6585406309258746,-2.016704913756029,2.5327818032073734,0,51.86283260368127,55.808526182509176,,,,,-0.6919038332989054,3.2599288044704053,3.9518326377693107,-0.10312303603615648,51.86283260368127,,,,,,,,,11.891031917078157,36.76503374501313,-18.382516872506564,0
2025-09-26,222.31,225.9709,220.295,224.64,225.3429999999998,235.50268719993232,215.18331280006726,44.85552483122949,47.54455039366258,0,0,,,,182.23582222222208,184.0581804444443,180.41346399999986,,0.5469568253229085,-0.31196886524089695,3.464793230081442,0,54.475929019609595,55.4194591589392,,,,,-0.6488024618235131,3.1408295604899195,3.7896320223134325,0.016030363019274855,54.475929019609595,,,,,,,,,11.90079936516478,36.756151092293756,-18.378075546146878,0
2025-09-29,226.94,230.33,224.07,225.25,224.67249999999981,232.79371881249378,216.55128118750585,47.67322184413692,46.08455773646145,0,0,,,,182.7236444444443,184.55088088888874,180.89640799999984,,0.8443616697408673,0.2570408038367722,3.3305860063703285,0,55.0037566192254,55.12851279983163,,,,,-0.5833966368926373,3.060386226197636,3.6437828630902733,0.1309762771341361,55.0037566192254,,,,,,,,,12.133172382261714,36.7475456137745,-18.37377280688725,0
2025-09-30,225.84,227.5,221.52,225.55,224.2699999999998,231.3070533606337,217.23294663936593,49.494638011238216,47.34112822886822,0,0,,,,183.22057777777763,185.0527835555554,181.38837199999986,,0.5465309106470695,0.5707406251394209,3.037916857012335,0,55.27838447762338,54.84382082909608,,,,,-0.5258932909048046,2.9864162494592676,3.5123095403640723,0.2674609146694686,55.27838447762338,,,,,,,,,12.513142549340891,36.73940253984602,-18.36970126992301,0
2025-10-01,223.88,231.86,222.64,230.55,224.33099999999976,231.56095131384,217.10104868615952,63.454916450942164,53.54092543543911,0,0,,,,183.72746666666652,185.5647413333332,181.89019199999984,,2.2018503167348547,2.7722428019311796,4.717392489235306,0,59.693818706297016,54.967291506903635,,,,,-0.1752158489082154,3.2932897292288033,3.4685055781370187,0.46196711751369435,59.693818706297016,,,,,,,,,13.176312672607663,36.732096985245306,-18.366048492622653,0
2025-10-02,235,241.1169,234.0101,240.54,225.26299999999978,235.27110091877933,215.25489908122023,78.91174750329365,63.95376732182469,0,0,,,,184.25688888888874,186.09945777777762,182.41431999999986,,5.766271226684694,6.78185054802618,8.503516944182987,0,66.75614103076421,55.83117889875117,,,,,0.659683840576458,4.293110378857591,3.633426538281133,0.5875429423794681,66.75614103076421,,,,,66.75614103076421,,66.75614103076421,,15.32502786979248,36.727789600206734,-18.363894800103367,0
2025-10-03,242.5,242.5,233.24,235.09,225.7384999999998,236.62663900537876,214.85036099462081,76.14299553989564,72.8365531647105,0,0,,,,184.75266666666653,186.60019333333318,182.90513999999988,,3.160777051784436,4.142625205713779,5.404666219304244,0,60.52553598637693,55.99837132163902,,,,,0.7674695502560058,4.59276347610114,3.8252939258451346,0.7227712515708395,60.52553598637693,,,,,,,,,16.459355573214424,36.72522818111171,-18.362614090555855,0
2025-10-06,240.36,245.7589,239.5,242.52,226.5384999999998,239.6607395573478,213.4162604426518,82.69104831370059,79.2485971189633,0,0,,,,185.2932444444443,187.14617688888873,183.44031199999986,,5.818443615419855,7.054650754728331,7.998183108250556,0,65.2828330536822,57.13177787209084,,,,,1.234086290546835,5.367901789028679,4.133815498481844,0.7361377434968742,65.2828330536822,,,,,,,,,17.83035371840892,36.72493387133501,-18.362466935667506,0
2025-10-07,243.28,244.15,231.07,234.81,227.0009999999998,240.596204889976,213.4057951100236,76.50886758848233,78.44763714735952,0,0,,,,185.78795555555538,187.64583511111093,183.93007599999984,,1.9530028830455848,3.440072951220574,3.945603527271291,0,57.53427451186846,57.5957615617857,,,,,0.932138386053345,5.298988481048525,4.36685009499518,0.6966826909556996,57.53427451186846,,,,,,,,,16.22395403903298,36.721956220520454,-18.360978110260227,0
2025-10-08,239.04,251.81,237.05,250.21,228.21899999999977,245.14123614066642,211.2967638593331,82.06860439036853,80.42284009751715,0,0,,,,186.34239999999986,188.20582399999986,184.47897599999985,,7.351250235974494,9.635919883971212,9.857349215618294,0,66.17120588082099,58.44373957239596,,,,,1.6369993387714707,6.4130992684595185,4.776099929688048,0.7396550810103546,66.17120588082099,,,,,,,,,17.942394135011302,36.721806810992994,-18.360903405496497,0
2025-10-09,249.965,253.6,245.27,250.67,229.52599999999978,248.9583651674327,210.09363483256686,84.17466148121737,80.91737782002275,0,0,,,,186.8754666666665,188.74422133333317,185.00671199999985,,6.22375340596566,9.212028266950245,9.255344650990494,0,66.3910916490484,58.89487572136015,,,,,1.9787916521321307,7.249589494853211,5.27079784272108,0.8551557656113347,66.3910916490484,,,,,,,,,18.51718542519772,36.72264277851826,-18.36132138925913,0
2025-10-10,253,255.39,241.12,242.17,230.57699999999977,250.35428707382582,210.79971292617373,75.85475310505731,80.69933965888107,0,0,,,,187.3772444444443,189.25101688888876,185.50347199999985,,1.8650940539085115,5.027821508650132,5.532652936716165,0,58.78714980999154,58.867475445519474,,,,,1.498785924050674,7.1442802477844225,5.6454943237337485,0.9023086661529375,58.78714980999154,,,,,,,,,19.093215370556106,36.72449251687467,-18.362246258437334,0
2025-10-13,246.19,248.43,243.2701,247.27,231.65099999999978,252.57169205357408,210.73030794642548,78.43909324443457,79.48950261023641,0,0,,,,187.91639999999984,189.79556399999984,186.03723599999984,,3.055789412264831,6.742470354110375,7.620527417620959,0,61.626970980917605,59.43928918350465,,,,,1.3933599895310138,7.387194310647516,5.993834321116502,0.9117766372308038,61.626970980917605,,,,,,,,,18.134367511770765,36.72458953174261,-18.362294765871304,0
2025-10-14,244.04,244.36,238,240.83,232.89499999999975,252.87077883339091,212.9192211666086,71.5942801313162,75.29604216026938,0,0,,,,188.42039999999983,190.30460399999984,186.53619599999982,,-0.2633911192466254,3.407114794220689,4.707785149694388,0,56.347022458339076,59.69549619916046,,,,,0.7886084247752532,6.979594852085569,6.190986427310316,0.8558795015028468,56.347022458339076,,,,,,,,,16.23199518316287,36.72151260997467,-18.360756304987333,0
2025-10-15,243.89,244.3258,240.11,240.86,234.03999999999974,253.0627505897695,215.01724941022997,65.57051133851371,71.8679615714215,0,0,,,,188.9120444444443,190.80116488888874,187.02292399999985,,-0.6750598976482447,2.914031789437832,4.546131932015696,0,56.36577698828707,60.01713508377515,,,,,0.3136941916427123,6.583104166863706,6.269409975220993,0.7734070034231598,56.36577698828707,,,,,,,,,15.75256008160884,36.717680828634776,-18.358840414317388,0
2025-10-16,246,251.74,237.01,240.06,234.93749999999972,253.306662065826,216.56833793417343,60.46424944862197,65.8763469728173,0,0,,,,189.40511111111093,191.29916222222204,187.51105999999982,,-0.9853618699190658,2.180367118914739,3.925827050037922,0,55.67881030588473,60.10305517565195,,,,,-0.10862836202137327,6.1336245226942765,6.24225288471565,0.6597113543613011,55.67881030588473,55.67881030588473,,55.67881030588473,,,,,,14.317551221012797,36.71176013050159,-18.355880065250794,0
2025-10-17,236.79,241.11,236,240.74,235.45049999999975,253.86607435977822,217.03492564022127,55.23726472482429,60.42400850398667,0,0,,,,189.71351111111093,191.61064622222204,187.81637599999982,,-0.9357485576962921,2.2465443904346127,3.992708328833694,0,56.1678193182488,60.18620251129648,,,,,-0.3811508952863356,5.76581426560773,6.146965160894066,0.5156692280069627,56.1678193182488,,,,,,,,,14.03626001286837,36.705448212349715,-18.352724106174858,0
2025-10-20,243.77,246.65,241.02,245.67,236.2569999999997,254.9768409181452,217.53715908185418,59.336847537509115,58.346120570318476,0,0,,,,190.0611999999998,191.96181199999978,188.1605879999998,,0.9620719273082612,3.98422057335881,5.83050691694218,0,59.64424994421751,60.498050044624634,,,,,-0.27340180514354095,5.805212904464639,6.07861470960818,0.39468343925802923,59.64424994421751,,,,,,,,,14.497919825205882,36.69976125081579,-18.349880625407895,0
2025-10-21,246,249.1,242.55,247.52,237.45599999999968,255.83285109045315,219.0791489095462,63.844358751312924,59.47282367121545,0,0,,,,190.39942222222203,192.30341644444425,188.4954279999998,,1.1937857726900925,4.2382588774342755,6.292280869508016,0,60.897546903064686,60.58403063010804,,,,,-0.128889480427544,5.91750285907375,6.046392339501294,0.2923643722684256,60.897546903064686,,,,,,,,,15.422471623905233,36.69538920994631,-18.347694604973157,0
2025-10-22,245.97,249.28,238.26,241.67,238.4109999999997,255.5368143164249,221.28518568357447,55.79959471430871,59.66026700104359,0,0,,,,190.71226666666644,192.6193893333331,188.80514399999979,,-0.851706284410847,1.3669671281947071,3.5456394319207885,0,55.073073123774265,59.74952577960875,,,,,-0.46001249355865514,5.471376722552975,5.93138921611163,0.20384923771615518,55.073073123774265,55.073073123774265,,55.073073123774265,,,,,,15.258383364181137,36.69076385037474,-18.34538192518737,0
2025-10-23,243.6,253.09,243.35,252.99,239.98049999999972,256.3947529224015,223.56624707759795,65.50074590557927,61.714899790400295,0,0,,,,191.06466666666645,192.97531333333313,189.15401999999978,,3.693775668297916,5.421065461568886,7.956986188356163,0,62.539398132555874,59.893373075764394,,,,,0.024901242911661292,5.962515769751207,5.937614526839545,0.22524442790341706,62.539398132555874,,,,,,,,,16.03403675172912,36.68728343003965,-18.343641715019825,0
2025-10-24,256.77,259.75,252.6973,257.94,241.6454999999997,258.25216549914853,225.0388345008509,76.6570974377086,65.98581268586553,0,0,,,,191.43417777777756,193.34851955555533,189.5198359999998,,5.04367656940401,6.743142330397345,9.496270742271573,0,65.25830677197513,59.8916211984996,,,,,0.5892957519373176,6.674234216761192,6.084938464823875,0.412392863261589,65.25830677197513,,,,,,,,,17.23527996645112,36.68568786978192,-18.34284393489096,0
2025-10-27,263.15,267.8,261.86,265.97,243.68149999999974,261.67521920978476,225.68778079021476,82.91364348822566,75.02382894383784,0,0,,,,191.8499555555553,193.76845511111085,189.93145599999977,,7.495200565828042,9.146570420815813,12.26673532875493,0,69.16779155515403,60.722586701591425,,,,,1.369136056958851,7.796358536022439,6.4272224790635875,0.47303051680455516,69.16779155515403,,,,,,,,,20.62330162987449,36.6901524051818,-18.3450762025909,0
2025-10-28,266.11,270.94,264.5,267.05,245.75649999999973,264.46528218913807,227.0477178108614,83.83333053029402,81.13469048540942,0,0,,,,192.25488888888864,194.17743777777753,190.33233999999976,,6.799921614736459,8.664470726105034,11.917936625237303,0,69.66226681461163,60.971948196862186,,,,,1.796479794063396,8.672822221642832,6.876342427579436,0.6841998077171377,69.66226681461163,,,,,,,,,22.45852652222764,36.698311811186635,-18.349155905593317,0
2025-10-29,268.3,272.39,264.2,269.7,247.71399999999971,267.7914006285836,227.63659937141585,86.86863933864875,84.5385377857228,0,0,,,,192.624622222222,194.55086844444423,190.69837599999977,,6.6298713878488735,8.875558103296655,12.217428028143807,0,70.89566802665661,61.29370365240563,,,,,2.0765826378923933,9.472070724944928,7.395488087052534,0.8419756753141937,70.89566802665661,,,,,,,,,23.943166762418056,36.709663080827234,-18.354831540413617,0
2025-10-30,263.59,273.29,261.3152,271.18,249.24599999999973,271.4620144040437,227.02998559595576,88.55131906811052,86.41776297901777,0,0,,,,193.0162666666664,194.94642933333307,191.08610399999975,,5.911897610948191,8.800141225937551,12.070509341275471,0,71.5903525330064,62.20821813262098,,,,,2.1703146698769675,10.108381424398743,7.938066754521776,0.8853306529607045,71.5903525330064,,,,,,,,,24.36616823315642,36.72190613784194,-18.36095306892097,0
2025-10-31,274.94,275.48,265.69,274.88,251.23549999999972,275.0904948438619,227.38050515613756,90.6243271586293,88.68142852179619,0,0,,,,193.42177777777755,195.35599555555532,191.48755999999977,,5.944337597366833,9.411289407747025,12.90901174492507,0,73.30577831208247,63.042418656275615,,,,,2.279048127131656,10.786876913436345,8.507828786304689,0.9504060983631396,73.30577831208247,,,,,,,,,25.133809048583704,36.73585999175,-18.367929995875,0
2025-11-03,277.73,280.67,273.61,277.14,252.9664999999997,278.96826861293556,226.96473138706386,91.82540618579696,90.33368413751225,0,0,,,,193.8501333333331,195.78863466666644,191.91163199999977,,5.535330764192503,9.556008404274996,13.100209762242244,0,74.32554025403846,64.32659849882558,,,,,2.2943923520337854,11.37581922634692,9.081426874313134,0.9665901564113248,74.32554025403846,,,,,74.32554025403846,,74.32554025403846,,25.848624124646594,36.751440809005636,-18.375720404502818,0
2025-11-04,270.4,276.96,262.61,265.42,254.4969999999997,279.63280084263664,229.3611991573628,79.93847910660043,87.46273748367555,0,1,,,,194.2673333333331,196.21000666666646,192.32465999999977,,0.388057217637372,4.2919955834451295,7.703711318452688,0,61.25665187586756,64.67594670508132,,,,,1.3529973212737811,10.772673525905361,9.41967620463158,0.9257561611384301,61.25665187586756,,,,,,,,,24.597100618202173,36.76398292605468,-18.38199146302734,0
2025-11-05,264.43,268.38,262.77,264.79,255.22599999999971,280.66605141505545,229.78594858494395,71.75840614604802,81.17409714614845,0,0,,,,194.6799111111109,196.62671022222202,192.73311199999978,,-0.7183940368795327,3.747267127957299,6.837940198620607,0,60.63941312368625,65.03027547778143,,,,,0.5659402804377045,10.127101555178712,9.561161274741007,0.8586121320613299,60.63941312368625,,,,,,,,,22.774202265673807,36.77242140040487,-18.386210700202437,0
2025-11-06,268.25,274.35,261.01,264.72,255.92849999999967,281.60140343924405,230.25559656075527,65.65252282330754,72.44980269198531,0,0,,,,195.10088888888868,197.05189777777755,193.1498799999998,,-1.1792637720761778,3.4351391111190788,6.193838254172013,0,60.566387752120136,65.34445893734366,,,,,-0.04867386834623311,9.500318939308215,9.548992807654448,0.7666995737587068,60.566387752120136,,,,,,,,,20.61230110909246,36.776433382855956,-18.388216691427978,0
2025-11-07,260,264.72,254.49,262.86,256.9629999999996,281.9943220585896,231.93167794140965,57.48903405555906,64.96665434163819,0,0,,,,195.52395555555532,197.47919511111087,193.56871599999977,,-2.053500564517019,2.2948829208875976,4.911516080365885,0,58.548782310218776,65.2662112492009,,,,,-0.6371077445268085,8.752608126995938,9.389715871522746,0.6340438334046088,58.548782310218776,58.548782310218776,,58.548782310218776,,,,,,19.979579204692428,36.7792101326497,-18.38960506632485,0
2025-11-10,268.5,273.0025,267.5759,268.51,258.02499999999964,283.1234362062831,232.9265637937162,60.694217581495835,61.278591486787455,0,0,,,,195.9507999999998,197.9103079999998,193.9912919999998,,-0.0428106095858416,4.063559732584188,6.553278623470193,0,62.62202700795454,65.38938839955017,,,,,-0.6975629042114342,8.517762241258453,9.215325145469887,0.5366929878038137,62.62202700795454,,,,,,,,,20.273011766310805,36.78249836570972,-18.39124918285486,0
2025-11-11,266.37,273.35,266.01,271.26,259.54649999999964,283.97130483035204,235.12169516964724,62.27956402665741,60.15427188790408,0,0,,,,196.3972444444442,198.36121688888863,194.43327199999976,,0.8229076068776653,4.513064133016775,6.99761622701196,0,64.452972547808,66.05938121555258,,,,,-0.6074034117858993,8.456070880737514,9.063474292523413,0.3930026458578717,64.452972547808,,,,,,,,,21.00540448181901,36.78714871423005,-18.393574357115025,0
2025-11-12,274.29,275.87,266.86,269.82,260.9944999999997,284.22069596491923,237.76830403508012,61.045714183404996,61.33983193051938,0,0,,,,196.873822222222,198.84256044444422,194.9050839999998,,0.28321031153133447,3.3814888819497346,5.882906946628164,0,62.72043279209185,66.0723122626623,,,,,-0.6935794990383126,8.196499918725522,8.890079417763834,0.19246511481031625,62.72043279209185,,,,,,,,,21.785629935394194,36.79329972425245,-18.396649862126225,0
2025-11-13,262.16,266.23,255.011,256.92,261.8374999999997,283.1044517091831,240.57054829081633,50.620971270573364,57.98208316021189,0,0,,,,197.28586666666644,199.2587253333331,195.31300799999977,,-4.002510910503954,-1.8780732324436666,0.6051239747090431,0,49.80461886186517,64.96847741194016,,,,,-1.6155314379273857,6.870665120354602,8.486196558281987,-0.3413684141803124,49.80461886186517,,,,,,,,,19.799970173290312,36.79559073642268,-18.39779536821134,0
2025-11-14,247.41,259.664,243.21,257.02,262.6514999999996,281.7631093252488,243.53989067475038,40.83904202357239,50.83524249251689,0,0,,,,197.68911111111086,199.66600222222198,195.71221999999975,,-3.319967199055096,-2.144095883708874,0.3570140970458491,0,49.89076295367015,63.591546797548446,,,,,-2.179689492298415,5.7615846929089685,7.941274185207384,-0.5628231124725209,49.89076295367015,,,,,,,,,17.431542001357506,36.793786401160695,-18.396893200580347,0
2025-11-17,258.88,260.5,250.485,252.79,263.0074999999996,281.07742625886885,244.93757374113036,35.12642352895604,42.195478941033905,0,0,,,,198.09511111111087,200.07606222222196,196.11415999999977,,-4.032101924369147,-3.884870203321056,-1.4264100324432594,0,46.27319824130956,61.92089904231259,,,,,-2.7613777051075603,4.489552053822933,7.250929758930494,-0.7193769648219223,46.27319824130956,46.27319824130956,,46.27319824130956,,,,,,14.677090701618946,36.7878993906597,-18.39394969532985,0
2025-11-18,250.8,256.8699,248.02,254.51,263.35699999999963,280.45970750498,246.25429249501929,33.664185560602085,36.54321703771014,0,0,,,,198.5015555555553,200.48657111111086,196.51653999999976,,-2.9772796584324523,-3.359318339744022,-1.0091869199833292,0,47.926623858077,60.28025303027119,,,,,-2.937551586226105,3.578990276147863,6.516541862373968,-0.7862807556796736,47.926623858077,,,,,,,,,14.114421410704102,36.78126255649333,-18.390631278246666,0
2025-11-19,252.89,256.45,250.785,252.98,263.9224999999996,278.7108290131426,249.13417098685665,30.83422607917676,33.20827838957826,0,0,,,,198.8993333333331,200.88832666666642,196.91033999999976,,-3.124389692845575,-4.146103496291387,-1.6395992177202778,0,46.55416331951159,58.49195380073585,,,,,-3.0510337475341185,2.7027496779563194,5.753783425490438,-0.8211221439947783,46.55416331951159,,,,,,,,,13.227828559902584,36.773512084093966,-18.386756042046983,0
2025-11-20,258.6,262.25,244.38,244.66,263.5059999999996,279.8860383394245,247.12596166057466,23.965027684488337,29.487813108089032,0,0,,,,199.28159999999974,201.27441599999975,197.28878399999974,,-5.585162831441748,-7.152019308858093,-4.800321664353624,0,39.8681703736697,56.103553233706364,,,,,-3.545641045239835,1.3217321189406448,4.86737316418048,-0.8316498967092717,39.8681703736697,,,,,,,,,11.636610249342901,36.76395552501149,-18.381977762505745,0
2025-11-21,245.64,246.37,228.58,234.03,262.3104999999996,283.0507897520974,241.5702102479018,17.117940715195733,23.972398159620244,0,0,,,,199.63297777777754,201.62930755555533,197.63664799999975,,-8.671219512195105,-10.781306886304453,-8.840317018447742,0,33.28986482732998,53.172433560370045,,,,,-4.392539633240462,-0.6233013773700975,3.769238255870364,-0.8190449244965766,33.28986482732998,33.28986482732998,,33.28986482732998,,,,,,8.193471543900447,36.75130427459344,-18.37565213729672,0
2025-11-24,237.7,244.09,236.05,241.99,261.11149999999964,283.5684670926604,238.65453290733888,21.362706404968076,20.81522493488402,1,0,,,,200.02222222222198,202.0224444444442,198.02199999999976,,-4.577323165009172,-7.323116752804704,-5.675061846454477,0,41.12399137915566,51.734386382033485,,,,,-4.219469896850979,-1.5050991151933601,2.7143707816576192,-0.8629199561902501,41.12399137915566,,,,,,,,,6.22949975573005,36.737390309090195,-18.368695154545097,0
2025-11-25,241.66,250.99,237.93,250.32,260.2749999999996,283.02922114687686,237.5207788531223,29.883283153688367,22.7879767579507,0,0,,,,200.4347111111109,202.439058222222,198.43036399999977,,-0.47076786055089137,-3.824800691576069,-2.548283992800404,0,48.00534785502229,50.83195314855748,,,,,-3.382946815351157,-1.514312737531327,1.8686340778198298,-0.8450193440665535,48.00534785502229,,,,,,,,,6.845357799234287,36.723852784622665,-18.361926392311332,0
2025-11-26,250,250.72,247.69,248.66,259.2229999999996,282.082205673009,236.36379432699022,33.7616912159884,28.335893591548256,0,0,,,,200.81888888888864,202.82707777777753,198.81069999999974,,-0.29191460695779936,-4.074869899661538,-3.2924238083323787,0,46.8306830459451,49.85083138383069,,,,,-2.8042639940309377,-1.6366959147188425,1.1675680793120953,-0.8244254045849368,46.8306830459451,,,,,,,,,8.835464812148615,36.71173379076506,-18.35586689538253,0
2025-11-28,249.65,254,248.845,251.24,258.2259999999996,280.64739460428217,235.80460539571706,38.49395888440679,34.046311084694494,0,0,,,,201.21071111111087,203.22281822222197,199.19860399999976,,0.9725906277630703,-2.7053821071463036,-2.4304364429543424,0,48.922623048799665,49.16324857944362,,,,,-2.1405475828434346,-1.5081163992421978,0.6324311836012366,-0.7758710590478941,48.922623048799665,,,,,,,,,10.045980117098244,36.70065686298944,-18.35032843149472,0
2025-12-01,249.09,253.22,246.011,252,257.0819999999996,278.28967464860233,235.8743253513969,41.02529677981978,37.7603156267383,0,0,,,,201.62475555555528,203.64100311111085,199.60850799999972,,1.4827761177200527,-1.9768011762782312,-2.2777303098028723,0,49.55228609169461,48.229695656853615,,,,,-1.5695962831338952,-1.3295641703161323,0.24003211281776282,-0.6614413900850871,49.55228609169461,,,,,,,,,10.141076993186253,36.68967441079986,-18.34483720539993,0
2025-12-02,261.05,268.21,258.325,259.68,256.2089999999996,275.3819548062084,237.03604519379084,50.444026501624094,43.32109405528353,0,0,,,,202.06319999999974,204.08383199999975,200.04256799999973,,4.286224885244194,1.3547533459013605,0.5184368959848751,0,55.519620939990524,47.59159911343808,,,,,-0.6415229076787834,-0.5618715217807164,0.07965138589806697,-0.36118546116112005,55.519620939990524,,,,,,,,,11.567477721186181,36.6800970128662,-18.3400485064331,0
2025-12-03,262.58,267.974,256.79,265,256.1879999999996,275.321433147267,237.0545668527322,59.08638112794435,50.18523480312939,0,0,,,,202.51893333333308,204.54412266666642,200.49374399999974,,5.976261317464915,3.439661498587143,2.3468980521904825,0,59.12637988605047,47.33488104872084,,,,,0.31258900020312164,0.470387636151969,0.15779863594884738,0.12825077242615476,59.12637988605047,,,,,59.12637988605047,,59.12637988605047,,13.281097657265677,36.67244719646965,-18.336223598234824,0
2025-12-04,244,244.1399,234.0301,234.77,254.6869999999996,275.52023124243823,233.853768757561,46.06014317249125,51.86351693401988,0,0,,,,202.84044444444422,204.86884888888866,200.81203999999977,,-5.424295526416478,-7.820187131655576,-9.247757963096603,0,39.51760525741217,46.60009436268848,,,,,-1.0364251693261255,-1.1377328257088095,-0.10130765638268405,-0.03173163515739946,39.51760525741217,,,,,,,,,10.482895342973986,36.66179825233738,-18.33089912616869,0
2025-12-05,233.59,234,225.6,228.79,252.89049999999966,276.0230004917492,229.7579995082501,35.312984838046056,46.819836379493864,0,0,,,,203.131022222222,205.16233244444422,201.09971199999976,,-7.2402776426324085,-9.530013978381835,-11.282734017527074,0,36.90989297957596,45.6728893645389,,,,,-2.208336023116456,-2.861727685278254,-0.653391662161798,-0.18139138882625505,36.90989297957596,,,,,,,,,5.760494175242369,36.64773665395109,-18.323868326975546,0
2025-12-08,228.64,231.5,224.42,225.31,251.01299999999964,276.57216986134,225.45383013865927,29.6644807256843,37.01253624540718,0,0,,,,203.39591111111085,205.42987022222195,201.36195199999975,,-8.327094590195927,-10.239708700346062,-12.262119400776495,0,35.44408991291115,44.89938162679615,,,,,-3.0432310421751683,-4.457430464880758,-1.41419942270559,-0.33238349839153924,35.44408991291115,,,,,,,,,-0.08614084683714889,36.63230151339007,-18.316150756695034,0
2025-12-09,223.01,225.31,220.1,222.6,248.71749999999966,275.78084412079795,221.6541558792014,24.331089334903616,29.769518299544632,0,0,,,,203.64017777777752,205.6765795555553,201.60377599999975,,-8.709506760663855,-10.500869460331385,-12.826671540088252,0,34.30167745813861,43.9261711696577,,,,,-3.5670487483410875,-5.87301035813195,-2.305961609790862,-0.4255321630858105,34.30167745813861,,,,,,,,,-1.8816935987364822,36.617089607035226,-18.308544803517613,0
2025-12-10,220.26,221.85,216,216.55,245.98199999999966,274.40398979664815,217.56001020335117,19.550750776609235,24.5154402790657,0,0,,,,203.8435555555553,205.88199111111086,201.80511999999973,,-9.943441736671355,-11.96510313762783,-14.63318484645405,0,31.834776719784173,42.874786412534306,,,,,-4.07345080314363,-7.3977751137203995,-3.3243243105767695,-0.5155213634352138,31.834776719784173,31.834776719784173,,31.834776719784173,,,,,,-3.6696710117420905,36.602393340555786,-18.301196670277893,0
2025-12-11,215,221.66,214.9,220.51,243.51649999999964,271.7938628721059,215.2391371278934,20.396772534308262,21.426204215273685,0,0,,,,204.0523555555553,206.09287911111085,202.01183199999974,,-7.210334742998981,-9.44761443269745,-12.506563363404677,0,35.12365056437156,42.53589214044158,,,,,-3.894291599396821,-8.192188809822795,-4.297897210425974,-0.6115649935887899,35.12365056437156,,,,,,,,,-4.3809012302558425,36.587993562156505,-18.293996781078253,0
2025-12-12,220,222.44,215.21,217.93,241.56699999999964,271.22184924933566,211.91215075066359,18.533198600952847,19.49357397062343,0,0,,,,204.23208888888863,206.27440977777752,202.18976799999973,,-6.992326536186444,-9.78486299867104,-12.916940831097845,0,33.973553406111165,42.584727038925955,,,,,-3.7033193449051947,-8.927046391557468,-5.223727046652273,-0.7754539231260835,33.973553406111165,,,,,,,,,-5.072691611951066,36.57392605654069,-18.286963028270346,0
2025-12-15,216.92,217.63,211.91,215.28,239.47999999999965,270.34146529251,208.6185347074893,16.400505048882522,18.443492061381193,0,0,,,,204.41137777777755,206.4554915555553,202.36726399999978,,-6.660538843749142,-10.105227993986842,-13.287486942908632,0,32.78605008770708,41.98915980382248,,,,,-3.510980602786388,-9.612452800135259,-6.101472197348871,-0.8563379562629848,32.78605008770708,,,,,,,,,-5.26919600685212,36.55997205294104,-18.27998602647052,0
2025-12-16,212.45,221.38,212.45,220.6,237.87049999999962,269.1423361949022,206.598663805097,21.427871835125725,18.787191828320346,1,0,,,,204.6179555555553,206.66413511111088,202.57177599999974,,-2.705372815722329,-7.260463151168239,-10.464965257484259,0,37.50847865829518,41.23938343262769,,,,,-2.811239071763815,-9.61552103705364,-6.8042819652898245,-0.8547558853658989,37.50847865829518,,,,,,,,,-5.258103351217785,36.546028208443396,-18.273014104221698,0
2025-12-17,220.08,224.75,216.25,216.29,235.95949999999965,267.59949145070607,204.3195085492932,20.787318974593592,19.538565286200594,0,0,,,,204.79915555555533,206.8471471111109,202.75116399999976,,-2.511910503328596,-8.33596443457445,-11.626868090635345,0,35.342032863555005,40.41876556245696,,,,,-2.4383056300705395,-9.852164002877998,-7.413858372807459,-0.8592271842161183,35.342032863555005,,,,,,,,,-5.498229098737823,36.532223453836295,-18.266111726918147,0
2025-12-18,217.15,223.6,216.79,221.31,234.37599999999966,265.6176589828502,203.13434101714915,25.30871208959273,22.507967633104,0,0,,,,204.94711111111087,206.99658222222197,202.89763999999977,,0.35960946321602627,-5.574802880840901,-9.037102800281149,0,39.70995713999907,39.76071799754264,,,,,-1.688782759532633,-9.52483682222325,-7.836054062690617,-0.8131299446129868,39.70995713999907,,,,,,,,,-4.639742170174928,36.51801795383564,-18.25900897691782,0
2025-12-19,221.43,224,218.34,222.46,233.26599999999968,264.5447297696163,201.98727023038305,28.539400694222174,24.878477252802814,0,0,,,,205.123022222222,207.17425244444422,203.0717919999998,,1.1715268050426886,-4.632479658415578,-8.031943114246932,0,40.69828069457266,39.12828904060536,,,,,-0.9856374396057088,-9.068100862197753,-8.082463422592044,-0.7347963667515721,40.69828069457266,,,,,,,,,-4.386280663463267,36.50371907345585,-18.251859536727924,0
2025-12-22,223.34,226.86,221.74,226.84,232.90649999999968,264.30688106457745,201.5061189354219,32.72481169349363,28.85764149243616,0,0,,,,205.3343555555553,207.38769911111086,203.28101199999975,,3.091752750673793,-2.604693299671623,-5.753376090451945,0,44.43439821880859,38.3364874176638,,,,,-0.14004318825254636,-8.257517407907727,-8.11747421965518,-0.5672293875787054,44.43439821880859,,,,,44.43439821880859,,44.43439821880859,,-2.8755332931201694,36.48890510913477,-18.244452554567385,0
2025-12-23,224.3,226.175,219.7,225.1,232.06199999999967,263.3480592596876,200.77594074031174,35.39082252336217,32.218344970359304,0,0,,,,205.52808888888868,207.58336977777756,203.4728079999998,,2.1848770013664476,-3.000060328705123,-5.910645068703479,0,43.268175106654105,37.20375850484976,,,,,0.3602629298797648,-7.667145557305474,-8.02740848718524,-0.3156694238127707,43.268175106654105,,,,,,,,,-2.3388288322829056,36.473970692050344,-18.236985346025172,0
2025-12-24,223.91,224.575,219.54,221.93,230.64249999999964,261.0500345103925,200.2349654896068,36.29024038754685,34.80195820146753,0,0,,,,205.7031555555553,207.76018711111087,203.64612399999973,,0.5003962413676399,-3.777491138883615,-6.593676389506564,0,41.14923442954682,37.320303445716526,,,,,0.5258418906726874,-7.37010612384438,-7.895948014517067,-0.017038530712418187,41.14923442954682,,,,,,,,,-2.4331687597362106,36.45907698792945,-18.229538493964725,0
2025-12-26,222.18,224.1,221.1,223.88,229.40349999999967,258.77521923808115,200.03178076191816,39.575174936934424,37.085412615947796,0,0,,,,205.85768888888865,207.91626577777754,203.79911199999975,,1.2289633843065806,-2.4077662285011736,-5.161713934721368,0,42.99848866774822,37.75520313772883,,,,,0.798488369967612,-6.897837552057553,-7.6963259220251645,0.33741946914049986,42.99848866774822,,,,,,,,,-2.876286527763901,36.4443174657708,-18.2221587328854,0
2025-12-29,222.99,225.4883,222.2,222.9,227.9864999999997,255.6949624438208,200.2780375561786,40.62225585488258,38.82922372645461,0,0,,,,206.00866666666641,208.0687533333331,203.94857999999974,,0.5598689879499963,-2.2310531544629586,-5.121078103783649,0,42.279453684712614,38.24344340714322,,,,,0.9351444451469755,-6.527395365591445,-7.462539810738421,0.5786098535418696,42.279453684712614,,,,,,,,,-3.208624474473218,36.42967446097077,-18.214837230485386,0
2025-12-30,222.5,224.16,221.91,222.05,226.48899999999966,251.99405118600384,200.98394881399548,44.42199003195532,41.53980694125742,0,0,,,,206.16724444444418,208.22891688888862,204.10557199999974,,-0.12863413932062695,-1.9599185832423038,-5.011578563117414,0,41.629215322985935,38.76683896891802,,,,,0.9855655452698224,-6.230582879151143,-7.2161484244209655,0.6818187110986129,41.629215322985935,,,,,,,,,-3.213098729402475,36.41505045611258,-18.20752522805629,0
2025-12-31,221.625,222.4,218.71,219.36,224.47299999999967,245.06636407682464,203.8796359231747,41.86654862718825,42.30359817134203,0,0,,,,206.3242666666664,208.38750933333307,204.26102399999974,,-1.283459039115764,-2.277779510230482,-5.712848859450393,0,39.55586746881497,39.31834545099166,,,,,0.859622271629406,-6.141620584884208,-7.001242856513614,0.47496030532254147,39.55586746881497,,,,,,,,,-3.8844432822119384,36.40067375476084,-18.20033687738042,0
2026-01-02,219.9,222.9871,213.95,216.71,222.05849999999964,231.24178323644003,212.87521676355925,37.49366376665405,41.260734141932524,0,0,,,,206.46022222222194,208.52482444444416,204.39561999999972,,-2.494443294608828,-2.408599535707767,-6.344672005393459,0,37.57068106612384,39.49313334397396,,,,,0.6303328332874347,-6.21332681490432,-6.843659648191755,0.2627245993448059,37.57068106612384,37.57068106612384,37.57068106612384,37.57068106612384,,,,,,-4.790662232471427,36.38668890931228,-18.19334445465614,0
2026-01-05,217.35,227.4,217.31,224.36,221.5379999999997,228.748543946235,214.3274560537644,52.458937701256616,43.93971669836628,0,0,,,,206.64159999999976,208.70801599999976,204.57518399999975,,0.8092236216015181,1.273822098240629,-2.6371633027682084,0,45.996506861220276,40.35191573362461,,,,,1.004173033590833,-5.588443356203214,-6.592616389794047,0.26352535688979917,45.996506861220276,,,,,,,,,-4.450173924376411,36.37257057731657,-18.186285288658286,0
2026-01-06,225.5,234.87,223.52,234.53,221.82499999999968,230.4796276638934,213.17037233610594,69.27258933446396,53.07506360079153,0,0,,,,206.85182222222195,208.92034044444418,204.78330399999973,,4.810382274340186,5.727487884593874,1.9255451993197337,0,54.74164787750228,41.92017271860998,,,,,1.8949776851464337,-4.223894283361005,-6.118871968507439,0.3644839956005796,54.74164787750228,,,,,54.74164787750228,,54.74164787750228,,-2.2582455236196584,36.3577606114474,-18.1788803057237,0
2026-01-07,234,235.65,230.5501,233.5,222.23449999999966,232.1875848986981,212.2814151013012,71.45267892229089,64.39473531933713,0,0,,,,207.03333333333308,209.1036666666664,204.96299999999974,,4.04042204320243,5.069194926980436,1.485704351353534,0,53.79156799214858,43.083250528170936,,,,,2.3440313154449006,-3.188832824201313,-5.532864139646214,0.49837539437628453,53.79156799214858,,,,,,,,,0.1557035006055761,36.34269632592213,-18.171348162961063,0
2026-01-08,235.83,236.31,223.56,223.79,222.29399999999964,232.26931633587037,212.3186836641289,61.22261985005184,67.31596270226888,0,0,,,,207.19417777777753,209.2661195555553,205.12223599999976,,-0.22781886839556842,0.6729826266117733,-2.477394051639603,0,45.733303487844495,43.82548414419161,,,,,1.9333839869786456,-3.116134155922907,-5.049518142901553,0.33710096456018085,45.733303487844495,,,,,,,,,0.04535292819793849,36.327651620641745,-18.163825810320873,0
2026-01-09,224.4,226.83,218.2,219.09,222.42099999999965,232.16250070577746,212.67949929422184,52.82775786931007,61.834352213884245,0,0,,,,207.31111111111085,209.38422222222195,205.23799999999974,,-2.1993866536914153,-1.4976103875082192,-4.0904593887074565,0,42.42070706111647,44.01910913855715,,,,,1.3207394867914717,-3.3985937844122134,-4.719333271203685,0.1250334872263241,42.42070706111647,,,,,,,,,-2.210441042391549,36.31288630788231,-18.156443153941154,0
2026-01-12,216.5,221.775,214.03,220.28,222.40949999999967,232.16053579116726,212.65846420883207,48.07750802996604,54.0426285831093,0,0,,,,207.46097777777752,209.53558755555528,205.38636799999975,,-1.509901322113738,-0.9574680937638358,-3.168518779012508,0,43.53588021273972,44.221794818426226,,,,,0.9864787171895193,-3.4862348747167857,-4.472713591906305,-0.008874155363555077,43.53588021273972,,,,,,,,,-4.141021848793572,36.29872939371003,-18.149364696855017,0
2026-01-13,220,220.49,207.5,209.39,221.98249999999962,233.12887497129523,210.836125028704,31.84661665512428,44.250627518133435,0,0,,,,207.5695555555553,209.64525111111084,205.49385999999976,,-5.810009626370816,-5.6727444731002,-7.387667906569407,0,36.55799328162773,43.65919446577045,,,,,0.0710602151535733,-4.383888322964339,-4.454948538117912,-0.21811997116354342,36.55799328162773,,,,,,,,,-6.207180834204781,36.28559541377004,-18.14279770688502,0
2026-01-14,208,208.88,204.18,206.16,221.52649999999966,234.35208111746306,208.70091888253626,26.11278908929551,35.345637924795255,0,0,,,,207.69519999999974,209.77215199999975,205.61824799999974,,-6.595323423207066,-6.936641891601991,-8.195845300915094,0,34.777523617209795,43.05271935938157,,,,,-0.67194759990271,-5.2948830379963,-4.62293543809359,-0.3942445014373747,34.777523617209795,34.777523617209795,,34.777523617209795,,,,,,-8.042941208007857,36.27369381264968,-18.13684690632484,0
2026-01-15,205.47,209.3,205.47,207.74,220.88349999999969,235.0497828928613,206.71721710713808,26.0311375851468,27.996847776522173,0,0,,,,207.85884444444417,209.93743288888862,205.78025599999972,,-5.38133952768095,-5.950421828701414,-6.7735126798613265,0,36.40902322527404,42.714132844790655,,,,,-0.9594475716185924,-5.822244902616831,-4.862797330998238,-0.5380472866674226,36.40902322527404,,,,,,,,,-9.806465571079878,36.26326010119524,-18.13163005059762,0
2026-01-16,208.53,216.1,207.11,210.38,220.58799999999965,235.35888162570487,205.81711837429444,27.29334460778589,26.47909042740938,0,0,,,,208.06408888888862,210.1447297777775,205.98344799999973,,-3.9018463196937248,-4.627631602806892,-4.811029215475992,0,39.14804659029367,42.43910126782962,,,,,-0.8765393294548369,-5.958471492816784,-5.081932163361947,-0.5964918344664611,39.14804659029367,,,,,,,,,-9.625057712756162,36.25267042580975,-18.126335212904873,0
2026-01-20,206.51,209.6,204.94,206.21,219.83299999999969,235.86858430492995,203.79741569506942,23.58016789563562,25.634883362856083,0,0,,,,208.24195555555528,210.32437511111084,206.15953599999972,,-5.019184088951489,-6.196976796022302,-6.2941638909211335,0,36.47554001256497,42.02453600553336,,,,,-0.9984130620452856,-6.329948490918554,-5.331535428873268,-0.6733531506175341,36.47554001256497,,,,,,,,,-9.583806445631017,36.24205140740989,-18.121025703704944,0
2026-01-21,207.08,210.37,205.05,206.5,219.03499999999968,236.0281250804701,202.04187491952928,25.838827134123896,25.57077987918178,0,0,,,,208.38777777777753,210.47165555555532,206.30389999999974,,-3.6415559205614123,-5.722829684753439,-5.844481529103818,0,36.79867315827187,41.679497279482355,,,,,-0.9553489807229756,-6.525721654776987,-5.570372674054012,-0.7316149847760678,36.79867315827187,,,,,,,,,-9.737017301790834,36.231575960793734,-18.115787980396867,0
2026-01-22,208.93,211.49,204.87,211.13,218.24949999999967,235.17913257133887,201.31986742866047,30.570341458304434,26.663112162687963,0,0,,,,208.53902222222194,210.62441244444418,206.45363199999971,,-0.44184149349023594,-3.262092238470049,-3.5254730890613484,0,41.881686034826316,41.845627177054595,,,,,-0.5320164687765683,-6.235393260024722,-5.703376791248154,-0.7628398668076923,41.881686034826316,,,,,,,,,-9.606046821965114,36.22099095763929,-18.110495478819644,0
2026-01-23,213.29,214.74,208.955,209.69,217.47899999999967,234.49384398989739,200.46415601010196,30.450837256794607,28.953335283074285,0,0,,,,208.69919999999973,210.78619199999974,206.61220799999973,,-0.45904005088834854,-3.581495224826159,-3.994689009454444,0,40.78308187372689,42.07508437759767,,,,,-0.2786915075637868,-6.051741175702887,-5.7730496681391,-0.8268204751369991,40.78308187372689,,,,,,,,,-9.084271285603416,36.20996521524059,-18.104982607620293,0
2026-01-26,211.79,214.699,208.5,211.27,216.94599999999969,234.0374193676388,199.85458063236058,36.81782164532005,32.613000120139674,0,0,,,,208.86662222222196,210.9552884444442,206.77795599999973,,0.6646813579512134,-2.6163192683892222,-3.1932880924124163,0,42.563350184543395,41.82985890069218,,,,,0.0481608404249112,-5.7128486176079605,-5.761009458032872,-0.7847142291931298,42.563350184543395,,,,,,,,,-8.373749775461857,36.198378331640086,-18.099189165820043,0
2026-01-27,213.15,216.7,209,212.75,216.38949999999969,233.26501655507238,199.513983444927,41.78054931921879,36.34973607377779,0,0,,,,209.02413333333308,211.1143746666664,206.93389199999976,,1.7348724667897608,-1.681920795602232,-2.3994519383246815,0,44.25395851840744,41.08073823218541,,,,,0.3974730551240544,-5.264168139127804,-5.6616411942518585,-0.6554856998944238,44.25395851840744,,,,,,,,,-8.125083795857472,36.186613100001,-18.0933065500005,0
2026-01-28,214.21,223.05,214.15,216,216.0444999999997,232.65353305434982,199.43546694564955,48.33306679883656,42.31047925445844,0,0,,,,209.28982222222197,211.3827204444442,207.19692399999974,,2.963538513606956,-0.020597608362948883,-0.8792378714733928,0,47.88181046485544,40.65861269452161,,,,,0.8546024991159031,-4.59338807035698,-5.447990569472883,-0.38335835938116636,47.88181046485544,,,,,,,,,-7.193500004982243,36.17420356272282,-18.08710178136141,0