time,open,high,low,close,Basis,Upper,Lower,温度计,Plot,Shapes,Shapes,Plot,Plot,Plot,Plot,Plot,Plot,ADX,Plot,Plot,Plot,Plot,RSI,RSI-based MA,Regular Bullish,Regular Bullish Label,Regular Bearish,Regular Bearish Label,Histogram,MACD,Signal line,Trend Strength Index,RSI,Regular Bullish,Regular Bullish Label,Hidden Bullish,Hidden Bullish Label,Regular Bearish,Regular Bearish Label,Hidden Bearish,Hidden Bearish Label,Distance from MA,Upper StdDev Band,Lower StdDev Band,Zero Line
2021-07-29,38,40.25,33.35,34.82,,,,,,0,0,,,,,,,,,,,0,,,,,,,,,,,,,,,,,,,,,,,0
2021-07-30,34.93,36.9795,33.25,35.15,,,,,,0,0,,,,,,,,,,,0,,,,,,,,,,,,,,,,,,,,,,,0
2021-08-02,35.97,37.98,35.3,37.68,,,,,,0,0,,,,,,,,,,,0,,,,,,,,,,,,,,,,,,,,,,,0
2021-08-03,37.911,48.59,37.1594,46.8,,,,,,0,0,,,,,,,,,,,0,,,,,,,,,,,,,,,,,,,,,,,0
2021-08-04,54.45,85,54.4,70.39,,,,,,0,0,,,,,,,,,,,0,,,,,,,,,,,,,,,,,,,,,,,0
2021-08-05,62.9,66.5,50.46,50.97,,,,,,0,0,,,,,,,,,,,0,,,,,,,,,,,,,,,,,,,,,,,0
2021-08-06,57.77,60.88,53.1,55.01,,,,,,0,0,,,,,,,,,,,0,,,,,,,,,,,,,,,,,,,,,,,0
2021-08-09,59.0835,59.96,56,56.83,,,,,,0,0,,,,,,,,,,,0,,,,,,,,,,,,,,,,,,,,,,,0
2021-08-10,56.4852,58.49,53.5,53.94,,,,,,0,0,,,,,,,,,,,0,,,,,,,,,,,,,,,,,,,,,,,0
2021-08-11,54.5683,54.6058,49,51.19,,,,,,0,0,,,,,,,,3.8800275985226618,,,0,,,,,,,,,,,,,,,,,,,,,,,0
2021-08-12,50.125,50.39,47.52,48.1,,,,,,0,0,,,,,,,,-4.951981978421527,,,0,,,,,,,,,,,,,,,,,,,,,,,0
2021-08-13,48.45,53.2,48.22,50.63,,,,,,0,0,,,,,,,,-2.9221152739962286,,,0,,,,,,,,,,,,,,,,,,,,,,,0
2021-08-16,49.4,49.79,47,47.19,,,,,,0,0,,,,,,,,-11.138310893512848,,,0,,,,,,,,,,,,,,,,,,,,,,,0
2021-08-17,47.3,48.85,46.01,46.67,,,,,,0,0,,,,,,,,-12.095984329089127,,,0,,,,,,,,,,0.3229037653292538,,,,,,,,,,,,,0
2021-08-18,47.9651,52.06,47.2,49.8,,,,,,0,0,,,,,,,,-2.416083710540251,,,0,59.457070707070706,,,,,,,,,0.13820262433381486,59.457070707070706,,,,,59.457070707070706,,59.457070707070706,,,,,0
2021-08-19,45.06,46.88,44.135,44.69,,,,,,0,0,,,,,,,,-11.338160896736438,,,0,55.59420237208711,,,,,,,,,-0.20708696417801317,55.59420237208711,,,,,,,,,,,,0
2021-08-20,45.2,45.56,42.44,42.64,,,,,,0,0,,,,,,,,-13.276928083306217,,,0,54.07634361694465,,,,,,,,,-0.629127591930186,54.07634361694465,54.07634361694465,,54.07634361694465,,,,,,,,,0
2021-08-23,44.16,46.85,43.32,45.29,,,,,,0,0,,,,,,,,-5.673345274294994,,,0,55.75791063754918,,,,,,,,,-0.8064047197581828,55.75791063754918,,,,,,,,,,,,0
2021-08-24,46.46,50.24,46,49.38,,,,,,0,0,,,,,,,,3.831111484923677,,,0,58.296058631650894,,,,,,,,,-0.7595969459728996,58.296058631650894,,,,,,,,,,,,0
2021-08-25,48.425,50.99,47.5,48.98,48.3075,63.73523071452833,32.87976928547167,,,0,0,,,,,,,,3.4708578912901134,1.3921233762873353,,0,57.945931610486156,,,,,,,,,-0.7258904441885494,57.945931610486156,,,,,,,,,,,,0
2021-08-26,48,49.8499,46.4,46.86,48.909499999999994,63.07289574395922,34.746104256040766,,,0,0,,,,,,,,-0.7476754283777698,-4.190392459542613,,0,56.02535512799406,,,,,,,,,-0.6537785165229523,56.02535512799406,,,,,,,,,,,,0
2021-08-27,46.7986,48.1,46.14,46.87,49.4955,62.231093390180206,36.759906609819794,38.502635868043456,,0,0,,,,,,,,0.07045711723638881,-5.304522633370712,,0,56.032757769290455,,,,,,,,,-0.5268166077128901,56.032757769290455,,,,,,,,,,,,0
2021-08-30,46.3,46.6,42.56,43.64,49.7935,61.65841849950931,37.928581500490694,34.37189561603883,,0,0,,,,,,,,-6.114194742050671,-12.3580386998303,,0,52.933200102614215,,,,,,,,,-0.4801682744434592,52.933200102614215,52.933200102614215,,52.933200102614215,,,,,,,,,0
2021-08-31,42.03,44.5,41.51,44.32,49.6695,61.70754049669217,37.63145950330783,30.40677501432463,34.42710216613563,0,0,,,,,,,,-4.166756762600798,-10.77019096226054,,0,53.51617606008119,,,,,,,,,-0.43395960609474926,53.51617606008119,,,,,,,,,,,,0
2021-09-01,43.76,47.12,43.7,44.57,48.378499999999995,55.96670472839265,40.79029527160734,29.502653739837406,31.427108123400288,0,0,,,,,,,,-2.523838684279567,-7.872298645059262,,0,53.74302095954743,,,,,,,,,-0.4618243379130238,53.74302095954743,,,,,,,,,,,,0
2021-09-02,45.202,45.7999,44.2,44.49,48.054500000000004,55.725344738358245,40.38365526164176,28.86910161139786,29.592843455186635,0,0,,,,,,,,-2.6562226500962516,-7.417619577771073,,0,53.65279029709214,,,,,,,-1.6769774574700946,,-0.36992568189129943,53.65279029709214,,,,,,,,,,,,0
2021-09-03,44.6928,44.88,43.15,43.35,47.4715,54.69873813084924,40.244261869150755,28.54123468556181,28.970996678932362,0,0,,,,,,,,-5.297651556526473,-8.682051336064788,,0,52.30514370249147,,,,,,,-1.755864554742935,,-0.4325559530531252,52.30514370249147,,,,,,,,,,,,0
2021-09-07,43.33,43.39,41.75,42.13,46.7365,52.92213586060483,40.550864139395166,22.094899602521927,26.501745299827196,0,0,,,,,,,,-7.323082337930864,-9.856322146502194,,0,50.833596474436156,55.012111290666844,,,,,,-1.89498276993114,,-0.5310211113970241,50.833596474436156,,,,,,,,,,,,0
2021-09-08,42,42.21,39.81,40.05,46.041999999999994,51.94932968438371,40.134670315616276,15.704930367578687,22.11368821855414,0,0,,,,,,,,-10.052553564209676,-13.014204422049424,,0,48.33673031823591,54.21780126289293,,,,,,-2.1483092032560194,,-0.5398954120091155,48.33673031823591,48.33673031823591,,48.33673031823591,,,,,,,,,0
2021-09-09,40.5,42.54,40.3813,41.28,45.546499999999995,51.30405251821469,39.7889474817853,20.39034998922347,19.396726653108026,1,0,,,,,,,,-5.658652527653352,-9.367349851250905,-11.776649022946339,0,49.90375577934513,53.811340791982786,,,,,,-2.2241825147982297,,-0.6666365476363125,49.90375577934513,,,,,,,,,,,,0
2021-09-10,41.5,42.52,40.72,41.17,45.199999999999996,51.13260819538945,39.26739180461054,20.57385481888085,18.889711725227667,0,0,,,,,,,,-4.670386921990399,-8.915929203539807,-12.40798263903663,0,49.75839982493518,53.50291623541068,,,,,,-2.267055536493146,,-0.8780009135763339,49.75839982493518,,,,,,,,,,,,0
2021-09-13,41.22,41.3899,39.8,40.6,44.698499999999996,50.40155628588751,38.99544371411248,17.858190329476248,19.607465045860184,0,0,,,,,,,,-4.605263157894724,-9.169211494792872,-13.953274791417936,0,48.96255116872739,53.017533416209126,,,,,,-2.320280205496367,,-0.9446272734975626,48.96255116872739,,,,,,,,,,,,0
2021-09-14,41,41,39.23,40.02,44.339999999999996,50.26848378592706,38.41151621407293,16.167219254824452,18.19975480106051,0,0,,,,,,,,-5.161382056021601,-9.742895805142071,-15.322495327432362,0,48.11917738394397,52.29061332708721,,,,,,-2.381806311347937,,-0.9373737595041495,48.11917738394397,48.11917738394397,,48.11917738394397,,,,,,,,,0
2021-09-15,40.2,41.94,39.83,41.87,44.1,50.02038174444848,38.179618255551524,23.954060045568603,19.326489876623096,1,0,,,,,,,,-0.1978404404929468,-5.056689342403642,-11.099000651133839,0,51.017365786968796,51.795715768264536,,,,,-0.1525393481748134,-2.2552890858886485,-2.102749737713835,-0.8837985220941587,51.017365786968796,,,,,,,,,,,,0
2021-09-16,41.62,42.43,40.91,41.95,43.707499999999996,49.0797616280297,38.33523837197029,27.620953393395226,22.580744231262756,0,0,,,,,,,,0.6212371974766651,-4.021049019047062,-9.099445279093942,0,51.14446313613904,51.44708062598918,,,,,-0.01706647946324491,-2.1240828370428915,-2.1070163575796466,-0.8004554483989268,51.14446313613904,,,,,,,,,,,,0
2021-09-17,41.92,42.9012,41.9,42.38,43.592,48.97412077159181,38.20987922840819,32.38088378109628,27.98529907335337,0,0,,,,,,,,2.1697203471552573,-2.780326665443189,-7.594357107036176,0,51.86739419207647,51.14955465618818,,,,,0.11539080453368422,-1.9627778519125414,-2.0781686564462256,-0.6573326731801814,51.86739419207647,,,,,51.86739419207647,,51.86739419207647,,,,,0
2021-09-20,40.62,41.56,40.0301,40.7,43.495,49.010528986416496,37.9794710135835,31.968802203254015,30.656879792581837,0,0,,,,,,,,-1.249545068543012,-6.426025979997685,-10.324769752787189,0,48.827403646803376,50.85628348077312,,,,,0.10409607911070307,-1.948048557557847,-2.05214463666855,-0.6571115037497168,48.827403646803376,,,,,,,,,,,,0
2021-09-21,41.04,42.69,40.7938,42.29,43.345,48.82013104866003,37.86986895133997,38.16462629105419,34.171437425134826,0,0,,,,,,,,2.568455773568412,-2.4339600876687073,-5.815714455398502,0,51.712028186654216,50.727415775528335,,,,,0.21173897195584956,-1.7874709217237381,-1.9992098936795877,-0.48510618082957835,51.712028186654216,,,,,,,,,,,,0
2021-09-22,43.0004,46.94,42.76,46.88,43.22,48.232939257561405,38.20706074243859,50.96233076900608,40.36525308777143,0,0,,,,,,,,11.848069857326916,8.468301712170302,4.956790399856703,0,58.91251196877491,51.0966651333303,,,,,0.5792572369180136,-1.2751383475320708,-1.8543955844500843,0.1376175527536656,58.91251196877491,,,,,58.91251196877491,,58.91251196877491,,,,,0
2021-09-23,46.285,47.84,44.71,45.94,43.068,47.52684559050898,38.60915440949102,58.6445258202006,49.257160960086956,0,0,,,,,,,,8.40018876828692,6.668524194297398,3.256838461711342,0,57.036751638194616,51.33837665769476,,,,,0.736162510429764,-0.9341924464128795,-1.6703549568426435,0.5164356042463383,57.036751638194616,,,,,,,,,,,,0
2021-09-24,44.7,46.55,44.35,44.91,42.9705,47.171216486505585,38.76978351349442,59.539922940635435,56.3822598432807,0,0,,,,,,,,5.0428030125835965,4.513561629489993,1.1835919311473875,0,54.97136949877932,51.52882135742961,,,,,0.7454129544257053,-0.7385887638105118,-1.484001718236217,0.7175087505825583,54.97136949877932,,,,,,,,,,,,0
2021-09-27,44.93,45.91,43.95,44.76,42.864999999999995,46.76381263976625,38.96618736023374,60.31847742842265,59.50097539641956,0,0,,,,,,,,3.6831132731063088,4.420856176367671,1.2921767860780031,0,54.66094109206047,51.80220311583135,,,,,0.7160918855255054,-0.5888868613293354,-1.3049787468548408,0.807528401670335,54.66094109206047,,,,,,,,,,,,0
2021-09-28,43.92,45.96,42.51,44.62,42.914,46.8746837793492,38.953316220650805,56.38240685456576,58.74693574120795,0,0,,,,,,,,2.2690809076323593,3.9753926457566147,1.171491194921015,0,54.35243385563856,52.231896225645826,,,,,0.6631380568594731,-0.4760561757804993,-1.1391942326399724,0.7889972282999658,54.35243385563856,,,,,,,,,,,,0
2021-09-29,44.17,45.4625,43.1,43.13,42.8545,46.76433618582671,38.944663814173296,50.73919328997312,55.81335919098717,0,0,,,,,,,,-1.4306609379285073,0.6428729771669195,-1.9445875898026488,0,51.05005152703496,52.31377449333796,,,,,0.5104823274911094,-0.5010913232760856,-1.011573650767195,0.7243705487388945,51.05005152703496,,,,,,,,,,,,0
2021-09-30,43.13,43.13,41.41,42.08,42.730000000000004,46.571379960378685,38.88862003962132,44.315200271423734,50.47893347198754,0,0,,,,,,,,-3.858895565354492,-1.5211794991809136,-3.768752286864241,0,48.79988396918698,52.245309075070224,,,,,0.33025412348991234,-0.5987559964048046,-0.9290101198947169,0.5737996273031896,48.79988396918698,,,,,,,,,,,,0
2021-10-01,42.3617,42.78,41.12,41.9,42.600500000000004,46.369767700760924,38.83123229923908,40.782095303206034,45.27882962153429,0,0,,,,,,,,-4.165046545138507,-1.6443468973369013,-3.9761659218517265,0,48.40598429725592,52.20555429853655,,,,,0.19696053839357774,-0.6828094469027448,-0.8797699852963226,0.3674748155541468,48.40598429725592,,,,,,,,,,,,0
2021-10-04,41.8,41.8123,40.25,40.93,42.47950000000001,46.29978519877754,38.659214801222475,35.88341429309426,40.326903289241336,0,0,,,,,,,,-6.432882223847846,-3.6476418036935687,-6.076460599385003,0,46.239936807467224,52.071322828788205,,,,,0.04920726581611512,-0.8182609030261787,-0.8674681688422938,0.027869897131865416,46.239936807467224,46.239936807467224,,46.239936807467224,,,,,,,,,0
2021-10-05,41.074,42.4899,41.0509,42.01,42.47350000000001,46.29633808184425,38.65066191815577,36.79824528889122,37.821251628397164,0,0,,,,,,,,-3.9024613413853104,-1.0912686734081523,-3.35567381868932,0,48.97751917095346,51.92561949907282,,,,,0.03085046946921488,-0.8289050820057753,-0.8597555514749902,-0.13841051731055606,48.97751917095346,,,,,,,,,,,,0
2021-10-06,42,42.65,41.7,42.06,42.574000000000005,46.23913519532368,38.90886480467633,36.2306039146535,36.304087832212986,0,0,,,,,,,,-2.715455428597857,-1.2073096255930893,-2.6944491571170626,0,49.10672994037499,51.78006712794682,,,,,0.028756663002457272,-0.8238097227219185,-0.8525663857243758,-0.29803807716270564,49.10672994037499,,,,,,,,,,,,0
2021-10-07,42.2374,42.84,41.68,41.84,42.60200000000001,46.23558555699447,38.96841444300555,36.275490422691135,36.43477987541194,0,0,,,,,,,,-2.2977769475060583,-1.7886484202619735,-2.6674937965260437,0,48.52444563589326,51.541285088219446,,,,,0.019669632838317908,-0.8279793446764785,-0.8476489775147964,-0.435733296625349,48.52444563589326,,,,,,,,,,,,0
2021-10-08,41.8,42.06,41.05,41.78,42.63250000000001,46.22752920711356,39.03747079288645,41.19252825648261,37.89954086460907,0,0,,,,,,,,-1.7195549387217457,-1.9996481557497336,-2.422694858779928,0,48.35603944807896,51.50761621688199,,,,,0.01684173781755105,-0.8265968052428576,-0.8434385430604087,-0.728479757770652,48.35603944807896,,,,,,,,,,,,0
2021-10-11,41.1723,42.468,41.01,42.07,42.706,46.19020665288413,39.22179334711588,39.523527831232116,38.997182170135275,0,0,,,,,,,,-0.40717769045027774,-1.4892520957242583,-1.3768636889319397,0,49.272414142858366,51.33335807089657,,,,,0.04038298698388343,-0.7929598093305543,-0.8333427963144378,-0.8690294603077825,49.272414142858366,,,,,49.272414142858366,,49.272414142858366,,,,,0
2021-10-12,42,42.05,40.5,40.53,42.73150000000001,46.14341603061939,39.31958396938063,31.777625565919877,37.49789388454486,0,0,,,,,,,,-3.1147658547080126,-5.151937095585247,-4.755563562873544,0,44.73310275053002,50.32054312673623,,,,,-0.03766053209219733,-0.8804184614296844,-0.842757929337487,-0.8627000545275664,44.73310275053002,,,,,,,,,,,,0
2021-10-13,40.62,40.83,39.86,40.52,42.66400000000001,46.192832101417935,39.13516789858208,24.156122569507176,31.819091988886374,0,0,,,,,,,,-2.5305494082555557,-5.02531408213015,-4.494779267918991,0,44.704302290937356,49.43965388764642,,,,,-0.07755738403624879,-0.939704659382798,-0.8621472753465492,-0.8507306520180892,44.704302290937356,44.704302290937356,,44.704302290937356,,,,,,,,,0
2021-10-14,40.59,41.79,40.55,40.93,42.61300000000001,46.21044965218411,39.0155503478159,24.495201724887224,26.80964995343808,0,0,,,,,,,,-1.2711966616011816,-3.9494989791847734,-3.2517314465358993,0,46.23277113142078,48.81546828997796,,,,,-0.06447299737047996,-0.9427385220596491,-0.8782655246891692,-0.8136894671622015,46.23277113142078,,,,,,,,,,,,0
2021-10-15,41.641,41.7,40.8601,41.03,42.545500000000004,46.20797716716427,38.883022832835735,29.40376016213243,26.01836148550893,0,0,,,,,,,,-0.8218515832729145,-3.5620688439435444,-2.750235045942573,0,46.62033379118493,48.241139197058274,,,,,-0.03850343071209761,-0.9263948130792912,-0.8878913823671936,-0.759029393625764,46.62033379118493,,,,,,,,,,,,0
2021-10-18,40.95,41.25,40.31,40.65,42.543000000000006,46.210577402045864,38.87542259795415,30.624872174485397,28.174611353835,0,0,,,,,,,,-1.6738425813942248,-4.449615682956088,-3.444945012311862,0,45.284530756300555,47.59343183281985,,,,,-0.036363771984116555,-0.9333460973473393,-0.8969823253632228,-0.7492382842616508,45.284530756300555,,,,,,,,,,,,0
2021-10-19,40.91,41.8,40.54,41.7,42.51350000000001,46.19819415284344,38.82880584715657,38.63572243666438,32.888118257760716,0,0,,,,,,,,0.9416378204352149,-1.9135098262904826,-0.9171696050943257,0,49.583187961574026,47.488655863858355,,,,,0.04206973732023356,-0.8443951537129308,-0.8864648910331644,-0.5408924327466287,49.583187961574026,,,,,,,,,,,,0
2021-10-20,41.8933,42.44,41.02,41.83,42.26100000000001,45.35972812618296,39.16227187381706,44.3927267656087,37.88444045891948,0,0,,,,,,,,1.3127300910676043,-1.019852819384326,-0.748204625264981,0,50.10583820067302,47.5819383089645,,,,,0.10540300379194079,-0.7547111362932384,-0.8601141400851792,-0.3295980899694662,50.10583820067302,,,,,50.10583820067302,,50.10583820067302,,,,,0
2021-10-21,41.93,43.36,41.21,41.28,42.028000000000006,44.64914936621301,39.406850633787,52.02317602254588,45.01720840827297,0,0,,,,,,,,0.11641443538996654,-1.7797658703721408,-2.0532126925875693,0,47.845959835459965,47.54193656169337,,,,,0.11231544995227327,-0.7197198276448376,-0.8320352775971108,-0.2516557967744167,47.845959835459965,,,,,,,,,,,,0
2021-10-22,41.125,41.13,39.59,39.59,41.762000000000015,44.23484936864244,39.289150631357586,38.825139585090554,45.08034745774836,0,0,,,,,,,,-3.469631580230681,-5.200900340022052,-5.945612062275307,0,41.632444891800176,47.212829996288576,,,,,0.010493930762706216,-0.818917864143728,-0.8294117949064342,-0.5596532914821235,41.632444891800176,,,,,,,,,,,,0
2021-10-25,39.76,39.87,38.15,39.01,41.47450000000001,43.82001891912994,39.12898108087008,32.31435289048413,41.05422283270684,0,0,,,,,,,,-4.168816174122414,-5.942205451542549,-7.206685749173425,0,39.725712504725394,46.55198666298657,,,,,-0.08332859004651716,-0.9335725324645807,-0.8502439424180636,-0.6329506409172353,39.725712504725394,,,,,,,,,,,,0
2021-10-26,39.61,40.25,39,39.57,41.222000000000016,43.220255238950955,39.223744761049076,31.413645883288957,34.18437945295454,0,0,,,,,,,,-2.563344906552434,-4.007568773955694,-5.841014007646317,0,42.46558435768669,46.07761912136599,,,,,-0.09427710259761635,-0.9680903206650839,-0.8738132180674676,-0.6537411452407639,42.46558435768669,,,,,,,,,,,,0
2021-10-27,35.98,36.19,34.44,35.44,40.83750000000001,43.89689127932267,37.77810872067735,21.183888580653647,28.303962451475567,0,0,,,,,,,,-11.62755903548367,-13.217018671564162,-15.236265357048918,0,31.201034010048417,44.840232576662785,,,,,-0.3517978199071029,-1.3135604929513462,-0.9617626730442433,-0.6730875548473098,31.201034010048417,,,,,,,,,,,,0
2021-10-28,35.21,35.52,33.99,35.47,40.50700000000001,44.29859649751877,36.71540350248125,21.447352495080327,24.681628986340968,0,0,,,,,,,,-10.331926081350984,-12.43488779717089,-14.723960795941771,0,31.343501015485558,43.62505126004897,,,,,-0.4840822568531262,-1.566865494110651,-1.0827832372575248,-0.7373585814078544,31.343501015485558,,,,,,,,,,,,0
2021-10-29,35.65,35.85,34.8,34.97,40.160500000000006,44.59215194932973,35.72884805067028,19.176741967121085,20.602661014285015,0,0,,,,,,,,-10.220533490796146,-12.924390881587644,-15.423808065010247,0,30.220282291415685,42.26418469923164,,,,,-0.5636564911631112,-1.7873538512114138,-1.2236973600483025,-0.7766863813577274,30.220282291415685,,,,,,,,,,,,0
2021-11-01,35.2,35.215,34.42,34.85,39.856500000000004,44.8356295423998,34.87737045760021,17.676976897162497,19.433690453121297,0,0,,,,,,,,-9.176200776628196,-12.5613137129452,-15.314643965105269,0,29.942945634207433,41.20774490520859,,,,,-0.5804861793643705,-1.9493050842537656,-1.368818904889395,-0.8494535426229052,29.942945634207433,29.942945634207433,,29.942945634207433,,,,,,,,,0
2021-11-02,34.72,34.99,34.34,34.99,39.505500000000005,44.80719586075989,34.20380413924012,19.013128626205564,18.62228249682971,1,0,,,,,,,,-7.1883289124668455,-11.43005404310793,-14.468698819330717,0,30.741516043524527,40.21040303039339,,,,,-0.5391909235476358,-2.04280755932394,-1.5036166357763041,-0.8986862967802393,30.741516043524527,,,,,,,,,,,,0
2021-11-03,34.94,37.5,34.6752,37.04,39.25450000000001,44.52390404599955,33.985095954000464,28.149669927099325,21.61325848348912,0,0,,,,,,,,-0.4862846242712715,-5.641391432829379,-8.725758359823576,0,41.29399256650579,39.857633132899466,,,,,-0.3405081813611841,-1.9292518624777841,-1.5887436811166,-0.8720623937302272,41.29399256650579,,,,,,,,,,,,0
2021-11-04,37.03,37.95,36.5,37.07,39.016000000000005,44.227193337422605,33.804806662577406,35.36374873646998,27.508849096591618,0,0,,,,,,,,0.7336956521738935,-4.98769735493132,-7.981399351294116,0,41.43462142316321,39.48722510661219,,,,,-0.18172888336222037,-1.8159047853193755,-1.6341759019571551,-0.8242224318558005,41.43462142316321,,,,,,,,,,,,0
2021-11-05,37,37.41,36.65,37.01,38.7775,43.896667412773084,33.65833258722692,39.95854938614932,34.49065601657287,0,0,,,,,,,,1.2807180778282135,-4.558055573464004,-7.525860776572902,0,41.221937345328996,39.19703986297137,,,,,-0.061613157151676035,-1.7111923483967502,-1.6495791912450741,-0.7683366094304401,41.221937345328996,,,,,,,,,,,,0
2021-11-08,37.06,38.17,36.52,37.98,38.57300000000001,43.47174310410297,33.674256895897045,47.17593649552442,40.832744872714564,0,0,,,,,,,,4.228985427701071,-1.5373447748425306,-4.563272690722697,0,46.04383353767714,38.944228832693014,,,,,0.09384494903035834,-1.5322730049571263,-1.6261179539874846,-0.6162612373278489,46.04383353767714,,,,,46.04383353767714,,46.04383353767714,,,,,0
2021-11-09,36.76,37.199,36.45,36.7,38.3815,43.25865603605201,33.504343963947996,43.90271735441205,43.67906774536192,0,0,,,,,,,,1.5158220845319814,-4.381016896160905,-7.163816654861888,0,41.236469766718095,38.31070251598195,,,,,0.11950196826297432,-1.4767404936587667,-1.596242461921741,-0.48110792627565613,41.236469766718095,,,,,,,,,,,,0
2021-11-10,35.9,36.11,33.7501,34.49,38.080000000000005,43.13343051797462,33.026569482025394,33.59410976717388,41.55758787237011,0,0,,,,,,,,-4.345896774551406,-9.427521008403373,-12.113953725410266,0,34.53251975334649,37.3597425101167,,,,,0.002834401007385967,-1.5926994606625087,-1.5955338616698946,-0.41654334081120387,34.53251975334649,,,,,,,,,,,,0
2021-11-11,34.82,34.84,34.04,34.17,37.742000000000004,42.8911071070621,32.59289289293791,28.58560088844584,35.36080933667725,0,0,,,,,,,,-4.890472346703046,-9.464257326055858,-12.340410976475313,0,33.67873681644774,36.79162050473438,,,,,-0.07631462867188188,-1.690927147509747,-1.614612518837865,-0.38438813629391705,33.67873681644774,33.67873681644774,33.67873681644774,33.67873681644774,,,,,,,,,0
2021-11-12,34.645,35.9,34.59,35.21,37.45100000000001,42.480373320802215,32.4216266791978,29.93451077669092,30.704740477436875,0,0,,,,,,,,-2.061138772217763,-5.983818856639356,-9.152676482730149,0,38.96071590848341,36.73697789071709,,,,,-0.04083268366218329,-1.6656533734155943,-1.624820689753411,-0.27344181383404714,38.96071590848341,,,,,,,,,,,,0
2021-11-15,35.5,35.61,34.23,34.96,37.1665,42.08230420684123,32.25069579315877,27.323111324541586,28.614407663226114,0,0,,,,,,,,-2.7862744007563833,-5.936797922860637,-9.332180678625479,0,38.17367161505106,36.43041269481456,,,,,-0.01759400705612002,-1.646813198573561,-1.629219191517441,-0.058617046442597937,38.17367161505106,,,,,,,,,,,,0
2021-11-16,34.37,34.44,32.87,33.87,36.775000000000006,41.42418272387706,32.12581727612295,26.857649055844426,28.03842371902564,0,0,,,,,,,,-5.5230125523012985,-7.899388171312049,-11.536552876955641,0,34.86653449466063,36.69223415800114,,,,,-0.056814121027567,-1.7002368428018997,-1.6434227217743327,-0.26093721473865483,34.86653449466063,,,,,,,,,,,,0
2021-11-17,33.8,33.98,32.81,32.88,36.3275,40.65618051489123,31.998819485108772,22.773145005235772,25.651301795207257,0,0,,,,,,,,-7.207766551899331,-9.490055742894498,-13.43039941023143,0,32.14279662431019,36.74932670148861,,,,,-0.12661495446668836,-1.801691414857693,-1.6750764603910047,-0.46335082951675693,32.14279662431019,,,,,,,,,,,,0
2021-11-18,32.9,32.93,30.41,30.53,35.790000000000006,40.19438417942824,31.385615820571772,16.74077004660538,22.123854702561857,0,0,,,,,,,,-12.219666474985658,-14.69684269348981,-18.811828528879914,0,26.792404951994328,36.50447832010137,,,,,-0.29842755709109925,-2.0481109067548786,-1.7496833496637794,-0.6757869877834877,26.792404951994328,,,,,,,,,,,,0
2021-11-19,30.3,30.8,28.8,28.99,35.260000000000005,40.22336579349101,30.296634206509,12.640788536496814,17.38490119611265,0,0,,,,,,,,-14.680087115192231,-17.78218944980149,-22.023078371423722,0,23.97587761932961,36.078259176181525,,,,,-0.47279997534742835,-2.3406833188480647,-1.8678833435006363,-0.819660673362953,23.97587761932961,,,,,,,,,,,,0
2021-11-22,29,29.36,27.44,27.84,34.7015,40.321650442825934,29.08134955717407,9.771605221616941,13.05105460157304,0,0,,,,,,,,-15.544230069166398,-19.772920478941835,-24.14857869403325,0,22.106948328798083,35.461504339415356,,,,,-0.6136694504779032,-2.6349701565980155,-2.0213007061201123,-0.9158624070540217,22.106948328798083,,,,,,,,,,,,0
2021-11-23,27.6,28.3001,26.57,27.65,34.105500000000006,40.05272616015204,28.158273839847972,8.152584966730121,10.18832624161462,0,0,,,,,,,,-13.752768333385356,-18.928032135579322,-23.77460439984562,0,21.804531770588966,34.06939999684986,,,,,-0.6634916851796868,-2.850665312594721,-2.187173627415034,-0.941141731453053,21.804531770588966,21.804531770588966,,21.804531770588966,,,,,,,,,0
2021-11-24,27.54,28.54,27.51,27.98,33.73250000000001,40.2102430483151,27.254756951684918,10.064824779752424,9.329671656033156,1,0,,,,,,,,-10.914416709118735,-17.053286889498274,-21.965640339134318,0,23.755412906648345,32.806599388527374,,,,,-0.618938092642245,-2.9608462432178406,-2.3419081505755956,-0.9546012050010567,23.755412906648345,,,,,,,,,,,,0
2021-11-26,27.075,29.22,27.05,27.92,33.355000000000004,40.25024328794828,26.45975671205173,9.956906187068562,9.391438644517029,0,0,,,,,,,,-9.300587986875907,-16.294408634387658,-21.1796700763172,0,23.639930079750343,31.550741726700327,,,,,-0.5410453366744483,-3.018214821418656,-2.477169484744208,-0.9563378217297966,23.639930079750343,,,,,,,,,,,,0
2021-11-29,28.095,28.29,25.75,27.07,32.96000000000001,40.32877737484279,25.59122262515723,7.016849651468295,9.012860206096422,0,0,,,,,,,,-9.673329106743678,-17.87014563106798,-22.562004748691255,0,22.0076983841562,29.83387493002026,,,,,-0.49552230858640023,-3.096572370477208,-2.601050061890808,-0.9500928806517842,22.0076983841562,,,,,,,,,,,,0
2021-11-30,26.6949,27.56,25.81,25.94,32.514500000000005,40.42946424502325,24.599535754976763,5.843198962090213,7.6056516002090175,0,0,,,,,,,,-10.757904152475362,-20.220209445016845,-24.73887814313346,0,20.027923774229663,28.318978787699656,,,,,-0.4894139414769638,-3.212817488737013,-2.723403547260049,-0.9479179023824784,20.027923774229663,,,,,,,,,,,,0
2021-12-01,26.35,26.39,23.89,23.93,31.961500000000008,40.61808887784299,23.304911122157023,3.136220620557493,5.3320897447053275,0,0,,,,,,,,-14.757952481031655,-25.128670431613052,-29.356543302205207,0,17.083962854206405,27.07265329490394,,,,,-0.5633742017661825,-3.427621299467777,-2.8642470977015946,-0.9597213944629093,17.083962854206405,,,,,,,,,,,,0
2021-12-02,23.96,24.29,23.34,24.2,31.319500000000005,40.273706776705374,22.365293223294636,5.175279704286121,4.718233095644603,1,0,,,,,,,,-11.045763646388595,-22.731844378103116,-27.298217504506294,0,18.810392724913996,26.010628716937244,,,,,-0.5368544901949166,-3.5353152104452406,-2.998460720250324,-0.9657151836214493,18.810392724913996,,,,,,,,,,,,0
2021-12-03,23.92,24.06,21.5,21.55,30.543500000000005,40.043188994909045,21.043811005090966,2.512348371028832,3.6079495652908093,0,0,,,,,,,,-18.082639601626994,-29.444890074811347,-33.95445769101105,0,15.417365363557167,24.328960820871085,,,,,-0.633870064354273,-3.790798300693165,-3.156928236338892,-0.9647714212034398,15.417365363557167,15.417365363557167,,15.417365363557167,,,,,,,,,0
2021-12-06,21.34,22.05,20.58,21.9,29.788000000000004,39.51116121433746,20.06483878566255,4.5363400977635155,4.074656057692817,1,0,,,,,,,,-14.446441128213216,-26.480461930978926,-31.64651782184399,0,17.533170422580923,22.854639307123218,,,,,-0.610331736076938,-3.919842906435065,-3.309511170358127,-0.9650014652337616,17.533170422580923,,,,,,,,,,,,0
2021-12-07,22.65,23.33,22.02,22.73,29.025500000000005,38.44651581571729,19.604484184282718,9.51745302913336,5.522047165975231,0,0,,,,,,,,-9.395304340893752,-21.689548844981143,-27.833633188697217,0,22.485098983445937,21.970251056322166,,,,,-0.4804429272166071,-3.9100648293788858,-3.4296219021622787,-0.9564821436926254,22.485098983445937,,,,,,,,,,,,0
2021-12-08,23,23.74,21.76,23.72,28.3765,37.37209953532817,19.380900464671832,15.991436720062946,10.01507661565327,0,0,,,,,,,,-3.9442779622581137,-16.4097052138213,-23.40562940638288,0,28.035865553274434,21.67689883696247,,,,,-0.2793988306440238,-3.7788704404673084,-3.4994716098232845,-0.9279708396805485,28.035865553274434,,,,,28.035865553274434,,28.035865553274434,,,,,0
2021-12-09,23.27,23.48,21.7,21.91,27.747500000000002,36.704418834063176,18.79058116593683,19.512699514047878,15.007196421081389,0,0,,,,,,,,-9.038070328392978,-21.03793134516624,-28.204736106256554,0,24.571473512953943,21.518260877031015,,,,,-0.2223476942301974,-3.7774062276110314,-3.555058533380834,-0.9194987287541108,24.571473512953943,,,,,,,,,,,,0
2021-12-10,21.78,21.81,19.82,20.13,27.045500000000004,36.079366226594004,18.011633773406007,17.058641966683656,17.520926066931487,0,0,,,,,,,,-13.634803500943937,-25.569872991810115,-32.91341731653669,0,21.727943609721564,21.35769416205901,,,,,-0.25611796519402485,-3.875205989873365,-3.61908802467934,-0.9229523069305187,21.727943609721564,,,,,,,,,,,,0
2021-12-13,19.7,20.2,18.86,19.7,26.270000000000003,35.02583234193047,17.51416765806954,17.28998381667995,17.953775099137157,0,0,,,,,,,,-12.719861769527352,-25.00951655881235,-33.213547140387156,0,21.0929106764613,21.28526290117781,,,,,-0.2583054505886073,-3.9419698379150994,-3.683664387326492,-0.9328494933900748,21.0929106764613,,,,,,,,,,,,0
2021-12-14,19.155,19.56,18.42,19.13,25.478500000000004,33.800243266887996,17.15675673311201,16.668626931521576,17.00575090496172,0,0,,,,,,,,-12.608497030607657,-24.917086955668523,-33.97300935353606,0,20.248111969565116,21.174090058247536,,,,,-0.2489285288123475,-3.9948250483419265,-3.745896519529579,-0.9381716409992988,20.248111969565116,,,,,,,,,,,,0
2021-12-15,19,19.8,17.89,19.5,24.760000000000005,32.522182682724974,16.99781731727504,17.81578156551128,17.258130771237592,1,0,,,,,,,,-9.078192754231429,-21.243941841680147,-31.47475694037717,0,22.420197625594398,21.078717538172253,,,,,-0.17223885193651078,-3.9611950844502175,-3.7889562325137067,-0.9281110087627793,22.420197625594398,,,,,,,,,,,,0
2021-12-16,19.24,19.89,17.71,18.14,24.023000000000003,31.348080477373315,16.69791952262669,14.563036601009724,16.349148366014187,0,0,,,,,,,,-12.960030708699255,-24.489031344961088,-34.810733109726876,0,20.23831132996135,20.835744770330184,,,,,-0.16739103503519903,-3.9981950263077053,-3.8308039912725063,-0.9277191444222981,20.23831132996135,20.23831132996135,20.23831132996135,20.23831132996135,,,,,,,,,0
2021-12-17,17.88,19.37,17.075,19.1,23.451500000000003,30.43213972713071,16.470860272869295,18.183609186147557,16.854142450889515,1,0,,,,,,,,-7.263546319673786,-18.555316291068802,-29.850764540969354,0,25.732557979115185,21.10180616997011,,,,,-0.05938793664486264,-3.9050389120785844,-3.845650975433722,-0.9117116600920104,25.732557979115185,,,,,,,,,,,,0
2021-12-20,18.27,18.93,17.59,18.03,22.9035,29.77893824057757,16.02806175942243,17.83315025825083,16.85993201513603,0,0,,,,,,,,-10.782324706813862,-21.278407230335972,-32.20530174844895,0,23.767419867794217,21.36891303379615,,,,,-0.02180530758068233,-3.872907609909575,-3.8511023023288926,-0.9081859350166962,23.767419867794217,,,,,,,,,,,,0
2021-12-21,18.1048,19.03,17.98,18.93,22.458000000000006,29.148418820970477,15.767581179029534,25.497565052329705,20.504774832242692,0,0,,,,,,,,-4.533763679459446,-15.709324071600339,-27.08012326656396,0,28.69966979016111,22.19860638636434,,,,,0.09543948849070549,-3.731802941715511,-3.8272424302062165,-0.8800979664402399,28.69966979016111,,,,,,,,,,,,0
2021-12-22,18.64,18.88,18.04,18.38,21.994500000000006,28.462654218940276,15.526345781059735,30.40372024349913,24.578145184693216,0,0,,,,,,,,-4.742161181653359,-16.433653868012488,-27.49316221333895,0,27.527537365612403,22.821259574985653,,,,,0.16371568314636198,-3.622597826273264,-3.786313509419626,-0.8545199868280656,27.527537365612403,,,,,,,,,,,,0
2021-12-23,18.31,19.25,17.89,18.9,21.540500000000005,27.520675499096598,15.560324500903414,35.06268515813265,30.32132348465383,0,0,,,,,,,,-0.49489312414454645,-12.258304124788221,-23.881378458564374,0,30.42090675356212,23.892941102843157,,,,,0.2656319152959168,-3.45427361529973,-3.7199055305956468,-0.8441707370672283,30.42090675356212,,,,,30.42090675356212,,30.42090675356212,,,,,0
2021-12-27,18.83,18.85,18.21,18.44,21.06650000000001,26.41877157382685,15.714228426173168,38.727692445086035,34.73136594890594,0,0,,,,,,,,-2.0451527224436217,-12.467661927705153,-24.131877777168253,0,29.306276868715457,24.73387727756705,,,,,0.320143714524872,-3.3197258874395565,-3.6398696019644285,-0.8233501620423807,29.306276868715457,,,,,,,,,,,,0
2021-12-28,18.1535,18.53,17.4,17.45,20.585500000000003,25.39473892107635,15.776261078923657,35.588083156201186,36.45948691980663,0,0,,,,,,,,-6.1827956989248145,-15.231595054771574,-26.412707337644093,0,27.012333572175052,25.057251176761987,,,,,0.307532700876437,-3.2554537258688825,-3.5629864267453195,-0.8041128729866766,27.012333572175052,,,,,,,,,,,,0
2021-12-29,17.45,17.67,16.68,17.11,20.144000000000005,24.50642776444445,15.781572235555561,30.473728573663138,34.92983472498346,0,0,,,,,,,,-7.000760952277496,-15.061556791104081,-25.989474443082706,0,26.25232548060292,24.92985545728545,,,,,0.2942920509243101,-3.1951213630899318,-3.489413414014242,-0.8346661917599433,26.25232548060292,,,,,,,,,,,,0
2021-12-30,17.18,18.72,17.14,18.2,19.857500000000005,23.93076834372544,15.78423165627457,35.244892138691206,33.76890128951851,0,0,,,,,,,,-0.3722356032407226,-8.346972176759436,-19.45477075588601,0,32.78175920971354,25.516304435625422,,,,,0.3719393620307767,-3.024489211475771,-3.396428573506548,-0.7970626962786886,32.78175920971354,,,,,,,,,,,,0
2021-12-31,18.12,18.76,17.72,17.76,19.535500000000006,23.180389435908285,15.890610564091727,36.86657171308701,34.19506414181379,0,0,,,,,,,,-2.5781678551838327,-9.088582324486216,-19.6089082020641,0,31.566781382022285,26.21907856221833,,,,,0.40399433529937356,-2.891435654382331,-3.2954299896817045,-0.758977041452564,31.566781382022285,,,,,,,,,,,,0
2022-01-03,18.05,18.9396,17.91,18.44,19.380000000000006,22.932024774687843,15.82797522531217,42.39150651568409,38.1676567891541,0,0,,,,,,,,1.5194890993172505,-4.850361197110442,-14.979943750288172,0,35.542800368738895,27.251213540238155,,,,,0.4763475384804683,-2.6999955665811193,-3.1763431050615876,-0.6143743205495985,35.542800368738895,,,,,35.542800368738895,,35.542800368738895,,,,,0
2022-01-04,18.39,18.45,16.84,17.4,19.15500000000001,22.60874868801941,15.701251311980606,41.67441160272166,40.310829943830925,0,0,,,,,,,,-3.8727142146843696,-9.162098668754936,-18.320085122363405,0,32.438580760770776,28.121961311038564,,,,,0.45931394283373717,-2.6022006765194163,-3.0615146193531535,-0.6277098957965566,32.438580760770776,,,,,,,,,,,,0
2022-01-05,17.3,17.5,15.77,15.98,18.81750000000001,22.12397168443887,15.51102831556115,32.83061424973089,38.96551078937889,0,0,,,,,,,,-10.254970234752426,-15.07904875780528,-23.56748828162368,0,28.74684452652528,28.573864661105052,,,,,0.3618497809861845,-2.609202393120423,-2.9710521741066076,-0.6445455184696322,28.74684452652528,,,,,,,,,,,,0
2022-01-06,15.8,16.05,14.8,15.58,18.410500000000006,21.15996158365525,15.661038416344763,29.59696009638045,34.70066198294433,0,0,,,,,,,,-11.103503366427114,-15.374378751256101,-24.018532065349905,0,27.787499950383747,29.11309241970665,,,,,0.2833518191073616,-2.6168624002224057,-2.9002142193297673,-0.7689866229033588,27.787499950383747,,,,,,,,,,,,0
2022-01-07,15.62,16.48,15.52,15.89,18.109500000000004,20.562746624372767,15.65625337562724,29.587558459331994,30.671710935147775,0,0,,,,,,,,-7.750362844702563,-12.255998232971665,-20.95313899114516,0,29.744326059870744,29.399647282617764,,,,,0.26552122200462147,-2.5683126918239907,-2.833833913828612,-0.7857261416751086,29.744326059870744,,,,,,,,,,,,0
2022-01-10,15.35,16,14.75,15.61,17.883500000000005,20.382926134134795,15.384073865865213,28.228813760018497,29.13777743857698,0,0,,,,,,,,-7.862117813717484,-12.712835854279113,-20.727888277613214,0,28.980444687567797,29.772006198315875,,,,,0.24839286495836665,-2.5233428326306537,-2.7717356975890204,-0.8613387098184594,28.980444687567797,,,,,,,,,,,,0
2022-01-11,15.525,16.82,15.33,16.41,17.71900000000001,20.150706396750916,15.2872936032491,34.59432592913813,30.8035660494962,0,0,,,,,,,,-2.5418695807104097,-7.3875500874767575,-15.133858539192202,0,34.18144376797348,30.163561482445335,,,,,0.3009594944936209,-2.3955363294719945,-2.6964958239656154,-0.8284591880534278,34.18144376797348,,,,,,,,,,,,0
2022-01-12,16.63,17.21,16.06,16.25,17.575000000000006,19.9964995354118,15.153500464588214,36.47408510143073,33.099074930195776,0,0,,,,,,,,-2.9966571155683908,-7.539118065433891,-14.533660589060315,0,33.65066064872869,30.600927431239352,,,,,0.33250305698867555,-2.280867002729771,-2.6133700597184464,-0.8116688319285652,33.65066064872869,,,,,,,,,,,,0
2022-01-13,16.26,16.39,15.26,15.3,17.365000000000006,19.810661464716617,14.919338535283396,31.27972979592822,34.11604694216569,0,0,,,,,,,,-7.058680597740363,-11.891736251079788,-18.29396372180786,0,30.611207413751785,30.614520335538618,,,,,0.29804240653687764,-2.2408170515473493,-2.538859458084227,-0.804955884339641,30.611207413751785,,,,,,,,,,,,0
2022-01-14,15.09,15.73,14.73,15.17,17.216500000000003,19.811982806723982,14.621017193276025,31.146688990089686,32.96683462914954,0,0,,,,,,,,-6.375362587175337,-11.886852728487229,-17.664724825415203,0,30.209098165608765,30.679007571030997,,,,,0.2756692637625049,-2.1942728783810956,-2.4699421421436005,-0.7996878746435985,30.209098165608765,,,,,,,,,,,,0
2022-01-18,14.9,14.96,14.26,14.4,16.981500000000008,19.70044299315,14.262557006850017,26.953322815096428,29.79324720037144,0,0,,,,,,,,-8.854990822204057,-15.201837293525344,-20.819663116992615,0,27.873554396056093,30.740523344165357,,,,,0.22057356288292684,-2.194225188539942,-2.414798751422869,-0.8449264886761407,27.873554396056093,,,,,,,,,,,,0
2022-01-19,14.46,14.65,13.84,13.89,16.77450000000001,19.759941173427965,13.789058826572054,22.87987978524722,26.99329719681111,0,0,,,,,,,,-10.085447954427861,-17.195743539300768,-22.485955578704562,0,26.416773756041138,30.7522696495538,,,,,0.16394606503107445,-2.209866170134026,-2.3738122351651003,-0.8992224480944279,26.416773756041138,,,,,,,,,,,,0
2022-01-20,14.1,14.84,13.65,13.69,16.51250000000001,19.612802404604945,13.412197595395075,20.14139321447174,23.32486527160513,0,0,,,,,,,,-10.046652211052088,-17.093111279333893,-22.295379725280963,0,25.846288404565584,30.256878877757515,,,,,0.12873678306112835,-2.2128912563386898,-2.341628039399818,-0.9004644729300033,25.846288404565584,,,,,,,,,,,,0
2022-01-21,13.47,13.68,12.7734,12.98,16.242500000000007,19.576937733711574,12.90806226628844,16.368998564319526,19.796757188012826,0,0,,,,,,,,-13.229493950130477,-20.086193627828266,-24.797219003476233,0,23.87512171544077,29.70747461585884,,,,,0.07595732689123302,-2.246681380785777,-2.32263870767701,-0.9054187699136308,23.87512171544077,23.87512171544077,23.87512171544077,23.87512171544077,,,,,,,,,0
2022-01-24,12.25,13.16,11.15,13.12,15.953500000000009,19.31830772110372,12.588692278896296,17.789354610057917,18.099915462949724,0,0,,,,,,,,-10.638877537120406,-17.760992885573746,-22.67342488359757,0,25.088312536362537,28.96072548497481,,,,,0.06900390436243109,-2.236383827223971,-2.305387731586402,-0.9087940256506498,25.088312536362537,,,,,,,,,,,,0
2022-01-25,12.87,13.47,12.705,13.05,15.684000000000006,19.072352992236752,12.295647007763261,18.13298606552918,17.430446413302207,1,0,,,,,,,,-9.53833356439775,-16.794185156847774,-22.00107584722968,0,24.87485195061865,28.420459141392516,,,,,0.07757887856320345,-2.208414133382398,-2.2859930119456013,-0.9044592819195657,24.87485195061865,,,,,,,,,,,,0
2022-01-26,13.35,13.58,12.34,12.41,15.432000000000007,19.002291864819977,11.861708135180038,16.521876139585906,17.481405605057663,0,0,,,,,,,,-11.521460145444307,-19.582685329186145,-24.733139252789904,0,22.952050857030642,28.006545307857184,,,,,0.05888435034905237,-2.212387574009286,-2.2712719243583384,-0.9284118766332263,22.952050857030642,,,,,,,,,,,,0
2022-01-27,12.655,12.655,11.4,11.61,15.157000000000007,19.0044516241273,11.309548375872717,13.442470254365912,16.03244415316033,0,0,,,,,,,,-14.393157351423225,-23.401728574256165,-28.498111348333055,0,20.78884020299428,27.50664104018651,,,,,0.013732788823158426,-2.25410593832939,-2.2678387271525486,-0.9608070417851204,20.78884020299428,20.78884020299428,,20.78884020299428,,,,,,,,,0
2022-01-28,9.97,12.86,9.94,12.73,14.883500000000007,18.602340007314076,11.164659992685937,18.066810614116548,16.010385669356122,1,0,,,,,,,,-4.321683577602553,-14.469042899855577,-20.495472051629015,0,30.64420668127336,27.570918227429555,,,,,0.0768640055663079,-2.1717587201946635,-2.2486227257609714,-0.950303979976954,30.64420668127336,,,,,,,,,-65.03840409893297,0,0,0
2022-01-31,12.6385,14.54,11.85,14.15,14.703000000000008,18.1890011474467,11.216998852553317,31.598278265040214,21.035853044507558,0,0,,,,,,,,7.172612285086544,-3.761137182887897,-10.886724326139873,0,40.71544703609192,28.409132680895564,,,,,0.22352543777003353,-1.9692159285484294,-2.192741366318463,-0.835938965948097,40.71544703609192,,,,,,,,,-62.728309584147894,2.3100945147851806,-1.1550472573925903,0
2022-02-01,14.29,14.74,13.41,14.65,14.513500000000008,17.54930154160311,11.477698458396905,40.23945722313087,29.96818203409588,0,0,,,,,,,,10.749924402781819,0.940503668997783,-6.867834968532128,0,43.80951156879153,29.096851809525422,,,,,0.35563204575313945,-1.7482013091270385,-2.103833354880178,-0.6096428522395987,43.80951156879153,,,,,43.80951156879153,,43.80951156879153,,-58.92110540994605,5.044366871034558,-2.522183435517279,0
2022-02-02,14.59,14.85,13.54,14.02,14.344500000000007,17.080222756421044,11.608777243578968,43.62712893549651,38.48828814122253,0,0,,,,,,,,5.88324144702046,-2.262191083690668,-10.108997649070318,0,40.91219576476857,29.61553288924256,,,,,0.39876620771907145,-1.6053755952313384,-2.00414180295041,-0.3886067766256454,40.91219576476857,,,,,,,,,-55.23582938244147,7.467624682351177,-3.7338123411755886,0
2022-02-03,13.41,14.68,13.24,14.15,14.253000000000009,16.884213408296574,11.621786591703444,48.77305288520851,44.213213014611966,0,0,,,,,,,,6.495070369533962,-0.7226548796745114,-8.339091380203822,0,41.76800424390822,30.412446948539447,,,,,0.4314655558099978,-1.4648098581879125,-1.8962754139979103,-0.1313976593702767,41.76800424390822,,,,,,,,,-52.31067583605514,9.345271622806333,-4.6726358114031665,0
2022-02-04,14.16,15.33,13.77,15.18,14.23300000000001,16.829413680444585,11.636586319555434,56.81034425274068,49.736842024481895,0,0,,,,,,,,12.386170134004404,6.653551605423935,-0.9827796138458744,0,48.17292798566751,31.695577649972215,,,,,0.512362911017672,-1.2558217752258205,-1.7681846862434925,0.295254815650333,48.17292798566751,,,,,48.17292798566751,,48.17292798566751,,-48.19014219216857,11.656349977211686,-5.828174988605843,0
2022-02-07,15.06,15.24,13.77,13.91,14.13400000000001,16.61873258118451,11.649267418815509,58.194129722819795,54.592508953589665,0,0,,,,,,,,2.384807890475349,-1.5848309042026942,-8.271602224518027,0,42.0338563152961,32.70702778706079,,,,,0.47128066480383124,-1.1790838552387033,-1.6503645200425345,0.46611605610774093,42.0338563152961,,,,,,,,,-46.42838846695937,13.112382794863823,-6.5561913974319115,0
2022-02-08,13.82,13.8213,12.93,13.38,14.022500000000008,16.43126628173013,11.613733718269884,54.58706342872278,56.53051246809442,0,0,,,,,,,,-1.7549012409135645,-4.58192191121417,-10.77422366461419,0,39.75682905404361,33.659888879775245,,,,,0.4020484940479929,-1.1478039024825435,-1.5498523965305364,0.4999385472349358,39.75682905404361,39.75682905404361,,39.75682905404361,,,,,,-45.878348769876915,13.833666461236387,-6.916833230618193,0
2022-02-09,13.5941,14.28,13.22,13.91,13.897500000000004,16.04276338709269,11.75223661290732,56.31640600979655,56.365866387113044,0,0,,,,,,,,1.0240395090419074,0.08994423457453493,-6.504156117670757,0,43.07758526363005,34.89069579827985,,,,,0.3855321345383931,-1.067937228357545,-1.453469362895938,0.5762873912681004,43.07758526363005,,,,,,,,,-46.43472500225108,13.957236337220417,-6.9786181686102084,0
2022-02-10,13.38,14.7,13.32,13.52,13.761000000000005,15.618222657626276,11.903777342373733,54.10899839740336,55.004155945307566,0,0,,,,,,,,-3.151862464183508,-1.7513262117578976,-8.388670551565236,0,41.274626702524785,36.133517583071566,,,,,0.3433318826684446,-1.0243045095603822,-1.3676363922288268,0.504761714195942,41.274626702524785,,,,,,,,,-46.099512901131675,13.958614176113597,-6.979307088056799,0
2022-02-11,13.6112,14.19,13.07,13.32,13.662000000000003,15.386895359145191,11.937104640854814,52.05229120544396,54.15923187088129,0,0,,,,,,,,-4.986090306013402,-2.503293807641649,-8.737952770291857,0,40.34213842352856,37.223076575011994,,,,,0.29858850489820155,-0.9944007611060748,-1.2929892660042763,0.4122768539827092,40.34213842352856,,,,,,,,,-45.29918106115699,13.977357420475903,-6.988678710237951,0
2022-02-14,13.105,13.87,12.97,13.35,13.571000000000007,15.154286455446474,11.98771354455354,51.341809049828285,52.501032884225204,0,0,,,,,,,,-4.225554200444948,-1.6284724780783022,-7.601799515515029,0,40.55906949897161,38.34337782846578,,,,,0.2685941859569847,-0.9572465335580453,-1.22584071951503,0.3093492540796766,40.55906949897161,,,,,,,,,-45.207326899105574,13.906772169435932,-6.953386084717966,0
2022-02-15,13.68,13.77,13.31,13.67,13.534500000000005,15.072673917344979,11.996326082655031,53.60354048750255,52.33254691425827,0,0,,,,,,,,-1.2354598656167837,1.0011452214710115,-4.334235327050462,0,42.94238273888835,39.771258677169904,,,,,0.26731158514152,-0.89170123808813,-1.15901282322965,0.15237973428291554,42.94238273888835,,,,,,,,,-44.24226090125785,13.906982257234276,-6.953491128617138,0
2022-02-16,13.52,14.06,13.28,13.51,13.515500000000003,15.045002860409415,11.98599713959059,53.58530067765344,52.84355007166143,0,0,,,,,,,,-2.0304568527920286,-0.040694017979381325,-4.588149438546085,0,42.03485528767985,41.28883118321887,,,,,0.25285043325641654,-0.8429497816591294,-1.095800214915546,-0.28875669072945176,42.03485528767985,,,,,,,,,-43.227611550272364,13.97517495694138,-6.98758747847069,0
2022-02-17,13.35,13.49,12.15,12.25,13.443500000000006,15.06610623689181,11.8208937631082,44.75136723611304,50.64673613375635,0,0,,,,,,,,-9.926470588235425,-8.877896381150785,-12.720277395145562,0,35.6460420452465,41.646105137788375,,,,,0.1601115708663574,-0.8956607513325991,-1.0557723221989566,-0.7487310305383721,35.6460420452465,,,,,,,,,-43.98939056088244,13.871985655980543,-6.935992827990272,0
2022-02-18,12.35,12.4399,11.64,11.81,13.385000000000005,15.14847951504983,11.62152048495018,31.997272675853694,43.444646863206735,0,0,,,,,,,,-10.955289150267811,-11.766903249906646,-15.09501785329146,0,33.718744170783836,41.146340647409225,,,,,0.07513683810647787,-0.9618512745658592,-1.036988112672337,-0.8182957806937148,33.718744170783836,,,,,,,,,-45.814024751324204,13.579832327339615,-6.789916163669807,0
2022-02-22,11.47,11.74,10.98,11.31,13.294500000000003,15.275454063071772,11.313545936928234,26.239184017002486,34.32927464298975,0,0,,,,,,,,-13.020072291009921,-14.92722554439807,-17.787308279421367,0,31.62614614107777,40.27610025971539,,,,,-0.004517284593752446,-1.0426347184145275,-1.038117433820775,-0.8341182114560491,31.62614614107777,,,,,,,,,-48.26099833711073,13.19153195549519,-6.595765977747595,0
2022-02-23,11.37,11.5989,10.83,10.86,13.185000000000002,15.432135954943666,10.937864045056338,17.771965154730896,25.336140615862366,0,0,,,,,,,,-14.830209395341697,-17.633674630261677,-20.13922933620943,0,29.8317421358567,39.484639286221686,,,,,-0.07345977225557299,-1.1299421491402413,-1.0564823768846683,-0.8839898396301,29.8317421358567,29.8317421358567,,29.8317421358567,,,,,,-49.59639761847137,12.819865503070272,-6.409932751535136,0
2022-02-24,10,11.65,9.93,11.51,13.14,15.481478165604116,10.798521834395885,20.1170343570547,21.376061176262706,0,0,,,,,,,,-8.000959155942923,-12.404870624048714,-14.330372649233347,0,35.52247068885673,39.03852974657515,,,,,-0.06170747558909828,-1.133616721371041,-1.0719092457819428,-0.9041524593421614,35.52247068885673,,,,,,,,,-49.22919388850027,12.479073676075615,-6.239536838037807,0
2022-02-25,11.54,11.7,10.91,11.61,13.14,15.481478165604116,10.798521834395885,24.65826376036285,20.84908775738283,0,0,,,,,,,,-5.762987012987186,-11.64383561643837,-12.579689774609705,0,36.377360586666306,38.19598921807506,,,,,-0.034952397515120914,-1.115599742675844,-1.080647345160723,-0.8824053968481805,36.377360586666306,,,,,,,,,-48.07179856223066,12.180988595465982,-6.090494297732991,0
2022-02-28,11.495,12.095,11.31,12.01,13.104000000000003,15.491277947789204,10.716722052210802,35.23045246649572,26.66858352797109,0,0,,,,,,,,-1.4685372056774226,-8.348595848595874,-8.814820438842897,0,39.814808446035705,38.03748579884218,,,,,0.01902855061897446,-1.0568616568870048,-1.0758902075059793,-0.8406782666466873,39.814808446035705,,,,,39.814808446035705,,39.814808446035705,,-45.742669287242165,11.995242316763848,-5.997621158381924,0
2022-03-01,12.055,12.26,11.51,11.77,12.985000000000003,15.389067386742823,10.580932613257183,38.67144173449202,32.85338598711686,0,0,,,,,,,,-2.1693957277036158,-9.356950327300751,-9.861384116610928,0,38.47172788536184,37.94569285822205,,,,,0.04635770139427642,-1.0179430807631338,-1.0643007821574102,-0.831626466427564,38.47172788536184,,,,,,,,,-44.85416652472302,11.866911769497303,-5.933455884748652,0
2022-03-02,11.77,11.77,11.075,11.49,12.827000000000002,15.187560103026534,10.466439896973469,36.70549160669289,36.8691286025602,0,0,,,,,,,,-2.7342757978500054,-10.423325797146655,-11.347152924232272,0,36.907487870532144,37.50497161585792,,,,,0.05289101754189862,-0.998187010230037,-1.0510780277719356,-0.7967455428220213,36.907487870532144,,,,,,,,,-44.56429865680186,11.754336394864099,-5.8771681974320495,0
2022-03-03,11.52,11.83,11.11,11.38,12.695000000000002,15.069165116414709,10.320834883585295,35.49262018758853,36.95651784292448,0,0,,,,,,,,-1.896551724138118,-10.358408822371024,-11.62537858196785,0,36.283338867410585,37.1484510562069,,,,,0.056775873720178005,-0.9801081856217131,-1.036884059341891,-0.765707113359922,36.283338867410585,,,,,,,,,-45.027291702307885,11.612017715654154,-5.806008857827077,0
2022-03-04,11.19,11.6727,10.85,10.96,12.535500000000003,14.925801027067603,10.145198972932402,33.46482311438944,35.22097830289028,0,0,,,,,,,,-4.45471188213773,-12.568306010928975,-14.281245111841079,0,33.92434630293326,36.69003733330724,,,,,0.03888419643432206,-0.9882788137989884,-1.0271630102333105,-0.7549251478682801,33.92434630293326,33.92434630293326,,33.92434630293326,,,,,,-45.8496863069711,11.43468618807759,-5.717343094038795,0
2022-03-07,11.04,12.03,11.04,11.42,12.347500000000004,14.450439609213635,10.244560390786372,37.981063935434975,35.64616907913764,0,0,,,,,,,,-0.10496850944735625,-7.511642032800192,-10.318831474791912,0,38.63049023853396,36.5522816718474,,,,,0.06435224035303078,-0.9467227097920219,-1.0110749501450527,-0.6788192545216127,38.63049023853396,,,,,,,,,-45.4702033283023,11.279119570147255,-5.639559785073628,0
2022-03-08,11.26,12.07,11.01,11.75,12.239500000000003,14.229178114670717,10.24982188532929,42.87741553293359,38.107767527586,0,0,,,,,,,,2.387591495294328,-3.9993463785285566,-7.395244975699466,0,41.83125825409431,36.47291563721925,,,,,0.10721927249002294,-0.8770508595325239,-0.9842701320225469,-0.49854102316143195,41.83125825409431,,,,,,,,,-44.42843315584643,11.176029971242217,-5.5880149856211085,0
2022-03-09,11.99,12.47,11.9,12.42,12.191500000000001,14.113990832227724,10.269009167772278,50.784174643698236,43.880884704022264,0,0,,,,,,,,6.774415405776968,1.8742566542262917,-1.9525288142729469,0,47.785644619336,36.88368630376612,,,,,0.180198123996559,-0.7590224770268481,-0.9392206010234071,0.04172763839963141,47.785644619336,,,,,47.785644619336,,47.785644619336,,-41.58275459378482,11.260512567178555,-5.6302562835892775,0
2022-03-10,12.03,12.11,11.61,12.05,12.098500000000003,13.851991089227283,10.345008910772723,52.356389125546706,48.67265976739284,0,0,,,,,,,,3.1148382680128206,-0.4008761416704698,-4.783227097929732,0,45.043495714320905,37.554932994414294,,,,,0.20144373018794348,-0.6874159382884777,-0.8888596684764212,0.3795230658034635,45.043495714320905,,,,,,,,,-40.11682438064255,11.444840807833863,-5.7224204039169315,0
2022-03-11,12.44,12.46,11.01,11.02,11.973500000000003,13.658946825028735,10.288053174971271,51.21059394186078,51.45038590370189,0,0,,,,,,,,-5.2206072073623595,-7.963419217438538,-12.786556572664697,0,38.431908630458445,37.891587598676765,,,,,0.1465714215434163,-0.7056453915471508,-0.8522168130905671,0.2713196480190492,38.431908630458445,,,,,,,,,-40.89597517598349,11.526614883067442,-5.763307441533721,0
2022-03-14,10.91,11.14,10.4,10.65,11.840000000000002,13.500469813034718,10.179530186965286,46.51458740686005,50.02719015808918,0,0,,,,,,,,-7.31877121225325,-10.05067567567568,-15.249741372450199,0,36.36686747420597,38.230210551043065,,,,,0.08865196782174922,-0.7414018533133806,-0.8300538211351298,-0.0372537396594833,36.36686747420597,,,,,,,,,-43.438131636478396,11.435270657942223,-5.717635328971111,0
2022-03-15,10.53,11.12,10.2,11.04,11.724500000000003,13.265856220994849,10.183143779005157,47.19585001551492,48.30701045474524,0,0,,,,,,,,-3.310562270100037,-5.838202055524788,-11.415427409864144,0,40.024961467759844,38.958297646179005,,,,,0.08015822480449997,-0.7298560401295049,-0.8100142649340049,-0.3311937399380306,40.024961467759844,,,,,,,,,-44.740829624541554,11.295745770485903,-5.647872885242951,0
2022-03-16,11.25,12.85,11.19,12.78,11.680000000000001,13.034134409872085,10.325865590127918,63.09170425628672,52.26738055955389,0,0,,,,,,,,10.67809820732637,9.41780821917806,3.0617456519986153,0,53.00538768706985,40.20707743176566,,,,,0.18905996511102685,-0.5736893085452213,-0.7627492736562481,-0.011977323579429244,53.00538768706985,,,,,,,,,-41.30880046345604,11.317842138516106,-5.658921069258053,0
2022-03-17,12.63,13.71,12.455,13.39,11.674000000000001,12.996337324588447,10.351662675411555,65.36588934066646,58.551147870822696,0,0,,,,,,,,13.976847122914315,14.699331848552323,8.16414454197858,0,56.55532164539873,41.648360364532266,,,,,0.29328924484063834,-0.39613771760545013,-0.6894269624460885,0.27479071139433725,56.55532164539873,,,,,,,,,-36.16964986450885,11.758686165588808,-5.879343082794404,0
2022-03-18,13.33,13.95,13.21,13.44,11.733500000000001,13.247372848029055,10.219627151970947,69.90437205597105,66.12065521764141,0,0,,,,,,,,12.037345781927101,14.543827502450224,8.776000215825409,0,56.843092872212104,42.86466639497343,,,,,0.35271968847389723,-0.248527351853717,-0.6012470403276142,0.5110807174117998,56.843092872212104,,,,,56.843092872212104,,56.843092872212104,,-31.5548113456192,12.66641335485008,-6.33320667742504,0
2022-03-21,13.29,13.3,12.5147,13.05,11.7955,13.414727902427463,10.176272097572538,69.32863161908732,68.19963100524161,0,0,,,,,,,,7.327905255366196,10.635411809588401,6.229988603679404,0,53.84702412134152,43.962901840400555,,,,,0.3520719558825748,-0.16115709547439572,-0.5132290513569705,0.6264202440413804,53.84702412134152,,,,,,,,,-30.645313023663068,13.52715920710703,-6.763579603553515,0
2022-03-22,13.18,13.857,12.89,13.42,11.901,13.64972410631285,10.15227589368715,73.19785241383201,70.81028536296346,0,0,,,,,,,,8.875547622910718,12.763633308125378,9.38731150658878,0,56.20541759684324,45.34132539227992,,,,,0.3615013228512704,-0.061352397792882485,-0.4228537206441529,0.7014398353920148,56.20541759684324,,,,,,,,,-30.129521504684515,14.303393799670987,-7.1516968998354935,0
2022-03-23,13.26,13.34,12.72,13.08,12.012,13.764148395541817,10.259851604458184,68.66546447986924,70.39731617092953,0,0,,,,,,,,5.551969012265778,8.891108891108889,6.702923181509179,0,53.50001243059736,46.5710877896504,,,,,0.3306180416510164,-0.009581168580382382,-0.34019921023139876,0.7200409838361651,53.50001243059736,,,,,,,,,-30.15941762913089,14.953192026781847,-7.476596013390924,0
2022-03-24,13.02,13.245,12.61,12.96,12.0845,13.867289667908054,10.301710332091947,66.68179585420697,69.51503758263607,0,0,,,,,,,,3.821196827685469,7.244817741735288,5.997818974918245,0,52.53879582879001,47.9006913272116,,,,,0.2893728668427699,0.021516873322063645,-0.26785599352070627,0.6769876444300442,52.53879582879001,,,,,,,,,-29.627097374542416,15.55768345119531,-7.778841725597655,0
2022-03-25,12.88,12.98,12.26,12.39,12.1235,13.897165977572941,10.349834022427059,60.96752818103377,65.43826283837,0,0,,,,,,,,-1.822503961965305,2.198210087845931,1.6490278119616342,0,48.11657543281549,48.57826884108885,,,,,0.2144177100665471,0.00016614406247761337,-0.2142515660040695,0.5802385492104126,48.11657543281549,48.11657543281549,,48.11657543281549,,,,,,-30.79612560958057,15.970683684163534,-7.985341842081767,0
2022-03-28,12.46,13.02,12.275,12.81,12.1635,13.961045826954015,10.365954173045987,61.655019268230504,63.10144776782374,0,0,,,,,,,,-0.20255531318184028,5.315082007645833,5.241537955964537,0,51.36496859295612,49.259248151007554,,,,,0.18495384868540451,0.01694074485268615,-0.16801310383271836,0.547933432867659,51.36496859295612,,,,,,,,,-30.795952889531332,16.326100711631028,-8.163050355815514,0
2022-03-29,13.19,16.49,13.15,15.91,12.3705,14.786293658407104,9.954706341592896,77.56586427692807,66.72947057539746,0,0,,,,,,,,19.417548600164935,28.612424720100236,29.799847710214333,0,67.52609323221432,50.66928019478457,,,,,0.35615738604324587,0.27718362872133895,-0.0789737573219069,0.70011118325458,67.52609323221432,,,,,67.52609323221432,,67.52609323221432,,-24.877027114061473,17.162464605756902,-8.581232302878451,0
2022-03-30,15.58,15.66,14.4,14.56,12.524000000000001,15.082424515204593,9.965575484795409,72.35734621193296,70.52607658569718,0,0,,,,,,,,7.843863417524455,16.256786969019487,18.499226825099726,0,58.421657921140635,51.62486320955741,,,,,0.35936023031378495,0.3702265305703243,0.010866300256539355,0.7570489026746784,58.421657921140635,,,,,,,,,-20.38363384377082,18.353541290367485,-9.176770645183742,0
2022-03-31,14.62,14.64,13.49,13.51,12.630500000000001,15.166808143739594,10.094191856260409,66.85520447262047,72.25947165382718,0,0,,,,,,,,-0.022200843632225187,6.96330311547444,9.953609505981941,0,52.4934096024757,52.629256136130074,,,,,0.27542184097168865,0.3551436014711502,0.07972176049946153,0.673962391465732,52.4934096024757,,,,,,,,,-18.57570041330442,19.5611062901951,-9.78055314509755,0
2022-04-01,13.54,13.75,13.23,13.5,12.757500000000002,15.199105004909647,10.315894995090357,64.6966840785396,67.96974492103102,0,0,,,,,,,,-0.14054293956671238,5.820105820105792,9.500892229492264,0,52.4388337010592,53.77725372376245,,,,,0.2070078319610362,0.3384815504507568,0.1314737184897206,0.5394311839214212,52.4388337010592,,,,,,,,,-22.634170943381253,20.21352630834446,-10.10676315417223,0
2022-04-04,13.5,13.93,13.37,13.83,12.878,15.281252795691705,10.474747204308295,63.19993254634065,64.91727369916691,0,0,,,,,,,,1.7136132970506424,7.392452244137293,11.568247821878042,0,54.13352320543456,54.78500813359636,,,,,0.17313677216162532,0.34789468369175225,0.17475791153012693,0.39020251357497715,54.13352320543456,,,,,,,,,-23.683795635712084,20.701693109697345,-10.350846554848673,0
2022-04-05,13.8,13.95,12.91,13.03,12.942000000000002,15.289207702782148,10.594792297217856,56.23445802825702,61.3770248843791,0,0,,,,,,,,-3.8943797020211224,0.6799567300262543,4.630620985010725,0,49.52634847528916,54.53650533275488,,,,,0.0901835668039585,0.2874873700350751,0.19730380323111657,0.22353791342753934,49.52634847528916,,,,,,,,,-24.337430650946555,21.08448502396222,-10.54224251198111,0
2022-04-06,12.77,12.89,12.04,12.51,12.946500000000004,15.290029602970623,10.602970397029384,43.481107164818276,54.30516591313866,0,0,,,,,,,,-7.34019702244294,-3.3715676051442767,0.01332445036643648,0,46.74169664386918,53.835532118359914,,,,,-0.0015214331339873655,0.19540201181363237,0.19692344494761974,0.06814672023496543,46.74169664386918,,,,,,,,,-25.958283583827733,21.320857495484912,-10.660428747742456,0
2022-04-07,12.41,12.66,11.56,12.07,12.947500000000002,15.289515157935536,10.605484842064467,34.249852978970615,44.655139390681974,0,0,,,,,,,,-10.005964807635115,-6.777370148677364,-3.6481200606689357,0,44.46359457163171,52.95128223974702,,,,,-0.08879567997306143,0.08592884498129294,0.17472452495435437,-0.10229961383208933,44.46359457163171,,,,,,,,,-29.013375470115466,21.3731942018321,-10.68659710091605,0
2022-04-08,11.46,11.69,11.06,11.24,12.9585,15.266011863458129,10.650988136541873,26.139943262682067,34.62363446882366,0,0,,,,,,,,-15.469654809355626,-13.26156576764287,-10.185382484551441,0,40.457863823189506,51.99491364702188,,,,,-0.19340426194726584,-0.06703080247972792,0.12637345946753792,-0.34619038354820836,40.457863823189506,40.457863823189506,,40.457863823189506,,,,,,-32.0901596954379,21.297399053833356,-10.648699526916678,0
2022-04-11,11.02,11.51,10.84,11.35,12.993500000000001,15.177837657048478,10.809162342951524,24.23803901541322,28.209278419021974,0,0,,,,,,,,-13.694776062656977,-12.648632008311855,-9.146699396979564,0,41.2137428081622,50.92407973354467,,,,,-0.242964503214477,-0.1773321695505583,0.06563233366391867,-0.4740450194053847,41.2137428081622,,,,,,,,,-33.96857576103286,21.167425892332993,-10.583712946166496,0
2022-04-12,11.66,12.08,11.355,11.43,13.013000000000002,15.13325564496358,10.892744355036424,23.883578834073262,24.753853704056194,0,0,,,,,,,,-10.021254821695823,-12.164758318604484,-8.423245379767108,0,41.79248995965704,50.08782812847751,,,,,-0.2567842459135221,-0.255347973727984,0.0014362721855381289,-0.593667428860032,41.79248995965704,,,,,,,,,-34.857687355413624,21.019371263628308,-10.509685631814154,0
2022-04-13,11.32,11.93,11.25,11.89,12.9685,15.143110539843857,10.793889460156144,25.191652393294184,24.437756747593564,0,0,,,,,,,,-4.390479253779533,-8.316304892624437,-4.83939814320774,0,45.13709169087526,49.55913497576931,,,,,-0.22264210728097283,-0.2768663619156779,-0.05422425463470508,-0.6721246478969667,45.13709169087526,,,,,,,,,-33.341453502749175,20.9074311639284,-10.4537155819642,0
2022-04-14,11.78,11.89,11.305,11.38,12.868000000000004,15.139049096783165,10.596950903216843,24.874222350765784,24.649817859377748,0,0,,,,,,,,-6.896833837846861,-11.563568542120006,-8.92113968626611,0,42.23922528392044,49.13932425084824,,,,,-0.22162386543492746,-0.3312540864283644,-0.10963022099343694,-0.8209248697657433,42.23922528392044,,,,,,,,,-33.028049111932006,20.80359420224095,-10.401797101120476,0
2022-04-18,11.285,11.39,10.9,10.99,12.745500000000002,15.140824403916929,10.350175596083075,21.883726848733964,23.983200530931317,0,0,,,,,,,,-8.20247243568345,-13.773488682280032,-12.049510496972271,0,40.11810956685235,48.335977177555115,,,,,-0.23325717302093313,-0.40120168726960337,-0.16794451424867024,-0.9202660443364518,40.11810956685235,,,,,,,,,-33.645562372366705,20.68540499538364,-10.34270249769182,0
2022-04-19,10.98,11.635,10.83,11.56,12.671000000000001,15.115977709509878,10.226022290490125,21.91684379785836,22.89159766578604,0,0,,,,,,,,-1.5751383567477295,-8.76805303448821,-7.5224660675715205,0,44.50444227465739,46.69157353772962,,,,,-0.1904137919375731,-0.4059617541706366,-0.21554796223306352,-0.8976282012218485,44.50444227465739,,,,,,,,,-34.025054288014196,20.560319961409917,-10.280159980704958,0
2022-04-20,11.55,11.56,10.68,10.71,12.535500000000003,15.097018885349058,9.973981114650947,18.199700632055876,20.66675709288274,0,0,,,,,,,,-6.9747242247895525,-14.5626420964461,-14.084017434553541,0,39.82021052732618,45.36289872388573,,,,,-0.20585848968932108,-0.47287107434471487,-0.2670125846553938,-0.8923940140799045,39.82021052732618,,,,,,,,,-35.05909056002235,20.41822355611943,-10.209111778059714,0
2022-04-21,10.869,11.11,10.2,10.44,12.403500000000003,15.107314157814805,9.6996858421852,17.081273773088753,19.065939401001003,0,0,,,,,,,,-7.659649743499209,-15.830209215140911,-15.804188284631282,0,38.43630586379419,44.35881988540847,,,,,-0.2195439512967396,-0.5414425237763183,-0.3218985724795787,-0.8917223441112979,38.43630586379419,,,,,,,,,-35.836775676631056,20.267482442958134,-10.133741221479067,0
2022-04-22,10.4,10.66,10.15,10.26,12.268500000000003,15.113617045044002,9.423382954956004,16.803745404277873,17.361573269807508,0,0,,,,,,,,-7.775280898876602,-16.371194522557797,-16.855753646677464,0,37.50061069819755,43.29180395663264,,,,,-0.2251653684415762,-0.603355283031549,-0.37818991458997275,-0.8863912518022534,37.50061069819755,,,,,,,,,-38.061178245546806,20.099520302825375,-10.049760151412688,0
2022-04-25,10.13,10.45,9.975,10.39,12.168500000000003,15.127805830765004,9.209194169235003,16.726338929185626,16.870452702184092,0,0,,,,,,,,-5.887681159420488,-14.615605867609005,-15.658738533971894,0,38.66200017190477,42.18669516852337,,,,,-0.20514104156365798,-0.6346162165445453,-0.4294751749808873,-0.8889845910382643,38.66200017190477,,,,,,,,,-38.364039905127434,19.934194609838062,-9.967097304919031,0
2022-04-26,10.33,10.505,9.85,10,12.028000000000002,15.11615543650251,8.939844563497495,14.660880667733487,16.063655000399006,0,0,,,,,,,,-8.298945437872728,-16.860658463584986,-18.681556977122405,0,36.47236397850738,41.25426770446752,,,,,-0.2028097947321707,-0.6829874183961007,-0.48017762366392996,-0.8927404480642317,36.47236397850738,,,,,,,,,-38.87610970992713,19.771137074298053,-9.885568537149027,0
2022-04-27,9.595,10.04,9.38,9.51,11.708000000000002,14.424833450913024,8.99116654908698,12.49204867573906,14.626422757552731,0,0,,,,,,,,-11.229347521702792,-18.773488213187584,-22.344102996815373,0,33.876386723306666,40.33531699585591,,,,,-0.2176099573483432,-0.7521900703493589,-0.5345801130010157,-0.8915889831132175,33.876386723306666,33.876386723306666,,33.876386723306666,,,,,,-39.91482981980598,19.611156800203542,-9.805578400101771,0
2022-04-28,9.6,10.2,9.2601,10.09,11.484500000000002,13.949896317024887,9.019103682975118,15.18846508437537,14.113798142615979,1,0,,,,,,,,-4.205829298395725,-12.14245287126129,-17.00027419797093,0,39.37676634825852,39.971972122757826,,,,,-0.17359102913964009,-0.7515688994255658,-0.5779778702859257,-0.870990586066464,39.37676634825852,,,,,,,,,-39.76474302914219,19.454909318922347,-9.727454659461173,0
2022-04-29,9.05,10.79,9,9.805,11.299250000000004,13.68347372062687,8.915026279373139,17.39479416496787,15.025102641694104,0,0,,,,,,,,-5.498530191316286,-13.224329048388206,-18.543954142032327,0,37.716532016524816,39.77616270799606,,,,,-0.14981960940459937,-0.765252382041675,-0.6154327726370756,-0.9094853405485223,37.716532016524816,,,,,,,,,-39.27867766258789,19.302547677351086,-9.651273838675543,0
2022-05-02,9.76,10.49,9.52,10.48,11.148250000000004,13.329738654565931,8.966761345434078,30.643757397853648,21.0756722157323,0,0,,,,,,,,1.50612620465862,-5.9942143385733555,-12.216777652133848,0,43.764173284241046,39.95833631343026,,,,,-0.0783786463641667,-0.7134060805922839,-0.6350274342281172,-0.8498644714244628,43.764173284241046,,,,,,,,,-36.41845737248513,19.170014106581778,-9.585007053290889,0
2022-05-03,10.12,10.51,9.64,10.1,10.961750000000004,12.805976870534089,9.11752312946592,33.46581764872903,27.168123070516856,0,0,,,,,,,,-0.7712334823404388,-7.861427235614782,-14.69714671809237,0,41.33110255815753,39.92538007046601,,,,,-0.04795338496380752,-0.6949691654328767,-0.6470157804690692,-0.8160980362463859,41.33110255815753,,,,,,,,,-35.75162364763972,19.047468856956478,-9.523734428478239,0
2022-05-04,10.09,10.92,9.853,10.9,10.855250000000003,12.436716012913312,9.273783987086695,43.06206197873878,35.72387900844049,0,0,,,,,,,,6.888943368472433,0.41224292393078343,-7.282702695039478,0,47.89828521055685,40.122608179014705,,,,,0.030583225545918413,-0.6087867485366711,-0.6393699740825896,-0.5734078375572721,47.89828521055685,,,,,47.89828521055685,,47.89828521055685,,-32.93710720805112,18.97254646449961,-9.486273232249806,0
2022-05-05,10.85,10.965,10.365,10.61,10.760250000000005,12.149251349891287,9.371248650108722,47.501325042131576,41.3430682231998,0,0,,,,,,,,3.871946742375809,-1.3963430217699857,-9.1129734591608,0,45.89284886743688,40.38358129212302,,,,,0.06552711978853731,-0.5574610743469179,-0.6229881941354553,-0.3682337035591851,45.89284886743688,,,,,,,,,-32.097715425571,18.915400691653783,-9.457700345826892,0
2022-05-06,10.5,10.67,9.91,10.12,10.662750000000004,11.939540801188622,9.385959198811387,44.394392456750126,44.985926492540166,0,0,,,,,,,,-0.7891770011276278,-5.090150289559492,-12.601655271680478,0,42.6439992586915,40.564001984397244,,,,,0.058403245003640025,-0.5499841378809052,-0.6083873828845452,-0.29816987746470996,42.6439992586915,,,,,,,,,-31.55917927767757,18.86962222424781,-9.434811112123905,0
2022-05-09,9.86,10.24,9.39,9.5,10.575750000000005,11.918758842115256,9.232741157884753,38.963006943505114,43.61957481412895,0,0,,,,,,,,-6.0475695989716804,-10.171855423965248,-17.26780556482864,0,38.89229611992126,40.16313440191609,,,,,0.016856143762859155,-0.5873172031809712,-0.6041733469438304,-0.20631459628635668,38.89229611992126,,,,,,,,,-34.10132439691058,18.773758778254308,-9.386879389127154,0
2022-05-10,9.635,9.935,8.915,9.27,10.471750000000005,11.879412157621534,9.064087842378477,29.337992439010222,37.56513061308849,0,0,,,,,,,,-7.655526224037668,-11.476114307541774,-18.432591767000538,0,37.5717522917837,40.00253024223449,,,,,-0.01923833090377447,-0.6282212605735484,-0.608982929669774,-0.2806497893521975,37.5717522917837,,,,,,,,,-36.615715907375545,18.65065114599009,-9.325325572995045,0
2022-05-11,8.98,9.37,8.01,8.15,10.307750000000006,11.971596372114861,8.64390362788515,20.254053154737,29.518350845750785,0,0,,,,,,,,-17.69755112345385,-20.933278358516695,-26.61734471839967,0,31.892927255408978,39.53514605592126,,,,,-0.10677694561342377,-0.7424541116865537,-0.63567716607313,-0.4626908209530942,31.892927255408978,31.892927255408978,,31.892927255408978,,,,,,-40.49360466485957,18.5234909540516,-9.2617454770258,0
2022-05-12,7.902,8.83,7.71,8.56,10.141250000000005,11.804896221406391,8.477603778593618,24.809271841357265,24.80043914503484,0,0,,,,,,,,-12.200625673111642,-15.592259336866787,-21.512294267768983,0,35.72296780223378,39.40817156335242,,,,,-0.12408643993080637,-0.790785215986638,-0.6666987760558316,-0.5693314990804738,35.72296780223378,,,,,,,,,-41.97083818940156,18.407997113908657,-9.203998556954328,0
2022-05-13,10.54,10.855,9.84,10.69,10.106750000000005,11.693029530851925,8.520470469148085,43.565896877298535,29.543073957797606,0,0,,,,,,,,8.660296808294099,5.770895688524935,-1.1298999583802205,0,51.10614027659955,40.297038713687755,,,,,0.013578910007317035,-0.6497251385466853,-0.6633040485540024,-0.3234241077390884,51.10614027659955,,,,,51.10614027659955,,51.10614027659955,,-38.08759249860892,18.284913333287612,-9.142456666643806,0
2022-05-16,10.64,10.64,9.945,10.11,10.062750000000005,11.596540973372774,8.528959026627236,45.19108864313428,37.8554191205967,0,0,,,,,,,,3.1527395163756466,0.4695535514644966,-5.5066593971493045,0,47.75464373218311,41.1029158389503,,,,,0.0681860268096689,-0.5780715150419162,-0.6462575418515851,-0.25456583969910984,47.75464373218311,,,,,,,,,-33.06185003422595,18.216365558151075,-9.108182779075538,0
2022-05-17,10.35,10.55,9.5,10.06,9.987750000000005,11.35948785760976,8.61601214239025,49.10929580093051,45.95542710712112,0,0,,,,,,,,2.6844952536488442,0.7233861480312909,-4.856480824703258,0,47.465660981612636,42.073578285972154,,,,,0.10153920896677626,-0.5193335306431148,-0.6208727396098911,-0.28354245632255315,47.465660981612636,,,,,,,,,-29.178827430911497,18.23618211279737,-9.118091056398685,0
2022-05-18,9.9,10.45,9.675,9.73,9.938750000000004,11.273298144504306,8.604201855495702,48.56754956627025,47.62264467011169,0,0,,,,,,,,0.5165289256195971,-2.100364733995763,-7.010082668323214,0,45.50828005554556,42.51154355077837,,,,,0.10172203345773534,-0.4937201977877219,-0.5954422312454573,-0.2728770568982551,45.50828005554556,,,,,,,,,-30.924065824047247,18.208226399763628,-9.104113199881814,0
2022-05-19,9.74,10.45,9.625,10.21,9.927250000000004,11.24821735387362,8.606282646126388,53.107905735267124,50.261583700822634,0,0,,,,,,,,5.912863070539198,2.848220806366286,-1.7024758909516602,0,48.81466453605881,43.30426730217365,,,,,0.13256519902005448,-0.4297357324703892,-0.5623009314904437,-0.22893514296117698,48.81466453605881,,,,,,,,,-30.27793085962409,18.193472344918504,-9.096736172459252,0
2022-05-20,10.35,10.55,9.5707,10.08,9.918250000000006,11.232461836044632,8.60403816395538,53.64588494221128,51.77378008124956,0,0,,,,,,,,4.607721046076962,1.630832052025255,-2.3303134538055215,0,47.96579435639365,43.60438309304169,,,,,0.14177790483917307,-0.3850785504414773,-0.5268564552806504,-0.10027699699069717,47.96579435639365,,,,,,,,,-29.794290957918076,18.18809156675863,-9.094045783379315,0
2022-05-23,9.99,10.115,9.55,10.06,9.901750000000005,11.20004609488737,8.60345390511264,54.03650018059256,53.596763619357,0,0,,,,,,,,3.7969459347913403,1.5982023379705224,-2.1511825830401676,0,47.82799586025338,44.06844690033426,,,,,0.14364691477667535,-0.34729781180980623,-0.4909447265864816,-0.0280898558438349,47.82799586025338,,,,,,,,,-28.573182570225356,18.211398045543998,-9.105699022771999,0
2022-05-24,9.89,9.92,8.97,9.11,9.857250000000006,11.19929871372083,8.515201286279181,43.70784297267254,50.4634093651588,0,0,,,,,,,,-5.849524596941114,-7.580714702376479,-10.743153872532197,0,41.69989270427603,43.625704578457054,,,,,0.08113723409130891,-0.3895231839723454,-0.47066041806365433,0.04311436938921882,41.69989270427603,41.69989270427603,,41.69989270427603,,,,,,-30.699991477637525,18.180300072997444,-9.090150036498722,0
2022-05-25,9.07,9.37,8.97,9.23,9.843250000000006,11.205190802678157,8.481309197321856,40.97487794062893,46.23974036463135,0,0,,,,,,,,-5.6623058053967945,-6.230157722297058,-8.912975542360869,0,42.69862987781265,43.397546079198186,,,,,0.04965307021593396,-0.4085940802937369,-0.45824715050967085,0.13182930449690886,42.69862987781265,,,,,,,,,-32.29568212427246,18.118685360650414,-9.059342680325207,0
2022-05-26,9.12,9.535,9.06,9.28,9.802750000000007,11.181007867744505,8.424492132255509,45.11596894682599,43.266229953375834,0,0,,,,,,,,-5.844155844156074,-5.332687256127178,-7.626457852912372,0,43.13574382617547,43.43267069116132,,,,,0.034685145250334615,-0.41489071894675256,-0.44957586419708717,0.16900754164281878,43.13574382617547,,,,,,,,,-33.8156263571291,18.03604618225121,-9.018023091125604,0
2022-05-27,9.35,10.42,9.275,10.38,9.831500000000007,11.23254639466352,8.430453605336494,54.52499145832328,46.87194611525941,0,0,,,,,,,,5.648854961831806,5.579006255403485,3.6669607337250776,0,51.83986143745024,44.357496785270534,,,,,0.0977834147671236,-0.3273465957381827,-0.4251300105053063,0.28012166232903757,51.83986143745024,,,,,51.83986143745024,,51.83986143745024,,-30.484485704525152,18.007712051817528,-9.003856025908764,0
2022-05-31,10.26,10.55,9.99,10.06,9.810500000000006,11.184362802465998,8.436637197534015,56.42756994247321,52.02284344920751,0,0,,,,,,,,2.443991853360239,2.543193517149933,0.783089278856619,0,49.46767476647215,45.20720553346257,,,,,0.1156603962360564,-0.2805545152102358,-0.3962149114462922,0.280006554556525,49.46767476647215,,,,,,,,,-28.122002009922806,18.032301492431728,-9.016150746215864,0
2022-06-01,9.96,10.005,9.22,9.37,9.774000000000004,11.1539333317229,8.394066668277109,51.537164148220896,54.16324184967248,0,0,,,,,,,,-3.9072915598402647,-4.133415183138989,-5.437908936470803,0,44.716147704446534,46.12314985125097,,,,,0.08038026047836333,-0.29573958584833804,-0.37611984632670137,-0.0823392058248861,44.716147704446534,,,,,,,,,-27.409584536206065,18.071955779106304,-9.035977889553152,0
2022-06-02,9.29,9.715,9.15,9.7,9.714000000000006,10.993584307499775,8.434415692500236,53.86340585413621,53.942713314943454,0,0,,,,,,,,-0.4924086992206034,-0.14412188593788677,-1.7738097247303797,0,47.32223285167302,46.951668783353774,,,,,0.07854253070272615,-0.2779416829482937,-0.35648421365101984,-0.47980435897370366,47.32223285167302,,,,,,,,,-28.32685560865472,18.08415405177778,-9.04207702588889,0
2022-06-03,9.38,9.45,9.05,9.17,9.642000000000007,10.872944352925675,8.411055647074338,42.00385800061366,49.1348093343236,0,0,,,,,,,,-4.914973040232518,-4.89524994814361,-6.741020729867609,0,43.75474826251681,46.42656935377643,,,,,0.042699984742933794,-0.3031092327223526,-0.34580921746528637,-0.44252111282475814,43.75474826251681,,,,,,,,,-29.8510429150175,18.06036581174308,-9.03018290587154,0
2022-06-06,9.26,9.8,9.05,9.11,9.591500000000005,10.822731497322803,8.360268502677208,39.782802477204186,45.21668877731803,0,0,,,,,,,,-4.577354142662882,-5.020069853516196,-6.98861606003367,0,43.35626616436079,46.112399527503406,,,,,0.017319784359641655,-0.32415948701573427,-0.3414792713753759,-0.48524474053547384,43.35626616436079,,,,,,,,,-29.92012912501433,18.033986360432294,-9.016993180216147,0
2022-06-07,8.73,8.795,8.25,8.72,9.552500000000006,10.840938977988378,8.264061022011633,27.797574009817396,36.52807816254509,0,0,,,,,,,,-7.362158716668676,-8.714996074326143,-10.461554258723638,0,40.757938734351455,45.63327650984189,,,,,-0.02127165281454718,-0.3680688373935599,-0.3467971845790127,-0.5590276400225218,40.757938734351455,,,,,,,,,-31.926664070134553,17.973548447635185,-8.986774223817592,0
2022-06-08,8.66,8.93,8.23,8.38,9.508000000000006,10.890441318826827,8.125558681173185,22.477880205774532,30.01941889759871,0,0,,,,,,,,-10.278372591006669,-11.863693731594493,-13.472955996489322,0,38.58683698130883,45.13888771882499,,,,,-0.06288124476862389,-0.42539874053979254,-0.36251749577116865,-0.6820415300984534,38.58683698130883,,,,,,,,,-33.4522249760149,17.895246978089965,-8.947623489044982,0
2022-06-09,8.29,8.43,8,8.03,9.502000000000006,10.908792095513643,8.095207904486369,16.535331595529925,22.27026193704063,0,0,,,,,,,,-12.906724511930834,-15.491475478846617,-16.66234237974158,0,36.43522837602189,44.25464227882235,,,,,-0.1046961716623186,-0.4933877103490669,-0.38869153868674833,-0.7158959942873195,36.43522837602189,,,,,,,,,-35.72499538200257,17.8016888750507,-8.90084443752535,0
2022-06-10,7.74,8.12,7.61,7.81,9.464500000000005,11.003505847942035,7.925494152057973,13.422188002333915,17.4784666012128,0,0,,,,,,,,-13.920423233770773,-17.481113635163027,-18.301166378994694,0,35.1099896639857,43.33637051507892,,,,,-0.13591287090513465,-0.5585826273181667,-0.422669756413032,-0.7497335928611648,35.1099896639857,,,,,,,,,-37.59800757948869,17.705730113504785,-8.852865056752393,0
2022-06-13,7.3,7.475,7.02,7.23,9.291500000000005,11.008197701984782,7.574802298015227,12.286712788601985,14.08141079548862,0,0,,,,,,,,-17.446905686229986,-22.18694505731048,-23.683192005911103,0,31.823648938914616,42.19320287784044,,,,,-0.1815149614699313,-0.6495634582504461,-0.46804849678051486,-0.7772230198071308,31.823648938914616,,,,,,,,,-40.10007096692563,17.61926780025775,-8.809633900128874,0
2022-06-14,7.24,7.48,7.1,7.23,9.147500000000004,11.039608612104445,7.255391387895563,11.511100370577719,12.406667053837884,0,0,,,,,,,,-14.690265486725929,-20.96201147854608,-22.80039863325738,0,31.823648938914616,41.48775689460034,,,,,-0.196315045354578,-0.7134423034737374,-0.5171272581191594,-0.8786301941016892,31.823648938914616,,,,,,,,,-41.74187005612716,17.54721006426414,-8.77360503213207,0
2022-06-15,7.04,7.21,6.87,7.05,8.997000000000005,11.047083900722058,6.946916099277954,10.310279364018207,11.369364174399315,0,0,,,,,,,,-14.47288608516345,-21.640546848949693,-23.896225396711156,0,30.78646544565582,40.63688800658913,,,,,-0.2020729211212916,-0.7697184095207739,-0.5676454883994823,-0.9440975154791159,30.78646544565582,,,,,,,,,-43.255092143283036,17.49345103866658,-8.74672551933329,0
2022-06-16,6.94,7.14,6.81,6.89,8.855000000000004,11.06918608070773,6.6408139192922775,8.700084581783987,10.173821438793317,0,0,,,,,,,,-13.46395378045746,-22.190852625635273,-24.534501642935368,0,29.855024731015064,39.68826521407767,,,,,-0.2001245603154993,-0.8178011887938563,-0.617676628478357,-0.9891359075054332,29.855024731015064,29.855024731015064,,29.855024731015064,,,,,,-43.709793130438605,17.446072247071132,-8.723036123535566,0
2022-06-17,6.84,7.22,6.84,7.19,8.704000000000004,10.939767429765398,6.46823257023461,12.154962332849621,10.38844209288395,1,0,,,,23.928422222222224,24.167706444444445,23.689138000000003,,-7.39309634209202,-17.394301470588267,-20.25288376220051,0,33.89357079749216,38.406387311223526,,,,,-0.16363596630350352,-0.8222215863577365,-0.6585856200542329,-0.9742347553772005,33.89357079749216,,,,,,,,,-43.355294335299504,17.39387209750739,-8.696936048753695,0
2022-06-21,7.35,8.02,7.35,7.55,8.577500000000006,10.773477003522506,6.381522996477505,19.5103452611954,13.455130725276348,0,0,,,,23.807222222222222,24.045294444444444,23.56915,,-0.7623554153526335,-11.979014864471061,-15.456683214512324,0,38.47151628274532,37.620947419528754,,,,,-0.10320899636960901,-0.7875968655162442,-0.6843878691466352,-0.9275171184567236,38.47151628274532,,,,,,,,,-41.585850338744216,17.322632471508367,-8.661316235754184,0
2022-06-22,7.3,7.73,7.28,7.49,8.449000000000007,10.582831296049353,6.315168703950661,25.833781708724246,19.166363100923103,0,0,,,,23.68428888888889,23.92113177777778,23.447446,,0.0668002672006951,-11.350455675227911,-15.494546822113575,0,37.999197973627815,37.14116529589884,,,,,-0.05751378240970306,-0.756280097158764,-0.6987663147490609,-0.8777486891623255,37.999197973627815,,,,,,,,,-39.61171153189067,17.239542704324165,-8.619771352162083,0
2022-06-23,7.75,8.07,7.61,7.98,8.392500000000007,10.513130802379242,6.271869197620772,36.49440656050174,27.279511176807137,0,0,,,,23.55228888888889,23.787811777777776,23.316766,,7.186030893216544,-4.915102770330726,-9.52722875174784,0,44.041357167243255,36.90681703272529,,,,,0.011783234327374936,-0.6840372718398422,-0.6958205061672171,-0.7325525240343299,44.041357167243255,,,,,,,,,-37.13232710428203,17.154534615461483,-8.577267307730741,0
2022-06-24,8.08,8.38,7.84,8,8.331000000000007,10.422046627887502,6.239953372112511,42.84359895420646,35.057262407810825,0,0,,,,23.379844444444444,23.61364288888889,23.146046,,7.49798441279188,-3.9731124714920907,-9.249035771005044,0,44.28004167867721,36.94433799102246,,,,,0.06221958130819749,-0.6180460295319703,-0.6802656108401678,-0.5368975784172977,44.28004167867721,,,,,,,,,-35.47936306920398,17.07645731078025,-8.538228655390125,0
2022-06-27,8.122,9.72,7.82,9.12,8.323000000000008,10.400643857835028,6.245356142164987,54.57869125297559,44.638898922561275,0,0,,,,23.107533333333333,23.338608666666666,22.876458,,20.427835732206056,9.575874083863889,3.2374915100747303,0,55.680548363695785,37.824643862403526,,,,,0.16824808841474637,-0.46995550032173483,-0.6382035887364812,-0.004902187486182779,55.680548363695785,,,,,55.680548363695785,,55.680548363695785,,-30.42433748774361,17.054727352995087,-8.527363676497544,0
2022-06-28,9.06,9.3,8.77,8.865,8.247250000000008,10.119722897000019,6.374777102999998,63.83948636314484,53.75392552344231,0,0,,,,22.9204,23.149604,22.691196,,14.586699411878357,7.490375579738595,1.0467524079105006,0,53.020648733672935,38.700551719497916,,,,,0.21542973576678615,-0.36891641902799854,-0.5843461547947847,0.3870098851468774,53.020648733672935,,,,,,,,,-27.379263894947982,17.09219322304398,-8.54609661152199,0
2022-06-29,8.52,8.815,8.44,8.47,8.167750000000009,9.851075503281994,6.484424496718025,61.62281174403236,60.01366312005094,0,0,,,,22.713555555555555,22.94069111111111,22.48642,,7.753959671776234,3.700529521593965,-2.8502609393817546,0,49.10729291303668,39.452012857478486,,,,,0.2138284906804142,-0.3170605414442669,-0.5308890321246811,0.6289440387017513,49.10729291303668,,,,,,,,,-25.64085718617063,17.169135090489284,-8.584567545244642,0
2022-06-30,8.43,8.51,8.06,8.22,8.110250000000008,9.70142087391632,6.519079126083696,60.07002787006485,61.844108659080696,0,0,,,,22.49751111111111,22.72248622222222,22.272536,,3.0397994359131486,1.353225856169571,-5.049766089752206,0,46.75516213729669,40.189150983283824,,,,,0.19050121647892643,-0.29276251152602306,-0.4832637280049495,0.7493539703780695,46.75516213729669,,,,,,,,,-27.862296475473315,17.18946202252151,-8.594731011260755,0
2022-07-01,8.22,8.395,8.02,8.18,8.034250000000007,9.449959274533317,6.618540725466698,56.70569107239962,59.46617689549896,0,0,,,,22.294133333333335,22.51707466666667,22.071192,,0.9066798248315688,1.814108348632315,-4.944512230550224,0,46.37244305809094,40.99361194000563,,,,,0.16774686098626562,-0.2735801517721175,-0.4413270127583831,0.8110388051673717,46.37244305809094,,,,,,,,,-29.52232055125637,17.17630732509288,-8.58815366254644,0
2022-07-05,8.02,8.44,7.78,8.4,7.995750000000006,9.325062886419039,6.666437113580974,57.257984802718184,58.011234581727564,0,0,,,,22.103955555555558,22.324995111111114,21.882916,,2.096627164995102,5.055810899540303,-1.698816094868405,0,48.852285839501036,42.209943147190366,,,,,0.16275468432043783,-0.2378836573578358,-0.4006383416782736,0.8009589062257304,48.852285839501036,,,,,,,,,-29.460406851198453,17.163191697821382,-8.581595848910691,0
2022-07-06,8.44,8.8,8.26,8.63,7.971750000000007,9.235440132112942,6.708059867887074,60.920918911612176,58.29486492891001,0,0,,,,21.928533333333334,22.147818666666666,21.709248000000002,,3.533081398835969,8.25728353247397,1.5672505443204754,0,51.38339348305583,43.60706775748617,,,,,0.16942442117340561,-0.18885781521151657,-0.3582822363849222,0.7966288568252259,51.38339348305583,,,,,,,,,-28.00120436705726,17.175503880193407,-8.587751940096704,0
2022-07-07,8.62,9.02,8.485,9.02,7.986750000000006,9.292047954491512,6.6814520455085,67.06676698270115,61.74855689901052,0,0,,,,21.7436,21.961036,21.526164,,6.261412499263352,12.937051992362258,6.5920863451047085,0,55.41258690393786,45.366076433077744,,,,,0.1928786545480327,-0.11718391819988128,-0.310062572747914,0.7921397440124703,55.41258690393786,,,,,55.41258690393786,,55.41258690393786,,-25.254007189045268,17.246661099510764,-8.623330549755382,0
2022-07-08,8.85,9.25,8.76,9,8.017750000000008,9.386824413609286,6.648675586390731,68.54583543794482,65.5111737774194,0,0,,,,21.573866666666667,21.789605333333334,21.358128,,4.766893661602567,12.250943219731102,6.401844298634551,0,55.16011751467438,47.173583060481974,,,,,0.19901872386862512,-0.06128916791213257,-0.2603078917807577,0.766307334901265,55.16011751467438,,,,,,,,,-23.138373037403326,17.369731273712972,-8.684865636856486,0
2022-07-11,8.86,8.94,8.29,8.34,8.033250000000006,9.409528587350595,6.656971412649418,61.49383680272325,65.70214640778975,0,0,,,,21.40351111111111,21.617546222222224,21.189476,,-3.298741956055762,3.8185043413312636,-1.0539220532695182,0,47.4732729148681,48.14356178315169,,,,,0.15268782923912522,-0.06944810523185119,-0.2221359344709764,0.6156368901550063,47.4732729148681,,,,,,,,,-23.52396362896049,17.475613953150678,-8.737806976575339,0
2022-07-12,8.36,8.52,8.1,8.4,8.062750000000007,9.44390703307036,6.681592966929653,58.66589449813824,62.90185557960211,0,0,,,,21.219511111111114,21.431706222222225,21.007316000000003,,-1.7831043554519477,4.182816036711956,0.00595273528189999,0,48.18025785760439,48.83704332421305,,,,,0.1214986044921656,-0.07026267885576942,-0.19176128334793502,0.45169749842111045,48.18025785760439,,,,,,,,,-24.899808704632274,17.541117840617748,-8.770558920308874,0
2022-07-13,8.2,8.47,8.08,8.36,8.119250000000006,9.451091863735966,6.787408136264046,55.566299522817516,58.57534360789302,0,0,,,,21.058044444444445,21.26862488888889,20.847464,,-1.670195248177242,2.965175354866445,0.33404676654731347,0,47.71913588349138,49.53132460348902,,,,,0.09477618950563174,-0.07329104646589535,-0.1680672359715271,0.18332007690084093,47.71913588349138,,,,,,,,,-26.371532673667406,17.570483777207293,-8.785241888603647,0
2022-07-14,8.29,8.35,8.05,8.24,8.169750000000008,9.437963211569585,6.9015367884304295,50.75259275985038,54.99492892693539,0,0,,,,20.905155555555556,21.11420711111111,20.696104000000002,,-2.818728623658784,0.8598794332751014,-0.3808257268935189,0,46.28787155429273,49.69178991684969,,,,,0.06693289027818966,-0.08440112312379,-0.15133401340197966,-0.09611962011704019,46.28787155429273,46.28787155429273,,46.28787155429273,,,,,,-26.364814792349517,17.597599346684515,-8.798799673342257,0
2022-07-15,8.3,8.42,8.1,8.41,8.237750000000009,9.399922426965801,7.0755775730342165,48.65399263386597,51.65762830551129,0,0,,,,20.741244444444444,20.948656888888888,20.533832,,-1.0355377735941307,2.0909835816817823,2.0693003216214922,0,48.638155051483785,50.003083729193015,,,,,0.05820120318910349,-0.0785825094156003,-0.1367837126047038,-0.3669010062415979,48.638155051483785,,,,,,,,,-26.050074172235025,17.628754551080696,-8.814377275540348,0
2022-07-18,8.63,8.84,8.555,8.62,8.324250000000008,9.317553956500545,7.330946043499471,51.021404175632945,50.1426631897831,0,0,,,,20.560088888888888,20.765689777777776,20.354488,,0.913135097166573,3.5528726311678582,5.077101237276782,0,51.46349952367338,49.701865954905706,,,,,0.06432608803826714,-0.05637610255686987,-0.12070219059513701,-0.1089123125322598,51.46349952367338,,,,,,,,,-25.012927408576235,17.679254430894748,-8.839627215447374,0
2022-07-19,8.73,9.07,8.7,9.03,8.416250000000009,9.307938706892466,7.524561293107552,57.8438544302406,52.50641707991318,0,0,,,,20.38253333333333,20.586358666666666,20.178707999999997,,4.938988959906676,7.292440219812746,10.137621206269198,0,56.4952252461634,49.95004999151217,,,,,0.09205862837107717,-0.005628905131290551,-0.09768753350236772,0.2710404342736009,56.4952252461634,,,,,,,,,-22.423338748177496,17.78861394418018,-8.89430697209009,0
2022-07-20,9.03,9.44,8.96,9.41,8.509250000000009,9.40810635671088,7.610393643289138,71.36418482576293,60.07648114387883,0,0,,,,20.216088888888887,20.418249777777778,20.013927999999996,,8.372682252677265,10.58553926609267,14.632611211499814,0,60.57473132530152,50.76915273524537,,,,,0.12975629281095674,0.06450783251132819,-0.06524846029962854,0.4728346170675057,60.57473132530152,,,,,,,,,-19.224610314480394,17.9840764748226,-8.9920382374113,0
2022-07-21,9.34,9.5,9.2,9.41,8.605250000000009,9.457056756253778,7.753443243746241,75.0986002739984,68.10221317666732,0,0,,,,20.049599999999998,20.250096,19.849103999999997,,7.888099059848264,9.351849161848769,14.31232410763097,0,60.57473132530152,51.75626482010286,,,,,0.14717727703320976,0.11872313599188367,-0.02845414104132609,0.537540201741078,60.57473132530152,,,,,60.57473132530152,,60.57473132530152,,-16.67420084750232,18.25385528163902,-9.12692764081951,0
2022-07-22,9.45,9.5,8.94,9.08,8.660250000000008,9.485092257646626,7.835407742353391,73.10285529881246,73.1885467995246,0,0,,,,19.895999999999997,20.094959999999997,19.697039999999998,,4.0091638029778665,4.846857769694779,9.991722355696453,0,55.347536738083626,52.39734294010234,,,,,0.12958071829479673,0.13352175682716982,0.003941038532373098,0.505845127077934,55.347536738083626,,,,,,,,,-16.34919922338571,18.520998115679042,-9.260499057839521,0
2022-07-25,9.03,9.03,8.74,8.89,8.704750000000008,9.476640374340555,7.932859625659461,66.94379089186613,71.71508215489233,0,0,,,,19.738533333333333,19.935918666666666,19.541148,,1.195219123505642,2.128148424710563,7.317465746534446,0,52.536523774660886,52.66050279261375,,,,,0.09959741498317523,0.12843780726134213,0.028840392278166906,0.44677262111670596,52.536523774660886,,,,,,,,,-17.743256633568777,18.72933477872951,-9.364667389364755,0
2022-07-26,8.71,8.73,8.37,8.43,8.670250000000008,9.426335147321108,7.9141648526789075,55.32150313247903,65.12271644105255,0,0,,,,19.57791111111111,19.77369022222222,19.382132,,-4.073736913973914,-2.7709696952222584,1.511228851827351,0,46.39314516443124,52.30405648414057,,,,,0.04596434256284222,0.08629582048171969,0.040331477918877465,0.2866814075540687,46.39314516443124,46.39314516443124,,46.39314516443124,,,,,,-20.49025052828023,18.850096276835142,-9.425048138417571,0
2022-07-27,8.63,8.93,8.49,8.9,8.67200000000001,9.43003957680287,7.913960423197149,57.42343413046348,59.896242718269555,0,0,,,,19.419733333333333,19.61393066666667,19.225535999999998,,0.6559601900019141,2.629151291512799,6.4572077909132775,0,52.50432073550831,52.096323186395594,,,,,0.039565252634152524,0.08978804371156812,0.0502227910774156,0.4208310016088435,52.50432073550831,,,,,,,,,-20.845170581893786,18.95615671059247,-9.478078355296235,0
2022-07-28,8.89,9.175,8.575,9.11,8.704000000000011,9.479071609594515,7.928928390405507,61.72433946478881,58.15642557591045,0,0,,,,19.267555555555553,19.46023111111111,19.074879999999997,,2.0271026990700935,4.664522058823395,8.158379009438633,0,54.974179876611075,52.08304192653394,,,,,0.04642418891840323,0.10825302722541963,0.0618288383070164,0.6033278063153469,54.974179876611075,,,,,,,,,-20.001419169930717,19.07809816418336,-9.53904908209168,0
2022-07-29,9.01,9.15,8.91,9.05,8.74550000000001,9.501105055567693,7.9898949444323275,62.47039895798643,60.53939085107958,0,0,,,,19.120533333333334,19.311738666666667,18.929328,,0.6338263093513818,3.4817906351837014,6.602273396548686,0,54.108415841799555,52.55698070702904,,,,,0.04389686306043826,0.11669991713256422,0.07280305407212596,0.5636075195557686,54.108415841799555,,,,,,,,,-17.99978941415699,19.247600074748085,-9.623800037374043,0
2022-08-01,8.94,9.04,8.7119,9.04,8.78850000000001,9.507479137388176,8.069520862611844,62.84559504233866,62.34677782170464,0,0,,,,18.982711111111108,19.17253822222222,18.792883999999997,,0.05534034310978875,2.86169425954359,5.593085054607072,0,53.95590063055293,52.969526619382506,,,,,0.038709729892075634,0.1211902164372205,0.08248048654514487,0.5085985979478274,53.95590063055293,,,,,,,,,-17.35516199242205,19.427309774694766,-9.713654887347383,0
2022-08-02,8.81,9.33,8.79,9.23,8.830000000000009,9.550305490746469,8.109694509253549,67.29069804636309,64.2022306822294,0,0,,,,18.84026666666667,19.028669333333337,18.651864,,1.9326339039201335,4.530011325028216,6.962819893771166,0,56.466679254327495,53.594351145870796,,,,,0.044802704581538746,0.1384838672720683,0.09368116269052955,0.4668141146545473,56.466679254327495,,,,,,,,,-16.61251354930035,19.619838687412123,-9.809919343706062,0
2022-08-03,9.4,10.76,9.4,10.31,8.91400000000001,9.87352905114927,7.954470948850752,80.24350376818745,70.12659895229639,0,0,,,,18.70311111111111,18.89014222222222,18.51608,,12.73920174958958,15.660758357639537,18.218128308521408,0,67.36148833925901,55.09960948765411,,,,,0.11434203491422187,0.23660870633330688,0.12226667141908501,0.5147771792679464,67.36148833925901,,,,,,,,,-12.252591595721007,19.94125695487372,-9.97062847743686,0
2022-08-04,10.97,11.35,10.26,10.88,9.00700000000001,10.29420006215021,7.71979993784981,85.29112522435538,77.60844234630197,0,0,,,,18.571022222222226,18.75673244444445,18.385312000000003,,17.089969866551513,20.794937271011314,23.158192623337428,0,71.42596950223313,56.72731051985049,,,,,0.187195328025982,0.3562608314515625,0.16906550342558052,0.5774543553928791,71.42596950223313,,,,,71.42596950223313,,71.42596950223313,,-6.14678998633359,20.479977356847858,-10.239988678423929,0
2022-08-05,10.42,10.615,9.94,10.4,9.077000000000012,10.500152837891743,7.653847162108282,78.78745247674773,81.44069382309686,0,1,,,,18.439377777777782,18.62377155555556,18.254984000000004,,10.356536502546355,14.575300209320098,16.659500084129462,0,64.17806514846033,57.63549377876384,,,,,0.19087145576942074,0.40765482313735646,0.21678336736793571,0.6187233642830845,64.17806514846033,,,,,,,,,-2.2040599559296914,21.15962276657587,-10.579811383287934,0
2022-08-08,10.52,10.905,10.28,10.68,9.194000000000013,10.735394174116184,7.6526058258838425,81.93801337245057,82.00553035785123,0,0,,,,18.300755555555554,18.48376311111111,18.117748,,11.215245235863435,16.16271481400897,18.61175381767699,0,66.32475150478137,58.337602797236556,,,,,0.19906235759797314,0.46561131436540215,0.266548956767429,0.7022929866163736,66.32475150478137,,,,,,,,,-0.7351849815162362,21.863647810805958,-10.931823905402979,0
2022-08-09,10.47,10.51,10,10.1,9.279000000000012,10.823369126860326,7.734630873139698,73.70352923686644,78.14299836202157,0,0,,,,18.159200000000002,18.340792,17.977608000000004,,3.377686796314938,8.847936200021401,11.764814370815756,0,58.50382089317318,58.1896806235131,,,,,0.15431675748635815,0.4594449036253767,0.30512814613901856,0.7678324035130085,58.50382089317318,,,,,,,,,-2.83055915439666,22.434948512315223,-11.217474256157612,0
2022-08-10,10.51,10.66,10.16,10.58,9.390000000000011,10.97284553889486,7.807154461105162,75.48513541821956,77.04222600917886,0,0,,,,18.017866666666666,18.198045333333333,17.837688,,6.4600523244110475,12.673056443024366,16.340444248955354,0,62.4501141020552,58.32363653613836,,,,,0.14603222634690272,0.48766842907264696,0.34163620272574424,0.8544895454726981,62.4501141020552,,,,,,,,,-1.9510288890164624,23.01002645251925,-11.505013226259624,0
2022-08-11,11.01,11.295,10.51,10.51,9.503500000000011,11.065630276257183,7.94136972374284,74.69493789212943,74.62786751573849,0,0,,,,17.88368888888889,18.06252577777778,17.704852000000002,,4.286564794601788,10.590834955542562,14.712944771883873,0,61.53110994494686,58.76532033662859,,,,,0.12560252359993507,0.4986393572256631,0.37303683362572804,0.8758073952977424,61.53110994494686,,,,,,,,,-2.187773617273169,23.544248613808413,-11.772124306904207,0
2022-08-12,10.65,10.93,10.43,10.93,9.62950000000001,11.224673658257748,8.034326341742274,77.17656454532393,75.78554595189098,0,0,,,,17.744311111111113,17.921754222222223,17.566868000000003,,6.467952464445426,13.505374110805214,18.13236300752965,0,64.87137777000245,59.64638133629585,,,,,0.12961580306952342,0.5350565874626323,0.4054407843931089,0.8885894510063332,64.87137777000245,,,,,,,,,0.7120440586923934,24.16443898252636,-12.08221949126318,0
2022-08-15,10.79,11.19,10.79,11.01,9.749000000000013,11.381420289018473,8.116579710981553,78.36526408925705,76.74558884223681,0,0,,,,17.58488888888889,17.76073777777778,17.40904,,5.227946095765734,12.934659965124485,17.79600570613411,0,65.4861168723126,61.01016502971594,,,,,0.12674566117998604,0.5638728608680914,0.4371271996881054,0.8750725528470756,65.4861168723126,,,,,,,,,2.337317762534031,24.81614412721692,-12.40807206360846,0
2022-08-16,11.025,11.59,10.62,10.9,9.842500000000012,11.513246838991254,8.17175316100877,79.99987800895353,78.51390221451152,0,0,,,,17.429155555555557,17.603447111111112,17.254864,,2.5399811853242804,10.74422148844285,15.588547189819725,0,63.83203948664596,61.81928779765435,,,,,0.10729734659191836,0.5712488829280034,0.463951536336085,0.8500444493977167,63.83203948664596,,,,,,,,,3.8054389043248977,25.491257836711622,-12.745628918355811,0
2022-08-17,10.75,10.815,10.31,10.42,9.893000000000011,11.569449820304602,8.216550179695421,71.50954583674287,76.62489597831784,0,0,,,,17.27586666666667,17.448625333333336,17.103108000000002,,-2.076872474391789,5.326998888102574,9.80364607116515,0,57.05927366045568,61.96822306792897,,,,,0.05462057934707021,0.5322272605199228,0.47760668117285254,0.7540577867890603,57.05927366045568,,,,,,,,,2.3982153277479554,26.074304853746874,-13.037152426873437,0
2022-08-18,10.33,10.42,9.94,10.17,9.931000000000012,11.59635161452448,8.265648385475544,60.972061729016445,70.82716185823763,0,0,,,,17.122133333333334,17.29335466666667,16.950912,,-3.784295175023933,2.406605578491461,6.738035264483666,0,53.85425323295365,61.95006859586855,,,,,-0.0015681637686167926,0.4756464764620816,0.4772146402306984,0.5652434092844593,53.85425323295365,,,,,,,,,-0.04998189418041236,26.540039425023966,-13.270019712511983,0
2022-08-19,9.85,9.88,9.19,9.26,9.940000000000012,11.588720716191585,8.29127928380844,48.978121813752544,60.4865764598373,0,0,,,,16.96497777777778,17.134627555555557,16.795328,,-11.438408569242798,-6.841046277666107,-2.9010835372247357,0,44.136084553937124,61.24865316182456,,,,,-0.09912872251746707,0.35330373708386453,0.4524324596013316,0.03745162407889732,44.136084553937124,,,,,,,,,-5.050036173705322,26.829532159349004,-13.414766079674502,0
2022-08-22,8.97,9.265,8.89,9.04,9.947500000000012,11.578314213820587,8.316685786179438,41.606919149303216,50.51903423069075,0,0,,,,16.813466666666667,16.981601333333334,16.645332,,-12.16478818499832,-9.122895199799064,-5.4393305439330515,0,42.15553809739327,60.22642879347212,,,,,-0.17324592565464664,0.23587505253302332,0.40912097818766996,-0.5055154676772007,42.15553809739327,42.15553809739327,,42.15553809739327,,,,,,-9.259463272271944,26.999383429025926,-13.499691714512963,0
2022-08-23,9.04,9.335,8.935,9.18,9.985000000000012,11.505256557295292,8.464743442704732,33.763222886743876,41.44942128326656,0,0,,,,16.667244444444446,16.83391688888889,16.500572000000002,,-10.000000000000275,-8.062093139709681,-4.235343208846243,0,43.881330817205715,58.549274684754025,,,,,-0.20541471992340576,0.15235257828341275,0.3577672982068185,-0.669191647316355,43.881330817205715,,,,,,,,,-12.26349292262411,27.097966292889918,-13.548983146444959,0
2022-08-24,9.2,9.49,9.1575,9.32,10.006000000000013,11.476515555850801,8.535484444149224,33.066865457148495,36.14566916439854,0,0,,,,16.522444444444446,16.68766888888889,16.35722,,-7.484613857455102,-6.855886468119243,-3.0983572468288423,0,45.628296876750994,56.70658378293387,,,,,-0.2091365411393541,0.09634662178262587,0.30548316292197997,-0.6962197247726559,45.628296876750994,,,,,,,,,-11.978199681087318,27.1977946509054,-13.5988973254527,0
2022-08-25,9.43,9.83,9.34,9.81,10.041000000000013,11.45685168714777,8.625148312852255,38.844605816008965,35.22489805330046,0,0,,,,16.384133333333335,16.54797466666667,16.220292,,-1.9392243102761775,-2.300567672542697,1.4442797559546472,0,51.33807364087185,55.789441532391834,,,,,-0.1720203999196822,0.09045766302237723,0.26247806294205944,-0.7121544546940554,51.33807364087185,,,,,,,,,-9.418988534778876,27.346300984569677,-13.673150492284838,0
2022-08-26,9.87,9.97,9.21,9.38,10.057500000000013,11.433913818587667,8.68108618141236,35.864018576839065,35.92516328333219,0,0,,,,16.23911111111111,16.401502222222224,16.076719999999998,,-4.7619047619050665,-6.7362664678102036,-3.325546241583055,0,46.70308358388233,54.387893823756194,,,,,-0.16957368588710234,0.05051095558318153,0.22008464147028386,-0.725399037942569,46.70308358388233,,,,,,,,,-8.6832674636154,27.50485984688584,-13.75242992344292,0
2022-08-29,9.26,9.59,9.2176,9.38,10.074500000000011,11.407953786225562,8.74104621377446,35.20662403145334,36.6384161414338,0,0,,,,16.093866666666667,16.254805333333334,15.932928,,-3.1591988436922347,-6.893642364385421,-3.577302631578938,0,46.70308358388233,53.5449840159497,,,,,-0.1611572697766028,0.018638054249530356,0.17979532402613316,-0.8022162479415025,46.70308358388233,,,,,,,,,-8.369303461399648,27.663909270312466,-13.831954635156233,0
2022-08-30,9.5,9.64,9.29,9.47,10.086500000000012,11.3933936452517,8.779606354748323,36.70620354792477,35.92561538540574,0,0,,,,15.95,16.1095,15.7905,,-0.7649586084043869,-6.112130074852629,-2.798686191323385,0,47.84606647059797,52.5018377565599,,,,,-0.14332946273581706,0.0006334956063618336,0.1439629583421789,-0.785819522606861,47.84606647059797,,,,,,,,,-9.35411689325922,27.795596879710082,-13.897798439855041,0
2022-08-31,9.51,9.685,9.41,9.55,10.048500000000013,11.371289098835916,8.72571090116411,36.58069182478823,36.164506468055464,0,0,,,,15.806755555555556,15.964823111111112,15.648688,,0.9940778341790191,-4.960939443698176,-2.024485329320813,0,48.89520173291164,51.59927288427168,,,,,-0.12084884109303415,-0.007098093024113794,0.11375074806892035,-0.7479969824316444,48.89520173291164,,,,,,,,,-8.712522496818822,27.93524260590982,-13.96762130295491,0
2022-09-01,9.4,9.63,8.99,9.63,9.986000000000013,11.263065385952961,8.708934614047065,37.291785223269095,36.859560198660716,0,0,,,,15.662577777777779,15.819203555555557,15.505952,,2.425015954051979,-3.564990987382455,-1.2780207763805285,0,49.978836395898334,50.53551992897853,,,,,-0.09635495777763922,-0.00669294915312868,0.08966200862451054,-0.6370417602333593,49.978836395898334,,,,,,,,,-7.827368072519001,28.08794702348447,-14.043973511742236,0
2022-09-02,9.82,9.85,9.27,9.45,9.938500000000014,11.221095415553592,8.655904584446436,37.275391472521655,37.04928950685967,0,0,,,,15.524444444444446,15.679688888888892,15.369200000000001,,0.30782294873121785,-4.915228656235993,-3.2456230162793087,0,47.53644579949673,49.25340056663453,,,,,-0.08825619104004045,-0.020658230175540027,0.06759796086450043,-0.5090124422260267,47.53644579949673,,,,,,,,,-7.816652348833653,28.2348402396036,-14.1174201198018,0
2022-09-06,9.53,9.74,9.35,9.57,9.883000000000013,11.12795943708986,8.638040562910167,39.547539921249346,38.03823887234671,0,0,,,,15.38688888888889,15.54075777777778,15.233020000000002,,1.013299556681102,-3.167054538095848,-2.2438625761857733,0,49.31474185654132,48.21645073591277,,,,,-0.07151166362510564,-0.021791618666881618,0.04972004495822402,-0.2668394335461918,49.31474185654132,,,,,,,,,-7.649817050772479,28.379417214905924,-14.189708607452962,0
2022-09-07,9.62,9.92,9.45,9.85,9.870500000000014,11.11150725219439,8.629492747805639,48.95296406344684,41.92529848573929,0,0,,,,15.248755555555556,15.401243111111112,15.096268,,3.2386542291161113,-0.2076895800619427,0.13215411202602834,0,53.2929733097143,47.94742928228839,,,,,-0.03985210095239573,-0.00009508123227064402,0.03975701972012509,0.19416218291021167,53.2929733097143,,,,,,,,,-6.825493691075209,28.53553632406994,-14.26776816203497,0
2022-09-08,9.62,10.11,9.53,10.1,9.846500000000015,11.049683693373137,8.643316306626893,57.56679213867096,48.689098707789064,0,0,,,,15.111288888888891,15.26240177777778,14.960176000000002,,5.0005198045531385,2.574518864571007,2.2577705781107626,0,56.570595695633855,48.14145374390841,,,,,-0.0023274286378219267,0.03684773392284768,0.03917516256066961,0.77885684645232,56.570595695633855,,,,,,,,,-4.579259857610473,28.734696085340364,-14.367348042670182,0
2022-09-09,10.41,10.93,10.29,10.6,9.851000000000015,11.064703423410739,8.637296576589291,73.49057064051854,60.003442280878794,0,0,,,,14.977733333333337,15.12751066666667,14.827956000000004,,9.300886780779184,7.603289006192093,6.783075889858958,0,62.27283621856117,49.436936005667256,,,,,0.05286599607997959,0.1052576576606441,0.05239166158066451,0.7997557011130692,62.27283621856117,,,,,,,,,-1.118816241308607,29.008939205783367,-14.504469602891684,0
2022-09-12,10.76,11.28,10.56,11.01,9.855000000000015,11.083340343715465,8.626659656284565,82.17649143299384,71.07795140406112,0,0,,,,14.841333333333337,14.98974666666667,14.692920000000003,,11.651962275630945,11.719939117199218,10.18815052041635,0,66.19269763582406,51.15387597269803,,,,,0.11037643993464281,0.19036221149896804,0.07998577156432522,0.794789262877994,66.19269763582406,,,,,66.19269763582406,,66.19269763582406,,2.735477053249543,29.37458035055413,-14.687290175277065,0
2022-09-13,10.52,10.915,10.32,10.41,9.825000000000014,10.965184195645197,8.68481580435483,76.43126794448104,77.36611000599781,0,0,,,,14.701688888888892,14.84870577777778,14.554672000000004,,4.47611401043726,5.954198473282291,3.7093614053731017,0,56.879028553440925,52.08228295385769,,,,,0.10161694330849601,0.20700695069994524,0.10539000739144923,0.7981102892073259,56.879028553440925,,,,,,,,,3.786110277422097,29.75471843579553,-14.877359217897766,0
2022-09-14,10.41,10.905,10.275,10.78,9.819000000000013,10.937550848195603,8.700449151804424,76.94411005120867,78.51728980956119,0,0,,,,14.566133333333337,14.71179466666667,14.420472000000004,,6.785537394749541,9.787147367348869,6.845513413505988,0,60.56403577633715,53.14912144668528,,,,,0.11345144747293706,0.24720431673262055,0.1337528692596835,0.8265965845973176,60.56403577633715,,,,,,,,,4.389710817824158,30.13629744940935,-15.068148724704676,0
2022-09-15,10.65,11.625,10.65,11.25,9.860500000000014,11.118108444627735,8.602891555372294,82.66230246320723,78.67922681963232,0,0,,,,14.440177777777782,14.58457955555556,14.295776000000004,,9.595713589868149,14.091577506211483,11.158685198603525,0,64.69172613469189,54.102953767672425,,,,,0.1436966756810397,0.3133737138609831,0.16967703817994342,0.9159060083577113,64.69172613469189,,,,,,,,,5.293214570676288,30.527635731436746,-15.263817865718373,0
2022-09-16,10.91,11.03,10.2,10.25,9.864500000000014,11.126521790619739,8.602478209380289,67.59743507620054,75.73461586353882,0,0,,,,14.312355555555559,14.455479111111115,14.169232000000003,,-0.7456182821732327,3.9079527598964603,1.4884979702300516,0,52.177947599617546,54.49401548308208,,,,,0.0897564046014831,0.2818725439317973,0.19211613933031418,0.8524828501462407,52.177947599617546,,,,,,,,,5.008657885605859,30.895530797864104,-15.447765398932052,0
2022-09-19,9.98,10.295,9.76,10.26,9.914500000000015,11.155829529173854,8.673170470826175,61.516500989412194,70.59207950960666,0,0,,,,14.182088888888892,14.32390977777778,14.040268000000003,,-1.4219830899311003,3.484794997226137,1.6344725111441472,0,52.277361898073224,54.89217821981001,,,,,0.050129199108528644,0.254777638215975,0.20464843910744634,0.7692593735639696,52.277361898073224,,,,,,,,,3.6748827416707446,31.214254018181734,-15.607127009090867,0
2022-09-20,10.16,10.26,9.9,9.94,9.959500000000014,11.134225074219048,8.784774925780981,53.53491706603764,60.88295104388348,0,0,,,,14.068755555555558,14.209443111111113,13.928068000000003,,-4.834849210148684,-0.1957929614942011,-1.2942305782661867,0,48.78258006946937,54.95907204830082,,,,,0.0003763857831982631,0.20511892133644416,0.2047425355532459,0.5969353237501387,48.78258006946937,,,,,,,,,-0.2429837863305102,31.42887514201209,-15.714437571006044,0
2022-09-21,10.01,10.52,9.85,9.92,9.996500000000015,11.116004801239791,8.87699519876024,47.88602674863482,54.31248160136156,0,0,,,,13.955200000000003,14.094752000000003,13.815648000000003,,-5.089934940681484,-0.7652678437454652,-1.434107243400795,0,48.56406262308907,54.93541925474206,,,,,-0.033970396392737856,0.1622795400623236,0.19624993645506145,0.4023469182415404,48.56406262308907,,,,,,,,,-0.9884035215727565,31.619810790616093,-15.809905395308046,0
2022-09-22,10.62,11.1,9.6,9.65,10.013000000000014,11.101431899568803,8.924568100431225,43.148729467639164,48.18989109410389,0,0,,,,13.842666666666668,13.981093333333336,13.70424,,-7.273950225809822,-3.625287126735377,-3.8205980066444933,0,45.59475823760839,54.622270814864216,,,,,-0.07273745218116018,0.10532812122861124,0.17806557340977142,0.13057107897957104,45.59475823760839,,,,,,,,,-2.695002599845511,31.76971845994499,-15.884859229972495,0
2022-09-23,9.485,9.58,9.165,9.44,9.994500000000013,11.108384643937216,8.88061535606281,30.522158897962186,40.518971704745404,0,0,,,,13.729733333333336,13.867030666666668,13.592436000000003,,-8.269361578078193,-5.548051428285683,-5.577968192578265,0,43.37347401586489,54.32491568746194,,,,,-0.10824797351515092,0.04275560651583277,0.1510035800309837,-0.23445589332909259,43.37347401586489,,,,,,,,,-4.096846218837744,31.888220031819134,-15.944110015909567,0
2022-09-26,9.42,9.74,9.24,9.24,9.987500000000015,11.118373556149812,8.856626443850217,25.895917682643564,33.18893534941498,0,0,,,,13.61528888888889,13.751441777777778,13.479136,,-8.64148704765697,-7.484355444305512,-7.054721030042899,0,41.30936279503828,53.75310289735457,,,,,-0.1389709462698457,-0.022710102806323462,0.11626084346352225,-0.574350954978604,41.30936279503828,41.30936279503828,,41.30936279503828,,,,,,-6.162164914651949,31.967302762708183,-15.983651381354091,0
2022-09-27,9.455,9.79,9.37,9.61,9.999000000000013,11.109421541577381,8.888578458422645,28.527609592417512,28.315228724341107,0,0,,,,13.493377777777779,13.628311555555557,13.358444,,-4.22563284831603,-3.8903890389040185,-2.8769707586578597,0,46.39206191225924,53.26018065467922,,,,,-0.12838981605261252,-0.04422642660224341,0.08416338945036911,-0.7571240251971113,46.39206191225924,,,,,,,,,-6.139875316561654,32.0435266567247,-16.02176332836235,0
2022-09-28,9.545,10.15,9.54,10.01,10.026000000000014,11.10959401991659,8.942405980083437,35.78792591976776,30.070484398276296,0,0,,,,13.373111111111113,13.506842222222224,13.239380000000002,,0.5322888420203675,-0.15958507879527684,1.4698428788646911,0,51.30203734987703,52.88385505855373,,,,,-0.09026759834059424,-0.028671108475373686,0.06159648986522055,-0.806109546781829,51.30203734987703,,,,,,,,,-3.1710768476122126,32.16658883755742,-16.08329441877871,0
2022-09-29,9.8,9.9,9.56,9.77,10.037000000000013,11.105402545859496,8.96859745414053,35.01497546479089,33.110170325658736,0,0,,,,13.252044444444447,13.384564888888892,13.119524000000002,,-0.39759404628434414,-2.6601574175551757,-0.7450050795800744,0,48.4355477811688,51.89547731302571,,,,,-0.07751915692024657,-0.03530245628508766,0.04221670063515891,-0.7930140549800297,48.4355477811688,,,,,,,,,-0.10810558198732823,32.342541744380874,-16.171270872190437,0
2022-09-30,9.74,10.4787,9.67,10.1,10.060500000000014,11.112611686086138,9.008388313913889,41.29723283963894,37.366711408065875,0,0,,,,13.128133333333334,13.259414666666668,12.996852,,3.1243618541961116,0.3926246210425477,2.6318463570775386,0,52.37585702967457,50.90856012687217,,,,,-0.04479005105763488,-0.013770863186884696,0.031019187870750184,-0.6506492447274997,52.37585702967457,,,,,,,,,2.9889378218637854,32.576095463352296,-16.288047731676148,0
2022-10-03,10.02,10.19,9.71,10.1,10.093000000000014,11.10714200189073,9.078857998109298,45.69908285407812,40.670430386169336,0,0,,,,13.00991111111111,13.140010222222221,12.879812,,3.2931069748411534,0.0693549985136821,2.340662681122696,0,52.37585702967457,50.586905018031715,,,,,-0.022210909097382714,0.0032555514990217915,0.025466460596404505,-0.5540946646125743,52.37585702967457,,,,,,,,,3.9118141355712885,32.821436754445735,-16.410718377222867,0
2022-10-04,10.4,10.96,10.39,10.82,10.155500000000014,11.186935407574795,9.124064592425233,56.61989903770923,47.872071577142115,0,0,,,,12.904711111111112,13.033758222222223,12.775664,,9.669572268396154,6.543252424794299,8.981030720161165,0,60.09240974422139,50.55321744430916,,,,,0.03882213729788533,0.07399413221876117,0.03517199492087584,-0.17006430318073534,60.09240974422139,,,,,,,,,7.947634326618094,33.15061216216675,-16.575306081083376,0
2022-10-05,10.65,10.97,10.515,10.76,10.201000000000015,11.254563476967059,9.14743652303297,59.530105136812764,53.94969567620006,0,0,,,,12.80066666666667,12.928673333333336,12.672660000000004,,8.140703517587578,5.479854916184523,7.804829175433348,0,59.231119491290514,50.16317411263764,,,,,0.0708916315911357,0.12378653440979548,0.05289490281865977,0.3715753802409124,59.231119491290514,,,,,,,,,10.533006326059237,33.5316472467051,-16.76582362335255,0
2022-10-06,10.76,11.18,10.7,11.17,10.254500000000016,11.38776916484956,9.121230835150472,73.8333769561911,63.3277937102377,0,0,,,,12.693822222222225,12.820760444444447,12.566884000000003,,10.572163927934719,8.92778780047767,11.225438130642607,0,63.120919610455445,50.94481497055464,,,,,0.1129589222869138,0.19409355567730202,0.08113463339038822,0.628376160847114,63.120919610455445,,,,,63.120919610455445,,63.120919610455445,,14.49262573871276,34.002531138794915,-17.001265569397457,0
2022-10-07,10.91,11.17,10.65,10.8,10.264500000000016,11.413211887288892,9.11578811271114,72.46422222782755,68.60923477361047,0,0,,,,12.586444444444448,12.712308888888892,12.460580000000004,,5.48935338933354,5.217010083296647,7.188937043040999,0,57.76464134496015,51.33676350247513,,,,,0.10905216717621148,0.21744984236065257,0.10839767518444109,0.793596479749008,57.76464134496015,,,,,,,,,14.624034425068885,34.45893244969539,-17.229466224847695,0
2022-10-10,10.818,10.84,10.395,10.52,10.240000000000014,11.34410144461408,9.135898555385948,66.92588601297693,71.0744950656652,0,0,,,,12.48266666666667,12.607493333333338,12.357840000000003,,1.4856260852784908,2.7343749999998446,4.01766586467156,0,54.0282552498067,51.71145458678493,,,,,0.08202960717339833,0.210934684151189,0.12890507697779066,0.8317848170550949,54.0282552498067,,,,,,,,,13.982960307287058,34.881438181988415,-17.440719090994207,0
2022-10-11,10.44,10.64,9.845,10.44,10.241500000000014,11.346602257711426,9.136397742288603,62.93720644712961,67.44243822931138,0,0,,,,12.382933333333337,12.50676266666667,12.259104000000004,,-0.08613264427248524,1.9381926475612543,2.8672775642920367,0,52.97394454143233,52.02644615238087,,,,,0.05451164643568249,0.19704463502239378,0.1425329885867113,0.8402902275254299,52.97394454143233,,,,,,,,,11.597257889978797,35.229896857002885,-17.614948428501442,0
2022-10-12,10.44,10.675,10.13,10.66,10.235500000000014,11.33009535902496,9.14090464097507,62.9358799474453,64.26632413585062,0,0,,,,12.294622222222227,12.417568444444449,12.171676000000005,,1.3886246908880295,4.147330369791269,4.626055093895176,0,55.543177421646526,52.73704752266932,,,,,0.047146771164481266,0.20146645254231288,0.1543196813778316,0.8265967173123892,55.543177421646526,,,,,,,,,11.265566856477855,35.55846681831043,-17.779233409155214,0
2022-10-13,10.175,10.94,9.95,10.63,10.204500000000014,11.214242046266781,9.194757953733246,61.470027107142414,62.44770450057245,0,0,,,,12.213022222222225,12.335152444444448,12.090892000000002,,0.2830188679242118,4.169729041109194,3.9642694138358303,0,55.10108978941197,53.574734363636956,,,,,0.03673766538243084,0.20024176310587016,0.16350409772343932,0.7691593698045539,55.10108978941197,,,,,,,,,11.758434602760468,35.88696535270365,-17.943482676351824,0
2022-10-14,10.8,11.02,9.885,9.89,10.186500000000015,11.205151559660608,9.167848440339421,48.61463017125985,57.67351240861586,0,0,,,,12.133244444444449,12.254576888888893,12.011912000000004,,-6.512902920881269,-2.910715162224653,-3.3550488599348394,0,45.48422349400387,53.87293869927736,,,,,-0.020428116463162116,0.13796895214448668,0.1583970686076488,0.46148386537708647,45.48422349400387,45.48422349400387,,45.48422349400387,,,,,,9.922899153023863,36.16393108294245,-18.081965541471224,0
2022-10-17,10.33,10.58,10.11,10.21,10.184000000000015,11.202163051774562,9.165836948225468,48.34154752501729,52.80873493447319,0,0,,,,12.055733333333336,12.17629066666667,11.935176000000002,,-3.5882908404157643,0.2553024351923172,-0.4743956329607446,0,49.58211935351075,54.10079994508104,,,,,-0.036210068835392295,0.11313448256340841,0.1493445513988007,0.21427302983026225,49.58211935351075,,,,,,,,,8.424696431729343,36.400861733298434,-18.200430866649217,0
2022-10-18,10.63,10.79,10.31,10.44,10.209000000000014,11.226524446880262,9.191475553119766,48.50362106753616,48.48659958793777,0,0,,,,11.97777777777778,12.097555555555557,11.858000000000002,,-1.0614101592118286,2.2627093740815507,1.4807374526131456,0,52.35432075508607,54.17596304545311,,,,,-0.030887182282102688,0.11073557354617236,0.14162275582827505,0.08669673620201877,52.35432075508607,,,,,,,,,7.862830455826743,36.61901802655872,-18.30950901327936,0
2022-10-19,10.3,10.4,9.905,10.11,10.218500000000015,11.228574749708589,9.208425250291441,41.46197990311098,46.10238283188815,0,0,,,,11.898622222222224,12.017608444444447,11.779636000000002,,-3.59492705254153,-1.061799677056463,-1.8097057204830347,0,48.254639818331,54.16304104810756,,,,,-0.04828271966938513,0.08126935624154363,0.12955207591092877,-0.2791495378864543,48.254639818331,,,,,,,,,8.73443913457674,36.84698706434034,-18.42349353217017,0
2022-10-20,10.08,10.48,9.82,9.83,10.227500000000015,11.22021093476344,9.23478906523659,35.57332659312426,41.8463091879238,0,0,,,,11.822000000000001,11.940220000000002,11.70378,,-5.051675842751169,-3.886580298215736,-4.445596526472684,0,45.03244474911423,53.6385115994961,,,,,-0.0757048929634033,0.03492095970667464,0.11062585267007793,-0.5917660879701938,45.03244474911423,45.03244474911423,,45.03244474911423,,,,,,7.484781911313196,37.043911459192316,-18.521955729596158,0
2022-10-21,9.77,10.15,9.54,10.14,10.262500000000015,11.188823377659732,9.336176622340298,31.514049402344575,36.18311863285994,0,0,,,,11.75177777777778,11.869295555555558,11.634260000000003,,-1.428988043161561,-1.1936662606578774,-1.2850467289719614,0,49.08601917180924,53.403523181077155,,,,,-0.07014908334146994,0.022939498493240507,0.09308858183471044,-0.8216400357851296,49.08601917180924,,,,,,,,,6.488509799028088,37.2165729783685,-18.60828648918425,0
2022-10-24,10.15,10.24,9.7,10.21,10.311000000000016,11.111072496714362,9.51092750328567,32.08143178103906,33.05626925883597,0,0,,,,11.690800000000003,11.807708000000003,11.573892000000003,,-0.4485179407179296,-0.9795364174184362,-0.34487246225926027,0,49.98297410563683,52.681420635463965,,,,,-0.059370913004042666,0.018874940579657107,0.07824585358369977,-0.7891114776623703,49.98297410563683,,,,,,,,,6.893376239916118,37.390812864573284,-18.695406432286642,0
2022-10-25,10.22,10.91,10.22,10.83,10.372000000000016,11.134118101083278,9.609881898916754,48.081762555329156,37.22574791290427,0,0,,,,11.631377777777782,11.74769155555556,11.515064000000004,,5.196697425934604,4.415734670265947,5.562414711807118,0,57.1786593963953,52.53481634297145,,,,,-0.010649444223299415,0.0649340483045755,0.07558349252787491,-0.5223319037343821,57.1786593963953,,,,,,,,,10.458816285462362,37.625149368236315,-18.812574684118157,0
2022-10-26,10.8,11.5,10.75,11.08,10.425500000000016,11.227634028700209,9.623365971299823,61.95015592101316,47.371116752460466,0,0,,,,11.584844444444448,11.700692888888893,11.468996000000002,,7.1877720808742,6.2778763608458465,7.894053492599329,0,59.69650997879613,52.290215654995784,,,,,0.035711825660981925,0.12022327460410231,0.08451144894312039,-0.044332278093302,59.69650997879613,,,,,,,,,13.775933515541839,37.91838566366522,-18.95919283183261,0
2022-10-27,11.12,11.49,11.02,11.16,10.495000000000015,11.298778576474218,9.691221423525812,67.54445772006734,59.19212539880323,0,0,,,,11.537111111111114,11.652482222222226,11.421740000000003,,7.410972088546353,6.336350643163269,8.704828078833703,0,60.4969611818643,52.485381357631795,,,,,0.06723303690246893,0.16855274507120654,0.10131970816873762,0.3103852215721291,60.4969611818643,,,,,,,,,17.125192973947506,38.27399158966571,-19.136995794832856,0
2022-10-28,11.1,11.57,11.02,11.5,10.565000000000015,11.457894170660122,9.672105829339909,75.91695952864686,68.47052438990913,0,0,,,,11.487200000000003,11.602072000000003,11.372328000000003,,8.99440811297476,8.849976336961497,11.563833915405496,0,63.78859277949113,53.18254832403783,,,,,0.10423974780840017,0.23161939292923783,0.12737964512083766,0.5323779612040621,63.78859277949113,,,,,,,,,19.469726590831375,38.670727981230016,-19.335363990615008,0
2022-10-31,11.45,12.36,11.355,11.68,10.644000000000016,11.632785113155947,9.655214886844085,78.57926720377286,74.01356148416237,0,0,,,,11.433688888888893,11.548025777777783,11.319352000000004,,9.179285847821706,9.733183013904378,12.792120002575125,0,65.43087349942031,54.072328963894115,,,,,0.13229630101422202,0.29275002138861517,0.16045372037439315,0.6738352727056457,65.43087349942031,,,,,,,,,21.58172693644072,39.103290248117595,-19.551645124058798,0
2022-11-01,12.02,12.16,11.625,11.92,10.699000000000016,11.83259428368305,9.565405716316981,81.41439182880085,78.6368728537402,0,0,,,,11.389288888888894,11.503181777777783,11.275396000000004,,9.902268117277968,11.412281521637379,14.380757420675527,0,67.54443361288139,54.92956154898233,,,,,0.1567998276849368,0.35645350498056416,0.19965367729562736,0.8200111333179079,67.54443361288139,,,,,67.54443361288139,,67.54443361288139,,24.237518360157036,39.584860991576626,-19.792430495788313,0
2022-11-02,11.88,12.015,11.32,11.4,10.731000000000014,11.905085175785356,9.556914824214672,75.50290677698365,78.49885526985246,0,0,,,,11.350488888888892,11.46399377777778,11.236984000000003,,3.8724373576307203,6.234274531730355,8.87558894689926,0,59.11156317156764,55.216023933422015,,,,,0.12893306777270924,0.3608200120115139,0.23188694423880468,0.8992769688709252,59.11156317156764,,,,,,,,,23.88837712755282,40.04145984305394,-20.02072992152697,0
2022-11-03,11.85,12.76,11.5,12.33,10.789000000000014,12.1446681009742,9.433331899025827,83.31356740278403,80.07695533618951,0,0,,,,11.317733333333337,11.43091066666667,11.204556000000004,,9.844097995545376,14.283066085828011,16.7613636363636,0,67.03778966759876,56.75556437439308,,,,,0.16194419640726287,0.43431718974788325,0.2723729933406204,0.9103568899784423,67.03778966759876,,,,,,,,,26.089737154644755,40.53537895540351,-20.267689477701754,0
2022-11-04,12.47,12.59,11.82,12.28,10.863000000000014,12.36650390754364,9.359496092456387,82.17581652789615,80.33076356922128,0,0,,,,11.287288888888892,11.40016177777778,11.174416000000003,,7.35204126234783,13.04427874436145,15.254661494180933,0,66.29372593192946,57.94925055856584,,,,,0.16847149414805562,0.4829623610256899,0.3144908668776343,0.934037586265535,66.29372593192946,,,,,,,,,27.221791825824955,41.03983427469246,-20.51991713734623,0
2022-11-07,12.4,12.54,11.87,12.03,10.938500000000014,12.515386489256278,9.36161351074375,79.25318992429047,81.58085795165688,0,0,,,,11.254088888888893,11.366629777777781,11.141548000000004,,3.5194905774027063,9.978516249942725,11.931271903979134,0,62.5551337253721,58.67788005644341,,,,,0.14490955465130745,0.4956278101917686,0.35071825554046115,0.9502418403491303,62.5551337253721,,,,,,,,,29.211855560645756,41.57570137777542,-20.78785068888771,0
2022-11-08,11.7238,11.7238,9.6,9.74,10.903500000000014,12.552515160633481,9.254484839366546,54.173723218540935,71.86757655690919,0,0,,,,11.216755555555558,11.328923111111113,11.104588000000003,,-15.39263377345399,-10.670885495483207,-9.412202380952394,0,40.194554663923256,58.102159688271435,,,,,-0.026794892393130598,0.31722464004904793,0.34401953244217853,0.5469654942373904,40.194554663923256,,,,,,,,,19.929711882147092,41.887093780990085,-20.943546890495043,0
2022-11-09,9.575,9.635,8.29,8.4,10.790500000000014,12.767826224981352,8.813173775018676,36.172730031806786,56.53321439154606,0,0,,,,11.169200000000004,11.280892000000003,11.057508000000004,,-25.293489861259523,-22.15374635095696,-21.483097055616142,0,32.80505742813871,57.228774879630315,,,,,-0.22166331072235568,0.06694039403923391,0.2886037047615896,-0.023259936429415158,32.80505742813871,32.80505742813871,,32.80505742813871,,,,,,6.159909712597677,41.96273569655765,-20.981367848278826,0
2022-11-10,9.21,9.41,8.735,9.27,10.722500000000014,12.807818920452952,8.637181079547076,36.484577775000226,42.277010341782635,0,0,,,,11.130266666666671,11.241569333333338,11.018964000000004,,-16.146540027137256,-13.546281184425391,-13.215790294897822,0,40.458652268196275,56.61253438651511,,,,,-0.279292880438524,-0.06051239578656542,0.2187804846519586,-0.3075421435398448,40.458652268196275,,,,,,,,,-3.6350010508574098,41.93084644951955,-20.965423224759775,0
2022-11-11,8.85,10.54,8.575,10.47,10.751500000000016,12.805601019910872,8.69739898008916,39.88780819416833,37.51503866699177,0,0,,,,11.09266666666667,11.203593333333336,10.981740000000004,,-4.401022644266128,-2.6182393154444927,-2.0946325042079716,0,49.0747179477994,56.54765894666957,,,,,-0.22618636729999103,-0.06395247447303021,0.16223389282696082,-0.4547635766060622,49.0747179477994,,,,,,,,,-1.0611984346935337,41.92145539403893,-20.960727697019465,0
2022-11-14,10,10.28,9.54,9.56,10.719000000000015,12.82622471511677,8.611775284883262,34.98098704399748,37.11779100438867,0,0,,,,11.053466666666669,11.164001333333335,10.942932000000003,,-10.98696461824975,-10.812575799981461,-10.453353315848624,0,43.8881246607272,55.598335036979,,,,,-0.24059630008702543,-0.13851148228182097,0.10208481780520445,-0.5915977461332034,43.8881246607272,,,,,,,,,3.0500650460728136,41.953941155826776,-20.976970577913388,0
2022-11-15,9.91,10.4,9.721,10.15,10.704500000000014,12.823164437800168,8.58583556219986,40.56894704859648,38.47924742892075,0,0,,,,11.014577777777781,11.124723555555558,10.904432000000003,,-3.90987408880078,-5.1800644588725575,-4.7276368073589925,0,47.74427172790719,54.74460373334407,,,,,-0.2002939773192835,-0.14828265384389994,0.05201132347538357,-0.6393985496666225,47.74427172790719,,,,,,,,,6.225974853821701,42.02277575176547,-21.011387875882736,0
2022-11-16,9.84,10.0212,9.27,9.32,10.665000000000015,12.854789944263834,8.475210055736197,36.01484676008253,37.188260284225485,0,0,,,,10.974044444444445,11.08378488888889,10.864304,,-9.995171414775704,-12.611345522738048,-12.122450262438345,0,43.24215361516125,53.51211747857957,,,,,-0.21797635920972022,-0.22045912553676672,-0.0024827663270464914,-0.7168762354740799,43.24215361516125,,,,,,,,,2.2176565558798065,42.04245627370957,-21.021228136854784,0
2022-11-17,9.13,9.5706,9.03,9.47,10.647000000000014,12.869620975334986,8.424379024665043,34.99949390091922,37.194429236532734,0,0,,,,10.938577777777779,11.047963555555556,10.829192,,-5.9489522296159,-11.054757208603473,-10.228457673713166,0,44.26502556152518,52.11757696301057,,,,,-0.20803736819601848,-0.2625294765720696,-0.05449210837605112,-0.7377012753592759,44.26502556152518,,,,,,,,,1.938804015432357,42.057794091762524,-21.028897045881262,0
2022-11-18,9.55,9.6,9.1,9.19,10.599500000000013,12.90258032860321,8.296419671396816,32.48962454747953,34.50132173616041,0,0,,,,10.90337777777778,11.012411555555559,10.794344000000002,,-5.84016393442649,-13.297797065899452,-12.437273708950036,0,42.717449065090925,50.49518950341561,,,,,-0.20827429029110495,-0.3148349712399323,-0.10656068094882737,-0.7432456314532917,42.717449065090925,,,,,,,,,-1.38736388515617,42.03986565827537,-21.019932829137684,0
2022-11-21,9.03,9.03,8.73,8.85,10.531500000000014,12.953790445012556,8.109209554987471,29.12811424910609,32.20574423250161,0,0,,,,10.861822222222223,10.970440444444446,10.753204,,-6.269858080915325,-15.966386554621959,-15.227178390114648,0,40.84983440058143,48.588432416822755,,,,,-0.218231218326793,-0.3793497038573186,-0.1611184855305256,-0.7337838237190425,40.84983440058143,40.84983440058143,,40.84983440058143,,,,,,-2.974438110436617,42.00795436973046,-21.00397718486523,0
2022-11-22,8.8,9.19,8.65,9.09,10.444500000000014,12.941493992783947,7.947506007216082,30.47566332795028,30.69780070817863,0,0,,,,10.823288888888891,10.93152177777778,10.715056000000002,,-3.060680388184134,-12.968548039638206,-12.551308363263235,0,42.7524704583503,47.41992579445009,,,,,-0.19624686105311934,-0.4064270618469248,-0.21018020079380545,-0.7153328710683435,42.7524704583503,,,,,,,,,-4.268454245234748,41.96572817250053,-20.982864086250267,0
2022-11-23,9.01,9.5,9.01,9.46,10.363500000000013,12.877821180756186,7.849178819243839,32.37942687782424,30.66106815162686,0,0,,,,10.783377777777782,10.891211555555559,10.675544000000004,,-0.24253928081858778,-8.718097167945293,-8.64022662889521,0,45.654732708796786,45.892564583107095,,,,,-0.14665119869948628,-0.3934941991681633,-0.24684300046867702,-0.6034783775739649,45.654732708796786,,,,,,,,,-3.2945157554633138,41.93063334067309,-20.965316670336545,0
2022-11-25,9.33,9.43,9.24,9.39,10.275000000000015,12.795543592163998,7.754456407836031,34.459672222379886,32.43825414271813,0,0,,,,10.74777777777778,10.855255555555557,10.640300000000002,,-1.1058451816748693,-8.613138686131517,-8.952811893988388,0,45.18798320903062,44.385011531471456,,,,,-0.11009471614857402,-0.3844613956543945,-0.2743666795058205,-0.4434618272959281,45.18798320903062,,,,,,,,,-1.4000006767033542,41.91059175740087,-20.955295878700436,0
2022-11-28,9.3,9.54,9.07,9.19,10.159500000000014,12.656518021560725,7.662481978439303,35.46759645431393,34.10223185150601,0,0,,,,10.717600000000003,10.824776000000004,10.610424000000002,,-1.8896124693074556,-9.542792460258998,-10.689990281827033,0,43.80986457075558,43.04606373471314,,,,,-0.09167265827748328,-0.38895750235267457,-0.2972848440751913,-0.18950706377947274,43.80986457075558,,,,,,,,,-1.021503272103261,41.893207019762805,-20.946603509881403,0
2022-11-29,9.28,9.429,9.03,9.18,10.034500000000014,12.463923594188367,7.60507640581166,36.98293981812579,35.63673616493986,0,0,,,,10.689155555555557,10.796047111111113,10.582264,,-1.5971701146964001,-8.51562110718036,-10.488510417005248,0,43.73803923824508,43.299169775736125,,,,,-0.07324832453108321,-0.38884524973904533,-0.3155969252079621,-0.1493238980428141,43.73803923824508,,,,,,,,,-1.9453616442799955,41.86748555446439,-20.933742777232194,0
2022-11-30,9.29,9.63,9.05,9.59,9.918000000000013,12.19314922587489,7.642850774125137,43.33288659711904,38.59447428985291,0,0,,,,10.661155555555558,10.767767111111114,10.554544000000002,,3.4185269060710732,-3.3071183706393725,-6.231666775308042,0,47.5358793143299,44.351371339035495,,,,,-0.028818031778248265,-0.35161946493077245,-0.3228014331525242,-0.42424049868230784,47.5358793143299,,,,,,,,,-1.174228284078671,41.84765817315012,-20.92382908657506,0
2022-12-01,9.6,10.08,9.55,9.87,9.841500000000014,12.012695753495994,7.670304246504035,51.09001827805683,43.801948231100546,0,0,,,,10.635644444444448,10.742000888888892,10.529288000000005,,5.810463121783549,0.2895900015239983,-3.418357361863178,0,50.01729990012968,45.03413188417359,,,,,0.021352568724406162,-0.2961107222470165,-0.3174632909714227,-0.3492594141710804,50.01729990012968,,,,,,,,,1.2583477976822173,41.84888176465809,-20.924440882329044,0
2022-12-02,9.68,10.05,9.575,9.99,9.724500000000015,11.575234718969439,7.873765281030591,56.366070642007074,50.262991839060966,0,0,,,,10.607111111111115,10.713182222222226,10.501040000000003,,6.503198294242751,2.730217491901743,-2.295103344852345,0,51.08509300620975,45.17773010263147,,,,,0.06223156410093911,-0.23967383584524882,-0.3019053999461879,0.12427409309077148,51.08509300620975,,,,,51.08509300620975,,51.08509300620975,,4.09947858528299,41.877482592814204,-20.938741296407102,0
2022-12-05,10,10.17,9.65,9.67,9.594000000000014,11.026332363663924,8.161667636336103,55.35021656255942,54.26876849420776,0,0,,,,10.57786666666667,10.683645333333338,10.472088000000003,,2.566822231650101,0.792161767771371,-5.279655206190648,0,48.13214351954706,45.480874306832895,,,,,0.06692220650324154,-0.218252641817136,-0.28517484832037754,0.23621971615286672,48.13214351954706,,,,,,,,,4.34640221972106,41.90723265428934,-20.95361632714467,0
2022-12-06,9.67,9.7601,9.21,9.39,9.462000000000014,10.35831690824113,8.565683091758897,50.1101099495333,53.942132384699924,0,0,,,,10.551600000000002,10.657116000000002,10.446084000000003,,-0.9702594389372154,-0.7609384908054628,-7.775413324603075,0,45.645831178506505,45.33098569616141,,,,,0.05108497642766319,-0.22131862778579858,-0.27240360421346177,0.5656531085414979,45.645831178506505,,,,,,,,,2.567950876471097,41.91754835295845,-20.958774176479224,0
2022-12-07,9.27,9.42,9.165,9.26,9.438000000000015,10.328945565115523,8.547054434884506,49.489146434658814,51.649824315583835,0,0,,,,10.525333333333336,10.63058666666667,10.420080000000002,,-2.51605432150781,-1.8859927950838573,-8.5823351322891,0,44.49657442372669,45.420587182487516,,,,,0.032667703922213076,-0.23156897431069545,-0.26423667823290853,0.46977437263874555,44.49657442372669,,,,,,,,,-0.14754816863289774,41.90225801080442,-20.95112900540221,0
2022-12-08,9.43,9.56,9.155,9.52,9.494000000000016,10.24705776670776,8.740942233292271,50.62392902508528,50.074395136425785,0,0,,,,10.503644444444447,10.608680888888891,10.398608000000003,,0.1578116780638794,0.2738571729511641,-5.5305636411749575,0,47.3516361589744,45.641059368019604,,,,,0.0384132072469357,-0.21622016917423892,-0.2546333764211746,0.5459591052563654,47.3516361589744,,,,,,,,,-0.8610274840618367,41.88050160069206,-20.94025080034603,0
2022-12-09,9.49,9.49,9.2746,9.31,9.496000000000015,10.246876820789517,8.745123179210513,46.39212442028584,48.83506662667664,0,0,,,,10.48328888888889,10.58812177777778,10.378456,,-1.969042855638914,-1.958719460825753,-7.04562851532603,0,45.32371151761183,45.82722097177109,,,,,0.028920428109165147,-0.21848284128471818,-0.24740326939388332,0.4219550905142519,45.32371151761183,,,,,,,,,-1.3525022844333439,41.85438337166166,-20.92719168583083,0
2022-12-12,9.4,9.64,9.31,9.58,9.451500000000015,10.057776339633076,8.845223660366955,53.39157126731758,50.13587490422956,0,0,,,,10.465022222222224,10.569672444444446,10.360372000000002,,0.4614093959728338,1.3595725546208026,-3.734717802713161,0,48.38445206734091,46.365407947968194,,,,,0.04094077903378934,-0.19622729560164665,-0.237168074635436,0.27398809465940055,48.38445206734091,,,,,,,,,-0.5073407969377369,41.834525003601705,-20.917262501800852,0
2022-12-13,10.1,10.24,9.24,9.35,9.441000000000015,10.04666987707737,8.83533012292266,52.403060815975174,50.72891883452619,0,0,,,,10.448888888888888,10.553377777777778,10.344399999999998,,-2.124986915105509,-0.9638809448153318,-5.306866518128461,0,46.021075061137374,46.598879705310125,,,,,0.03381287221905599,-0.194901984361616,-0.22871485658067198,0.02705433377259019,46.021075061137374,,,,,,,,,-1.3929458391923084,41.80723904411769,-20.903619522058847,0
2022-12-14,9.27,9.44,8.94,9.09,9.388000000000014,9.916870494543824,8.859129505456204,37.980677047820926,47.92510304370455,0,0,,,,10.430977777777779,10.535287555555556,10.326668000000002,,-4.345996001263064,-3.174265019173561,-7.052046763693431,0,43.43805519260042,46.440545597010384,,,,,0.013065268780269923,-0.21238327060533457,-0.2254485393856045,-0.16489874135034585,43.43805519260042,,,,,,,,,-2.5321515826222893,41.771242444408124,-20.885621222204062,0
2022-12-15,8.825,9,8.61,8.67,9.355500000000013,9.970039665114502,8.740960334885525,28.89944204946046,39.76105997108551,0,0,,,,10.411511111111112,10.515626222222224,10.307396,,-7.598848982202144,-7.32724066057413,-10.514002614738915,0,39.574014255925135,46.03954781464571,,,,,-0.025371877590259995,-0.2571633863734295,-0.2317915087831695,-0.43433892652487066,39.574014255925135,,,,,,,,,-6.033606472569832,41.7130739708011,-20.85653698540055,0
2022-12-16,8.57,8.72,8.365,8.61,9.312500000000014,10.004450142711836,8.620549857288193,26.039304111283435,30.9731410695216,0,0,,,,10.394622222222225,10.498568444444446,10.290676000000003,,-6.868577609518967,-7.54362416107397,-9.98118073464842,0,39.039739201612655,45.69882457399264,,,,,-0.04984936142430468,-0.2941032105635504,-0.2442538491392457,-0.68420473664247,39.039739201612655,,,,,,,,,-8.92692918105871,41.640963312452804,-20.820481656226402,0
2022-12-19,8.56,8.56,8.03,8.2,9.263000000000014,10.10770349827555,8.418296501724479,20.7332271547085,25.223991105150787,0,0,,,,10.37946666666667,10.483261333333337,10.275672000000002,,-9.870301165091522,-11.475763791428406,-13.031181503217216,0,35.51162505536426,45.11122356092973,,,,,-0.08651661463238791,-0.3523996174297306,-0.26588300279734267,-0.8651513756058614,35.51162505536426,,,,,,,,,-12.221074598590562,41.55761037746417,-20.778805188732086,0
2022-12-20,8.13,8.43,8.02,8.1,9.225500000000014,10.197250482376495,8.253749517623534,18.25689012937995,21.676473798457284,0,0,,,,10.358888888888892,10.462477777777782,10.255300000000002,,-9.688928531609175,-12.199880765270322,-12.881368085182732,0,34.688210680135114,44.19353294420153,,,,,-0.10892135647737489,-0.40203469839406125,-0.29311334191668637,-0.9158623058101257,34.688210680135114,,,,,,,,,-14.34782703653993,41.4697685227165,-20.73488426135825,0
2022-12-21,8.17,8.235,7.97,8.17,9.179500000000015,10.254199492881114,8.104800507118917,18.85983193785161,19.28331640731334,0,0,,,,10.332311111111114,10.435634222222225,10.228988000000003,,-7.787810383747484,-10.997331009314381,-11.6310931641189,0,35.8102201125038,43.178741530799684,,,,,-0.1101148822682011,-0.4307569447519377,-0.3206420624837366,-0.9257546214019527,35.8102201125038,,,,,,,,,-16.005665329487453,41.379950558683774,-20.689975279341887,0
2022-12-22,8.05,8.11,7.69,7.99,9.106000000000014,10.289476235502415,7.922523764497614,16.724710359552514,17.947144142261344,0,0,,,,10.302711111111112,10.405738222222222,10.199684000000001,,-8.234753646491654,-12.255655611684734,-13.45008124210153,0,34.18397274052873,41.971518654679606,,,,,-0.11365450403543498,-0.46271019252803036,-0.3490556884925954,-0.9258938380351768,34.18397274052873,,,,,,,,,-16.984954157522182,41.289774012496615,-20.644887006248307,0
2022-12-23,7.99,8,7.76,7.95,9.034000000000015,10.311112367804371,7.756887632195658,16.011263096879016,17.198601798094366,0,0,,,,10.275733333333337,10.37849066666667,10.172976000000004,,-7.24536226811373,-11.999114456497818,-13.47095744294895,0,33.81645369630674,40.94896938159102,,,,,-0.10928554594815043,-0.48566262092778345,-0.376377074979633,-0.9306628157794435,33.81645369630674,,,,,,,,,-17.789562730972662,41.19971982237275,-20.599859911186375,0
2022-12-27,7.85,7.93,7.68,7.7,8.959500000000014,10.359449641951059,7.55955035804897,12.998714670643995,15.244896042358496,0,0,,,,10.247066666666669,10.349537333333336,10.144596000000002,,-8.147441250149434,-14.057704112952873,-15.341200615700412,0,31.534494427850234,39.94101675654414,,,,,-0.1133412967613025,-0.5180536959312612,-0.40471239916995866,-0.9508010250970634,31.534494427850234,,,,,,,,,-19.68370101919579,41.11024087532092,-20.55512043766046,0
2022-12-28,7.67,7.81,7.565,7.7,8.885500000000015,10.38399891558149,7.387001084418539,12.74535801845937,13.918445261994115,0,0,,,,10.213822222222223,10.315960444444446,10.111684,,-6.303236797274603,-13.341961622868858,-14.76014760147606,0,31.534494427850234,39.01515389969582,,,,,-0.10625213904375863,-0.5375275729746569,-0.4312754339308983,-0.9691127549268393,31.534494427850234,31.534494427850234,,31.534494427850234,,,,,,-20.795838942967254,41.02203641346175,-20.511018206730874,0
2022-12-29,7.77,8.15,7.735,8.05,8.808500000000013,10.312538230896788,7.304461769103238,21.018624393771166,15.587565694291499,1,0,,,,10.187777777777782,10.28965555555556,10.085900000000004,,-0.7887601676118794,-8.611000737923725,-10.189661584232045,0,38.295258298192365,38.36826976678282,,,,,-0.06997084148010185,-0.5187389857810256,-0.44876814430092377,-0.9301973091570622,38.295258298192365,,,,,,,,,-20.523822020731103,40.934180904706224,-20.467090452353112,0
2022-12-30,7.85,8.17,7.76,8.14,8.722000000000014,10.169834244656142,7.274165755343885,25.48469383802547,19.749558750085328,0,0,,,,10.164488888888892,10.266133777777782,10.062844000000002,,0.9800272918989217,-6.672781472139555,-8.785298072613168,0,39.93768193417362,37.983553367965804,,,,,-0.03372751666813134,-0.49092754013608797,-0.45720002346795663,-0.8678369514701757,39.93768193417362,,,,,,,,,-19.058700337684268,40.8462621289694,-20.4231310644847,0
2023-01-03,8.26,8.38,7.915,8.08,8.626500000000014,9.975800188986499,7.27719981101353,27.952903293691286,24.818740508495964,0,0,,,,10.13857777777778,10.239963555555558,10.037192000000001,,0.8991008991005245,-6.335130122297727,-8.98509368077195,0,39.18878530765317,37.32672002798811,,,,,-0.008903705156949215,-0.46832965491414313,-0.4594259497571939,-0.7927764211173132,39.18878530765317,,,,,,,,,-17.808219796702566,40.759084561198186,-20.379542280599093,0
2023-01-04,8.17,8.37,8.05,8.36,8.561000000000016,9.825862047813475,7.296137952186557,38.099138330144925,30.512245153953888,0,0,,,,10.115644444444444,10.216800888888889,10.014487999999998,,4.187437686938789,-2.3478565588134104,-5.536723163841795,0,44.42601943869652,37.21278748352804,,,,,0.029179570474305694,-0.4229514866643118,-0.4521310571386175,-0.5998579177298097,44.42601943869652,,,,,44.42601943869652,,44.42601943869652,,-16.78742214548206,40.6730884169101,-20.33654420845505,0
2023-01-05,8.16,8.23,7.95,8.11,8.497000000000016,9.71631292127939,7.277687078720641,40.16372304812754,35.405254890654575,0,0,,,,10.092488888888889,10.193413777777778,9.991564,,1.0591900311522684,-4.554548664234625,-8.105453996071898,0,41.02843742521843,37.04067192871504,,,,,0.039687365132403285,-0.4025218507231134,-0.4422092158555167,-0.4132498299549449,41.02843742521843,,,,,,,,,-16.920188893042134,40.58752899873532,-20.29376449936766,0
2023-01-06,8.14,8.32,7.9279,8.25,8.446500000000016,9.61794824896314,7.275051751036893,46.32183234630108,41.52823124152451,0,0,,,,10.069822222222223,10.170520444444445,9.969124,,2.7013569027756867,-2.3264073876755553,-6.221582297665929,0,43.628391541922,37.33027030628625,,,,,0.05715897993890884,-0.3707604909318807,-0.4279194708707895,-0.11334834716916892,43.628391541922,,,,,,,,,-16.354864781355715,40.503003300059255,-20.251501650029628,0
2023-01-09,8.44,8.69,8.39,8.55,8.398000000000014,9.463149754728915,7.332850245271112,54.71441691767233,47.06665743736698,0,0,,,,10.047066666666668,10.147537333333334,9.946596000000001,,5.699097539868592,1.8099547511310599,-2.475191057374193,0,48.83411878118729,38.02986884768444,,,,,0.08816004071765982,-0.3177194199737148,-0.4058794606913746,0.4291876661896482,48.83411878118729,,,,,,,,,-15.72816033753744,40.419704173801826,-20.209852086900913,0
2023-01-10,8.49,8.735,8.37,8.72,8.368500000000015,9.36119884657884,7.375801153421189,66.33653102406743,55.79092676268028,0,0,,,,10.025777777777778,10.126035555555555,9.92552,,6.784227283859545,4.2002748401742895,-0.2820766943660513,0,51.56374921324884,39.1764491446762,,,,,0.11751873842801014,-0.25898103765636193,-0.3764997760843721,0.6622853823882318,51.56374921324884,,,,,,,,,-13.695619177699323,40.34029043369039,-20.170145216845196,0
2023-01-11,8.76,8.84,8.63,8.76,8.327500000000015,9.173570328045471,7.481429671954558,71.15519577211761,64.0687145712858,0,0,,,,10.010266666666666,10.110369333333333,9.910164,,5.899419729206579,5.193635544881237,0.33981138559049384,0,52.209787281725625,40.42799033050409,,,,,0.13574485806524972,-0.20681870350280995,-0.34256356156805967,0.7848996347487998,52.209787281725625,,,,,,,,,-12.019541545891242,40.265382684739244,-20.132691342369622,0
2023-01-12,8.81,9.05,8.49,9.04,8.312000000000015,9.091297119203544,7.532702880796487,76.80638491630566,71.43270390416357,0,0,,,,9.997955555555553,10.09793511111111,9.897975999999996,,7.542231739233474,8.758421559191309,3.6023990526034666,0,56.57595660736822,41.9112572229944,,,,,0.1610446994578722,-0.1412576872457194,-0.3023023867035916,0.895887256597592,56.57595660736822,,,,,,,,,-10.415025588341848,40.195806814515116,-20.097903407257558,0
2023-01-13,8.93,9.44,8.9,9.32,8.323500000000015,9.153518674488058,7.493481325511972,84.52577441825521,77.49578503555949,0,0,,,,9.989111111111107,10.089002222222218,9.889219999999996,,9.223016524082595,11.972127109989582,6.921606118546886,0,60.465695072673526,43.78852310386189,,,,,0.18908489966813896,-0.06594626211841792,-0.2550311617865569,0.9333866105432688,60.465695072673526,,,,,,,,,-8.441395420271236,40.13403343737165,-20.067016718685824,0
2023-01-17,9.36,9.675,9.29,9.52,8.366000000000016,9.337604857953515,7.394395142046516,87.70961104014701,83.01392345823596,0,0,,,,9.983155555555554,10.082987111111109,9.883323999999998,,9.791258217044941,13.793927803011986,9.362435381964417,0,63.01417984478639,45.87407497161043,,,,,0.21183641422677552,0.0097643559969125,-0.20207205822986302,0.9587837318114033,63.01417984478639,,,,,63.01417984478639,,63.01417984478639,,-5.933370904953825,40.084211013793585,-20.042105506896792,0
2023-01-18,9.66,9.7,9.17,9.31,8.401000000000014,9.452397165679557,7.349602834320472,85.7586266224143,85.99800402693886,0,1,,,,9.973377777777777,10.073111555555556,9.873643999999999,,5.867637025244132,10.82014045946893,7.229239451760328,0,58.7329942105577,47.81682495608954,,,,,0.20343235088621445,0.05221838037790505,-0.1512139705083094,0.958578284891751,58.7329942105577,,,,,,,,,-5.074636622495981,40.0390364989987,-20.01951824949935,0
2023-01-19,9.18,9.3,9.04,9.05,8.443500000000016,9.52718399452924,7.359816005470792,80.4998037346957,84.65601379908567,0,0,,,,9.962000000000002,10.061620000000001,9.862380000000002,,2.109895069389256,7.183040208444158,4.4833557821820635,0,53.85449266475858,49.411110544440135,,,,,0.17228658312096373,0.06414425839289528,-0.10814232472806845,0.9250134862508642,53.85449266475858,,,,,,,,,-6.021240727370781,39.98889526685206,-19.99444763342603,0
2023-01-20,9.16,9.57,9.06,9.52,8.514500000000016,9.681709921136244,7.3472900788637885,84.41993443242036,83.55945492984345,0,0,,,,9.950933333333333,10.050442666666667,9.851424,,5.730786317191994,11.809266545304853,9.854604200323113,0,60.277648371077404,50.981281263931926,,,,,0.1747136868285104,0.11024978380756956,-0.06446390302094085,0.9327253837065538,60.277648371077404,,,,,,,,,-6.04060378209151,39.93874550407927,-19.969372752039636,0
2023-01-23,9.58,9.78,9.43,9.71,8.591500000000014,9.856715791870684,7.326284208129343,86.90603862983737,83.94192559898448,0,0,,,,9.941777777777778,10.041195555555555,9.842360000000001,,6.1202185792346375,13.018681254728337,11.853473102177192,0,62.54721811285689,52.596248133837875,,,,,0.17978922947148082,0.16027263381841017,-0.019516595653070644,0.9419457985734905,62.54721811285689,,,,,,,,,-4.71533987079846,39.8956625645541,-19.94783128227705,0
2023-01-24,9.6,9.84,9.56,9.71,8.677500000000014,10.000010869520153,7.3549891304798765,86.34874953738303,85.89157419988025,0,0,,,,9.933866666666667,10.033205333333333,9.834528,,4.7917116339301735,11.898588303082501,11.771928478244199,0,62.54721811285689,54.264707619923854,,,,,0.17372356185116145,0.19763785666088118,0.023914294809719724,0.9386916180677801,62.54721811285689,,,,,,,,,-2.5198880522024756,39.865603427038856,-19.932801713519428,0
2023-01-25,9.55,9.7801,9.325,9.69,8.764500000000014,10.112809682528063,7.416190317471965,84.5271848842434,85.92732435048792,0,1,,,,9.926355555555556,10.025619111111112,9.827092,,3.4924703620630826,10.55964401848346,11.379310344827598,0,62.11396311378006,55.528132168144104,,,,,0.15932046738414662,0.22306487903990302,0.06374441165575638,0.9360879396114651,62.11396311378006,,,,,,,,,-1.996500578723679,39.83872674140483,-19.919363370702413,0
2023-01-26,9.94,10,9.55,9.64,8.861500000000014,10.168011002632188,7.55498899736784,84.63301061688037,85.16964834616893,0,0,,,,9.920488888888887,10.019693777777775,9.821283999999999,,1.9997883821814444,8.78519438018377,10.779131234199046,0,60.97679449584131,56.953014816045744,,,,,0.13816901581745072,0.23645568142756979,0.09828666561011906,0.9127559673719319,60.97679449584131,,,,,,,,,-2.27863047386304,39.8098075650931,-19.90490378254655,0
2023-01-27,9.61,10.545,9.59,10.39,8.996000000000013,10.349534631991009,7.6424653680090175,89.57207543267221,86.24409031126532,0,0,,,,9.915911111111107,10.015070222222219,9.816751999999996,,8.387231379094185,15.49577590040001,18.92407478061806,0,69.8834837714633,58.82837854672726,,,,,0.16463583471868531,0.3040814590084757,0.1394456242897904,0.9081441287184543,69.8834837714633,,,,,69.8834837714633,,69.8834837714633,,-0.058624390528382676,39.795731207999395,-19.897865603999698,0
2023-01-30,10.3,10.65,10.01,10.15,9.101000000000013,10.470421775786757,7.73157822421327,86.50401389734287,86.90303331563182,0,1,,,,9.908799999999996,10.007887999999996,9.809711999999996,,4.974661288654136,11.526205911438137,15.709074327405382,0,64.7875956437443,59.96791260833847,,,,,0.15600670309965597,0.33445400316436036,0.17844730006470438,0.9047197725401004,64.7875956437443,,,,,,,,,1.4243276227256458,39.79229929159972,-19.89614964579986,0
2023-01-31,10.24,10.42,10.15,10.41,9.214500000000013,10.62225672614231,7.806743273857716,88.1428386305224,88.07297598684583,0,0,,,,9.899866666666659,9.998865333333326,9.800867999999992,,6.681697069071202,12.974116881002606,17.893544733861845,0,67.54835670855371,61.10967028657454,,,,,0.1573857240300623,0.37517945510228223,0.21779373107221994,0.905850221031436,67.54835670855371,,,,,,,,,3.928183445748965,39.80878199484665,-19.904390997423324,0
2023-02-01,10.26,10.88,10.16,10.78,9.349500000000013,10.81292714201938,7.886072857980648,90.52534394275895,88.39073215687473,0,0,,,,9.894222222222215,9.993164444444437,9.795279999999993,,8.833922261483762,15.300283437616823,21.09184857902422,0,71.02935897008736,62.4539254071718,,,,,0.17162659965144378,0.43232698063652464,0.26070038098508086,0.9014856650474744,71.02935897008736,,,,,,,,,5.136017758444388,39.8350583973328,-19.9175291986664,0
2023-02-02,11.12,11.52,10.97,11.14,9.488500000000013,11.072700429238374,7.904299570761651,92.28296385283826,90.31704880870655,0,0,,,,9.894755555555548,9.993703111111104,9.795807999999992,,10.14435436029235,17.40528007588118,23.77319358542276,0,73.95655315929623,63.69539658945238,,,,,0.19215315801031985,0.5008918284979806,0.3087386704876608,0.9010878669313798,73.95655315929623,,,,,73.95655315929623,,73.95655315929623,,8.365511790266462,39.89138802855829,-19.945694014279145,0
2023-02-03,10.765,11.235,10.55,10.74,9.620000000000013,11.160688157934288,8.079311842065739,86.77130159526993,89.8598697969557,0,1,,,,9.895155555555549,9.994107111111104,9.796203999999994,,4.923798358733578,11.642411642411489,18.173482486704586,0,65.97946497708472,64.08923729691033,,,,,0.16660404401032675,0.5169937255005692,0.35038968149024247,0.916337485721884,65.97946497708472,,,,,,,,,9.462498398061703,39.95753654508337,-19.978768272541686,0
2023-02-06,10.63,10.73,10.42,10.6,9.737500000000013,11.198730645722629,8.276269354277398,81.09033119653174,86.71486554821331,0,0,,,,9.893199999999993,9.992131999999993,9.794267999999994,,2.6634382566582904,8.857509627727712,15.602733750181773,0,63.40182523396106,64.11692625327994,,,,,0.12972778625945075,0.5125494143145559,0.38282162805510517,0.9246743851404627,63.40182523396106,,,,,,,,,8.905635867630561,40.016168081799954,-20.008084040899977,0
2023-02-07,10.6,10.74,10.22,10.55,9.837500000000013,11.232202477232699,8.442797522767327,73.60640726219293,80.48934668466485,0,0,,,,9.883288888888881,9.98212177777777,9.784455999999992,,1.3545969833794747,7.242693773824516,13.996542284973357,0,62.463259435428036,64.3833737693421,,,,,0.09313292249266242,0.4992377811709332,0.4061048586782708,0.891654054236532,62.463259435428036,,,,,,,,,7.001527968269571,40.05452119119802,-20.02726059559901,0
2023-02-08,10.6,10.795,10.39,10.47,9.925000000000013,11.245916348600055,8.604083651399971,68.78509027437163,74.4939429110321,0,0,,,,9.870311111111103,9.969014222222215,9.771607999999992,,-0.16210546390797997,5.4911838790930645,12.1145059965734,0,60.909608545495026,64.88731061796614,,,,,0.05650599556864788,0.4767373531390806,0.42023135757043273,0.8210930082276348,60.909608545495026,,,,,,,,,6.104226641873619,40.08339895843134,-20.04169947921567,0
2023-02-09,11.066,11.16,9.9,10.08,9.991000000000014,11.199617391898238,8.78238260810179,57.25846582149852,66.54998778602102,0,0,,,,9.85537777777777,9.953931555555547,9.756823999999993,,-4.282594245561,0.8908017215492503,7.029093225737948,0,53.874492136323575,64.42994231548371,,,,,0.0018667517339696071,0.42256479723789475,0.42069804550392514,0.6364282255398389,53.874492136323575,,,,,,,,,4.370439207955912,40.09627415261739,-20.048137076308695,0
2023-02-10,9.92,10.325,9.84,9.98,10.038000000000014,11.165414741787071,8.910585258212958,48.45890942574988,58.16748850720668,0,0,,,,9.841733333333325,9.940150666666659,9.743315999999991,,-4.861773117254797,-0.5778043434948588,5.119022540551943,0,52.20934059352079,63.691522492674,,,,,-0.042695116132544286,0.36732915033824476,0.41002426647078904,0.40637346893427306,52.20934059352079,,,,,,,,,2.475685695359085,40.0934555729278,-20.0467277864639,0
2023-02-13,9.98,10.08,9.81,9.92,10.068000000000014,11.148344389534605,8.987655610465422,42.244669036952565,49.32068142806699,0,0,,,,9.826177777777767,9.924439555555544,9.72791599999999,,-5.225948218209886,-1.4700039729838466,3.8055042031462705,0,51.187067896824324,62.88008319152881,,,,,-0.07595465586616584,0.3150809466380817,0.39103560250424757,0.12584316471636225,51.187067896824324,51.187067896824324,,51.187067896824324,,,,,,0.6836020303400875,40.07735083577403,-20.038675417887013,0
2023-02-14,9.89,10.26,9.81,10.06,10.095000000000015,11.145799695469513,9.044200304530516,41.2700175075435,43.99119865674865,0,0,,,,9.812755555555546,9.9108831111111,9.71462799999999,,-3.565950920245675,-0.3467062902428375,4.570181213402202,0,53.476121360992344,62.26309449490112,,,,,-0.087449946468652,0.28172316941843256,0.36917311588708457,-0.16012478668642038,53.476121360992344,,,,,,,,,0.6765424590755528,40.060856672845375,-20.030428336422688,0
2023-02-15,10.06,10.63,10.02,10.63,10.161000000000014,11.171324700281497,9.15067529971853,49.1554864410612,44.22339099518575,0,0,,,,9.802399999999988,9.900423999999989,9.704375999999987,,2.0447345684935225,4.615687432339199,9.527407610935601,0,61.41063295720801,62.29408295642731,,,,,-0.05706031367196385,0.29784772379712976,0.3549080374690936,-0.3669207271938092,61.41063295720801,,,,,,,,,2.9429675287473818,40.06011951454661,-20.030059757273303,0
2023-02-16,10.432,10.92,10.33,10.34,10.225500000000014,11.09937584930518,9.35162415069485,47.512159061290426,45.97922100329837,0,0,,,,9.793288888888876,9.891221777777764,9.695355999999988,,0.0290219599494268,1.1197496454939726,5.819744831820994,0,56.162569478276694,61.314017649771124,,,,,-0.05676423598838981,0.28395274248360636,0.34071697847199617,-0.40621647969611785,56.162569478276694,,,,,,,,,4.418522036795057,40.07024982443474,-20.03512491221737,0
2023-02-17,10.2,10.37,9.81,10.35,10.267000000000014,11.079603224211477,9.45439677578855,42.7593078414052,46.47565111458561,0,0,,,,9.782355555555544,9.880179111111099,9.684531999999988,,0.5049524179449261,0.8084153111910464,5.118829981718487,0,56.301248643562815,60.70785000690102,,,,,-0.05607106020074809,0.27062815322106104,0.32669921342180913,-0.5460246241024845,56.301248643562815,,,,,,,,,5.433766054081982,40.08793060347221,-20.043965301736105,0
2023-02-21,10.13,10.29,9.83,9.9,10.276500000000013,11.066975173550082,9.486024826449944,35.044490829025946,41.771985910573854,0,0,,,,9.75564444444443,9.853200888888875,9.658087999999985,,-3.206883066093358,-3.663698730112508,-0.010099989899992057,0,48.817206126458764,59.369910679608516,,,,,-0.0843936565026705,0.22120714279347098,0.3056007992961415,-0.6832948184794484,48.817206126458764,48.817206126458764,,48.817206126458764,,,,,,2.951333465749825,40.08539059993444,-20.04269529996722,0
2023-02-22,9.89,10.095,9.79,9.95,10.288500000000013,11.051003114747044,9.525996885252983,30.354929769600368,36.052909480010506,0,0,,,,9.735155555555545,9.8325071111111,9.63780399999999,,-2.143981117230831,-3.290081158575242,0.023456086854545255,0,49.61857204048978,57.84056875606584,,,,,-0.09731687719931381,0.18395470279699921,0.281271579996313,-0.6836982137130163,49.61857204048978,,,,,,,,,1.5895031341261385,40.07273795206027,-20.036368976030136,0
2023-02-23,10.065,10.1,9.715,10.09,10.308500000000013,11.026866897900408,9.590133102099617,29.956249118748794,31.785223239125035,0,0,,,,9.719955555555545,9.8171551111111,9.62275599999999,,-0.3948667324780719,-2.1196100305574284,0.9673115410273603,0,51.88992998751398,56.264381386652815,,,,,-0.09394521642661324,0.16384005946304647,0.2577852758896597,-0.5851140818310393,51.88992998751398,,,,,,,,,0.654560979561465,40.05357124143027,-20.026785620715135,0
2023-02-24,9.81,9.92,9.47,9.59,10.306000000000013,11.033939557929703,9.578060442070324,22.334616086119766,27.54859832482298,0,0,,,,9.702577777777767,9.799603555555546,9.605551999999989,,-4.87054855669109,-6.947409276149941,-4.30096796726871,0,44.221969881028414,54.71027459407737,,,,,-0.12116617235425764,0.10632756044683767,0.2274937328010953,-0.6006288169661816,44.221969881028414,44.221969881028414,,44.221969881028414,,,,,,-0.4247945492538558,40.027484192200546,-20.013742096100273,0
2023-02-27,9.72,9.875,9.6097,9.72,10.272500000000013,11.042353882239302,9.502646117760724,25.360775520293842,25.883880241720803,0,0,,,,9.6843111111111,9.781154222222211,9.587467999999989,,-3.3316757831927224,-5.378437576052686,-3.2225946699412367,0,46.438175999152314,53.49858536301961,,,,,-0.12565372984065987,0.07042657050027046,0.19608030034093032,-0.5956604868261649,46.438175999152314,,,,,,,,,-1.2147387975196209,39.996658651426465,-19.998329325713232,0
2023-02-28,9.73,10.16,9.72,10.07,10.268500000000014,11.041682384692553,9.495317615307474,32.607690228756525,26.76769394505671,0,0,,,,9.671155555555544,9.7678671111111,9.574443999999987,,-2.9976021664879227e-13,-1.9330963626626452,0.013242402171775858,0,51.97114898283999,52.74914890212045,,,,,-0.10133091211710138,0.06941666019455361,0.170747572311655,-0.4596528850653399,51.97114898283999,,,,,,,,,-1.2978250060575982,39.96525722177638,-19.98262861088819,0
2023-03-01,10.01,10.1103,9.7,9.73,10.234500000000013,11.038974362549231,9.430025637450795,28.875090643317613,28.94785213078933,0,0,,,,9.658799999999989,9.75538799999999,9.562211999999988,,-3.0586828733688343,-4.929405442376389,-3.4307076454825003,0,46.90247342063713,51.74863925034489,,,,,-0.104028586046616,0.04071183975338499,0.144740425800001,-0.43328024288180955,46.90247342063713,,,,,,,,,-0.8445627012628893,39.93629473128312,-19.96814736564156,0
2023-03-02,9.48,9.74,9.21,9.62,10.176500000000013,10.982558930847473,9.370441069152553,25.844646512520605,29.10914246153158,0,0,,,,9.6479111111111,9.744390222222211,9.551431999999988,,-3.180354267311092,-5.4684813049674545,-4.620265714852245,0,45.36107824262341,51.140538257937735,,,,,-0.10860559927680302,0.00898342670399721,0.11758902598080023,-0.5455755113148604,45.36107824262341,,,,,,,,,-1.1980425590977648,39.90522543128141,-19.952612715640704,0
2023-03-03,9.61,9.95,9.5793,9.9,10.114500000000012,10.79566003993122,9.433339960068803,32.97139791946134,29.230378358433185,0,0,,,,9.641955555555544,9.7383751111111,9.545535999999988,,0.0808734330769223,-2.1207177814030476,-2.1191049006360374,0,49.87660823157105,50.97391451779847,,,,,-0.08898418835682084,0.0063587905347741724,0.09534297889159501,-0.5900344056452106,49.87660823157105,,,,,,,,,-1.7811280295017502,39.87091648356418,-19.93545824178209,0
2023-03-06,9.945,10.04,9.675,9.72,10.063500000000014,10.701035097072308,9.425964902927719,31.531991471262536,30.11601196774816,0,0,,,,9.6347111111111,9.731058222222211,9.538363999999989,,-1.1089632719506581,-3.413325383812915,-3.962059085070624,0,47.1773801254973,50.68750824841796,,,,,-0.08437757315537275,-0.010128987552620927,0.07424858560275183,-0.7119477358756091,47.1773801254973,,,,,,,,,-1.8256161206091666,39.83631732692836,-19.91815866346418,0
2023-03-07,9.71,9.78,9.4,9.42,10.004500000000013,10.650858259790223,9.358141740209803,26.37819316028272,30.293860850335534,0,0,,,,9.625777777777767,9.722035555555545,9.529519999999989,,-3.69082915857305,-5.8423709330802325,-6.837212368958923,0,43.00052102027226,49.93925108122368,,,,,-0.09688923350737104,-0.046862956281461976,0.05002627722590906,-0.8057788551284085,43.00052102027226,43.00052102027226,,43.00052102027226,,,,,,-2.5077301375825822,39.79820843879903,-19.899104219399515,0
2023-03-08,9.42,9.72,9.34,9.65,9.959500000000013,10.5721165195284,9.346883480471625,29.33845809355841,29.082880908367887,0,0,,,,9.615822222222212,9.711980444444434,9.51966399999999,,-1.0357912009027692,-3.1075857221749326,-4.543656027433373,0,46.88326406252064,48.9015818744603,,,,,-0.0854302234447703,-0.056761502080053816,0.028668721364716487,-0.7529916076899159,46.88326406252064,,,,,,,,,-3.360732564912172,39.75603202321339,-19.878016011606697,0
2023-03-09,9.58,9.832,9.35,9.44,9.908000000000012,10.513428773679562,9.302571226320461,24.69923986533449,26.805297039725207,0,0,,,,9.607199999999988,9.703271999999988,9.511127999999989,,-2.5397480900271496,-4.723455793298459,-6.543906543906541,0,43.94016049462253,48.02855266134215,,,,,-0.08743262111773578,-0.08062205503245323,0.006810566085282542,-0.7379199478309612,43.94016049462253,,,,,,,,,-4.302737492768884,39.70974695287659,-19.854873476438296,0
2023-03-10,9.32,9.37,8.51,9.01,9.854500000000012,10.56896413485852,9.140035865141504,19.052331244006147,24.363343067633014,0,0,,,,9.598399999999987,9.694383999999987,9.502415999999988,,-6.418778562526262,-8.56968897458026,-10.615079365079339,0,38.59724985572778,46.763981319353924,,,,,-0.11160800878428542,-0.13269944489507424,-0.021091436110788817,-0.73332546226283,38.59724985572778,,,,,,,,,-5.646902894825185,39.65821579310961,-19.829107896554806,0
2023-03-13,8.85,9.27,8.71,8.99,9.805000000000012,10.609350669794681,9.000649330205343,19.416144702613483,21.05590527065137,0,0,,,,9.586977777777767,9.682847555555545,9.491107999999988,,-5.913134484563354,-8.312085670576352,-10.398671096345492,0,38.36359126636734,46.017294543633106,,,,,-0.12199406385395954,-0.17358401592823824,-0.0515899520742787,-0.7949842541945963,38.36359126636734,38.36359126636734,,38.36359126636734,,,,,,-7.773557044575745,39.59975839505162,-19.79987919752581,0
2023-03-14,9.33,9.475,9,9.11,9.764500000000012,10.621459158886326,8.907540841113699,23.368373662298712,20.61228320297278,1,0,,,,9.579866666666653,9.67566533333332,9.484067999999986,,-3.6896077809496663,-6.702852168569939,-8.887851713561778,0,40.68383900563197,45.37909932685755,,,,,-0.11398025614392548,-0.19406527225418557,-0.08008501611026009,-0.8183193184281903,40.68383900563197,,,,,,,,,-8.74271727510395,39.538866204655406,-19.769433102327703,0
2023-03-15,8.81,9.22,8.76,9.2,9.721500000000011,10.600846916750857,8.842153083249165,24.844669263100997,22.543062542671063,0,0,,,,9.574355555555544,9.6700991111111,9.478611999999988,,-2.190091431001817,-5.364398498174272,-7.615062761506275,0,42.43412136715672,44.703684425403466,,,,,-0.09650861380543896,-0.20072078336705879,-0.10421216956161983,-0.789821011015189,42.43412136715672,,,,,,,,,-7.967737892671409,39.480348293929595,-19.740174146964797,0
2023-03-16,9.1,9.37,8.98,9.31,9.655500000000012,10.445828412749512,8.865171587250513,30.432470447403773,26.215171124267826,0,0,,,,9.570133333333322,9.665834666666655,9.47443199999999,,-0.6933333333336678,-3.5782714515044445,-6.048170075349812,0,44.586341854466085,44.72971099493473,,,,,-0.0725285603835463,-0.1948728700410527,-0.1223443096575064,-0.8219457783990722,44.586341854466085,,,,,,,,,-6.753143508144171,39.42578341114893,-19.712891705574464,0
2023-03-17,9.29,9.37,9.0437,9.19,9.59800000000001,10.347015353647283,8.848984646352736,30.466817394059767,28.581319034854843,0,0,,,,9.564799999999988,9.660447999999988,9.469151999999987,,-1.225279449699379,-4.25088560116701,-6.646801882639741,0,42.710362207717246,44.46343858126079,,,,,-0.06023899042691483,-0.19764304769114993,-0.1374040572642351,-0.8304655457367643,42.710362207717246,,,,,,,,,-6.323805088982001,39.37284948731035,-19.686424743655174,0
2023-03-20,9.16,9.19,8.8,8.8,9.52050000000001,10.262968181135966,8.778031818864056,25.492546727329653,28.79727818959773,0,0,,,,9.559466666666655,9.655061333333322,9.463871999999988,,-4.4724272687801765,-7.5678798382438845,-10.017383005555725,0,37.22804065413291,43.41035941492458,,,,,-0.0730145009751774,-0.22867218348320684,-0.15565768250802944,-0.8293506537844361,37.22804065413291,37.22804065413291,,37.22804065413291,,,,,,-7.48250427786538,39.31641960823297,-19.658209804116485,0
2023-03-21,8.93,9.38,8.88,9.34,9.49250000000001,10.21764481312308,8.76735518687694,35.16282038111558,30.374061500835,0,0,,,,9.5587111111111,9.654298222222211,9.463123999999988,,1.4776184267706327,-1.6065314722150115,-4.083798308972009,0,47.31250114335502,43.439647109404426,,,,,-0.041313762851670016,-0.20729988607261696,-0.16598612322094694,-0.7225577043282957,47.31250114335502,,,,,47.31250114335502,,47.31250114335502,,-7.204035027319304,39.26105289387576,-19.63052644693788,0
2023-03-22,9.32,9.4,8.92,8.93,9.441500000000012,10.17420116691543,8.708798833084593,32.823451799133075,31.159606302526104,0,0,,,,9.553555555555544,9.6490911111111,9.458019999999989,,-2.2120017520809165,-5.417571360483098,-7.782864617396967,0,41.81915441829477,43.18665255052381,,,,,-0.04393059698856627,-0.22089936945665478,-0.1769687724680885,-0.7379455702202076,41.81915441829477,,,,,,,,,-7.9808546119984,39.203648772202065,-19.601824386101033,0
2023-03-23,8.89,9.06,8.54,8.57,9.365500000000011,10.128087044211506,8.602912955788517,26.314147532211294,31.433473237486652,0,0,,,,9.548066666666658,9.643547333333325,9.452585999999991,,-5.251520176893621,-8.49394052640019,-10.917847614427734,0,37.6820287936339,42.31561116209973,,,,,-0.06462883189919183,-0.2577548123420783,-0.19312598044288648,-0.738200434218671,37.6820287936339,,,,,,,,,-8.696807140521678,39.14460648654933,-19.572303243274664,0
2023-03-24,8.5,8.735,8.375,8.68,9.320000000000011,10.130654056919013,8.509345943081009,23.32897375328569,27.48885769487669,0,0,,,,9.540066666666657,9.635467333333324,9.444665999999991,,-3.6839769196630012,-6.866952789699687,-9.334633195222985,0,39.64674149169243,41.77770840254224,,,,,-0.06543349866835207,-0.27491785377832656,-0.20948435510997448,-0.7279253159857395,39.64674149169243,,,,,,,,,-10.890675370872577,39.081221496626014,-19.540610748313007,0
2023-03-27,8.76,8.84,8.52,8.61,9.264500000000009,10.109283404192727,8.41971659580729,22.23392594035104,23.959015741949344,0,0,,,,9.533444444444436,9.628778888888881,9.438109999999991,,-4.056162246490169,-7.064601435587548,-9.634760705289636,0,38.808247763803855,41.4782603127945,,,,,-0.06506512367509215,-0.29081575970383966,-0.2257506360287475,-0.7537055728209202,38.808247763803855,,,,,,,,,-11.9389975617021,39.01654986485518,-19.50827493242759,0
2023-03-28,8.6,8.71,8.54,8.67,9.194500000000009,9.991355695844291,8.397644304155726,22.462868523675372,22.675256072437367,0,0,,,,9.523533333333324,9.618768666666657,9.428297999999991,,-2.9115341545356,-5.704497253793117,-8.605362099862923,0,39.97997462948077,40.98516821043451,,,,,-0.05553622678212666,-0.29517091950640584,-0.23963469272427917,-0.7200959783379137,39.97997462948077,,,,,,,,,-11.59329459250801,38.952677437521764,-19.476338718760882,0
2023-03-29,8.83,9.22,8.7404,9.1,9.16300000000001,9.921580252840467,8.404419747159551,35.886632213239515,26.861142225755305,0,0,,,,9.516822222222213,9.611990444444436,9.421653999999991,,2.0179372197306034,-0.6875477463713753,-3.7478404964213508,0,47.70803255845673,41.254301929279805,,,,,-0.017026098844915266,-0.26091731628042325,-0.24389121743550798,-0.5081500984094729,47.70803255845673,,,,,,,,,-10.149047774298301,38.89156288391538,-19.44578144195769,0
2023-03-30,9.22,9.48,9.2,9.46,9.15500000000001,9.897334156562565,8.412665843437455,54.3443278277739,37.56460952156293,0,0,,,,9.51388888888888,9.609027777777769,9.418749999999992,,5.875769445998524,3.331512834516559,0.4744034553565646,0,53.14715561243462,42.293580911901735,,,,,0.03320170816570184,-0.2023890822283807,-0.23559079039408254,-0.22983394269884974,53.14715561243462,,,,,,,,,-7.226104079491681,38.83788213583459,-19.418941067917295,0
2023-03-31,9.5,9.73,9.48,9.71,9.145500000000009,9.853524717082294,8.437475282917724,63.69163353197416,51.30753119099586,0,0,,,,9.514822222222213,9.609970444444436,9.41967399999999,,8.044953822187239,6.1724345306434,3.36018166980101,0,56.528726216149806,43.59109055117191,,,,,0.0810452883404833,-0.1342841799684784,-0.2153294683089617,0.048436954909677234,56.528726216149806,,,,,,,,,-3.651330041135368,38.79714188386267,-19.398570941931336,0
2023-04-03,9.65,9.82,9.53,9.76,9.14750000000001,9.86219923744147,8.43280076255855,69.9912384810097,62.67573328025259,0,0,,,,9.516999999999989,9.612169999999988,9.42182999999999,,7.453484531542087,6.695818529652797,4.11036836865315,0,57.194152991358656,44.77039869300952,,,,,0.11193819042474312,-0.0754067302780328,-0.18734492070277592,0.2775267831770057,57.194152991358656,,,,,,,,,-1.3748889318001094,38.766835267572475,-19.383417633786237,0
2023-04-04,9.8,9.8,9.605,9.76,9.16450000000001,9.919363563830869,8.40963643616915,72.70878490430678,68.79721897243022,0,0,,,,9.524155555555547,9.619397111111102,9.428913999999992,,6.958904109588682,6.497899503518911,4.162219850587001,0,57.194152991358656,45.824686666166805,,,,,0.1271412659260848,-0.02841833829516993,-0.15555960422125473,0.46919804956271977,57.194152991358656,,,,,,,,,-0.3329779497158378,38.74178716556826,-19.37089358278413,0
2023-04-05,9.7,9.78,9.52,9.75,9.16950000000001,9.938355643147299,8.400644356852721,74.00369669555309,72.23457336028986,0,0,,,,9.529444444444435,9.62473888888888,9.43414999999999,,5.89768654284748,6.330770489121429,4.129583481666099,0,56.99179999389428,46.71079081898311,,,,,0.13078533444677742,0.007922063837217053,-0.12286327060956037,0.6507216071722912,56.99179999389428,,,,,,,,,-0.14538243963864309,38.71761251452221,-19.358806257261104,0
2023-04-06,9.72,10.08,9.71,10.01,9.19800000000001,10.043307044806497,8.352692955193522,79.27508207356536,75.32918789114174,0,0,,,,9.526422222222214,9.621686444444437,9.431157999999991,,7.047374612340573,8.828006088279938,6.936827861263484,0,60.86834033921149,48.007789256946985,,,,,0.1439260962321982,0.05704434968068739,-0.08688174655151082,0.7867667041169558,60.86834033921149,,,,,60.86834033921149,,60.86834033921149,,0.7646635035403996,38.698260982877464,-19.349130491438732,0
2023-04-10,9.93,10,9.645,9.98,9.24650000000001,10.15224334112897,8.340756658871049,79.38150941968235,77.55342939626694,0,0,,,,9.525844444444436,9.621102888888881,9.430585999999991,,5.263157894736503,7.93273130373644,6.468475516517969,0,60.19415400244587,49.64822592468362,,,,,0.14349518173386322,0.0924872306158182,-0.051007951118045014,0.8146286660328433,60.19415400244587,,,,,,,,,1.5914891454051343,38.683441332683906,-19.341720666341953,0
2023-04-11,10,10.02,9.825,9.96,9.29500000000001,10.24348299932019,8.346517000679832,79.41659768084324,79.35772972469698,0,0,,,,9.52539999999999,9.620653999999991,9.43014599999999,,3.5773710482525978,7.154384077460896,6.164505240717766,0,59.71926038663833,50.53442301348958,,,,,0.1348915148109043,0.11760644239558538,-0.017285072415318938,0.9200504041590912,59.71926038663833,,,,,,,,,2.3688637129901653,38.673002692610694,-19.336501346305347,0
2023-04-12,10.12,10.2,9.66,10.01,9.340000000000009,10.333438473182692,8.346561526817325,81.86840652880448,80.22217120977669,0,0,,,,9.526644444444434,9.621910888888879,9.43137799999999,,2.6666666666663508,7.173447537473132,6.720210384164371,0,60.55705212591897,51.872844278319874,,,,,0.12577613485693576,0.13993509615585076,0.014158961298915002,0.9367329777726774,60.55705212591897,,,,,,,,,2.422829003429839,38.66260107452136,-19.33130053726068,0
2023-04-13,10.09,10.14,9.9,10.07,9.383500000000009,10.423697577385944,8.343302422614073,83.34623892716755,81.54374771227175,0,0,,,,9.52602222222221,9.621282444444432,9.430761999999987,,2.2646491317149353,7.316033462993454,7.230326908742457,0,61.58946849978959,53.58051854304528,,,,,0.11716937375324028,0.16062067849046535,0.04345130473722507,0.9172911958948151,61.58946849978959,,,,,61.58946849978959,,61.58946849978959,,2.7654913876108744,38.65399311219446,-19.32699655609723,0
2023-04-14,10.04,10.105,9.915,10,9.41800000000001,10.491398341716385,8.344601658283635,82.25370785932701,82.48945110509969,0,0,,,,9.525666666666654,9.62092333333332,9.430409999999988,,0.9998990001006902,6.179655977914522,6.341497997235157,0,59.628498871368556,55.00778692730786,,,,,0.10076923673035752,0.16941285065017198,0.06864361391981445,0.8787595711110512,59.628498871368556,,,,,,,,,2.9281721352740924,38.6460732793816,-19.3230366396908,0
2023-04-17,9.85,9.91,9.58,9.88,9.45250000000001,10.538646859314843,8.366353140685176,74.99956370259558,80.19983682969671,0,0,,,,9.524866666666654,9.62011533333332,9.429617999999987,,-0.3831417624524103,4.522613065326531,5.07284909071577,0,56.318100217050635,56.258490673968346,,,,,0.07692352828187826,0.16479802427216228,0.08787449599028402,0.8079928897663238,56.318100217050635,,,,,,,,,2.5229644375140845,38.635392637011975,-19.317696318505988,0
2023-04-18,9.97,10.02,9.75,9.84,9.50450000000001,10.55985728547228,8.449142714527742,71.83851504427348,76.36392886873203,0,0,,,,9.528111111111098,9.62339222222221,9.432829999999987,,-0.8664114446910176,3.5299068862116645,4.602955246093354,0,55.217656537884004,57.34689652456858,,,,,0.054591200172987936,0.15611349620651893,0.101522296033531,0.7350284507810112,55.217656537884004,,,,,,,,,1.7676300192682277,38.6200495186462,-19.3100247593231,0
2023-04-19,9.67,9.86,9.62,9.82,9.52850000000001,10.58961780684307,8.46738219315695,67.31153417170344,71.38320430619083,0,0,,,,9.53073333333332,9.626040666666652,9.435425999999987,,-1.127668143375249,3.059243322663474,4.242595803404026,0,54.64273714619235,57.84223256654969,,,,,0.03553005597228645,0.14593486599888905,0.1104048100266026,0.5855168737959704,54.64273714619235,,,,,,,,,1.1837394377792199,38.60125091743807,-19.300625458719036,0
2023-04-20,9.7,9.835,9.62,9.73,9.568500000000009,10.596143420647198,8.54085657935282,58.377653941360066,65.84256771911232,0,0,,,,9.532733333333319,9.628060666666652,9.437405999999985,,-2.0140986908361636,1.6878298583894225,3.2579857794758027,0,52.01803442659689,57.76158105327556,,,,,0.014970226496133804,0.12911759314676985,0.11414736665063605,0.2075404136622821,52.01803442659689,,,,,,,,,0.696970427524242,38.579682727424064,-19.289841363712032,0
2023-04-21,9.69,9.76,9.55,9.64,9.622000000000009,10.541904342852868,8.702095657147149,50.77640393267377,58.82186401524577,0,0,,,,9.52944444444443,9.624738888888874,9.434149999999985,,-2.5573637925809134,0.18707129494899277,2.2305489766340614,0,49.459551446480376,57.256639998299185,,,,,-0.005485289816016328,0.10729075438061564,0.11277604419663197,-0.19112063144049715,49.459551446480376,,,,,,,,,0.045317035859397094,38.55464445965286,-19.27732222982643,0
2023-04-24,9.63,9.69,9.3837,9.4,9.658000000000008,10.478624152703032,8.837375847296984,36.29285241271215,48.48230342891534,0,0,,,,9.526511111111095,9.621776222222206,9.431245999999984,,-4.4229791560755345,-2.67136053013054,-0.45184975995478105,0,43.33813126755782,56.266924160884834,,,,,-0.03436326017922907,0.06982196897259563,0.1041852291518247,-0.5341618760115937,43.33813126755782,,,,,,,,,-1.363979093051651,38.522829449450974,-19.261414724725487,0
2023-04-25,9.3,9.37,9.05,9.09,9.68200000000001,10.400320262835113,8.963679737164906,27.599441787925727,38.22289937777055,0,0,,,,9.525266666666653,9.62051933333332,9.430013999999986,,-6.750102585145957,-6.114439165461771,-3.768791022655049,0,36.97281895447043,54.822543158249964,,,,,-0.07139534629288907,0.014941046285713355,0.08633639257860243,-0.7331147002241502,36.97281895447043,,,,,,,,,-3.5252169097133534,38.48209059811749,-19.241045299058744,0
2023-04-26,9.15,9.25,8.8,8.82,9.68950000000001,10.367393059412404,9.011606940587615,21.234466042488286,28.375586747708724,0,0,,,,9.521355555555543,9.616569111111097,9.426141999999988,,-8.40170318828567,-8.973631250322601,-6.5314917517396935,0,32.496030218998285,53.072845317185966,,,,,-0.10888156005205522,-0.049765557486466605,0.05911600256558862,-0.8553121539596539,32.496030218998285,,,,,,,,,-6.286340697793308,38.43236903241853,-19.216184516209264,0
2023-04-27,8.9,8.94,8.72,8.82,9.67550000000001,10.41065916643907,8.94034083356095,17.75708587486612,22.196997901760046,0,0,,,,9.519799999999988,9.614997999999987,9.424601999999988,,-7.19696969696998,-8.84192031419574,-6.405857592586017,0,32.496030218998285,51.046251737170735,,,,,-0.12720839062262182,-0.09989448571268866,0.027313904909933157,-0.8964969632956488,32.496030218998285,32.496030218998285,,32.496030218998285,,,,,,-8.183501322916326,38.37809063252458,-19.18904531626229,0
2023-04-28,8.77,8.94,8.72,8.85,9.645000000000008,10.459702399652487,8.83029760034753,18.804434837157352,19.265328918170592,0,0,,,,9.518644444444432,9.613830888888875,9.423457999999988,,-5.740760464373517,-8.242612752721701,-5.934455270150563,0,33.53311960357273,49.14189213725122,,,,,-0.1303613046789764,-0.1356377259387873,-0.00527642125981094,-0.9316332131688558,33.53311960357273,,,,,,,,,-8.88785213757781,38.32259004511791,-19.161295022558956,0
2023-05-01,8.8,8.85,8.645,8.82,9.60050000000001,10.48993746266923,8.711062537330788,16.71760894541646,17.759709885813315,0,0,,,,9.519088888888875,9.614279777777764,9.423897999999987,,-4.98761176343886,-8.129784907036175,-6.130268199233669,0,32.98733807898188,47.23246911527576,,,,,-0.1273701609133741,-0.16448912240152858,-0.037118961488154474,-0.9560655196476917,32.98733807898188,,,,,,,,,-8.74932121281249,38.26759638110121,-19.133798190550603,0
2023-05-02,8.75,8.79,8.41,8.46,9.53550000000001,10.55002402632933,8.520975973670689,12.303684115763744,15.941909299445856,0,0,,,,9.51944444444443,9.614638888888875,9.424249999999985,,-7.490431930016694,-11.278905143935901,-9.852951623215144,0,27.254725263994715,44.85373148228117,,,,,-0.14145436813274437,-0.21393692165408495,-0.07248255352134057,-0.9701037155320799,27.254725263994715,,,,,,,,,-9.826501859050433,38.210911941067444,-19.105455970533722,0
2023-05-03,8.41,8.5913,8.33,8.38,9.46650000000001,10.592186901407056,8.340813098592966,10.57157403065007,13.19762236394343,0,0,,,,9.520999999999987,9.616209999999986,9.425789999999987,,-6.899233418509354,-11.477314741456802,-10.399885950531008,0,26.166489559389674,42.32351870082404,,,,,-0.14731140814229005,-0.2566218136992031,-0.10931040555691307,-0.9748636584864959,26.166489559389674,26.166489559389674,,26.166489559389674,,,,,,-11.23387450394682,38.15255186450505,-19.076275932252525,0
2023-05-04,8.36,8.6,8.21,8.48,9.403000000000011,10.598660486927342,8.20733951307268,12.963583130729361,11.946280425714397,1,0,,,,9.523977777777764,9.619217555555542,9.428737999999987,,-4.461469130239159,-9.81601616505381,-9.185021240138457,0,29.932590203198345,40.202382367383315,,,,,-0.13588185143146356,-0.2791627198462425,-0.14328086841477897,-0.9708895733261318,29.932590203198345,,,,,,,,,-12.158579622677486,38.09355325748365,-19.046776628741824,0
2023-05-05,8.62,8.86,8.6,8.85,9.345000000000011,10.529744698236431,8.160255301763591,24.301328074967195,15.945495078782214,0,0,,,,9.531177777777765,9.626489555555542,9.435865999999988,,0.6024781175397065,-5.296950240770581,-5.317214079383725,0,41.76807288727154,39.163094700970525,,,,,-0.09667607558631211,-0.2641259628976691,-0.167449887311357,-0.9142684617897376,41.76807288727154,,,,,,,,,-10.534435345561425,38.036596356734435,-19.018298178367218,0
2023-05-08,8.82,8.95,8.76,8.91,9.29150000000001,10.453124293822892,8.129875706177128,28.806806970859697,22.023906058852088,0,0,,,,9.538644444444431,9.634030888888876,9.443257999999986,,1.8518518518515048,-4.105903244901354,-4.753420752565529,0,43.43662373342352,38.32159235779477,,,,,-0.06167906670848372,-0.24454872069696165,-0.18286965398847793,-0.8246077773596794,43.43662373342352,,,,,,,,,-8.307536022553142,37.98371201877507,-18.991856009387536,0
2023-05-09,8.87,9.17,8.84,9.11,9.249000000000011,10.371210318968519,8.126789681031504,39.54229522585228,30.883476757226394,0,0,,,,9.547799999999988,9.643277999999988,9.452321999999988,,4.114285714285337,-1.502865174613599,-2.7886462260795164,0,48.71204443268818,37.897971449687326,,,,,-0.02207958045970443,-0.21046912956310848,-0.18838954910340405,-0.64108071326009,48.71204443268818,,,,,,,,,-5.693762083571516,37.937571527825575,-18.968785763912788,0
2023-05-10,9.31,9.38,8.79,9.07,9.20200000000001,10.270224695464133,8.133775304535888,45.675401398135385,38.00816786494912,0,0,,,,9.557488888888875,9.653063777777763,9.461913999999986,,3.361823361823002,-1.434470767224627,-3.352987142146735,0,47.752786991410204,37.59331091860257,,,,,0.003062863450042086,-0.18456096979085146,-0.18762383324089354,-0.40945446684415693,47.752786991410204,,,,,,,,,-4.48090125012411,37.89535152594657,-18.947675762973287,0
2023-05-11,9.55,9.96,9.18,9.65,9.181000000000012,10.195295814838719,8.166704185161304,64.41523851579873,49.87764504659547,0,0,,,,9.568422222222209,9.66410644444443,9.472737999999987,,8.941070219010673,5.108375993900327,2.626821227267939,0,60.04051062997266,38.34909371742344,,,,,0.05738587552706212,-0.1158914888320659,-0.17327736435912802,0.13611172198488553,60.04051062997266,,,,,60.04051062997266,,60.04051062997266,,-1.6065258549318504,37.864045534828996,-18.932022767414498,0
2023-05-12,9.62,9.64,8.71,8.74,9.118000000000011,10.075947806511085,8.160052193488937,53.80280064102078,54.631146851651636,0,0,,,,9.573711111111097,9.669448222222208,9.477973999999985,,-1.2094495309147857,-4.145645974994627,-6.813093080285704,0,42.96647696581224,38.32254698158447,,,,,0.03193188724556795,-0.1333625053021681,-0.16529439254773604,0.29693282399320575,42.96647696581224,,,,,,,,,-2.8593409266056486,37.82772688377364,-18.91386344188682,0
2023-05-15,8.72,8.745,8.51,8.65,9.05650000000001,9.967659151849704,8.145340848150317,50.45215532808154,56.22339816163369,0,0,,,,9.578866666666654,9.674655333333321,9.483077999999987,,-2.038505096263077,-4.488488930602442,-7.423923513253172,0,41.70334578565359,38.66044175524041,,,,,0.010067265903418943,-0.15271031016846237,-0.1627775760718813,0.31961045342180117,41.70334578565359,,,,,,,,,-4.3986789355987765,37.786031350366585,-18.893015675183293,0
2023-05-16,8.53,8.59,8.31,8.35,8.98200000000001,9.868038373886527,8.095961626113493,40.97916860583498,48.411374858312435,0,0,,,,9.580511111111099,9.67631622222221,9.484705999999987,,-5.318063272480211,-7.036294811846022,-10.182861240587993,0,37.72243986567505,39.03375673000305,,,,,-0.021826084935513773,-0.19006018224127352,-0.16823409730575975,0.12587153584672153,37.72243986567505,37.72243986567505,37.72243986567505,37.72243986567505,,,,,,-8.939278394472986,37.73297605191603,-18.866488025958017,0
2023-05-17,8.38,8.655,8.34,8.46,8.914000000000012,9.738994545436139,8.089005454563885,38.89332003218013,43.44154798869888,0,0,,,,9.582555555555542,9.678381111111097,9.486729999999987,,-4.157697972131302,-5.0931119587167455,-8.573487031700244,0,39.98463257371251,39.56865689819692,,,,,-0.03211835875424224,-0.20838204574856256,-0.17626368699432032,0.018147569378910572,39.98463257371251,,,,,,,,,-9.734042758234569,37.678827163323,-18.8394135816615,0
2023-05-18,8.425,8.67,8.39,8.62,8.858500000000012,9.601743567075653,8.11525643292437,39.17297700930734,39.68182188244081,0,0,,,,9.580333333333318,9.67613666666665,9.484529999999985,,-2.499717226558451,-2.692329401140281,-6.463630773682494,0,43.215645408776794,40.26026588428293,,,,,-0.02506787055099502,-0.2075985251830641,-0.18253065463206908,-0.001291398072046327,43.215645408776794,,,,,,,,,-9.593741695232715,37.6251254565259,-18.81256272826295,0
2023-05-19,8.58,8.67,8.43,8.47,8.800000000000011,9.468401077197946,8.131598922802077,35.61879039190321,37.89502914446356,0,0,,,,9.578577777777765,9.674363555555543,9.482791999999987,,-3.78280131773292,-3.75000000000012,-7.5764740115665585,0,40.98779158061738,40.83172684868547,,,,,-0.027243214375281072,-0.21658467260117042,-0.18934145822588935,-0.06936686631199133,40.98779158061738,,,,,,,,,-9.055406286647356,37.57253534381543,-18.786267671907716,0
2023-05-22,8.47,8.785,8.45,8.76,8.768000000000011,9.377084558989434,8.158915441010588,43.996697767476114,39.59615505622889,0,0,,,,9.579866666666653,9.67566533333332,9.484067999999986,,-0.31861629494802646,-0.09124087591253494,-3.985970552774798,0,46.70784868035036,42.221235664139435,,,,,-0.006945230986436429,-0.19802299695893488,-0.19107776597249845,-0.16478287650436418,46.70784868035036,,,,,46.70784868035036,,46.70784868035036,,-7.895394192076263,37.52237600595748,-18.76118800297874,0
2023-05-23,8.7,8.865,8.59,8.68,8.747500000000013,9.33920516306628,8.155794836933746,46.87508488154553,42.16352434697495,0,0,,,,9.581911111111099,9.677730222222209,9.486091999999989,,-0.7432818753577042,-0.7716490425837441,-4.41581323642769,0,45.40048720750976,43.59509263900515,,,,,0.0027778386625902374,-0.18760546764426067,-0.1903833063068509,-0.3471591408713061,45.40048720750976,,,,,,,,,-7.643555935673574,37.47294733212035,-18.736473666060174,0
2023-05-24,8.55,8.66,8.46,8.6,8.736500000000012,9.330579960947468,8.142420039052556,42.11420028593103,44.32866097831755,0,0,,,,9.583777777777765,9.679615555555543,9.487939999999988,,-1.1266957921365006,-1.5624105763178853,-4.804073500110661,0,44.072012222719785,44.60505135468526,,,,,0.005356726615798502,-0.18368739803710277,-0.18904412465290127,-0.5361001135572823,44.072012222719785,,,,,,,,,-7.167985174004495,37.424769224875654,-18.712384612437827,0
2023-05-25,8.66,8.74,8.58,8.6,8.725500000000013,9.321133276437175,8.12986672356285,38.389712021810176,42.45966572976224,0,0,,,,9.584666666666653,9.68051333333332,9.488819999999986,,0.08146165483495782,-1.438312990659707,-4.28491930996101,0,44.072012222719785,44.76961845007442,,,,,0.008415794361851386,-0.17852438170058704,-0.18694017606243843,-0.5671987913835005,44.072012222719785,,,,,,,,,-7.738651297793946,37.3755104169007,-18.68775520845035,0
2023-05-26,8.6,8.88,8.6,8.82,8.724000000000013,9.318521656459483,8.129478343540542,45.85720529089042,42.120372532877205,0,0,,,,9.585511111111098,9.68136622222221,9.489655999999986,,2.5462155563303,1.1004126547453863,-1.4047769869955151,0,48.845931878914634,45.15599760332378,,,,,0.025636172855508593,-0.1548949599930527,-0.1805311328485613,-0.4890546067898256,48.845931878914634,,,,,,,,,-7.233229770660562,37.32754494920472,-18.66377247460236,0
2023-05-30,9,9.18,8.91,8.92,8.729000000000012,9.328329625497844,8.12967037450218,50.87943106293511,45.0421161252119,0,0,,,,9.585066666666654,9.680917333333321,9.489215999999987,,3.384330088084919,2.188108603505423,0.07105194270975446,0,50.89761597769371,45.31210985653847,,,,,0.04311331619789807,-0.1266394876011887,-0.16975280379908678,-0.2941440457923448,50.89761597769371,,,,,,,,,-6.062034159616725,37.282617368253234,-18.641308684126617,0
2023-05-31,8.82,9.0299,8.74,8.92,8.752000000000013,9.343526837936539,8.160473162063488,52.79279132515554,49.84314255966035,0,0,,,,9.5847111111111,9.68055822222221,9.488863999999989,,2.7058146229126834,1.9195612431442743,0.4165259484409045,0,50.89761597769371,45.53674049841586,,,,,0.0533551836891846,-0.10305882418760604,-0.15641400787679063,-0.09010497576562375,50.89761597769371,,,,,,,,,-4.8921429196375925,37.24111853059886,-18.62055926529943,0
2023-06-01,8.92,9.12,8.785,9.02,8.784000000000011,9.360624661282692,8.20737533871733,57.198440672807564,53.623554353632734,0,0,,,,9.58773333333332,9.683610666666654,9.491855999999986,,3.1918544788921865,2.6867030965390226,1.8480183672701767,0,53.08012730745101,45.039570261092884,,,,,0.06478538395530226,-0.07543227793266283,-0.14021766188796508,0.6934212390057738,53.08012730745101,,,,,,,,,-4.160356530851479,37.2019992427157,-18.60099962135785,0
2023-06-02,9.12,9.35,8.9218,9.34,8.827000000000012,9.433995881369247,8.220004118630778,65.95659485962935,58.649275619197475,0,0,,,,9.591911111111097,9.687830222222209,9.495991999999985,,5.979802564393144,5.811714059136586,5.616283452695114,0,59.31245246173393,46.20713993937301,,,,,0.090253445242509,-0.027400855334828833,-0.11765430057733783,0.8413674345237003,59.31245246173393,,,,,59.31245246173393,,59.31245246173393,,-2.6476224754976205,37.168166720896075,-18.584083360448037,0
2023-06-05,9.29,9.325,8.98,9.03,8.836000000000013,9.449397098134062,8.222602901865963,69.6459492227335,64.26699491839013,0,0,,,,9.594888888888873,9.690837777777762,9.498939999999983,,1.8153117600627766,2.195563603440309,2.346140768446192,0,52.09351412354756,46.94929482065114,,,,,0.08277425393929203,-0.014186483153222795,-0.09696073709251482,0.9005108400332238,52.09351412354756,,,,,,,,,-2.2216723736117157,37.135963144444446,-18.567981572222223,0
2023-06-06,8.73,9.12,8.6,9.12,8.846500000000011,9.471680773856114,8.221319226143908,70.60438355694777,68.73564254643686,0,0,,,,9.598799999999985,9.694787999999985,9.502811999999984,,2.414373947220283,3.0916181540720844,3.4756627964147357,0,53.849688305099754,48.101241137752915,,,,,0.08037484083246979,0.0035078139480724246,-0.07686702688439737,0.8899244692423975,53.849688305099754,,,,,,,,,-1.8030892451081193,37.10539376524367,-18.552696882621834,0
2023-06-07,9.2,9.58,9.16,9.4,8.861000000000013,9.522359206482529,8.199640793517498,76.93700529826359,72.39577935931494,0,0,,,,9.603199999999985,9.699231999999984,9.507167999999986,,4.712041884816398,6.082834894481293,6.527651858567629,0,58.89789928999999,49.452188760344875,,,,,0.09322728109233258,0.03966707448101836,-0.05356020661131422,0.8959090208941805,58.89789928999999,,,,,,,,,-1.5290830708166094,37.07591326063334,-18.53795663031667,0
2023-06-08,9.36,9.54,9.17,9.5,8.882500000000013,9.595574329925888,8.169425670074137,79.05589452455558,75.53242779325564,0,0,,,,9.607111111111095,9.703182222222207,9.511039999999984,,4.775559722068667,6.951871657753861,7.385079125847871,0,60.557317877872656,50.69087965099458,,,,,0.10326587809013033,0.07552214100134869,-0.02774373708878164,0.9218747281002584,60.557317877872656,,,,,60.557317877872656,,60.557317877872656,,0.1821801373459715,37.05365272408342,-18.52682636204171,0
2023-06-09,9.61,9.7993,9.4,9.41,8.870500000000012,9.538136877351171,8.202863122648854,79.81987290257082,78.60425757513,0,0,,,,9.608799999999983,9.704887999999983,9.512711999999983,,2.8640139921290775,6.081957048644249,6.13180946652141,0,58.2768942955757,51.92581555920589,,,,,0.09865385285178654,0.09557357897595153,-0.003080273875835003,0.916892381674934,58.2768942955757,,,,,,,,,1.217891088782607,37.036112690066886,-18.518056345033443,0
2023-06-12,9.36,9.41,9.23,9.36,8.901500000000013,9.598931717087199,8.204068282912827,77.4225178033778,78.76609507683473,0,0,,,,9.60857777777776,9.704663555555538,9.512491999999984,,1.717018039556284,5.150817277986697,5.365853658536679,0,56.992845838702436,52.66045821337389,,,,,0.08742872587598668,0.10620563346914835,0.01877690759316167,0.9285124434341362,56.992845838702436,,,,,,,,,1.0740762887961737,37.01777317815576,-18.50888658907788,0
2023-06-13,9.47,9.69,9.36,9.6,8.949000000000014,9.6988773232997,8.199122676700329,81.3147237679534,79.51903815796733,0,0,,,,9.609422222222205,9.705516444444427,9.513327999999984,,3.559870550161448,7.27455581629215,7.752170008979431,0,61.39035491268715,53.80259162088657,,,,,0.09095492930877264,0.13247056922912748,0.041515639920354834,0.9373008495052894,61.39035491268715,,,,,,,,,1.4211895161075045,37.00097290291491,-18.500486451457455,0
2023-06-14,9.65,9.98,9.5803,9.95,9.029000000000014,9.844693569913991,8.213306430086037,87.01829510697083,81.91851222610067,0,0,,,,9.613288888888873,9.709421777777761,9.517155999999984,,6.155979942387346,10.200465167792494,11.061502399821489,0,66.73262730637938,55.421206984005096,,,,,0.11035476978793538,0.17945910215527405,0.06910433236733868,0.9288681172766062,66.73262730637938,,,,,,,,,3.3277114620061083,36.993717190660185,-18.496858595330092,0
2023-06-15,9.82,10.14,9.8,9.98,9.105000000000013,9.975850159326596,8.23414984067343,88.09228697620203,85.4751019503754,0,0,,,,9.618133333333315,9.714314666666649,9.521951999999981,,5.396557186608586,9.610104338275516,10.73713799607956,0,67.15216869768521,57.06978958935978,,,,,0.11801375348520626,0.2166215242238465,0.09860777073864024,0.9277705948464228,67.15216869768521,,,,,,,,,5.488816108247133,36.99849448189338,-18.49924724094669,0
2023-06-16,10.07,10.22,9.945,10.03,9.175500000000012,10.104251312246292,8.246748687753731,88.92092236043173,88.01050148120152,0,0,,,,9.625244444444425,9.721496888888868,9.528991999999981,,5.158314111972828,9.312843986703578,10.657546337158074,0,67.8792376305656,58.42931142876341,,,,,0.11891967508893381,0.24725736459980752,0.1283376895108737,0.9326820955840348,67.8792376305656,,,,,67.8792376305656,,67.8792376305656,,6.929309891455536,37.011833565969276,-18.505916782984638,0
2023-06-20,9.95,10.05,9.64,10,9.252000000000013,10.187726455754628,8.316273544245398,84.92286297315377,87.3120241032625,0,1,,,,9.630133333333314,9.726434666666647,9.53383199999998,,3.788271925272113,8.084738434932826,9.861940161863325,0,66.92210002282633,59.57391743198718,,,,,0.11016896319363076,0.26604889350291216,0.1558799303092814,0.9360164895863836,66.92210002282633,,,,,,,,,6.98222667343624,37.02504962369255,-18.512524811846276,0
2023-06-21,9.96,10.06,9.75,9.76,9.302000000000012,10.234085832957016,8.369914167043008,76.10423952132739,83.31600828497095,0,0,,,,9.633022222222205,9.729352444444428,9.536691999999983,,0.6289308176097519,4.92367232853137,6.892523364486047,0,59.67291255664973,60.200724330484036,,,,,0.08217158052491508,0.25859440596542527,0.1764228254405102,0.8919112937637903,59.67291255664973,,,,,,,,,6.053623606501923,37.0320391438279,-18.51601957191395,0
2023-06-22,9.69,9.71,9.1,9.45,9.340500000000011,10.229240119494559,8.451759880505463,63.69343563578282,74.90684604342131,0,0,,,,9.63479999999998,9.731147999999981,9.53845199999998,,-2.6174773289368347,1.17231411594656,3.3690658499234916,0,51.85883586836096,60.11348922769189,,,,,0.03892390442752078,0.22507770597491117,0.1861538015473904,0.7270535508957836,51.85883586836096,51.85883586836096,,51.85883586836096,,,,,,3.8548249587393593,37.0261178342369,-18.51305891711845,0
2023-06-23,9.36,9.58,9.3,9.49,9.385000000000012,10.2076420849915,8.562357915008525,58.50294635285289,66.10020716998768,0,0,,,,9.636799999999978,9.733167999999978,9.540431999999978,,-2.1951973616410214,1.1188066062864932,3.6478811708170022,0,52.719172633014544,59.642540668497645,,,,,0.010632221385228624,0.19944407827892618,0.18881185689369756,0.6148661868295673,52.719172633014544,,,,,,,,,1.9141557880691413,37.01019050849867,-18.505095254249333,0
2023-06-26,9.47,9.74,9.38,9.63,9.436500000000013,10.181410061684703,8.691589938315323,59.081311125240546,60.425897704625406,0,0,,,,9.638577777777757,9.734963555555534,9.542191999999979,,-0.9768637532136637,2.0505484024796017,5.1845918590258,0,55.70303375242908,59.90036349913204,,,,,-0.00044470478244201805,0.18825597591564502,0.18870068069808704,0.45932483387315204,55.70303375242908,,,,,,,,,1.3432390847541889,36.99149716425293,-18.495748582126463,0
2023-06-27,9.6,10.02,9.56,9.94,9.492500000000012,10.211551458519576,8.773448541480448,66.2259504694865,61.27006931585996,0,0,,,,9.636933333333312,9.733302666666646,9.540563999999979,,1.6048246959007306,4.714248090597706,8.098310737330605,0,61.49735354870397,60.44662530224663,,,,,0.010698932348258028,0.20207434613340958,0.19137541378515155,0.38929296392833385,61.49735354870397,,,,,,,,,2.945041709079186,36.9803361064994,-18.4901680532497,0
2023-06-28,10.01,10.52,9.98,10.18,9.555500000000013,10.283606448260919,8.827393551739107,69.32032390052768,64.87586183175158,0,0,,,,9.633822222222202,9.730160444444424,9.53748399999998,,3.444771872776853,6.53550311339004,10.097696384152343,0,65.28350970011662,60.90274033154068,,,,,0.030694198699920072,0.22974316216005164,0.19904896346013157,0.4408775440161063,65.28350970011662,,,,,,,,,5.218413205542164,36.9811037890681,-18.49055189453405,0
2023-06-29,9.99,10.15,9.71,9.97,9.608000000000013,10.295534726395019,8.920465273605007,68.10123386894868,67.88250274632095,0,0,,,,9.63191111111109,9.728230222222201,9.53559199999998,,1.2902570354563547,3.767693588675969,7.2004587649189045,0,59.747224999234106,60.844876554495066,,,,,0.02640140285437767,0.23205071702810365,0.20564931417372598,0.4291124966384336,59.747224999234106,,,,,,,,,6.220390721144933,36.98736902755083,-18.493684513775413,0
2023-06-30,10.125,10.14,9.86,9.98,9.656000000000013,10.30562758562048,9.006372414379546,69.98477839534796,69.13544538827476,0,0,,,,9.62879999999998,9.72508799999998,9.532511999999981,,1.3918520776183163,3.3554266777132025,6.726553309806516,0,59.921522645843034,60.96235000808559,,,,,0.021090067515642658,0.2320118985682793,0.21092183105263665,0.36142221020020465,59.921522645843034,,,,,,,,,6.168069268600147,36.99296457849296,-18.49648228924648,0
2023-07-03,10,10.8,9.98,10.66,9.722000000000012,10.487652662765031,8.956347337234993,79.9436310917743,72.67654778535696,0,0,,,,9.63128888888887,9.727601777777759,9.53497599999998,,7.611548556430114,9.648220530754848,13.17549633719086,0,69.57054761715072,61.860757277974756,,,,,0.058128526557870486,0.28358248924997476,0.22545396269210427,0.4262296934038743,69.57054761715072,,,,,,,,,7.624428032619202,37.007052535817515,-18.503526267908757,0
2023-07-05,10.72,10.76,10.39,10.72,9.806500000000014,10.619575027287764,8.993424972712264,82.3650157997538,77.431141762292,0,0,,,,9.631911111111092,9.728230222222203,9.535591999999982,,7.436359991982022,9.315250089226378,12.91341900147469,0,70.25111316084804,62.49366858141483,,,,,0.08006996080291584,0.32554141369574907,0.24547145289283323,0.5150947553803612,70.25111316084804,,,,,70.25111316084804,,70.25111316084804,,9.978832894355044,37.03624470385607,-18.518122351928035,0
2023-07-06,10.57,10.64,10.195,10.41,9.871000000000013,10.66032629501311,9.081673704986915,79.04242539362232,80.45035742838347,0,0,,,,9.631466666666649,9.727781333333315,9.535151999999982,,3.6542865677583247,5.460439671765638,9.016650958215578,0,62.47635909769622,62.189649423651744,,,,,0.06760363489373977,0.329975996510008,0.2623723616162682,0.6142135813328756,62.47635909769622,,,,,,,,,11.207849974808942,37.073527157504444,-18.536763578752222,0
2023-07-07,10.4,10.91,10.4,10.79,9.940500000000013,10.793880923151608,9.087119076848417,84.71271398787715,82.04005172708442,0,0,,,,9.630844444444426,9.72715288888887,9.534535999999981,,6.023386066620473,8.545847794376392,12.169935546468992,0,67.25961694015058,62.19732429811355,,,,,0.07810480258822594,0.3600033648515506,0.28189856226332466,0.742876850418361,67.25961694015058,,,,,,,,,11.367712804457062,37.11123654550361,-18.555618272751804,0
2023-07-10,10.88,11.27,10.54,11.21,10.026000000000014,11.017229539510899,9.03477046048913,88.38801957938836,84.04771965362927,0,0,,,,9.631733333333315,9.728050666666649,9.535415999999982,,8.319644410087612,11.809295830839673,15.491603420447198,0,71.57284649942903,62.46115350303238,,,,,0.10482575166492236,0.4129307518444776,0.3081050001795552,0.8552164793452711,71.57284649942903,,,,,,,,,12.766567001118808,37.158615227256504,-18.579307613628252,0
2023-07-11,11.47,12.02,11.325,11.83,10.147000000000013,11.37132185310849,8.922678146891535,91.8949008906021,88.33187815262254,0,0,,,,9.635866666666647,9.732225333333314,9.53950799999998,,11.931119311192795,16.58618310830773,20.542082738944423,0,76.49547796341696,63.14496621307456,,,,,0.15283680284915147,0.4991510037409945,0.34631420089184306,0.9157367616041563,76.49547796341696,,,,,,,,,17.21180010887817,37.24178641846642,-18.62089320923321,0
2023-07-12,12.04,12.115,11.69,11.94,10.276000000000014,11.672959555606003,8.879040444394025,94.22890654087732,91.50394233695592,0,0,,,,9.642622222222203,9.739048444444425,9.54619599999998,,10.873804438666234,16.193071233943,20.387174833635857,0,77.2482516052957,64.40034757369213,,,,,0.17877990440257613,0.5697890813950632,0.3910091769924871,0.9468771071877352,77.2482516052957,,,,,,,,,20.637064195726122,37.355534729135385,-18.677767364567693,0
2023-07-13,11.98,12.61,11.84,12.45,10.418500000000014,12.06899416842314,8.768005831576888,97.1029784797471,94.4089286370755,0,0,,,,9.652755555555537,9.749283111111092,9.556227999999981,,13.222990178246308,19.498968181599864,24.057528149599804,0,80.38489901496092,66.43792351273498,,,,,0.21465085236374343,0.6593227424471664,0.44467189008342295,0.9475366393601894,80.38489901496092,,,,,80.38489901496092,,80.38489901496092,,24.229881403052058,37.50429218419599,-18.752146092097995,0
2023-07-14,12.5,12.505,12.06,12.38,10.540000000000013,12.381379917344296,8.698620082655731,95.08701994633093,95.47296832231844,0,1,,,,9.666622222222204,9.763288444444425,9.569955999999982,,10.171754026875202,17.457305502846165,21.958427741109322,0,78.7795228183972,68.29937709740517,,,,,0.21736049002669844,0.716372502616796,0.49901201259009753,0.9531685143391411,78.7795228183972,,,,,,,,,25.506194694319507,37.664436178170426,-18.832218089085213,0
2023-07-17,12.34,12.85,12.22,12.49,10.665500000000012,12.671854654590987,8.659145345409037,95.31345170357345,95.83448337655047,0,0,,,,9.681955555555536,9.778775111111091,9.58513599999998,,8.722144846796365,17.106558529839067,21.655844155844207,0,79.47327033269775,69.99725113885293,,,,,0.21013498811521947,0.7616807477341219,0.5515457596189024,0.9569639704069246,79.47327033269775,,,,,,,,,26.762731661741203,37.835864854198604,-18.917932427099302,0
2023-07-18,12.51,12.76,12.39,12.59,10.793500000000012,12.942893170175939,8.644106829824086,94.76659015734323,95.05568726908253,0,0,,,,9.69711111111109,9.794082222222201,9.600139999999978,,7.781867990753932,16.644276647982448,21.349397590361498,0,80.10988350355666,71.32671756419955,,,,,0.19594398916186828,0.7964757460712377,0.6005317569093694,0.9630321010506295,80.10988350355666,,,,,,,,,26.6835175091957,38.003511163946804,-19.001755581973402,0
2023-07-19,12.68,13.23,12.6665,13.12,10.949500000000011,13.290256074433858,8.608743925566165,96.50138129240091,95.52714105110584,0,0,,,,9.71399999999998,9.81113999999998,9.616859999999981,,10.057881050247165,19.82282295995239,24.81765713198456,0,83.10125799089565,72.59941387068378,,,,,0.20512606667632527,0.856939340254776,0.6518132735784508,0.9752445897031324,83.10125799089565,,,,,83.10125799089565,,83.10125799089565,,28.56757821950257,38.18966808181066,-19.09483404090533,0
2023-07-20,12.95,13.08,12.57,12.81,11.102000000000013,13.5093686880075,8.694631311992525,92.9900389829101,94.75267014421807,0,1,,,,9.727333333333313,9.824606666666647,9.630059999999979,,5.3367321766299325,15.384615384615262,20.458891013384385,0,75.91002892058091,73.75389986506569,,,,,0.17440223462756455,0.8698160668629065,0.6954138322353419,0.9661213015415767,75.91002892058091,,,,,,,,,29.091814050044388,38.37870019611672,-19.18935009805836,0
2023-07-21,12.91,12.95,12.65,12.76,11.267500000000013,13.65283750232517,8.882162497674855,90.00171117911069,93.16437715147389,0,0,,,,9.742355555555536,9.839779111111092,9.64493199999998,,3.2529535523544872,13.246061681828136,18.738174260988295,0,74.78592008904972,74.81564253958045,,,,,0.1364718402371724,0.8660036325318075,0.729531792294635,0.9466217596447686,74.78592008904972,,,,,,,,,29.171020430236187,38.5654216802926,-19.2827108401463,0
2023-07-24,12.68,12.93,12.64,12.74,11.430000000000012,13.75076711455477,9.109232885445254,85.97225819909029,89.65466945370368,0,0,,,,9.757288888888871,9.85486177777776,9.659715999999982,,1.8303892574532021,11.461067366579059,17.372477965789447,0,74.3118831939218,75.15430936649265,,,,,0.09761636912152327,0.8515522536965392,0.7539358845750159,0.9217650109770309,74.3118831939218,,,,,,,,,27.541052115403716,38.73076320541322,-19.36538160270661,0
2023-07-25,12.74,12.89,12.52,12.54,11.575500000000012,13.789026372103766,9.361973627896258,76.43080021512012,84.13492319777369,0,0,,,,9.770933333333316,9.868642666666648,9.673223999999983,,-0.3338102050550962,8.33225346637283,14.429979316218567,0,69.56337049807382,75.10518489058022,,,,,0.048508278899531576,0.8145712331994304,0.7660629542998988,0.8629898075982878,69.56337049807382,,,,,,,,,26.363485563761262,38.88078214322726,-19.44039107161363,0
2023-07-26,12.46,12.8,12.4,12.74,11.715500000000011,13.850339338217031,9.580660661782991,74.42974387150377,78.94426742857138,0,0,,,,9.785111111111092,9.882962222222204,9.68725999999998,,0.616016427104471,8.744825231530772,15.071957608237518,0,71.52301809345254,75.75137481884853,,,,,0.02096487823187132,0.792269052089738,0.7713041738578666,0.8162518699370885,71.52301809345254,,,,,,,,,25.990659641733064,39.024486169999996,-19.512243084999998,0
2023-07-27,12.88,12.94,12.09,12.23,11.818000000000012,13.842081026045872,9.793918973954153,63.18954343028348,71.35002917230243,0,0,,,,9.796666666666649,9.894633333333315,9.698699999999983,,-3.2436708860761776,3.4862074801149667,9.59763419661266,0,60.777042542545196,75.28833379044815,,,,,-0.0369766467330771,0.7250833654415203,0.7620600121745974,0.6426967844478991,60.777042542545196,60.777042542545196,,60.777042542545196,,,,,,24.004709743910894,39.14606336725276,-19.57303168362638,0
2023-07-28,12.45,12.74,12.37,12.73,11.956000000000014,13.827912391111978,10.08408760888805,61.81044106949979,66.47657612376233,0,0,,,,9.811244444444425,9.909356888888869,9.71313199999998,,0.433925049309436,6.473737035797811,13.138794252703345,0,66.14711572281544,74.90078159211859,,,,,-0.04639361890219085,0.7040679885468588,0.7504616074490497,0.5310545066339383,66.14711572281544,,,,,,,,,24.294618671957924,39.26850520078567,-19.634252600392834,0
2023-07-31,12.8,13.015,12.715,12.86,12.100000000000012,13.774407357842996,10.425592642157028,65.62266381973019,63.54088277317114,0,0,,,,9.825866666666649,9.924125333333315,9.727607999999982,,1.1642542479544549,6.280991735537089,13.327262579678688,0,67.39696024758634,74.25088746955926,,,,,-0.04840948338436202,0.6899497532185972,0.7383592366029592,0.43794844245562226,67.39696024758634,,,,,,,,,24.389092242439784,39.389911340876175,-19.694955670438087,0
2023-08-01,12.68,12.89,12.53,12.87,12.210500000000012,13.778511160674146,10.642488839325878,66.59679433182392,64.67663307368461,0,0,,,,9.83928888888887,9.937681777777758,9.740895999999982,,1.020408163265074,5.4010892264853005,12.47705887493813,0,67.49637103145636,73.55432457142787,,,,,-0.05322858665768049,0.6718235032808586,0.7250520899385391,0.3028553638398821,67.49637103145636,,,,,,,,,26.19157164250552,39.527064884526496,-19.763532442263248,0
2023-08-02,12.54,12.56,12.18,12.44,12.296500000000012,13.709047698309202,10.883952301690822,58.723110293894536,63.647522815149536,0,0,,,,9.84968888888887,9.94818577777776,9.751191999999982,,-1.8308080808083105,1.1669987394786085,7.951751467993451,0,59.14518870473788,72.03720240641195,,,,,-0.08751053370449502,0.6156639228079204,0.7031744565124154,0.059198249284664245,59.14518870473788,,,,,,,,,24.923202607030106,39.64961844818064,-19.82480922409032,0
2023-08-03,11.38,11.8,10.89,11.54,12.35300000000001,13.529946897697096,11.176053102302925,39.206464789054756,54.842123138257726,0,0,,,,9.853866666666647,9.952405333333314,9.755327999999981,,-8.011159824631541,-6.581397231441843,-0.37123370456702,0,46.247438470510716,69.71348209584863,,,,,-0.1682569519124053,0.49285326662190876,0.6611102185343141,-0.42492846057981726,46.247438470510716,,,,,,,,,20.307995168549247,39.72899211349476,-19.86449605674738,0
2023-08-04,11.68,11.76,11.22,11.28,12.37750000000001,13.437912655525595,11.317087344474425,32.42467966357515,43.45141824884147,0,0,,,,9.855066666666648,9.953617333333314,9.756515999999982,,-9.010244413971336,-8.866895576651256,-3.1260735142562446,0,43.309179829607,67.1303327741993,,,,,-0.23266674333651238,0.3702767893636736,0.602943532700186,-0.6457485095768222,43.309179829607,,,,,,,,,14.92322165405642,39.76635422923982,-19.88317711461991,0
2023-08-07,11.31,11.5,11.07,11.34,12.384000000000011,13.416945303488502,11.35105469651152,29.94988097098149,33.86034180787046,0,0,,,,9.859199999999982,9.957791999999982,9.760607999999982,,-7.481439177613003,-8.430232558139616,-3.1238431528888944,0,44.1903788365647,64.56465386941416,,,,,-0.2625086388936424,0.27480773408313297,0.5373163729767754,-0.7691264388723185,44.1903788365647,,,,,,,,,11.242670334022002,39.77968591891252,-19.88984295945626,0
2023-08-08,11.09,11.16,10.93,11.1,12.34750000000001,13.500754091689709,11.194245908310313,24.618475900915776,28.997678845157463,0,0,,,,9.860622222222206,9.959228444444427,9.762015999999985,,-8.362915875505884,-10.103259769184126,-5.569419237749507,0,41.41714738428236,61.587217397513214,,,,,-0.2876666743935033,0.17773302998489626,0.46539970437839956,-0.7947256921765451,41.41714738428236,,,,,,,,,9.782204968139247,39.78437300571946,-19.89218650285973,0
2023-08-09,11.04,11.1,10.75,10.8,12.290500000000012,13.61818181429095,10.962818185709075,19.649914484634213,24.739423785510485,0,0,,,,9.858622222222204,9.957208444444426,9.760035999999982,,-9.388371507677029,-12.127252756193885,-8.34512022630831,0,38.19079508130384,58.892986408993416,,,,,-0.31174354064746185,0.07572027856907226,0.3874638192165341,-0.8402210002347157,38.19079508130384,,,,,,,,,8.176617394434958,39.7803811829934,-19.8901905914967,0
2023-08-10,10.93,11.1,10.66,10.73,12.20450000000001,13.692820865942263,10.716179134057757,21.06434156195818,21.77757731583605,0,0,,,,9.860755555555537,9.959363111111092,9.762147999999982,,-8.828277678647522,-12.081609242492597,-9.080638327919765,0,37.45757768126909,56.22667623700909,,,,,-0.3184920125832186,-0.010651196512489136,0.30784081607072944,-0.8759580624351851,37.45757768126909,,,,,,,,,6.16389689250806,39.76668078270777,-19.883340391353887,0
2023-08-11,10.605,10.79,10.58,10.72,12.12150000000001,13.740799539924312,10.502200460075708,19.497365255513465,20.07054043403528,0,0,,,,9.862799999999982,9.961427999999982,9.764171999999983,,-7.330567081604656,-11.562100400115561,-9.357384441939088,0,37.34726650213727,53.58634647331019,,,,,-0.3094706490668696,-0.0789974952628576,0.230473153804012,-0.8973987316850116,37.34726650213727,,,,,,,,,4.896373393935498,39.74744695044341,-19.873723475221706,0
2023-08-14,10.66,10.68,10.51,10.65,12.02950000000001,13.759869613695082,10.299130386304936,18.04754679084584,19.536417869439152,0,0,,,,9.86595555555554,9.964615111111096,9.767295999999986,,-6.142592755794729,-11.467642046635419,-10.11899738374542,0,36.53614615248937,51.22725902005417,,,,,-0.29416168660460673,-0.13722895445174643,0.1569327321528603,-0.9203145727843626,36.53614615248937,,,,,,,,,4.373968974283968,39.72604103861426,-19.86302051930713,0
2023-08-15,10.55,10.605,10.395,10.41,11.92050000000001,13.766679568730844,10.074320431269175,16.01265366614742,17.8525219041689,0,0,,,,9.868133333333317,9.96681466666665,9.769451999999983,,-6.2246644446448895,-12.671448345287594,-12.08265300377227,0,33.82379048654201,48.53445704813198,,,,,-0.28589284890565086,-0.2004333289792033,0.08545951992644758,-0.9250085912825545,33.82379048654201,,,,,,,,,3.291688698781003,39.70048256444577,-19.850241282222886,0
2023-08-16,10.33,10.42,10.16,10.19,11.774000000000012,13.680225590007385,9.867774409992638,14.430641644687281,16.163614033893506,0,0,,,,9.870533333333317,9.96923866666665,9.771827999999983,,-6.307465980140014,-13.45337183624945,-13.81206123657276,0,31.514242965368666,46.44425707833367,,,,,-0.2805421302450545,-0.26521814287987056,0.01532398736518395,-0.953241469715177,31.514242965368666,,,,,,,,,1.5440546256672787,39.66895887593709,-19.834479437968547,0
2023-08-17,10.24,10.32,10.05,10.07,11.637000000000011,13.618081522804928,9.655918477195094,12.506230152009103,14.316508487614591,0,0,,,,9.873333333333317,9.97206666666665,9.774599999999984,,-6.142231335632664,-13.465669846180372,-14.745308310991923,0,30.298964877299426,43.88367487508252,,,,,-0.27027974693373846,-0.32252569630198913,-0.052245949368250666,-0.9484942824976825,30.298964877299426,30.298964877299426,,30.298964877299426,,,,,,-0.3384335579494639,39.63197200657062,-19.81598600328531,0
2023-08-18,9.86,10.3,9.84,10.25,11.51150000000001,13.510052225987373,9.512947774012648,14.055256046108099,13.66404261426815,1,0,,,,9.877822222222207,9.97660044444443,9.779043999999985,,-3.538490495012503,-10.958606610780608,-13.088946044487127,0,34.386291249753896,41.525769946665925,,,,,-0.23771547710453983,-0.34939029574892544,-0.11167481864438562,-0.9278063049923123,34.386291249753896,,,,,,,,,-0.8451077176348427,39.593750461888376,-19.796875230944188,0
2023-08-21,10.285,10.445,10.13,10.39,11.394000000000009,13.365977687500349,9.422022312499669,17.828502767375465,14.796662988497545,0,0,,,,9.881288888888873,9.980101777777762,9.782475999999985,,-1.3389041876367802,-8.81165525715295,-11.697215218561407,0,37.45821597212322,39.38018744242783,,,,,-0.19489079459511294,-0.3552883118882768,-0.16039751729316387,-0.9106966252000669,37.45821597212322,,,,,,,,,-0.1795393361247178,39.55736230350979,-19.778681151754895,0
2023-08-22,10.5,10.605,10.32,10.38,11.286000000000012,13.231511757867068,9.340488242132956,24.19344662834282,18.692401813942116,0,0,,,,9.882933333333316,9.981762666666649,9.784103999999983,,-0.755330337508664,-8.027644869750228,-11.41833077316945,0,37.32379765416638,37.8215166531013,,,,,-0.15700847884593302,-0.35665811585058016,-0.19964963700464713,-0.9160601784465232,37.32379765416638,,,,,,,,,0.8216626891903158,39.52387269198393,-19.761936345991966,0
2023-08-23,10.39,10.6,10.335,10.5,11.17400000000001,13.027530684935956,9.320469315064065,29.652733102790833,23.891560832836362,0,0,,,,9.886177777777762,9.98503955555554,9.787315999999985,,0.6807939399747553,-6.031859674243867,-10.025706940874013,0,40.10154607488083,37.382524339127734,,,,,-0.11555564604251464,-0.34409419455779044,-0.2285385485152758,-0.8388321055499582,40.10154607488083,,,,,,,,,1.6159329050987195,39.49284834768576,-19.74642417384288,0
2023-08-24,10.52,10.52,10.27,10.37,11.081000000000012,12.89958076532196,9.262419234678063,30.893131991578066,28.246437240903898,0,0,,,,9.887377777777761,9.986251555555539,9.788503999999984,,-0.2213027999618311,-6.41638841259825,-10.608585713464713,0,38.13001338393891,37.01258387872287,,,,,-0.08972894957760535,-0.3406997354872825,-0.25097078590967714,-0.7738371743884627,38.13001338393891,,,,,,,,,1.528602980643169,39.461588439265135,-19.730794219632568,0
2023-08-25,10.38,10.6,10.33,10.54,10.971500000000011,12.637024241792664,9.305975758207358,36.734053913136265,32.426639669168374,0,0,,,,9.889333333333317,9.98822666666665,9.790439999999984,,1.5903614457828175,-3.9329171034043764,-8.660234560055446,0,42.13627672916904,36.86586229962318,,,,,-0.05570048117470233,-0.32059638737805507,-0.26489590620335274,-0.6180683174290931,42.13627672916904,,,,,,,,,2.0175103117397475,39.43190636663264,-19.71595318331632,0
2023-08-28,10.62,10.72,10.5,10.55,10.856000000000012,12.285285136002974,9.42671486399705,40.698196795495356,36.108460900069886,0,0,,,,9.888133333333316,9.98701466666665,9.789251999999983,,1.7848528702360644,-2.8187177597642887,-8.058331396699936,0,42.372663832123564,36.93411347446898,,,,,-0.02839900310603033,-0.30039466008589066,-0.27199565697986033,-0.3818108413542831,42.372663832123564,,,,,,,,,2.1463143840186922,39.40266407261603,-19.701332036308013,0
2023-08-29,10.475,11.08,10.45,11.02,10.763500000000011,11.860209168375599,9.666790831624423,52.45999334658867,43.29741468507342,0,0,,,,9.88928888888887,9.98818177777776,9.790395999999982,,5.697295223479437,2.383053839364413,-3.5223392768552686,0,52.246862396926474,37.938118282727736,,,,,0.022675791579424565,-0.24365091750557966,-0.2663267090850042,0.12124970871236705,52.246862396926474,,,,,,,,,4.199329097148854,39.380582507423505,-19.690291253711752,0
2023-08-30,10.9,11.15,10.9,11.06,10.694500000000012,11.49398671033299,9.895013289667034,66.00067524930809,53.05295513046403,0,0,,,,9.888799999999984,9.987687999999984,9.789911999999983,,5.203081898601414,3.417644583664381,-2.5865359208478766,0,52.985199554902856,39.04723413084442,,,,,0.05848053726264402,-0.1932260375066992,-0.2517065747693432,0.466415957068999,52.985199554902856,,,,,,,,,5.819797334153852,39.36482515704589,-19.682412578522946,0
2023-08-31,11.1,11.165,10.765,10.89,10.662000000000011,11.36884085903337,9.955159140966654,66.95964293997514,61.80677051195729,0,0,,,,9.889199999999985,9.988091999999984,9.790307999999985,,2.7843322321847053,2.1384355655598375,-3.5401104254627946,0,49.483440090646326,39.914103672880785,,,,,0.06930236975249607,-0.16507861257872314,-0.2343809823312192,0.698169295073736,49.483440090646326,,,,,,,,,6.79711531368957,39.353113430858656,-19.676556715429328,0
2023-09-01,11.18,11.37,11.06,11.11,10.653500000000012,11.334007898557362,9.972992101442662,71.7781265251909,68.24614823815803,0,0,,,,9.891822222222208,9.99074044444443,9.792903999999986,,4.016477857878176,4.284976768198123,-1.1096605744125188,0,53.74392434161065,41.14323068638945,,,,,0.0886290326806477,-0.12359469148040958,-0.21222372416105728,0.8819892350786772,53.74392434161065,,,,,53.74392434161065,,53.74392434161065,,6.957848056191509,39.34197085861869,-19.670985429309344,0
2023-09-05,11,11.02,10.66,10.82,10.62750000000001,11.237151539815233,10.017848460184787,65.69404151167198,68.14393699227934,0,0,,,,9.893511111111096,9.992446222222206,9.794575999999985,,0.8951883625510026,1.8113385085861244,-3.13917402721412,0,47.997427671779576,42.15563334247785,,,,,0.07952421091479148,-0.11281846051756794,-0.19234267143235942,0.9067902786742762,47.997427671779576,,,,,,,,,6.054720502788169,39.32685719529718,-19.66342859764859,0
2023-09-06,10.77,10.935,10.7,10.79,10.61200000000001,11.187624877849371,10.03637512215065,63.387397807632425,66.95318861483175,0,0,,,,9.894088888888875,9.993029777777764,9.795147999999987,,0.2322340919644006,1.6773464003014382,-2.9006809250982313,0,47.43241657685059,43.29264574329799,,,,,0.06948771598391723,-0.10548302645246288,-0.1749707424363801,0.861062082967231,47.43241657685059,,,,,,,,,5.64955916077416,39.30999910417687,-19.654999552088434,0
2023-09-07,10.61,10.77,10.523,10.74,10.60900000000001,11.18129013620632,10.036709863793702,59.10246173683407,62.72796701871281,0,0,,,,9.894577777777762,9.993523555555539,9.795631999999985,,-0.4541662804711355,1.234800640965128,-2.7672993934272805,0,46.450968740717116,44.446360304970675,,,,,0.05795866617451617,-0.1025224097182349,-0.16048107589275107,0.7653839246841317,46.450968740717116,,,,,,,,,4.38804684093764,39.28822094185074,-19.64411047092537,0
2023-09-08,10.69,10.8,10.515,10.74,10.609500000000011,11.18222943000952,10.036770569990502,54.55242225605329,59.01409393350658,0,0,,,,9.898355555555542,9.997339111111097,9.799371999999986,,-0.794383890633954,1.2300296903717367,-2.3281193161149183,0,46.450968740717116,45.30812298289662,,,,,0.04915726739154458,-0.09903449165332034,-0.14819175904486492,0.6511220762159737,46.450968740717116,46.450968740717116,,46.450968740717116,,,,,,4.0616765359759635,39.26522427250626,-19.63261213625313,0
2023-09-11,10.82,10.9,10.71,10.84,10.615500000000011,11.19520595994787,10.035794040052153,56.251891197555565,56.63559173014763,0,0,,,,9.901155555555542,10.000167111111098,9.802143999999986,,-0.14738393515135728,2.1148320851583913,-0.8506356901124668,0,48.903327218032054,46.12563092903297,,,,,0.04879661832227383,-0.08719598614202262,-0.13599260446429645,0.5763513032003235,48.903327218032054,,,,,,,,,4.12086979698054,39.24241337564997,-19.621206687824984,0
2023-09-12,10.81,11.01,10.79,10.8,10.623000000000012,11.208152971451891,10.037847028548132,54.10310992265785,54.969141125422226,0,0,,,,9.90275555555554,10.001783111111095,9.803727999999985,,-0.7444168734494161,1.6661959898332634,-0.5921516890129319,0,47.957239965360706,46.88516252268971,,,,,0.04469968317103876,-0.080118000500498,-0.12481768367153676,0.44369402787266926,47.957239965360706,,,,,,,,,4.1831906659897475,39.21979854026058,-19.60989927013029,0
2023-09-13,10.76,10.8107,10.59,10.62,10.63350000000001,11.210467070116811,10.05653292988321,47.596337410160444,52.650446176791284,0,0,,,,9.90502222222221,10.004072444444432,9.805971999999986,,-2.038557328660029,-0.12695725772333688,-1.56945130993571,0,43.84645753718203,47.152656198568366,,,,,0.029439331843773675,-0.08801851886681966,-0.11745785071059334,0.2006524517937762,43.84645753718203,,,,,,,,,3.661334912027059,39.1953307593731,-19.59766537968655,0
2023-09-14,10.65,10.66,10.42,10.57,10.652500000000012,11.193716222963547,10.111283777036478,43.51507092293322,48.40483941858383,0,0,,,,9.908311111111097,10.007394222222208,9.809227999999985,,-2.0570793180136437,-0.7744660877729403,-1.4635965321151856,0,42.75025401542231,47.48267338653147,,,,,0.01621113846585294,-0.09719392762827717,-0.1134050660941301,-0.21142643295320504,42.75025401542231,42.75025401542231,,42.75025401542231,,,,,,2.6933061371634825,39.167659559276885,-19.583829779638442,0
2023-09-15,10.47,10.695,10.43,10.67,10.682500000000012,11.153153800578513,10.21184619942151,42.87351050558475,44.66163961289279,0,0,,,,9.910666666666653,10.00977333333332,9.811559999999988,,-0.9285051067783767,-0.11701380762940694,-0.2617311647036491,0,45.67553008180201,47.735477197433816,,,,,0.01448580718547468,-0.09529780711228675,-0.10978361429776143,-0.5079392872224289,45.67553008180201,,,,,,,,,2.1964354361080187,39.13846359382114,-19.56923179691057,0
2023-09-18,10.65,10.79,10.58,10.6,10.700000000000012,11.12923187206797,10.270768127932053,34.96596990037691,40.45151710963162,0,0,,,,9.912399999999986,10.011523999999985,9.813275999999986,,-1.1101781882641437,-0.9345794392524476,-0.7056766377318113,0,43.98140633772948,47.85038737640567,,,,,0.00917867280330012,-0.09831027329363629,-0.1074889460969364,-0.8709213189879226,43.98140633772948,,,,,,,,,2.0602777767666196,39.1088876896817,-19.55444384484085,0
2023-09-19,10.58,10.6,10.36,10.47,10.704000000000011,11.122970166001123,10.2850298339989,27.057088747588494,34.965523051183375,0,0,,,,9.910799999999986,10.009907999999985,9.811691999999987,,-2.002995132909302,-2.1860986547086125,-1.6562822881116879,0,40.94413735988836,47.04304987376009,,,,,-0.0019452374991185684,-0.10992049297083462,-0.10797525547171605,-0.8812065634783055,40.94413735988836,,,,,,,,,1.6632953626361553,39.07818115423204,-19.53909057711602,0
2023-09-20,10.45,10.65,10.21,10.22,10.696000000000012,11.144481883690977,10.247518116309047,19.499934936393373,27.174331194786248,0,0,,,,9.906977777777765,10.006047555555543,9.807907999999987,,-3.829867319093161,-4.450261780104814,-3.739286050673407,0,35.82102902647563,45.81703769315815,,,,,-0.02378554256760479,-0.13770718368122203,-0.11392164111361724,-0.8653009011325221,35.82102902647563,,,,,,,,,0.14896943113340252,39.0434519637816,-19.5217259818908,0
2023-09-21,10.01,10.02,9.82,9.83,10.662500000000012,11.24469841978405,10.080301580215973,14.123440509001522,20.226821397661123,0,0,,,,9.901066666666653,10.00007733333332,9.802055999999986,,-6.700835231587233,-7.807737397420967,-7.129810417585158,0,29.599046149162646,44.39672384019502,,,,,-0.060078032254955005,-0.189019181432311,-0.128941149177356,-0.8503498121417871,29.599046149162646,,,,,,,,,-2.370520298175478,39.00331409840635,-19.501657049203175,0
2023-09-22,9.91,9.97,9.64,9.7,10.629000000000012,11.33796826445123,9.920031735548793,11.112948892029312,14.912108112474728,0,0,,,,9.893066666666654,9.99199733333332,9.794135999999988,,-7.016871165644467,-8.740238968858893,-8.059776942276686,0,27.861792486658658,42.548000136269884,,,,,-0.08679683641551889,-0.23743719469675462,-0.15064035828123573,-0.8420478642319287,27.861792486658658,,,,,,,,,-4.8952406151909456,38.95938814703511,-19.479694073517557,0
2023-09-25,9.57,9.77,9.55,9.68,10.586000000000013,11.40683859558315,9.765161404416876,10.76711143008449,12.001166943705101,0,0,,,,9.884177777777763,9.983019555555542,9.785335999999985,,-6.165180302443096,-8.558473455507388,-7.946872919770486,0,27.59346627046135,41.09057432189001,,,,,-0.09889662552884829,-0.2742611401922961,-0.1753645146634478,-0.8811560231425102,27.59346627046135,,,,,,,,,-6.681772004938515,38.913802857363656,-19.456901428681828,0
2023-09-26,9.61,9.77,9.49,9.53,10.53500000000001,11.476350094278962,9.59364990572106,10.771965951853005,10.884008757988928,0,0,,,,9.873555555555543,9.972291111111097,9.774819999999988,,-6.467759348317115,-9.539629805410632,-9.050421504692196,0,25.601996008964292,39.531258567040986,,,,,-0.10927009917066793,-0.3119521386267827,-0.2026820394561148,-0.9147449857258861,25.601996008964292,25.601996008964292,,25.601996008964292,,,,,,-7.698304192462461,38.86770310475514,-19.43385155237757,0
2023-09-27,9.64,9.77,9.44,9.57,10.462500000000011,11.464655177604286,9.460344822395736,12.225496087238774,11.254857823058748,1,0,,,,9.86542222222221,9.964076444444432,9.766767999999987,,-5.097183657279136,-8.530465949820886,-8.423973716946808,0,27.11267773875815,38.14995206690106,,,,,-0.10564335230514196,-0.33473622983754225,-0.2290928775324003,-0.9430201097608174,27.11267773875815,,,,,,,,,-8.139623056310967,38.821554205931726,-19.410777102965863,0
2023-09-28,9.6,9.84,9.48,9.68,10.393500000000012,11.411503438107662,9.375496561892362,14.331584352307978,12.44301546379991,0,0,,,,9.85364444444443,9.952180888888876,9.755107999999986,,-3.151575787894234,-6.864867465242808,-7.220447284345033,0,31.247147243629186,37.06396481710907,,,,,-0.08872363948196937,-0.339997426884862,-0.25127378740289263,-0.9484883180185731,31.247147243629186,,,,,,,,,-8.173786852858065,38.77555488034078,-19.38777744017039,0
2023-09-29,9.84,10.01,9.69,9.81,10.339500000000012,11.360998409200473,9.31800159079955,20.9371396574163,15.831406698987676,0,0,,,,9.842666666666654,9.94109333333332,9.744239999999987,,-0.9990917347868611,-5.1211373857537605,-5.896271663362507,0,35.87650091407487,36.13347722396927,,,,,-0.062880540031098,-0.3298744624417651,-0.2669939224106671,-0.9128206106823064,35.87650091407487,,,,,35.87650091407487,,35.87650091407487,,-7.332158780709309,38.7301556444246,-19.3650778222123,0
2023-10-02,9.77,9.9,9.59,9.73,10.27050000000001,11.260438887002215,9.280561112997807,22.4981355393937,19.255619849705983,0,0,,,,9.83244444444443,9.930768888888874,9.734119999999987,,-0.9366727754024695,-5.262645440825764,-6.508231375312246,0,34.34396254016983,35.161100265027066,,,,,-0.04605756462517768,-0.3245658781921392,-0.27850831356696154,-0.8749220627460632,34.34396254016983,,,,,,,,,-6.873626727616684,38.68522557567048,-19.34261278783524,0
2023-10-03,9.62,9.78,9.49,9.53,10.206000000000012,11.212288229086994,9.19971177091303,21.106318978957287,21.513864725255754,0,0,,,,9.8315111111111,9.92982622222221,9.733195999999989,,-2.0353618421055875,-6.6235547717030325,-8.177029804727631,0,30.80155434642161,34.22932146568703,,,,,-0.04332326154306948,-0.3326623904957984,-0.2893391289527289,-0.8612450836202183,30.80155434642161,,,,,,,,,-7.385006544773479,38.640110117337294,-19.320055058668647,0
2023-10-04,9.5,9.69,9.43,9.68,10.150500000000012,11.144189589358346,9.156810410641677,23.733755270059177,22.446069929470045,0,0,,,,9.837199999999989,9.935571999999988,9.73882799999999,,0.06202191440942695,-4.63523964336744,-6.521599175947957,0,36.12310212319322,33.755953473384956,,,,,-0.027127877203738104,-0.3232489754574015,-0.2961210982536634,-0.8074642062780706,36.12310212319322,,,,,,,,,-7.812420161048345,38.59491683191626,-19.29745841595813,0
2023-10-05,9.57,9.82,9.49,9.73,10.100000000000012,11.071123061202401,9.128876938797623,26.452559007638236,23.764211085551562,0,0,,,,9.839244444444434,9.937636888888878,9.74085199999999,,0.6829470198672194,-3.6633663366337776,-5.805285746555211,0,37.83912154222579,33.196210006272366,,,,,-0.00966427318774582,-0.3082014397383457,-0.29853716655059986,-0.7110667738214419,37.83912154222579,,,,,,,,,-7.830117626511748,38.549872976886945,-19.274936488443473,0
2023-10-06,9.62,9.99,9.62,9.93,10.059500000000012,10.987066170145841,9.131933829854184,35.87159887302621,28.685971050241196,0,0,,,,9.836844444444433,9.935212888888877,9.738475999999988,,2.5085165685967636,-1.2873403250659776,-3.732428502181251,0,44.286504450487556,33.218002728612234,,,,,0.01727343177844981,-0.2769453768275376,-0.2942188086059874,-0.4793902623032338,44.286504450487556,,,,,,,,,-6.569303974528606,38.5057984665156,-19.2528992332578,0
2023-10-09,9.8,9.96,9.715,9.87,10.011000000000013,10.869088573516153,9.152911426483874,41.265671726162694,34.5299432022757,0,0,,,,9.83822222222221,9.936604444444432,9.739839999999989,,1.6896764887694982,-1.4084507042254946,-4.106483580542763,0,42.85058840584395,33.354177803323346,,,,,0.03210523843195079,-0.2540872605660489,-0.2861924989979997,-0.13069913461106697,42.85058840584395,,,,,,,,,-5.976434562719267,38.462388700610305,-19.231194350305152,0
2023-10-10,9.86,10.19,9.86,10.04,9.973000000000013,10.751591035139144,9.194408964860882,48.46701521343785,41.86809527087558,0,0,,,,9.83773333333332,9.936110666666654,9.739355999999987,,2.900481705441904,0.6718138975231769,-2.2934440587796256,0,47.9955324328154,34.22378518949047,,,,,0.05317668308555712,-0.2197216451410533,-0.2728983282266104,0.5130568134378963,47.9955324328154,,,,,47.9955324328154,,47.9955324328154,,-4.99567274518795,38.420160029903755,-19.210080014951878,0
2023-10-11,10.05,10.18,9.68,9.72,9.928000000000013,10.65407437635485,9.201925623645176,52.02244128094439,47.251709406848306,0,0,,,,9.8395111111111,9.937906222222212,9.74111599999999,,-0.5321326238234891,-2.0950846091862596,-5.007003941753241,0,40.58830691751345,35.00873238722981,,,,,0.04566255632015592,-0.21582013282641554,-0.26148268914657147,0.5967343898909203,40.58830691751345,,,,,,,,,-5.663083863969097,38.37734233222975,-19.188671166114876,0
2023-10-12,9.74,9.77,9.28,9.29,9.864000000000015,10.577985994259603,9.150014005740427,38.35323863310393,46.28089837582871,0,0,,,,9.838711111111099,9.93709822222221,9.740323999999989,,-4.551525737183104,-5.8191403081915505,-8.682830930537333,0,33.178391629733,35.388489468877985,,,,,0.013501432903033794,-0.2446058980177792,-0.258107330920813,0.16352623086795876,33.178391629733,,,,,,,,,-7.490574941145762,38.33323627478097,-19.166618137390486,0
2023-10-13,9.3,9.365,9.12,9.14,9.787500000000014,10.466672290364526,9.108327709635502,31.153710782337235,40.50979689879517,0,0,,,,9.838488888888879,9.936873777777768,9.74010399999999,,-5.441754603766091,-6.61558109833984,-9.639149777558064,0,31.048945539813374,35.63530941668885,,,,,-0.014583837918152875,-0.2763371283185041,-0.2617532904003512,-0.1622087417971391,31.048945539813374,31.048945539813374,31.048945539813374,31.048945539813374,,,,,,-10.324997646054301,38.28867049456993,-19.144335247284964,0
2023-10-16,9.16,9.385,9.14,9.32,9.723500000000014,10.320635662976988,9.12636433702304,30.418269212331772,33.30840620925763,0,0,,,,9.840577777777765,9.938983555555543,9.742171999999988,,-3.1688311688314874,-4.149740319843809,-7.312868792680483,0,36.329904037440514,36.401588561580006,,,,,-0.01754909841298391,-0.2836896634165811,-0.2661405650035972,-0.38340099710267145,36.329904037440514,,,,,,,,,-11.573387533987434,38.24460744437156,-19.12230372218578,0
2023-10-17,9.22,9.64,9.22,9.6,9.680000000000014,10.17050993873623,9.189490061263799,36.39044343125737,32.654141141975444,0,0,,,,9.842844444444435,9.941272888888879,9.74441599999999,,-0.3322259136216088,-0.8264462809918771,-4.1405937957662005,0,43.570114946668376,37.577119790716445,,,,,0.0018075850911410951,-0.2638810836396708,-0.26568866873081187,-0.4468405113555922,43.570114946668376,,,,,,,,,-10.567321626622155,38.200387831969884,-19.100193915984942,0
2023-10-18,9.5,9.56,9.15,9.21,9.629500000000014,10.094536557701618,9.16446344229841,28.678131351495487,31.828947998361528,0,0,,,,9.841733333333323,9.940150666666657,9.74331599999999,,-3.9123630672929677,-4.35640479775703,-7.548685003011412,0,37.22122705567584,38.00383977729121,,,,,-0.008621433298691361,-0.2764654603541761,-0.2678440270554847,-0.5779781595465515,37.22122705567584,,,,,,,,,-10.323638278690728,38.156283539966275,-19.078141769983137,0
2023-10-19,9.24,9.24,8.96,8.97,9.586500000000015,10.1229801953464,9.05001980465363,22.52973395158635,29.19943624477972,0,0,,,,9.839866666666659,9.938265333333325,9.741467999999992,,-5.668314228625848,-6.430918479111392,-9.421387458345942,0,33.943334082006515,37.86575643214347,,,,,-0.027580546650513682,-0.3023197103686268,-0.27473916371811313,-0.6584675751302465,33.943334082006515,,,,,,,,,-11.404843797062105,38.11260770577568,-19.05630385288784,0
2023-10-20,8.95,9.23,8.89,9.13,9.558000000000014,10.126914756355568,8.98908524364446,25.394645955116815,25.534170419399533,0,0,,,,9.839599999999992,9.937995999999991,9.741203999999993,,-3.171067981758746,-4.477924251935683,-7.303370786516816,0,37.87148768629271,38.117722514009394,,,,,-0.025302363046905918,-0.3063671175267455,-0.2810647544798396,-0.7090022475121966,37.87148768629271,,,,,,,,,-12.868326076810042,38.0699021450986,-19.0349510725493,0
2023-10-23,9.05,9.39,8.9731,9.17,9.532500000000015,10.12258050298156,8.94241949701847,27.118005058928247,25.014128321877127,0,0,,,,9.839555555555545,9.9379511111111,9.74115999999999,,-2.019446522064672,-3.8027799632836534,-6.3680609917974085,0,38.850502796057064,38.69264740326906,,,,,-0.01743292975006172,-0.30285591666741674,-0.285422986917355,-0.7944588266015353,38.850502796057064,,,,,,,,,-12.966930867186756,38.02741328473534,-19.01370664236767,0
2023-10-24,9.34,9.595,9.2498,9.32,9.522000000000016,10.11931398778104,8.924686012218993,37.02422613086036,29.845625714968463,0,0,,,,9.838355555555546,9.936739111111102,9.739971999999991,,0.3553354150960031,-2.1214030665828165,-4.354667670098856,0,42.509091292274874,39.148789486774895,,,,,0.0005881380301158146,-0.28468781437971025,-0.28527595240982606,-0.7792207174068126,42.509091292274874,,,,,,,,,-11.834052249870576,37.98436445408985,-18.992182227044925,0
2023-10-25,9.21,9.29,9.01,9.03,9.495000000000015,10.128892735404758,8.861107264595272,32.66559562772126,32.26927560583661,0,0,,,,9.834622222222213,9.932968444444436,9.736275999999991,,-2.039487958342734,-4.897314375987516,-6.823966430487705,0,37.80032023503911,39.14601796483299,,,,,-0.004053753082145284,-0.2903431437625077,-0.2862893906803624,-0.8005799752676656,37.80032023503911,,,,,,,,,-12.15476790994164,37.94162827998845,-18.970814139994225,0
2023-10-26,9.07,9.23,8.94,9.1,9.466000000000014,10.116243031488276,8.815756968511751,31.46034166570422,33.7167211414286,0,0,,,,9.830666666666659,9.928973333333325,9.732359999999993,,-1.0762039352107289,-3.8664694696810997,-5.624503059425434,0,39.541204773892694,38.80706798793336,,,,,0.00032658612637676,-0.28588115802239145,-0.2862077441487682,-0.756474094659539,39.541204773892694,,,,,,,,,-12.408477929325352,37.89918494886479,-18.949592474432396,0
2023-10-27,9.2,9.2,8.89,8.9,9.420500000000015,10.09499166043697,8.74600833956306,26.79957593248976,30.308504408638402,0,0,,,,9.827244444444437,9.92551688888888,9.728971999999994,,-2.997275204360028,-5.525184438193442,-7.130434782608686,0,36.40596336645598,38.34673762797708,,,,,-0.007099253695773411,-0.295081811268485,-0.2879825575727116,-0.7385207723942895,36.40596336645598,,,,,,,,,-13.781220347702687,37.857954260155765,-18.928977130077882,0
2023-10-30,9,9.14,8.905,9.08,9.388000000000014,10.062347091636793,8.713652908363235,29.02645024791812,29.09545594870403,0,0,,,,9.825866666666661,9.924125333333327,9.727607999999995,,-0.7758714894550711,-3.280783979548507,-4.748583817050134,0,40.94443000212059,37.84308745435602,,,,,0.0027311898693614944,-0.2845685702360097,-0.28729976010537117,-0.6622211928472191,40.94443000212059,,,,,,,,,-13.659660265713596,37.8167448529018,-18.9083724264509,0
2023-10-31,9.12,9.16,9.045,9.14,9.368500000000013,10.047831288841557,8.68916871115847,36.966955606090806,30.930993928832887,0,0,,,,9.825333333333326,9.92358666666666,9.727079999999992,,0.38440417353065026,-2.439024390244038,-3.6711751273493465,0,42.419562872755584,37.973891451159034,,,,,0.015197864863864374,-0.2683024290255407,-0.28350029388940506,-0.5117739565428846,42.419562872755584,,,,,,,,,-13.572112354121336,37.77559075736686,-18.88779537868343,0
2023-11-01,9.17,9.23,8.92,9.08,9.338500000000014,10.013133974833098,8.66386602516693,39.7479096417312,35.2471051652467,0,0,,,,9.82337777777777,9.921611555555549,9.725143999999991,,-0.1319841619009332,-2.7681105102533965,-3.9187330252900887,0,41.3083611061851,38.554603556619895,,,,,0.020970596276233988,-0.25728704854411255,-0.27825764482034654,-0.48612531092002204,41.3083611061851,,,,,,,,,-13.055357798517115,37.73414505116609,-18.867072525583044,0
2023-11-02,9.19,9.505,9.19,9.48,9.326000000000013,9.980107024881347,8.671892975118679,52.6145735264369,43.10981292475296,0,0,,,,9.824133333333327,9.922374666666661,9.725891999999993,,3.6858799081260774,1.6512974479947262,0.4379149597400822,0,50.599185797565305,39.951049289316465,,,,,0.05155340654023355,-0.21381588664505458,-0.2653692931852881,-0.24587885635034532,50.599185797565305,,,,,,,,,-11.837465968700897,37.692087877899425,-18.846043938949713,0
2023-11-03,9.66,9.79,9.56,9.69,9.314000000000012,9.93110290875931,8.696897091240714,65.81131484914884,52.724599339105644,0,0,,,,9.824622222222215,9.922868444444438,9.726375999999993,,5.337536688770128,4.036933648271268,2.6664312202013374,0,54.65734398081815,41.26015214241487,,,,,0.0838406353605527,-0.16056849898459724,-0.24440913434514994,0.1398305882717167,54.65734398081815,,,,,,,,,-10.123026891430444,37.64972058586937,-18.824860292934684,0
2023-11-06,9.78,9.82,9.52,9.59,9.300000000000013,9.877442637843018,8.722557362157008,66.10872060067483,61.511536325420174,0,0,,,,9.825688888888884,9.923945777777773,9.727431999999995,,3.7766475489661833,3.118279569892324,1.639228432134554,0,52.44787382218086,41.89427777638004,,,,,0.09552904527434455,-0.12499782775221924,-0.2205268730265638,0.5698998352293202,52.44787382218086,,,,,,,,,-8.526083892255686,37.607706109830694,-18.803853054915347,0
2023-11-07,9.61,9.85,9.59,9.76,9.286000000000012,9.801224223032309,8.770775776967715,72.54550561496566,68.15518035492977,0,0,,,,9.82866666666666,9.926953333333326,9.730379999999993,,5.11577813677937,5.104458324359107,3.3569840093191194,0,55.7245688371311,43.21594504648399,,,,,0.11070682801414858,-0.08214333800887808,-0.19285016602302665,0.7225454497688846,55.7245688371311,,,,,55.7245688371311,,55.7245688371311,,-7.652219820227933,37.56620286220662,-18.78310143110331,0
2023-11-08,8.785,8.9,8.28,8.365,9.218250000000012,9.833938841866777,8.602561158133247,41.76356651819942,60.139264244613294,0,0,,,,9.827311111111104,9.925584222222215,9.729037999999994,,-9.258556164235298,-9.256095245843953,-11.037453249906914,0,34.63428947721316,43.26529900328446,,,,,0.027149070460218833,-0.1589138279477531,-0.18606289840797194,0.1566852477951661,34.63428947721316,,,,,,,,,-11.777056186648686,37.52468462324266,-18.76234231162133,0
2023-11-09,8.54,8.62,7.92,7.93,9.150250000000012,9.981793594767735,8.31870640523229,31.9340687168728,48.74771361667928,0,0,,,,9.824288888888882,9.92253177777777,9.726045999999993,,-12.871504697028302,-13.33570121034956,-15.137246508641432,0,30.7287562999757,42.75510390426182,,,,,-0.05271089615923172,-0.2519515186070116,-0.19924062244777987,-0.21463215462558555,30.7287562999757,30.7287562999757,,30.7287562999757,,,,,,-16.91557958771937,37.488752884687635,-18.744376442343818,0
2023-11-10,8,8.3,7.99,8.23,9.104750000000013,10.028078083618814,8.181421916381213,32.490938024581126,35.396191086551106,0,0,,,,9.824422222222214,9.922666444444436,9.726177999999992,,-8.904753998561398,-9.607622394903892,-11.427597711251792,0,36.08196466103085,42.55735118033137,,,,,-0.07904064594588806,-0.29804142988013993,-0.21900078393425187,-0.37400760282896217,36.08196466103085,,,,,,,,,-21.637243975877734,37.46341438953461,-18.731707194767306,0
2023-11-13,8.16,8.41,8.1298,8.31,9.054250000000014,10.033735962124615,8.074764037875413,30.69163290712251,31.70554654952546,0,0,,,,9.825355555555547,9.923609111111102,9.727101999999991,,-7.228579402735491,-8.219896733578292,-10.108713288982607,0,37.46969513173197,42.19739431172117,,,,,-0.08429818030221425,-0.3243735093120197,-0.24007532900980544,-0.4450468376707011,37.46969513173197,,,,,,,,,-21.76989413886415,37.438468500591945,-18.719234250295973,0
2023-11-14,8.55,8.71,8.45,8.5,8.999250000000014,9.97349983961977,8.025000160380259,34.48285192290192,32.55514095153517,0,0,,,,9.826822222222214,9.925090444444436,9.728553999999992,,-4.424579749255453,-5.547684529266473,-7.710682036155669,0,40.75934628627639,42.40875331538098,,,,,-0.0688603740002206,-0.32615079651008116,-0.25729042250986056,-0.5194748045814566,40.75934628627639,,,,,,,,,-19.952101310163172,37.40885846832404,-18.70442923416202,0
2023-11-15,8.57,8.61,8.31,8.33,8.955250000000014,9.966246908995863,7.944253091004164,32.69789394170751,32.624126257243965,0,0,,,,9.828333333333322,9.926616666666655,9.73004999999999,,-5.53949084311427,-6.9819379693477295,-9.112400210943584,0,38.79285921970955,42.35530006151076,,,,,-0.06407781667806961,-0.33738769335744756,-0.27330987667937795,-0.5862771709921131,38.79285921970955,,,,,,,,,-19.621384555897105,37.37853805027073,-18.689269025135363,0
2023-11-16,8.28,8.29,7.91,7.94,8.903750000000015,10.007203102763809,7.800296897236221,24.5142637387752,30.565003201128192,0,0,,,,9.82828888888888,9.926571777777768,9.73000599999999,,-8.361705811068509,-10.82409097290482,-12.799956070506813,0,34.66134149214767,42.230684213345874,,,,,-0.0801183122817074,-0.37345776703151223,-0.29333945474980483,-0.709894074987977,34.66134149214767,,,,,,,,,-20.735585920316204,37.35095150744165,-18.675475753720825,0
2023-11-17,7.98,8.135,7.925,8.1,8.85225,10.003755427690216,7.700744572309785,26.269700948367976,27.827286209616876,0,0,,,,9.830066666666658,9.928367333333325,9.731765999999991,,-4.767503380166149,-8.497839532322294,-10.442810547846715,0,37.597631601729596,41.99162718474652,,,,,-0.07308710382477601,-0.38469833453077484,-0.31161123070599883,-0.7597743405133254,37.597631601729596,,,,,,,,,-21.91878617305589,37.32655340102037,-18.663276700510185,0
2023-11-20,8.1,8.27,7.985,8.13,8.800249999999998,9.983163669715632,7.617336330284365,26.514987539395484,25.766317408846202,0,0,,,,9.831977777777771,9.93029755555555,9.733657999999993,,-2.7453795083441923,-7.616260901678906,-9.530963111333634,0,38.158799239750664,41.68728692524617,,,,,-0.06009330180437794,-0.38672785796147124,-0.3266345561570933,-0.7784240955125016,38.158799239750664,,,,,,,,,-22.429885523604113,37.30362919274181,-18.651814596370905,0
2023-11-21,8.06,8.13,7.96,7.98,8.733249999999998,9.942325163089595,7.524174836910401,24.132015978559885,25.638901488774433,0,0,,,,9.831666666666658,9.929983333333325,9.73334999999999,,-2.462873556194245,-8.625082300403609,-10.516381034257172,0,36.396398587529234,41.336432459627886,,,,,-0.05539363292292221,-0.3958765973107461,-0.3404829643878239,-0.8026991357493442,36.396398587529234,,,,,,,,,-22.205700113533634,37.28006893090037,-18.640034465450185,0
2023-11-22,8.03,8.255,7.98,8.22,8.692749999999998,9.913559055503812,7.471940944496184,29.807661163229376,26.818221560394893,0,0,,,,9.832022222222216,9.930342444444438,9.733701999999994,,0.6489531039545415,-5.438440079376472,-7.30542973668874,0,41.08497178738693,40.656845744615154,,,,,-0.031123788234196037,-0.37938769968056896,-0.3482639114463729,-0.7376217255560239,41.08497178738693,,,,,,,,,-21.718768653895566,37.255169135806845,-18.627584567903423,0
2023-11-24,8.2,8.3,8.13,8.29,8.652249999999999,9.870069670558864,7.434430329441134,36.05910718381103,29.99959477520008,0,0,,,,9.832955555555547,9.931285111111102,9.734625999999992,,1.0605875899056816,-4.1867722268774,-6.163336917765571,0,42.41823365484662,39.78262357847433,,,,,-0.006638067289303884,-0.35656149555800276,-0.3499234282686989,-0.6168077486930219,42.41823365484662,,,,,,,,,-21.14945407155913,37.22878729351279,-18.614393646756394,0
2023-11-27,8.27,8.46,8.21,8.39,8.626749999999998,9.844108924064821,7.409391075935174,41.09269277476152,35.653153707267286,0,0,,,,9.833088888888879,9.931419777777768,9.73475799999999,,2.0805450784763035,-2.7443707073926737,-4.761904761904734,0,44.35553845981792,39.20459962401984,,,,,0.018629038170695167,-0.32663713055532995,-0.3452661687260251,-0.4143367753117533,44.35553845981792,,,,,,,,,-19.78529617869972,37.19915349351486,-18.59957674675743,0
2023-11-28,8.38,8.65,8.345,8.64,8.604749999999997,9.80432273643586,7.405177263564133,48.44977382060974,41.86719125972741,0,0,,,,9.835444444444436,9.93379888888888,9.737089999999991,,4.701890450799384,0.40965745663736897,-1.6710608675859717,0,48.97723722825212,38.72264736624277,,,,,0.052591547113093884,-0.27952673483465773,-0.3321182819477516,0.24232482889062376,48.97723722825212,,,,,,,,,-18.40133513941981,37.16669774589187,-18.583348872945933,0
2023-11-29,8.84,9.18,8.77,8.92,8.593749999999996,9.77741749976514,7.410082500234854,62.753371575173404,50.76527939018154,0,0,,,,9.838422222222214,9.936806444444436,9.740037999999991,,7.54762478900366,3.7963636363636866,1.7780735951316906,0,53.62327245278375,40.07900329306924,,,,,0.09201845880164106,-0.2170952084457003,-0.30911366724734135,0.5401046185995573,53.62327245278375,,,,,,,,,-16.305256259872184,37.13082070944627,-18.565410354723134,0
2023-11-30,9.19,9.2,8.69,8.8,8.579749999999999,9.746585356852098,7.4129146431479,64.62646256882917,58.60986932153744,0,0,,,,9.839533333333325,9.937928666666657,9.741137999999992,,5.502937297685717,2.5670911157085197,0.5656819610308172,0,51.46054971439981,41.55984567981382,,,,,0.10706673419970764,-0.17528024949770682,-0.28234698369741446,0.5645901623693077,51.46054971439981,,,,,,,,,-14.893166852902256,37.093270477949474,-18.546635238974737,0
2023-12-01,8.82,9.39,8.82,9.32,8.571749999999998,9.715757320780869,7.427742679219128,73.72529195540616,67.03504203313624,0,0,,,,9.842199999999991,9.94062199999999,9.743777999999992,,9.918622479065476,8.729255986233886,6.366385787381357,0,59.149271093625266,43.207510424999136,,,,,0.1466453752997984,-0.09904026457266646,-0.24568563987246486,0.6843248743506526,59.149271093625266,,,,,,,,,-12.604762748110835,37.05394841320232,-18.52697420660116,0
2023-12-04,9.46,9.735,9.33,9.55,8.564749999999998,9.682719029088089,7.446780970911908,78.62295736183532,72.32490396202355,0,0,,,,9.845711111111102,9.944168222222213,9.747253999999991,,10.737476808904955,11.503546513324991,8.817441175912055,0,62.015279013851895,44.96076641657913,,,,,0.18068303964195043,-0.019831840320026828,-0.20051487996197725,0.7877545661671993,62.015279013851895,,,,,,,,,-10.490597531649678,37.014093392645265,-18.507046696322632,0
2023-12-05,9.79,10.6385,9.66,10.53,8.611749999999997,9.954595020842028,7.268904979157966,86.49931466131,79.61585465951715,0,0,,,,9.852333333333323,9.950856666666656,9.75380999999999,,18.795126353790124,22.27479896652833,19.367454514538384,0,71.26569392462781,47.139791247889946,,,,,0.2569148511568785,0.12062868398412085,-0.13628616717275763,0.8587126060253837,71.26569392462781,,,,,,,,,-4.920761157132298,36.97759370364079,-18.488796851820396,0
2023-12-06,10.88,11.6499,10.73,11.27,8.687249999999997,10.398972743320385,6.975527256679609,90.94610582497499,85.35612594937344,0,0,,,,9.860999999999992,9.959609999999993,9.762389999999991,,22.593277493744736,29.730351952574207,26.82158330051201,0,76.0154761734963,49.79854960173186,,,,,0.3396951389259684,0.2883327564847029,-0.05136238244126551,0.8929242528118346,76.0154761734963,,,,,,,,,1.174004502981335,36.95293398475235,-18.476466992376174,0
2023-12-07,11.07,11.7,10.81,11.48,8.842999999999998,10.933952892821882,6.752047107178115,92.98835424257345,90.14459157628615,0,0,,,,9.869711111111103,9.968408222222214,9.771013999999992,,20.60090345624492,29.820196765803498,28.008325744763884,0,77.16885743384593,52.83480074042459,,,,,0.38764280951506724,0.43319112945256855,0.0455483199375013,0.9140163701624858,77.16885743384593,,,,,,,,,7.0842066689354155,36.94781394373539,-18.473906971867695,0
2023-12-08,11.23,11.74,11.02,11.73,9.032999999999998,11.426308170712705,6.639691829287291,95.18472415334561,93.03972807363135,0,0,,,,9.880466666666656,9.979271333333323,9.78166199999999,,18.929331846293795,29.857190302225224,29.529769025490005,0,78.49470211345916,55.756020062690986,,,,,0.41291376453137846,0.5616905256017244,0.14877676107034593,0.9412751689814829,78.49470211345916,,,,,78.49470211345916,,78.49470211345916,,10.58166665319653,36.95784791699147,-18.478923958495734,0
2023-12-11,11.55,11.79,11.325,11.71,9.206999999999997,11.835901671801409,6.578098328198585,93.95613272706127,94.04307037432677,0,1,,,,9.89228888888888,9.99121177777777,9.79336599999999,,14.860225600784304,27.185836863256263,27.98513579977049,0,78.10393985008325,58.609244392000456,,,,,0.4044747651034173,0.6543702174496175,0.24989545234620025,0.9614792590409249,78.10393985008325,,,,,,,,,11.701646506682401,36.973089071165816,-18.486544535582908,0
2023-12-12,11.77,11.9,11.54,11.63,9.372999999999998,12.168382621395544,6.577617378604452,92.2919942893048,93.8109503899039,0,0,,,,9.901666666666658,10.000683333333326,9.802649999999991,,10.825233466742512,24.079803691454217,25.94076560723375,0,76.46419947028359,61.47123016934005,,,,,0.3705984659593652,0.7131435347954067,0.3425450688360415,0.9635501911055452,76.46419947028359,,,,,,,,,11.921518104849445,36.98912923252166,-18.49456461626083,0
2023-12-13,11.63,12.02,11.12,11.99,9.547499999999996,12.532407871275153,6.562592128724839,93.76696024567416,93.33836242068008,0,0,,,,9.91179999999999,10.010917999999991,9.81268199999999,,11.008239977779466,25.58261324954183,28.517069510691883,0,78.63764370237458,64.15356387755345,,,,,0.34978951494620575,0.7797819625187987,0.429992447572593,0.9669563959826651,78.63764370237458,,,,,,,,,12.46966957694037,37.007640840774506,-18.503820420387253,0
2023-12-14,12.35,12.39,11.79,12.09,9.735499999999996,12.860351836487665,6.610648163512328,93.89509527002976,93.31801660166957,0,0,,,,9.922377777777768,10.021601555555547,9.82315399999999,,8.625336927223382,24.18468491602901,28.21011329291785,0,79.21191381940892,66.7816838893079,,,,,0.32087193052985985,0.8310823607349178,0.510210430205058,0.9624919726584266,79.21191381940892,,,,,79.21191381940892,,79.21191381940892,,13.369511787530085,37.030511650326694,-18.515255825163347,0
2023-12-15,12.01,12.02,11.52,11.69,9.922999999999996,13.044429800588233,6.801570199411761,85.11817348909538,90.92674300159977,0,1,,,,9.931266666666659,10.030579333333325,9.831953999999993,,2.841558898565699,17.807114783835566,23.00731309517545,0,70.99108590105823,68.68422299225364,,,,,0.2557477554016502,0.8298951244571207,0.5741473690554705,0.9320162307241436,70.99108590105823,70.99108590105823,,70.99108590105823,,,,,,13.255091068750643,37.05240757871549,-18.526203789357744,0
2023-12-18,11.55,11.98,11.44,11.93,10.114499999999996,13.235009413541379,6.993990586458613,84.57855619157418,87.86394165023312,0,0,,,,9.941444444444437,10.040858888888883,9.842029999999992,,2.800517018526172,17.949478471501344,24.554107431832794,0,72.81415772051166,70.38686017027217,,,,,0.21160431150257897,0.8386527584336942,0.6270484469311153,0.902533702518524,72.81415772051166,,,,,,,,,12.80622057270341,37.07161446551523,-18.535807232757616,0
2023-12-19,12.06,13.19,12.04,13.17,10.366499999999995,13.61659707547335,7.11640292452664,88.37617922792154,86.02430296953037,0,0,,,,9.953799999999992,10.053337999999993,9.854261999999991,,10.961327828797351,27.04384314860373,35.80819798917248,0,79.85752416556724,72.26073529261386,,,,,0.24626063053499314,0.9348742350998567,0.6886136045648635,0.9024087367827613,79.85752416556724,,,,,79.85752416556724,,79.85752416556724,,15.808527321075701,37.10684950947114,-18.55342475473557,0
2023-12-20,13.32,13.45,12.59,12.62,10.598499999999996,13.796063291007746,7.400936708992246,85.09927090390391,86.01800210779987,0,1,,,,9.96477777777777,10.064425555555548,9.865129999999994,,5.131622792402202,19.07345379063079,28.869751689160438,0,71.06310145449444,73.66091755976346,,,,,0.21369547683322498,0.9557329506063947,0.7420374737731698,0.8877607396988904,71.06310145449444,,,,,,,,,18.197559841142056,37.15599095152807,-18.577995475764034,0
2023-12-21,12.81,13.06,12.51,12.89,10.831999999999997,13.982406957838975,7.681593042161019,85.27445864200071,86.24996959127539,0,0,,,,9.975799999999992,10.075557999999992,9.876041999999993,,6.134211609715612,18.99926144756281,29.630250410646642,0,72.65513784799506,74.62562232793275,,,,,0.19254775459905327,0.9827221670219863,0.7901744124229331,0.882102723832266,72.65513784799506,,,,,,,,,20.604466859267628,37.22020898856385,-18.610104494281924,0
2023-12-22,13.01,13.15,12.795,12.95,11.064999999999994,14.116678226812338,8.01332177318765,83.91043435325516,84.76138796638658,0,0,,,,9.985444444444438,10.085298888888882,9.885589999999993,,5.567783484144129,17.035698147311408,28.078330531104733,0,73.01049745369156,75.41099507363558,,,,,0.1658242910779879,0.997454776270418,0.8316304851924301,0.9020518972758109,73.01049745369156,,,,,,,,,19.464429794055548,37.27606166325899,-18.638030831629496,0
2023-12-26,13,13.14,12.86,12.94,11.292499999999995,14.186928268242367,8.398071731757623,79.26802884985348,82.81764061503644,0,0,,,,9.993444444444437,10.093378888888882,9.893509999999992,,4.439063761097328,14.58932920079703,26.02259446825086,0,72.84059516092485,75.52348801908536,,,,,0.1321617654851528,0.996832692048871,0.8646709265637182,0.8963090813881329,72.84059516092485,,,,,,,,,20.16942454259416,37.335820156992455,-18.667910078496227,0
2023-12-27,13.03,13.51,12.91,13.26,11.523499999999995,14.267827057768525,8.779172942231465,81.53932226922345,81.57259515744403,0,0,,,,10.004644444444438,10.104690888888882,9.904597999999993,,5.632119811996827,15.069206404304293,27.096712355027307,0,74.85694824171132,75.44073602395788,,,,,0.11667322109667866,1.0105124529345666,0.8938392318378879,0.8992756249058418,74.85694824171132,,,,,,,,,21.01899531715711,37.40050174897752,-18.70025087448876,0
2023-12-28,13.11,13.28,13.06,13.18,11.736499999999996,14.294430999851327,9.178569000148665,78.74285820855962,79.85006977587885,0,0,,,,10.016111111111103,10.116272222222214,9.915949999999992,,4.008838383838076,12.299237421718612,24.468788365284723,0,73.39002277284617,75.1708192624579,,,,,0.08759472373051225,1.0033326365010282,0.915737912770516,0.8967026349467512,73.39002277284617,,,,,,,,,21.433325801412895,37.46718538888786,-18.73359269444393,0
2023-12-29,13.16,13.17,12.52,12.74,11.933499999999995,14.139077248703954,9.727922751296036,73.23773973698647,77.83997340492317,0,0,,,,10.025844444444438,10.126102888888882,9.925585999999994,,0.023553427023337292,6.758285498805927,18.666169895678088,0,65.75749230373219,74.26101856176311,,,,,0.028348644932609912,0.9511737189362783,0.9228250740036684,0.8456991475654523,65.75749230373219,,,,,,,,,20.506830515855466,37.52684897713345,-18.763424488566724,0
2024-01-02,12.74,12.75,12.28,12.37,12.085999999999995,13.941687473687463,10.230312526312527,63.6617288223062,71.88077558928408,0,0,,,,10.03428888888888,10.13463177777777,9.933945999999992,,-3.397110503709788,2.34982624524247,13.656549569691578,0,60.097430670673276,72.97483933466239,,,,,-0.04229748794234911,0.869953214075732,0.9122507020180811,0.6944901561604964,60.097430670673276,,,,,,,,,17.53845236262036,37.56730434432911,-18.783652172164555,0
2024-01-03,11.68,11.97,11.55,11.79,12.197999999999997,13.655622722106195,10.7403772778938,53.950550697064145,63.616673085452256,0,0,,,,10.04188888888888,10.14230777777777,9.941469999999992,,-7.825815026190563,-3.3448106246925513,7.116898849182296,0,52.47276477686379,71.26116542798955,,,,,-0.12969087170533833,0.7501371123864082,0.8798279840917466,0.33345316870022296,52.47276477686379,52.47276477686379,,52.47276477686379,,,,,,13.08944713666243,37.58328931492632,-18.79164465746316,0
2024-01-04,11.65,12.17,11.63,11.98,12.270499999999995,13.518177442290488,11.022822557709501,50.88195083290395,56.16474345075809,0,0,,,,10.050777777777773,10.151285555555551,9.950269999999994,,-5.460858585858864,-2.367466688398956,7.588684328693307,0,54.50887767589668,69.53768214038399,,,,,-0.1735646094192227,0.6628722223177181,0.8364368317369408,0.07469558276492506,54.50887767589668,,,,,,,,,10.631139060603966,37.58765812185999,-18.793829060929994,0
2024-01-05,11.82,12.16,11.77,11.89,12.301499999999994,13.476919499583266,11.126080500416721,44.72920416913969,49.85390189970258,0,0,,,,10.059533333333327,10.16012866666666,9.958937999999995,,-5.6274307484723725,-3.345120513758426,5.5450349153745915,0,53.34311205120407,67.68991058551222,,,,,-0.20533449929186764,0.5797687076221063,0.785103206913974,-0.17317989335097064,53.34311205120407,,,,,,,,,9.061743127864743,37.58532304633115,-18.792661523165574,0
2024-01-08,11.97,12.58,11.96,12.42,12.348499999999994,13.46232718587787,11.234672814122119,50.776181057742946,48.79577868659552,0,0,,,,10.070022222222217,10.17072244444444,9.969321999999995,,-1.0516252390060377,0.5790176944568737,8.896422726209941,0,58.91548542566805,66.82736769441293,,,,,-0.18781755127801225,0.5503312678164587,0.7381488190944709,-0.4377583293778042,58.91548542566805,,,,,,,,,10.868737004588224,37.59036069897704,-18.79518034948852,0
2024-01-09,12.25,12.355,12.135,12.2,12.371999999999995,13.451955554641266,11.292044445358723,48.72635688885103,48.077247371911206,0,0,,,,10.076999999999993,10.177769999999994,9.976229999999992,,-2.220084956319923,-1.3902360168121186,5.7589505013436515,0,55.92944002538928,65.6213164304756,,,,,-0.18776200915419117,0.5034463076517319,0.6912083168059231,-0.7279513608401308,55.92944002538928,,,,,,,,,11.491582116421105,37.59794131263385,-18.798970656316925,0
2024-01-10,12.18,12.345,11.78,12.14,12.393499999999994,13.436366722069842,11.350633277930147,41.95540295328461,47.15264696662618,0,0,,,,10.084999999999994,10.185849999999993,9.984149999999994,,-2.0730821973060864,-2.0454270383668316,4.110685495397637,0,55.109082102902555,63.853570568856696,,,,,-0.1880150757584671,0.4561894721078392,0.6442045478663063,-0.7013854941590666,55.109082102902555,,,,,,,,,12.243417516312208,37.60870931238913,-18.804354656194565,0
2024-01-11,12.53,12.58,11.63,11.71,12.397499999999996,13.42917582117666,11.365824178823331,35.13331906123706,41.938359634457555,0,0,,,,10.091044444444437,10.191954888888882,9.990133999999992,,-4.345695147851947,-5.5454728775962465,-0.45056533197314064,0,49.50489139017036,62.31369842140498,,,,,-0.21163231738854404,0.37966415113062624,0.5912964685191703,-0.8011517335354928,49.50489139017036,,,,,,,,,10.16304585796321,37.61014212676432,-18.80507106338216,0
2024-01-12,11.5,11.56,10.99,11.02,12.348999999999993,13.532738146720256,11.16526185327973,24.66716526348985,33.91862909267049,0,0,,,,10.096022222222217,10.196982444444439,9.995061999999995,,-8.365208714452322,-10.7620050206494,-6.870616073692226,0,42.10553077672489,60.131583630599955,,,,,-0.2647659561860638,0.26033902328659053,0.5251049794726543,-0.842428318707619,42.10553077672489,,,,,,,,,6.659925624958535,37.59827024543577,-18.799135122717885,0
2024-01-16,10.92,11.0256,10.62,10.93,12.290999999999993,13.624070140690558,10.957929859309429,21.913292482522348,27.2379256024164,0,0,,,,10.100377777777771,10.20138155555555,9.999373999999992,,-7.724778387505571,-11.073142950126059,-8.182123655913976,0,41.23968699184904,57.86224002618263,,,,,-0.2947204942941635,0.15670436160494994,0.45142485589911346,-0.8705129647046395,41.23968699184904,,,,,,,,,3.1077941403113236,37.57575726800553,-18.787878634002766,0
2024-01-17,10.71,10.74,10.52,10.65,12.238999999999994,13.733187404578395,10.744812595421593,18.365324643837805,21.648594129949984,0,0,,,,10.10286666666666,10.203895333333326,10.001837999999994,,-8.763813929581389,-12.983086853501058,-10.866229599665234,0,38.58153330998175,55.4151641796867,,,,,-0.3200301832618172,0.05138712682184199,0.3714173100836592,-0.8908987770424962,38.58153330998175,38.58153330998175,,38.58153330998175,,,,,,0.0214453194932603,37.546298961854845,-18.773149480927422,0
2024-01-18,10.76,10.825,10.53,10.67,12.175999999999991,13.816114630140492,10.535885369859491,18.592986861839226,19.623867996066444,0,0,,,,10.10766666666666,10.208743333333326,10.006589999999994,,-7.706945765937512,-12.368593955321883,-10.977000305920981,0,38.88455405288779,52.84570745191359,,,,,-0.32122708238755554,-0.030116542900785248,0.2911105394867703,-0.8894797878371608,38.88455405288779,,,,,,,,,-0.8472087173701993,37.51531798755747,-18.757658993778733,0
2024-01-19,10.68,10.75,10.38,10.71,12.052999999999994,13.744651264297884,10.361348735702103,18.68921982904936,18.54917711157545,1,0,,,,10.112066666666662,10.213187333333329,10.010945999999995,,-6.331992303656076,-11.142454160789795,-10.687977762334967,0,39.52716540548681,50.426931925673635,,,,,-0.3052393137781228,-0.09043860273588322,0.21480071104223958,-0.8808508740806213,39.52716540548681,,,,,,,,,-1.3220848054160608,37.483613639061836,-18.741806819530918,0
2024-01-22,10.81,11.17,10.81,10.99,11.971499999999994,13.702629977789291,10.240370022210696,24.24394904338623,20.50871857809159,0,0,,,,10.116155555555551,10.217317111111106,10.014993999999996,,-3.1205923836392646,-8.198638432944861,-8.281636854257668,0,43.968489466578866,48.87057458016268,,,,,-0.2633066921477585,-0.11433265414245852,0.14897403800529996,-0.8458714794229207,43.968489466578866,,,,,,,,,-0.09217551590797417,37.45413717519541,-18.727068587597707,0
2024-01-23,11.16,11.3,10.8725,10.95,11.874499999999994,13.606302240442247,10.142697759557741,26.92821424507509,23.287127705836877,0,0,,,,10.121577777777771,10.22279355555555,10.020361999999993,,-2.2059480217919036,-7.785590972251422,-8.480525993202226,0,43.477241504771975,47.68341821116973,,,,,-0.2271320398042212,-0.13494101174997652,0.09219102805424466,-0.81366472772741,43.477241504771975,,,,,,,,,0.8956999760617661,37.42667981467646,-18.71333990733823,0
2024-01-24,11.1,11.225,10.73,10.81,11.767499999999995,13.484658990891825,10.050341009108164,28.995929975241232,26.722697754567502,0,0,,,,10.126866666666661,10.228135333333327,10.025597999999995,,-2.2427202025686155,-8.13681750584232,-9.418468241997658,0,41.720291988553925,46.91538444057617,,,,,-0.2023267926298557,-0.16071746273307497,0.041609329896780727,-0.8378722379321648,41.720291988553925,,,,,,,,,1.3003602143514101,37.4001309035735,-18.70006545178675,0
2024-01-25,10.85,10.8984,10.62,10.7,11.655499999999993,13.344114520842709,9.966885479157277,26.63500892728417,27.51971771586682,0,0,,,,10.130422222222217,10.231726444444439,10.029117999999995,,-1.9607843137258496,-8.197846510231166,-10.086552197417454,0,40.340886125418145,45.90338504411341,,,,,-0.1835723267977183,-0.18785607860036713,-0.0042837518026488455,-0.8331264898715994,40.340886125418145,,,,,,,,,0.5214311446102823,37.37200852148065,-18.686004260740326,0
2024-01-26,10.76,11.01,10.71,10.79,11.531999999999993,13.089351598066656,9.97464840193333,26.901380560040494,27.510773154188616,0,0,,,,10.135177777777772,10.236529555555549,10.033825999999994,,-0.29569395675511645,-6.434269857786978,-9.116433163938575,0,42.02971131902485,45.0952849918149,,,,,-0.15641158234781238,-0.19979822973741435,-0.04338664738960195,-0.8078774266501083,42.02971131902485,,,,,,,,,0.14799390075638996,37.343213353394276,-18.671606676697138,0
2024-01-29,10.83,11.33,10.76,11.31,11.438499999999994,12.80123658496451,10.075763415035478,34.11928928891676,29.21855959208047,0,0,,,,10.143577777777772,10.24501355555555,10.042141999999993,,4.230024882498951,-1.1233990470778,-4.554277194857804,0,50.71132678730749,44.50927366050343,,,,,-0.09760766734546095,-0.16539623157142813,-0.06778856422596719,-0.621092238912922,50.71132678730749,,,,,50.71132678730749,,50.71132678730749,,1.8276456319359562,37.317969834684924,-18.658984917342462,0
2024-01-30,11.23,11.285,10.95,11.01,11.351999999999995,12.586934816093788,10.117065183906202,35.6428540910748,32.22117464667735,0,0,,,,10.149622222222217,10.251118444444439,10.048125999999995,,1.3905516161705433,-3.0126849894291374,-6.802855449902678,0,46.39450406537181,43.82820680621648,,,,,-0.0741610411768081,-0.16048986569697732,-0.08632882452016921,-0.4477715944204334,46.39450406537181,,,,,,,,,2.906775600218364,37.295315089175425,-18.647657544587712,0
2024-01-31,10.94,11.17,10.7,10.74,11.270499999999995,12.439319489913068,10.101680510086922,34.19869922364019,34.65361420121058,0,0,,,,10.155399999999993,10.256953999999993,10.053845999999993,,-1.1777695988225867,-4.706978394924755,-8.843999320998142,0,42.858419934795464,42.95315950849454,,,,,-0.07202123162347096,-0.1763553640495079,-0.10433413242603695,-0.251312736066512,42.858419934795464,,,,,,,,,2.880595716798053,37.27261462137932,-18.63630731068966,0
2024-02-01,10.79,10.945,10.61,10.91,11.226499999999994,12.379934436801978,10.07306556319801,37.028048912526664,35.62320074241388,0,0,,,,10.163844444444438,10.265482888888883,10.062205999999993,,0.16525890561844836,-2.819222375629038,-7.133129043241415,0,45.6664021765311,42.6789817075203,,,,,-0.05510437126059528,-0.17321459650178106,-0.11811022524118578,0.1811702764316445,45.6664021765311,,,,,,,,,1.8012165013476544,37.247403797042395,-18.623701898521198,0
2024-02-02,10.75,11.0199,10.65,10.92,11.173499999999994,12.280031065989906,10.066968934010081,36.911453932129206,36.04606735609868,0,0,,,,10.172422222222215,10.274146444444437,10.070697999999993,,0.06414368184697317,-2.268760907504308,-6.450783860190201,0,45.835017283573904,42.94537360086666,,,,,-0.03989758370561247,-0.16798220487320137,-0.1280846211675889,0.33458324574144216,45.835017283573904,,,,,,,,,1.6796823384757669,37.221960930418405,-18.610980465209202,0
2024-02-05,10.82,10.88,10.51,10.56,11.106999999999994,12.192966850323128,10.02103314967686,36.43186197708789,36.79045494058125,0,0,,,,10.17886666666666,10.280655333333327,10.077077999999995,,-2.8518859245633577,-4.9248221842081,-8.999511676672501,0,40.912662160980496,42.92201468437605,,,,,-0.05008140253747434,-0.1906863743394318,-0.14060497180195747,0.16688538072592166,40.912662160980496,40.912662160980496,40.912662160980496,40.912662160980496,,,,,,1.240948867476886,37.195616195919214,-18.597808097959607,0
2024-02-06,10.57,10.8,10.535,10.78,11.024999999999995,11.935505354185624,10.114494645814366,39.64593381448452,37.66308324123387,0,0,,,,10.185888888888883,10.287747777777772,10.084029999999993,,-0.6726250806232348,-2.222222222222181,-6.5371943818276375,0,44.813125540952825,43.3671284151597,,,,,-0.03851731828264229,-0.18875161965526033,-0.15023430137261803,-0.0014728399522057698,44.813125540952825,,,,,,,,,0.9142673965473649,37.16864445033962,-18.58432222516981,0
2024-02-07,10.84,11.08,10.64,11,10.964999999999993,11.69890735110154,10.231092648898446,44.085627381167015,40.054474390913136,0,0,,,,10.193399999999993,10.295333999999993,10.091465999999993,,1.1773362766736684,0.31919744642050496,-4.089284157293571,0,48.475952773217806,44.0522283237547,,,,,-0.013840489345731066,-0.16753491305478185,-0.1536944237090508,-0.03395986617462875,48.475952773217806,,,,,,,,,1.2034934600707643,37.14231267595303,-18.571156337976515,0
2024-02-08,11.05,11.34,11,11.22,10.918999999999993,11.435755261222239,10.402244738777748,57.94966988579655,47.22707702714936,0,0,,,,10.202422222222214,10.304446444444437,10.100397999999991,,2.7096301720977767,2.7566626980493503,-1.6795676938805348,0,51.9130554228825,44.93693475356868,,,,,0.017793099047290928,-0.1314530498999371,-0.14924614894722804,0.06764657862479212,51.9130554228825,,,,,,,,,3.2791423802883073,37.120773058437294,-18.560386529218647,0
2024-02-09,11.4,11.6,11.25,11.55,10.910999999999994,11.38139982993277,10.440600170067219,64.0574980736124,55.36426511352531,0,0,,,,10.214644444444437,10.316790888888882,10.112497999999992,,4.999999999999627,5.856475116854609,1.7202912165335649,0,56.590836497110196,45.8385309700352,,,,,0.0591081534650289,-0.07536095711594193,-0.13446911058097083,0.3867172634978684,56.590836497110196,,,,,,,,,5.65606673417954,37.10577788280874,-18.55288894140437,0
2024-02-12,11.73,12.13,11.65,12.01,10.960499999999993,11.631811403151271,10.289188596848714,74.80367982983068,65.60361592974654,0,0,,,,10.226511111111101,10.328776222222212,10.12424599999999,,8.491418247515426,9.575293097942694,6.136035584882293,0,62.12213144475742,47.1703088228913,,,,,0.11248713666162442,0.006139810246059696,-0.10634732641556473,0.592058923684652,62.12213144475742,,,,,,,,,8.697978385761623,37.10080966783132,-18.55040483391566,0
2024-02-13,11.61,11.935,11.43,11.84,11.005999999999993,11.778590447780045,10.23340955221994,74.86211838085042,71.24109876143116,0,0,,,,10.239444444444436,10.34183888888888,10.137049999999991,,6.159777638303243,7.577684899145987,4.911835071034032,0,59.123774551585505,48.41341472025071,,,,,0.13016783305252663,0.056362464900093556,-0.07380536815243308,0.6793353263403209,59.123774551585505,,,,,,,,,10.414564704988685,37.10224715812882,-18.55112357906441,0
2024-02-14,13.648,13.9,12.765,13.38,11.142499999999993,12.416939092307253,9.868060907692733,83.463217243932,77.70967181820437,0,0,,,,10.260822222222213,10.363430444444436,10.15821399999999,,17.193658579311165,20.080771819609676,18.20484127451558,0,72.20933645854325,50.68973260118821,,,,,0.23337820985001936,0.21791739416009115,-0.015460815689928221,0.7013471583045348,72.20933645854325,,,,,,,,,15.339636786688414,37.12554772377998,-18.56277386188999,0
2024-02-15,13.4,13.545,13.04,13.42,11.279999999999992,12.87415181209348,9.685848187906505,85.15766537259293,81.16100033245844,0,0,,,,10.28188888888888,10.384707777777768,10.17906999999999,,15.015426808364385,18.971631205673845,17.991852524838038,0,72.4559817572531,52.86303763249024,,,,,0.28852806296801187,0.34519926302008663,0.05667120005207476,0.7690646984773809,72.4559817572531,,,,,,,,,18.85220524276317,37.167223131274426,-18.583611565637213,0
2024-02-16,13.38,14.355,13.32,14,11.444499999999993,13.40607564218177,9.482924357818215,88.81965950391069,85.8135140401452,0,0,,,,10.305844444444437,10.408902888888882,10.202785999999993,,16.900467601870027,22.329503254838645,22.366925968009753,0,75.80862379667794,54.65570170458812,,,,,0.34446738914231595,0.4872554364799697,0.14278804733765377,0.8665947802802192,75.80862379667794,,,,,,,,,24.46496376547807,37.243435391133076,-18.621717695566538,0
2024-02-20,14,14.235,13.68,14.09,11.599499999999992,13.860052808496379,9.338947191503605,90.26241001698564,88.07991163116309,0,0,,,,10.329933333333324,10.433232666666658,10.22663399999999,,14.283396869169884,21.470753049700498,22.3692209709637,0,76.29087640902563,56.791156871991966,,,,,0.3659133436911698,0.600179726951616,0.23426638326044624,0.9192908491122,76.29087640902563,,,,,76.29087640902563,,76.29087640902563,,25.977117576106185,37.32925941416113,-18.664629707080564,0
2024-02-21,13.762,13.89,13.39,13.59,11.731499999999992,14.12909275107365,9.333907248926334,85.7090243910936,88.2636979706633,0,1,,,,10.34988888888888,10.45338777777777,10.246389999999991,,7.771609833465165,15.841963943229853,17.628390075014423,0,68.1613645650692,58.59851005986866,,,,,0.3261288765982834,0.6419274790083005,0.3157986024100171,0.9330006824651018,68.1613645650692,,,,,,,,,25.929235242347744,37.41375118225524,-18.70687559112762,0
2024-02-22,13.71,14.09,13.5949,13.97,11.889499999999993,14.435268842609421,9.343731157390565,87.55593600577508,87.84245680461811,0,0,,,,10.369933333333323,10.473632666666656,10.26623399999999,,8.235841016502343,17.49863324782379,20.303125986738245,0,70.7154136187772,60.38772516288624,,,,,0.305468165437157,0.6976338092064633,0.39216564376930635,0.9494505055354139,70.7154136187772,,,,,,,,,25.473976305261914,37.49410112810123,-18.747050564050614,0
2024-02-23,14.04,14.5,14.01,14.48,12.078499999999993,14.798281425041512,9.358718574958473,91.68366210855412,88.3162075018076,0,0,,,,10.391133333333324,10.495044666666656,10.287221999999991,,9.42341116904677,19.882435732913926,23.86302072937754,0,73.75800040832296,62.38222395751118,,,,,0.3054769951820193,0.7740118877468305,0.4685348925648112,0.9624328228927417,73.75800040832296,,,,,,,,,26.282045978579504,37.5791395289996,-18.7895697644998,0
2024-02-26,14.71,15.61,14.68,15.59,12.318499999999993,15.36823621810165,9.268763781898336,94.56104769035667,91.2668819348953,0,0,,,,10.417044444444434,10.521214888888878,10.31287399999999,,14.321331671188343,26.557616592929413,31.89881271327448,0,78.89706644603152,65.09539569215768,,,,,0.35603498428832425,0.9135786229252165,0.5575436386368923,0.9626846574060602,78.89706644603152,,,,,,,,,31.66411975109041,37.703724186057016,-18.851862093028508,0
2024-02-27,15.89,16.29,15.55,16.25,12.565499999999993,16.02162195965377,9.109378040346217,96.1354756523035,94.12672848373809,0,0,,,,10.445888888888877,10.550347777777766,10.341429999999988,,15.567882796386856,29.32235088138164,35.484408871102225,0,81.24848180132966,67.69792113932746,,,,,0.406096449384746,1.0651642003678248,0.6590677509830788,0.9617598994153433,81.24848180132966,,,,,81.24848180132966,,81.24848180132966,,37.58925191726728,37.877820593763225,-18.938910296881613,0
2024-02-28,16.06,16.53,15.9,16.13,12.821499999999991,16.528230500050025,9.114769499949956,94.9282518744694,95.20825840570986,0,1,,,,10.474244444444434,10.578986888888878,10.36950199999999,,11.31815044858493,25.804313067893858,32.56807846145415,0,79.51367803940323,69.91490151548356,,,,,0.4025190443972462,1.1622165564796365,0.7596975120823903,0.9626921437664682,79.51367803940323,,,,,,,,,41.43700281977372,38.08623951335634,-19.04311975667817,0
2024-02-29,16.17,16.51,15.66,16.31,13.099999999999994,16.97259602850605,9.22740397149394,94.13173244002108,95.06515332226466,0,0,,,,10.502244444444433,10.607266888888876,10.397221999999989,,10.329432456199395,24.503816793893172,32.00064745872451,0,80.19672119664358,71.9351633564665,,,,,0.3837372451014541,1.239369068459208,0.8556318233577539,0.9612826687157743,80.19672119664358,,,,,,,,,42.55654243317512,38.30290170167263,-19.151450850836316,0
2024-03-01,16.3,16.6,16.125,16.58,13.383499999999994,17.400759140259794,9.366240859740193,95.28265919268773,94.7808811690594,0,0,,,,10.531577777777766,10.636893555555544,10.426261999999989,,9.808596595800756,23.883886875630477,32.07998088106427,0,81.20880061748576,73.69358936506475,,,,,0.3612791739057687,1.3072307907399647,0.945951616834196,0.9590696997807449,81.20880061748576,,,,,,,,,42.675928041350424,38.51775924299566,-19.25887962149783,0
2024-03-04,17.0699,17.22,16.54,16.63,13.668999999999993,17.756360517497928,9.581639482502059,94.1199749043379,94.5114555123489,0,1,,,,10.561222222222211,10.666834444444433,10.45560999999999,,8.254133576356981,21.662155241788028,30.42796266764267,0,81.39839213419134,75.07046512859574,,,,,0.3228308615502522,1.3494901937720112,1.026659332221759,0.9533393486425972,81.39839213419134,,,,,81.39839213419134,,81.39839213419134,,43.34680139740414,38.73632355225579,-19.368161776127895,0
2024-03-05,16.3,16.33,15.66,15.93,13.937499999999995,17.875442990953633,9.999557009046356,84.71585712725317,91.37283040809292,0,0,,,,10.587533333333322,10.693408666666656,10.481657999999989,,2.470088768814871,14.295964125560578,23.344947735191667,0,70.65116458352487,75.89385013087713,,,,,0.2277766551860132,1.3113801512042755,1.0836034960182623,0.9210244317229385,70.65116458352487,70.65116458352487,,70.65116458352487,,,,,,41.56133843751409,38.93452703595004,-19.46726351797502,0
2024-03-06,16.1,16.59,15.77,16.4,14.2185,18.014599445483505,10.422400554516496,83.32493172442578,87.3869212520056,0,0,,,,10.615666666666655,10.721823333333322,10.509509999999988,,3.6203955266317145,15.342687343953276,25.222702977856983,0,73.20890025554819,75.9652475449489,,,,,0.17637338725776797,1.3040702300904723,1.1276968428327043,0.9039055260052854,73.20890025554819,,,,,,,,,40.34482860053464,39.11872817843466,-19.55936408921733,0
2024-03-07,16.62,16.62,16.13,16.36,14.486500000000001,18.08768466618974,10.885315333810263,80.14550015584383,82.72876300250759,0,0,,,,10.643933333333322,10.750372666666655,10.53749399999999,,1.829951450267675,12.932730473199161,23.177312084326786,0,72.62877692036335,75.97759005659964,,,,,0.12207532695343493,1.280291001524498,1.158215674571063,0.8699176781135787,72.62877692036335,,,,,,,,,39.028874832871,39.288663967651075,-19.644331983825538,0
2024-03-08,16.58,17.62,16.57,17,14.7755,18.205365740812645,11.345634259187353,81.92032812364585,81.79692000130514,0,0,,,,10.675577777777768,10.782333555555546,10.56882199999999,,4.179433754136541,15.055328076884035,26.00370599135269,0,75.91706948750408,75.98533617737293,,,,,0.11192703794624448,1.2981244720038685,1.186197434057624,0.8657731768592791,75.91706948750408,,,,,,,,,41.46755538219811,39.478559594455525,-19.739279797227763,0
2024-03-11,16.99,17.48,16.76,16.86,15.041,18.245727133470194,11.836272866529807,79.64449293771952,80.57010707240306,0,0,,,,10.706777777777768,10.813845555555545,10.599709999999991,,2.523563393128603,12.09361079715443,23.11961442967725,0,73.82763879303346,75.80939063337348,,,,,0.07995007820613687,1.286135031815295,1.2061849536091582,0.841498875433924,73.82763879303346,,,,,,,,,42.13937154505939,39.672222205060244,-19.836111102530122,0
2024-03-12,16.88,16.9,16.19,16.39,15.26,18.193428028774548,12.326571971225452,74.05033680549026,78.53838595561855,0,0,,,,10.73597777777777,10.843337555555546,10.628617999999992,,-0.41922352512302474,7.404980340760159,18.22553498437125,0,67.14627715210759,75.73688438959051,,,,,0.014725564150963155,1.224591908797862,1.209866344646899,0.7619320183128876,67.14627715210759,67.14627715210759,,67.14627715210759,,,,,,41.57131220922796,39.8581308926158,-19.9290654463079,0
2024-03-13,16.31,17.36,16.23,17.16,15.526,18.11534277375558,12.93665722624442,76.45114306880996,76.71532427067325,0,0,,,,10.76899999999999,10.87668999999999,10.66130999999999,,3.610675039246458,10.524281849800342,21.97606918611539,0,71.66976769735302,75.80505253806021,,,,,0.011181644562970217,1.2238434003506118,1.2126617557876416,0.7506169947726495,71.66976769735302,,,,,,,,,41.40729041244992,40.040167194032094,-20.020083597016047,0
2024-03-14,19.12,19.23,17.745,18.05,15.7595,18.374774173007527,13.144225826992471,79.23820313359569,76.5798943359653,0,0,,,,10.806377777777767,10.914441555555545,10.69831399999999,,7.851338432122401,14.534090548558032,26.11794298490777,0,75.81475784618944,75.9519637836221,,,,,0.05411633918451564,1.2803071797682861,1.2261908405837705,0.7683833522383127,75.81475784618944,,,,,,,,,43.551612714963625,40.23955519068676,-20.11977759534338,0
2024-03-15,17.82,18.36,17.5,18.15,15.996,18.577506536888897,13.414493463111103,79.71631717909762,78.46855446050108,0,0,,,,10.845266666666657,10.953719333333323,10.73681399999999,,7.440951873557089,13.46586646661665,24.713696747595048,0,76.23548162721396,75.761850582278,,,,,0.07339292461436453,1.3179319963517262,1.2445390717373617,0.7748731002610603,76.23548162721396,,,,,,,,,47.164705824046514,40.47109231725946,-20.23554615862973,0
2024-03-18,18.1,18.41,17.83,18.21,16.2065,18.78922937025936,13.623770629740639,81.06073260915598,80.00508430728308,0,0,,,,10.885799999999989,10.994657999999989,10.77694199999999,,6.797255292944704,12.362323758985605,23.07103111131137,0,76.49963560258705,75.4226472823678,,,,,0.07411057120155151,1.3371772857393012,1.2630667145377497,0.82824616533168,76.49963560258705,,,,,76.49963560258705,76.49963560258705,76.49963560258705,,48.77776223763766,40.715591965285235,-20.357795982642617,0
2024-03-19,17.72,17.83,16.6952,17.24,16.363999999999997,18.79072124480757,13.937278755192425,70.53443311157406,77.10382763327587,0,0,,,,10.923222222222211,11.032454444444433,10.81398999999999,,0.3375625654755021,5.353214373013948,14.787935281976171,0,64.0956355500841,74.32135853313072,,,,,-0.002742892466391922,1.2596380989547598,1.2623809914211517,0.7787983932102404,64.0956355500841,64.0956355500841,,64.0956355500841,,,,,,45.85839255119598,40.92812038020947,-20.464060190104735,0
2024-03-20,17.24,18.57,17.12,18.56,16.6125,18.86359639953516,14.361403600464842,75.47470124033251,75.68995565368749,0,0,,,,10.9665111111111,11.07617622222221,10.856845999999988,,6.678928612484181,11.723100075244531,21.479218937493183,0,70.9892658976377,73.6636831546303,,,,,0.02196106206889681,1.2898323190072727,1.2678712569383759,0.8205460459415027,70.9892658976377,,,,,,,,,46.286782367291586,41.14190582782222,-20.57095291391111,0
2024-03-21,18.66,19.415,18.4,19.09,16.8685,19.02171410918658,14.715285890813421,80.65929895571234,75.55614443587295,0,0,,,,11.01202222222221,11.122142444444433,10.901901999999987,,8.030105823099998,13.169517147345644,22.781065088757412,0,73.21313517953725,73.09256419477684,,,,,0.05855820860306693,1.3410690176922095,1.2825108090891426,0.8736300934502231,73.21313517953725,,,,,,,,,47.91609466905771,41.36847868566672,-20.68423934283336,0
2024-03-22,18.64,18.946,18.24,18.3,17.0595,18.99838086276604,15.120619137233959,75.76262417394419,77.29887478999633,0,0,,,,11.054155555555543,11.164697111111098,10.943613999999988,,2.803213302623453,7.271608194847445,15.940192600101376,0,65.19126135678033,71.93491199639034,,,,,0.016318512335644186,1.3029089495086978,1.2865904371730537,0.8906599737906064,65.19126135678033,,,,,,,,,50.05718609445694,41.613043226652465,-20.806521613326233,0
2024-03-25,18.4,19.1,18.37,19.08,17.234,19.239506419835156,15.228493580164846,79.9658783423269,78.79593382399446,0,0,,,,11.101355555555543,11.212369111111098,10.990341999999988,,5.864728402596664,10.711384472554242,18.98971000935452,0,68.82344007306342,71.8043602456431,,,,,0.027036224002989773,1.3203857171767908,1.293349493173801,0.8901119353828784,68.82344007306342,,,,,,,,,50.665664115338046,41.86031336245634,-20.93015668122817,0
2024-03-26,19.32,19.6099,19.162,19.28,17.3855,19.52414887253616,15.246851127463842,81.46112947753703,79.06321066460269,0,0,,,,11.149799999999985,11.261297999999984,11.038301999999986,,5.286151157710806,10.897011877714192,18.44692005242463,0,69.69659328156382,71.55348117607278,,,,,0.0333089068149679,1.3349856266925109,1.301676719877543,0.8961679754559355,69.69659328156382,,,,,,,,,50.43822211009734,42.10193110922536,-21.05096555461268,0
2024-03-27,20.53,20.55,19.62,20.01,17.5795,19.921639833571106,15.237360166428891,82.87715408228644,81.43472063405011,0,0,,,,11.201044444444431,11.313054888888875,11.089033999999987,,7.5979996773673175,13.82576296254161,20.908779633023865,0,72.70179669329728,71.5586968741395,,,,,0.0702141513438348,1.3894444090573366,1.3192302577135018,0.8987716773134309,72.70179669329728,,,,,,,,,53.8542879076228,42.3747252600264,-21.1873626300132,0
2024-03-28,20.01,20.54,19.88,20.13,17.7705,20.284138597730532,15.256861402269463,83.57136838592139,82.63655064858159,0,0,,,,11.251177777777762,11.36368955555554,11.138665999999985,,7.04599840467961,13.277623026926655,20.002384548128127,0,73.17277535755773,71.36267586485761,,,,,0.08529585102173032,1.4258500714906646,1.3405542204689342,0.9175444912710651,73.17277535755773,,,,,,,,,55.461722070081755,42.66038640930336,-21.33019320465168,0
2024-04-01,19.98,20.15,19.37,19.41,17.912,20.460023547771975,15.363976452228023,78.2988595905823,81.58246068626335,0,0,,,,11.29784444444443,11.410822888888873,11.184865999999985,,2.530241402989808,8.363108530594033,14.349115330989948,0,65.83354764689562,70.7916693544192,,,,,0.03210712385601977,1.380688125288959,1.3485810014329391,0.8931048244312049,65.83354764689562,,,,,,,,,54.6437142536422,42.93344805905313,-21.466724029526564,0
2024-04-02,18.37,19.33,18.03,19.2,18.0405,20.576137789590657,15.504862210409348,67.37272209371314,76.41431669007225,0,0,,,,11.342688888888874,11.456115777777763,11.229261999999986,,0.8933263268523284,6.427205454394258,11.968586590984188,0,63.822842187593324,70.55428114266817,,,,,-0.028610113351935862,1.3128183597430194,1.3414284730949553,0.8360923621286094,63.822842187593324,,,,,,,,,51.70707406304657,43.1734235134766,-21.5867117567383,0
2024-04-03,18.92,19.54,18.86,19.21,18.2045,20.592926050770764,15.816073949229237,63.04295659600487,69.57151276010008,0,0,,,,11.387755555555541,11.501633111111097,11.273877999999986,,-0.08841732979664174,5.523359608887923,10.922914060244459,0,63.879416767898164,69.99782750484998,,,,,-0.07675808262253092,1.2454808698167916,1.3222389524393225,0.7595214491133035,63.879416767898164,,,,,,,,,48.65200935131349,43.38156763175201,-21.690783815876006,0
2024-04-04,19.25,19.29,18.3,18.45,18.307,20.548286237855525,16.065713762144473,52.02215635493401,60.812611681550656,0,0,,,,11.426866666666653,11.541135333333319,11.312597999999987,,-3.986261448792683,0.7811219752007492,5.547186361816148,0,56.63105554026926,68.6275630544271,,,,,-0.16346853609000078,1.1179032823268216,1.2813718184168224,0.5792194971865472,56.63105554026926,,,,,,,,,45.57473816910143,43.56003470197989,-21.780017350989944,0
2024-04-05,18.23,18.825,17.87,18.4,18.409,20.464557345344737,16.35344265465526,47.37302181519661,54.14604492204514,0,0,,,,11.469799999999985,11.584497999999986,11.355101999999984,,-3.9013944743301776,-0.04888913031669828,4.379396414794656,0,56.17941058860802,67.19498655166953,,,,,-0.22412058314903627,1.0012210894805271,1.2253416726295634,0.38365856559235306,56.17941058860802,,,,,,,,,43.007435399320265,43.71515023868134,-21.85757511934067,0
2024-04-08,18.88,19.1,18.44,18.56,18.487,20.438533755793326,16.53546624420667,47.41333039882091,48.936169522983825,0,0,,,,11.513844444444429,11.628982888888872,11.398705999999985,,-3.197204402023679,0.39487207226700516,4.48097275388426,0,57.35155301732232,65.82726636700777,,,,,-0.2513477198312575,0.9111570228404915,1.162504742671749,0.21156065373252922,57.35155301732232,,,,,,,,,40.84212867371261,43.85154839621903,-21.925774198109515,0
2024-04-09,18.66,18.75,18.0001,18.3,18.558999999999997,20.366018538920088,16.751981461079907,43.53303319473431,46.10646180291726,0,0,,,,11.558066666666651,11.673647333333317,11.442485999999985,,-4.163393558523188,-1.3955493291664234,2.496126057166359,0,54.7869658204758,65.16236138632146,,,,,-0.2824280252493301,0.8094697111100864,1.0918977363594164,-0.24876504772512376,54.7869658204758,54.7869658204758,,54.7869658204758,,,,,,40.05478294630951,43.98047963075933,-21.990239815379667,0
2024-04-10,17.68,18.44,17.59,18.34,18.656499999999998,20.171746184618495,17.1412538153815,41.67020933616409,44.205524309906416,0,0,,,,11.601977777777762,11.71799755555554,11.485957999999984,,-3.4787642755644277,-1.6964596789322606,2.320910511046659,0,55.11947340640806,64.02880477980506,,,,,-0.29450513147080737,0.7237663220209072,1.0182714534917146,-0.46916813897811604,55.11947340640806,,,,,,,,,39.54991571295367,44.104245632443074,-22.052122816221537,0
2024-04-11,17.7,19.0489,17.7,19,18.7485,20.10415888039748,17.39284111960252,42.013388500343886,42.405543677080736,0,0,,,,11.648111111111096,11.764592222222207,11.531629999999984,,0.5291005291005346,1.3414406485852126,5.440352207773014,0,60.30657872582862,63.10690789025444,,,,,-0.25380011039056627,0.7010213155035068,0.954821425894073,-0.44232027181169437,60.30657872582862,,,,,,,,,40.24377793020271,44.23171669901155,-22.115858349505775,0
2024-04-12,18.85,18.89,17.83,17.97,18.744499999999995,20.108823641956445,17.380176358043546,35.12434624524507,39.602648027251,0,0,,,,11.69033333333332,11.807236666666654,11.573429999999988,,-3.82145150931279,-4.131878684414081,-0.5809128630705374,0,50.4977505435163,62.05737140359272,,,,,-0.2894194890060122,0.5930470646365578,0.88246655364257,-0.7494898904106755,50.4977505435163,,,,,,,,,38.994374427319435,44.34872155151106,-22.17436077575553,0
2024-04-15,18.08,18.26,16.975,17.19,18.696499999999997,20.201415612252397,17.191584387747596,27.827486050993457,34.98840693219412,0,0,,,,11.727799999999986,11.845077999999987,11.610521999999985,,-6.889827754306133,-8.05765785039978,-5.003131562465435,0,44.58387344541103,60.32597378733184,,,,,-0.35439623450271895,0.4394712605141713,0.7938674950168902,-0.849759017018057,44.58387344541103,,,,,,,,,35.643569399167916,44.44157625857289,-22.220788129286444,0
2024-04-16,17.13,17.58,16.84,17.31,18.6515,20.262031278802322,17.040968721197675,26.4351424272393,29.79565824115926,0,0,,,,11.76615555555554,11.883817111111096,11.648493999999985,,-5.270070595961274,-7.192451009302204,-4.459653383375651,0,45.63865322709642,58.607549497727014,,,,,-0.37612378230465426,0.32371276713607244,0.6998365494407267,-0.9032208474769833,45.63865322709642,,,,,,,,,31.01528481888631,44.50499011674745,-22.252495058373725,0
2024-04-17,17.38,17.45,16.46,17.08,18.643499999999996,20.283320416997327,17.003679583002665,22.20437641313219,25.489001630454965,0,0,,,,11.80384444444443,11.921882888888874,11.685805999999985,,-5.426356589147307,-8.386300855526041,-5.92814261322957,0,43.913395723884015,56.55123514276893,,,,,-0.39108349706314527,0.2109821781117951,0.6020656751749404,-0.9040577733691927,43.913395723884015,,,,,,,,,28.43506438743242,44.55342828103774,-22.27671414051887,0
2024-04-18,17.187,17.595,16.89,17.08,18.569499999999998,20.34562471408987,16.793375285910127,21.4881050753177,23.375874638563044,0,0,,,,11.841533333333318,11.959948666666651,11.723117999999985,,-4.703453662891299,-8.021217587980288,-6.04543704274163,0,43.913395723884015,54.46127945464938,,,,,-0.3854476311413968,0.12025613624819442,0.5057037673895912,-0.9014160020801371,43.913395723884015,,,,,,,,,27.865263306708645,44.59832728878542,-22.29916364439271,0
2024-04-19,16.89,17.23,16.5001,16.63,18.446499999999997,20.39387027809319,16.499129721906804,18.41048755477535,20.70098968107506,0,0,,,,11.87624444444443,11.995006888888874,11.757481999999985,,-6.288741124760522,-9.84739652508605,-8.566087530239718,0,40.444180899937066,52.64775325843805,,,,,-0.39503773125495967,0.011906603320891662,0.40694433457585133,-0.9055306688523145,40.444180899937066,40.444180899937066,,40.444180899937066,,,,,,25.900887045804495,44.63282809439687,-22.316414047198435,0
2024-04-22,16.94,17.345,16.67,17.19,18.391,20.413719950957244,16.368280049042752,22.516479609066586,20.805024079719857,1,0,,,,11.912999999999984,12.032129999999984,11.793869999999984,,-2.379465046283158,-6.530368114838769,-5.520033710129535,0,46.14598694317652,51.3851207409797,,,,,-0.3483122316553424,-0.028445954993326694,0.3198662766620157,-0.8818691217768883,46.14598694317652,,,,,,,,,25.899634033961764,44.666908240625915,-22.333454120312958,0
2024-04-23,17.13,17.82,17.05,17.62,18.317999999999994,20.34136946700333,16.29463053299666,29.76466823829127,23.563878467377716,0,0,,,,11.951666666666652,12.071183333333318,11.832149999999986,,0.4503734108659563,-3.810459657167775,-3.2913152454307704,0,50.09676008311066,50.40064526349488,,,,,-0.2762410553332476,-0.02543504250454376,0.25080601282870385,-0.790631504877147,50.09676008311066,,,,,50.09676008311066,,50.09676008311066,,26.96017458778528,44.70579621998092,-22.35289810999046,0
2024-04-24,17.67,17.89,17.08,17.31,18.219499999999996,20.237751470952308,16.201248529047685,30.51456463799466,27.598570828450818,0,0,,,,11.988511111111096,12.108396222222208,11.868625999999985,,-0.7340291317811665,-4.991904278383041,-5.152417307446444,0,47.39719040604465,49.74108346819312,,,,,-0.23865725200578228,-0.04751555217852399,0.1911416998272583,-0.7619479637866283,47.39719040604465,,,,,,,,,28.37505526673895,44.75144050344537,-22.375720251722687,0
2024-04-25,16.89,17.26,16.57,17.12,18.074999999999996,19.9698403626694,16.18015963733059,30.88532543847014,30.38818610491867,0,0,,,,12.023088888888873,12.143319777777762,11.902857999999984,,-0.7536231884057942,-5.283540802212972,-6.186640363855556,0,45.769261635711835,48.99750140012911,,,,,-0.21645760320378352,-0.0794303041774711,0.13702729902631242,-0.7418351564107281,45.769261635711835,,,,,,,,,27.943606218542673,44.79435282125032,-22.39717641062516,0
2024-04-26,17.12,17.9,16.92,17.88,17.9625,19.606517943941252,16.318482056058745,38.110399166950515,33.17009641447175,0,0,,,,12.062422222222208,12.18304644444443,11.941797999999986,,3.706281538193834,-0.45929018789143683,-1.9915951032340784,0,52.75879863411205,48.66944751561409,,,,,-0.14394405540177327,-0.04290277022590416,0.1010412851758691,-0.5493669001392869,52.75879863411205,,,,,52.75879863411205,,52.75879863411205,,28.298298793166794,44.83859573553568,-22.41929786776784,0
2024-04-29,17.71,18.29,17.3,17.34,17.858999999999998,19.381627991336295,16.3363720086637,37.91317073340001,35.63629844627353,0,0,,,,12.098955555555541,12.219945111111096,11.977965999999986,,0.48678720445063384,-2.9060977658323495,-4.810701019231834,0,48.02276375610202,48.18629022530167,,,,,-0.12633089579131113,-0.05687233456326979,0.06945856122804132,-0.4607293851516169,48.02276375610202,,,,,,,,,28.09327984287171,44.881295318514255,-22.440647659257127,0
2024-04-30,17.14,17.3,16.47,16.49,17.723499999999998,19.22687320715805,16.220126792841945,31.427879351084883,35.81714975047844,0,0,,,,12.130466666666653,12.25177133333332,12.009161999999986,,-3.9827646442296305,-6.959686292210909,-9.191034748609528,0,41.68026595838245,47.22634683615699,,,,,-0.16354708895105036,-0.13497529996077162,0.028571788990278728,-0.4663969058766957,41.68026595838245,41.68026595838245,41.68026595838245,41.68026595838245,,,,,,26.28893131145287,44.91462218245475,-22.457311091227375,0
2024-05-01,16.43,17.35,16.31,16.65,17.595499999999998,19.003739681304506,16.18726031869549,26.507125712547783,31.9493919323442,0,0,,,,12.16224444444443,12.283866888888875,12.040621999999987,,-2.8077753779697567,-5.373533005598019,-8.210518578411573,0,43.20095340488111,46.00451645608931,,,,,-0.16834972651005978,-0.181865369147296,-0.013515642637236223,-0.3461895272596983,43.20095340488111,,,,,,,,,23.047456504641712,44.93292162589274,-22.46646081294637,0
2024-05-02,16.93,17.63,16.76,17.61,17.5535,18.906308559996756,16.200691440003244,34.051191110049004,30.6620653912272,0,0,,,,12.198688888888874,12.320675777777764,12.076701999999985,,2.47905027932962,0.32187313071467827,-2.7483754579091912,0,51.39084948710996,46.06830923777458,,,,,-0.10114657904213512,-0.13994886643990512,-0.03880228739777,0.010285074340673434,51.39084948710996,,,,,,,,,23.471638364476064,44.95275967485346,-22.47637983742673,0
2024-05-03,17.88,18.135,17.63,17.95,17.531,18.841036640709156,16.22096335929084,47.518243133047385,36.0255199852147,0,0,,,,12.236866666666653,12.35923533333332,12.114497999999987,,3.6613536613536946,2.390051908048596,-0.6622516556291647,0,53.92479343394841,46.73551780838439,,,,,-0.03167091859486535,-0.07839093564135169,-0.04672001704648634,0.22023529603752376,53.92479343394841,,,,,,,,,26.770138756376202,44.98731513692632,-22.49365756846316,0
2024-05-06,17.63,18.46,17.48,17.78,17.491999999999997,18.72112326477071,16.262876735229284,52.323606824770145,44.631013689288814,0,0,,,,12.273222222222207,12.39595444444443,12.150489999999985,,2.330935251798616,1.6464669563229117,-1.5085769152649142,0,52.45248193905482,47.22221985923856,,,,,0.003112255921070624,-0.04282969714514806,-0.045941953066218684,0.37180819604623927,52.45248193905482,,,,,,,,,29.1558920535012,45.03332049459704,-22.51666024729852,0
2024-05-07,17.75,18.26,17.67,17.99,17.476499999999994,18.671828825052387,16.281171174947602,58.26936984481554,52.703739934211,0,0,,,,12.30895555555554,12.432045111111096,12.185865999999985,,3.319549735814409,2.938231339226993,-0.1443161634103407,0,54.118959712755064,47.9511887155865,,,,,0.03857107966571492,0.002271896515924965,-0.03629918314978996,0.46767262538388776,54.118959712755064,,,,,54.118959712755064,,54.118959712755064,,29.6424157342796,45.08133454310047,-22.540667271550234,0
2024-05-08,17.6,17.9378,17.37,17.85,17.451999999999998,18.594446497653493,16.309553502346503,58.496856665281996,56.363277778289195,0,0,,,,12.343933333333318,12.467372666666652,12.220493999999984,,2.1985571968396123,2.280540912216389,-0.6585659957332513,0,52.79058209704637,48.58527345652666,,,,,0.050170483494923604,0.026413921218864544,-0.023756562276059056,0.5095366438678471,52.79058209704637,,,,,,,,,28.88323422489238,45.12493483182681,-22.562467415913407,0
2024-05-09,19.042,19.47,17.04,17.3,17.366999999999997,18.26234574327495,16.471654256725046,54.444914093004435,57.07038020103397,0,0,,,,12.37624444444443,12.500006888888874,12.252481999999985,,-1.0523907572637548,-0.38578914032357803,-3.2330238281686907,0,47.824210046084296,49.11241839553718,,,,,0.01992761439350651,0.0011529557158240777,-0.01877465867768243,0.3151946144657986,47.824210046084296,,,,,,,,,27.049392860308846,45.15906193571616,-22.57953096785808,0
2024-05-10,17.42,17.69,16.22,16.23,17.279999999999998,18.258365984691174,16.30163401530882,38.6074060851392,50.516392281141854,0,0,,,,12.403933333333317,12.52797266666665,12.279893999999983,,-6.28789191061837,-6.076388888888873,-8.553076402974991,0,39.95002483733568,48.66984967369142,,,,,-0.06818640383835323,-0.10400766347562396,-0.03582125963727073,-0.053611964827743386,39.95002483733568,39.95002483733568,,39.95002483733568,,,,,,22.02319581905908,45.1708971307435,-22.58544856537175,0
2024-05-13,16.62,17.61,16.57,16.89,17.264999999999997,18.257522040058056,16.272477959941938,40.263912675616695,44.438744284586754,0,0,,,,12.435622222222205,12.559978444444427,12.311265999999984,,-2.222994095171893,-2.1720243266724393,-4.381793478260876,0,45.87025563437347,48.36795649878161,,,,,-0.07739388574588832,-0.13256361681963114,-0.05516973107374282,-0.09077776174604775,45.87025563437347,,,,,,,,,18.833529524870034,45.17067628419373,-22.585338142096866,0
2024-05-14,17.77,18.67,17.65,18.02,17.3005,18.346281525941627,16.25471847405837,53.72904052875735,44.20011976317105,0,0,,,,12.473711111111093,12.598448222222205,12.348973999999982,,3.402765823148002,4.158839339903464,2.243068426826045,0,54.19641092705994,48.85361510742556,,,,,-0.006490909627649685,-0.06328336810830493,-0.05679245848065524,0.05262620670180435,54.19641092705994,,,,,,,,,19.6654931517283,45.17324700178728,-22.58662350089364,0
2024-05-15,18.35,18.5799,17.57,18.52,17.372499999999995,18.538962601201224,16.206037398798767,61.06670709952611,51.68655343463337,0,0,,,,12.513844444444427,12.63898288888887,12.388705999999983,,5.14363574429435,6.605266944884192,5.217308966953871,0,57.324394520313895,49.678981742039994,,,,,0.07071656430482941,0.03160324690038152,-0.039113317404447887,0.20249397621510362,57.324394520313895,,,,,,,,,24.29657929820853,45.19382842307377,-22.596914211536884,0
2024-05-16,18.41,19.24,17.86,17.9,17.4135,18.593521609971877,16.23347839002812,59.986061041765325,58.26060289001624,0,0,,,,12.550599999999983,12.676105999999983,12.425093999999984,,1.4566683670577785,2.7938094007522896,1.8009478672985857,0,52.53359045604174,49.66289544360641,,,,,0.07619127113568556,0.05612577151515907,-0.020065499620526492,0.3645642772535336,52.53359045604174,,,,,,,,,25.973465779690766,45.221479837009134,-22.610739918504567,0
2024-05-17,18.96,20.34,18.45,20.09,17.5865,19.1935752938181,15.979424706181904,76.32518819628865,65.7926521125267,0,0,,,,12.595711111111095,12.721668222222206,12.469753999999984,,12.504900039200372,14.235350979444462,13.89104102496268,0,63.983609883895845,50.802955881305955,,,,,0.21557225607208855,0.2493998204695842,0.03382756439749565,0.5586994467238419,63.983609883895845,,,,,,,,,29.7630220468802,45.26691963405558,-22.63345981702779,0
2024-05-20,19.94,20.89,19.53,20.84,17.769,19.898571787942487,15.639428212057508,81.51454143050849,72.60859688952083,0,0,,,,12.64308888888887,12.76951977777776,12.516657999999982,,14.738754611022454,17.2829084360403,17.63599074265716,0,66.92605065965358,52.60622621711101,,,,,0.33918775170801524,0.4578122540325147,0.11862450232449946,0.6189720420829545,66.92605065965358,,,,,,,,,33.896389807129886,45.33403138502054,-22.66701569251027,0
2024-05-21,21.04,21.21,20.41,20.96,17.936,20.476782556615333,15.395217443384666,83.35143496433737,80.3970548637115,0,0,,,,12.691933333333315,12.818852666666649,12.565013999999982,,13.54279523293609,16.8599464763604,17.724149551607304,0,67.38517182012862,54.333670389628686,,,,,0.4054634098306319,0.6254537646127893,0.21999035478215745,0.6680337958036096,67.38517182012862,,,,,67.38517182012862,,67.38517182012862,,39.64163687731155,45.435378244012554,-22.717689122006277,0
2024-05-22,20.9,21.03,19.59,19.66,18.0535,20.683407032577502,15.423592967422497,77.36073456936187,80.74223698806924,0,0,,,,12.734955555555537,12.862305111111093,12.607605999999981,,5.466444933211778,8.898551527404663,10.150340834811832,0,57.993044876358816,54.80525577457503,,,,,0.3407800733941323,0.6459654465248228,0.3051853731306905,0.7039846339897474,57.993044876358816,,,,,,,,,37.73563968194702,45.523603207132254,-22.761801603566127,0
2024-05-23,19.92,19.94,19.115,19.24,18.1595,20.801230304175725,15.517769695824278,71.09249092780647,77.26822015383523,0,0,,,,12.77308888888887,12.900819777777759,12.64535799999998,,2.1502521900716998,5.950053690905577,7.748884616102569,0,55.3107896864101,54.90425550689372,,,,,0.25278782108501624,0.6211701494869608,0.36838232840194457,0.7216510740015871,55.3107896864101,,,,,,,,,33.40548314388243,45.585663347131025,-22.792831673565512,0
2024-05-24,19.3,20.565,19.0666,20.51,18.291000000000004,21.119235492316726,15.462764507683282,74.38812244858765,74.28044931525199,0,0,,,,12.816599999999978,12.944765999999978,12.688433999999978,,6.473550329647559,12.131649445082271,14.31915723761219,0,61.160530053581,55.52625894364559,,,,,0.26207438841590946,0.6959753139218314,0.43390092550592196,0.7756537517517259,61.160530053581,,,,,,,,,31.66707245933071,45.63777565342146,-22.81888782671073,0
2024-05-28,20.618,20.99,20.05,20.47,18.4475,21.39193118445661,15.503068815543392,72.94055814129213,72.80705717256207,0,0,,,,12.861311111111089,12.9899242222222,12.732697999999978,,4.326996585291298,10.963545195825986,13.40510793891152,0,60.89018268840127,56.009917727620326,,,,,0.2476481579439011,0.7434611229357984,0.49581296499189725,0.8196442863304019,60.89018268840127,,,,,,,,,32.85210188080199,45.69560689532246,-22.84780344766123,0
2024-05-29,20.75,21.14,20.27,21.085,18.677250000000004,21.69112702967459,15.663372970325419,77.05130635182368,74.79332898056782,0,0,,,,12.907066666666646,13.036137333333313,12.777995999999979,,5.808556015556432,12.891351778232863,16.003557772540944,0,63.557409507492984,56.77897682836651,,,,,0.2603515815963715,0.8212524419873617,0.5609008603909902,0.8562325395083125,63.557409507492984,,,,,,,,,36.23700757591653,45.77180182081452,-22.88590091040726,0
2024-05-30,21.3,22.26,20.91,21.84,18.936750000000004,22.09787997992809,15.775620020071914,82.56434653540732,77.51873700950772,0,0,,,,12.95431111111109,13.083854222222202,12.82476799999998,,7.801278412596591,15.331300249514811,19.11752674781153,0,66.57144451043823,58.1180650043918,,,,,0.29773449142234976,0.9330689746689274,0.6353344832465776,0.8693735077981775,66.57144451043823,,,,,,,,,38.260929726820486,45.85930909403754,-22.92965454701877,0
2024-05-31,21.91,22.34,20.165,20.9,19.101250000000004,22.311128307662152,15.891371692337856,79.72757199229918,79.7810749598434,0,0,,,,12.994622222222201,13.124568444444423,12.86467599999998,,1.6561686811449983,9.41692297624499,13.204481236402344,0,59.92605661141738,59.54492441682621,,,,,0.23977681385299232,0.935055500562818,0.6952786867098257,0.8265276498606886,59.92605661141738,,,,,,,,,38.15642262899442,45.94528909922667,-22.972644549613335,0
2024-06-03,21.9,22.4,20.73,21.28,19.267750000000003,22.565741017271034,15.969758982728974,80.23731272855412,80.8430770854202,0,0,,,,13.03613333333331,13.166494666666644,12.905771999999978,,2.908818337887209,10.443616924653876,14.303107347161648,0,61.595069776626104,60.66812542698711,,,,,0.20879255676573882,0.9562693826669992,0.7474768259012604,0.7915399520922252,61.595069776626104,,,,,,,,,37.44043835427595,46.02610607971544,-23.01305303985772,0
2024-06-04,21.04,21.625,20.66,20.78,19.417750000000005,22.704305149392752,16.131194850607258,73.54493668889263,77.83660713658197,0,0,,,,13.073155555555536,13.203887111111092,12.94242399999998,,0.520014512032918,7.0154884062262335,10.904546303626539,0,58.16255623971564,60.951421520748234,,,,,0.13970353839944682,0.9221062489005689,0.7824027105011221,0.7093607100840893,58.16255623971564,58.16255623971564,,58.16255623971564,,,,,,34.20388485527101,46.0877492937242,-23.0438746468621,0
2024-06-05,21,21.59,20.39,21.57,19.596750000000004,22.94219806416121,16.251301935838796,73.80073885478899,75.86099609074525,0,0,,,,13.11399999999998,13.24513999999998,12.98285999999998,,4.034533484457548,10.069271690458859,14.317513315843854,0,61.786068980958895,61.27011255365145,,,,,0.1323593280839519,0.9478518706060619,0.81549254252211,0.6743562318809454,61.786068980958895,,,,,,,,,34.766152917363705,46.151827048530976,-23.075913524265488,0
2024-06-06,22.25,23.25,21.744,22.97,19.852750000000004,23.401751937164896,16.303748062835112,80.41482241203738,75.92016598523968,0,0,,,,13.160577777777757,13.292183555555534,13.02897199999998,,9.046025303235329,15.701854906750935,20.532083293249226,0,67.20654528213149,62.318180755515,,,,,0.20272766414599186,1.0689021227045998,0.866174458558608,0.677774940371674,67.20654528213149,,,,,67.20654528213149,67.20654528213149,67.20654528213149,,37.10518678096543,46.22843304507263,-23.114216522536314,0
2024-06-07,22.52,23.69,22.145,22.18,20.096750000000004,23.58059597104981,16.612904028950197,77.48604621723997,77.23386916135546,0,0,,,,13.20319999999998,13.33523199999998,13.071167999999979,,3.8462438841679214,10.366103972035257,15.365610506696692,0,61.87317342575899,62.16743529421951,,,,,0.17789315316586496,1.0885409000159392,0.9106477468500742,0.7057891805276959,61.87317342575899,,,,,,,,,38.59026080241198,46.31300318196232,-23.15650159098116,0
2024-06-10,22.1,23.525,22.06,23.42,20.456250000000004,23.748463351227397,17.164036648772612,80.50529413964485,79.46872092297407,0,0,,,,13.248977777777755,13.381467555555533,13.116487999999977,,8.17801796808244,14.488237091353472,20.65634579222584,0,66.38271327620497,62.12862548111603,,,,,0.2238336112177166,1.19043976087222,0.9666061496545033,0.8159502507322602,66.38271327620497,,,,,,,,,40.85868896464527,46.41061057493617,-23.205305287468086,0
2024-06-11,22.832,23.305,22.13,23.22,20.772750000000006,23.842280053607563,17.703219946392448,80.61747232623739,79.53627089437408,0,0,,,,13.295244444444423,13.428196888888868,13.162291999999978,,5.9089146844854,11.781059320503996,18.430112462703676,0,65.04637121704951,61.961568295181806,,,,,0.21931857602144134,1.240754369681305,1.0214357936598637,0.9049537579647207,65.04637121704951,,,,,,,,,40.18827995927638,46.50306999984199,-23.251534999920995,0
2024-06-12,24,24.28,23.5301,23.7,21.05675,24.105950345992497,18.007549654007505,83.74575404690758,81.62284017092993,0,0,,,,13.343866666666646,13.477305333333312,13.210427999999979,,6.8241233210132535,12.552981822930875,19.414516169665987,0,66.77508252884073,62.58885669893051,,,,,0.22631184074597988,1.3043255945923384,1.0780137538463586,0.9099580797065755,66.77508252884073,,,,,,,,,42.32699757799734,46.608020562035534,-23.304010281017767,0
2024-06-13,23.69,23.74,22.92,23.31,21.296250000000004,24.262154373036996,18.330345626963013,82.49843208698863,82.28721948671121,0,0,,,,13.390844444444422,13.524752888888866,13.256935999999978,,4.374692159584481,9.455890121500232,16.15024955777198,0,64.00524789603115,63.209889428189165,,,,,0.18411450843077648,1.3081568893848292,1.1240423809540527,0.8976664166192114,64.00524789603115,,,,,,,,,41.284790849996504,46.705319462330166,-23.352659731165083,0
2024-06-14,23.1,23.57,22.36,22.42,21.522250000000003,24.07919050576078,18.965309494239225,70.93942381384731,79.06120331591451,0,0,,,,13.434755555555535,13.56910311111109,13.30040799999998,,-0.2890816099621718,4.171264621496351,10.830072090628185,0,58.08408952854888,62.99014367640115,,,,,0.08096905064295945,1.225253694257752,1.1442846436147927,0.8272299483055419,58.08408952854888,,,,,,,,,38.90864603366273,46.78727998625276,-23.39363999312638,0
2024-06-17,22.32,22.72,21.7,22.25,21.63025,24.11760698081332,19.14289301918668,63.544937084211895,72.32759766168262,0,0,,,,13.4770222222222,13.611792444444422,13.342251999999977,,-1.4701975024355662,2.865200355982944,9.21585470609887,0,56.9994011578217,62.712230709931184,,,,,-0.009206282988714287,1.1327767898788998,1.1419830728676141,0.7096418702799805,56.9994011578217,,,,,,,,,35.32551763177447,46.84839033052304,-23.42419516526152,0
2024-06-18,21.97,22.22,21.8,21.86,21.681250000000002,24.143403275082676,19.21909672491733,54.10768002882887,62.86401364229604,0,0,,,,13.5198222222222,13.655020444444421,13.384623999999977,,-3.6579991185544225,0.824445085038894,6.589950508325781,0,54.48560562888919,62.064244718602346,,,,,-0.10054395713444553,1.0163031264495572,1.1168470835840028,0.5378907125912901,54.48560562888919,,,,,,,,,31.790427727005298,46.89098926094111,-23.445494630470556,0
2024-06-20,22,22.07,21.1801,21.73,21.71975,24.159566540234184,19.279933459765818,47.85948108009161,55.17069939771079,0,0,,,,13.5598222222222,13.695420444444423,13.424223999999978,,-4.298423324231459,0.04719207173193851,5.315874926291797,0,53.63645804915264,61.1403171142248,,,,,-0.1710003393801891,0.9030966593587664,1.0740969987389555,0.4075997698658956,53.63645804915264,,,,,,,,,29.856968929903516,46.924135511144826,-23.462067755572413,0
2024-06-21,21.52,22.33,21.25,22.29,21.85125,24.109580965558518,19.592919034441483,48.53103883222479,50.16606664704843,0,0,,,,13.60173333333331,13.737750666666644,13.465715999999977,,-1.5372382719321398,2.0078942852239434,7.260580493555846,0,56.76247667170364,60.914347118530955,,,,,-0.18025136002244713,0.8487827987108965,1.0290341587333436,0.23681392542852728,56.76247667170364,,,,,,,,,29.303941621429345,46.95444161917205,-23.477220809586026,0
2024-06-24,21.85,22.3299,20.88,21.37,21.957750000000004,23.890955821944434,20.024544178055574,41.30819961990656,45.89957317740765,0,0,,,,13.639511111111089,13.7759062222222,13.503115999999977,,-5.262224586602815,-2.6767314501713657,2.1665166014613213,0,50.712988372071386,60.137055589634194,,,,,-0.24469440510743645,0.723166152349048,0.9678605574564845,-0.06853256906928651,50.712988372071386,50.712988372071386,,50.712988372071386,,,,,,27.62880321502622,46.977215551661594,-23.488607775830797,0
2024-06-25,21.48,22.285,21.22,22.14,22.039250000000003,23.85533445563534,20.223165544364665,47.14082108491633,45.66001984568256,0,0,,,,13.6826222222222,13.819448444444422,13.545795999999978,,-1.2885104106290846,0.45713896797756615,4.86016276848511,0,55.03258150447461,59.9134859656884,,,,,-0.23194297105781203,0.6779318436342194,0.9098748146920315,-0.4100383542305029,55.03258150447461,,,,,,,,,27.719547852001515,47.00007685660257,-23.500038428301284,0
2024-06-26,22.68,23.3299,22.22,22.31,22.13125,23.800518926806074,20.46198107319393,49.392720911194544,45.947247205339146,0,0,,,,13.730488888888868,13.867793777777756,13.59318399999998,,-0.12534694242993805,0.8076814459192283,4.768837023644568,0,55.95047949715319,59.49665814541657,,,,,-0.20923793757813203,0.6483273927193665,0.8575653302974985,-0.6365361604597579,55.95047949715319,,,,,,,,,27.155660557081237,47.020329202570835,-23.510164601285418,0
2024-06-27,22.44,22.7911,22.27,22.59,22.206500000000002,23.814906354128336,20.598093645871668,46.65148733790376,47.72834311133821,0,0,,,,13.780755555555535,13.91856311111109,13.64294799999998,,1.6331488729923294,1.7269718325715333,5.3302352328626235,0,57.48964386453866,58.80259375844565,,,,,-0.1739875775780899,0.640080858324886,0.814068435902976,-0.5420153748707524,57.48964386453866,,,,,,,,,29.10422542109005,47.04848277796493,-23.524241388982464,0
2024-06-28,22.64,23.085,22.34,22.71,22.250000000000007,23.863455918207357,20.636544081792657,49.21426135341968,48.419489867505995,0,0,,,,13.831288888888869,13.969601777777758,13.69297599999998,,2.449587224252281,2.067415730337041,5.204641790007636,0,58.16432488803693,58.53767600575122,,,,,-0.14253620540556344,0.6358981791460216,0.7784343845515851,-0.5670118855636168,58.16432488803693,,,,,,,,,29.78295668180763,47.079266167505814,-23.539633083752907,0
2024-07-01,22.82,23.13,22.43,22.79,22.344500000000004,23.84827491666772,20.840725083332288,51.314816925577624,49.06018853896702,0,0,,,,13.883244444444422,14.022076888888867,13.744411999999977,,2.639164114573944,1.993779229788073,4.784018023402803,0,58.635653005496394,57.98431455784347,,,,,-0.11734253581339049,0.631756214784847,0.7490987505982375,-0.3626487183441593,58.635653005496394,,,,,58.635653005496394,,58.635653005496394,,30.341018061585213,47.1121717353452,-23.5560858676726,0
2024-07-02,22.635,22.8,22.07,22.46,22.4035,23.825980579832137,20.981019420167865,49.319276350786744,49.94945154326135,0,0,,,,13.935066666666646,14.074417333333313,13.79571599999998,,1.0573678290213717,0.2521927377418631,2.8930068488443705,0,55.84093566293001,57.32678344683494,,,,,-0.12328956154749282,0.5949867986638715,0.7182763602113643,-0.21826608598058,55.84093566293001,,,,,,,,,29.681944310743507,47.14180916719146,-23.57090458359573,0
2024-07-03,22.45,23.129,22.45,22.89,22.509000000000004,23.733383926715508,21.2846160732845,53.331907328016165,51.32200020146018,0,0,,,,13.98911111111109,14.129002222222201,13.849219999999978,,2.517018989609454,1.6926562708249993,4.535663452097305,0,58.60926921975901,56.74351106761481,,,,,-0.09966079254950144,0.5937003695244876,0.693361162073989,0.20074458756363156,58.60926921975901,,,,,,,,,29.644674226099156,47.170945810790876,-23.585472905395438,0
2024-07-05,22.08,22.74,21.72,22.68,22.564500000000002,23.71180074522752,21.417199254772484,50.211495926736454,50.95422653517979,0,0,,,,14.042266666666645,14.182689333333311,13.90184399999998,,1.1461445836863815,0.5118659841786721,3.3061301954829814,0,56.73853456460487,56.224460115370086,,,,,-0.09934930524513685,0.569174530517568,0.6685238357627048,0.6202525499836301,56.73853456460487,,,,,,,,,29.02127482332631,47.19708197401242,-23.59854098700621,0
2024-07-08,22.72,22.88,21.91,22.09,22.520500000000006,23.669716689749677,21.371283310250334,43.9360620299145,49.15982176155571,0,0,,,,14.09311111111109,14.234042222222202,13.952179999999979,,-1.397134312368875,-1.9115916609311778,0.24884464984000765,0,51.74160548338083,55.771425540715214,,,,,-0.13769324214248613,0.49640728308459714,0.6341005252270833,0.5838851042551372,51.74160548338083,51.74160548338083,,51.74160548338083,,,,,,27.933976442542274,47.21840331630294,-23.60920165815147,0
2024-07-09,22.25,23.27,22.15,22.6,22.541500000000006,23.680363907584656,21.402636092415356,52.20213492125723,48.78323095930273,0,0,,,,14.147288888888868,14.288761777777756,14.00581599999998,,0.3285092781674548,0.25952132732955935,2.0446558250490687,0,55.39822724500841,55.65705597551427,,,,,-0.1277423365661946,0.47442260451934004,0.6021649410855346,0.6416478545443711,55.39822724500841,,,,,,,,,26.986336638169178,47.235672193100285,-23.617836096550143,0
2024-07-10,22.71,22.87,22.08,22.32,22.486500000000003,23.554381547738096,21.41861845226191,48.714513279717934,48.28423674362989,0,0,,,,14.20119999999998,14.34321199999998,14.059187999999981,,-0.9936124911284594,-0.7404442665599476,0.5065856129685686,0,53.02279668435819,55.55256962233348,,,,,-0.13816760605870515,0.4294554335121532,0.5676230395708584,0.5210162098701282,53.02279668435819,,,,,,,,,25.890375121518662,47.24849688632489,-23.624248443162443,0
2024-07-11,22.65,22.98,21.98,22.04,22.427500000000002,23.456438773688536,21.398561226311468,43.026572085410024,47.981073428795064,0,0,,,,14.254399999999979,14.396943999999978,14.11185599999998,,-2.1183994315406185,-1.727789544086511,-0.987578523349264,0,50.682405906121375,55.341565897831245,,,,,-0.16050284555585426,0.3669944826260405,0.5274973281818948,0.24397627123112045,50.682405906121375,50.682405906121375,,50.682405906121375,,,,,,25.3936996967627,47.25926726919501,-23.629633634597504,0
2024-07-12,22,22.4451,21.75,22.28,22.356500000000004,23.20446874942393,21.508531250576077,43.20216899444492,44.98108478652429,0,0,,,,14.307866666666644,14.45094533333331,14.164787999999978,,-0.9161255892555231,-0.3421823630711529,-0.08819264861957832,0,52.613136187237565,55.0451844346551,,,,,-0.15558116971918168,0.3330208660329177,0.4886020357520994,0.18394824551510128,52.613136187237565,,,,,,,,,24.402176203706166,47.26627594281017,-23.633137971405084,0
2024-07-15,23,24.01,22.76,23.94,22.388,23.405223672551823,21.37077632744818,67.5201193536842,51.249620144513045,0,0,,,,14.368088888888867,14.511769777777756,14.224407999999977,,5.887036136052037,6.932285152760409,7.019922812141455,0,63.311764142659555,55.945096989697106,,,,,-0.04285770620780138,0.4350299029923477,0.47788760920014905,0.2518685162031553,63.311764142659555,,,,,,,,,26.95131972266803,47.28251981425173,-23.641259907125864,0
2024-07-16,24.06,24.81,23.35,24.63,22.4985,23.90953189191467,21.08746810808533,74.70345307758612,61.808580475238415,0,0,,,,14.431422222222201,14.575736444444424,14.287107999999979,,8.059491949282682,9.473964930995393,9.49586556415043,0,66.67928374692372,56.77700429272919,,,,,0.06971922660498242,0.5650366424563771,0.49531741585139466,0.4336791788878347,66.67928374692372,,,,,66.67928374692372,,66.67928374692372,,31.084388123147647,47.31560586829614,-23.65780293414807,0
2024-07-17,24.13,24.88,23.57,24.18,22.595000000000002,24.178319298183293,21.01168070181671,72.47834244037145,71.56730495721392,0,0,,,,14.492222222222201,14.637144444444424,14.34729999999998,,5.290659699542788,7.014826289001985,7.035353833441538,0,62.641058868206166,57.254902819232974,,,,,0.10339180699972805,0.6245571746010548,0.5211653676013267,0.5301655423381494,62.641058868206166,,,,,,,,,33.869042717962444,47.36109968650471,-23.680549843252354,0
2024-07-18,24.22,24.45,22.66,22.83,22.6435,24.192851799947277,21.09414820005272,65.25625364533654,70.81268305443137,0,0,,,,14.547599999999978,14.693075999999978,14.402123999999977,,-0.5618711616359517,0.8236359220085143,0.7546670197272398,0,52.390292502443344,56.89066343622617,,,,,0.028171947346521842,0.5563803017844791,0.5282083544379572,0.47773217027900367,52.390292502443344,,,,,,,,,31.195435002866972,47.393907600536664,-23.696953800268332,0
2024-07-19,22.94,23.87,22.8,23.41,22.7275,24.251598093955845,21.203401906044153,65.24728749033929,67.66062785868245,0,0,,,,14.604799999999978,14.750847999999978,14.458751999999977,,1.6411948593261672,3.0029699703002954,3.0354601605023346,0,55.74129574786899,56.71758992621417,,,,,0.011747446807825801,0.5428926629477395,0.5311452161399137,0.5187242986971425,55.74129574786899,,,,,,,,,28.50682548010143,47.415085785744324,-23.707542892872162,0
2024-07-22,23.24,24.02,23.095,23.42,22.784,24.32274494312755,21.24525505687245,63.57752606030165,64.69368906532584,0,0,,,,14.661999999999978,14.808619999999978,14.515379999999977,,1.1007986186056584,2.791432584269682,3.0114652669853026,0,55.79906111254582,56.51497621957484,,,,,-0.0033671054184554183,0.5269363343668445,0.5303034397852999,0.5587825991718809,55.79906111254582,,,,,,,,,26.6822794171778,47.42892897503016,-23.71446448751508,0
2024-07-23,23.23,23.4,22.82,22.87,22.859,24.254290650724815,21.463709349275188,52.74154121191888,60.522118254186616,0,0,,,,14.714666666666643,14.86181333333331,14.567519999999977,,-1.3884097964815267,0.04812109016141264,0.4906627608934455,0,51.794971439184664,56.2259787750216,,,,,-0.05259849504066394,0.46455532098446994,0.5171538160251339,0.4606896483922201,51.794971439184664,,,,,,,,,26.352173027072936,47.441330978508866,-23.720665489254433,0
2024-07-24,22.66,22.9062,21.36,21.41,22.8225,24.325175946436836,21.319824053563167,33.59400974648607,49.97102567290221,0,0,,,,14.760666666666644,14.90827333333331,14.613059999999978,,-7.320029435955133,-6.189067805893311,-5.646796133619302,0,42.97836182863403,55.10948538994125,,,,,-0.17858705805894726,0.2939199934514498,0.47250705151039707,0.17634350384957193,42.97836182863403,,,,,,,,,22.35755974666938,47.43990335112894,-23.71995167556447,0
2024-07-25,21.16,21.785,20.63,21.18,22.766,24.418965819368502,21.113034180631495,28.4383841431509,38.25797836718528,0,0,,,,14.806399999999975,14.954463999999975,14.658335999999975,,-7.97306104714316,-6.966529034525159,-6.379843819065867,0,41.77205032495525,54.04045080139485,,,,,-0.2671782391431968,0.13853425258140106,0.4057124917245979,-0.07616372550118777,41.77205032495525,41.77205032495525,,41.77205032495525,,,,,,18.016304333561777,47.42603422356533,-23.713017111782666,0
2024-07-26,21.59,21.985,21.125,21.2,22.6965,24.48458584805094,20.90841415194906,27.26395348474798,29.76544912479498,0,0,,,,14.85124444444442,14.999756888888864,14.702731999999976,,-7.451870607237964,-6.593527636419716,-5.944986690328324,0,41.924697206833585,53.33924306735576,,,,,-0.31112200043042837,0.016809991186562456,0.3279319916169908,-0.33594506952382186,41.924697206833585,,,,,,,,,14.770291436306556,47.40459021422262,-23.70229510711131,0
2024-07-29,21.56,21.84,20.95,21.18,22.62,24.526242377033924,20.713757622966078,24.54430920239298,26.748882276763947,0,0,,,,14.897288888888866,15.046261777777755,14.748315999999978,,-6.41155936547213,-6.366047745358094,-5.736792914682443,0,41.80666876160817,52.3684174613986,,,,,-0.32662161595306866,-0.08034502832434498,0.24627658762872368,-0.48912517203522554,41.80666876160817,,,,,,,,,14.160603666466956,47.381898182876505,-23.690949091438252,0
2024-07-30,21.3,21.35,20.29,20.4,22.5005,24.635105115706505,20.365894884293493,18.914792373911272,23.57435168701741,0,0,,,,14.939999999999978,15.089399999999978,14.790599999999978,,-8.141210374639773,-9.335348103375484,-8.935347072390442,0,37.38611770531455,51.25151182003834,,,,,-0.3712374642774444,-0.21777024271808187,0.15346722155936254,-0.6722575474625836,37.38611770531455,,,,,,,,,12.54999271264399,47.35615465850563,-23.678077329252815,0
2024-07-31,20.84,21.2076,20.53,20.57,22.406,24.70074530177098,20.11125469822902,19.67188171051693,21.043661095607057,0,0,,,,14.983688888888869,15.133525777777757,14.83385199999998,,-5.845196136769337,-8.19423368740515,-7.946357981413243,0,38.90244748004581,50.410086218175806,,,,,-0.37029106085193647,-0.30939660450555806,0.06089445634637841,-0.8355813691084527,38.90244748004581,,,,,,,,,11.20306571072586,47.328151466551155,-23.664075733275578,0
2024-08-01,20.89,21.3,19.83,20.24,22.273500000000002,24.740703072306662,19.806296927693342,17.43565617193879,18.67411008545566,0,0,,,,15.025911111111089,15.1761702222222,14.875651999999977,,-6.244209746155283,-9.129683255887056,-9.203738317757004,0,37.027877940767254,49.29685348628506,,,,,-0.3719015964274971,-0.403982539187993,-0.032080942760495876,-0.9525891031570275,37.027877940767254,,,,,,,,,9.287229827114297,47.29736038465312,-23.64868019232656,0
2024-08-02,19.2,19.29,17.69,17.88,22.0335,25.145446496969345,18.921553503030655,10.467848564451693,15.858462148969133,0,0,,,,15.057199999999977,15.207771999999977,14.906627999999976,,-14.998811504635123,-18.850840765198452,-19.326214468341107,0,27.005688105250385,46.70356234075583,,,,,-0.5037325634802714,-0.6617466471108351,-0.15801408363056374,-0.9480435544496479,27.005688105250385,,,,,,,,,4.641400913283534,47.261820456281214,-23.630910228140607,0
2024-08-05,14.7,16.725,13.98,16.42,21.750000000000004,25.707822633721644,17.792177366278363,8.81709706128935,12.240200599226604,0,0,,,,15.082177777777755,15.232999555555532,14.931355999999978,,-19.25252028522251,-24.505747126436784,-25.253782073653696,0,22.879847362133262,43.57503117041366,,,,,-0.6516883712180357,-0.9726245476531084,-0.32093617643507266,-0.9279309943576745,22.879847362133262,22.879847362133262,,22.879847362133262,,,,,,-2.8090412149243247,47.22469842472433,-23.612349212362165,0
2024-08-06,17.03,17.52,16.25,17.21,21.4805,25.879552056977772,17.081447943022226,12.696885667822748,10.660610431187925,1,0,,,,15.111466666666646,15.262581333333312,14.960351999999979,,-12.944509079872512,-19.880822141011613,-21.15992487058499,0,29.184277306418807,41.18526105885742,,,,,-0.6569197555693306,-1.1420858708967359,-0.4851661153274053,-0.9317142615258655,29.184277306418807,,,,,,,,,-8.210906394007244,47.19109858696019,-23.595549293480094,0
2024-08-07,17.6,17.64,16.86,17.12,21.2205,25.98947253084981,16.451527469150193,15.012895597388066,12.175626108833379,0,0,,,,15.140577777777755,15.291983555555532,14.989171999999979,,-11.478800413650447,-19.3232958695601,-20.966376856197577,0,28.894480936296617,39.50698880413266,,,,,-0.6270822897167965,-1.2690189774734009,-0.6419366877566044,-0.9500297846887277,28.894480936296617,,,,,,,,,-9.543342657062864,47.15901286709085,-23.579506433545426,0
2024-08-08,17.665,18.1,16.68,17.73,21.005000000000003,25.99095427175181,16.019045728248194,21.039088182263917,16.249623149158236,0,0,,,,15.171955555555533,15.323675111111088,15.020235999999977,,-6.659647275598813,-15.591525827184016,-17.569389557859484,0,33.69988889373698,37.93260260026609,,,,,-0.5307268651607646,-1.3053452692075602,-0.7746184040467956,-0.9348276165962652,33.69988889373698,,,,,,,,,-7.229129580016649,47.12464097221934,-23.56232048610967,0
2024-08-09,17.8,18.2799,17.55,17.92,20.787,25.91027668587212,15.663723314127878,28.0193027671665,21.357095515606158,0,0,,,,15.204488888888868,15.356533777777758,15.052443999999978,,-4.00171425510255,-13.79227401741472,-16.078676241024013,0,35.16954085592076,36.45906543907858,,,,,-0.4233241682541111,-1.3037736143644345,-0.8804494461103234,-0.9010048017949694,35.16954085592076,,,,,,,,,-5.997434421357628,47.08938698383857,-23.544693491919286,0
2024-08-12,18.36,18.79,18.1062,18.54,20.517,25.514787910666115,15.519212089333886,33.85017480649626,27.636188585308886,0,0,,,,15.240355555555533,15.392759111111088,15.087951999999978,,0.7444438406781773,-9.63591168299459,-12.60625677607905,0,39.854703628444646,35.606189166882864,,,,,-0.2862210450549888,-1.2382257524290594,-0.9520047073740706,-0.8258604734060843,39.854703628444646,,,,,,,,,-3.5738921343550505,47.05292400792698,-23.52646200396349,0
2024-08-13,18.78,18.84,18.36,18.41,20.205999999999996,24.906588899276464,15.505411100723526,36.94121995527554,32.93689917631276,0,0,,,,15.276755555555534,15.42952311111109,15.123987999999978,,1.131619424302377,-8.8884489755518,-12.617672652480005,0,39.214774825269764,35.33736152378542,,,,,-0.1849003345238901,-1.1831301255289333,-0.9982297910050432,-0.7558434927260916,39.214774825269764,,,,,,,,,-2.5712979040201143,47.016242533244636,-23.508121266622318,0
2024-08-14,18.73,19.06,18.57,18.65,19.929499999999997,24.30161836527799,15.557381634722004,41.74545785699003,37.51228420625394,0,0,,,,15.315955555555535,15.46911511111109,15.162795999999979,,3.5420830557406413,-6.420130961639769,-10.941678339488071,0,41.09519696217598,35.289014855015466,,,,,-0.08728478522674687,-1.1073357725384767,-1.0200509873117298,-0.6497420227676507,41.09519696217598,,,,,,,,,-1.6463985941579564,46.97948628842404,-23.48974314421202,0
2024-08-15,19.32,20.07,19.135,19.55,19.765499999999996,23.931320327378643,15.599679672621349,51.37337495659438,43.353350922953304,0,0,,,,15.359733333333313,15.513330666666647,15.20613599999998,,8.956138884244602,-1.0902835749158624,-6.144983197311527,0,47.63700445422074,35.697036801257404,,,,,0.04520987019473588,-0.96353864956831,-1.008748519763046,-0.42528177926982924,47.63700445422074,,,,,,,,,-0.5382641941369846,46.94277399545908,-23.47138699772954,0
2024-08-16,19.51,20.04,19.4,19.98,19.593999999999998,23.413572750976336,15.774427249023658,58.83262214063228,50.65048498473889,0,0,,,,15.405511111111093,15.559566222222204,15.251455999999981,,10.06445215666838,1.9699908135143662,-3.664416586306607,0,50.46741032063369,36.31566119833066,,,,,0.16252314040666271,-0.8055945942547176,-0.9681177346613803,-0.09579781805810125,50.46741032063369,,,,,,,,,1.5344919809085102,46.90650668236424,-23.45325334118212,0
2024-08-19,19.935,20.31,19.81,20.28,19.436999999999994,22.851235492756974,16.022764507243014,64.31979360320634,58.175263566811,0,0,,,,15.453288888888867,15.607821777777756,15.298755999999978,,9.391013539025872,4.337089056953269,-1.9326552652363382,0,52.40055177174444,37.38812077450422,,,,,0.2555045375977075,-0.6487370626642459,-0.9042416002619534,0.23895413561400142,52.40055177174444,,,,,52.40055177174444,,52.40055177174444,,3.736194133621177,46.87132783157755,-23.435663915788776,0
2024-08-20,20.36,20.43,19.69,19.83,19.284999999999993,22.324470348597195,16.24552965140279,65.33349116268843,62.82863563550901,0,0,,,,15.49888888888887,15.653877777777758,15.34389999999998,,5.473113132280227,2.8260305937257257,-3.67863734982673,0,49.292896213469675,38.1302956840345,,,,,0.27991535529306666,-0.5543474061456202,-0.8342627614386868,0.584867626831507,49.292896213469675,,,,,,,,,3.8603527010031145,46.836303487378025,-23.418151743689013,0
2024-08-21,19.73,20.205,19.52,20.18,19.223499999999994,22.135600788091224,16.311399211908764,68.31011504173874,65.98779993587783,0,0,,,,15.545555555555536,15.701011111111091,15.39009999999998,,5.615742921442446,4.975680807345206,-1.6377461493468304,0,51.69256450866003,39.17777329602684,,,,,0.3104839541312143,-0.44615781877466887,-0.7566417729058832,0.9296188228321856,51.69256450866003,,,,,,,,,3.8887872480981254,46.801374933501535,-23.400687466750767,0
2024-08-22,20.14,20.37,19.85,19.89,19.158999999999995,21.94951178101818,16.36848821898181,72.05845901155155,68.56735507199289,0,0,,,,15.590355555555535,15.74625911111109,15.434451999999979,,2.9343269678621775,3.8154392191659614,-2.711427779498743,0,49.59815053385734,40.79152061235591,,,,,0.30175871385109176,-0.37944338059201854,-0.6812020944431103,0.9591688941558949,49.59815053385734,,,,,,,,,3.0107368789882454,46.7660324081882,-23.3830162040941,0
2024-08-23,20.062,21.21,20,21.12,19.154999999999994,21.934003418494015,16.375996581505973,79.3735906459569,73.24738823308239,0,0,,,,15.640977777777756,15.797387555555535,15.484567999999978,,7.519218042050646,10.258418167580308,3.5006615809334507,0,57.4691564993807,43.26218555073074,,,,,0.3651773278275344,-0.22473043465869225,-0.5899077624862267,0.9603467845865726,57.4691564993807,,,,,,,,,5.010148697593736,46.732035537387866,-23.366017768693933,0
2024-08-26,21.12,21.16,20.79,20.96,19.143999999999995,21.892427914281424,16.395572085718566,79.39735106682339,76.94313357477726,0,0,,,,15.691777777777755,15.848695555555533,15.534859999999977,,5.406084988685,9.486000835771025,3.2190285461022317,0,56.23883215668939,45.1946537543215,,,,,0.38095093774988936,-0.11371909029886496,-0.4946700280487543,0.9581329559489772,56.23883215668939,,,,,,,,,6.100344688214503,46.699023209964345,-23.349511604982172,0
2024-08-27,20.8,21.54,20.59,21.36,19.191999999999993,22.05753031741104,16.326469682588947,82.01501871647203,80.26198680975077,0,0,,,,15.743688888888869,15.901125777777757,15.58625199999998,,5.847373637264663,11.296373488953758,5.75653551623978,0,58.62368349118605,47.31816822252788,,,,,0.4009043309637794,0.006460385655969958,-0.39444394530780946,0.9583486472539287,58.62368349118605,,,,,58.62368349118605,,58.62368349118605,,8.338848336763844,46.668437602907694,-23.334218801453847,0
2024-08-28,21.15,21.1993,20,20.32,19.179499999999994,22.02297305244867,16.336026947551318,76.98337958075274,79.46524978801605,0,0,,,,15.790755555555535,15.94866311111109,15.63284799999998,,-0.1326976949918457,5.946453244349481,1.2523668737335347,0,50.862497038352174,48.544068804286105,,,,,0.32962036356294655,0.017581509145873753,-0.3120388544170728,0.9035936388291659,50.862497038352174,,,,,,,,,6.702718596312054,46.63612577240677,-23.318062886203386,0
2024-08-29,20.4,20.655,20.09,20.17,19.175999999999995,22.014410822978505,16.337589177021485,71.90121278470158,76.96653702730877,0,0,,,,15.836266666666646,15.994629333333313,15.677903999999979,,-1.1710519868685099,5.1835627868168865,0.9509509509509906,0,49.83765896557172,49.59179152640404,,,,,0.2609338587663454,0.01412846904085896,-0.24680538972548643,0.8147530432097659,49.83765896557172,,,,,,,,,5.131182277010152,46.60250262396581,-23.301251311982906,0
2024-08-30,20.38,20.4,19.835,20.12,19.287999999999993,22.0895538545604,16.486446145439587,67.87713869495579,72.25391035347003,0,0,,,,15.881822222222201,16.040640444444424,15.723003999999978,,-1.4836214072369125,4.313562836997131,1.2564795088155112,0,49.47976970060271,50.279296245843895,,,,,0.20326309862551759,0.007273483556410554,-0.19598961506910703,0.6975142036038321,49.47976970060271,,,,,,,,,2.8389083863853783,46.56753055432742,-23.28376527716371,0
2024-09-03,19.755,19.965,19.21,19.37,19.435499999999994,21.908946785358843,16.962053214641145,57.417811130667175,65.7320542034415,0,0,,,,15.923288888888868,16.082521777777757,15.764055999999979,,-4.731457800511474,-0.3370121684545979,-1.8511637334053588,0,44.33661579308503,50.64514202925927,,,,,0.1103843479774535,-0.05800918009729017,-0.16839352807474367,0.37443911857836926,44.33661579308503,,,,,,,,,1.0874779333006097,46.53201948004253,-23.266009740021264,0
2024-09-04,19.01,19.61,18.8108,19.11,19.530499999999996,21.791574744452678,17.269425255547315,48.17428269626452,57.823077507295814,0,0,,,,15.965022222222201,16.124672444444425,15.805371999999979,,-5.676209279368194,-2.153042676838779,-2.5497195308515908,0,42.68036263344423,50.758368148635576,,,,,0.03132583556856239,-0.12923623361404069,-0.16056206918260307,-0.0936725717198827,42.68036263344423,,,,,,,,,-0.8349028613174033,46.496377395642895,-23.248188697821448,0
2024-09-05,19,19.68,18.84,19.67,19.657999999999994,21.630111558711185,17.685888441288803,40.640337012357094,48.74414361309625,0,0,,,,16.011155555555533,16.17126711111109,15.851043999999977,,-2.667128507100769,0.061043849832165265,0.6035188216039877,0,47.25100975076405,50.73079709838867,,,,,0.017333045018611243,-0.13889576290933903,-0.15622880792795027,-0.3199639452063786,47.25100975076405,,,,,,,,,-1.7230961505215898,46.46088319488835,-23.230441597444177,0
2024-09-06,19.74,20.2399,18.71,18.94,19.71849999999999,21.516902346529555,17.920097653470428,33.07175428559688,40.628791331406156,0,0,,,,16.05471111111109,16.2152582222222,15.894163999999979,,-5.836730635378307,-3.9480690721910405,-2.7587623220152735,0,42.49412464337004,50.16127669286983,,,,,-0.037508578240541074,-0.20311453072862662,-0.16560595248808554,-0.5264340665161669,42.49412464337004,42.49412464337004,,42.49412464337004,,,,,,-2.551022478703324,46.42562486760238,-23.21281243380119,0
2024-09-09,19.21,19.83,19.04,19.66,19.80549999999999,21.404793281422457,18.206206718577526,36.82928362767851,36.84712497521082,0,0,,,,16.100666666666648,16.261673333333313,15.93965999999998,,-1.5424679487179183,-0.7346444169548438,1.2045711932462178,0,48.04929444329703,49.85047259798073,,,,,-0.02245746778306487,-0.19367778721691664,-0.17122031943385177,-0.5579696015205439,48.04929444329703,,,,,,,,,-1.7201150620877346,46.39029200369151,-23.195146001845757,0
2024-09-10,19.6,19.739,18.825,19.7,19.863499999999995,21.355549261922143,18.371450738077847,38.10874673676914,36.003261550014834,0,0,,,,16.145555555555536,16.30701111111109,15.98409999999998,,-0.7156536639451483,-0.8231177788405653,1.6686736624806908,0,48.34782303216367,49.78296737074459,,,,,-0.0077327762444823755,-0.18088628973945475,-0.17315351349497238,-0.6546271714422113,48.34782303216367,,,,,,,,,-1.7680751516953634,46.35504613817568,-23.17752306908784,0
2024-09-11,19.58,20.795,19.54,20.64,19.97499999999999,21.34413841520979,18.60586158479019,49.56323221494539,41.500420859797664,0,0,,,,16.196355555555535,16.35831911111109,16.03439199999998,,4.400606980273158,3.3291614518148105,6.475908793892127,0,54.90577130200076,50.012482141697504,,,,,0.06346895157480392,-0.09381732402646747,-0.1572862756012714,-0.5170478138161191,54.90577130200076,,,,,,,,,0.9684197643664693,46.319995378447736,-23.159997689223868,0
2024-09-12,20.83,21.735,20.67,21.64,20.12449999999999,21.534627299219224,18.714372700780757,66.7634591991757,51.47847938363007,0,0,,,,16.252666666666645,16.415193333333313,16.090139999999977,,8.732790674304125,7.530621878804489,11.429601277012136,0,60.63212488067002,50.80062316646984,,,,,0.17002128061523275,0.055240325167769555,-0.1147809554474632,-0.2611156221879452,60.63212488067002,,,,,,,,,4.155357402916475,46.28639253949315,-23.143196269746575,0
2024-09-13,21.695,22.43,21.61,22.07,20.25049999999999,21.867886472060082,18.6331135279399,72.77897466258072,63.035222025567265,0,0,,,,16.310177777777756,16.473279555555536,16.147075999999977,,9.844714314154924,8.984963334238705,13.287933748545665,0,62.818559749487186,51.1827233986203,,,,,0.2563814512220874,0.20569585858014605,-0.05068559264194135,0.13501267312922285,62.818559749487186,,,,,,,,,7.9251252097314975,46.2561918282578,-23.1280959141289,0
2024-09-16,21.704,22.535,21.5,22.21,20.361999999999988,22.183950603063614,18.54004939693636,77.4885049436129,72.34364626845644,0,0,,,,16.36813333333331,16.531814666666644,16.20445199999998,,9.403477661198977,9.075729299675928,13.168130169675818,0,63.52877370205534,51.703433509003574,,,,,0.3064669575681712,0.33239810431827266,0.025931146750101455,0.4240543274080258,63.52877370205534,,,,,,,,,10.348321089013703,46.229162793116494,-23.114581396558247,0
2024-09-17,22.545,22.93,22.4,22.64,20.47999999999999,22.553721292749685,18.406278707250294,81.25736112322424,77.17494690980594,0,0,,,,16.427333333333312,16.591606666666646,16.263059999999978,,9.753732790382031,10.546875000000068,14.153179045026043,0,65.69613422716203,52.20860856157329,,,,,0.3489992644265316,0.462180227283266,0.11318096285673437,0.7147112796778186,65.69613422716203,,,,,,,,,11.82528767006775,46.20444505163144,-23.10222252581572,0
2024-09-18,22.7,23.495,22.34,22.95,20.63599999999999,22.946553180518354,18.325446819481623,83.45270567955393,80.73285724879702,0,0,,,,16.48919999999998,16.654091999999977,16.32430799999998,,9.223300970873826,11.21341345221949,14.610557155460913,0,67.20904321676754,53.376219002888675,,,,,0.3761141987919162,0.5833237113466296,0.20720951255471343,0.8301760102309558,67.20904321676754,,,,,67.20904321676754,,67.20904321676754,,13.126244660251814,46.18198739022033,-23.090993695110164,0
2024-09-19,23.936,24.06,22.74,22.81,20.76749999999999,23.2520834660971,18.28291653390288,82.40229508706634,82.37078729661484,0,0,,,,16.550133333333314,16.71563466666665,16.38463199999998,,6.958642033198936,9.835078849163391,12.842584347482,0,65.79770370044855,54.51622219823702,,,,,0.36256922404102643,0.6604210426059964,0.29785181856497,0.9016630658489341,65.79770370044855,,,,,,,,,13.948515045278233,46.161068347053515,-23.080534173526758,0
2024-09-20,22.81,22.955,22.31,22.73,20.909499999999987,23.49963107776491,18.319368922235064,81.0466428479062,82.30054787150881,0,0,,,,16.61159999999998,16.77771599999998,16.445483999999983,,4.72241419027879,8.70656878452385,11.527264400902858,0,64.9582729142801,55.62182957064255,,,,,0.327252147155106,0.7069170025088525,0.3796648553537465,0.9468978862233854,64.9582729142801,,,,,,,,,13.89074698163482,46.14005179057502,-23.07002589528751,0
2024-09-23,22.782,23.325,22.6234,22.7,20.988499999999988,23.693334745414887,18.283665254585088,80.51328305568128,81.32074033021793,0,0,,,,16.672133333333313,16.83885466666665,16.50541199999998,,3.1396246989868093,8.154465540653266,10.516066212268793,0,64.62531237818389,57.07102218386389,,,,,0.28258512732693253,0.7328962645124122,0.45031113718547966,0.9407449859572136,64.62531237818389,,,,,,,,,13.29640107989015,46.117950985331305,-23.058975492665652,0
2024-09-24,22.68,22.85,22.2523,22.77,21.078999999999986,23.892886280574256,18.265113719425717,76.45503281345043,79.33831957234597,0,0,,,,16.73271111111109,16.9000382222222,16.56538399999998,,2.0344147696720105,8.02220219175489,10.101058942991203,0,65.07514850317901,58.6706497459878,,,,,0.24013696110468774,0.7504823385663393,0.5103453774616515,0.9163735707787244,65.07514850317901,,,,,,,,,13.075477539981321,46.095473351870446,-23.047736675935223,0
2024-09-25,22.58,22.82,22.335,22.39,21.13049999999999,24.00022106658527,18.260778933414713,72.4633703195608,76.47722872956416,0,0,,,,16.791866666666646,16.95978533333331,16.62394799999998,,-0.44906851629537003,5.960578310972342,7.573549430662596,0,60.57211967203931,59.62215759750746,,,,,0.17203946292492467,0.7253947061178074,0.5533552431928828,0.8651512367936186,60.57211967203931,60.57211967203931,,60.57211967203931,,,,,,12.410082025958339,46.07186754911091,-23.035933774555456,0
2024-09-26,22.78,22.88,22.19,22.43,21.235999999999986,24.133781220175848,18.338218779824125,70.3306407608404,73.08301463128386,0,0,,,,16.8494222222222,17.01791644444442,16.680927999999977,,-0.6202924235710672,5.622527783010045,7.1172734363807555,0,60.87899406563235,60.935362556240484,,,,,0.11784654983209442,0.7006634304830008,0.5828168806509064,0.7921056689799771,60.87899406563235,,,,,,,,,11.884488671736014,46.04742338954637,-23.023711694773183,0
2024-09-27,22.55,23.98,22.4112,23.89,21.42199999999999,24.49449475182685,18.34950524817313,76.73106747807607,73.17502618615909,0,0,,,,16.91253333333331,17.081658666666645,16.743407999999977,,5.001758087201158,11.520866399029096,13.306878725119798,0,70.0437711993523,62.50639661024444,,,,,0.1655621298451534,0.7897695429573481,0.6242074131121947,0.785887167038636,70.0437711993523,,,,,70.0437711993523,,70.0437711993523,,13.624361553201426,46.02600036906239,-23.013000184531194,0
2024-09-30,23.97,24.13,23.08,23.42,21.58699999999999,24.716006871197855,18.457993128802123,78.48297037538822,75.18155953810155,0,0,,,,16.973999999999975,17.143739999999976,16.804259999999974,,2.391465920517688,8.491221568536677,10.476909288173996,0,64.78240369047516,63.68029522869525,,,,,0.15110520873906563,0.8130889240360268,0.6619837152969612,0.7769186296164394,64.78240369047516,,,,,,,,,15.193990731477788,46.007619796772076,-23.003809898386038,0
2024-10-01,23.4,23.46,22.28,22.33,21.73499999999999,24.706608991775955,18.763391008224023,66.48643100723075,73.90015628689834,0,0,,,,17.029866666666642,17.20016533333331,16.859567999999975,,-2.2414849838017448,2.737520128824511,4.996708567129571,0,54.5488188896693,63.65479862781444,,,,,0.05852627320320014,0.7351415568009614,0.6766152835977612,0.5695374061783957,54.5488188896693,54.5488188896693,,54.5488188896693,,,,,,14.885450973473487,45.98862068871488,-22.99431034435744,0
2024-10-02,22.42,23.18,22.33,22.63,21.910999999999987,24.64753722795865,19.174462772041323,64.9611112327837,69.97683753846754,0,0,,,,17.093266666666644,17.26419933333331,16.922333999999978,,-0.7891275756246929,3.2814568025193447,5.942386317530679,0,56.58174922972683,63.3654860813185,,,,,0.010408272769175442,0.6896256245592305,0.679217351790055,0.3725665887932896,56.58174922972683,,,,,,,,,12.688201714910653,45.96558619426763,-22.982793097133815,0
2024-10-03,22.464,22.7092,22.05,22.43,22.048999999999985,24.591029897543297,19.506970102456673,56.66643898329875,62.70466040777105,0,0,,,,17.15771111111109,17.329288222222203,16.98613399999998,,-1.5018443702792594,1.7279695224273972,4.638686301646833,0,54.82131345754336,62.79425420332251,,,,,-0.039252604268333435,0.6301515964546383,0.6694042007229717,0.12385079949993329,54.82131345754336,,,,,,,,,10.941220743394142,45.93981609282736,-22.96990804641368,0
2024-10-04,23,23.39,22.61,22.89,22.246499999999987,24.371157854809585,20.12184214519039,58.489448133340986,60.0389994498078,0,0,,,,17.222866666666643,17.39509533333331,17.050637999999978,,0.4476040021064165,2.8925898455937515,6.288792236135432,0,58.05388453360901,62.403190691290625,,,,,-0.04506809849063631,0.6130690776096763,0.6581371761003126,0.0023869728682316196,58.05388453360901,,,,,,,,,11.741433562166018,45.91529552548789,-22.957647762743946,0
2024-10-07,22.75,23.425,22.72,23.32,22.429499999999987,24.23856025328184,20.620439746718134,58.61458701922166,57.92349137862045,0,0,,,,17.289577777777755,17.462473555555533,17.116681999999976,,2.0568927789934577,3.9702177935309058,7.917997130825172,0,60.87223399114711,62.05862638871814,,,,,-0.024909108975536443,0.627000789880892,0.6519098988564285,0.10040752605684801,60.87223399114711,,,,,,,,,12.743923367367048,45.892437554665115,-22.946218777332557,0
2024-10-08,23.47,25.8,23.44,25.61,22.724999999999987,24.584166479905395,20.86583352009458,72.77309124016371,63.292375464242106,0,0,,,,17.3656222222222,17.53927844444442,17.19196599999998,,10.70286158900322,12.695269526952746,17.671383936776365,0,71.75603275289207,62.38341135558418,,,,,0.12923104379406902,0.8134487035990148,0.6842176598049458,0.4528832409977572,71.75603275289207,,,,,,,,,17.640115200278036,45.879406076230694,-22.939703038115347,0
2024-10-09,25.49,25.69,24.17,25.65,22.975499999999986,24.987260174574537,20.963739825425435,77.52500187580358,69.63756004506297,0,0,,,,17.442599999999977,17.617025999999978,17.268173999999977,,9.335038363171378,11.640660703793237,17.085862966175224,0,71.90304849644582,62.81950741244112,,,,,0.21538342525311793,0.9534469413713431,0.7380635161182252,0.6092687069227815,71.90304849644582,,,,,,,,,21.754533684291403,45.87694058070066,-22.93847029035033,0
2024-10-10,25.5,25.87,24.705,25.5,23.168499999999987,25.36305940908505,20.973940590914925,79.8946769712348,76.73092336240069,0,0,,,,17.52064444444442,17.695850888888867,17.345437999999977,,7.2916228383894,10.063232406068634,15.49087395643054,0,70.42269064694975,63.209822964774666,,,,,0.24178988008148017,1.0403008662200754,0.7985109861385953,0.7021273776022083,70.42269064694975,,,,,,,,,24.876409091560564,45.88384937560909,-22.941924687804544,0
2024-10-11,25.75,26.65,25.69,26.27,23.37849999999999,25.892900723831374,20.864099276168602,84.20918948051428,80.5429561091842,0,0,,,,17.601399999999977,17.777413999999975,17.42538599999998,,9.4355342636951,12.368201552708747,17.892563837903364,0,73.44506839931483,63.83980553771259,,,,,0.2875256382384519,1.1579180339366602,0.8703923956982083,0.775981329692739,73.44506839931483,,,,,,,,,25.598055526791224,45.89297422738757,-22.946487113693784,0
2024-10-14,26.9,27.14,26.16,27,23.617999999999988,26.523640032764472,20.712359967235503,88.08722339972356,84.06369661715753,0,0,,,,17.685266666666646,17.86211933333331,17.50841399999998,,10.823790173623982,14.319586755864222,19.934258258436156,0,75.95379556942636,64.61685175673026,,,,,0.3397710495909074,1.2951062076868425,0.955335158095935,0.836021361473095,75.95379556942636,,,,,75.95379556942636,,75.95379556942636,,27.40358334241284,45.90811400997376,-22.95405700498688,0
2024-10-15,27.135,27.33,25.905,26.8,23.825999999999986,27.00458710750609,20.647412892493882,86.82556716424097,86.37399334815957,0,0,,,,17.76891111111109,17.9466002222222,17.59122199999998,,8.020959290608666,12.482162343658265,17.75043936731111,0,73.89406865061255,65.56841954091406,,,,,0.3332329603577473,1.371876358543119,1.0386433981853718,0.8597207640390688,73.89406865061255,,,,,,,,,29.0807146988934,45.92914470366234,-22.96457235183117,0
2024-10-16,27.04,27.172,26.565,26.93,24.024999999999988,27.448229469375953,20.601770530624023,88.01132223147604,87.64137093181351,0,0,,,,17.852066666666644,18.03058733333331,17.673545999999977,,6.695721077654548,12.091571279916803,16.981842402478954,0,74.38039811291728,66.53280554429156,,,,,0.310493572961533,1.4267603643872881,1.1162667914257551,0.8707837330509018,74.38039811291728,,,,,,,,,29.724230652800145,45.952365408298824,-22.976182704149412,0
2024-10-17,27.08,27.08,26.086,26.32,24.200499999999987,27.71524878191947,20.685751218080505,83.35029433840826,86.06239457804175,0,1,,,,17.932199999999977,18.111521999999976,17.752877999999978,,2.696164501151088,8.758083510671334,13.241642405381015,0,67.98085219825822,66.38545418707055,,,,,0.2308588131261442,1.4048403078334353,1.173981494707291,0.9072263667233411,67.98085219825822,67.98085219825822,,67.98085219825822,,,,,,28.2827922376314,45.9700094408082,-22.9850047204041,0
2024-10-18,26.55,27.04,26.42,26.83,24.40549999999999,28.029826006308397,20.78117399369158,82.04581887060304,84.46914514682909,0,0,,,,18.014155555555533,18.194297111111087,17.83401399999998,,3.101102870537642,9.934236135297404,14.144307674853952,0,70.28293824248345,66.778349512214,,,,,0.19068733133591742,1.4123406588771878,1.2216533275412704,0.9217549052425221,70.28293824248345,,,,,,,,,28.009879526538246,45.98646944159729,-22.993234720798647,0
2024-10-21,26.78,27.105,26.18,26.97,24.61899999999999,28.318594031782936,20.919405968217042,82.27800352775483,82.55803891225537,0,0,,,,18.0956222222222,18.27657844444442,17.91466599999998,,2.2055479763529284,9.549534912059832,13.56267632321364,0,70.90141892326447,67.9463923717565,,,,,0.15330937253659016,1.4132900432120081,1.259980670675418,0.897907710984685,70.90141892326447,,,,,,,,,27.778528063499213,46.00191234890065,-23.000956174450327,0
2024-10-22,26.9,27.6,26.82,27.41,24.85099999999999,28.63859501531042,21.06340498468956,85.2797952362373,83.20120587819838,0,0,,,,18.177799999999976,18.359577999999978,17.996021999999975,,3.169226136705827,10.297372339141342,14.179788386236813,0,72.8162849942818,69.10600206922472,,,,,0.13843763026682998,1.4330277085089556,1.2945900782421256,0.8779066604973671,72.8162849942818,,,,,,,,,29.215332931309415,46.02233416755842,-23.01116708377921,0
2024-10-23,27.11,27.3856,26.28,26.7,25.066499999999984,28.758731168278135,21.37426883172183,80.75592232331584,82.77124036243599,0,1,,,,18.25735555555553,18.439929111111088,18.074781999999974,,0.10122595883481633,6.516665669319677,10.294117647058854,0,65.34385739559076,69.85761235051382,,,,,0.06474610905135414,1.3755227145563182,1.310776605504964,0.8153012536987904,65.34385739559076,65.34385739559076,,65.34385739559076,,,,,,28.731405653378363,46.04076641573795,-23.020383207868974,0
2024-10-24,26.95,27.33,26.69,27.22,25.305999999999987,28.90327897166788,21.708721028332093,81.50168285260568,82.51246680405295,0,0,,,,18.33691111111109,18.5202802222222,18.153541999999977,,1.3969081765692115,7.56342369398566,11.584815938345505,0,67.93888232475103,70.56368362130968,,,,,0.036398678249174976,1.3562749533164329,1.319876275067258,0.7804964483486146,67.93888232475103,,,,,,,,,28.8633937415258,46.059464405780375,-23.029732202890187,0
2024-10-25,27.51,27.75,26.92,27.06,25.464499999999983,29.077562274581567,21.8514377254184,80.0308544831862,80.76281988636923,0,0,,,,18.414733333333306,18.598880666666638,18.230585999999974,,0.5051255385529974,6.265585422843634,10.177657740801592,0,66.29399251698284,70.95095208744081,,,,,-0.005520907324841451,1.312975140911206,1.3184960482360475,0.8008026309216275,66.29399251698284,,,,,,,,,28.066933486099384,46.075115101926016,-23.037557550963008,0
2024-10-28,27.935,28.23,27.51,27.88,25.687499999999982,29.318785585024198,22.056214414975766,80.59543956293253,80.70932563290813,0,0,,,,18.49184444444442,18.676762888888867,18.306925999999976,,3.213386642973526,8.535279805352868,12.64949897640344,0,70.26713164228363,70.84460200811164,,,,,0.008804131176974428,1.3295012122072656,1.3206970810302912,0.8049520491951266,70.26713164228363,,,,,,,,,29.642664467416086,46.09624091791508,-23.04812045895754,0
2024-10-29,28.25,28.36,27.6001,28.03,25.972499999999986,29.393645276074103,22.55135472392587,81.40163450835556,80.67597618482475,0,0,,,,18.56633333333331,18.751996666666646,18.380669999999977,,3.2983231988207518,7.921840408124048,12.439327690641466,0,70.94190160224022,70.77594865852551,,,,,0.014853367067134027,1.3392637898642086,1.3244104227970745,0.805046268802008,70.94190160224022,,,,,,,,,30.571226337048135,46.120612575691645,-23.060306287845822,0
2024-10-30,27.915,28.575,27.55,28.21,26.251499999999986,29.438927018773025,23.064072981226946,82.55049531554285,81.51585646227697,0,0,,,,18.640688888888864,18.827095777777753,18.454281999999974,,3.473572240765921,7.4605260651772864,12.3710382005763,0,71.7698403267828,70.87217363565644,,,,,0.017279055354454176,1.3460092419901422,1.328730186635688,0.8093047410115144,71.7698403267828,,,,,,,,,31.88496075489571,46.14981613580059,-23.074908067900296,0
2024-10-31,26.02,26.48,23.15,23.49,26.304499999999983,29.263023111284518,23.345976888715448,50.64078218246934,71.53097066878924,0,0,,,,18.692955555555532,18.879885111111086,18.506025999999977,,-12.935507783543343,-10.699690167081622,-6.514904286225953,0,39.77028733763382,68.46683213125065,,,,,-0.2954395195530819,0.9594307871943357,1.2548703067474176,-0.06644253038882365,39.77028733763382,39.77028733763382,,39.77028733763382,,,,,,24.568312587960275,46.153270590068246,-23.076635295034123,0
2024-11-01,23.7,24.1178,23,23.97,26.35849999999998,29.097005249219936,23.619994750780027,45.48633240292801,59.559203300313385,0,0,,,,18.747444444444422,18.934918888888866,18.55996999999998,,-10.204540346145164,-9.061593034504945,-4.761274087808742,0,42.57437498585119,66.08258780385243,,,,,-0.45676597055442913,0.6839128435543813,1.1406788141088104,-0.30333787467472556,42.57437498585119,,,,,,,,,17.825678072236894,46.13909709209239,-23.069548546046196,0
2024-11-04,23.75,24.56,23.5401,24.32,26.408499999999982,28.952907789644804,23.86409221035516,43.36643637782917,46.49785032107548,0,0,,,,18.80384444444442,18.991882888888863,18.615805999999974,,-7.9798705966929955,-7.9084385709145995,-3.5775172796595256,0,44.59974352097914,63.99013600887862,,,,,-0.5220010063585394,0.4881775561606361,1.0101785625191755,-0.4548605889391898,44.59974352097914,,,,,,,,,11.479602478285587,46.11362423660363,-23.056812118301814,0
2024-11-05,24.535,25.275,24.42,24.96,26.375999999999983,28.976364589822914,23.775635410177053,43.63624705543047,44.1630052787292,0,0,,,,18.861488888888864,19.050103777777753,18.672873999999975,,-4.674610449129202,-5.368516833484927,-1.325672719605675,0,48.197607646031926,62.11993668981539,,,,,-0.5038912079538929,0.38031455257680946,0.8842057605307023,-0.5242025585355488,48.197607646031926,,,,,,,,,13.51963086255627,46.091261842606656,-23.045630921303328,0
2024-11-06,27.73,30.06,26.74,29.86,26.586499999999983,29.570941488788982,23.602058511210984,66.11239726770563,51.03836023365509,0,0,,,,18.940466666666644,19.129871333333313,18.751061999999976,,12.679245283018915,12.312639873620146,16.89481032975355,0,66.2628058951507,61.99721909673627,,,,,-0.16148010982946148,0.6823556232438754,0.8438357330733369,-0.22641239451464235,66.2628058951507,,,,,,,,,21.96698432450133,46.087114719675746,-23.043557359837873,0
2024-11-07,29.06,30.04,28.67,29.36,26.779499999999985,29.951291134360012,23.607708865639957,67.6768771417212,59.14184048828577,0,0,,,,19.018999999999977,19.20918999999998,18.828809999999976,,9.904918769184734,9.636102242386958,13.907353283501056,0,63.81718483865553,61.535379567891425,,,,,0.02199966584689761,0.871335315381959,0.8493356495350614,-0.029989031110520696,63.81718483865553,,,,,,,,,28.791928585579758,46.104004072392904,-23.052002036196452,0
2024-11-08,29.35,30.63,29.21,30.54,26.992999999999984,30.550286044164093,23.435713955835876,75.05103043747785,69.61343494896823,0,0,,,,19.101711111111086,19.2927282222222,18.910693999999975,,12.851969551400533,13.140443818767888,17.47509327999388,0,66.9201673834002,61.25100445790112,,,,,0.20340958812240817,1.1035976346880716,0.9001880465656634,0.18555703221818143,66.9201673834002,,,,,,,,,36.15682848795421,46.14984702339162,-23.07492351169581,0
2024-11-11,32.94,34.32,32.23,32.8,27.28299999999998,31.649019239536834,22.916980760463126,80.24589857925879,74.32460205281929,0,0,,,,19.188955555555534,19.38084511111109,18.99706599999998,,19.038978006823015,20.22138327896501,24.669006322137644,0,71.89201497936622,61.18498517112143,,,,,0.44247182382084116,1.453277826341715,1.0108060025208738,0.4250524461847498,71.89201497936622,,,,,,,,,39.220859254522196,46.20933354061654,-23.10466677030827,0
2024-11-12,31.74,33.76,31.46,33,27.592999999999982,32.609760309204106,22.57623969079586,82.15651768101,79.15114889924888,0,0,,,,19.279533333333312,19.472328666666645,19.08673799999998,,17.642864782004253,19.595549595912075,23.756187809390504,0,72.2889448717601,61.681062847990674,,,,,0.5726645049811985,1.726636633747372,1.1539721287661735,0.5570606659091137,72.2889448717601,,,,,72.2889448717601,72.2889448717601,72.2889448717601,,43.31877807555193,46.2888133298088,-23.1444066649044,0
2024-11-13,33.63,34.1,31.8231,31.91,27.841999999999977,33.18608682564253,22.49791317435742,79.39032241584083,80.5975795587032,0,0,,,,19.364066666666645,19.557707333333312,19.170425999999978,,12.276133844692371,14.611019323324559,18.29617913103656,0,66.75600892307224,61.5965718907279,,,,,0.544164938461464,1.8341783018430036,1.2900133633815396,0.6465802208722721,66.75600892307224,,,,,,,,,44.06659054336038,46.371557917503964,-23.185778958751982,0
2024-11-14,32.85,33,31.5916,32.22,28.136999999999983,33.756719210067814,22.51728078993215,81.50864446005298,81.01849485230127,0,0,,,,19.44971111111109,19.6442082222222,19.255213999999977,,9.988393527684835,14.511141912783954,18.017655030951275,0,67.51747989468768,61.68396384627824,,,,,0.5057986072225649,1.9222616224097457,1.4164630151871809,0.7113176230699823,67.51747989468768,,,,,,,,,42.261077680849915,46.44422880787467,-23.222114403937336,0
2024-11-15,32.01,32.355,31.26,32.32,28.411499999999982,34.27986357087777,22.543136429122193,78.95277696917339,79.95058128168907,0,0,,,,19.53584444444442,19.731202888888866,19.340485999999977,,7.2720634604533485,13.756753427309443,17.03642903700844,0,67.77391104824054,61.50587666098944,,,,,0.44870467874948106,1.9773438636240321,1.528639184874551,0.7823406874031369,67.77391104824054,,,,,,,,,40.42922233724027,46.50722605084514,-23.25361302542257,0
2024-11-18,33.11,35.615,32.9,35,28.81299999999998,35.29828827424086,22.327711725759105,85.69742813093914,82.05294985338851,0,0,,,,19.632466666666645,19.82879133333331,19.43614199999998,,12.190274705901194,21.472946239544722,24.979170138310323,0,73.75395545600608,61.70673765054415,,,,,0.546492497140743,2.2117548063004797,1.6652623091597367,0.8694898619947092,73.75395545600608,,,,,,,,,43.84761378319636,46.58684653568037,-23.293423267840186,0
2024-11-19,34.56,36.32,34,35.24,29.204499999999985,36.226854234870615,22.18214576512936,86.77742605493157,83.80921038501471,0,0,,,,19.73051111111109,19.927816222222198,19.53320599999998,,9.356089992242044,20.66633566744858,24.41013450698426,0,74.21539877012114,61.881420396496885,,,,,0.5792703282215879,2.3893502194367215,1.8100798912151337,0.9387569009199981,74.21539877012114,,,,,,,,,46.995788901278104,46.682763703004646,-23.341381851502323,0
2024-11-20,37,38.11,35.72,36.08,29.673499999999983,37.19903061252198,22.14796938747799,87.29922871144683,86.59136096577252,0,0,,,,19.834244444444423,20.03258688888887,19.635901999999977,,9.842603586324472,21.589970849411145,25.831202046035816,0,75.81790991550008,64.4562505806302,,,,,0.6065532146791965,2.5682714095641295,1.961718194884933,0.9338801255036107,75.81790991550008,,,,,75.81790991550008,,75.81790991550008,,50.95228351872924,46.800765423134735,-23.400382711567367,0
2024-11-21,37.125,37.125,34.63,35.09,30.066999999999986,37.85660871931351,22.27739128068646,85.08838798302702,86.38834758313514,0,1,,,,19.935222222222198,20.134574444444418,19.735869999999977,,4.997007779772589,16.70602321482031,21.029213948194414,0,70.27447632213183,66.43482924750738,,,,,0.5107929800551103,2.6002094199538206,2.0894164398987103,0.9120454069468046,70.27447632213183,,,,,,,,,49.78149558804976,46.91077637707498,-23.45538818853749,0
2024-11-22,34.98,36.835,34.17,36.65,30.54649999999998,38.70842936749679,22.38457063250317,85.6827737093734,86.02346346794907,0,0,,,,20.04571111111109,20.2461682222222,19.84525399999998,,7.695924304310742,19.981012554629896,24.91904972902963,0,73.55554788000984,68.50310098743815,,,,,0.5045024528243709,2.720044505929174,2.215542053104803,0.9116773367367029,73.55554788000984,,,,,,,,,50.48046971805777,47.02392214282505,-23.511961071412525,0
2024-11-25,39.22,39.74,37.3,37.85,31.04499999999998,39.697702468015784,22.392297531984177,87.57264215606683,86.11460128282242,0,0,,,,20.160688888888867,20.362295777777756,19.959081999999977,,9.59578410933517,21.9197938476406,27.43821687504213,0,75.77100299228218,70.47262922645602,,,,,0.5304953425888517,2.8786612313408675,2.348165888752016,0.9453473215660524,75.77100299228218,,,,,,,,,51.7119266234677,47.143399946956585,-23.571699973478292,0
2024-11-26,37.05,37.91,36.15,36.42,31.46449999999998,40.303358467019734,22.625641532980225,81.78215124567264,85.01252237037096,0,1,,,,20.26971111111109,20.4724082222222,20.06701399999998,,4.421125064510556,15.749495463141084,21.313732456919567,0,68.41534730230393,70.62638218410983,,,,,0.40631070042515915,2.8560542642834648,2.4497435638583056,0.9306876483603863,68.41534730230393,68.41534730230393,,68.41534730230393,,,,,,52.48474248282628,47.26648197129584,-23.63324098564792,0
2024-11-27,37.51,38.29,37.04,37.65,31.936499999999985,41.03419261956051,22.838807380439462,82.27400442744548,83.87626594306165,0,0,,,,20.381844444444425,20.58566288888887,20.17802599999998,,6.199932302831979,17.890188342492188,23.935656601123622,0,71.02121458044084,71.14095573709449,,,,,0.36333657629928684,2.903914284232414,2.540577707933127,0.9271207916204406,71.02121458044084,,,,,,,,,52.81685450153927,47.39048099367257,-23.695240496836284,0
2024-11-29,38.62,39.145,37.51,37.54,32.63899999999998,41.17159374399171,24.106406256008256,79.86379557061687,81.30665041457833,0,0,,,,20.494466666666646,20.699411333333313,20.28952199999998,,4.324144064028457,15.015778669689706,22.070714734765584,0,70.46132901087384,71.3938958533426,,,,,0.2871726190998949,2.8995434818079957,2.612370862708101,0.9158225840495334,70.46132901087384,,,,,,,,,51.537266304141774,47.50571700267165,-23.752858501335826,0
2024-12-02,37.9249,38.79,37.52,37.62,33.32149999999998,41.123659380582254,25.519340619417704,73.73069477349925,78.62283159052053,0,0,,,,20.60771111111109,20.8137882222222,20.40163399999998,,3.0289751875992588,12.900079528232578,20.916678273353572,0,70.64259271982338,71.3046514062324,,,,,0.2056693896526922,2.869457599773966,2.663788210121274,0.9183416893704167,70.64259271982338,,,,,,,,,52.30173207529029,47.62446716674563,-23.812233583372816,0
2024-12-03,37.05,38.705,36.61,38.64,34.03749999999998,40.985518062728886,27.089481937271074,74.69928884602763,76.09792639671458,0,0,,,,20.727399999999978,20.93467399999998,20.520125999999976,,4.777916372905255,13.521850899743004,22.66147464657584,0,72.92398285423987,71.35001126212381,,,,,0.18461198361171238,2.8945531896359142,2.709941206024202,0.9283094689689098,72.92398285423987,,,,,,,,,52.72924934303345,47.74471730039949,-23.872358650199747,0
2024-12-04,39.95,40.57,37.78,40,34.78949999999999,40.84284775145163,28.73615224854835,80.89099036550718,76.44032466167802,0,0,,,,20.856199999999976,21.064761999999977,20.647637999999976,,7.083578733201268,14.97722013826015,25.309357476269568,0,75.64197024641513,71.98472278521973,,,,,0.22382195031613827,2.9897186439193746,2.7658966936032363,0.9283866857711376,75.64197024641513,,,,,,,,,54.81851012386115,47.87659566793813,-23.938297833969067,0
2024-12-05,42.71,42.76,38.79,38.92,35.242499999999986,41.10546810497942,29.37953189502055,78.02925374621836,77.87317765258439,0,0,,,,20.980599999999978,21.190405999999978,20.770793999999977,,3.406132100536685,10.434844293112056,20.38975099242155,0,69.6616309306484,72.1378764306455,,,,,0.1425256522239029,2.944053758883115,2.801528106659212,0.914156453377292,69.6616309306484,,,,,,,,,54.92103456370455,48.007920722988025,-24.003960361494013,0
2024-12-06,39.59,41.71,38.94,41.67,35.85799999999999,41.70614705697504,30.009852943024942,83.33681168709938,80.75235193294164,0,0,,,,21.118466666666645,21.329651333333313,20.907281999999977,,8.81031961562564,16.20837748898436,27.00396220664436,0,75.06705932809098,72.65881559349195,,,,,0.23405685586344616,3.0940991764885197,2.8600423206250736,0.9194024336505926,75.06705932809098,,,,,,,,,56.87428042464369,48.150277462305866,-24.075138731152933,0
2024-12-09,41.39,42.09,39.24,39.54,36.307999999999986,41.82579158722101,30.79020841277896,77.1882437253693,79.51810305289568,0,0,,,,21.246777777777755,21.459245555555533,21.034309999999977,,2.475055073214971,8.90161947780108,19.00319027267805,0,65.3542801119093,72.05883878319933,,,,,0.11715111007088952,3.0064812082136854,2.889330098142796,0.9030236064459928,65.3542801119093,,,,,,,,,54.495323853555334,48.27660826454144,-24.13830413227072,0
2024-12-10,39.81,40.5,37.19,37.36,36.53599999999999,41.82733404728952,31.244665952710456,62.64369789858054,74.38958443701641,0,0,,,,21.365222222222197,21.57887444444442,21.151569999999975,,-3.0516919244342855,2.2553098313992104,11.382744022419677,0,57.197270212618236,70.84325817194913,,,,,-0.12772837942690352,2.7296696238591664,2.85739800328607,0.7445758889519073,57.197270212618236,57.197270212618236,,57.197270212618236,,,,,,51.209944123343725,48.38264715519884,-24.19132357759942,0
2024-12-11,38.5,38.55,37.7,37.84,36.77799999999999,41.837978656082,31.718021343917986,57.56824484170133,65.80006215521705,0,0,,,,21.484555555555534,21.69940111111109,21.26970999999998,,-2.16660633952116,2.88759584534235,11.724585904514484,0,58.427627349842496,69.60109513154501,,,,,-0.269936240163581,2.5199777030815937,2.7899139432451747,0.6198724730042804,58.427627349842496,,,,,,,,,45.356904793050994,48.45682212703417,-24.228411063517086,0
2024-12-12,37.38,40.19,35.62,39.33,37.14899999999999,41.79828768737825,32.499712312621725,56.04109807864526,58.75101360630904,0,0,,,,21.610688888888866,21.826795777777754,21.39458199999998,,1.24594552849715,5.870952111766159,14.866772456897003,0,62.07220367708341,69.01521851404155,,,,,-0.27526566227595595,2.44583186540023,2.7210975276761857,0.5320467805686655,62.07220367708341,,,,,,,,,44.158146186245666,48.52454785740158,-24.26227392870079,0
2024-12-13,39.41,40.3465,38.96,40.2,37.54799999999999,41.78849336752292,33.30750663247706,59.71559088384474,57.77497793473043,0,0,,,,21.741311111111088,21.958724222222198,21.523897999999978,,2.7817549601145464,7.062959411952741,15.528307309129264,0,64.05379007369359,68.3365215278761,,,,,-0.2334625191631572,2.429269378722239,2.662731897885396,0.5253425752729118,64.05379007369359,,,,,,,,,46.8447505216135,48.60496180451506,-24.30248090225753,0
2024-12-16,41.02,43.83,40.53,43.2,38.09199999999999,42.30159190421183,33.88240809578815,67.75282737240408,61.169838778298015,0,0,,,,21.88575555555553,22.104613111111085,21.666897999999975,,8.89841189815983,13.409639819384678,21.90418857524481,0,69.89475111466126,67.91678925090318,,,,,-0.027845254877731485,2.6279253292882316,2.655770584165963,0.6415799682520043,69.89475111466126,,,,,,,,,52.32567675899792,48.71413637955184,-24.35706818977592,0
2024-12-17,42.31,42.31,40.34,41.63,38.42349999999999,42.65108690034946,34.19591309965052,66.6665395561761,64.71165260414163,0,0,,,,22.0228222222222,22.24305044444442,21.802593999999978,,4.15572068352974,8.345153356669787,15.591795934989472,0,64.0308881796467,67.60361359928481,,,,,-0.02191452848681985,2.6283774235574384,2.6502919520442583,0.6315149781282656,64.0308881796467,,,,,,,,,53.94356712089587,48.83166242894018,-24.41583121447009,0
2024-12-18,41.44,41.489,36.64,37.08,38.51549999999999,42.53702943542703,34.49397056457295,50.84035747063398,61.75324146640471,0,0,,,,22.13735555555553,22.358729111111085,21.915981999999975,,-6.54535373138091,-3.7270709194999196,1.8159185765541652,0,50.74407046973306,66.1552461628057,,,,,-0.3315810444879066,2.235815646434375,2.5673966909222816,0.3410000513605628,50.74407046973306,,,,,,,,,48.90185615988776,48.92034442734393,-24.460172213671964,0
2024-12-19,38.48,38.68,36.21,36.94,38.558499999999995,42.49237989140542,34.62462010859457,45.18799400847063,54.231630345093556,0,0,,,,22.252599999999976,22.475125999999975,22.030073999999978,,-6.431267256009532,-4.197518056978355,0.7784365792441239,0,50.397539457939416,64.72211833759609,,,,,-0.5406329297090293,1.8916055287859947,2.432238458495024,0.05358672997325821,50.397539457939416,50.397539457939416,,50.397539457939416,,,,,,40.307672310027634,48.967597111107565,-24.483798555553783,0
2024-12-20,35.11,38.475,34.02,38.33,38.720499999999994,42.32255205403873,35.11844794596126,41.863951688170275,45.964101055758285,0,0,,,,22.3752222222222,22.598974444444423,22.151469999999975,,-2.082002810065142,-1.008509704161864,3.7244838130632285,0,53.77293428386046,63.5171427350273,,,,,-0.5767894308747961,1.7112516699015288,2.288041100776325,-0.12883958090350078,53.77293428386046,,,,,,,,,35.383578242906076,48.99492932430553,-24.497464662152765,0
2024-12-23,37.92,38.5,37.08,37.5,38.76299999999999,42.285511036179315,35.24048896382067,38.53303702398986,41.8616609068769,0,0,,,,22.493399999999976,22.718333999999977,22.268465999999975,,-3.7004699417066744,-3.2582617444469997,0.8453077798793673,0,51.51852504098679,61.98818146265209,,,,,-0.6430436652077214,1.4842365192666733,2.1272801844743947,-0.2884761693450791,51.51852504098679,,,,,,,,,35.15299334562965,49.02115975866634,-24.51057987933317,0
2024-12-24,38,39.59,37.69,39.58,38.84949999999999,42.363036537451265,35.33596346254872,44.71484076499002,41.703943159050034,0,0,,,,22.620777777777754,22.84698555555553,22.394569999999977,,1.064780532645604,1.8803330802198426,5.795874727135053,0,56.446433897244304,60.6170717234256,,,,,-0.5375143908594062,1.455387195900137,1.9929015867595432,-0.21577384770651,56.446433897244304,,,,,,,,,37.658128887241425,49.056610563851685,-24.528305281925842,0
2024-12-26,39.34,40.465,38.8,40.38,39.04749999999999,42.43514150996025,35.65985849003973,48.338018251313834,43.861965346764556,0,0,,,,22.753311111111085,22.980844222222196,22.525777999999974,,2.4431083035238554,3.4125104039951504,7.229160949961533,0,58.20602538674525,59.79881418457537,,,,,-0.4103080658713334,1.4800165044203766,1.89032457029171,-0.16358733479152082,58.20602538674525,,,,,,,,,39.61594923311285,49.099609949075194,-24.549804974537597,0
2024-12-27,40.25,40.44,38.22,39.02,39.116,42.442694455462345,35.789305544537655,45.47899059874402,46.17728320501593,0,0,,,,22.878822222222198,23.10761044444442,22.650033999999977,,-0.9292642055552691,-0.24542386747110623,2.9696351289539624,0,54.19735945504474,58.30812133650064,,,,,-0.41309433001812823,1.3739566577690496,1.7870509877871779,-0.017029035374745826,54.19735945504474,,,,,,,,,40.960532572040556,49.14786956131201,-24.573934780656003,0
2024-12-30,37.81,38.96,37.4501,38.28,39.153,42.42476466146384,35.88123533853616,42.752939414034756,45.523316088030846,0,0,,,,23.00006666666664,23.230067333333306,22.770065999999975,,-2.3319895902434107,-2.229714198145727,0.481231953801764,0,52.09500704717054,57.36103040330501,,,,,-0.4567028929835961,1.2161723715576827,1.6728752645412788,-0.042673195620995294,52.09500704717054,,,,,,,,,38.98623626874994,49.187571000099545,-24.593785500049773,0
2024-12-31,38.95,39.1,37.03,37.26,39.13499999999999,42.44405122353904,35.82594877646094,37.19676731841227,41.80956577706366,0,0,,,,23.11579999999998,23.34695799999998,22.884641999999978,,-3.471502590673581,-4.791107704101172,-2.6170894898243535,0,49.2586368495743,56.79398516308759,,,,,-0.5404400766532231,0.9973251687247497,1.5377652453779729,-0.2856132937441284,49.2586368495743,49.2586368495743,,49.2586368495743,,,,,,34.87750269016827,49.21139227912176,-24.60569613956088,0
2025-01-02,38.54,39.7,37.35,39.44,39.175,42.47848603750698,35.87151396249301,42.93360069495305,40.9611024758,0,0,,,,23.23975555555553,23.472153111111083,23.007357999999975,,2.759177718141781,0.6764518187619695,2.683375568438251,0,54.909246540355525,56.54267224812424,,,,,-0.4394911643515318,0.9884012899385581,1.42789245429009,-0.3557901546359071,54.909246540355525,,,,,,,,,34.91890080686566,49.23512888416365,-24.617564442081825,0
2025-01-03,39.78,41.38,39.0243,41.35,39.24249999999999,42.66372711903274,35.82127288096724,53.798820617962996,44.64306287710941,0,0,,,,23.37015555555553,23.603857111111086,23.136453999999976,,6.5501958359101,5.370452952793547,7.088286328438653,0,59.196616082476716,56.337273134223764,,,,,-0.2443055738195894,1.122510487015603,1.3668160608351925,-0.18742667667525342,59.196616082476716,,,,,,,,,37.96984370496465,49.269940513003405,-24.634970256501703,0
2025-01-06,42.11,43.12,41.46,42.71,39.431999999999995,43.16630903916696,35.69769096083303,61.257551517077744,52.663324276664575,0,0,,,,23.50735555555553,23.742429111111086,23.272281999999976,,8.44230036816045,8.313045242442696,9.98094453314109,0,61.969464276089575,56.188392720109185,,,,,-0.03482910350438817,1.3232796814547072,1.3581087849590954,0.08385823897739547,61.969464276089575,,,,,61.969464276089575,61.969464276089575,61.969464276089575,,43.63988591994556,49.32809326403025,-24.664046632015125,0
2025-01-07,42.33,43.1876,39.865,40.56,39.37649999999999,43.0076831405211,35.74531685947888,59.444742833635985,58.16703832289221,0,0,,,,23.62815555555553,23.864437111111087,23.391873999999973,,2.403554837406574,3.0055997866748285,3.956462678023742,0,55.543379540984546,55.16329475056085,,,,,-0.051297106746678534,1.2939874015257473,1.3452845082724258,0.44452718459955703,55.543379540984546,,,,,,,,,44.24388230902611,49.38848893684593,-24.694244468422966,0
2025-01-08,40.255,40.8299,39.21,40.81,39.43999999999999,43.12442668538881,35.75557331461117,63.6780292243112,61.460107858341615,0,0,,,,23.74988888888886,23.98738777777775,23.51238999999997,,2.1808257592828895,3.4736308316430264,4.226790959009108,0,56.113265822267685,54.59775029646236,,,,,-0.05524013915590276,1.2762343343275475,1.3314744734834503,0.7461925340351858,56.113265822267685,,,,,,,,,42.95756063757543,49.44268278808285,-24.721341394041424,0
2025-01-10,40.07,40.53,38.78,40.08,39.57599999999999,43.1421822724034,36.009817727596584,58.33516635738707,60.48597947177805,0,0,,,,23.86579999999997,24.104457999999973,23.62714199999997,,0.22756257970939497,1.2734990903578103,2.1684453810074444,0,53.93895407113858,54.82595626799132,,,,,-0.11354146931176712,1.1895476368437414,1.3030891061555085,0.6747296005327762,53.93895407113858,,,,,,,,,39.37059039411471,49.48151460283199,-24.740757301415996,0
2025-01-13,39.01,39.7971,38.42,39.59,39.663499999999985,43.13975243617422,36.18724756382575,54.49205839498755,58.835084658895234,0,0,,,,23.979133333333305,24.218924666666638,23.739341999999972,,-0.8018040591330489,-0.1853089112155537,0.6482776153553083,0,52.46928578297444,54.97393814835097,,,,,-0.187282252042966,1.068986291101801,1.256268543144767,0.5301568948650063,52.46928578297444,52.46928578297444,,52.46928578297444,,,,,,37.76652045387779,49.51381870218178,-24.75690935109089,0
2025-01-14,41.8,43.77,41.28,41.76,39.78499999999999,43.37416424812324,36.195835751876736,64.24440756823613,59.023877440203556,0,0,,,,24.104333333333308,24.345376666666642,23.863289999999974,,3.9219589886521744,4.9641824808345,5.796513984596707,0,57.93543565415804,55.27125967480079,,,,,-0.09665273096415228,1.1354526294395768,1.232105360403729,0.5608347295403409,57.93543565415804,,,,,,,,,38.162521987615555,49.54733793845689,-24.773668969228446,0
2025-01-15,43.99,46.22,43.6426,45.56,40.05299999999998,44.43825757510408,35.667742424895884,73.30903586327723,64.01516727550027,0,0,,,,24.244733333333308,24.487180666666642,24.002285999999973,,11.360969886585837,13.749282201083624,14.647117046083679,0,65.43239323878383,56.26510740321487,,,,,0.19649304605518392,1.477721667972709,1.281228621917525,0.6034562976315471,65.43239323878383,,,,,,,,,43.389732612070304,49.601876642805166,-24.800938321402583,0
2025-01-16,45.61,46.85,45.25,46.08,40.19699999999999,45.139849785296555,35.25415021470342,78.53562337956912,72.02968893702746,0,0,,,,24.385177777777752,24.62902955555553,24.141325999999975,,10.255060535005,14.635420553772693,15.138592750533064,0,66.3170666895383,56.970152602664434,,,,,0.3914351181540574,1.7705225196100969,1.3790874014560395,0.7098299961419926,66.3170666895383,,,,,,,,,49.618885726376334,49.68511140314369,-24.842555701571843,0
2025-01-17,47.74,49.27,46.97,48.15,40.52299999999998,46.54346543051338,34.502534569486585,83.5796477930496,78.47476901196528,0,0,,,,24.529888888888863,24.775187777777752,24.284589999999973,,12.855970936364681,18.821410063420817,19.365367929595536,0,69.64721732630137,57.78738059834702,,,,,0.6126310440886931,2.144876206566906,1.5322451624782127,0.8143034972145831,69.64721732630137,,,,,,,,,55.47725403669927,49.79874652928368,-24.89937326464184,0
2025-01-21,49.93,50.64,48.15,50,41.16899999999999,48.25197931664393,34.08602068335605,87.88612790776871,83.33379969346244,0,0,,,,24.67988888888886,24.92668777777775,24.43308999999997,,14.863312657937033,21.450606038524157,22.9357046264804,0,72.28453369181389,59.079321615259104,,,,,0.8232507249276004,2.5613085686377133,1.7380578437101128,0.8556317471971374,72.28453369181389,,,,,,,,,59.04783096128872,49.93206553342683,-24.966032766713415,0
2025-01-22,50.21,51.09,49.72,50.16,41.82999999999999,49.640994815003026,34.019005184996956,89.95844064369999,87.14140544817273,0,0,,,,24.831133333333305,25.07944466666664,24.58282199999997,,13.291925465838483,19.913937365527158,22.20336367844471,0,72.50702771508477,60.5373230915387,,,,,0.9064721817538697,2.87114807090245,1.9646758891485803,0.8780370663003075,72.50702771508477,,,,,,,,,62.10734082813966,50.082894942355765,-25.041447471177882,0
2025-01-23,49.39,50.91,49.26,50.36,42.431499999999986,50.897113444990666,33.965886555009305,91.27331515684733,89.7059612361053,0,0,,,,24.98246666666664,25.232291333333304,24.732641999999974,,11.28052148933818,18.685410602971885,21.83084962260502,0,72.80095808554171,62.21891746553637,,,,,0.9059669666890047,3.097134597509836,2.191167630820831,0.8805735271436826,72.80095808554171,,,,,,,,,63.33591871663088,50.24011138842152,-25.12005569421076,0
2025-01-24,50.91,52.06,50.6,51.12,43.11249999999998,52.05932262035,34.16567737964996,91.8077658924178,91.01317389765501,0,0,,,,25.13597777777775,25.38733755555553,24.88461799999997,,10.443762692822878,18.573499565091378,22.52528641963476,0,73.94107035923041,63.57833345259887,,,,,0.8866829897090192,3.299521367957105,2.412838378248086,0.8942392574680459,73.94107035923041,,,,,73.94107035923041,,73.94107035923041,,63.454234499211964,50.39666334946995,-25.198331674734973,0
2025-01-27,48.33,50.145,46.66,47.74,43.520499999999984,52.52976295542582,34.51123704457415,78.8725365725283,87.31787254059778,0,1,,,,25.274244444444417,25.52698688888886,25.021501999999973,,1.4622120207429923,9.695430888891487,13.482932395169755,0,61.57844937622329,63.748464402152194,,,,,0.5904136884080602,3.150855488758161,2.560441800350101,0.8739082059376612,61.57844937622329,61.57844937622329,,61.57844937622329,,,,,,59.7701243811342,50.52932655314241,-25.264663276571206,0
2025-01-28,47.8977,49.8,47.0107,49.4,43.971499999999985,53.20699516810041,34.73600483189956,78.08591900472885,82.92207382322495,0,0,,,,25.422999999999973,25.677229999999973,25.168769999999974,,2.8459600691191467,12.345496514788024,16.363065326633187,0,64.70003444282898,63.943505128347844,,,,,0.4563616316729031,3.13089383994123,2.6745322082683267,0.8908712165055658,64.70003444282898,,,,,,,,,57.66148154783473,50.648684241178394,-25.324342120589197,0
2025-01-29,48.82,51.71,48.6,51.15,44.57799999999999,54.023935845643074,35.132064154356904,80.0144545282458,78.99097003516762,0,0,,,,25.577444444444417,25.83321888888886,25.321669999999973,,4.447439353099725,14.742698191933258,19.377324143081644,0,67.68109983806244,64.8104851495677,,,,,0.4357148807584492,3.219175809216388,2.783460928457939,0.8838531436509443,67.68109983806244,,,,,,,,,56.670815158192546,50.76151275627645,-25.380756378138226,0
2025-01-30,51.96,53.5098,51.0664,53,45.313999999999986,54.97381242053934,35.65418757946063,83.06891478722225,80.38976277339894,0,0,,,,25.740288888888863,25.997691777777753,25.482885999999972,,6.605519349907474,16.961645407600344,22.475389379303977,0,70.51578692728137,65.83923665706867,,,,,0.4926193993390675,3.3992351776317733,2.906615778292706,0.8823646602371713,70.51578692728137,,,,,,,,,61.29220606646942,50.89993964513075,-25.449969822565375,0
2025-01-31,53.26,53.49,51.635,51.95,46.04849999999999,55.37523206434091,36.72176793565907,81.7984994328311,81.62728958276635,0,0,,,,25.895622222222194,26.154578444444414,25.636665999999973,,3.2741585988907085,12.815835477811465,19.24527724431322,0,66.9277489987095,66.76700772332373,,,,,0.4089545179982208,3.4178089257904816,3.0088544077922608,0.8537969480191333,66.9277489987095,,,,,,,,,63.05870163231609,51.04784139037414,-25.52392069518707,0
2025-02-03,48.49,52.32,48.08,51.9,46.67149999999999,55.81201262238652,37.53098737761346,80.22083361690457,81.69608261231927,0,0,,,,26.051355555555528,26.311869111111083,25.790841999999973,,2.4113027349145444,11.202768284713404,18.2016944520361,0,66.75356409391225,67.78731331696214,,,,,0.3044548851461135,3.389423014224903,3.0849681290787894,0.830448248731227,66.75356409391225,,,,,,,,,62.86339830469768,51.19325989640066,-25.59662994820033,0
2025-02-04,52,53.31,51.54,52.58,47.23299999999999,56.376645006232785,38.089354993767195,80.3090457680988,80.77612627261145,0,0,,,,26.212199999999974,26.474321999999976,25.950077999999973,,3.2275797078686885,11.32047509156735,18.357669162777455,0,67.97431299935226,68.50437598447601,,,,,0.23826745743328326,3.3828024508703933,3.14453499343711,0.8304272475033594,67.97431299935226,,,,,,,,,61.22639554260828,51.327656616003225,-25.663828308001612,0
2025-02-05,52.32,54.33,52.21,54.2,47.80749999999999,57.18312557912823,38.43187442087175,83.36012607988789,81.29666848829704,0,0,,,,26.3768222222222,26.64059044444442,26.113053999999977,,5.570705103233364,13.371332949851,20.444444444444464,0,70.73153642167154,68.88288621182514,,,,,0.25900857625780604,3.4682957137593675,3.2092871375015615,0.8281919048925499,70.73153642167154,,,,,,,,,61.84931248625298,51.46456893110746,-25.73228446555373,0
2025-02-06,54.8,54.88,52.16,53.17,48.43799999999999,57.4689614106144,39.40703858938558,80.55360018177475,81.40759067658712,0,0,,,,26.532911111111087,26.798240222222198,26.267581999999976,,3.0007167625578646,9.769189479334429,16.870842003458275,0,66.79405765378908,68.91695699498591,,,,,0.16344039819013023,3.4135876352392245,3.2501472370490943,0.8049584694832627,66.79405765378908,,,,,,,,,61.39618142752454,51.59765798700611,-25.798828993503054,0
2025-02-07,54.39,55.98,54.11,55.86,49.190499999999986,58.06029024554732,40.32070975445265,82.1227557852758,82.0121606823128,0,0,,,,26.700511111111087,26.967516222222198,26.433505999999976,,7.227181111431036,13.558512314369686,21.153846153846168,0,71.28926010983275,69.03424576523815,,,,,0.23701084360281843,3.546410791552617,3.3093999479497986,0.8106205556587347,71.28926010983275,,,,,,,,,62.71499868559285,51.73735829134484,-25.86867914567242,0
2025-02-10,57.18,57.27,55.55,56.27,49.999999999999986,58.33520485651107,41.6647951434889,83.88979136281596,82.18871577662213,0,0,,,,26.86966666666664,27.138363333333306,26.600969999999972,,6.274080229659296,12.54000000000004,20.588046203630306,0,71.913353517188,69.00773289562201,,,,,0.2666929479762139,3.642766132920066,3.376073184943852,0.8556023050447975,71.913353517188,,,,,71.913353517188,71.913353517188,71.913353517188,,62.64376078985432,51.875442596364415,-25.937721298182208,0
2025-02-11,55.9,55.9899,53.28,53.34,50.687499999999986,57.62598074148849,43.74901925851148,70.73542742004959,78.91599152271375,0,0,,,,27.030111111111086,27.300412222222196,26.759809999999977,,-0.003749390724017143,5.233045622688071,13.260431043635212,0,61.607026770250165,68.2291613995624,,,,,0.05355186116015309,3.4430130113940436,3.3894611502338905,0.8248590839667119,61.607026770250165,61.607026770250165,,61.607026770250165,,,,,,60.7564435605768,52.00145820429373,-26.000729102146867,0
2025-02-12,53.1703,56.74,52.65,55.91,51.39499999999998,57.36619251071422,45.42380748928574,73.31351799583523,75.97957892623356,0,0,,,,27.196111111111087,27.468072222222197,26.924149999999976,,3.887175294511125,8.784901254985922,17.315036300306353,0,66.18482076878138,67.75658016265095,,,,,0.05026220581648433,3.452288907504496,3.4020267016880115,0.8539893759044264,66.18482076878138,,,,,,,,,58.558444204537174,52.1142492087121,-26.05712460435605,0
2025-02-13,62.09,66.91,61.2,63.8,52.30699999999998,59.81003431952766,44.8039656804723,82.45283202219909,75.50059247936127,0,0,,,,27.3948222222222,27.668770444444423,27.120873999999976,,16.21552697730335,21.972202573269396,31.5228893805918,0,75.7460785812123,67.88550932136393,,,,,0.5180712251668216,4.049615733146538,3.5315445079797168,0.8430362912735364,75.7460785812123,,,,,,,,,62.65452980592477,52.24908513893919,-26.124542569469597,0
2025-02-14,63.305,66.0799,61.7214,65.28,53.26699999999998,62.12779928674665,44.40620071325331,85.79613515225608,80.52082839009677,0,0,,,,27.603622222222196,27.879658444444416,27.327585999999975,,16.092546815813336,22.552424578069008,32.03171349981127,0,77.05656113351498,68.99108873259905,,,,,0.8463804311168763,4.589520046875812,3.7431396157589356,0.8351609407931065,77.05656113351498,,,,,77.05656113351498,,77.05656113351498,,70.51019905132749,52.43124626013208,-26.21562313006604,0
2025-02-18,65.21,65.578,59.901,60.44,53.88149999999998,62.94003028918105,44.82296971081891,79.3078403633302,82.51893584592841,0,1,,,,27.787444444444418,28.06531888888886,27.509569999999975,,5.877200665673987,12.172081326614915,20.536070412423246,0,64.73759722422048,68.99377178841273,,,,,0.6647866379716723,4.574122913223526,3.909336275251854,0.8280558976504724,64.73759722422048,,,,,,,,,71.55054868767898,52.61857668879999,-26.309288344399995,0
2025-02-19,61.09,61.9108,58.65,59.23,54.34299999999998,63.503410689483815,45.18258931051615,73.36327374376866,79.4890830864516,0,0,,,,27.964999999999975,28.244649999999975,27.685349999999975,,2.562770562770522,8.992878567616835,16.73542860146111,0,62.06616498403058,68.59270501312474,,,,,0.40325790660007677,4.41340865850195,4.0101507519018735,0.8044794726490029,62.06616498403058,,,,,,,,,65.26106138486463,52.76473588930943,-26.382367944654714,0
2025-02-20,59.09,59.1,54.23,56.06,54.63799999999999,63.61882089789145,45.65717910210853,60.12353248525895,70.93154886411922,0,0,,,,28.125222222222195,28.406474444444417,27.843969999999974,,-3.2380557856945824,2.602584282001552,9.527127794674106,0,55.593672880334644,67.52683972405711,,,,,-0.020664454622935757,3.984320183623204,4.00498463824614,0.7151425709778951,55.593672880334644,,,,,,,,,55.27675630678826,52.85529009735494,-26.42764504867747,0
2025-02-21,57.87,57.87,51.44,51.6,54.69999999999999,63.57836696695991,45.821633033040065,48.496957921337355,60.66125471678828,0,0,,,,28.26508888888886,28.54773977777775,27.982437999999973,,-10.694196853528116,-5.667276051188274,0.09375707219299034,0,48.00805428724472,66.17543295895248,,,,,-0.6064269741283148,3.2469509205857463,3.853377894714061,0.4329358356736028,48.00805428724472,,,,,,,,,46.29043156409054,52.90473615548928,-26.45236807774464,0
2025-02-24,52.24,52.56,47.97,49.93,54.64049999999999,63.62930075427221,45.65169924572777,35.28731558048883,47.969268662361664,0,0,,,,28.400733333333307,28.68474066666664,28.11672599999997,,-12.68842024271677,-8.62089475755161,-3.7135125058656238,0,45.50434009258687,64.6576312445721,,,,,-1.0834876784881686,2.4990182966038503,3.582505975092019,0.10457864323026626,45.50434009258687,,,,,,,,,37.10433841700397,52.920789500743055,-26.460394750371528,0
2025-02-25,47.51,48.84,44.02,45.92,54.54949999999999,63.84742767233673,45.25157232766325,27.888840800157112,37.224371433994385,0,0,,,,28.519488888888862,28.80468377777775,28.234293999999974,,-18.220512546526347,-15.819576714726969,-11.77770235221034,0,40.09687463111324,62.666385646840745,,,,,-1.6142717263379667,1.5646663171695607,3.1789380435075274,-0.24459180336177253,40.09687463111324,40.09687463111324,,40.09687463111324,,,,,,27.475263643278023,52.91101704226931,-26.455508521134654,0
2025-02-26,47.3099,50.52,46.54,48.85,54.52199999999998,63.88372120926536,45.160278790734594,30.058072515310528,31.07807629865211,0,0,,,,28.65122222222219,28.937734444444413,28.36470999999997,,-12.301174105059076,-10.40314001687388,-6.7018086670868176,0,45.21930865615744,60.844083663589736,,,,,-1.704330109533298,1.0485254065909047,2.7528555161242028,-0.4205521253122874,45.21930865615744,,,,,,,,,24.29618813056432,52.89474395127932,-26.44737197563966,0
2025-02-27,51.76,52.93,48.42,48.78,54.40349999999999,63.99024558961513,44.816754410384846,29.351866977704468,29.099593431057325,0,0,,,,28.786022222222194,29.073882444444415,28.498161999999972,,-11.291349178926712,-10.336651134577712,-7.2500142604528754,0,45.120040153228736,59.29593955640685,,,,,-1.7009976535195017,0.6266084492248254,2.327606102744327,-0.5923659171189938,45.120040153228736,,,,,,,,,22.534390926516124,52.87531392557063,-26.437656962785315,0
2025-02-28,48.185,51.17,47.41,50.1,54.258499999999984,64.01204556046203,44.50495443953794,31.911332608932604,30.44042403398249,0,0,,,,28.92691111111108,29.216180222222192,28.63764199999997,,-6.562972080792262,-7.664236939834279,-5.013492760675675,0,47.462217968020056,57.59400797484881,,,,,-1.546720851186138,0.3942050387616547,1.9409258899477926,-0.6607563118560201,47.462217968020056,,,,,,,,,25.329210219374744,52.86101195643085,-26.430505978215425,0
2025-03-03,54.72,54.8399,46.68,46.89,54.005499999999984,64.2362741153839,43.77472588461606,29.076113770182047,30.113104452272996,0,0,,,,29.05282222222219,29.34335044444441,28.76229399999997,,-9.443800695249148,-13.175509901769233,-11.144939803175935,0,42.69071408181059,55.50667658660756,,,,,-1.5914912291709418,-0.04843814651588474,1.543053082655057,-0.7399789033200508,42.69071408181059,,,,,,,,,22.956029677187733,52.842303271209865,-26.421151635604932,0
2025-03-04,45.19,48.27,42.14,46.22,53.72149999999998,64.47242047222048,42.970579527779485,25.011351422765408,28.666265933959977,0,0,,,,29.17691111111108,29.468680222222194,28.88514199999997,,-8.217165097899048,-13.963683069162226,-12.3076631187508,0,41.747326033947466,54.08812653401451,,,,,-1.5929493898672606,-0.4481336546790189,1.1448157351882418,-0.8572107637430384,41.747326033947466,,,,,,,,,20.15051633029275,52.819127167233106,-26.409563583616553,0
2025-03-05,46.7,48.29,44.92,48.12,53.49849999999998,64.51658200187357,42.480417998126384,26.256953487856748,26.78147289360136,0,0,,,,29.309266666666637,29.602359333333304,29.01617399999997,,-2.2884642719353643,-10.053552903352402,-8.594150684150836,0,45.43008828767901,52.60564564250719,,,,,-1.3995418027796087,-0.6046115182862692,0.7949302844933395,-0.8896851932586208,45.43008828767901,,,,,,,,,17.88975559459033,52.79293579437499,-26.396467897187495,0
2025-03-06,46.23,48.7899,44.66,44.84,53.03049999999998,64.6674041845333,41.39359581546666,21.846956446278476,24.3717537856335,0,0,,,,29.424111111111085,29.718352222222197,29.129869999999972,,-6.825974025974036,-15.444885490425285,-14.53675643737965,0,40.65209361839795,50.098932430877596,,,,,-1.4215205451726316,-0.98197039697245,0.43955014820018157,-0.8710024780505919,40.65209361839795,,,,,,,,,15.687455668764528,52.764304385621756,-26.382152192810878,0
2025-03-07,43.64,45.37,40.95,44.42,52.59299999999998,64.81904449525726,40.36695550474271,19.62112033419936,22.57501008944482,0,0,,,,29.54166666666664,29.837083333333307,29.24624999999997,,-6.300757272132806,-15.540090886619861,-15.01654900610302,0,40.07093895221425,47.457102275070405,,,,,-1.3915886527781296,-1.2999356677724805,0.09165298500564911,-0.862529773082151,40.07093895221425,,,,,,,,,13.754461578352291,52.733938306393355,-26.366969153196678,0
2025-03-10,40.925,41.1974,35.23,35.63,51.581499999999984,65.75180878280383,37.411191217196134,13.225766181872995,18.231280987450237,0,0,,,,29.623622222222192,29.919858444444415,29.32738599999997,,-22.504730626182656,-30.924847086649255,-31.15330610983006,0,30.306133209976295,44.99771198833868,,,,,-1.86167139355907,-2.2354362569431885,-0.37376486338411846,-0.8513249496818072,30.306133209976295,30.306133209976295,,30.306133209976295,,,,,,3.2042275762235763,52.70033049595908,-26.35016524797954,0
2025-03-11,36.195,38.35,35.57,36.36,50.58599999999998,66.03837768112115,35.13362231887881,13.794780646360856,15.547222387477698,0,0,,,,29.70828888888886,30.005371777777746,29.41120599999997,,-19.237689078430066,-28.12240540861105,-29.22398131326238,0,31.79269728384577,42.83532143832548,,,,,-2.008723820247075,-2.8846696386929622,-0.8759458184458873,-0.8521607725871503,31.79269728384577,,,,,,,,,-3.879383787482396,52.67064094875149,-26.335320474375745,0
2025-03-12,38.99,39.671,36.8509,38.92,49.86499999999998,66.06372896248376,33.66627103751619,17.303205211849043,14.774584013360924,1,0,,,,29.805355555555526,30.10340911111108,29.50730199999997,,-11.60170800399747,-21.949263010127307,-23.72216995923486,0,36.8775102288107,41.49845267750235,,,,,-1.8242337603034495,-3.1562380188251993,-1.3320042585217498,-0.8400630014871746,36.8775102288107,,,,,,,,,-8.40200408575704,52.64600072068745,-26.323000360343723,0
2025-03-13,38.27,38.68,35.91,36.02,48.87049999999998,65.88435021093146,31.856649789068502,15.653558511087763,15.58384812309918,0,0,,,,29.889533333333304,30.18842866666664,29.59063799999997,,-15.74663173652694,-26.295004143603972,-28.701033920783303,0,33.80321981325578,40.48382164364599,,,,,-1.7858972132822255,-3.5643757751245317,-1.7784785618423062,-0.8533144091428628,33.80321981325578,,,,,,,,,-8.113940753836102,52.621011973794324,-26.310505986897162,0
2025-03-14,37.4,39.46,37.01,39.24,47.642499999999984,63.68651679754821,31.598483202451757,25.763971150033996,19.573578290990227,0,0,,,,29.990022222222194,30.289922444444418,29.69012199999997,,-5.822493159890563,-17.63656399223379,-21.61562893270209,0,39.8038212203046,40.07664172419726,,,,,-1.4465419982766488,-3.586656059688117,-2.1401140614114684,-0.8388036914778785,39.8038212203046,,,,,,,,,-5.8232548615925515,52.593348455954235,-26.296674227977118,0
2025-03-17,39.35,42.92,38.96,42.02,46.47949999999998,60.48330016281338,32.47569983718658,32.62875428288911,24.682094648003584,0,0,,,,30.100377777777748,30.401381555555524,29.799373999999972,,2.0423031156657334,-9.594552437095881,-15.503720088477756,0,44.482879492152556,40.38992778570007,,,,,-0.9610864852680026,-3.3414721679964714,-2.380385682728469,-0.8180836112710496,44.482879492152556,,,,,,,,,-3.4078858979095723,52.56342952573446,-26.28171476286723,0
2025-03-18,40.8,41.56,38.8495,40.1,45.462499999999984,58.156189573957946,32.76881042604202,33.05059514663869,30.48110685985389,0,0,,,,30.20028888888886,30.50229177777775,29.89828599999997,,-1.1511819952177982,-11.795435798735188,-18.721707992703184,0,42.051714921278226,40.16367109035155,,,,,-0.7072590255085607,-3.26445946461417,-2.557200439105609,-0.7741216330470602,42.051714921278226,,,,,,,,,-0.22629174823147355,52.53140260968232,-26.26570130484116,0
2025-03-19,40.775,43.84,40.1763,42.8,44.64099999999998,55.68361182873021,33.59838817126975,39.695780888980124,35.1250434395026,0,0,,,,30.31357777777775,30.616713555555528,30.01044199999997,,6.906456850255993,-4.124011558880802,-12.672071385820761,0,46.48140543353338,40.260911467516166,,,,,-0.31546800379467577,-2.951535443848954,-2.636067440054278,-0.6443267145519879,46.48140543353338,,,,,,,,,2.4926910065805785,52.49836838378737,-26.249184191893686,0
2025-03-20,42.2,44.24,41.93,43.66,44.02099999999997,53.74290495736369,34.29909504263625,45.29931704629404,39.348564360637575,0,0,,,,30.431533333333302,30.735848666666637,30.127217999999967,,9.376957186161249,-0.8200631516775525,-10.274150899450586,0,47.84886941192816,40.28852942779532,,,,,0.02555208696044975,-2.604127331353716,-2.629679418314166,-0.4282539874228474,47.84886941192816,,,,,,,,,3.6329743982766245,52.46516276372058,-26.23258138186029,0
2025-03-21,41.95,44.73,41.5,44.36,43.65899999999997,52.743381982282195,34.57461801771775,52.64697225499566,45.88069006342323,0,0,,,,30.549222222222195,30.85471444444442,30.24372999999997,,11.14730274861564,1.605625415149281,-8.282045803841564,0,48.99132547161359,40.73857309849552,,,,,0.3066040405349817,-2.2464243676454387,-2.5530284081804204,-0.19482438834146076,48.99132547161359,,,,,,,,,6.867150316038772,52.43204158529972,-26.21602079264986,0
2025-03-24,46.4,48.99,46.1,48.36,43.580499999999965,52.471851921952975,34.689148078046955,70.83313454498828,56.25980794875929,0,0,,,,30.68708888888886,30.993959777777746,30.38021799999997,,17.424242424242387,10.967060956161667,0.5078041109271458,0,55.0509157543665,41.688829507096884,,,,,0.7452353976481705,-1.6214841611202075,-2.366719558768378,0.15864027545135512,55.0509157543665,,,,,55.0509157543665,,55.0509157543665,,11.037084201409774,52.400499707214564,-26.200249853607282,0
2025-03-25,48.75,49.88,47.2,48.15,43.691999999999965,52.75223310958481,34.63176689041512,73.2326536500037,65.57092014999584,0,0,,,,30.827799999999968,31.13607799999997,30.519521999999967,,13.660505629912855,10.203240867893527,0.6374751802696199,0,54.68363297304954,42.34979698462335,,,,,0.9892697846459932,-1.1301323279608866,-2.11940211260688,0.5482664973227412,54.68363297304954,,,,,,,,,14.21070659548223,52.371289468179825,-26.185644734089912,0
2025-03-26,47.98,48,43.8,44.73,43.48599999999997,52.25027840726298,34.721721592736955,69.5768978805488,71.21422869184688,0,0,,,,30.95259999999997,31.262125999999967,30.64307399999997,,4.158904619970172,2.86069079703819,-5.946423314689442,0,48.955312075497076,42.942884017273286,,,,,0.8914324281285435,-1.0051115774462005,-1.896544005574744,0.7339291282641548,48.955312075497076,,,,,,,,,14.065161828508373,52.34200152020047,-26.171000760100235,0
2025-03-27,44.11,45.59,43.24,43.99,43.24649999999997,51.67434972576134,34.8186502742386,64.98475637742729,69.26476930265989,0,0,,,,31.069844444444414,31.380542888888858,30.75914599999997,,0.5692599620493288,1.7192142716752512,-6.7231167215617615,0,47.78880743941249,43.49416033778744,,,,,0.7534448660386128,-0.9547379230264781,-1.708182789065091,0.8884850452763473,47.78880743941249,,,,,,,,,10.177924459936612,52.31017543959822,-26.15508771979911,0
2025-03-28,42.69,43.07,40.57,41.92,42.83749999999997,50.668039891987924,35.00696010801202,59.76827911480987,64.77664445759528,0,0,,,,31.176377777777745,31.488141555555522,30.864613999999968,,-4.746756345293024,-2.141814998540925,-9.71613996295606,0,44.588217293525375,44.51430920089809,,,,,0.5109307228195685,-1.0695193855406302,-1.5804501083601987,0.7626734470132236,44.588217293525375,,,,,,,,,4.973387571224147,52.27722706144895,-26.138613530724474,0
2025-03-31,39.775,41.95,38.8382,41.62,42.57399999999997,50.193155858755816,34.95484414124412,52.46874495561727,59.07392681595144,0,0,,,,31.2823333333333,31.595156666666632,30.969509999999964,,-5.342400327503494,-2.2408042467232936,-8.813390979200763,0,44.12695976234788,45.39532794936253,,,,,0.32740708617763703,-1.1711912506381523,-1.4985983368157894,0.592071360447892,44.12695976234788,44.12695976234788,,44.12695976234788,,,,,,2.340442041815676,52.244736528375135,-26.122368264187568,0
2025-04-01,41.8,43.37,40.61,42.16,42.37099999999997,49.80486279130933,34.9371372086906,50.726544535046685,54.321189535157906,0,0,,,,31.38975555555552,31.703653111111077,31.075857999999965,,-4.561403508771944,-0.497982110405637,-6.380458919319043,0,45.22535866955973,45.991602837987465,,,,,0.24333877914321578,-1.1944248628867697,-1.4377636420299855,0.45164400721862474,45.22535866955973,,,,,,,,,0.7246996799689872,52.2128785036918,-26.1064392518459,0
2025-04-02,40.69,43.5986,40.55,42.68,42.09899999999997,49.05423371282481,35.143766287175126,49.3291774565741,50.84148898241264,0,0,,,,31.500111111111078,31.81511222222219,31.185109999999966,,-3.3580146276294687,1.3800802869427642,-4.050357825321315,0,46.319735038639216,46.885639639800566,,,,,0.22418317393149922,-1.1575346746156114,-1.3817178485471107,0.19915775203537558,46.319735038639216,,,,,,,,,1.1618335213177728,52.180899450305134,-26.090449725152567,0
2025-04-03,37.975,39.8897,37.44,38.26,41.76999999999997,48.79760841254078,34.74239158745915,38.97901107323103,46.34491102161723,0,0,,,,31.593266666666633,31.909199333333298,31.277333999999968,,-12.29397336267567,-8.403160162796198,-12.824212964721093,0,39.15809722318383,46.839516497149084,,,,,-0.0690524569276656,-1.4680334197066927,-1.398980962779027,-0.233509368475306,39.15809722318383,,,,,,,,,-1.6498204885629495,52.15044976679734,-26.07522488339867,0
2025-04-04,35.625,36.25,31.59,34.51,41.274499999999975,48.8601587716567,33.68884122834325,25.944017827955875,38.084068785920294,0,0,,,,31.67451111111108,31.99125622222219,31.35776599999997,,-19.062807824006768,-16.389053774121987,-20.334574779156046,0,34.31108200938169,46.11295953409403,,,,,-0.47578902245659327,-1.9937172408497688,-1.5179282183931755,-0.5132308656263856,34.31108200938169,34.31108200938169,,34.31108200938169,,,,,,-7.748190341154633,52.125841690686336,-26.062920845343168,0
2025-04-07,30.6728,37.1078,29.66,35.41,41.26349999999997,48.88243240552853,33.64456759447141,24.73174053577732,29.8849231456547,0,0,,,,31.75682222222219,32.07439044444441,31.43925399999997,,-14.3506760515686,-14.185660450519178,-17.33331258170955,0,36.3474875870864,45.705514724508895,,,,,-0.634507415916151,-2.311062488288364,-1.6765550723722131,-0.7588133895852932,36.3474875870864,,,,,,,,,-13.42421857515859,52.109840141542705,-26.054920070771352,0
2025-04-08,37.135,37.85,33.085,34.17,41.153999999999975,49.10729214853893,33.20070785146102,21.473109216458013,24.04962252673036,0,0,,,,31.828599999999966,32.14688599999997,31.510313999999966,,-14.457378895981988,-16.970403848957517,-19.492024597695757,0,34.749108827033425,44.86749353833033,,,,,-0.7645761733994991,-2.632275289121587,-1.867699115722088,-0.8672857922823745,34.749108827033425,,,,,,,,,-16.515350316377724,52.09978839474873,-26.049894197374364,0
2025-04-09,33.71,42.68,33.55,42.21,41.31849999999998,49.21606234543364,33.420937654566316,39.31460348114134,28.506484411125513,0,0,,,,31.933888888888855,32.253227777777745,31.614549999999966,,6.34116846799182,2.1576291491705257,-0.02763194252558554,0,50.0781508152761,45.02672792428375,,,,,-0.27589893090797224,-2.2125727793570533,-1.936673848449081,-0.8010838251484097,50.0781508152761,,,,,,,,,-10.264735195524308,52.078632476491684,-26.039316238245842,0
2025-04-10,40.3,42.13,37.78,40.51,41.54299999999997,49.07199754283483,34.01400245716511,42.160186937336064,34.31596654497843,0,0,,,,32.03437777777774,32.35472155555552,31.714033999999963,,2.96098614817637,-2.48658016994433,-3.4234491965861147,0,47.53529177525902,44.922725517401275,,,,,-0.04597616739834609,-1.9941440576970137,-1.9481678902986677,-0.7570591748298094,47.53529177525902,,,,,,,,,-6.274523175450639,52.052389758591936,-26.026194879295968,0
2025-04-11,40.735,43.79,40.08,43.68,41.76499999999997,49.271081534330236,34.25891846566971,51.34734520715779,44.27404520854501,0,0,,,,32.13922222222219,32.46061444444441,31.817829999999965,,10.523519141722115,4.585178977612903,4.66788076296365,0,52.39004133668753,44.732663058995634,,,,,0.3206081821777311,-1.5474076625765036,-1.8680158447542348,-0.5263005999203925,52.39004133668753,,,,,,,,,1.100635792814171,52.02077135158959,-26.010385675794794,0
2025-04-14,45.01,45.09,42.51,44.14,41.870999999999974,49.448033456440044,34.293966543559904,57.218055482627705,50.2418625423738,0,0,,,,32.24277777777775,32.56520555555552,31.920349999999967,,10.9798104241571,5.419025100905239,6.002993892139807,0,53.0686907716457,44.617310044609646,,,,,0.5799558091232615,-1.1430710833501578,-1.7230268924734193,-0.2143738558466641,53.0686907716457,,,,,53.0686907716457,,53.0686907716457,,2.3662826721962182,51.988804744927094,-25.994402372463547,0
2025-04-15,44.19,45.56,43.6871,44.08,42.06999999999997,49.65957706331611,34.48042293668384,60.049115093807885,56.204838594531076,0,0,,,,32.3455333333333,32.668988666666635,32.022077999999965,,10.296509445765057,4.777751366769745,6.040559070461127,0,52.96264448851261,44.90354807411075,,,,,0.7239870829012196,-0.8180430388468949,-1.5420301217481145,0.0481573904236664,52.96264448851261,,,,,,,,,4.98969680021312,51.95654407754264,-25.97827203877132,0
2025-04-16,41.86,43.1396,40.07,40.66,41.96299999999997,49.56871653429272,34.357283465707226,57.80241039477886,58.35652699040477,0,0,,,,32.438866666666634,32.7632553333333,32.11447799999997,,2.255866006086049,-3.1051164120772468,-1.5980832681246837,0,47.17587027672464,44.85976684820448,,,,,0.5721124797541068,-0.826889522055481,-1.399002001809588,0.18168372359959284,47.17587027672464,,,,,,,,,2.4197425150009826,51.924682316345745,-25.962341158172872,0
2025-04-17,41.03,41.75,40.12,41.18,41.83899999999997,49.41079476742561,34.267205232574334,62.75927433321252,60.2035999405997,0,0,,,,32.536377777777744,32.861741555555525,32.21101399999996,,2.808638122581475,-1.5750854465928277,-0.04450018204622541,0,48.10432338644925,45.110917283413336,,,,,0.49286895863145586,-0.7829158035202681,-1.275784762151724,0.26819630263732214,48.10432338644925,,,,,,,,,-0.08208996897037402,51.893812522481056,-25.946906261240528,0
2025-04-21,40.73,41.559,39.21,39.85,41.61349999999997,49.140040440335945,34.086959559664,59.488278973178055,60.01665456705643,0,0,,,,32.6223333333333,32.94855666666663,32.29610999999997,,-1.8206903348197523,-4.237807442296305,-2.913804024752742,0,45.88299696517302,45.23634851218655,,,,,0.3441172428282764,-0.8456382086163785,-1.1897554514446549,0.3010943473172588,45.88299696517302,45.88299696517302,,45.88299696517302,,,,,,-3.544712357803437,51.86526974654362,-25.93263487327181,0
2025-04-22,41.03,43.37,40.8115,42.09,41.29999999999997,48.17008296893242,34.42991703106752,62.348879598394674,61.53214430159503,0,0,,,,32.71842222222219,33.04560644444441,32.391237999999966,,2.0190513125045717,1.9128329297821711,2.0083371033412734,0,50.065266949876225,45.58205624649487,,,,,0.3866416949646925,-0.7064533327387892,-1.0930950277034817,0.4421210321246974,50.065266949876225,,,,,,,,,-2.514322711523724,51.83597920750983,-25.917989603754915,0
2025-04-23,45.3,47.22,44.27,44.66,41.12549999999997,47.44607426188593,34.804925738114,70.95254599442256,64.2632348553317,0,0,,,,32.823199999999964,33.151431999999964,32.494967999999965,,5.564222568902744,8.594424383898147,7.516009437141835,0,54.41781208170286,46.16049032099942,,,,,0.5670037359086034,-0.38434035781772735,-0.9513440937263308,0.6653786902196386,54.41781208170286,,,,,,,,,0.12247725467836279,51.805169572809824,-25.902584786404912,0
2025-04-24,45.09,48.28,44.96,48.15,41.296499999999966,48.159657509486024,34.43334249051391,77.66341103269369,70.3216122085036,0,0,,,,32.9401333333333,33.26953466666664,32.61073199999996,,12.23776223776225,16.595837419636126,15.065677847965087,0,59.57136369579299,47.61858078332864,,,,,0.8817247654438378,0.1508118630784665,-0.7309129023653713,0.7411478192257107,59.57136369579299,,,,,,,,,6.5042111409565075,51.773360193045036,-25.886680096522518,0
2025-04-25,48.9,49.99,48.48,49.45,41.56949999999996,49.22781175912924,33.911188240870686,82.1459484975639,76.92063517489333,0,0,,,,33.06702222222219,33.39769244444442,32.73635199999997,,12.91501118874736,18.95740867703497,16.92150063051696,0,61.32540511592361,49.54817529093878,,,,,1.1223908967861544,0.6720757186173216,-0.4503151781688327,0.7454438649049966,61.32540511592361,,,,,61.32540511592361,,61.32540511592361,,12.0786476944891,51.74385266754994,-25.87192633377497,0
2025-04-28,50.52,51.07,47.74,48.93,41.919999999999966,50.22476730559108,33.61523269440885,82.27792457606996,80.69576136877579,0,0,,,,33.18991111111108,33.52181022222219,32.85801199999997,,10.404115616327104,16.72232824427491,14.815133477774523,0,60.20029750019995,51.25194742758975,,,,,1.1853184322977912,1.0313328622034064,-0.15398557009438485,0.7374160270963401,60.20029750019995,,,,,,,,,15.186163679880602,51.7169224573395,-25.85846122866975,0
2025-04-29,49.44,49.8799,48.46,49.37,42.30749999999996,51.221031006285656,33.39396899371427,82.97970273948303,82.46785860437224,0,0,,,,33.316977777777744,33.65014755555552,32.98380799999997,,10.097676285625123,16.693257696625995,15.185404093821875,0,60.854733096073,53.11663487537829,,,,,1.1921074707097092,1.3361487682927518,0.14404129758304246,0.7222118926658304,60.854733096073,,,,,,,,,15.903738176376441,51.69074490435162,-25.84537245217581,0
2025-04-30,46.41,49.9,46.18,49.11,42.65499999999996,52.04746825919675,33.26253174080317,80.29939225764592,81.85233985773293,0,0,,,,33.43937777777774,33.77377155555552,33.104983999999966,,8.303010254713893,15.133044191771305,13.781519094875815,0,60.22455106770087,53.84137775055149,,,,,1.1159646753743755,1.538997141801012,0.4230324664266364,0.7715817183552346,60.22455106770087,,,,,,,,,15.390200043360238,51.66409083987127,-25.832045419935636,0
2025-05-01,51.125,51.3,46.53,46.62,42.85199999999996,52.402253609198915,33.30174639080101,74.87140819850418,79.38350106521101,0,0,,,,33.54448888888886,33.879933777777744,33.20904399999997,,1.4779826298948917,8.793055166620078,7.694795444570168,0,54.413085275474856,54.33264871485262,,,,,0.8469764449093394,1.4817530225633107,0.6347765776539712,0.7106409912690664,54.413085275474856,54.413085275474856,,54.413085275474856,,,,,,13.313660957960144,51.635656830202095,-25.817828415101047,0
2025-05-02,46.775,50.07,46.71,48.59,43.36849999999997,52.986602255643476,33.75039774435646,72.5108841297008,75.89389486195026,0,0,,,,33.66186666666663,33.9984853333333,33.32524799999997,,4.087228482070238,12.03984458766163,11.821110770174847,0,57.876379350538784,54.72453000155628,,,,,0.7539135892479935,1.577168564213963,0.8232549749659696,0.7523966205533276,57.876379350538784,,,,,,,,,12.385894911416145,51.606589446293185,-25.803294723146593,0
2025-05-05,47.21,48.34,45.56,48.05,44.04549999999997,52.95410589542581,35.136894104574125,69.57115834099953,72.31781688973479,0,0,,,,33.7713333333333,34.109046666666636,33.43361999999997,,1.153635636394279,9.091734683452412,10.266276036686527,0,56.606885369603006,54.97725818712466,,,,,0.6140952011922935,1.5908739764563364,0.9767787752640429,0.7774991840717528,56.606885369603006,,,,,,,,,11.224575422557328,51.5768363293935,-25.78841816469675,0
2025-05-06,46.325,48.88,45.8248,48.69,44.70949999999997,52.89482705516489,36.52417294483505,68.45004694702088,70.17736313924036,0,0,,,,33.8845333333333,34.22337866666663,33.54568799999997,,1.0962999875420598,8.90302955747666,11.706764962297832,0,57.78864587962293,55.32197257220397,,,,,0.5262060583004495,1.634536348139605,1.1083302898391554,0.7999255326951663,57.78864587962293,,,,,,,,,12.402569812680747,51.54787882028345,-25.773939410141725,0
2025-05-07,48.85,50.51,48.3201,49.99,45.500499999999974,52.418402789141744,38.582597210858204,72.53025880789102,70.18382136530376,0,0,,,,34.00137777777774,34.34139155555552,33.66136399999996,,2.659410617106528,9.866924539290833,14.528126097780714,0,60.16195717193436,56.24955020757609,,,,,0.5163927824132177,1.7538212678556775,1.2374284854424598,0.7692653404696511,60.16195717193436,,,,,,,,,13.019393476707625,51.51941086205605,-25.759705431028024,0
2025-05-08,51.729,54.84,51.61,54.07,46.09349999999997,53.77286006448559,38.41413993551435,80.18773390196988,73.72267988562722,0,0,,,,34.13808888888885,34.479469777777744,33.79670799999996,,9.704384523302334,17.305043010402855,22.998180163785207,0,66.52355546288794,57.56520964160743,,,,,0.7322665173277167,2.1527616321021057,1.420495114774389,0.7734504482173667,66.52355546288794,,,,,,,,,17.126044897087386,51.49483716075861,-25.747418580379303,0
2025-05-09,54.94,56.315,53.742,54.65,46.80049999999997,54.886340648937974,38.71465935106197,82.17494310799599,78.29764527261891,0,0,,,,34.2813333333333,34.62414666666663,33.93851999999997,,9.723532836749893,16.772256706659185,23.32074676936493,0,67.32241552079317,59.09659668129458,,,,,0.8532492335530215,2.487056656715666,1.6338074231626443,0.7750259787072075,67.32241552079317,,,,,,,,,21.23661764656981,51.47573044534925,-25.737865222674625,0
2025-05-12,59.18,59.33,55.8893,57.43,47.48799999999997,56.66078278386762,38.315217216132325,85.34631800049614,82.56966500348729,0,0,,,,34.43768888888886,34.782065777777746,34.09331199999997,,13.370314073079781,20.93581536388147,28.099511513267885,0,70.90613704938374,60.58523025983084,,,,,1.0468681165104892,2.9423925688007557,1.8955244522902666,0.7719636996953413,70.90613704938374,,,,,,,,,26.320176280572905,51.46554130508083,-25.732770652540417,0
2025-05-13,58.92,63.415,58.82,62.57,48.409499999999966,59.5447960894634,37.274203910536535,89.25436899972341,85.59187670273845,0,0,,,,34.618622222222186,34.96480844444441,34.27243599999996,,20.380168151297752,29.25148989351274,37.423860841044785,0,76.12061123767906,62.13543019954342,,,,,1.4240877822071303,3.6756341800491796,2.2515463978420494,0.7617185329068356,76.12061123767906,,,,,76.12061123767906,,76.12061123767906,,31.997972130818408,51.46812191759103,-25.734060958795514,0
2025-05-14,62.375,63.78,61.09,61.39,49.27499999999997,61.561098648473234,36.98890135152671,86.95833196583989,87.1863396553531,0,1,,,,34.794888888888856,35.14283777777774,34.44693999999997,,15.38389249130725,24.586504312531776,32.96032920622307,0,72.89074103096505,63.08681429491286,,,,,1.4900369639380577,4.114092602764622,2.624055638826564,0.8209826962337743,72.89074103096505,,,,,,,,,36.26962177653385,51.482212271229365,-25.741106135614682,0
2025-05-15,60.305,60.83,57.68,60.68,50.27599999999997,62.8502346089143,37.70176539108564,82.00433814300767,86.0723463695236,0,0,,,,34.96551111111108,35.31516622222219,34.615855999999965,,11.11314570324664,20.693770387461296,29.736663934718255,0,70.94028240942123,63.77359124444841,,,,,1.384028877898451,4.354091736199628,2.970062858301177,0.8793489697029043,70.94028240942123,,,,,,,,,37.92495868807448,51.5010967907437,-25.75054839537185,0
2025-05-16,60.905,62.14,60.46,61.76,51.30499999999997,64.09972625733027,38.51027374266967,83.40793377557738,84.12353462814158,0,0,,,,35.14502222222219,35.49647244444441,34.79357199999997,,10.42769274781865,20.378130786473125,29.870676059299672,0,72.16060394494612,64.62789884764456,,,,,1.2868775632870322,4.578659812409967,3.2917822491229347,0.9156031995732331,72.16060394494612,,,,,,,,,36.669156130658855,51.516046624699634,-25.758023312349817,0
2025-05-19,59.855,64.36,59.6801,64.27,52.525999999999975,65.37576637919983,39.67623362080011,87.18383972131717,84.19870387996734,0,0,,,,35.332266666666634,35.6855893333333,34.97894399999997,,11.676802780191142,22.358451052812,32.38717119492443,0,74.8083379713616,65.62458491016517,,,,,1.2886965388534497,4.902652922689747,3.613956383836297,0.9495859538592787,74.8083379713616,,,,,,,,,38.16618256077356,51.5353341879717,-25.76766709398585,0
2025-05-20,64.04,65.28,63.35,64.91,53.66699999999997,66.659291714706,40.674708285293946,88.97957463324055,86.52378271004496,0,0,,,,35.521599999999964,35.87681599999996,35.166383999999965,,9.697154059352386,20.949559319507394,31.051005780969156,0,75.44949716587654,66.71208106003486,,,,,1.2301765897977015,5.151677121083424,3.921500531285722,0.968858167272412,75.44949716587654,,,,,,,,,40.73120332107544,51.56260234585207,-25.781301172926035,0
2025-05-21,64.06,66.89,63.3201,63.86,54.626999999999974,67.65264716242595,41.601352837574,87.75275897103482,87.97205777519746,0,1,,,,35.70502222222218,36.062072444444404,35.34797199999996,,5.450882610346919,16.901898328665375,26.405384006334053,0,72.20269039954971,67.98276714032593,,,,,1.0262494110379983,5.20431229508322,4.178062884045222,0.9560143749633837,72.20269039954971,,,,,,,,,41.667964326834145,51.59277252555612,-25.79638626277806,0
2025-05-22,64.89,65.875,63.75,64.77,55.45799999999997,68.84048945450803,42.07551054549191,88.56488808616184,88.43240723014566,0,0,,,,35.89195555555552,36.25087511111107,35.53303599999997,,5.096626588132214,16.791085145515574,26.326259946949527,0,73.2760316441882,69.08274230415803,,,,,0.8646175884762304,5.258834869640509,4.394217281164279,0.9438158687280167,73.2760316441882,,,,,,,,,41.42821309223689,51.62190142859739,-25.810950714298695,0
2025-05-23,62.85,64.46,62.6318,63.17,56.14399999999997,69.63045305482572,42.65754694517422,80.93651398085042,85.75138701268229,0,1,,,,36.07142222222218,36.4321364444444,35.71070799999996,,1.1027352315103656,12.51424907381027,21.41694750195404,0,68.28357204171738,69.9167913521662,,,,,0.5758157084441065,5.113986916719412,4.538171208275306,0.9022086464203364,68.28357204171738,68.28357204171738,,68.28357204171738,,,,,,39.56317033605213,51.64474275063263,-25.822371375316315,0
2025-05-27,64.96,67.13,63.83,66.02,56.99849999999999,70.71208636535314,43.28491363464684,83.70612641176996,84.40250949292734,0,0,,,,36.265022222222186,36.62767244444441,35.902371999999964,,4.231133564887912,15.827609498495576,25.104221935875003,0,71.94964079652458,70.92829098908774,,,,,0.5051217753702613,5.169573427488132,4.6644516521178705,0.8882251843362028,71.94964079652458,,,,,,,,,40.53648149524604,51.670502490244786,-25.835251245122393,0
2025-05-28,66.14,66.61,64.81,65.14,57.78699999999999,71.46886843965399,44.10513156034599,80.52515114071731,81.72259717777916,0,0,,,,36.45279999999996,36.81732799999996,36.08827199999996,,2.4262150730380405,12.724315157388366,21.82076600837817,0,69.28653939980732,71.58004686250725,,,,,0.3356484100430901,5.084012164671734,4.7483637546286435,0.8706383990950042,69.28653939980732,,,,,,,,,40.273725196303,51.69520583866499,-25.847602919332495,0
2025-05-29,66.325,66.535,63.63,63.95,58.528999999999996,71.85302776940964,45.20497223059036,74.18650859234695,79.47259538161133,0,0,,,,36.63622222222219,37.00258444444441,36.269859999999966,,0.15191142154638015,9.262075210579379,18.132054210821202,0,65.74284285737096,71.52428167639889,,,,,0.09259759770239828,4.864110751756641,4.771513154054243,0.8033993700269828,65.74284285737096,65.74284285737096,,65.74284285737096,,,,,,40.362720758105034,51.71999060116491,-25.859995300582455,0
2025-05-30,63.59,66.49,62.92,66.15,59.5055,72.03413037207187,46.976869627928124,73.91742750254473,76.20969574520292,0,0,,,,36.832044444444406,37.20036488888885,36.463723999999964,,2.717391304347827,11.166194721496336,20.307725883893447,0,68.90880337450854,71.63759509452142,,,,,0.032301823897129545,4.8118904339256545,4.779588610028525,0.8025521062970025,68.90880337450854,,,,,,,,,39.96625199296582,51.743310553720605,-25.871655276860302,0
2025-06-02,66.03,68.2,65.38,67.98,60.475,72.46418929702928,48.485810702970724,77.28240882570937,75.12878164020027,0,0,,,,37.033733333333295,37.40407066666663,36.66339599999996,,4.549229491556694,12.410086812732546,21.659349050300627,0,71.28597906066284,71.66472666675564,,,,,0.06602801378613865,4.862123627261198,4.796095613475059,0.8212649243190229,71.28597906066284,,,,,,,,,41.469790557962845,51.77128007496223,-25.885640037481114,0
2025-06-03,69.9,72.72,69.06,71.72,61.65849999999999,73.17161647643701,50.14538352356297,80.16820990156116,77.12268207660502,0,0,,,,37.253288888888854,37.625821777777745,36.88075599999996,,9.051652044338333,16.318106992547676,25.957885246957257,0,75.42194170926565,71.61482170044039,,,,,0.278658613098953,5.14441887984875,4.865760266749797,0.8395872177390169,75.42194170926565,,,,,,,,,46.33143700248737,51.8160662883956,-25.9080331441978,0
2025-06-04,72.96,73,71.13,72.27,62.83749999999999,73.60207500322262,52.07292499677736,83.91624840971016,80.4556223789935,0,0,,,,37.4765333333333,37.85129866666664,37.101767999999964,,8.671789242590556,15.010940919037207,24.72028394415451,0,75.97010535866033,71.83477629527577,,,,,0.3880631159884089,5.350839161735308,4.9627760457468995,0.8543668874716022,75.97010535866033,,,,,,,,,50.000481387972364,51.8747750757643,-25.93738753788215,0
2025-06-05,73.55,76.75,71.2,72.51,63.96349999999999,73.78716382771755,54.13983617228243,86.22448685376087,83.43631505501067,0,0,,,,37.69977777777774,38.07677555555552,37.32277999999996,,7.6327039543997,13.361526495579534,23.16132758093552,0,76.21934647272285,72.21185229979731,,,,,0.40636438651577045,5.470731528891612,5.064367142375842,0.8600401275006566,76.21934647272285,,,,,,,,,52.305553937747966,51.94261267395564,-25.97130633697782,0
2025-06-06,74.6,77.8,73.1,74.88,65.00399999999999,74.82395600804847,55.18404399195151,89.10303245883979,86.41458924077021,0,0,,,,37.926177777777745,38.30543955555552,37.54691599999997,,9.507304874303513,15.192911205464288,25.290721994478325,0,78.58184556606406,72.67051241559146,,,,,0.501609970414707,5.691379605394225,5.189769634979518,0.868914188510515,78.58184556606406,,,,,78.58184556606406,,78.58184556606406,,53.44032673421294,52.01482725720588,-26.00741362860294,0
2025-06-09,72.06,73.73,68.56,73.4,65.94149999999999,75.19208976498281,56.69091023501717,85.82656056565932,87.05135995941993,0,1,,,,38.1429333333333,38.52436266666664,37.76150399999997,,5.760640903720371,11.310783042545314,21.195442787164897,0,73.6605348517752,72.58852647847814,,,,,0.3932485520961917,5.681330325099758,5.288081773003566,0.9009168183667806,73.6605348517752,,,,,,,,,52.948599681934745,52.08441475338718,-26.04220737669359,0
2025-06-10,73.24,74.64,70.75,72.51,66.6955,75.4954578976267,57.8955421023733,81.31907889308467,85.41622397252786,0,0,,,,38.3577333333333,38.741310666666635,37.974155999999965,,3.5102996388345575,8.717979473877557,18.19199339302786,0,70.7894878253613,72.25566866844134,,,,,0.19970682257410566,5.537715301221198,5.338008478647092,0.9174144552638491,70.7894878253613,,,,,,,,,51.780825841635725,52.148597262059944,-26.074298631029972,0
2025-06-11,73.05,75.39,72.32,74.88,67.31099999999999,76.58015077016265,58.04184922983735,83.10154625406626,83.4157285709367,0,0,,,,38.58906666666663,38.9749573333333,38.203175999999964,,5.427666314677926,11.244818826046266,20.386497248109524,0,73.72626062111223,72.36449511283865,,,,,0.17051191328095427,5.551148370248285,5.380636456967331,0.9264909930629573,73.72626062111223,,,,,,,,,50.77293951477393,52.208201013394614,-26.104100506697307,0
2025-06-12,73.526,75.59,73.23,73.84,67.9335,77.20070297608744,58.666297023912556,77.03402336432205,80.4848828371576,0,0,,,,38.813199999999966,39.201331999999965,38.42506799999997,,2.535618074263324,8.694532152767053,17.161716171617126,0,70.38227681895017,72.15779833960737,,,,,0.027849987608140836,5.415448941477507,5.387598953869366,0.9200382977832507,70.38227681895017,,,,,,,,,50.33870463648062,52.265640527801,-26.1328202639005,0
2025-06-13,72,74.8197,71.69,72.6,68.5295,77.37782068813057,59.68117931186943,69.06278462440507,76.3994514142644,0,0,,,,39.03177777777774,39.422095555555515,38.64145999999997,,-0.08120122765247206,5.939777759942788,13.632806385975837,0,66.50885783365061,72.03103303903117,,,,,-0.19127930034738494,5.148499828435135,5.33977912878252,0.8635947927117771,66.50885783365061,66.50885783365061,,66.50885783365061,,,,,,49.777171213933286,52.32045339098715,-26.160226695493574,0
2025-06-16,73.7,76.88,73.36,76.75,69.279,78.24537474122059,60.312625258779406,71.47832910471024,72.52504569781239,0,0,,,,39.271244444444406,39.66395688888885,38.878531999999964,,4.370648389904264,10.78393163873612,18.388984297070188,0,72.05239385875916,72.0383725434765,,,,,-0.10243655799960916,5.211733431283008,5.314169989282617,0.8719061378507612,72.05239385875916,,,,,,,,,50.42644978757324,52.3774395001103,-26.18871975005515,0
2025-06-17,76.11,77.05,72.86,74.95,69.813,78.79460809654928,60.83139190345072,69.2169498412635,69.91935452345955,0,0,,,,39.509199999999964,39.90429199999996,39.114107999999966,,1.477138872716921,7.358228410181478,14.035176694932417,0,66.88142939197726,71.86657897148864,,,,,-0.2047018229055988,5.058292710650619,5.262994533556218,0.8343461555265894,66.88142939197726,,,,,,,,,50.54748865234766,52.43450333167142,-26.21725166583571,0
2025-06-18,75.17,78.74,74.54,78.35,70.485,79.89941129333097,61.07058870666903,76.77444469486426,72.48990788027928,0,0,,,,39.76328888888886,40.160921777777745,39.36565599999997,,5.214390266829572,11.158402496985165,17.441616452318787,0,71.10039632371269,72.24926136194162,,,,,-0.08907056149600479,5.151656331686212,5.240726893182217,0.841340377585741,71.10039632371269,,,,,,,,,53.71770567268928,52.504158620460764,-26.252079310230382,0
2025-06-20,78.47,79.38,75.79,78.5,71.217,80.73318431935812,61.70081568064188,78.71808948503075,74.90316134038612,0,0,,,,40.01795555555552,40.41813511111107,39.617775999999964,,4.574640982601963,10.226490865944937,16.013852694427854,0,71.27425758430033,72.41822237692675,,,,,-0.05013195812433935,5.178061945526792,5.228193903651132,0.8464184012120335,71.27425758430033,,,,,,,,,54.127320745884354,52.575060759022804,-26.287530379511402,0
2025-06-23,77.86,79.045,74.3901,76.35,71.796,81.07897236880503,62.51302763119499,69.7649515822734,75.08582858738941,0,0,,,,40.26315555555552,40.66578711111108,39.86052399999996,,1.511706752821973,6.342971753301008,11.611384799801172,0,65.21792395429296,71.9847898693289,,,,,-0.20797041886629586,4.968230880068262,5.176201298934558,0.8090106064464512,65.21792395429296,65.21792395429296,,65.21792395429296,,,,,,54.28265231299704,52.6461237693627,-26.32306188468135,0
2025-06-24,77.9,82.27,76.83,82.01,72.738,82.15116652354573,63.32483347645428,74.93277496185095,74.47193867638498,0,0,,,,40.53697777777774,40.94234755555552,40.131607999999964,,7.802928727291847,12.747119799829543,18.308111773106916,0,71.97031970766656,71.73824544064324,,,,,0.01801918280697201,5.198725277443273,5.180706094636301,0.8134478908163933,71.97031970766656,,,,,,,,,55.76455759337909,52.72307210684192,-26.36153605342096,0
2025-06-25,84.94,85.55,81.9,82.75,73.5745,83.41474892977813,63.734251070221866,78.01442623450043,74.23738425954154,0,0,,,,40.813333333333304,41.221466666666636,40.40519999999997,,7.330929466393399,12.47103276270991,17.939654803813966,0,72.71609650000678,71.50581623645371,,,,,0.1587140543215968,5.379098662538297,5.2203846082167,0.8389935347235967,72.71609650000678,,,,,,,,,57.56448978495708,52.80746398884835,-26.403731994424174,0
2025-06-26,83.41,84.8,82.53,84.52,74.54350000000001,84.68289302917063,64.40410697082939,81.21245102352921,78.05321740662681,0,0,,,,41.09902222222218,41.510012444444406,40.68803199999996,,8.27291127565266,13.38346066390763,19.21912320625905,0,74.46608184703501,71.38058304890458,,,,,0.3039428360520935,5.600313153281817,5.296370317229724,0.8616582968621432,74.46608184703501,,,,,,,,,61.90695930465605,52.91162209560572,-26.45581104780286,0
2025-06-27,84.655,84.88,81.92,83.03,75.4975,85.04352089878272,65.95147910121729,80.49860575186375,79.90849433663108,0,0,,,,41.38857777777774,41.80246355555552,40.97469199999996,,5.126549423278992,9.977151561309983,15.937779267202835,0,70.37405771953033,70.7943124884379,,,,,0.23566192090171878,5.5909477183568725,5.355285797455154,0.9144798049780118,70.37405771953033,,,,,,,,,61.65521467431923,53.01379806803098,-26.50689903401549,0
2025-06-30,85.65,94.24,85.5,93.63,76.8715,88.35441648493543,65.38858351506457,90.42094764392081,84.04400147310454,0,0,,,,41.731733333333295,42.14905066666663,41.31441599999996,,15.472842977652768,21.80066734745647,28.764159290006997,0,79.1513690698927,71.18651493258913,,,,,0.8081550968859563,6.3654796685626,5.557324571676643,0.8886230859614076,79.1513690698927,,,,,,,,,67.06091488337778,53.14254757747042,-26.57127378873521,0
2025-07-01,95.012,99.18,89.7,92.33,78.08900000000001,90.65520213111309,65.52279786888694,87.6777496532985,86.19910101636098,0,0,,,,42.06559999999997,42.48625599999997,41.64494399999997,,11.722852786718608,18.23688355594255,25.221518987341753,0,76.17079452764614,71.57089398275234,,,,,0.9909898726821567,6.796061912529339,5.8050720398471825,0.9048280978156786,76.17079452764614,,,,,,,,,69.6969909796479,53.284495255237466,-26.642247627618733,0
2025-07-02,91.25,100.88,90.9,97.98,79.40200000000002,94.30270817109009,64.50129182890994,91.1183995588017,89.73903228534029,0,0,,,,42.42497777777774,42.849227555555515,42.00072799999997,,15.345223379833994,23.397395531598676,30.88956276634114,0,79.74139230208235,72.00054624567879,,,,,1.3612839082670636,7.5066769251810115,6.145393016913948,0.9271472784109839,79.74139230208235,,,,,79.74139230208235,,79.74139230208235,,75.96604505358022,53.46130122301893,-26.730650611509464,0
2025-07-03,95.49,95.65,92.11,94.4,80.5085,96.38139044251243,64.63560955748757,87.06116257931846,88.61910393047283,0,1,,,,42.765733333333294,43.19339066666663,42.33807599999996,,9.069901790872326,17.25469981430534,24.47257383966246,0,72.34439409062846,72.14069747937009,,,,,1.2375226725475228,7.692296357598352,6.454773685050829,0.9399393344042323,72.34439409062846,,,,,,,,,73.77416219666408,53.62374689526594,-26.81187344763297,0
2025-07-07,93.59,95.7,91.25,93.46,81.55600000000001,97.93625323369557,65.17574676630446,80.57219460380409,86.25058558064137,0,0,,,,43.10146666666663,43.5324813333333,42.67045199999996,,6.149058446721001,14.59610574329293,21.650468587296047,0,70.49529019976565,72.42544264837831,,,,,0.9762430006804683,7.6750774359014144,6.698834435220946,0.9298835397343301,70.49529019976565,,,,,,,,,72.48733863530428,53.77754474671614,-26.88877237335807,0
2025-07-08,95.4,98.04,90.7,91.27,82.3755,98.97625115770369,65.77474884229632,75.27209676853533,80.96848465055258,0,0,,,,43.42471111111108,43.85895822222219,42.99046399999997,,1.9343742321695556,10.79750654017273,17.44949169990988,0,66.24691346259812,72.01076547722394,,,,,0.5604690143101596,7.399420703108646,6.8389516887984865,0.9066725049266311,66.24691346259812,66.24691346259812,,66.24691346259812,,,,,,67.06592162171911,53.90093222043246,-26.95046611021623,0
2025-07-09,92.91,94.65,91.741,94.54,83.4325,100.3025632778896,66.5624367221104,74.02845809137888,76.62424982123939,0,0,,,,43.76306666666663,44.200697333333295,43.32543599999997,,4.129263913824044,13.313157342762105,20.042155696732912,0,69.22882853912922,72.17843684487765,,,,,0.4168235662505264,7.359981146611645,6.9431575803611185,0.8869999551101075,69.22882853912922,,,,,,,,,65.89405283258421,54.017444461244516,-27.008722230622258,0
2025-07-10,95.9,98.76,93.5412,98.7,84.74199999999999,102.07690651835206,67.40709348164792,75.55092163555655,74.95049216515686,0,0,,,,44.11884444444441,44.560032888888855,43.67765599999997,,6.834368843764205,16.47117132000662,23.61450309975577,0,72.55111275230853,72.28205944692021,,,,,0.5071208413237844,7.577058632015849,7.069937790692064,0.8909787707713369,72.55111275230853,,,,,,,,,67.6925308617431,54.14223852295471,-27.071119261477357,0
2025-07-11,97.5,101.5,97.33,98.34,85.915,103.59336474338048,68.23663525661954,77.27412512765014,75.61783495152848,0,0,,,,44.469022222222186,44.91371244444441,44.024331999999966,,4.875863834143823,14.46196822440784,21.479895410841856,0,71.82837185896491,72.32163903796769,,,,,0.44970367923132404,7.632067389731219,7.182363710499895,0.8801243840184191,71.82837185896491,,,,,,,,,70.52102886527105,54.28096403483503,-27.140482017417515,0
2025-07-14,100.87,101.89,98.9,99.96,87.221,104.99720083144878,69.44479916855123,79.70250318205802,77.5091833150882,0,0,,,,44.82448888888886,45.272733777777745,44.37624399999997,,4.712919412115912,14.60542759197898,21.676891615541894,0,73.1257657421626,72.88648487995837,,,,,0.4280458808501333,7.717421061562561,7.289375180712428,0.8707785245741642,73.1257657421626,,,,,,,,,72.29030324796106,54.428222022788276,-27.214111011394138,0
2025-07-15,99.01,101.26,97.16,99.54,88.56800000000001,105.78231102309931,71.35368897690071,78.42979818862938,78.46880883277913,0,0,,,,45.176755555555516,45.62852311111107,44.72498799999996,,3.6313663432307353,12.388221479541128,19.54602774274905,0,72.19743944470542,72.90270771831828,,,,,0.29877305911285124,7.662841504603492,7.36406844549064,0.8509596859698912,72.19743944470542,,,,,,,,,71.43915709495435,54.56970854566669,-27.284854272833346,0
2025-07-16,100.02,104.62,99.7002,103.25,89.893,107.34261902162913,72.44338097837087,81.62918058087726,79.92049398385484,0,0,,,,45.54751111111107,46.002986222222184,45.09203599999996,,6.285514288067162,14.858776545448471,22.275207048736377,0,75.19321954763264,73.079645078863,,,,,0.37171190784377295,7.828708330295356,7.456996422451583,0.8466011540898616,75.19321954763264,,,,,,,,,72.94094284901139,54.71827171193383,-27.359135855966915,0
2025-07-17,103.535,106.6396,102.72,105.45,91.418,108.70765309079391,74.1283469092061,83.17133283729642,81.07677053560097,0,0,,,,45.926488888888855,46.385753777777744,45.467223999999966,,7.721853898724063,15.349274759894115,23.23964237714018,0,76.79030455570533,73.24566098662515,,,,,0.4703576601646642,8.044943497657414,7.57458583749275,0.8454243008376288,76.79030455570533,,,,,,,,,74.72841522503295,54.875592749873334,-27.437796374936667,0
2025-07-18,109.75,113.4393,106.95,109.74,92.9875,110.93362479060603,75.04137520939396,86.64206787348222,83.81419376388526,0,0,,,,46.325822222222186,46.78908044444441,45.86256399999996,,10.3746542620065,18.01586234708965,26.408183011956552,0,79.55453315633717,73.90140923211136,,,,,0.712251705417053,8.464900469264066,7.752648763847013,0.8533863066582471,79.55453315633717,,,,,79.55453315633717,79.55453315633717,79.55453315633717,,78.77934465513941,55.055001726196316,-27.527500863098158,0
2025-07-21,109,110.31,104.07,104.34,94.27950000000001,111.57645519448414,76.98254480551589,81.35688290684861,83.72342787254237,0,1,,,,46.69568888888885,47.16264577777774,46.228731999999965,,3.807467690746469,10.67093058406121,18.73684210526314,0,68.4961457576879,73.14032185266817,,,,,0.41123399183169873,8.266691253636637,7.855457261804938,0.866483528525841,68.4961457576879,,,,,,,,,77.80914539229754,55.22725698288867,-27.613628491444334,0
2025-07-22,103.71,105.93,98.75,101.85,95.55449999999999,111.04163204566972,80.06736795433027,70.93313836830816,79.64402971621296,0,0,,,,47.05519999999997,47.52575199999997,46.58464799999997,,0.27468470331095673,6.58838673217903,14.72953792777163,0,64.07337204346351,72.27622024665511,,,,,-0.02951833203228027,7.818559346764587,7.848077678796868,0.8115149409777629,64.07337204346351,,,,,,,,,74.27820796323209,55.3782115911591,-27.68910579557955,0
2025-07-23,102.13,102.68,100.5401,102.08,96.55799999999999,110.9680292851891,82.14797071481088,63.57391351428659,71.95464492981439,0,0,,,,47.41395555555552,47.88809511111107,46.939815999999965,,-0.23943317859762558,5.718842560947834,13.763512760503716,0,64.30265809541902,71.17345351760773,,,,,-0.3610973135503155,7.396706036858973,7.757803350409288,0.8274780807594248,64.30265809541902,,,,,,,,,68.96055824123336,55.500090123060104,-27.750045061530052,0
2025-07-24,103,103.0399,100.3201,101.93,97.517,110.61698946564496,84.41701053435503,57.30375666266616,63.936936181753595,0,0,,,,47.776666666666635,48.2544333333333,47.29889999999997,,-0.6994778271373958,4.525364808187304,12.368262460864576,0,64.01571492916403,70.57854786321741,,,,,-0.6302943394362259,6.969935426114006,7.600229765550232,0.7655219161709778,64.01571492916403,64.01571492916403,,64.01571492916403,,,,,,66.74949886118726,55.61020216112478,-27.80510108056239,0
2025-07-25,101.545,106.39,101.05,104.85,98.5335,110.55210270580577,86.51489729419424,59.99345650207562,60.29037555967608,0,0,,,,48.15302222222219,48.63455244444442,47.671491999999965,,1.5014666163273516,6.410510131072167,14.32818786823633,0,67.09406153366467,70.33560295849591,,,,,-0.6489230149320466,6.789075996885174,7.437999011817221,0.7258499297893319,67.09406153366467,,,,,,,,,67.5904318596339,55.72359319280592,-27.86179659640296,0
2025-07-28,105.84,107.13,104.66,106.77,99.72049999999999,109.93359057044029,89.50740942955969,62.603080450917474,59.966764538553036,0,0,,,,48.5381333333333,49.023514666666635,48.05275199999996,,2.6832083092902304,7.069258577724757,15.044788127374975,0,68.97355049576936,70.53036274657957,,,,,-0.5718623937700684,6.723171019604635,7.2950334133747035,0.6880992427560382,68.97355049576936,,,,,,,,,69.3610970123272,55.84488748941194,-27.92244374470597,0
2025-07-29,106.61,107.42,103,103.32,100.20500000000001,110.13176684525182,90.27823315474821,58.51673898761335,60.3710919802021,0,0,,,,48.91124444444441,49.40035688888885,48.42213199999996,,-0.9946530213304494,3.1086273140062737,10.112471313775773,0,62.10885082396291,70.02179290978198,,,,,-0.7802626850002579,6.319705057124381,7.0999677421246385,0.5452845981083562,62.10885082396291,,,,,,,,,69.302713378627,55.96500530853125,-27.982502654265627,0
2025-07-30,103.85,107.46,103.35,106.1,100.8935,110.44293197263553,91.34406802736447,59.95947305348527,60.35976416400532,0,0,,,,49.297866666666636,49.7908453333333,48.80488799999997,,1.3923530479821755,5.160391898387906,11.90842002749366,0,65.12123554181296,69.49108739474659,,,,,-0.7572972361154529,6.153346196980323,6.910643433095776,0.5077384273517432,65.12123554181296,,,,,,,,,69.11417312791968,56.083316947272415,-28.041658473636208,0
2025-07-31,103.865,109.06,101.07,103.05,101.14700000000002,110.64263078473364,91.6513692152664,52.75682819075068,57.077680077283055,0,0,,,,49.66844444444441,50.16512888888886,49.17175999999996,,-1.2959397718456556,1.8814201113231066,7.628142417986417,0,59.529523575601786,68.61259823164922,,,,,-0.9608510568753479,5.7095796120015905,6.670430668876938,0.3043688698847051,59.529523575601786,,,,,,,,,66.1379380647483,56.186507820600745,-28.093253910300373,0
2025-08-01,97.8,104.59,93.36,99.9,101.422,110.42594935569954,92.41805064430045,39.41888044144624,50.71172722856068,0,0,,,,50.02826666666664,50.5285493333333,49.527983999999975,,-3.402662953615887,-1.5006606061801153,3.5612348562858998,0,54.33989415932411,67.27075026144647,,,,,-1.299903932263037,5.045550753548142,6.345454685811179,-0.05223308008309577,54.33989415932411,54.33989415932411,,54.33989415932411,,,,,,63.18620152045414,56.27558382083457,-28.137791910417285,0
2025-08-04,101.229,106.79,97.1532,106.37,102.06750000000001,110.53049444641165,93.60450555358837,46.8341387467453,46.336615792980695,0,0,,,,50.41364444444441,50.91778088888885,49.90950799999997,,2.6519464978479235,4.215347686579962,9.216547277201471,0,61.72130635480953,66.52245504073962,,,,,-1.0892226081212941,4.983926425659561,6.073149033780855,-0.15902806459029506,61.72130635480953,,,,,,,,,62.12847741726605,56.35943499986782,-28.17971749993391,0
2025-08-05,105.97,107.3,103.22,105.46,102.777,109.74789119123238,95.80610880876762,46.44360218401073,44.23220712406738,0,0,,,,50.79479999999997,51.302747999999966,50.28685199999997,,1.4204244924650888,2.610506241668853,7.214021389939407,0,60.246098332288774,65.4548035253579,,,,,-1.0135146013049994,4.806255782149606,5.819770383454605,-0.15253411002319,60.246098332288774,,,,,,,,,62.37243665359775,56.443761334301236,-28.221880667150618,0
2025-08-06,104.505,105.9,101.18,105.65,103.33250000000001,109.2856668043148,97.37933319568522,48.23249861206859,47.17007984760816,0,0,,,,51.17262222222219,51.68434844444441,50.660895999999966,,1.255510829978923,2.24276002225825,6.553574310150068,0,60.45860231038074,64.28825336497758,,,,,-0.9538645587507588,4.6274396850161565,5.581304243766915,-0.03426237577593553,60.45860231038074,,,,,,,,,64.58368851848313,56.53721646476009,-28.268608232380046,0
2025-08-07,107.89,112.6344,107.4,111.23,103.95899999999999,110.44377262515883,97.47422737484115,60.154959812420515,51.61035353616657,0,0,,,,51.57079999999997,52.086507999999974,51.055091999999966,,5.66163199392038,6.994103444627231,11.117401033619267,0,66.17689139213464,63.332707524677396,,,,,-0.5612550326456418,4.8797354529598636,5.440990485605505,0.5216810389782262,66.17689139213464,,,,,,,,,66.26842044575137,56.63765170877387,-28.318825854386937,0
2025-08-08,111.5,117,110.9,114.63,104.77349999999998,112.24732438916047,97.2996756108395,73.4820493584952,60.62316926099473,0,0,,,,51.98217777777774,52.50199955555552,51.462355999999964,,7.889089676982142,9.40743604060188,13.377182137381926,0,69.10835512422346,63.37643676514423,,,,,-0.11837748623576783,5.293018627810795,5.411396114046563,0.6810233656118695,69.10835512422346,,,,,69.10835512422346,69.10835512422346,69.10835512422346,,70.06019721220916,56.755305710389514,-28.377652855194757,0
2025-08-11,116.22,117.47,113.39,113.62,105.45649999999998,113.5193934632687,97.39360653673126,75.58551589571636,69.74084168887731,0,0,,,,52.38844444444441,52.91232888888885,51.86455999999997,,6.2534484209738395,7.741106522594654,11.256177090745311,0,67.24390374139115,63.6029033149962,,,,,0.05162461744503499,5.475926885852857,5.424302268407822,0.7328157217107458,67.24390374139115,,,,,,,,,73.16341212553003,56.88756210077154,-28.44378105038577,0
2025-08-12,115.04,117.7,113.18,114.09,106.184,114.5982555226236,97.76974447737639,79.86999061469749,76.31251862296965,0,0,,,,52.794888888888856,53.32283777777774,52.26693999999997,,5.629108415887396,7.4455661869961665,10.975293431035604,0,67.68086348057373,63.84420369965011,,,,,0.13601436841336678,5.594320228924531,5.458305860511164,0.769329739873121,67.68086348057373,,,,,,,,,73.70757942117758,57.02162016629748,-28.51081008314874,0
2025-08-13,115.65,116.4,107.28,108.62,106.45249999999999,114.81769425954968,98.08730574045029,68.7125677808067,74.72269143040681,0,0,,,,53.175644444444416,53.70740088888886,52.64388799999997,,0.33067927804768527,2.036119395974745,5.099516528032666,0,57.98590647596767,63.41350309585037,,,,,-0.21706682224021545,5.186972332710894,5.40403915495111,0.6970776297754441,57.98590647596767,57.98590647596767,,57.98590647596767,,,,,,69.72492964950258,57.13501542234282,-28.56750771117141,0
2025-08-14,107.88,111.46,106.31,110.71,106.71549999999998,115.26676066729436,98.16423933270559,65.48029674561258,71.35428504703887,0,0,,,,53.56631111111108,54.10197422222219,53.030647999999964,,1.5427229702461576,3.7431300982519122,6.683755083161458,0,60.324455788334134,62.929959828326766,,,,,-0.342880946771313,4.9754379714869685,5.3183189182582815,0.7040206302240666,60.324455788334134,,,,,,,,,67.32264062150558,57.23638646179101,-28.618193230895503,0
2025-08-15,110.73,114.36,108.61,114.17,106.93699999999998,116.00409457323664,97.86990542676332,67.97469452291477,67.38918634977797,0,0,,,,53.97271111111108,54.512438222222194,53.43298399999997,,3.3633606446063835,6.763795505765091,9.323681211877478,0,63.906230537848465,62.56800840276098,,,,,-0.23144139838006783,5.029017170283197,5.260458568663265,0.7892148738878675,63.906230537848465,,,,,,,,,66.41341895512745,57.332940147832694,-28.666470073916347,0
2025-08-18,113,115.09,109.78,115.02,107.47099999999998,117.10373979717203,97.83826020282793,68.31507043945595,67.25668723599439,0,0,,,,54.38302222222219,54.92685244444441,53.83919199999997,,3.3237513474667413,7.0242204873873115,9.384856794154462,0,64.74817698628982,62.75653170007007,,,,,-0.1431742902417774,5.081490705861043,5.22466499610282,0.7982953433081211,64.74817698628982,,,,,,,,,68.80076288878597,57.43971971356749,-28.719859856783746,0
2025-08-19,116.12,117.46,106.5,107.5,107.75349999999999,117.03528274902033,98.47171725097965,58.16953661411745,64.81976719216269,0,0,,,,54.75959999999997,55.30719599999997,54.21200399999997,,-3.6081919586815614,-0.23525917951620068,1.7099893401623323,0,52.97470900073643,61.888922661421745,,,,,-0.6078858493775474,4.464807684380887,5.072693533758434,0.6767078040746586,52.97470900073643,,,,,,,,,66.4026079678339,57.53485649442276,-28.76742824721138,0
2025-08-20,106.665,107.98,99,105.34,107.91649999999997,116.90385172339576,98.92914827660418,51.645661977834216,59.376756343802505,0,0,,,,55.128266666666626,55.67954933333329,54.57698399999996,,-5.518732117711444,-2.38749403473979,-0.6719931606309015,0,50.153724832513205,61.21922275120114,,,,,-1.0513846034782501,3.758462779410621,4.809847382888871,0.41619218440405886,50.153724832513205,50.153724832513205,,50.153724832513205,,,,,,61.168840817003456,57.60719647722023,-28.803598238610114,0
2025-08-21,105.03,108.21,104.35,106.3,108.13499999999996,116.7336336123847,99.53636638761523,49.35698195941726,53.05739351712294,0,0,,,,55.50102222222219,56.05603244444441,54.94601199999997,,-4.234234234234268,-1.6969528829703262,-0.005644084059253096,0,51.39262525233247,61.00870354355889,,,,,-1.256831215510723,3.2388083635004676,4.495639579011191,0.05848925285539822,51.39262525233247,,,,,,,,,56.01271870832877,57.659379134500576,-28.829689567250288,0
2025-08-22,105.53,111.8825,103.8,109.32,108.35849999999998,116.83548596200411,99.88151403799584,50.224267835226506,50.40897059082596,0,0,,,,55.880711111111076,56.43951822222218,55.32190399999997,,-1.040110800315075,0.8873323274131817,2.4823758812059005,0,55.16761619825731,60.54058281809086,,,,,-1.1679725458086931,3.0356738967503247,4.203646442559018,-0.08978323376515644,55.16761619825731,,,,,,,,,56.061330959604895,57.711385374855794,-28.855692687427897,0
2025-08-25,108.49,109.85,105.95,107.94,108.41699999999996,116.86542967657509,99.96857032342483,44.148492968188854,47.90991425427751,0,0,,,,56.25635555555552,56.81891911111108,55.693791999999966,,-1.7843331725826306,-0.43996790171279,0.9369915278011343,0,53.136820927951725,60.03277728920965,,,,,-1.1774428205632814,2.731842916854916,3.9092857374181973,-0.3503721293561605,53.136820927951725,,,,,,,,,56.56056010891822,57.764846809191226,-28.882423404595613,0
2025-08-26,106.85,109.3599,105.12,108.8,108.69099999999996,116.80944295416498,100.57255704583494,44.740057200751416,46.37093933472223,0,0,,,,56.64066666666663,57.2070733333333,56.07425999999997,,-0.5229857733240917,0.10028429216772938,1.4483744638527751,0,54.266665848460214,59.59049611335818,,,,,-1.1024121279917232,2.5312705774285433,3.6336827054202665,-0.6224657710794238,54.266665848460214,,,,,,,,,56.9123379392179,57.81922895516834,-28.90961447758417,0
2025-08-27,108.69,109.27,102.81,102.92,108.53199999999997,116.96563646359198,100.09836353640796,36.68340788705775,41.85731935199931,0,0,,,,56.99751111111107,57.567486222222186,56.42753599999996,,-5.406150622231221,-5.170825194412676,-4.024469470667425,0,46.085503903899415,58.15539700705566,,,,,-1.40596953293917,1.8762207892463039,3.282190322185474,-0.7417602640139632,46.085503903899415,46.085503903899415,,46.085503903899415,,,,,,53.01767495795037,57.859652732639496,-28.929826366319748,0
2025-08-28,104,105.3999,102.76,103.69,108.56399999999996,116.91867868921571,100.20932131078422,34.938836913002994,38.787434000270686,0,0,,,,57.35866666666663,57.93225333333329,56.785079999999965,,-4.079555966697523,-4.489517703842861,-3.253496552431989,0,47.20790689149047,56.59107927614616,,,,,-1.5033136888176637,1.4030482111633944,2.906361899981058,-0.7510698696653423,47.20790689149047,,,,,,,,,50.17508507859011,57.89063704042431,-28.945318520212155,0
2025-08-29,102.84,104.4,101.93,104.03,108.77049999999997,116.43395476922987,101.10704523077007,33.77835482592951,35.13353320866339,0,0,,,,57.719288888888855,58.29648177777774,57.14209599999997,,-2.853781073156192,-4.35825890291942,-2.763584247258244,0,47.72540269777085,55.19690063017328,,,,,-1.490319673145195,1.0434623085495645,2.5337819816947595,-0.7504235400626262,47.72540269777085,,,,,,,,,47.19658454365483,57.91248675042092,-28.95624337521046,0
2025-09-02,100.34,101.9,97.9,100.84,108.49399999999999,116.85156040959396,100.13643959040601,24.071902045895108,30.92969792827584,0,0,,,,58.063822222222186,58.644460444444405,57.483183999999966,,-4.569027520157498,-7.054768005603984,-5.642369233648381,0,43.42441338795886,53.46429705212936,,,,,-1.6307286102039038,0.49537121893988,2.126099829143784,-0.7589633873733733,43.42441338795886,,,,,,,,,45.49061505135142,57.929375533810784,-28.964687766905392,0
2025-09-03,101.59,102.69,99.41,100.82,108.26199999999997,117.18223228397198,99.34176771602796,24.92956509351427,27.593273988446267,0,0,,,,58.39808888888886,58.982069777777745,57.81410799999997,,-3.9809523809524183,-6.874064768801591,-5.630766254715214,0,43.3980067846774,52.4223042170372,,,,,-1.6539083229629576,0.05871442544008687,1.7126227484030445,-0.844347697079137,43.3980067846774,43.3980067846774,,43.3980067846774,,,,,,43.3756373252917,57.94050487133924,-28.97025243566962,0
2025-09-04,100.75,104.75,100.6,102.91,108.12499999999997,117.28249638274643,98.96750361725351,28.52453686207337,25.84200133382755,0,0,,,,58.74146666666663,59.3288813333333,58.154051999999965,,-1.7631280009928085,-4.823121387283214,-3.6994291774541055,0,47.02346655906038,51.47223355780336,,,,,-1.4639710479184107,-0.11734106149496881,1.346629986423442,-0.8400925169144291,47.02346655906038,,,,,,,,,42.07266892375951,57.94823449056706,-28.97411724528353,0
2025-09-05,104.98,106.03,95.66,101.25,107.62599999999998,117.13329488340452,98.11870511659544,24.57677298047303,26.010291645353522,0,0,,,,59.0781333333333,59.66891466666663,58.487351999999966,,-2.879561063576752,-5.9242190548751905,-5.232714135067207,0,44.58100516740217,50.0918603170572,,,,,-1.3863925526621566,-0.38636070440425385,1.0000318482579027,-0.8140334817003843,44.58100516740217,,,,,,,,,41.460032405454186,57.95436534344899,-28.977182671724496,0
2025-09-08,110.63,117.3,110.12,117.28,107.75849999999998,117.71576724558483,97.80123275441514,49.15917494110016,34.08682826121549,0,0,,,,59.48262222222219,60.077448444444414,58.887795999999966,,11.644200746325462,8.835961896277333,9.346883595170352,0,64.01740033022153,50.03966198448088,,,,,-0.2512108147392593,0.6860183298338285,0.9372291445730878,-0.11810020903134007,64.01740033022153,,,,,,,,,47.72779714641232,57.97698167445956,-28.98849083722978,0
2025-09-09,116.53,118.7,113.76,118.5,108.00249999999997,118.73159851758373,97.2734014824162,63.88991777636659,45.87528856597989,0,0,,,,59.889288888888856,60.48818177777775,59.290395999999966,,11.68287717710923,9.719682414758957,10.083049997213056,0,65.02283233659989,50.90024222275684,,,,,0.5427810031285676,1.6157053984837972,1.0729243953552297,0.22673142426372267,65.02283233659989,,,,,65.02283233659989,65.02283233659989,65.02283233659989,,53.058216532931574,58.01583085595406,-29.00791542797703,0
2025-09-10,120.83,123.44,116.69,117.46,108.17099999999996,119.37266576898323,96.9693342310167,66.66055694964368,59.90321655570347,0,0,,,,60.29222222222218,60.8951444444444,59.68929999999996,,9.806487800317809,8.587329321167436,8.641229281767915,0,63.396593663154114,51.84616142494547,,,,,0.9358341980237699,2.242717142884942,1.306882944861172,0.3863973409476139,63.396593663154114,,,,,,,,,58.4545807538372,58.073169613629936,-29.036584806814968,0
2025-09-11,117.88,121.69,117.3701,117.75,108.62749999999997,120.58387382319613,96.67112617680381,71.57673112880568,67.37573528493864,0,0,,,,60.69586666666663,61.302825333333296,60.08890799999997,,8.572376974357532,8.39796552438381,8.519677927727232,0,63.669453537002774,52.723077730993346,,,,,1.1397268709860329,2.731541533593713,1.5918146626076803,0.5156312157293542,63.669453537002774,,,,,,,,,56.96392743036077,58.12474522454873,-29.062372612274366,0
2025-09-12,117.93,118.57,114.05,115.03,108.84349999999998,121.09500158143912,96.59199841856083,67.88117196837254,68.70615334894063,0,0,,,,61.0901333333333,61.70103466666663,60.47923199999997,,4.966830007208856,5.683848828823068,5.624167852715645,0,59.21107722323039,53.01189637563429,,,,,1.0196801664424766,2.866414870660776,1.8467347042182995,0.6375432721654123,59.21107722323039,,,,,,,,,54.052563826785466,58.165977508123035,-29.082988754061518,0
2025-09-15,115.345,116.53,112.4246,114.83,108.87649999999996,121.18861805499016,96.56438194500977,65.96308189167402,68.47366166295075,0,0,,,,61.48124444444441,62.09605688888885,60.86643199999996,,3.7617356574226823,5.468122138386189,4.960878467313368,0,58.88456993282155,53.42244987598213,,,,,0.861384037907936,2.9234647516032197,2.0620807136952837,0.7129820624239337,58.88456993282155,,,,,,,,,51.76908945389658,58.1995542397883,-29.09977711989415,0
2025-09-16,115.06,118.13,113.79,117.38,108.99449999999997,121.58203109231529,96.40696890768466,68.95429628903521,67.5995167163606,0,0,,,,61.88306666666663,62.5018973333333,61.26423599999996,,4.504055341387603,7.693507470560457,6.933002134773081,0,61.77852777395221,53.959011442088695,,,,,0.8609473630961677,3.1382649175654933,2.2773175544693256,0.8089283139535814,61.77852777395221,,,,,,,,,50.5128191624579,58.22901498878731,-29.114507494393656,0
2025-09-17,117.09,119.13,114.89,118.64,109.55149999999996,122.79405908048038,96.30894091951954,71.68558582360824,68.86765466810583,0,0,,,,62.28853333333329,62.91141866666663,61.665647999999955,,3.9762320009114394,8.296098182133548,7.650010434719445,0,63.15840618787545,55.1785044623727,,,,,0.8751897673301827,3.371304763632054,2.496114996301871,0.8189913899772516,63.15840618787545,,,,,,,,,51.02994885942559,58.259840189043814,-29.129920094521907,0
2025-09-18,120.08,124.36,119.8591,120.91,110.32999999999997,124.3012877001371,96.35871229986284,77.79321198231523,72.81103136498622,0,0,,,,62.707244444444406,63.33431688888885,62.08017199999996,,4.31999171721178,9.589413577449491,9.205697374402732,0,65.57003252129466,56.49008486450157,,,,,0.9603472295080779,3.696549033186969,2.736201803678891,0.8331421732366732,65.57003252129466,,,,,,,,,52.51673111464561,58.29508140033894,-29.14754070016947,0
2025-09-19,121.7,125.18,121,124.78,111.25399999999999,126.42944384853364,96.07855615146634,83.42843630920375,77.6357447050424,0,0,,,,63.140844444444404,63.77225288888885,62.50943599999996,,5.516844811256916,12.157765114063324,12.243184571284615,0,69.26396718632981,58.0285537565415,,,,,1.1854082177827685,4.2179620759073515,3.032553858124583,0.8521723264175695,69.26396718632981,,,,,,,,,53.637238930171186,58.33367171340435,-29.166835856702175,0
2025-09-22,123.625,126.64,122.2,124.89,112.03249999999998,128.2901097566649,95.77489024333507,84.43686885208555,81.88617238120152,0,0,,,,63.57564444444441,64.21140088888885,62.93988799999996,,4.934589176336135,11.476580456563967,11.99758469991088,0,69.36457758588793,59.88142262782215,,,,,1.243703755866048,4.587183552957143,3.3434797970910948,0.8407561049270567,69.36457758588793,,,,,,,,,54.28040448944507,58.37409794355904,-29.18704897177952,0
2025-09-23,125.41,127.78,124.07,126.2,112.94549999999997,130.20149892790954,95.6895010720904,86.38072787975422,84.74867768034784,0,0,,,,64.01262222222219,64.65274844444441,63.37249599999997,,5.353669429904739,11.735305966151843,12.748368037356439,0,70.59888178022331,61.82434227036115,,,,,1.2681645362640417,4.928685467421147,3.660520931157105,0.826231680888198,70.59888178022331,,,,,,,,,54.5759293474768,58.41522271892792,-29.20761135946396,0
2025-09-24,127.515,130.07,125,126.8,113.84549999999999,131.997136262332,95.693863737668,87.4813804776606,86.09965906983346,0,0,,,,64.45159999999996,65.09611599999995,63.80708399999995,,5.035577902767541,11.379018055171276,12.857240337859643,0,71.17178430057768,63.549222109040954,,,,,1.2219351266930887,5.187939839523466,3.9660047128303773,0.8096455710140392,71.17178430057768,,,,,71.17178430057768,,71.17178430057768,,54.44168582001072,58.455628977775596,-29.227814488887798,0
2025-09-25,123.33,125.8,120.62,122.65,114.832,132.64266264909858,97.0213373509014,76.83042312634092,83.56417716125192,0,1,,,,64.8713333333333,65.52004666666663,64.22261999999996,,1.1871859814703178,6.808206771631609,8.711066990480543,0,62.15095943176109,64.80421884220945,,,,,0.8279029571266552,5.000883409238696,4.172980452112041,0.8002743217396315,62.15095943176109,,,,,,,,,52.596120331826484,58.489850252744425,-29.244925126372213,0
2025-09-26,124.18,125.06,120.46,121.78,115.73649999999998,133.02156091976568,98.45143908023428,70.15187198562846,78.15455852987667,0,0,,,,65.30817777777774,65.96125955555551,64.65509599999997,,-0.08696650968939013,5.221775325847955,7.588059121308199,0,60.421982466171976,64.54740328049162,,,,,0.443965552105273,4.727937392243632,4.283971840138359,0.7603130222838489,60.421982466171976,60.421982466171976,,60.421982466171976,,,,,,49.87587954460802,58.51560378626805,-29.257801893134026,0
2025-09-29,123.78,136.84,123.78,136.72,117.37100000000001,136.04558154818957,98.69641845181044,78.29307978913589,75.09179163370176,0,0,,,,65.80928888888884,66.46738177777773,65.15119599999996,,10.191416481966552,16.485332833493782,19.990170495102745,0,73.86669938664917,65.17910806978087,,,,,1.0944273607893624,5.6520060411250626,4.5575786803357,0.8064520386109832,73.86669938664917,,,,,,,,,52.606904690174844,58.549407434859305,-29.274703717429652,0
2025-09-30,135.67,143.6199,135.57,143.18,119.48800000000001,139.72112491929954,99.2548750807005,83.15510817741679,77.20001998406039,0,0,,,,66.33755555555553,67.00093111111109,65.67417999999996,,13.047254352374571,19.827932512051415,24.63295458502104,0,77.43598009057163,66.18192138602497,,,,,1.8154640636238426,6.826908759865503,5.011444696241661,0.832274780371071,77.43598009057163,,,,,77.43598009057163,,77.43598009057163,,59.34972393296324,58.605629116321936,-29.302814558160968,0
2025-10-01,141.26,143.17,137.78,139.14,121.40400000000002,141.4598344628183,101.34816553718176,82.39392376236606,81.2807039096396,0,0,,,,66.84502222222218,67.5134724444444,66.17657199999996,,8.107688124004508,14.609073836117382,20.014490753519155,0,70.9130030785555,66.69931778185017,,,,,1.868714527512549,7.347337855632347,5.478623328119798,0.875244849279573,70.9130030785555,,,,,,,,,64.75276674804711,58.68199560884865,-29.340997804424326,0
2025-10-02,142.78,146.7,140.15,145.7,123.5435,144.36608799957378,102.72091200042621,88.34637293300707,84.63180162426332,0,0,,,,67.35986666666662,68.03346533333328,66.68626799999996,,11.06537382607633,17.93416893644748,24.23119336978885,0,74.64749169388308,67.80191881546821,,,,,2.1728260947470037,8.194655946553553,6.021829851806549,0.8899813926414275,74.64749169388308,,,,,,,,,66.84960875428418,58.76637343975162,-29.38318671987581,0
2025-10-03,146.82,150.21,145.2301,148.67,125.9145,146.84203638152334,104.98696361847666,90.65508476695723,87.1317938207768,0,0,,,,67.8901333333333,68.56903466666662,67.21123199999997,,11.302433875109475,18.072183902568796,25.255208786764772,0,76.14104577254051,69.034524232591,,,,,2.384172787403573,9.002045836061015,6.617873048657442,0.8991071778725058,76.14104577254051,,,,,,,,,67.4892487364226,58.85284793361032,-29.42642396680516,0
2025-10-06,153,153.8599,144.1194,144.26,127.2635,149.24265219020043,105.28434780979957,86.34596123179757,88.44913964392065,0,1,,,,68.39555555555552,69.07951111111107,67.71159999999996,,6.457088037783176,13.355361120824117,20.358756865744265,0,69.58582086529972,69.59218802483011,,,,,2.049888739940651,9.180233973583256,7.130345233642605,0.8994398126525784,69.58582086529972,,,,,,,,,67.79249678557686,58.94001660163841,-29.470008300819206,0
2025-10-07,146.33,147.12,141.26,145,128.5885,151.4711906416178,105.70580935838224,84.65384812328692,87.21829804068058,0,0,,,,68.89422222222218,69.5831644444444,68.20527999999996,,5.53897663585412,12.762805383063025,19.742017886980044,0,70.05174805088478,70.08456958647362,,,,,1.7151264949138483,9.274253352284916,7.5591268573710675,0.8925031724382012,70.05174805088478,,,,,,,,,65.64954350990558,59.01786717936804,-29.50893358968402,0
2025-10-08,146.11,151.35,144.55,150.87,130.25900000000001,154.48666179390773,106.0313382060923,86.38021632806503,85.7933418943832,0,0,,,,69.41808888888885,70.11226977777774,68.72390799999995,,7.920770831992097,15.823090918861649,23.16320532915359,0,73.51746133829592,70.65224307340229,,,,,1.7210888101392143,9.710487870045085,7.989399059905871,0.899590341072482,73.51746133829592,,,,,,,,,64.5884695239555,59.0910198697651,-29.54550993488255,0
2025-10-09,150.51,153.08,147.3,152.46,131.9945,157.33643400275523,106.65256599724475,84.61444371358849,85.2161693883135,0,1,,,,69.95386666666663,70.6534053333333,69.25432799999996,,6.781156760845497,15.504812700529214,22.80569860542041,0,74.3822420176563,71.01783413278275,,,,,1.66323581370421,10.068443827036134,8.405208013331924,0.9134047934951627,74.3822420176563,,,,,,,,,65.83656636931595,59.16862172494453,-29.584310862472265,0
2025-10-10,151.505,153.5597,138.94,138.96,133.19099999999997,157.45273851973568,108.92926148026429,69.1493268391005,80.04799562691802,0,0,,,,70.42826666666663,71.1325493333333,69.72398399999996,,-3.8312479238179598,4.331373741469036,10.881482249866337,0,57.27946469156959,70.15461178318859,,,,,0.6016179680332279,9.15723047337346,8.555612505340232,0.8133717919269982,57.27946469156959,,,,,,,,,61.96092910047818,59.23085604624349,-29.615428023121744,0
2025-10-13,144.62,146.56,136.52,140.68,134.4835,157.41255342573058,111.55444657426939,64.10925056355674,72.62434037208193,0,0,,,,70.90986666666663,71.61896533333329,70.20076799999997,,-2.906992794633234,4.607628445125256,11.170232381714996,0,58.58600806925197,69.29654937526206,,,,,-0.06355484301095338,8.47616895157654,8.539723794587493,0.7137713816263909,58.58600806925197,,,,,,,,,56.68457493828705,59.274261088188354,-29.637130544094177,0
2025-10-14,136.72,141.21,133.05,134.95,135.362,156.9071160126838,113.8168839873162,55.09700160768012,62.78519300344581,0,0,,,,71.35408888888885,72.06762977777774,70.64054799999997,,-6.329605952703221,-0.3043690252803599,5.692542651646626,0,52.79335801791689,67.98380464078629,,,,,-0.9206708699653898,7.388885207130755,8.309556077096145,0.5038779981596544,52.79335801791689,,,,,,,,,49.0425319882174,59.29432676748627,-29.647163383743134,0
2025-10-15,138.095,139.65,133.535,134.15,136.1375,156.29079141852515,115.98420858147482,49.14325385183541,56.11650200769077,0,0,,,,71.79368888888885,72.51162577777774,71.07575199999997,,-6.561259316013091,-1.4599210357175485,4.15965712333517,0,52.020011950513236,67.26016553498287,,,,,-1.5364422698779876,6.389003239748661,7.925445509626648,0.18378841998342757,52.020011950513236,,,,,,,,,46.35961520616812,59.307156478743885,-29.653578239371942,0
2025-10-16,135.38,137.4799,130.57,131.44,136.664,155.71877095112967,117.6092290488703,43.29278216724112,49.177679208918896,0,0,,,,72.21751111111108,72.93968622222219,71.49533599999997,,-7.530391715443496,-3.8225136100216495,1.3074498177174654,0,49.38113206019409,66.4715333631273,,,,,-2.087053654054097,5.316628442059027,7.4036820961131244,-0.37230247289139135,49.38113206019409,,,,,,,,,42.17335943950539,59.30988316573413,-29.654941582867064,0
2025-10-17,128.16,131.205,125.6,129.91,136.9205,155.45960836583006,118.38139163416994,38.520184047877684,43.65207335565142,0,0,,,,72.6389333333333,73.36532266666663,71.91254399999997,,-7.3844355091681635,-5.120124451780416,-0.6036771513171835,0,47.903642117279865,64.61702927245807,,,,,-2.4878983833752226,4.293809116894096,6.781707500269318,-0.6418986945468848,47.903642117279865,47.903642117279865,,47.903642117279865,,,,,,39.64926822594598,59.307137165433915,-29.653568582716957,0
2025-10-20,133.425,140.198,132.9,135.8,137.466,155.1807615281717,119.75123847182832,36.647294245899374,39.48675348700607,0,0,,,,73.07959999999997,73.81039599999997,72.34880399999997,,-2.5978683421554627,-1.2119360423668346,3.4144013565207354,0,53.65269760489306,62.918223380623886,,,,,-2.2946618426270664,3.913380196985486,6.208042039612552,-0.6887534587880596,53.65269760489306,,,,,,,,,39.46151727603432,59.30395293262806,-29.65197646631403,0
2025-10-21,135.29,135.31,131.35,131.84,137.748,154.90726874898849,120.58873125101151,32.66684220501769,35.944773499598256,0,0,,,,73.49733333333329,74.23230666666662,72.76235999999996,,-4.537094695378907,-4.288991491709493,0.059957043434666346,0,49.682965303915104,61.40179211100672,,,,,-2.362570439942819,3.254828989684029,5.617399429626848,-0.8271349035251675,49.682965303915104,,,,,,,,,38.91061685176833,59.299610527170096,-29.649805263585048,0
2025-10-22,131.63,132.36,120.88,127.22,137.769,154.87557055052238,120.66242944947763,26.28494196355785,31.866359471491645,0,0,,,,73.90088888888884,74.63989777777773,73.16187999999995,,-6.277395923118279,-7.65702008434409,-3.68420654168109,0,45.457213891537826,59.31677226798205,,,,,-2.6273347518782124,2.333230989779082,4.960565741657295,-0.8696523037808256,45.457213891537826,45.457213891537826,,45.457213891537826,,,,,,37.17200773284201,59.2918850783915,-29.64594253919575,0
2025-10-23,128.28,135.57,127.28,134.33,138.353,154.09844518265504,122.60755481734498,32.06648679027442,30.33942365294999,0,0,,,,74.3305777777778,75.07388355555558,73.58727200000003,,0.3001612806881493,-2.9077793759441417,1.2748889843862132,0,52.195881835021005,57.6064034153021,,,,,-2.2470356053384224,2.151771234984267,4.398806840322689,-0.8166889215817634,52.195881835021005,,,,,,,,,35.7949188841473,59.28164285396449,-29.640821426982246,0
2025-10-24,137.99,142.1999,137.1,139.79,139.25350000000003,153.04319075070094,125.4638092492991,38.47190243086735,32.274443728233216,0,0,,,,74.78502222222224,75.53287244444446,74.03717200000001,,4.312332569714417,0.3852685928899202,4.739593349534088,0,56.627468385464006,56.68080680959954,,,,,-1.5825367862844564,2.4206358574671185,4.003172643751575,-0.6939243434087602,56.627468385464006,,,,,,,,,37.67754696753939,59.27479499524126,-29.63739749762063,0
2025-10-27,144.99,149.2,143.18,145.86,139.71050000000002,153.73781688527671,125.68318311472332,50.69573153055301,40.41137358389827,0,0,,,,75.26608888888892,76.0187497777778,74.51342800000003,,8.422719264991208,4.401601883895623,8.44717171917444,0,60.96038366175171,56.03142363894718,,,,,-0.7322055481092256,3.087915708615043,3.8201212567242684,-0.42617391882548256,60.96038366175171,,,,,,,,,43.271468020565784,59.279547249999524,-29.639773624999762,0
2025-10-28,146,148.11,145.63,146.25,139.864,154.1053797084408,125.6226202915592,55.22623679359456,48.13129025167165,0,0,,,,75.74435555555557,76.50179911111113,74.98691200000002,,7.80707509269567,4.565863982154084,7.964654033264207,0,61.22838680984864,55.153632601200954,,,,,-0.17078940434214873,3.6066345012965826,3.7774239056387313,-0.05815833528355095,61.22838680984864,,,,,61.22838680984864,61.22838680984864,61.22838680984864,,46.619631051777354,59.292233234201646,-29.646116617100823,0
2025-10-29,146,147.72,142.74,144.8,140.147,154.54368447942088,125.75031552057911,56.50181967475511,54.1412626663009,0,0,,,,76.21013333333336,76.9722346666667,75.44803200000003,,5.90679032210879,3.3200853389655283,6.210528632099344,0,59.59044282371631,54.09707551591952,,,,,0.0630747556880773,3.856267350248828,3.7931925945607508,0.4221335697305345,59.59044282371631,,,,,,,,,47.53814364439385,59.30713110375667,-29.653565551878334,0
2025-10-30,142.39,144.15,137.25,138.07,139.7655,153.95627090929162,125.57472909070839,50.45787913898466,54.06197853577811,0,0,,,,76.65080000000002,77.41730800000002,75.88429200000002,,0.4971358279895366,-1.2131033767274535,0.850955041817314,0,52.5621321880098,53.76012319423668,,,,,-0.2577248927466944,3.471036478627383,3.7287613713740773,0.49579597659758823,52.5621321880098,,,,,,,,,43.92384566212781,59.313075965595466,-29.656537982797733,0
2025-10-31,143.6,150.47,143.3,146.78,139.671,153.64686762959684,125.69513237040313,65.8381480036301,57.59928227245663,0,0,,,,77.11795555555558,77.88913511111114,76.34677600000002,,5.540935041776307,5.089818215663966,6.641802792342255,0,59.25929225201111,53.80821492157662,,,,,0.07657191347122971,3.824476263213114,3.7479043497418845,0.7227966719258877,59.25929225201111,,,,,,,,,42.86599841000731,59.31652886944195,-29.658264434720977,0
2025-11-03,148.79,149.4124,142.5,147.08,139.812,154.0251004358652,125.59889956413483,68.5276480467271,61.607891729780626,0,0,,,,77.59591111111114,78.37187022222224,76.81995200000003,,4.905778804867245,5.198409292478479,6.288571882813754,0,59.47152556705784,54.285226889372396,,,,,0.26706501957063633,4.08173562420518,3.8146706046345438,0.7984509676009006,59.47152556705784,,,,,,,,,42.45592987947412,59.31899377616932,-29.65949688808466,0
2025-11-04,139.87,144.4,136.63,136.8,139.402,153.46511430658325,125.33888569341673,56.34922113983052,63.57167239672924,0,0,,,,78.03786666666669,78.81824533333335,77.25748800000002,,-2.7704729278312357,-1.8665442389635523,-1.3921392427569623,0,49.882217270849374,54.132527269396405,,,,,-0.31836078941242985,3.4167196178690062,3.735080407281436,0.7064981996363289,49.882217270849374,,,,,,,,,41.199344568290805,59.318683658351105,-29.659341829175553,0
2025-11-05,139.635,144.77,135.51,142.48,138.98250000000002,152.12248002281544,125.84251997718458,58.47406183968687,61.116977008748165,0,0,,,,78.50293333333335,79.28796266666669,77.717904,,0.1799977500281269,2.5165038763872882,2.316630042943113,0,54.269762104632385,54.48171512971343,,,,,-0.34017303087792294,3.3098641186840325,3.6500371495619555,0.6630656270641946,54.269762104632385,,,,,,,,,39.00785607049815,59.31388125991655,-29.656940629958275,0
2025-11-06,140,140.16,126.15,127.08,137.7135,150.29216968323803,125.13483031676199,43.180852760807674,52.66804524677502,0,0,,,,78.89293333333336,79.68186266666669,78.10400400000003,,-10.190178022459506,-7.721465215828527,-8.838966535550751,0,43.22164885338993,54.14728703943558,,,,,-1.3520808036210967,1.9599361450355843,3.312016948656681,0.24774389709704814,43.22164885338993,43.22164885338993,,43.22164885338993,,,,,,31.70054292532933,59.29676375433705,-29.648381877168525,0
2025-11-07,123.766,132.2,120.7,130.36,137.28349999999998,150.24449421340967,124.3225057865903,35.32733957969788,45.66075139339748,0,0,,,,79.29364444444448,80.08658088888893,78.50070800000003,,-7.254048208543196,-5.043213496159382,-6.677516268436956,0,45.75462289199201,53.58313884565693,,,,,-1.7363197707224267,1.1416172352536478,2.8779370059760745,0.04077802419755184,45.75462289199201,,,,,,,,,28.774559018790466,59.27580570986746,-29.63790285493373,0
2025-11-10,135.45,138.99,131.65,135.88,137.04349999999997,149.92153133246867,124.16546866753127,39.77211381293133,39.4267687178123,0,0,,,,79.70555555555559,80.50261111111115,78.90850000000003,,-2.635463391564774,-0.8490004998412681,-2.7063408905935504,0,49.81245290263308,53.592387959851074,,,,,-1.56009665790228,0.9278161835982246,2.4879128415005045,-0.12974357550560867,49.81245290263308,,,,,,,,,25.818453649848013,59.25160474715899,-29.625802373579496,0
2025-11-11,133.99,134.6669,130.9,131.93,136.89249999999998,149.93495049827797,123.85004950172198,34.72463839502615,36.60803059588513,0,0,,,,80.10688888888892,80.90795777777781,79.30582000000003,,-4.485759379117593,-3.6251072922183325,-5.280313219449839,0,47.09744459869133,53.70954729607632,,,,,-1.6426221786058948,0.4346351182431363,2.077257296849031,-0.5015673181203706,47.09744459869133,,,,,,,,,26.652753896335458,59.2282853670893,-29.61414268354465,0
2025-11-12,133.33,133.84,128.3301,132.98,136.83399999999997,149.93549212876238,123.73250787123759,36.34708257374164,36.947944927233046,0,0,,,,80.53311111111113,81.33844222222224,79.72778000000001,,-2.894613856758965,-2.8165514418930893,-4.38550659335919,0,47.91020542953626,53.40342755282741,,,,,-1.5601680185442242,0.1270472736687509,1.687215292212975,-0.7017660040001689,47.91020542953626,,,,,,,,,26.83698078708022,59.20518453830729,-29.602592269153646,0
2025-11-13,129.87,130.15,119.47,121.53,136.33849999999998,150.8880859391261,121.78891406087385,25.80933431950514,32.29368509609099,0,0,,,,80.90906666666669,81.71815733333335,80.09997600000003,,-10.170744327001247,-10.861568815851708,-12.109078373563554,0,40.58738967746391,52.257707645113115,,,,,-2.1727950333029122,-1.0287784994156652,1.144016533887247,-0.8196228386190467,40.58738967746391,,,,,,,,,21.727348747658628,59.17759365073831,-29.588796825369155,0
2025-11-14,115.15,126.5,114,122.5,135.968,151.49787649661187,120.43812350338813,25.182714491806273,29.1130437950177,0,0,,,,81.28315555555558,82.09598711111114,80.47032400000002,,-7.799069711429896,-9.905271828665562,-10.845115525322424,0,41.40447137341625,50.86085676737487,,,,,-2.3914029180396206,-1.8452371136622787,0.5461658043773419,-0.8453140596828475,41.40447137341625,,,,,,,,,18.29053022252798,59.14804924415098,-29.57402462207549,0
2025-11-17,120.495,120.98,112.42,115.97,134.9765,152.78725885525432,117.16574114474565,19.82867631999045,23.606908377100638,0,0,,,,81.63191111111112,82.44823022222224,80.81559200000001,,-10.621112746722549,-14.081340085125927,-15.014351145038173,0,37.65055682988013,49.17672605451998,,,,,-2.8247694465984665,-2.9847960038707413,-0.16002655727227477,-0.862868504269236,37.65055682988013,,,,,,,,,12.549505688852449,59.11709169899852,-29.55854584949926,0
2025-11-18,113.91,116.9706,112.35,114.3,134.09949999999998,154.04148132082236,114.1575186791776,17.202701060248653,20.738030624015142,0,0,,,,81.96400000000003,82.78364000000003,81.14436000000002,,-10.353644285142849,-14.76478286645363,-15.605271901650264,0,36.733312152582606,47.544073863724726,,,,,-3.053432675892668,-3.97681740213811,-0.9233847262454419,-0.8804810442756414,36.733312152582606,,,,,,,,,9.95339691075907,59.08628978233041,-29.543144891165205,0
2025-11-19,114.74,119.2,113.55,118.16,133.64649999999997,154.5799615150012,112.71303848499876,19.709311262658748,18.91356288096597,1,0,,,,82.3096888888889,83.13278577777778,81.48659200000002,,-5.524150668830796,-11.587658487128339,-12.047122575266611,0,40.35053972034778,46.67181725889172,,,,,-2.781933867016064,-4.400802060015522,-1.618868192999458,-0.9150595345565348,40.35053972034778,,,,,,,,,8.230691303549051,59.0558697461934,-29.5279348730967,0
2025-11-20,121.63,122.63,105.235,106.21,132.24049999999994,156.33949041453965,108.14150958546023,14.09955836148109,17.003856894796183,0,0,,,,82.60831111111114,83.43439422222225,81.78222800000002,,-13.637768128669236,-19.684211720312582,-20.02439703922353,0,33.890389993281985,44.85975281183964,,,,,-3.213792273501678,-5.636108534876556,-2.4223162613748777,-0.9156197040582451,33.890389993281985,33.890389993281985,,33.890389993281985,,,,,,4.906236425155131,59.02673236886928,-29.51336618443464,0
2025-11-21,107.84,109.99,102.1,107.3,130.61599999999993,156.75432542455758,104.47767457544228,15.008265106608334,16.272378243582743,0,0,,,,82.91506666666669,83.74421733333335,82.08591600000003,,-11.084225529517033,-17.85079928952038,-18.556432371983846,0,34.91397579948348,43.10564211415575,,,,,-3.2243554061455684,-6.452760519056838,-3.2284051129112696,-0.9144016383059328,34.91397579948348,,,,,,,,,2.4633589178582684,58.99904166510239,-29.499520832551195,0
2025-11-24,109.915,115.72,108.64,114.97,129.07149999999996,155.0744554281824,103.06854457181751,23.798823200652556,17.63554888958068,1,0,,,,83.26044444444447,84.09304888888892,82.42784000000003,,-3.0484462621748087,-10.925339831023862,-12.163332246760683,0,41.74866953290816,42.524674418588525,,,,,-2.5430359000124145,-6.407199987926788,-3.8641640879143733,-0.8912228240164699,41.74866953290816,,,,,,,,,1.227741684584915,58.9722584212409,-29.48612921062045,0
2025-11-25,112.465,116.81,109.19,115.57,127.53749999999994,152.91818153143365,102.15681846856623,26.313782721670535,21.70695700964383,0,0,,,,83.59880000000003,84.43478800000003,82.76281200000003,,-1.179146465553349,-9.383514652553126,-11.267000056304289,0,42.25947159143453,41.66679652478869,,,,,-1.9091684441980208,-6.250624643161899,-4.341456198963878,-0.8348641515545064,42.25947159143453,,,,,,,,,3.882127856075987,58.94377935775282,-29.47188967887641,0
2025-11-26,121.33,128.9,120.86,128.2,126.70749999999994,150.83036042325924,102.58463957674063,41.13933680520439,30.41731424250918,0,0,,,,83.98480000000002,84.82464800000002,83.14495200000002,,10.070317933219442,1.1779097527770954,-1.4197503966535074,0,51.83412436522471,42.281973347062596,,,,,-0.5661935168786645,-5.049198095062209,-4.483004578183545,-0.6524866457417726,51.83412436522471,,,,,,,,,10.018435634044947,58.9132462819686,-29.4566231409843,0
2025-11-28,128.075,129.95,127.15,128.49,126.22849999999991,149.80409778669627,102.65290221330355,49.63795461250319,39.03035804645939,0,0,,,,84.36604444444448,85.20970488888894,83.52238400000003,,9.663983886247852,1.7915922315484112,-1.1219872564410371,0,52.03081512079939,42.73027279197741,,,,,0.3646157690786298,-4.027234866835258,-4.391850635913888,-0.4320817902500465,52.03081512079939,,,,,52.03081512079939,,52.03081512079939,,13.847642985937687,58.882799026876434,-29.441399513438217,0
2025-12-01,123.45,125.2899,118.86,123.24,125.05149999999992,146.6751188229464,103.42788117705345,49.61405044411529,46.79711395394097,0,0,,,,84.73351111111113,85.58084622222223,83.88617600000002,,5.116810672034533,-1.4486031754916362,-4.999524637889719,0,48.193897072274844,42.61466166123754,,,,,0.6339121645045145,-3.5994604302832442,-4.233372594787759,-0.20660284237751256,48.193897072274844,,,,,,,,,15.838235961787431,58.85282656069377,-29.426413280346885,0
2025-12-02,125.25,129.18,124.51,125.95,123.99499999999993,143.13204836175257,104.8579516382473,55.63344179721273,51.62848228461042,0,0,,,,85.11191111111114,85.96303022222226,84.26079200000002,,6.521536887152335,1.5766764788903265,-2.664145577446231,0,50.2339874581528,42.838700436913356,,,,,0.9810119236786754,-3.0071076901894145,-3.98811961386809,0.07552281605960702,50.2339874581528,,,,,,,,,14.76812313106366,58.82263567423735,-29.411317837118673,0
2025-12-03,126.1,134.34,124.4,133.64,123.83699999999995,142.59702036246364,105.07697963753625,69.4563969543898,58.23462973190596,0,0,,,,85.52773333333336,86.38301066666669,84.67245600000003,,11.206344187130245,7.916050937926511,3.230922929562352,0,55.579547321694164,43.386510572067486,,,,,1.6742578222171547,-1.8952973360966467,-3.5695551583138014,0.5141481846523115,55.579547321694164,,,,,,,,,15.933595212332508,58.792782360576986,-29.396391180288493,0
2025-12-04,133.21,137.36,132.77,137.08,123.56699999999994,141.37738696940784,105.75661303059204,74.60732374448828,66.5657208320303,0,0,,,,85.96102222222225,86.82063244444448,85.10141200000002,,12.300823331831445,10.935767640227635,5.620020649376656,0,57.765039379197646,44.613485550762746,,,,,2.2730792759387306,-0.7282060633903882,-3.001285339329119,0.6960923017815009,57.765039379197646,,,,,57.765039379197646,,57.765039379197646,,19.627441085685494,58.76452673371188,-29.38226336685594,0
2025-12-05,135.06,135.24,129.96,131.95,123.81049999999993,141.93670807008607,105.6842919299138,73.85471569360229,72.63947879749348,0,0,,,,86.36186666666669,87.22548533333335,85.49824800000002,,5.865740257864749,6.574159703740845,1.7295435855263053,0,53.534970617800816,45.479949782504505,,,,,2.229227920461031,-0.21475043875283006,-2.443978359213861,0.8235562629728953,53.534970617800816,,,,,,,,,20.89324713641328,58.737063016456915,-29.368531508228457,0
2025-12-08,134.1,138.09,132.0017,136.43,124.11399999999995,142.86132343562753,105.36667656437237,79.32455058911493,75.92886334240187,0,0,,,,86.76573333333336,87.6333906666667,85.89807600000002,,6.9602985449072285,9.923135182171272,5.27439400798384,0,56.52881462758694,46.82839676805499,,,,,2.3930673472641866,0.5473558248663721,-1.8457115223978142,0.8727323343729285,56.52881462758694,,,,,,,,,21.07172961876937,58.709752041200694,-29.354876020600347,0
2025-12-09,134.5,139.75,133.57,135.71,124.10549999999994,142.83161916548784,105.37938083451205,79.18789224139712,77.45571950803814,0,0,,,,87.16408888888891,88.0357297777778,86.29244800000002,,4.693502846651176,9.350512265773947,4.992921043198373,0,55.905373184045075,48.19782969887375,,,,,2.341188462873021,1.0807740561934622,-1.2604144066795588,0.8872345641489993,55.905373184045075,,,,,,,,,20.076349789144523,58.681867617379524,-29.340933808689762,0
2025-12-10,135.26,137.46,133.43,135.66,124.29199999999994,143.3965843712979,105.18741562870198,76.25872968544775,78.25705750531996,0,0,,,,87.55302222222225,88.42855244444448,86.67749200000003,,3.0576974208987417,9.146204100022581,5.2416539525742545,0,55.859300504159066,49.30559832628883,,,,,2.194242889706243,1.482389205453245,-0.711853684252998,0.9114318786917682,55.859300504159066,,,,,,,,,20.688019866329267,58.65438909640373,-29.327194548201867,0
2025-12-11,131.775,131.775,122.53,123.38,123.81199999999993,142.49711771437498,105.12688228562486,64.17233466271927,73.20631886318807,0,0,,,,87.87915555555558,88.75794711111114,87.00036400000003,,-5.926665802535947,-0.34891609860104866,-3.751742214640874,0,45.862506261377966,50.160749488295686,,,,,1.209923335638778,0.8005504852954743,-0.4093728503433035,0.7398154237069136,45.862506261377966,,,,,,,,,16.478095517214776,58.624960658272144,-29.312480329136072,0
2025-12-12,125.34,125.65,117.835,119.5,123.71049999999994,142.46602129374284,104.95497870625704,55.70862184161601,65.37989539659436,0,0,,,,88.18733333333336,89.06920666666669,87.30546000000002,,-8.25617639381514,-3.403510615509553,-6.326183464807677,0,43.230004997595216,50.75475157387509,,,,,0.28566436655189653,-0.05229239215343284,-0.3379567587053294,0.41968384836177497,43.230004997595216,,,,,,,,,11.40278580590118,58.5948341610336,-29.2974170805168,0
2025-12-15,120.4,120.66,114.1005,115.26,123.34849999999994,142.45961014567274,104.23738985432713,47.641766450077704,55.840907651471014,0,0,,,,88.47577777777781,89.36053555555559,87.59102000000003,,-10.965888023730042,-6.557436855737963,-8.899538675146712,0,40.494569933396825,50.66517303105286,,,,,-0.5761240548606696,-1.0581118272811665,-0.48198777242049684,-0.008124301164828367,40.494569933396825,40.494569933396825,,40.494569933396825,,,,,,5.158359102613752,58.56631685406607,-29.283158427033037,0
2025-12-16,116.695,120.7,115.76,119.4,123.51999999999994,142.4236123531996,104.6163876468003,45.50311093939635,49.61783307703005,0,0,,,,88.77924444444447,89.66703688888892,87.89145200000003,,-7.298856375338669,-3.33549222797922,-4.934035048607877,0,44.20685352753572,50.80427174077437,,,,,-0.8174756481073464,-1.5038323325546799,-0.6863566844473334,-0.38397111418975094,44.20685352753572,,,,,,,,,3.76545598224167,58.53856110707136,-29.26928055353568,0
2025-12-17,120.97,124.7,115.59,115.8,123.59499999999994,142.36311285132433,104.82688714867555,34.10625131420365,42.417042901225926,0,0,,,,89.08173333333336,89.97255066666669,88.19091600000003,,-8.831101348638349,-6.306889437274932,-7.283601687790764,0,41.76678280176804,50.08517591481318,,,,,-1.14938293357419,-2.123085351415071,-0.973702417840881,-0.5340726791800026,41.76678280176804,,,,,,,,,2.463453343245028,58.511639188702,-29.255819594351,0
2025-12-18,121.87,124.25,117.05,117.16,123.54499999999993,142.37598669746347,104.71401330253639,34.46803399192924,38.02579874850977,0,0,,,,89.38288888888891,90.2767177777778,88.48906000000002,,-6.290741851629633,-5.168157351572256,-5.556496013800583,0,43.0457518202425,49.44338567905912,,,,,-1.2014943554768949,-2.4755703621869998,-1.274076006710105,-0.6303933981640942,43.0457518202425,,,,,,,,,2.780677568114084,58.48454949827389,-29.242274749136946,0
2025-12-19,119.47,122.96,118.2,121.35,124.30199999999994,141.42441291407414,107.17958708592573,39.9390287462155,36.17110468411615,0,0,,,,89.69488888888891,90.5918377777778,88.79794000000003,,-2.1094663816399573,-2.3748612250808043,-2.028063490013121,0,46.914122133135,49.351973183406265,,,,,-0.892160946520629,-2.3892771898608913,-1.4971162433402623,-0.7496547442848926,46.914122133135,,,,,,,,,3.079513682947771,58.457311175312675,-29.228655587656338,0
2025-12-22,123.51,124.55,121.07,122.37,125.05549999999991,140.34729188323197,109.76370811676784,42.326247084565324,38.911103274236716,0,0,,,,90.00320000000004,90.90323200000003,89.10316800000004,,-0.15421144102021334,-2.1474465337389503,-0.9916744653938991,0,47.842846062623046,49.18117736943986,,,,,-0.5727652674179207,-2.213072827612663,-1.6403075601947426,-0.804996296454924,47.842846062623046,,,,,47.842846062623046,,47.842846062623046,,4.71262755999773,58.429207518030154,-29.214603759015077,0
2025-12-23,120.295,121.15,116.75,120.24,125.31899999999992,140.07892940362746,110.55907059637238,39.923063916741945,40.72944658250761,0,0,,,,90.30671111111114,91.20977822222225,89.40364400000003,,-0.6379532608336125,-4.052857108658648,-2.302944291119502,0,46.031799163827806,48.49919535816368,,,,,-0.46352619472359,-2.21971530359923,-1.75618910887564,-0.7788854071197481,46.031799163827806,,,,,,,,,5.334080445906231,58.4008499798659,-29.20042498993295,0
2025-12-24,119.96,120.67,118.6,120.44,125.56249999999991,139.82330905839763,111.3016909416022,39.899788539078564,40.71636651346197,0,0,,,,90.61133333333336,91.5174466666667,89.70522000000003,,0.7950456105113579,-4.0796416127425905,-1.8349571010177756,0,46.23759021823519,47.67580613238066,,,,,-0.3419840775610097,-2.1836692058269023,-1.8416851282658926,-0.7049557671289565,46.23759021823519,,,,,,,,,4.839652703097216,58.37276503713296,-29.18638251856648,0
2025-12-26,120.71,121.03,117.7,118.13,125.05899999999993,139.6196921538803,110.49830784611957,35.62052631452686,38.48112625678248,0,0,,,,90.90266666666669,91.81169333333335,89.99364000000003,,-0.7018871096540757,-5.540584843953599,-3.3277048683948984,0,44.14383788587175,47.005010937242865,,,,,-0.37850497438909203,-2.3148163462522575,-1.9363113718631655,-0.6702388914825816,44.14383788587175,,,,,,,,,3.4037024705470684,58.34548827991523,-29.172744139957615,0
2025-12-29,116.89,118.95,116.02,117.43,124.50599999999993,139.34097542970858,109.67102457029127,32.79534660842542,36.10522048734364,0,0,,,,91.18368888888892,92.09552577777781,90.27185200000004,,-1.1182404553798153,-5.683260244486155,-3.7929537193558738,0,43.50100198894742,46.07445289162576,,,,,-0.4085730922906725,-2.447027737226506,-2.0384546449358334,-0.5856112331777674,43.50100198894742,,,,,,,,,2.3254869275523333,58.318919421449934,-29.159459710724967,0
2025-12-30,117.625,118.6363,115.18,115.45,124.11649999999993,139.4641816164546,108.76881838354527,29.556179577057534,32.65735083333663,0,0,,,,91.46048888888892,92.3750937777778,90.54588400000003,,-2.8010473408151215,-6.982552682358856,-5.232656769017807,0,41.65330263257521,45.05644785223506,,,,,-0.5137759019100647,-2.6806745223234145,-2.16689862041335,-0.4937366830917282,41.65330263257521,,,,,,,,,0.495519494464316,58.29370696852182,-29.14685348426091,0
2025-12-31,114.84,115.65,112.85,113.1,123.47399999999993,139.52081949795866,107.42718050204121,21.29708985070811,27.882872012063714,0,0,,,,91.71488888888892,92.63203777777781,90.79774000000003,,-4.271796998654209,-8.401768793430154,-7.088697023716661,0,39.508394086856256,43.88852596528486,,,,,-0.6829983119835665,-3.020646510392808,-2.3376481984092417,-0.4147862861251833,39.508394086856256,39.508394086856256,,39.508394086856256,,,,,,-1.3894791889698912,58.2701278100304,-29.1350639050152,0
2026-01-02,115.478,116.03,110.41,115.21,122.55249999999992,138.27169193215954,106.8333080678403,23.754179586858545,24.86914967154142,0,0,,,,91.97684444444448,92.89661288888892,91.05707600000004,,-2.4371655036921624,-5.991309846800297,-5.3789168797464315,0,42.37752599192034,43.63959880318074,,,,,-0.5972925770569639,-3.0842639197304464,-2.4869713426734825,-0.34879755439691146,42.37752599192034,,,,,,,,,-2.410101689556829,58.24754380922837,-29.123771904614184,0
2026-01-05,117.92,123.4199,117.55,123.24,121.86049999999992,136.110497157897,107.61050284210285,38.24342272186939,27.76489738647868,0,0,,,,92.28751111111114,93.21038622222225,91.36463600000003,,3.828267169913069,1.1320321186931714,1.07549222769594,0,51.755716214390496,44.24857817580898,,,,,0.022866264533511593,-2.458388512006593,-2.4812547765401045,-0.03224321754144867,51.755716214390496,,,,,51.755716214390496,,51.755716214390496,,-0.5018647677381605,58.223232825876934,-29.111616412938467,0
2026-01-06,124.16,124.35,118.0498,121.7,121.34799999999993,134.82603190380786,107.86996809619198,43.63771686372033,35.21177305748275,0,0,,,,92.57991111111114,93.50571022222226,91.65411200000003,,2.500610624015631,0.29007482611997926,-0.6084364408510234,0,50.07258862217713,44.93272236786471,,,,,0.3347130484862699,-2.062863465932267,-2.397576514418537,-0.026626977337733466,50.07258862217713,,,,,,,,,1.6581389689467194,58.197277954721365,-29.098638977360682,0
2026-01-07,120.05,120.1,116.5501,116.97,120.37499999999993,132.04592369952175,108.7040763004781,42.09293992558728,41.32469317039233,0,0,,,,92.81622222222227,93.74438444444449,91.88806000000004,,-1.0330735842830618,-2.8286604361370205,-4.722211663254649,0,45.20948645283029,45.00433900538575,,,,,0.232627057670304,-2.1067926923306572,-2.3394197500009613,-0.05740967518689827,45.20948645283029,,,,,,,,,1.9033693441523492,58.171187800438744,-29.085593900219372,0
2026-01-08,115.75,117.32,113.87,115.39,119.35899999999995,128.84683621275371,109.87116378724619,37.252565322260615,40.99440737052274,0,0,,,,93.03893333333336,93.9693226666667,92.10854400000002,,-1.9676142252731288,-3.3252624435526013,-6.019916165323758,0,43.683293804983784,45.14123264847259,,,,,0.0769429760730338,-2.243241029909669,-2.3201840059827026,-0.29259245204633977,43.683293804983784,,,,,,,,,-0.5373673031555182,58.14699845605843,-29.073499228029213,0
2026-01-09,116.975,118.23,114.882,115.27,118.33949999999993,124.34457943328532,112.33442056671454,33.845781220469334,37.73042882277241,0,0,,,,93.28262222222226,94.21544844444448,92.34979600000004,,-1.637525706337628,-2.593808491670102,-6.110003964009003,0,43.56301018015214,45.17817967418041,,,,,-0.011175713077961724,-2.3341536473301545,-2.322977934252193,-0.45602887955825927,43.56301018015214,,,,,,,,,-2.5404660415030764,58.12467533806405,-29.062337669032026,0
2026-01-12,114.51,119.62,114.455,117.52,118.04649999999992,123.59362276771171,112.49937723228814,35.21810292925084,35.43881649066026,0,0,,,,93.54168888888893,94.47710577777782,92.60627200000003,,0.33467659312889086,-0.4460106822310905,-3.998954379353392,0,46.53564406944247,45.15114552677381,,,,,0.09894693905031238,-2.199294260439302,-2.2982411994896146,-0.3684414610475333,46.53564406944247,,,,,,,,,-2.577534902268399,58.10241110361864,-29.05120555180932,0
2026-01-13,117.4,120.43,116,120.24,118.08349999999993,123.67857381542534,112.48842618457452,46.23900256016895,38.434295569963034,0,0,,,,93.82693333333337,94.76520266666671,92.88866400000003,,2.4112291221286553,1.8262500688073002,-1.5558606084258852,0,49.96655215702498,45.30283881923109,,,,,0.35731939383111166,-1.851591957200725,-2.2089113510318366,-0.0965694514622004,49.96655215702498,,,,,,,,,-1.4137781145882002,58.07906806381501,-29.039534031907504,0
2026-01-14,120.29,120.88,116.61,119.67,118.30399999999993,123.78299041795613,112.82500958204373,54.12824942016846,45.195118303196075,0,0,,,,94.1294666666667,95.07076133333337,93.18817200000004,,1.560709830180529,1.1546524208818632,-1.9269854451681057,0,49.25325528616837,45.5329428279697,,,,,0.48429312468178365,-1.6035449451796069,-2.0878380698613905,0.08881842214168256,49.25325528616837,,,,,,,,,-0.3604905440838478,58.05483666539352,-29.02741833269676,0
2026-01-15,119.61,119.8799,110.13,110.35,117.85149999999994,124.30233645739406,111.40066354260583,34.361809563640655,44.909687181326014,0,0,,,,94.39800000000002,95.34198000000002,93.45402000000003,,-6.129844499642701,-6.365213849632756,-9.177951407940688,0,39.35940743506025,45.04164405774292,,,,,-0.037255852194118866,-2.1344078851040393,-2.0971520329099205,-0.08214160279395014,39.35940743506025,,,,,,,,,-2.4884497697764987,58.03255679856123,-29.016278399280615,0
2026-01-16,111.05,111.25,106.88,108.74,117.49849999999992,125.0401848913269,109.95681510867294,28.614246790680404,39.034768591496494,0,0,,,,94.67720000000003,95.62397200000002,93.73042800000003,,-6.987485993379439,-7.454137712396269,-9.887462915798883,0,37.941526588656,44.59862182222751,,,,,-0.4458267374562732,-2.6544354547302618,-2.2086087172739886,-0.28163951452582286,37.941526588656,,,,,,,,,-5.78759604797732,58.013894485483505,-29.006947242741752,0
2026-01-20,105,108.35,104.4501,105.78,116.92949999999992,126.04123413791588,107.81776586208396,22.809928358223015,28.59532823751469,0,0,,,,94.93022222222226,95.87952444444448,93.98092000000003,,-8.147582122730368,-9.535232768462986,-11.575885244257233,0,35.41551540327434,44.021087066108,,,,,-0.8473048995451684,-3.267739841705449,-2.4204349421602807,-0.46215851033945055,35.41551540327434,35.41551540327434,,35.41551540327434,,,,,,-9.714495199253781,58.000494392677886,-29.000247196338943,0
2026-01-21,105.725,108.5,104.95,105.92,116.15799999999993,126.20670658343924,106.10929341656062,21.24382550421305,24.222666884372156,0,0,,,,95.18417777777782,96.13601955555559,94.23233600000005,,-6.748250209094486,-8.81385698789574,-10.811971449501968,0,35.63378810649286,43.591121742816405,,,,,-1.0235253943970548,-3.699841685156599,-2.6763162907595444,-0.6210230055550977,35.63378810649286,,,,,,,,,-11.02548578089691,57.9890736051296,-28.9945368025648,0
2026-01-22,107.48,108.08,105.1,106.25,115.35199999999993,125.85408855419001,104.84991144580985,21.170991126125855,21.741581662853974,0,0,,,,95.43373333333336,96.38807066666669,94.47939600000004,,-5.5664678748233225,-7.890630418198152,-9.769774926895868,0,36.18129526518892,43.35347182698302,,,,,-1.0348628003231966,-3.96989479116354,-2.9350319908403435,-0.7882063947572863,36.18129526518892,,,,,,,,,-11.796405852140232,57.978859766784204,-28.989429883392102,0
2026-01-23,106.9,111.46,106.5,106.99,114.68949999999992,125.54050635886188,103.83849364113797,21.83489142853234,21.416569352957083,0,0,,,,95.70084444444448,96.65785288888893,94.74383600000004,,-4.193493503353507,-6.713343418534334,-8.396619776192926,0,37.465846960830966,43.00263761047664,,,,,-0.9137364510557289,-4.077202554660005,-3.163466103604276,-0.8733274464894005,37.465846960830966,,,,,,,,,-11.531835833571849,57.968203877564875,-28.984101938782437,0
2026-01-26,106.26,108.49,104.83,107,114.01749999999993,125.02431765998068,103.01068234001917,23.398609597282206,22.134830717313466,0,0,,,,95.97097777777782,96.9306875555556,95.01126800000004,,-3.4696786532666613,-6.154756945205719,-7.632544421264709,0,37.48415941875859,41.98324069650293,,,,,-0.7604383340477421,-4.114014021163953,-3.3535756871162112,-0.8485850960147551,37.48415941875859,,,,,,,,,-11.296028705013867,57.95715836762761,-28.978579183813807,0
2026-01-27,107.7,109.049,104.66,105.24,113.37299999999993,124.84099389605929,101.90500610394058,20.65138512197635,21.9616287159303,0,0,,,,96.22484444444447,97.18709288888891,95.26259600000003,,-3.9938696199528834,-7.173665687597531,-8.675165094544345,0,35.5130329780596,40.94327243620882,,,,,-0.7062357890705195,-4.23637042345436,-3.530134634383841,-0.8311283212065347,35.5130329780596,,,,,,,,,-11.623019966917553,57.94661350590334,-28.97330675295167,0
2026-01-28,105.29,107.25,103,103.4,112.67149999999992,124.76061787518246,100.58238212481739,18.81854061167167,20.95617844364341,0,0,,,,96.48511111111115,97.44996222222227,95.52026000000004,,-4.200715251913145,-8.22878900165519,-9.85204925298101,0,33.52801524345864,40.108881635539426,,,,,-0.7204815747003872,-4.430736602759325,-3.7102550280589375,-0.8467455774227304,33.52801524345864,,,,,,,,,-12.657274602176697,57.9377299756435,-28.96886498782175,0