time,open,high,low,close,Basis,Upper,Lower,温度计,Plot,Shapes,Shapes,Plot,Plot,Plot,Plot,Plot,Plot,ADX,Plot,Plot,Plot,Plot,RSI,RSI-based MA,Regular Bullish,Regular Bullish Label,Regular Bearish,Regular Bearish Label,Histogram,MACD,Signal line,Trend Strength Index,RSI,Regular Bullish,Regular Bullish Label,Hidden Bullish,Hidden Bullish Label,Regular Bearish,Regular Bearish Label,Hidden Bearish,Hidden Bearish Label,Distance from MA,Upper StdDev Band,Lower StdDev Band,Zero Line
2020-09-30,10,11.42,9.11,9.5,,,,,,0,0,,,,,,,,,,,0,,,,,,,,,,,,,,,,,,,,,,,0
2020-10-01,9.69,10.1,9.23,9.46,,,,,,0,0,,,,,,,,,,,0,,,,,,,,,,,,,,,,,,,,,,,0
2020-10-02,9.06,9.28,8.94,9.2,,,,,,0,0,,,,,,,,,,,0,,,,,,,,,,,,,,,,,,,,,,,0
2020-10-05,9.43,9.49,8.92,9.03,,,,,,0,0,,,,,,,,,,,0,,,,,,,,,,,,,,,,,,,,,,,0
2020-10-06,9.04,10.18,8.9,9.9,,,,,,0,0,,,,,,,,,,,0,,,,,,,,,,,,,,,,,,,,,,,0
2020-10-07,10.04,10.49,9.99,10,,,,,,0,0,,,,,,,,,,,0,,,,,,,,,,,,,,,,,,,,,,,0
2020-10-08,10.29,10.4,9.99,10,,,,,,0,0,,,,,,,,,,,0,,,,,,,,,,,,,,,,,,,,,,,0
2020-10-09,10.13,10.19,9.89,9.95,,,,,,0,0,,,,,,,,,,,0,,,,,,,,,,,,,,,,,,,,,,,0
2020-10-12,10.04,10.05,9.66,9.89,,,,,,0,0,,,,,,,,,,,0,,,,,,,,,,,,,,,,,,,,,,,0
2020-10-13,9.88,9.88,9.41,9.47,,,,,,0,0,,,,,,,,-1.763485477178417,,,0,,,,,,,,,,,,,,,,,,,,,,,0
2020-10-14,9.6,9.66,9.29,9.34,,,,,,0,0,,,,,,,,-2.9509559434746313,,,0,,,,,,,,,,,,,,,,,,,,,,,0
2020-10-15,9.27,9.91,9.18,9.91,,,,,,0,0,,,,,,,,2.4925018099079432,,,0,,,,,,,,,,,,,,,,,,,,,,,0
2020-10-16,9.94,9.95,9.66,9.71,,,,,,0,0,,,,,,,,-0.10288065843621075,,,0,,,,,,,,,,,,,,,,,,,,,,,0
2020-10-19,9.79,9.82,9.53,9.57,,,,,,0,0,,,,,,,,-2.0871700429711537,,,0,,,,,,,,,,0.2812279294286556,,,,,,,,,,,,,0
2020-10-20,9.6,9.66,9.27,9.27,,,,,,0,0,,,,,,,,-4.541241890639491,,,0,46.52567975830815,,,,,,,,,0.07908360347562521,46.52567975830815,,,,,,,,,,,,0
2020-10-21,9.3,9.48,9.2,9.2,,,,,,0,0,,,,,,,,-4.475132385006764,,,0,45.48966144058168,,,,,,,,,-0.13413042924877416,45.48966144058168,45.48966144058168,,45.48966144058168,,,,,,,,,0
2020-10-22,9.37,9.75,9.22,9.68,,,,,,0,0,,,,,,,,0.843837899781219,,,0,53.18743339187343,,,,,,,,,-0.28387276784729215,53.18743339187343,,,,,,,,,,,,0
2020-10-23,9.71,9.83,9.47,9.49,,,,,,0,0,,,,,,,,-0.6594786977912714,,,0,50.16744553799843,,,,,,,,,-0.6901850221149285,50.16744553799843,,,,,,,,,,,,0
2020-10-26,9.72,9.97,9.6,9.95,,,,,,0,0,,,,,,,,4.090386023642623,,,0,56.593441275238426,,,,,,,,,-0.45295020249808843,56.593441275238426,,,,,,,,,,,,0
2020-10-27,10,11.04,9.92,10.95,9.6735,10.504048613869148,8.842951386130853,,,0,0,,,,,,,,12.805192129391152,13.195844316948357,,0,66.6589086619943,,,,,,,,,0.15601232995679132,66.6589086619943,,,,,66.6589086619943,,66.6589086619943,,,,,0
2020-10-28,10.66,10.985,10.1,10.85,9.741,10.71177082774465,8.77022917225535,,,0,0,,,,,,,,10.062893081761004,11.38486808335899,,0,65.03482189297843,,,,,,,,,0.448456403468895,65.03482189297843,,,,,,,,,,,,0
2020-10-29,10.9,11.1,10.56,10.75,9.805499999999999,10.860762526578162,8.750237473421835,63.75750354149446,,0,0,,,,,,,,8.127137396902008,9.632349191780133,,0,63.372047037670455,,,,,,,,,0.6328586034203536,63.372047037670455,,,,,,,,,,,,0
2020-10-30,10.61,10.68,9.85,10.13,9.852,10.877994152030087,8.826005847969913,57.98398219870168,,0,0,,,,,,,,1.4623397435897578,2.821762078765744,,0,54.1312047365616,,,,,,,,,0.6901090391086582,54.1312047365616,,,,,,,,,,,,0
2020-11-02,10.23,10.57,10.23,10.54,9.9275,10.922183366705205,8.932816633294795,58.953222457179294,60.23156939912514,0,0,,,,,,,,4.553119730185484,6.169730546461838,,0,58.446389883191166,,,,,,,,,0.7144337132248316,58.446389883191166,,,,,,,,,,,,0
2020-11-03,10.57,10.94,10.44,10.5,9.9575,10.982778011077974,8.932221988922025,57.92419598362466,58.28713354650188,0,0,,,,,,,,2.9008232065856454,5.448154657293491,,0,57.874346431883694,,,,,,,,,0.6955092368526175,57.874346431883694,,,,,,,,,,,,0
2020-11-04,10.82,10.92,10.55,10.72,9.993500000000001,11.071429032914445,8.915570967085557,58.36134159175144,58.41292001085179,0,0,,,,,,,,3.5148706064117574,7.269725321458953,,0,60.18264060557074,,,,,,,0.40994312390327003,,0.7708595880128469,60.18264060557074,,,,,,,,,,,,0
2020-11-05,10.9,12.13,10.85,11.88,10.0875,11.443359505996117,8.731640494003884,66.70628170800023,60.997273094458784,0,0,,,,,,,,12.329803328290478,17.769516728624545,,0,69.63164021909753,,,,,,,0.5061736579860892,,0.8290261487548419,69.63164021909753,,,,,,,,,,,,0
2020-11-06,12.22,14.96,12.05,13.83,10.2815,12.39935056130033,8.163649438699668,78.22723383222956,67.76495237732708,0,0,,,,,,,,25.61307901907355,34.51344648154453,,0,78.75759579043488,59.0038040473845,,,,,,0.7313551458517047,,0.8087845001795558,78.75759579043488,,,,,,,,,,,,0
2020-11-09,14.96,15.9,14.11,14.67,10.5205,13.36267152895458,7.67832847104542,82.7462082051281,75.89324124845263,0,0,,,,,,,,27.76519770074899,39.44204172805475,,0,81.35662367146085,61.49172861260969,,,,,,0.9664534039133486,,0.8202490699100536,81.35662367146085,,,,,81.35662367146085,,81.35662367146085,,,,,0
2020-11-10,14.99,15.01,13.18,14,10.747,13.920862630927816,7.5731373690721835,78.65548925020676,79.87631042918814,0,0,,,,,,,,18.774921523712564,30.26891225458268,34.90075158990174,0,73.61948718879816,63.501001880339444,,,,,,1.0861861883899842,,0.8409313780621451,73.61948718879816,,,,,,,,,,,,0
2020-11-11,14.57,15.97,14.4,15.96,11.078,14.908705418065995,7.247294581934003,85.4587181705422,82.2868052086257,0,0,,,,,,,,29.77719954464142,44.069326593247894,50.66079295154184,0,79.70117574888361,65.39484062012589,,,,,,1.3239690116877476,,0.8655802194699199,79.70117574888361,,,,,,,,,,,,0
2020-11-12,16.66,17.06,14.41,14.58,11.3115,15.390246253446033,7.232753746553968,76.7727527969645,80.29565340590449,0,1,,,,,,,,14.975159687721785,28.895371966582672,35.451505016722386,0,67.84216785035291,66.65732078529406,,,,,,1.3850926594374169,,0.8710496139907652,67.84216785035291,,,,,,,,,,,,0
2020-11-13,14.49,16,14.49,15.8,11.616000000000001,16.06365736090359,7.168342639096411,79.12325805393397,80.45157634048022,0,0,,,,,,,,19.263285024154577,36.019283746556475,43.845593590677346,0,71.83240594883497,67.74581826197952,,,,,,1.5145189628374442,,0.8899036391800235,71.83240594883497,,,,,,,,,,,,0
2020-11-16,15.96,16.1,15.01,15.93,11.934000000000001,16.652268326409587,7.215731673590415,77.75405093739165,77.88335392943003,0,0,,,,,,,,15.543628055414516,33.4841628959276,42.0545746388443,0,72.2278542262165,68.1436000879954,,,,,0.5498406338272692,1.6090322323065536,1.0591915984792843,0.9241353389167535,72.2278542262165,,,,,,,,,,,,0
2020-11-17,16.29,18.75,16.18,17.85,12.363000000000001,17.56937340189887,7.156626598101135,81.23759670100539,79.37163523077699,0,0,,,,,,,,22.916953587660103,44.38243144867751,55.50135029183727,0,77.29729544939893,69.01949105631114,,,,,0.6069722681439329,1.8179069336592004,1.2109346655152675,0.949533653548211,77.29729544939893,,,,,,,,,,,,0
2020-11-18,18.28,19.25,17.54,17.9,12.798,18.318886160753554,7.277113839246446,81.90055569128576,80.29740110989427,0,0,,,,,,,,17.4540682414698,39.86560400062509,52.439889857211796,0,77.41292374736076,70.02241082128903,,,,,0.6031138034321617,1.9648269198054695,1.3617131163733078,0.9650090767975112,77.41292374736076,,,,,,,,,,,,0
2020-11-19,18.5,18.98,17.96,18.98,13.263,19.205585632534046,7.320414367465955,84.5531791667588,82.56377718634998,0,0,,,,,,,,18.996865203761757,43.104878232677365,57.61937716262977,0,79.80546200991466,71.85628634081425,,,,,0.6255877686967319,2.143697827244223,1.518110058547491,0.9675131150675713,79.80546200991466,,,,,79.80546200991466,79.80546200991466,79.80546200991466,,,,,0
2020-11-20,19.03,19.66,18,18.15,13.696000000000002,19.73701117363641,7.654988826363594,83.17896736078276,83.2109007396091,0,0,,,,,,,,10.792333048467828,32.52044392523361,47.38124238733252,0,73.37304166036893,72.9224757534698,,,,,0.5400706895709031,2.19319842051112,1.6531277309402168,0.9591181761945167,73.37304166036893,,,,,,,,,,,,0
2020-11-23,18.63,21.45,18.57,21.04,14.250499999999999,20.826539765694864,7.674460234305133,87.4920273142635,85.07472461393502,0,0,,,,,,,,23.626535049062824,47.64394231781341,65.84340514976353,0,79.55289383566858,74.47094342516871,,,,,0.6275206416085222,2.4375285329508696,1.8100078913423474,0.9562062190879101,79.55289383566858,,,,,,,,,,,,0
2020-11-24,22.35,24.27,20.63,23.82,14.894000000000002,22.491653321914583,7.296346678085422,90.25323844300934,86.97474437268521,0,0,,,,,,,,32.325981889895,59.93017322411707,80.93429548044058,0,83.51611082125231,76.13761986914598,,,,,0.8103485173646012,2.822943538048099,2.0125950206834977,0.9353804639709599,83.51611082125231,,,,,,,,,,,,0
2020-11-25,23.96,29.75,23.69,29.05,15.804000000000002,25.354896083614328,6.253103916385674,93.22437271383471,90.32321282370252,0,0,,,,,,,,50.44018643190056,83.81422424702605,110.172189263493,0,88.16405200112047,77.4613635678619,,,,,1.1978796167396473,3.509944541608057,2.3120649248684098,0.8797543349821126,88.16405200112047,,,,,88.16405200112047,,88.16405200112047,,,,,0
2020-11-27,31.19,33.5,26.12,27.66,16.6495,27.202437932158986,6.0965620678410115,88.4721649223896,90.64992535974454,0,1,,,,,,,,34.154622174798696,66.13111504849995,91.90120487500289,0,81.5801517730321,77.66297470947599,,,,,1.2681965658989691,3.897310632242121,2.629114066343152,0.9038676557308465,81.5801517730321,,,,,,,,,,,,0
2020-11-30,28.24,30.15,24.11,27.11,17.4985,28.53774503759201,6.459254962407989,84.11567767553608,88.6040717705868,0,0,,,,,,,,24.64940916823761,54.92756521987599,80.80967519619395,0,79.06418966694936,77.49922942343946,,,,,1.1867200615975784,4.112514143340125,2.9257940817425463,0.9279807077147343,79.06418966694936,,,,,,,,,,,,0
2020-12-01,28.09,28.14,24.45,25.67,18.255000000000003,29.356635014717398,7.153364985282606,78.21763868249408,83.60182709347326,0,0,,,,,,,,12.96923821678475,40.61900849082443,65.289433581593,0,72.7390288596715,77.43633954278755,,,,,0.9548709985170167,4.119382829888817,3.1645118313718004,0.9201123922853172,72.7390288596715,,,,,,,,,,,,0
2020-12-02,22.24,23.4,21.15,22.51,18.8555,29.504298007287012,8.206701992712986,64.75736043937589,75.69689226580202,0,0,,,,,,,,-2.928112467118027,19.38161279202355,40.9370760722112,0,61.17352568017969,76.11293596645156,,,,,0.5289825138707842,3.825739973710281,3.2967574598394966,0.8634829836032969,61.17352568017969,61.17352568017969,,61.17352568017969,,,,,,,,,0
2020-12-03,23.55,25.62,23.5,24.03,19.521,29.70643842944424,9.335561570555761,62.75820814021709,68.57773575402902,0,0,,,,,,,,0.957902697252333,23.098201936376217,45.93708247297461,0,64.12808544304755,75.84764436592975,,,,,0.30126066558338005,3.6733332918187216,3.3720726262353415,0.8039196827083477,64.12808544304755,,,,,,,,,,,,0
2020-12-04,24.88,25.24,23.51,23.85,20.119500000000002,29.834509984554785,10.404490015445218,57.69824948535819,61.73793935498372,0,0,,,,,,,,-1.8074025278932981,18.54171326325207,40.8048804486864,0,63.51172841047113,75.25331025604662,,,,,0.10050671893404406,3.4977060249028966,3.3971993059688526,0.7258406914063602,63.51172841047113,,,,,,,,,,,,0
2020-12-07,24.44,29,24.44,28.94,20.875000000000004,30.862340987470052,10.887659012529955,64.05654089827296,61.504332841282746,0,0,,,,,,,,14.08073163040049,38.63473053892215,64.55648218347234,0,71.7734689245244,75.2208541630686,,,,,0.263269597366123,3.726286302676506,3.463016705310383,0.717350516320567,71.7734689245244,,,,,,,,,,,,0
2020-12-08,30.63,31.24,27.25,28.59,21.571,31.67115623641532,11.47084376358468,63.453538209192956,61.73610953094137,0,0,,,,,,,,9.44378517015656,32.53905706735893,57.018892794376086,0,70.58989405819888,74.74175406369717,,,,,0.2975773443932672,3.8349883858019673,3.5374110414087,0.7037961777939935,70.58989405819888,,,,,,,,,,,,0
2020-12-09,28.68,28.85,25.33,26.63,22.2025,31.90160691764967,12.503393082350332,59.515641827463995,62.341906978309964,0,0,,,,,,,,0.8559309195576015,19.94144803513118,42.173263097949864,0,64.20473707006249,73.79831215817588,,,,,0.14614875714719266,3.720096987842691,3.5739482306954984,0.6248663786730512,64.20473707006249,,,,,,,,,,,,0
2020-12-10,25.5412,28.04,25.15,27.04,22.756500000000003,32.22917285405759,13.28382714594242,57.93654030783621,60.30190678149771,0,0,,,,,,,,3.1942907300690715,18.8231933733219,40.319316393073976,0,64.91957302527415,72.73503437355869,,,,,0.03715713132419696,3.6203946448507445,3.5832375135265475,0.5359702570381208,64.91957302527415,,,,,,,,,,,,0
2020-12-11,27.15,28.27,26.06,27.2,23.3875,32.259748587590394,14.5152514124096,56.751300513833655,58.06782754971129,0,0,,,,,,,,3.9874603356653937,16.3014430785676,37.24434876210978,0,65.21154207700175,72.1520701176039,,,,,-0.05556141266642367,3.513785747693518,3.569347160359942,0.38680853191687703,65.21154207700175,,,,,,,,,,,,0
2020-12-14,28.26,28.26,26.7301,27.24,23.9595,32.25783591751983,15.661164082480168,56.42902605193716,57.038955624535674,0,0,,,,,,,,4.088651127244902,13.691855005321486,33.60145176320562,0,65.28932061131385,71.13324345872141,,,,,-0.14075132890011943,3.3934079992347925,3.534159328134912,0.21536710843498455,65.28932061131385,,,,,,,,,,,,0
2020-12-15,26.82,27.1,25.52,26.43,24.4845,31.97355728379744,16.99544271620256,52.54465352340823,55.24166002972635,0,0,,,,,,,,0.7010592090223255,7.945843288611165,26.346484798266268,0,62.2540201385605,69.614522695672,,,,,-0.2706808644262795,3.195808247602063,3.4664891120283423,0.05222056176856064,62.2540201385605,,,,,,,,,,,,0
2020-12-16,25.71,26.16,25.11,25.92,24.887999999999998,31.746829637773494,18.029170362226502,46.9644490015634,51.97937619230293,0,0,,,,,,,,-2.5087448753149943,4.146576663452284,20.936887617033207,0,60.35155016797113,67.62791542187561,,,,,-0.40207897003540216,2.9638903994840895,3.3659693695194917,0.20142534602425394,60.35155016797113,,,,,,,,,,,,0
2020-12-17,26.52,27.45,26.05,27.23,25.3545,31.47851983994167,19.230480160058335,49.51042327732673,49.67317526743278,0,0,,,,,,,,1.2004311145798363,7.397108994458579,23.868443797479877,0,63.44197993558546,66.33233171920087,,,,,-0.41044487364741933,2.8529132774602175,3.263358151107637,0.3632489033574752,63.44197993558546,,,,,,,,,,,,0
2020-12-18,26.27,26.85,25.8,25.97,25.704,31.085815307124463,20.32218469287554,48.61916019097191,48.36467748995401,0,0,,,,,,,,-4.236881890925215,1.0348583877995532,15.665548264497154,0,58.70247468120646,64.87792350593351,,,,,-0.5043339312060411,2.6329407371000855,3.1372746683061266,0.40436885463648936,58.70247468120646,58.70247468120646,,58.70247468120646,,,,,,,,,0
2020-12-21,26.19,28.7,25.4,28.51,26.222,30.470856787419358,21.973143212580645,54.1165243916635,50.74870261998738,0,0,,,,,,,,5.296203279657252,8.725497673709093,24.269898003661417,0,64.46554358361146,64.28696027192923,,,,,-0.4032488237054279,2.6332136386743414,3.0364624623797694,0.4886481290636522,64.46554358361146,,,,,,,,,,,,0
2020-12-22,29.03,29.42,26.82,28.04,26.572000000000003,30.1571337492483,22.986866250751707,55.8912141868367,52.875632923157376,0,0,,,,,,,,3.771140964435049,5.524612373927429,19.892250901472288,0,62.72135265133403,64.3975193412974,,,,,-0.3764288176464552,2.5659264403217,2.9423552579681553,0.36894112729487843,62.72135265133403,,,,,,,,,,,,0
2020-12-23,28.95,29.39,28.05,28.69,26.815500000000004,30.279384957673816,23.35161504232619,58.20679420676778,56.07151092842266,0,0,,,,,,,,5.373342637822742,6.990360052954436,20.155796292159934,0,64.16536063863067,64.40018185526762,,,,,-0.3252289465576488,2.5358190747710943,2.861048021328743,0.29215842260212266,64.16536063863067,,,,,,,,,,,,0
2020-12-24,28.7976,29.16,27.52,27.75,26.7505,30.090808219311498,23.4101917806885,56.36953386891125,56.82251408750525,0,0,,,,,,,,1.6557989596307277,3.736378759275527,14.337119391300757,0,60.51471544718833,64.1861095007474,,,,,-0.3621610531446988,2.4083467048978697,2.7705077580425685,0.017528213005388343,60.51471544718833,,,,,,,,,,,,0
2020-12-28,28.39,28.59,25.4,25.63,26.649,29.995956229173,23.302043770827,46.62764654184862,53.73465820584256,0,0,,,,,,,,-5.567223020522494,-3.823783256407376,4.02348611937875,0,53.16772084911244,62.85712749536084,,,,,-0.5268759388912079,2.1119128344285585,2.6387887733197664,0.007686497447666507,53.16772084911244,,,,,,,,,,,,0
2020-12-29,25.75,26.1823,24.34,24.66,26.526500000000006,29.974805525906664,23.078194474093348,34.85044026830812,45.94920689302267,0,0,,,,,,,,-8.26916638767996,-7.036359866548569,-1.098901098901106,0,50.166596962332676,61.39832055994183,,,,,-0.6884567983306873,1.7782177754064072,2.4666745737370945,-0.09242745221343628,50.166596962332676,,,,,,,,,,,,0
2020-12-30,24.97,25.91,24.63,25.1,26.498,29.983372863841,23.012627136159,38.28383359339886,39.92064013451854,0,0,,,,,,,,-6.1682242990654395,-5.27586987697185,-0.5533617718141981,0,51.50383554071193,60.49111330784536,,,,,-0.7480509368587747,1.5316109026636262,2.279661839522401,-0.2936960227567707,51.50383554071193,,,,,,,,,,,,0
2020-12-31,24.63,24.72,23.52,23.55,26.55,29.820217118174277,23.279782881825724,31.14778524421436,34.76068636864045,0,0,,,,,,,,-11.175649681288435,-11.299435028248583,-7.391629199491401,0,46.74513401381797,59.192939092741355,,,,,-0.8658899429113376,1.1972994108832289,2.0631893537945665,-0.47840959330070665,46.74513401381797,,,,,,,,,,,,0
2021-01-04,23.91,24.5,22.5,23.37,26.517000000000003,29.899656352631695,23.13434364736831,26.447640383374186,31.95975307366247,0,0,,,,,,,,-10.552302216098298,-11.867858355017546,-8.753709198813064,0,46.21115862430239,57.83576884611997,,,,,-0.9246546503590225,0.9073710408457885,1.832025691204811,-0.5915975905495837,46.21115862430239,46.21115862430239,,46.21115862430239,,,,,,,,,0
2021-01-05,23.18,24.67,22.89,24.6,26.5545,29.83308795825276,23.27591204174724,29.507987221711907,29.034470949766817,0,0,,,,,,,,-5.348210850327073,-7.360334406597746,-4.648698932788942,0,50.38215683687014,56.77097143365971,,,,,-0.8512218078625569,0.7679984313766148,1.6192202392391717,-0.6214401560017264,50.38215683687014,,,,,,,,,,,,0
2021-01-06,24.12,24.46,23.25,23.54,26.2845,29.621693281786317,22.947306718213685,25.950200846639767,27.30194281724195,0,0,,,,,,,,-7.660926528851086,-10.441514961288977,-9.388352130566979,0,46.99972852528544,55.68137917556862,,,,,-0.8429819165567798,0.565492843543197,1.4084747600999767,-0.7195160019475886,46.99972852528544,,,,,,,,,,,,0
2021-01-07,24.02,25.19,23.67,25,26.105,29.310448486561505,22.899551513438496,32.969341649703054,29.475843239351576,0,0,,,,,,,,-0.7503275239192031,-4.232905573644896,-4.254911723028599,0,51.79964576307545,55.07052886093322,,,,,-0.7132938136519464,0.5168574930350438,1.2301513066869902,-0.7687442981725384,51.79964576307545,,,,,,,,,,,,0
2021-01-08,25.7,26.44,24.7,25.2,26.033500000000004,29.25268172832767,22.814318271672338,37.00574085118374,31.975094449175526,0,0,,,,,,,,1.4492753623188026,-3.201644035569573,-3.658676453721743,0,52.43512857042404,54.28432519199312,,,,,-0.5930673047378139,0.48881717576472283,1.0818844805025367,-0.7211878374784109,52.43512857042404,,,,,,,,,,,,0
2021-01-11,24.61,26.6,24.31,25.93,25.978,29.163960451731892,22.79203954826811,41.99633398932466,37.32380549673715,0,0,,,,,,,,5.158569227025689,-0.18477172992532598,-0.4721145357540313,0,54.77867933208253,54.00405409562712,,,,,-0.44989852972164124,0.5195113183504851,0.9694098480721264,-0.6845594532938151,54.77867933208253,,,,,,,,,,,,0
2021-01-12,26.34,26.42,25.51,26.18,25.927000000000003,29.065382385879555,22.78861761412045,45.862760698914926,41.621611846474444,0,0,,,,,,,,5.936146967183253,0.9758167161646014,0.6781094973785873,0,55.58575116585265,53.36978320864436,,,,,-0.3294621994179219,0.557582098799724,0.8870442982176459,-0.48901432827976365,55.58575116585265,,,,,55.58575116585265,,55.58575116585265,,,,,0
2021-01-13,25.71,27.4298,25.13,25.5,25.840000000000003,28.92396498034576,22.756035019654245,45.01091365075657,44.29000277966539,0,0,,,,,,,,2.835020365366736,-1.3157894736842257,-1.734104046242757,0,52.82418567127839,52.662842710068944,,,,,-0.2881871128600524,0.5268104071425803,0.8149975200026327,-0.31351371010208434,52.82418567127839,,,,,,,,,,,,0
2021-01-14,25.45,25.62,24.37,24.92,25.764500000000005,28.86090097532584,22.66809902467417,40.674745926714856,43.84947342546212,0,0,,,,,,,,0.5690302272085113,-3.2777659182208208,-3.8765670202507096,0,50.51877426451073,51.688086540488946,,,,,-0.29165386540891924,0.4504301882414836,0.7420840536504029,-0.05250496775405922,50.51877426451073,,,,,,,,,,,,0
2021-01-15,26.26,28,25.46,25.64,25.750500000000006,28.846494024541773,22.65450597545824,45.37695386604314,43.68753781450486,0,0,,,,,,,,2.609252441171739,-0.4291178812062091,-1.4957483864358023,0,53.24660824842339,51.168936026291455,,,,,-0.2393545019015373,0.44289092627348126,0.6822454281750185,0.42131146145490855,53.24660824842339,,,,,,,,,,,,0
2021-01-19,26.81,27.54,26,26.62,25.720000000000006,28.768750563755354,22.671249436244658,51.87932228207919,45.97700735827906,0,0,,,,,,,,5.163354797929887,3.499222395023316,1.9311524372343847,0,56.742196063512175,51.424255684462864,,,,,-0.1377055063560899,0.5101135452299062,0.6478190515859961,0.6860335891410052,56.742196063512175,,,,,56.742196063512175,,56.742196063512175,,,,,0
2021-01-20,27.29,27.3,25.7,26.34,25.738500000000005,28.797567014630168,22.679432985369843,58.16831703162855,51.808197726583636,0,0,,,,,,,,3.3468042531486386,2.3369660236610246,0.5394676573871715,0,55.466191923663146,51.80279818170076,,,,,-0.09055012353023384,0.5346313971732037,0.6251815207034376,0.7597951721770532,55.466191923663146,,,,,,,,,,,,0
2021-01-21,26.42,26.68,25.3,25.98,25.612000000000002,28.39934712585265,22.824652874147354,57.81786530933998,55.95516820768258,0,0,,,,,,,,0.9677043255217344,1.436826487583942,-0.45977011494249265,0,53.79129869861962,51.96618840726559,,,,,-0.08492127558609064,0.5190299262208242,0.6039512018069149,0.8380428474405559,53.79129869861962,,,,,,,,,,,,0
2021-01-22,25.85,32.65,25.82,32.58,25.839000000000006,29.850827015213724,21.827172984786287,78.85379205270112,64.94665813122322,0,0,,,,,,,,22.99445052663367,26.088470916057084,24.194716578355525,0,71.05063113539063,53.702295344520785,,,,,0.3387489642222077,1.0273874070846745,0.6886384428624668,0.7185522446320776,71.05063113539063,,,,,,,,,,,,0
2021-01-25,34.46,39.58,29.56,36.23,26.216,32.173782809065756,20.258217190934246,85.51046358371305,74.06070698191805,0,0,,,,,,,,31.306175703102323,38.198046994201995,36.44409294618312,0,76.31858032712287,55.85282546615081,,,,,0.8131957699172994,1.705133155259091,0.8919373853417916,0.7220321986841542,76.31858032712287,,,,,,,,,,,,0
2021-01-26,35.14,36.87,34.32,35.37,26.597,33.75263023080423,19.44136976919577,84.33764615635879,82.90063393092431,0,0,,,,,,,,23.948696383515554,32.98492311162911,31.826765392834066,0,72.95021399320018,57.46482954874581,,,,,1.0049259563940773,2.1480948308343883,1.143168874440311,0.7909155139802888,72.95021399320018,,,,,,,,,,,,0
2021-01-27,32.97,45,32.25,39,27.265500000000003,36.20951134838271,18.321488651617294,89.35646278584704,86.40152417530629,0,0,,,,,,,,30.793480448051504,43.03790504483687,43.25595063179548,0,77.47021853584054,59.641293120928324,,,,,1.2936549108927398,2.7602375130562358,1.466582602163496,0.8221120650391593,77.47021853584054,,,,,77.47021853584054,,77.47021853584054,,,,,0
2021-01-28,39.54,42,33.1,35.66,27.815499999999997,37.382168124274,18.248831875725987,83.49832147976677,85.73081014065754,0,1,,,,,,,,15.65155347992473,28.201901817332065,29.650725937416688,0,66.4651325991889,60.68882789493643,,,,,1.1802875470817886,2.941942036015732,1.7616544889339432,0.854348562176112,66.4651325991889,,,,,,,,,,,,0
2021-01-29,36.61,38.01,34.66,35.18,28.319499999999998,38.31337107181193,18.325628928188067,77.54355743770752,83.46611390110711,0,0,,,,,,,,10.420590081607028,24.225357086106758,26.56345561165143,0,65.0352933490033,61.58883966483495,,,,,1.0006653098473057,3.0124861262430755,2.01182081639577,0.866032546112587,65.0352933490033,,,,,,,,,,,,0
2021-02-01,35.33,35.6199,32.58,33.96,28.839999999999996,38.870314052909826,18.809685947090166,72.33502038390743,77.79229976712725,0,0,,,,,,,,3.8786247399975604,17.75312066574204,21.00768472438328,0,61.41871921804479,62.063128228117975,,,,,0.7394261061286662,2.9361034490566027,2.1966773429279365,0.8533912158191083,61.41871921804479,,,,,,,,,,,,0
2021-02-02,34.1,34.2,30.5,31.02,29.222499999999997,38.96869284644007,19.476307153559922,59.422564606106036,69.767047475907,0,0,,,,,,,,-6.374501992031889,6.15108221404741,10.036418672846814,0,53.6727728830557,61.9264869222039,,,,,0.3292738763046268,2.60826968830872,2.2789958120040934,0.7663829810894082,53.6727728830557,53.6727728830557,,53.6727728830557,,,,,,,,,0
2021-02-03,32.39,32.95,31.38,31.76,29.5805,39.145535232553996,20.015464767446005,55.7525477432552,62.503377577756225,0,0,,,,,,,,-5.683910435350715,7.368029614103899,11.895338868598149,0,55.20414464446344,62.09648399171713,,,,,0.08138522535389603,2.3807273436964635,2.2993421183425675,0.6668364583695122,55.20414464446344,,,,,,,,,,,,0
2021-02-04,32.58,33.18,31.05,32.05,30.006,39.20860050203197,20.80339949796803,52.435989329610585,55.87036722632394,0,0,,,,,,,,-6.507978180333129,6.811970939145495,12.44956435296183,0,55.82047888175362,62.475177178663046,,,,,-0.08070846733661385,2.1984565341718003,2.279165001508414,0.5357681017094603,55.82047888175362,,,,,,,,,,,,0
2021-02-05,32.61,35.2,31.75,34.05,30.458499999999997,39.52092853764927,21.396071462350726,52.60722088878184,53.59858598721588,0,0,,,,,,,,-1.097943534332524,11.79145394553245,18.632847885164793,0,59.916487933788154,62.951597156189095,,,,,-0.07121816704528827,2.190142292701804,2.261360459747092,0.42989594791970787,59.916487933788154,,,,,,,,,,,,0
2021-02-08,37.22,39.22,35.89,36.05,31.000999999999998,40.03831132583136,21.963688674168637,55.63802697192474,53.56041239677239,0,0,,,,,,,,4.766056378959593,16.286571400922554,24.536514589714663,0,63.55529497617789,63.43824707852236,,,,,0.045482479298112555,2.318213558869733,2.2727310795716202,0.3551811067767079,63.55529497617789,,,,,,,,,,,,0
2021-02-09,36.9,38.255,36.13,38.17,31.613,40.849380459898725,22.376619540101274,61.71824055622987,56.65449613897882,0,0,,,,,,,,10.031709426347657,20.74146711795781,30.296754813162828,0,66.97741241254512,64.26047711344248,,,,,0.23081730870504824,2.5612527154529303,2.330435406747882,0.2854259208215747,66.97741241254512,,,,,66.97741241254512,,66.97741241254512,,,,,0
2021-02-10,38.15,38.24,35,35.7,32.089,41.13563672311429,23.042363276885705,61.33010799448657,59.562125174213726,0,0,,,,,,,,3.899883585564612,11.253077378540954,20.48463848983588,0,59.91807271188919,64.69810382867603,,,,,0.1560060001231669,2.5254429069018407,2.369436906778674,0.008288041702648807,59.91807271188919,,,,,,,,,,,,0
2021-02-11,35.79,35.98,32.61,33.11,32.4695,41.0010894767622,23.93791052323779,52.596139336046114,58.548162628920856,0,0,,,,,,,,-2.9174607828764243,1.9726204592001917,10.691361326557903,0,53.545088392708536,63.44770791848445,,,,,-0.08595182435538495,2.2619971263344425,2.3479489506898275,-0.20749847379228012,53.545088392708536,,,,,,,,,,,,0
2021-02-12,33.36,33.65,31.34,31.91,32.819,40.62688293969616,25.011117060303846,45.8608077035764,53.26235167803637,0,0,,,,,,,,-5.530226774823865,-2.769737042566811,5.876107369189421,0,50.84664399774514,61.62828389495746,,,,,-0.3310875635558128,1.9340894962450612,2.265177059800874,-0.2629866835533484,50.84664399774514,,,,,,,,,,,,0
2021-02-16,30.02,30.44,27.3,27.84,32.929,40.383201231520246,25.474798768479758,28.78855489535316,42.415167311658564,0,0,,,,,,,,-16.05861424350239,-15.454462631722798,-8.064196552407365,0,42.942128624683036,59.48484922577767,,,,,-0.7477668172482033,1.3304685382406198,2.078235355488823,-0.4405626735189348,42.942128624683036,,,,,,,,,,,,0
2021-02-17,27.99,29.73,27,27.08,32.952000000000005,40.33064919887085,25.573350801129155,23.153712042738757,32.60102488055611,0,0,,,,,,,,-17.36848529232273,-17.819859189123587,-10.937654165341993,0,41.64036727588156,56.9255741357806,,,,,-1.0371824283949944,0.78175731999508,1.8189397483900744,-0.46038615731549787,41.64036727588156,,,,,,,,,,,,0
2021-02-18,24.99,26.31,24.5,25.17,32.8935,40.49606344925837,25.290936550741637,18.409751346420222,23.450672761504055,0,0,,,,,,,,-21.620527512222477,-23.480322860139545,-17.27107390932794,0,38.483026339479395,54.92685226008706,,,,,-1.3026863741633,0.19058178068594955,1.4932681548492495,-0.5539545194462347,38.483026339479395,38.483026339479395,,38.483026339479395,,,,,,,,,0
2021-02-19,27.02,29.96,26.9,29,33.0445,40.198543541941824,25.890456458058175,28.195775128318637,23.253079505825884,1,0,,,,,,,,-8.827967806841052,-12.239555750578768,-5.2494010019603525,0,47.1385969763967,53.648516804900886,,,,,-1.1700023196901945,0.030765255236506306,1.2007675749267008,-0.5564813932080301,47.1385969763967,,,,,,,,,,,,0
2021-02-22,29.96,30.19,27.536,28,32.8155,40.299938455889624,25.331061544110376,28.92785245672566,25.177792977154848,0,0,,,,,,,,-10.2650386180816,-14.674467858176776,-8.814589665653482,0,45.344637666864166,52.5003681226737,,,,,-1.1002699025203442,-0.17456980322372928,0.9257000992966148,-0.5929249375698284,45.344637666864166,,,,,,,,,,,,0
2021-02-23,25.96,27.46,23.9,26.75,32.3415,40.096782780144025,24.586217219855982,24.780897742922647,27.301508442655656,0,0,,,,,,,,-11.637432695801564,-17.288932176924398,-13.031698726632335,0,43.13480944225909,51.74765644833108,,,,,-1.087096518856548,-0.4331705492740703,0.6539259695824777,-0.7209556517211265,43.13480944225909,,,,,,,,,,,,0
2021-02-24,26.71,27.23,25.75,26.39,31.892500000000002,39.92914824413752,23.855851755862478,24.27475868974843,25.994502963132252,0,0,,,,,,,,-9.297130091080973,-17.25327271302031,-14.244863032246169,0,42.49253244824793,50.8396841486014,,,,,-1.0507883785422139,-0.6595595035952897,0.3912288749469242,-0.805922527889461,42.49253244824793,,,,,,,,,,,,0
2021-02-25,25.82,26.44,23.15,23.96,31.140500000000003,39.190798069015756,23.090201930984254,19.357707436823496,22.80445462316486,0,0,,,,,,,,-14.186454639876821,-23.058396621762654,-21.95354998425606,0,38.34239762870648,49.59124977338375,,,,,-1.1315907585009017,-1.0232595731792031,0.10833118532169872,-0.8847248969051296,38.34239762870648,,,,,,,,,,,,0
2021-02-26,24.2,24.5,22.7,23.9,30.552500000000002,38.90858251515021,22.196417484849796,17.715841986792835,20.44943603778826,0,0,,,,,,,,-11.481481481481515,-21.773995581376326,-22.013508957025863,0,38.24307868369816,48.04314911266304,,,,,-1.127732961998123,-1.3013350171759548,-0.17360205517783195,-0.9051404975603874,38.24307868369816,38.24307868369816,,38.24307868369816,,,,,,,,,0
2021-03-01,25.19,25.9,24.62,24.81,30.034000000000002,38.46378386437037,21.604216135629635,19.725876760497897,18.933142061371417,1,0,,,,,,,,-5.6295169265880745,-17.393620563361534,-19.034461752676012,0,40.74986325646311,46.41418970411198,,,,,-1.0065405736563966,-1.4317777722483278,-0.42523719859193115,-0.8794583063373106,40.74986325646311,,,,,,,,,,,,0
2021-03-02,25,25.59,24.26,24.48,29.56000000000001,38.118576984522456,21.001423015477563,19.281685397212993,18.907801381501248,0,0,,,,,,,,-5.679278723896153,-17.185385656292308,-20.010456149522938,0,40.1139699529583,44.495372385570064,,,,,-0.8949980351209222,-1.543984742493084,-0.6489867073721617,-0.856243429066422,40.1139699529583,,,,,,,,,,,,0
2021-03-03,24.99,25.1678,23.43,23.59,29.188500000000005,38.09911451303995,20.277885486960063,17.911443257388846,18.973001805033253,0,0,,,,,,,,-7.8695567272017435,-19.180499169193364,-22.663344589056813,0,38.37471208743074,42.95656091239446,,,,,-0.8290490898570466,-1.68529806969347,-0.8562489798364235,-0.8451737312640079,38.37471208743074,,,,,,,,,,,,0
2021-03-04,24.85,25.56,23.05,24.73,28.837000000000007,37.86794480107142,19.806055198928597,23.0365041824903,20.07654427903072,1,0,,,,,,,,-3.2510465161770252,-14.242119499254446,-18.78311512019969,0,41.85246836262685,42.12137376738862,,,,,-0.6636950501222905,-1.6858677924892866,-1.0221727423669962,-0.7932409325388959,41.85246836262685,,,,,,,,,,,,0
2021-03-05,24.36,24.68,20.18,23.95,28.43200000000001,37.57605511794404,19.28794488205598,20.445431644979525,20.464459694952897,0,0,,,,,,,,-4.4141123882503575,-15.763927968486247,-21.16956497887982,0,40.181601453499404,41.359585014228216,,,,,-0.5657211742263637,-1.7293242101499509,-1.1636030359235872,-0.7675732592528999,40.181601453499404,,,,,,,,,,,,0
2021-03-08,23.77,24.58,22.4,22.52,27.855500000000006,36.96386423294537,18.74713576705464,19.08091965086752,20.85428515944579,0,0,,,,,,,,-8.11163701648444,-19.154206530128715,-25.049090848578317,0,37.24581550730692,40.95270550584421,,,,,-0.5553079206143272,-1.8577379366914961,-1.302430016077169,-0.7821960332376986,37.24581550730692,37.24581550730692,,37.24581550730692,,,,,,,,,0
2021-03-09,23.38,24.74,23.1,24.26,27.26600000000001,35.67598311532184,18.85601688467818,26.84438274214297,22.123578012663344,1,0,,,,,,,,0.0041221814583991545,-11.02471943079295,-18.171392592925727,0,42.72896482354611,41.030462473534534,,,,,-0.39675419529980216,-1.7983727602019215,-1.4016185649021193,-0.7400509189144487,42.72896482354611,,,,,,,,,,,,0
2021-03-10,25.03,26.24,24.27,24.75,26.59500000000001,33.40774247274899,19.782257527251026,31.256032346042232,25.727111579684248,0,0,,,,,,,,2.7184063083627086,-6.937394247038952,-15.509786071916265,0,44.207377485345994,41.43934469823928,,,,,-0.2325283372644773,-1.692278986482716,-1.4597506492182386,-0.7580081950368718,44.207377485345994,,,,,,,,,,,,0
2021-03-11,25.95,26.84,25.58,26.73,26.14650000000001,31.534662117085734,20.758337882914287,41.684034044069875,33.26148304408503,0,0,,,,,,,,9.67503692762184,2.231656244621605,-7.458483837835994,0,49.84188124800708,41.63243643192574,,,,,0.02226201102878833,-1.4319231354322532,-1.4541851464610416,-0.4195734623517328,49.84188124800708,,,,,,,,,,,,0
2021-03-12,25.74,26.92,25.18,26.92,25.83700000000001,30.204004007325615,21.469995992674406,49.34808177652782,40.76271605554665,0,0,,,,,,,,9.102699197535834,4.1916631187830955,-5.8510824327632776,0,50.35994622663696,41.99067275762379,,,,,0.20617553835147517,-1.1964657235216976,-1.4026412618731727,0.02498931935063255,50.35994622663696,,,,,50.35994622663696,,50.35994622663696,,,,,0
2021-03-15,27.35,27.47,26.31,26.79,25.58100000000001,28.988925468668285,22.173074531331736,60.691246998497476,50.57445427303173,0,0,,,,,,,,7.711482791894464,4.72616394980645,-5.380268424770451,0,49.97957297303692,42.479584438393644,,,,,0.31513222821847764,-1.0087259766000756,-1.3238582048185532,0.39068846730376683,49.97957297303692,,,,,,,,,,,,0
2021-03-16,26.75,27.1,25.23,25.61,25.469500000000007,28.716618568823492,22.222381431176522,57.71730576652925,55.918878180518185,0,0,,,,,,,,2.5015009005402877,0.5516401970984575,-8.649901908328905,0,46.54317055109083,42.768915731453845,,,,,0.30366893769694103,-0.944272032697377,-1.247940970394318,0.6407623908369255,46.54317055109083,,,,,,,,,,,,0
2021-03-17,24.52,25.73,24.3,25.21,25.37600000000001,28.538836701443493,22.213163298556523,52.52969338462,56.97941538321558,0,0,,,,,,,,0.2505269018172829,-0.6541614123581674,-9.45117570997559,0,45.40354057737903,43.27328308493045,,,,,0.2664153158647484,-0.9149218255633826,-1.181337141428131,0.6007386801285358,45.40354057737903,,,,,,,,,,,,0
2021-03-18,24.73,25.18,23.78,23.98,25.31650000000001,28.536849515192095,22.09615048480792,46.20500554766749,52.15066823293892,0,0,,,,,,,,-4.355456285896642,-5.279165761459947,-13.059241534334,0,41.99814323548546,43.54150198148669,,,,,0.16137383506012415,-0.9796198476029758,-1.1409936826631,0.41454041267232816,41.99814323548546,41.99814323548546,,41.99814323548546,,,,,,,,,0
2021-03-19,24.01,24.57,23.39,24.32,25.082500000000003,27.845938980690292,22.319061019309714,44.49688772193365,47.74386221807372,0,0,,,,,,,,-3.1422995738579984,-3.0399681052526772,-10.995083747087476,0,43.26488617300928,43.7211464755257,,,,,0.11917661409829261,-0.9920229150402342,-1.1111995291385268,0.3522643344140073,43.26488617300928,,,,,,,,,,,,0
2021-03-22,24.89,24.92,23.86,24.22,24.893500000000003,27.330738396218024,22.456261603781982,42.10063065180206,44.26750797380107,0,0,,,,,,,,-4.189247992404777,-2.7055255387952837,-10.285220397579964,0,42.967655232199746,43.924981138328654,,,,,0.09022960607046504,-0.9984125215504456,-1.0886421276209106,0.25378260236944455,42.967655232199746,,,,,,,,,,,,0
2021-03-23,24,24.105,23.1,23.26,24.719,27.098637787563366,22.339362212436637,38.03491847531288,41.54414561634953,0,0,,,,,,,,-7.621430557210385,-5.902342327764066,-12.458757260603937,0,40.118236951550195,44.04951862862291,,,,,0.016016182396870082,-1.068621899624823,-1.084638082021693,-0.0214360928809474,40.118236951550195,,,,,,,,,,,,0
2021-03-24,23.3,23.485,21.75,21.88,24.493500000000004,27.045520963863574,21.941479036136435,30.82069955397808,36.98541622703101,0,0,,,,,,,,-12.10027318013821,-10.670177802274095,-15.9345303655132,0,36.38309798581582,43.65884931599355,,,,,-0.10951888626929462,-1.2215366898583113,-1.1120178035890167,-0.2520844226051492,36.38309798581582,36.38309798581582,,36.38309798581582,,,,,,,,,0
2021-03-25,21.2,22.8,21.05,22.58,24.424500000000002,27.102024789801142,21.746975210198862,31.710008785766533,33.52187560501917,0,0,,,,,,,,-7.750132777709706,-7.551843435894301,-11.762407190308743,0,39.462005150912255,43.60744958009447,,,,,-0.12765025557902643,-1.2715806230627997,-1.1439303674837733,-0.44255806038545487,39.462005150912255,,,,,,,,,,,,0
2021-03-26,22.63,23.05,21.76,22.58,24.358500000000003,27.14725079560713,21.569749204392878,24.394654992712866,28.975121110819163,0,0,,,,,,,,-6.084931164996066,-7.3013527105528,-10.53528269741274,0,39.462005150912255,43.76574884035199,,,,,-0.1218940144666043,-1.2962978855670286,-1.1744038711004243,-0.7547791345568137,39.462005150912255,,,,,,,,,,,,0
2021-03-29,22.48,22.5,21.39,21.73,24.204500000000007,27.20838065675015,21.200619343249862,20.464669431574027,25.52311107001781,0,0,,,,,,,,-7.677274079109497,-10.22330558367248,-12.72975541841258,0,36.94399114201303,43.3525364345282,,,,,-0.15543442672175956,-1.3686969045026238,-1.2132624777808643,-0.8911985763653181,36.94399114201303,,,,,,,,,,,,0
2021-03-30,21.36,22.09,20.86,22.04,24.082500000000007,27.22663660644674,20.938363393553274,22.905875421757358,22.588399948681417,0,0,,,,,,,,-4.918032786885263,-8.481262327416205,-10.792104588567053,0,38.48563130417305,42.94384027873013,,,,,-0.13746421964356847,-1.385092752335325,-1.2476285326917564,-0.9604580626963386,38.48563130417305,,,,,,,,,,,,0
2021-03-31,22.5,23.85,22.38,23.29,24.067500000000006,27.22373113855725,20.911268861442764,29.365137148809715,24.245227334047033,0,0,,,,,,,,1.3137289020358045,-3.2304975589488194,-5.248169243287237,0,44.389618590530645,42.55439294605325,,,,,-0.027848269491840716,-1.2824388695565574,-1.2545906000647167,-0.8930652258797673,44.389618590530645,,,,,,,,,,,,0
2021-04-01,23.95,23.95,22.73,23.07,23.984500000000004,27.153957209049935,20.815042790950073,32.04374096538979,28.104917845318955,0,0,,,,,,,,0.7555574966152667,-3.8128791511184423,-5.875152998776012,0,43.59653642979357,42.07129224627872,,,,,0.03971471373390911,-1.2049472078973302,-1.2446619216312393,-0.8152690310377158,43.59653642979357,,,,,,,,,,,,0
2021-04-05,23.78,24.45,23.3401,23.44,23.959000000000007,27.137351144854634,20.78064885514538,39.93034496708018,33.77974102709323,0,0,,,,,,,,2.766451839186268,-2.1662005926791794,-3.6369117767972248,0,45.36450829790615,41.74164476948366,,,,,0.11493985255493566,-1.1009871059375698,-1.2159269584925054,-0.677084427823432,45.36450829790615,,,,,45.36450829790615,,45.36450829790615,,-5.514095294991525,0,0,0
2021-04-06,23.55,23.61,22.83,23.27,23.996500000000005,27.12333402181808,20.869665978181928,42.580861575385676,38.184982502618546,0,0,,,,,,,,2.44782953244691,-3.027524847373597,-3.71167294244219,0,44.67166723560947,41.607965961234996,,,,,0.15630054634636315,-1.0205512755595514,-1.1768518219059145,-0.5089827882248081,44.67166723560947,,,,,,,,,-6.601037008485842,1.0869417134943153,-0.5434708567471577,0
2021-04-07,23,23.55,22.81,22.9,23.928500000000003,27.08843211952399,20.768567880476017,39.399799178764525,40.637001907076794,0,0,,,,,,,,0.9789223035540973,-4.298221785736689,-4.736812912529853,0,43.1277922735914,41.44541251096445,,,,,0.16114769281769936,-0.9754172058837902,-1.1365648987014896,-0.3291472374463214,43.1277922735914,,,,,,,,,-7.25392933740756,1.4352286967353596,-0.7176143483676798,0
2021-04-08,23.2,23.6,22.74,23.41,23.861500000000003,27.00570276063722,20.717297239362786,47.030759255583924,43.00380666991138,0,0,,,,,,,,2.5360255792562514,-1.8921693942124507,-2.2111448383413945,0,45.903065546720114,41.72433553319551,,,,,0.19864701575699795,-0.8882561290052422,-1.0869031447622401,-0.12267776151566573,45.903065546720114,,,,,,,,,-7.655106300717224,1.6194649063967577,-0.8097324531983788,0
2021-04-09,23.46,24.35,23.37,24.04,23.727,26.586084468846543,20.867915531153457,54.59924193770357,47.00993345735068,0,0,,,,,,,,4.6263654959306955,1.3191722510220272,0.40932252944612113,0,49.20081364678339,42.1483303527508,,,,,0.26185167678251364,-0.7595885487840981,-1.0214402255666117,0.2807105446920941,49.20081364678339,,,,,,,,,-6.994730727562993,1.4610255125927654,-0.7305127562963827,0
2021-04-12,24.52,24.55,22.73,23.34,23.548000000000002,26.00505189200382,21.090948107996184,53.0988693551729,51.57629018282014,0,0,,,,,,,,1.244957272372349,-0.8833021912689087,-2.4383447122753643,0,45.85591931947938,42.354634930413624,,,,,0.25238034713758073,-0.7059647916446359,-0.9583451387822166,0.6334823842149462,45.85591931947938,,,,,,,,,-6.748235555525478,1.3343701132441153,-0.6671850566220576,0
2021-04-13,23.19,25.6585,23.12,25.42,23.4795,25.62824358637777,21.330756413622233,70.47267243820174,59.39026124369274,0,0,,,,,,,,8.53044146528903,8.264656402393577,6.1658615361055435,0,55.530320536759056,43.45549804364283,,,,,0.3746914968096229,-0.48998076777018795,-0.8646722645798108,0.8144432768921094,55.530320536759056,,,,,55.530320536759056,,55.530320536759056,,-4.309323602776511,2.1333691910410755,-1.0666845955205377,0
2021-04-14,25.35,26.2,23.65,23.7,23.384,25.3029934861795,21.4650065138205,65.88534761463774,63.152296469337465,0,0,,,,,,,,0.47481770391721856,1.3513513513513375,-0.9100664780567036,0,47.90733768969516,44.27865802249135,,,,,0.32982847867061316,-0.45238666624154433,-0.7822151449121575,0.7628071855454595,47.90733768969516,,,,,,,,,-4.871086024846272,2.2491251350308747,-1.1245625675154374,0
2021-04-15,24.01,24.06,22.69,23.15,23.281,25.00848256141688,21.553517438583118,59.79994662407958,65.38598889230636,0,0,,,,,,,,-1.7985916687876746,-0.5626906060736236,-3.1502321884282924,0,45.74483929201701,44.72743188971312,,,,,0.2564506452392662,-0.4616518383630748,-0.718102483602341,0.6736010384978861,45.74483929201701,,,,,,,,,-5.206867965627255,2.2183305014134453,-1.1091652507067227,0
2021-04-16,22.86,23.26,22.3,22.47,23.2055,24.936170101434545,21.474829898565456,50.890349922684806,58.85854805380072,0,0,,,,,,,,-4.439908139831605,-3.169507228889712,-5.697858232027253,0,43.15138046347379,44.99095869775323,,,,,0.16016606609461848,-0.5178949009840679,-0.6780609670786863,0.4608119091934261,43.15138046347379,,,,,,,,,-9.133475474888721,2.771308200847918,-1.385654100423959,0
2021-04-19,22.15,22.33,21.53,21.94,23.0865,24.8215651284605,21.351434871539503,42.730126718991976,51.140141088585466,0,0,,,,,,,,-6.09484677281289,-4.966105732787563,-7.662523498218377,0,41.191211719923075,45.29433159617537,,,,,0.06377897796552678,-0.5983372446217778,-0.6621162225873046,0.05274702122763585,41.191211719923075,,,,,,,,,-11.483765176098041,3.9279964410654618,-1.9639982205327309,0
2021-04-20,21.96,22.55,21.24,21.78,22.964499999999997,24.706722431264165,21.22227756873583,37.51514838135232,43.711875007676376,0,0,,,,,,,,-6.181348266207198,-5.157961200984107,-8.240647118301336,0,40.59174471955675,45.44476826870278,,,,,-0.0041524199566563835,-0.6673067475331251,-0.6631543275764687,-0.3344086690959506,40.59174471955675,40.59174471955675,40.59174471955675,40.59174471955675,,,,,,-13.294580240823207,5.1655975374995755,-2.5827987687497878,0
2021-04-21,21.65,22.64,21.43,22.63,22.933,24.67549361548309,21.190506384516908,33.2280362965292,37.82443713229117,0,0,,,,,,,,-2.406417112299497,-1.3212401343042801,-4.440847350270993,0,45.15797511938502,45.49965087790667,,,,,0.013778038255782943,-0.6459317797567401,-0.659709818012523,-0.39955654860495005,45.15797511938502,,,,,,,,,-13.093441674694981,5.810845200090367,-2.9054226000451835,0
2021-04-22,22.94,23.51,22.51,22.86,22.982,24.657107160751103,21.306892839248896,35.857632452319244,35.53360571006693,0,0,,,,,,,,-1.1801322785631174,-0.5308502306152652,-3.2121485830417074,0,46.35940438895848,45.69699858927559,,,,,0.044986745721510735,-0.6034763858606347,-0.6484631315821454,-0.45768445913499517,46.35940438895848,,,,,,,,,-11.897701005547852,5.973501007206811,-2.9867505036034054,0
2021-04-23,22.89,23.55,22.74,23.41,23.0235,24.697838974043012,21.349161025956985,42.327456592665534,37.13770844717134,0,0,,,,,,,,1.4737754659730928,1.6787195691359003,-0.4168793602178589,0,49.22399642018909,45.972676312295796,,,,,0.1032011090897369,-0.5194617452199743,-0.6226628543097112,-0.3845760166736236,49.22399642018909,,,,,,,,,-9.78255864296183,5.828352573956897,-2.9141762869784484,0
2021-04-26,23.69,24.26,23.46,24.11,23.099999999999998,24.82532895414166,21.374671045858335,51.52506814372088,43.2367190629019,0,0,,,,,,,,4.160366354171119,4.372294372294383,2.9711145594578436,0,52.68712458749263,46.545208980287455,,,,,0.18462783463831034,-0.3918780610118233,-0.5765058956501337,-0.23500174916866978,52.68712458749263,,,,,52.68712458749263,,52.68712458749263,,-7.892581972059536,5.64601998311026,-2.82300999155513,0
2021-04-27,24.17,24.26,23.57,23.88,23.207499999999996,24.84360360307673,21.571396396923262,53.70770467526801,49.18674313721815,0,0,,,,,,,,3.8576958204670664,2.8977701174189407,2.4130832570905314,0,51.44555131796186,47.139334626313904,,,,,0.21656386406686534,-0.30580106556655196,-0.5223649296334173,-0.19741833590809396,51.44555131796186,,,,,,,,,-6.619101186835525,5.52986496299122,-2.76493248149561,0
2021-04-28,23.67,24.17,23.42,23.85,23.298,24.864532476522626,21.73146752347737,56.247314133764704,53.82669565091788,0,0,,,,,,,,3.659596662030573,2.3693020860159786,2.5424214629671926,0,51.27582132859776,47.52310289644803,,,,,0.22807588443802895,-0.23727007408588108,-0.46534595852391003,-0.10979238366636931,51.27582132859776,,,,,,,,,-6.137404060011289,5.451681816851543,-2.7258409084257713,0
2021-04-29,23.87,24.14,22.81,23.37,23.302,24.868838855785594,21.735161144214405,51.57913208622503,53.84471696508592,0,0,,,,,,,,1.4763352149369968,0.29182044459703516,0.7443384297045386,0,48.51768640466217,47.47430809343937,,,,,0.19694527268666623,-0.21916436766557723,-0.41610964035224346,-0.002250680754748193,48.51768640466217,,,,,,,,,-7.2561559185549624,5.317437608128627,-2.6587188040643137,0
2021-04-30,23.18,23.55,22.84,23.04,23.3005,24.868281553661063,21.732718446338936,48.09411050305314,51.97351890768096,0,0,,,,,,,,-0.20357777104000885,-1.1180017596188918,-0.5439005439005662,0,46.659454448690184,47.531703459811574,,,,,0.14984277481314384,-0.22880617183581364,-0.3786489466489575,-0.023730239612918893,46.659454448690184,,,,,,,,,-8.53193002495937,5.188245477011114,-2.594122738505557,0
2021-05-03,23.01,23.08,22.21,22.3,23.2435,24.868692603970377,21.618307396029625,38.24780245140521,45.9736816802278,0,0,,,,,,,,-3.5592267439346403,-4.059199346053733,-3.457631032094244,0,42.709211071233696,46.61590992655976,,,,,0.0686918347576998,-0.2927841532018327,-0.3614759879595325,0.21879428212530327,42.709211071233696,,,,,,,,,-10.709752373031941,5.191774221917918,-2.595887110958959,0
2021-05-04,21.94,22.2,20.87,21.64,23.162,24.930836905992308,21.39316309400769,26.784820653710817,37.708911202723066,0,0,,,,,,,,-6.356830672032576,-6.571107849063118,-5.964830962658274,0,39.49740264255215,46.01520028033525,,,,,-0.024597092337081183,-0.39222235338088396,-0.3676252610438028,0.10823430880704948,39.49740264255215,,,,,,,,,-13.034850546133995,5.466607249411054,-2.733303624705527,0
2021-05-05,21.81,21.94,20.97,21.15,23.074499999999997,25.047837021392997,21.101162978606997,24.449396744970507,29.827339950028847,0,0,,,,,,,,-7.887287139061927,-8.340375739452632,-7.812341087073427,0,37.25725926283939,45.40894456396542,,,,,-0.10969845024736397,-0.5047483238530077,-0.39504987360564375,-0.09292121836995569,37.25725926283939,,,,,,,,,-15.517630355204956,6.090645651441065,-3.0453228257205325,0
2021-05-06,21.02,21.02,19.41,20.09,22.908499999999997,25.262809028143998,20.554190971855995,18.89230299786723,23.37550679884953,0,0,,,,,,,,-11.435372950097022,-12.303293537333293,-12.20428854445872,0,32.90899113564123,44.677345326263094,,,,,-0.2213328880256365,-0.6717159836376894,-0.45038309561205286,-0.37959247512383176,32.90899113564123,,,,,,,,,-18.371967552939456,7.111064402433786,-3.555532201216893,0
2021-05-07,20.3,20.75,19.58,19.75,22.694,25.358187681076583,20.029812318923415,15.54054302303837,19.627414255292045,0,0,,,,,,,,-11.506407384174244,-12.97259187450427,-13.33284575440652,0,31.63368927943135,43.994665151942264,,,,,-0.29729250416691644,-0.8219987258206984,-0.524706221653782,-0.627541781034921,31.63368927943135,,,,,,,,,-20.79065984956617,8.343289871893115,-4.171644935946557,0
2021-05-10,19.28,19.3,18.18,18.47,22.450499999999998,25.666973068439983,19.234026931560013,10.991883221954957,15.141576414286861,0,0,,,,,,,,-15.096074285188966,-17.730117369323615,-18.459546163581287,0,27.33844415007063,43.04800082555039,,,,,-0.4062209188823528,-1.032482370256723,-0.6262614513743702,-0.8216556093552533,27.33844415007063,27.33844415007063,,27.33844415007063,,,,,,-24.22891587697084,9.940616118867354,-4.970308059433677,0
2021-05-11,17.2,20.3,17.055,20.21,22.189999999999998,25.24198951505408,19.138010484945916,19.07890963389252,15.203778626295291,1,0,,,,,,,,-5.503343152382323,-8.922938260477675,-10.57785906020474,0,39.38683467262741,42.635776507924845,,,,,-0.33644812596372886,-1.0468216088290312,-0.7103734828653023,-0.8856472697672912,39.38683467262741,,,,,,,,,-24.044999867428487,11.083668799154815,-5.541834399577407,0
2021-05-12,20,20,18.51,18.89,21.9495,25.236635379019173,18.662364620980828,16.034322806197377,15.368371887348294,0,0,,,,,,,,-9.578287300751553,-13.938814095993079,-16.028272111665988,0,34.687782693352716,41.802089243953,,,,,-0.3528417011631616,-1.1514256093192543,-0.7985839081560927,-0.9432077298792978,34.687782693352716,,,,,,,,,-25.130353974246162,12.14206605887922,-6.07103302943961,0
2021-05-13,19.14,19.47,17.82,18.37,21.710500000000003,25.295342953324358,18.12565704667565,15.72011533034248,16.9444492568108,0,0,,,,,,,,-9.911235348928482,-15.386564104926192,-17.74012986043737,0,33.01666708551164,40.64442286290461,,,,,-0.37052497961436803,-1.2617401326740527,-0.8912151530596847,-0.9674209357418491,33.01666708551164,,,,,,,,,-25.218655607778874,12.989127339004968,-6.494563669502484,0
2021-05-14,18.82,20.2,18.53,20.08,21.591,25.22559984042253,17.956400159577473,27.337119650492205,19.697185929010697,1,0,,,,,,,,-0.07464543418764791,-6.998286323004965,-9.679740913997891,0,42.7791773402162,39.936712345242015,,,,,-0.24493174071000834,-1.197379828947195,-0.9524480882371867,-0.9186624530187784,42.7791773402162,,,,,,,,,-25.347923019416285,13.687268345822252,-6.843634172911126,0
2021-05-17,19.73,20.49,19.63,20.46,21.517000000000003,25.1803159841869,17.853684015813105,36.08948532437756,26.382240101737423,0,0,,,,,,,,2.757269850836175,-4.912394850583269,-7.557456549896113,0,44.707729303710686,39.455439344224075,,,,,-0.12043860546675389,-1.102996345070629,-0.9825577396038752,-0.8314488865469144,44.707729303710686,,,,,,,,,-23.37389582472736,14.04278557058811,-7.021392785294055,0
2021-05-18,20.52,21.62,20.26,21.24,21.490000000000002,25.15312434951356,17.826875650486443,45.08849788234358,36.17170095240446,0,0,,,,,,,,6.889436867797261,-1.1633317822243083,-3.7389530931339454,0,48.54153225616435,39.260132981907404,,,,,0.022640439720812977,-0.9542571899528589,-0.9768976296736719,-0.6500107546983707,48.54153225616435,,,,,48.54153225616435,,48.54153225616435,,-19.78250008640735,14.054980113663296,-7.027490056831648,0
2021-05-19,20.1,21.035,19.94,20.67,21.392000000000003,25.032690044483193,17.751309955516813,48.33559640298758,43.17119320323625,0,0,,,,,,,,4.272814407506398,-3.375093492894543,-6.005578124052646,0,46.02982169944331,39.08242836010606,,,,,0.08366288492126117,-0.8723190235220954,-0.9559819084433566,-0.4718043486137765,46.02982169944331,,,,,,,,,-19.1981318941013,14.019514445346475,-7.009757222673238,0
2021-05-20,20.75,20.81,20.28,20.61,21.279500000000002,24.8705025062647,17.688497493735305,51.336923391072794,48.25367255880133,0,0,,,,,,,,3.698113207547138,-3.146220540896183,-5.878950252694414,0,45.7614006950639,39.01828166341846,,,,,0.12241126944709113,-0.8029678216344927,-0.9253790910815838,-0.23402260150623755,45.7614006950639,,,,,,,,,-19.17063711225988,13.974446811949932,-6.987223405974966,0
2021-05-21,20.84,21.16,20.47,20.75,21.1465,24.606674995574625,17.686325004425374,55.4491919918095,51.707237261956635,0,0,,,,,,,,3.8798498122653013,-1.8750147778592186,-4.762633294065477,0,46.54470302750954,39.29224537458102,,,,,0.15765198263602775,-0.7283141127865491,-0.8859660954225769,0.06578305207547921,46.54470302750954,,,,,,,,,-19.978307607555703,13.964677578522208,-6.982338789261104,0
2021-05-24,21.06,21.52,20.675,21.22,21.002,24.1853793364913,17.818620663508696,58.193432479746875,54.993182620876404,0,0,,,,,,,,4.790123456790085,1.0379963812970239,-2.2885297232583035,0,49.19724766800607,39.985091447827735,,,,,0.20954728726969063,-0.6240319863354635,-0.8335792736051542,0.40999469149368845,49.19724766800607,,,,,,,,,-19.417903842941353,13.917204708978542,-6.958602354489271,0
2021-05-25,21.42,22.11,21.28,21.48,20.881999999999998,23.79154016985502,17.972459830144977,67.96159649029684,60.53474032061774,0,0,,,,,,,,5.412965598468822,2.8637103725696944,-0.4895223682382044,0,50.655950793218494,40.94214084285481,,,,,0.2552816194895777,-0.5144772492431819,-0.7697588687327597,0.6994208398417961,50.655950793218494,,,,,,,,,-18.41046858003992,13.822430692274786,-6.911215346137393,0
2021-05-26,21.58,22.24,21.49,22.12,20.795499999999997,23.43751040876077,18.153489591239225,73.40576064890597,66.52026320631657,0,0,,,,,,,,6.859903381642463,6.3691664061936715,2.7260483908419175,0,54.1461243970194,42.45907893295324,,,,,0.3184257780927465,-0.3717266461168265,-0.690152424209573,0.8188776109436945,54.1461243970194,,,,,,,,,-16.733279333126735,13.676943465686058,-6.838471732843029,0
2021-05-27,22.01,22.7,21.65,22.7,20.761999999999997,23.286983960345136,18.237016039654858,78.32089164794726,73.22941626238337,0,0,,,,,,,,7.414943453366729,9.334360851555745,5.4930755646435125,0,57.10707148200791,44.27860623313729,,,,,0.3846171408655702,-0.20938099812761024,-0.5939981389931804,0.8839495196753088,57.10707148200791,,,,,,,,,-14.89814887709836,13.50621485411706,-6.75310742705853,0
2021-05-28,23,24.75,22.76,22.95,20.7575,23.26649880430408,18.24850119569592,80.54176839939548,77.42280689874957,0,0,,,,,,,,7.142857142857095,10.56244730820184,6.575647812761187,0,58.35534725401534,46.49409931199049,,,,,0.4273121222412768,-0.059857986191584445,-0.48717010843286124,0.8844071852924821,58.35534725401534,,,,,,,,,-12.924666212925208,13.33842043041953,-6.669210215209765,0
2021-06-01,23.19,23.3499,22.36,23.06,20.795499999999997,23.417281646133045,18.17371835386695,81.26666225797922,80.04310743510733,0,0,,,,,,,,6.365313653136484,10.889375105191036,6.901134221343108,0,58.92181276415887,47.889454889957015,,,,,0.4431334817865785,0.06674674380036194,-0.3763867379862166,0.9404043641061369,58.92181276415887,,,,,,,,,-11.539334245295684,13.191049353093359,-6.595524676546679,0
2021-06-02,23.02,24.84,22.82,24.45,20.936,23.98939417697741,17.88260582302259,86.38874344073326,82.73239136603598,0,0,,,,,,,,11.131312213081168,16.784486052732127,12.879149289792347,0,65.33797026674816,50.07875400234241,,,,,0.5219582128311632,0.27606102805273736,-0.2458971847784258,0.9352541760854096,65.33797026674816,,,,,65.33797026674816,,65.33797026674816,,-9.065126970174925,13.10660445187248,-6.55330222593624,0
2021-06-03,24.14,24.26,23.34,23.63,21.06,24.331709033517527,17.78829096648247,83.4074373584744,83.68761435239563,0,1,,,,,,,,5.978382742072874,12.203228869895533,8.925800156727725,0,59.43970714178927,51.96611400636224,,,,,0.49391342851494147,0.3714946008652511,-0.12241882764969039,0.9383616493943191,59.43970714178927,,,,,,,,,-8.074395655675872,13.056288328132323,-6.528144164066162,0
2021-06-04,23.71,24.49,23.5,24.03,21.256999999999998,24.739074668929483,17.774925331070513,84.08367639094678,84.62661906338481,0,0,,,,,,,,6.144264322629045,13.045114550501037,10.570876407251717,0,61.276111388381516,53.287323581231185,,,,,0.4770868775583478,0.47393976929824433,-0.0031471082601034484,0.9417445257325141,61.276111388381516,,,,,,,,,-6.825999497095687,13.053962899053737,-6.526981449526868,0
2021-06-07,24,24.76,23.79,24.46,21.4925,25.16682102571344,17.81817897428656,84.96217755041975,84.15109709994697,0,0,,,,,,,,6.3016079965232175,13.807142026288254,12.368497618792373,0,63.204755294837874,54.608539723454555,,,,,0.46900092595979437,0.5831040491896395,0.11410312322984516,0.9493472692428504,63.204755294837874,,,,,,,,,-6.867252660811743,13.043635959308249,-6.5218179796541245,0
2021-06-08,24.85,25.23,23.93,24.38,21.788,25.392411741186077,18.183588258813923,81.97707508942604,83.67430967693085,0,0,,,,,,,,4.518562976935581,11.896456765191843,11.95469156589617,0,62.580277804286474,55.61130726260614,,,,,0.43320133512310466,0.655604792133726,0.22240345701062134,0.9704046365587019,62.580277804286474,,,,,,,,,-5.9682956332392,13.067100304846242,-6.533550152423121,0
2021-06-09,24.45,24.74,24.17,24.17,21.985999999999997,25.656386355685274,18.31561364431472,81.2972010995574,82.74548457980106,0,0,,,,,,,,2.436956982411509,9.933594105339782,10.941109870102018,0,60.87986370593205,56.6720245487839,,,,,0.372624396055383,0.6881839520798501,0.31555955602446706,0.9535782971351189,60.87986370593205,,,,,,,,,-5.746269575479374,13.092664169367533,-6.546332084683766,0
2021-06-10,24,24.39,23.44,24.14,22.2485,25.742353316898114,18.754646683101885,77.7108007109746,80.32835896665267,0,0,,,,,,,,1.4413581543891718,8.501696743600684,10.754266837951887,0,60.626429142877775,57.733812295056325,,,,,0.31033093149243085,0.7034732203900056,0.39314228889757474,0.9226698378261599,60.626429142877775,,,,,,,,,-6.0514501876966875,13.097348522725929,-6.548674261362964,0
2021-06-11,24.12,24.71,24.03,24.67,22.563499999999998,25.721710094341482,19.405289905658513,79.67266811060045,79.56022330704414,0,0,,,,,,,,2.8173710094189897,9.335874310279891,12.961323605726637,0,63.516003503799645,58.94604804336276,,,,,0.2852576931226797,0.7497144053009244,0.4644567121782447,0.908950672161204,63.516003503799645,,,,,,,,,-5.547963858925613,13.11721366067915,-6.558606830339575,0
2021-06-14,24.73,25.15,24.47,25,22.809499999999996,25.921730550585984,19.69726944941401,81.43940264708067,79.60762382288523,0,0,,,,,,,,3.310054134468343,9.60345470089219,14.13093100404781,0,65.22716847646399,60.091042386824036,,,,,0.271414059294269,0.803724286296081,0.532310227001812,0.902315413227293,65.22716847646399,,,,,65.22716847646399,65.22716847646399,65.22716847646399,,-4.387132166556179,13.182324467127186,-6.591162233563593,0
2021-06-15,25.03,25.55,24.39,24.41,23.006999999999998,25.99668961599709,20.017310384002904,79.47203718193217,80.19470264653776,0,0,,,,,,,,0.3123202104051481,6.098144043117326,11.08077360637083,0,59.82469407284185,60.74595262108285,,,,,0.20600377194477626,0.7898149419327822,0.583811169988006,0.8614544373843058,59.82469407284185,59.82469407284185,,59.82469407284185,,,,,,-3.988052210644568,13.255967018332122,-6.627983509166061,0
2021-06-16,24.09,24.94,23.86,24.8,23.184999999999995,26.156534956886965,20.213465043113025,79.07632795957481,79.99592259619588,0,0,,,,,,,,1.7686404858631377,6.965710588742757,12.317144970637495,0,62.06156479273123,61.311341220776555,,,,,0.17377320680336994,0.8010276784922183,0.6272544716888484,0.8402809287300188,62.06156479273123,,,,,,,,,-3.7671576778169293,13.329183857280695,-6.664591928640347,0
2021-06-17,24.68,25.46,24.55,25.45,23.423999999999996,26.31580497267727,20.53219502732272,81.86406824614883,80.13747779588527,0,0,,,,,,,,3.6617653048755194,8.649248633879791,14.517556358836647,0,65.50845733384935,61.9114402101938,,,,,0.18022515653073456,0.8525359173522666,0.6723107608215321,0.8397973097381549,65.50845733384935,,,,,65.50845733384935,,65.50845733384935,,-3.1389263171514483,13.421582687110588,-6.710791343555294,0
2021-06-18,25.59,25.94,25.02,25.37,23.661999999999995,26.365631631713327,20.958368368286663,81.18705394945135,80.70915005172499,0,0,,,,,,,,2.77496455337245,7.21832474008961,13.260613997232085,0,64.72897128127386,62.366699069283705,,,,,0.16358667113251735,0.8767940997371788,0.7132074286046615,0.8335772696982396,64.72897128127386,,,,,,,,,-1.8646602731858446,13.566046544229282,-6.783023272114641,0
2021-06-21,25.1,25.55,24.51,25.42,23.895499999999995,26.347784445165747,21.443215554834243,82.54312714943846,81.86474978167955,0,0,,,,,,,,2.578588434687834,6.379862317172713,12.534309240622132,0,65.00921082340096,62.80151321637243,,,,,0.1412712144146242,0.8897964466229418,0.7485252322083176,0.8319866705206305,65.00921082340096,,,,,,,,,-1.0342904504994763,13.738506525406224,-6.869253262703112,0
2021-06-22,25.39,25.52,24.96,25.4,24.104499999999994,26.309045077788404,21.899954922211585,82.65084977059229,82.12701028982737,0,0,,,,,,,,2.0777237471365506,5.374515132029312,11.30749791846215,0,64.78746932438587,62.762191720489405,,,,,0.11177813302934525,0.8882478984949991,0.7764697654656538,0.9068272222117839,64.78746932438587,,,,,,,,,-1.0758711556458966,13.890430784015498,-6.945215392007749,0
2021-06-23,25.46,26.35,25.34,26.27,24.343999999999994,26.39115803005092,22.296841969949067,87.7689337230542,84.32097021436164,0,0,,,,,,,,4.690551149722988,7.9116003943477065,14.109896474335759,0,69.63883929897065,63.490701160288076,,,,,0.1358752874396275,0.9463138747651882,0.8104385873255607,0.8955793230220317,69.63883929897065,,,,,,,,,0.1395474571880957,14.090594707071196,-7.045297353535598,0
2021-06-24,26.49,26.71,26.17,26.53,24.564499999999995,26.55519309538188,22.57380690461811,88.18274470471134,86.20084273278593,0,0,,,,,,,,4.7291962734880455,8.001384111217424,13.978433029257186,0,70.92792549925862,64.18011645392214,,,,,0.15306008858472875,1.0017636980564717,0.848703609471743,0.9005250718447756,70.92792549925862,,,,,,,,,1.6314872212896336,14.355040173953777,-7.177520086976888,0
2021-06-25,26.58,27.01,26.245,26.78,24.768499999999996,26.789096694048954,22.747903305951038,90.08736897195415,88.67968246657323,0,0,,,,,,,,4.842814078221003,8.121202333609245,13.683316824678071,0,72.15227296369895,64.8192248588408,,,,,0.1640244734042553,1.053734201227062,0.8897097278228068,0.933905917262881,72.15227296369895,,,,,,,,,3.4723876590790703,14.705787689604826,-7.352893844802413,0
2021-06-28,26.98,27.5,26.86,27.38,24.989999999999995,27.132232480381468,22.84776751961852,92.116348561532,90.12882074606581,0,0,,,,,,,,6.202241961134147,9.56382553021211,15.04201680672268,0,74.88591672571454,65.69819906751424,,,,,0.19247758799292958,1.1303067128139688,0.9378291248210392,0.9484277020007126,74.88591672571454,,,,,74.88591672571454,,74.88591672571454,,4.9331871701075025,15.116308275550395,-7.5581541377751975,0
2021-06-29,27.38,27.44,26.44,26.63,25.168499999999995,27.23118053755339,23.1058194624466,87.69021648539751,89.9646446729612,0,1,,,,,,,,2.411260239203128,5.806861751792924,10.932141022258634,0,66.14523289252364,66.07429686655648,,,,,0.1438081987935308,1.1175893733129527,0.9737811745194219,0.9405482820668507,66.14523289252364,,,,,,,,,5.057447289186759,15.494481970969424,-7.747240985484712,0
2021-06-30,26.48,26.92,26.21,26.36,25.263999999999992,27.36134498831309,23.166655011686895,79.22867683672004,86.34508062788318,0,0,,,,,,,,0.768377996100722,4.338188727042458,9.03224916929779,0,63.28164697227723,66.26395528294216,,,,,0.07965595879315823,1.0733511230108697,0.9936951642177114,0.9002852571683444,63.28164697227723,,,,,,,,,4.492788733077254,15.802814437115245,-7.9014072185576225,0
2021-07-01,26.1,26.13,24.59,24.72,25.318499999999993,27.29642087809452,23.340579121905467,60.29381108581907,75.73756813597886,0,0,,,,,,,,-5.236525339262488,-2.363884116357584,1.680971837551759,0,49.31591930464216,65.24966355443091,,,,,-0.07844941718226095,0.8956333927398852,0.9740828099221461,0.6031201074579627,49.31591930464216,,,,,,,,,1.0234492340555783,15.911512425558904,-7.955756212779452,0
2021-07-02,25,25.34,24.33,24.44,25.33899999999999,27.271044512945295,23.406955487054688,51.041212238017195,63.52123338685209,0,0,,,,,,,,-5.974685492247933,-3.547890603417614,0.004091820450913275,0,47.3928391391123,63.97578288747722,,,,,-0.20018382866428353,0.7238530240917918,0.9240368527560753,0.2981893893765944,47.3928391391123,,,,,,,,,-1.8354137865494318,15.906613264435098,-7.953306632217549,0
2021-07-06,24.6,25.2,24.47,24.68,25.34999999999999,27.264324946293655,23.435675053706326,48.2679057554629,53.200976359766365,0,0,,,,,,,,-4.780277016860235,-2.6429980276133747,0.4477004477004387,0,49.22066638354355,63.21835233824162,,,,,-0.2590986605943162,0.60016352701318,0.8592621876074962,-0.022060805740256234,49.22066638354355,,,,,,,,,-4.031685007352475,15.84258134852562,-7.92129067426281,0
2021-07-07,24.23,24.26,22.72,22.89,25.275499999999994,27.435263644476304,23.115736355523683,31.29921532685914,43.53611110677972,0,0,,,,,,,,-10.822814399252012,-9.43799331368319,-7.04820174073123,0,38.481535258010595,61.53406451433301,,,,,-0.40451030352883577,0.3536243081964514,0.7581346117252872,-0.4152296844200136,38.481535258010595,38.481535258010595,,38.481535258010595,,,,,,-6.406631790028128,15.74009856327927,-7.870049281639635,0
2021-07-08,22.43,23.21,22.25,23.08,25.220999999999993,27.53882570526804,22.903174294731947,30.335749606509566,36.634290229610514,0,0,,,,,,,,-8.951043433666051,-8.488957614686154,-6.479192836014458,0,39.978507339813675,59.71049665761618,,,,,-0.4692328181105564,0.17159358908709166,0.640826407197648,-0.5967383303161039,39.978507339813675,,,,,,,,,-8.161325760110788,15.625269775151992,-7.812634887575996,0
2021-07-09,22.96,23.39,22.76,23.29,25.178499999999993,27.602779480588307,22.75422051941168,30.59179292860783,30.742252620658828,0,0,,,,,,,,-6.933066933066955,-7.500446809778161,-5.777166437414049,0,41.66803458305275,58.06328689345753,,,,,-0.4776422593008032,0.04377358307164414,0.5214158423724473,-0.7285086474785804,41.66803458305275,,,,,,,,,-9.940233183916527,15.5104568401574,-7.7552284200787,0
2021-07-12,23.26,23.495,22.88,22.95,25.092499999999994,27.698085346904033,22.486914653095955,27.688645676260577,29.538729403792644,0,0,,,,,,,,-6.866325785244731,-8.538407890804,-7.183973900969287,0,39.718651433792495,56.256818365628355,,,,,-0.4843259920253379,-0.08399164765922507,0.4003343443661128,-0.8336303006344361,39.718651433792495,,,,,,,,,-9.84961248922739,15.397981238344977,-7.698990619172489,0
2021-07-13,22.98,22.99,22.42,22.45,24.964999999999993,27.814368351056373,22.115631648943612,24.13330242658523,27.471247010484532,0,0,,,,,,,,-7.035488011925994,-10.074103745243313,-9.14486907957751,0,36.97882489246717,54.2704866204913,,,,,-0.4986846611082522,-0.22302148201920247,0.27566317908904975,-0.92212925525666,36.97882489246717,,,,,,,,,-10.647709846031564,15.290311509655492,-7.645155754827746,0
2021-07-14,22.49,22.62,21.51,21.56,24.82249999999999,28.031062762359777,21.613937237640204,18.859414143501063,23.56045408211561,0,0,,,,,,,,-8.806361559935738,-13.143317554637902,-12.56978331688724,0,32.66014189480683,51.62915109162246,,,,,-0.5408534121251583,-0.400403586067398,0.14044982605776019,-0.9534828137185885,32.66014189480683,,,,,,,,,-12.862584294083698,15.20351724711864,-7.60175862355932,0
2021-07-15,21.72,22.055,21.01,21.47,24.65599999999999,28.181866701961628,21.130133298038356,17.57349968456601,20.188738751550755,0,0,,,,,,,,-7.269036409968499,-12.921804023361428,-12.582619671285688,0,32.249971097686995,48.86644006293877,,,,,-0.5459555827348502,-0.5419946523608026,0.003960930374047628,-0.965908246990384,32.249971097686995,,,,,,,,,-14.742886464661277,15.147361303783049,-7.573680651891524,0
2021-07-16,21.6,21.71,21.24,21.37,24.45199999999999,28.233368006423266,20.670631993576716,15.37351506355877,17.268809630541934,0,0,,,,,,,,-6.345867297747409,-12.604285947979676,-12.722074739636536,0,31.772507426152174,45.98217109597114,,,,,-0.5269515080596578,-0.6547284547005248,-0.12777694664086686,-0.9638259557715642,31.772507426152174,31.772507426152174,,31.772507426152174,,,,,,-16.10702058592891,15.119757715747545,-7.559878857873772,0
2021-07-19,20.97,21.69,20.55,21.54,24.260499999999993,28.220229662489817,20.30077033751017,14.884077505259729,15.943697417794823,0,0,,,,,,,,-4.385653409090939,-11.213701283980114,-11.728546840422938,0,33.57299157589512,43.031247870984046,,,,,-0.4754025325437319,-0.7220301123205317,-0.24662757977679983,-0.9519828537054632,33.57299157589512,,,,,,,,,-16.094289112007242,15.090523746294306,-7.545261873147153,0
2021-07-20,21.63,22.35,21.22,22.18,24.098499999999994,28.11985437383986,20.077145626160128,22.011125418334842,17.422905995717766,1,0,,,,,,,,-0.43989586138794,-7.96107641554451,-8.821836717915021,0,39.99315951176496,41.16324262950128,,,,,-0.3750794856275087,-0.7154769368111857,-0.34039745118367704,-0.907307003494197,39.99315951176496,,,,,,,,,-15.128811747123024,15.040297672840712,-7.520148836420356,0
2021-07-21,22.27,22.68,22.12,22.52,23.95449999999999,27.985368268748328,19.92363173125165,27.27150146207545,21.38890146188999,0,0,,,,,,,,1.2544399982014953,-5.988436410695231,-7.187603033300394,0,43.1373744675553,39.72436602202115,,,,,-0.2677353126904616,-0.675066592046754,-0.40733127935629243,-0.8340374365694369,43.1373744675553,,,,,43.1373744675553,,43.1373744675553,,-13.58489777906646,14.965626951451284,-7.482813475725642,0
2021-07-22,22.55,22.67,21.88,22.07,23.74449999999999,27.70801598962348,19.780984010376503,28.766549729009917,26.016392203140054,0,0,,,,,,,,-0.3161698283649872,-7.052159447450956,-8.779036124659022,0,40.13957538353387,39.068912884799126,,,,,-0.21142332438961908,-0.6716104348433163,-0.4601871104536972,-0.7649806483971408,40.13957538353387,,,,,,,,,-12.856258803509446,14.883495157968342,-7.441747578984171,0
2021-07-23,22.01,22.08,21.51,21.81,23.50849999999999,27.340383479439513,19.67661652056047,28.81387589543486,28.28397569550673,0,0,,,,,,,,-0.8275736631502828,-7.225046259863421,-9.563366459799049,0,38.475846651456074,38.43198484996653,,,,,-0.177442055590744,-0.6819896799421272,-0.5045476243513832,-0.6985465800262045,38.475846651456074,,,,,,,,,-13.166681550660039,14.805933358520349,-7.4029666792601745,0
2021-07-26,21.8,22.3,21.48,22.13,23.27599999999999,26.84063406256549,19.71136593743449,30.605815464154368,29.3954136961997,0,0,,,,,,,,1.0041077133728704,-4.923526379102894,-7.913170122754732,0,41.67982711493396,37.893353473637276,,,,,-0.12181993206781838,-0.6568225394361562,-0.5350026073683378,-0.5619286483377021,41.67982711493396,,,,,,,,,-13.22362009268376,14.730113245078467,-7.3650566225392335,0
2021-07-27,21.96,22.11,21.09,21.68,22.990999999999993,26.076870379649908,19.905129620350078,28.77550102958002,29.3983974630564,0,0,,,,,,,,-0.7007740576192245,-5.702231307903061,-9.368337444086816,0,38.63298664129149,37.904171429585915,,,,,-0.10441149255593662,-0.6655169730632586,-0.561105480507322,-0.5363998020776622,38.63298664129149,,,,,,,,,-13.196999316270968,14.655071372202384,-7.327535686101192,0
2021-07-28,21.75,22.615,21.69,22.56,22.787499999999994,25.384736030860623,20.190263969139366,40.32114097822709,33.23415249065383,0,0,,,,,,,,2.858706059362559,-0.9983543609434764,-5.445807370979939,0,46.820024224980614,38.39285120709784,,,,,-0.026751761236087912,-0.5945451820524319,-0.567793420816344,-0.274987939516029,46.820024224980614,,,,,46.820024224980614,,46.820024224980614,,-11.455292288377088,14.567716820250082,-7.283858410125041,0
2021-07-29,22.78,22.85,22.14,22.18,22.578499999999995,24.601411515613243,20.555588484386746,42.308229357109056,37.13495712163872,0,0,,,,,,,,0.7998545718959749,-1.7649533848572485,-6.696954400134625,0,44.08495806249228,38.565488598486375,,,,,0.00425197735001781,-0.5624784491288217,-0.5667304264788395,0.01977480127389367,44.08495806249228,,,,,,,,,-10.790282900792505,14.479528852466533,-7.2397644262332665,0
2021-07-30,21.85,22.406,21.71,21.71,22.427999999999994,24.226672844071743,20.629327155928245,37.63250005772942,40.08729013102185,0,0,,,,,,,,-1.4883383247118909,-3.201355448546428,-8.19260804600942,0,40.90234830564497,38.65003837504728,,,,,-0.0013659045005951498,-0.5684378071045835,-0.5670719026039883,0.23972762821597024,40.90234830564497,,,,,,,,,-10.195530534047258,14.392069301993647,-7.196034650996824,0
2021-08-02,21.91,22.37,21.48,22.1,22.310999999999996,23.857724280536143,20.76427571946385,41.168909343181504,40.369879586006654,0,0,,,,,,,,0.027156694125052283,-0.945721841244207,-6.110599730935363,0,44.48383892105231,39.186110805660505,,,,,0.02524329414330284,-0.5355177849248598,-0.5607610790681626,0.48526834068584274,44.48383892105231,,,,,,,,,-10.530378904071242,14.306508638856599,-7.153254319428299,0
2021-08-03,22.03,22.27,21.71,22.24,22.188999999999997,23.289634362538322,21.08836563746167,48.5480862041858,42.44983186836557,0,0,,,,,,,,0.6334841628958809,0.22984361620623783,-5.088410600736893,0,45.75471641667801,40.12143755722273,,,,,0.05464495380837042,-0.49245488680769967,-0.5470998406160701,0.4628285834542965,45.75471641667801,,,,,,,,,-10.232767821337822,14.222149083227524,-7.111074541613762,0
2021-08-04,22.2,22.54,22.07,22.3,22.159499999999998,23.214061046122954,21.104938953877042,55.67246230563418,48.463152617667156,0,0,,,,,,,,1.0055258628498542,0.6340395767052698,-4.410819152128265,0,46.32185560140969,41.12657216463149,,,,,0.07902563035028698,-0.4483178026782113,-0.5273434330284983,0.40665288183723464,46.32185560140969,,,,,,,,,-9.244269599286513,14.140323831236639,-7.0701619156183195,0
2021-08-05,22.22,22.77,22.02,22.52,22.131499999999996,23.114094015858214,21.148905984141777,63.81735276314741,56.012633757655784,0,0,,,,,,,,1.79451249830489,1.7554164878115008,-2.947767626271336,0,48.45005346844235,42.31782545336649,,,,,0.10901188740575074,-0.39107857377130983,-0.5000904611770606,0.34863101942196034,48.45005346844235,,,,,,,,,-8.510098529806186,14.06269791498678,-7.03134895749339,0
2021-08-06,22.64,22.69,21.79,21.82,22.058,22.891585028655832,21.224414971344167,55.68266743588863,58.390827501556736,0,0,,,,,,,,-1.3740734044476954,-1.0789736150149554,-5.32390332798196,0,42.65515212020858,42.96655120653174,,,,,0.0819789737296911,-0.39761674401494673,-0.47959571774463783,-0.0012546214478170949,42.65515212020858,,,,,,,,,-8.896128363046559,13.98467321768815,-6.992336608844075,0
2021-08-09,21.85,23.28,21.8,22.93,22.057,22.886339496225435,21.227660503774562,67.76826903375148,62.42276307759584,0,0,,,,,,,,3.2696811385335645,3.957927188647603,0.04945022979814251,0,52.381264199511726,43.851415827085084,,,,,0.13594778333488272,-0.3096609885760344,-0.44560877191091713,0.28128542916822386,52.381264199511726,,,,,52.381264199511726,,52.381264199511726,,-7.741132883166461,13.914237869740845,-6.957118934870422,0
2021-08-10,23.01,23.52,22.78,22.92,22.080499999999997,22.97697030067911,21.184029699320885,70.56452462509215,64.67182036491074,0,0,,,,,,,,2.6513794338946184,3.801997237381416,0.6587615283267567,0,52.29521070984508,44.50554698724864,,,,,0.16607213367646645,-0.2380186048153341,-0.40409073849180055,0.5841465988002238,52.29521070984508,,,,,,,,,-6.836724725532775,13.852624293246684,-6.926312146623342,0
2021-08-11,23.07,23.19,22.09,22.35,22.119999999999997,22.990494112559045,21.24950588744095,63.9802043626089,67.43766600715084,0,0,,,,,,,,0.1927646030393637,1.0397830018083365,-1.2256562859078945,0,47.504631719153075,45.031622439792876,,,,,0.1435556669490448,-0.22464615480549455,-0.36820182175453936,0.5773490452085893,47.504631719153075,,,,,,,,,-5.770767883802239,13.804054373158458,-6.902027186579229,0
2021-08-12,24.45,25.76,23.585,24.89,22.290999999999997,23.736986168675195,20.8450138313248,79.05394616283884,71.19955838351329,0,0,,,,,,,,10.240056692355349,11.6594141133193,10.238429172510521,0,63.53506026931901,46.82156626964023,,,,,0.2873710483670495,-0.00898801129572746,-0.296359059662777,0.6156131028622378,63.53506026931901,,,,,,,,,-2.796441918557731,13.808096038503322,-6.904048019251661,0
2021-08-13,25,25.1,24.31,24.9,22.467499999999994,24.24457484366873,20.69042515633126,81.80032815580287,74.94482622708354,0,0,,,,,,,,8.74787090011786,10.826749749638399,10.253420512744826,0,63.58221102826826,48.38602226344982,,,,,0.3657873036745373,0.1608750699303947,-0.20491223374414264,0.7225530422695204,63.58221102826826,,,,,63.58221102826826,,63.58221102826826,,0.17633556153427188,13.888303522852787,-6.944151761426394,0
2021-08-16,24.9,24.9,23.77,24.5,22.615499999999997,24.54540647441776,20.685593525582235,79.24946193277515,80.03457875047229,0,0,,,,,,,,5.890997104205353,8.332780615064905,8.472675216576398,0,60.227517691306254,49.9284887670223,,,,,0.37210299862615287,0.26021651453854844,-0.11188648408760442,0.7565151901515984,60.227517691306254,,,,,,,,,3.4069172348926116,14.07497321432087,-7.037486607160435,0
2021-08-17,23.9,24.59,23.74,23.97,22.705,24.71036779668963,20.699632203310365,74.34142975968157,78.46373994941986,0,0,,,,,,,,2.831402831402796,5.571460030830222,6.237442382697078,0,56.010664452418304,50.584963068982134,,,,,0.3237519857022637,0.2928034980402252,-0.03094848766203849,0.8155378453572928,56.010664452418304,,,,,,,,,2.407475645241239,14.213450479471357,-7.106725239735678,0
2021-08-18,24.07,25.94,23.68,25.28,22.842999999999996,25.137472488394653,20.54852751160534,81.99569618582369,78.52886262609347,0,0,,,,,,,,7.082344967807486,10.668476119599024,11.649270540433122,0,62.92103364770605,51.93039703935455,,,,,0.3603581845066552,0.4194992429712805,0.05914105846462532,0.8656781439339112,62.92103364770605,,,,,,,,,3.2071931318404645,14.371630278884954,-7.185815139442477,0
2021-08-19,25.01,25.64,24.14,24.16,22.947499999999998,25.281662590737763,20.613337409262233,74.06431832973652,76.80048142508059,0,0,,,,,,,,1.6321723035503721,5.2837999782111345,6.533401925479532,0,54.97020145309054,52.93524369274352,,,,,0.2923967080250493,0.42463694349593695,0.13224023547088765,0.8319062942234825,54.97020145309054,,,,,,,,,3.1921676126894916,14.51969438321592,-7.25984719160796,0
2021-08-20,24.22,24.48,23.66,24.01,23.057499999999997,25.374160311741797,20.7408396882582,70.18369517532746,75.41456989696256,0,0,,,,22.704355555555555,22.931399111111112,22.477311999999998,,0.07919636530362428,4.130976905562189,5.760054032625139,0,53.98628526916572,53.6139898604659,,,,,0.22369359404464784,0.41185722802669744,0.1881636339820496,0.7839886834824245,53.98628526916572,53.98628526916572,,53.98628526916572,,,,,,3.7765023646920004,14.679299605324822,-7.339649802662411,0
2021-08-23,24.02,24.93,23.9,24.82,23.191999999999997,25.588619285577128,20.795380714422866,73.77905803090734,72.67569051199042,0,0,,,,22.772444444444446,23.00016888888889,22.54472,,2.646815550041337,7.019661952397405,9.028611591062162,0,58.324309946579056,54.51181796974455,,,,,0.21888228112484054,0.4617664853881003,0.24288420426325974,0.7789584440202257,58.324309946579056,,,,,,,,,3.7131505501068087,14.827232179535025,-7.413616089767513,0
2021-08-24,25,25.35,24.76,25.1,23.362999999999992,25.791514772448565,20.93448522755142,73.4128619346686,72.45853838030112,0,0,,,,22.841955555555554,23.070375111111108,22.613536,,2.8772850233625524,7.434832855369633,9.832407123791187,0,59.73738238242018,55.470069882673876,,,,,0.22004708947613028,0.5179430661084226,0.2978959766322923,0.7721922345323416,59.73738238242018,,,,,,,,,5.344321659176095,15.024507494377588,-7.512253747188794,0
2021-08-25,25.12,25.19,24.07,24.35,23.452499999999993,25.887970180478636,21.01702981952135,69.09227859275865,72.09473285277818,0,0,,,,22.909288888888888,23.138381777777777,22.680196,,-1.0082120497601599,3.8268841274917698,6.118713501263828,0,54.415199804133145,55.89615176379464,,,,,0.15866282812484772,0.4962245117883519,0.3375616836635042,0.6984820070689034,54.415199804133145,,,,,,,,,5.9692338341864355,15.233461053236278,-7.616730526618139,0
2021-08-26,24.4,25.41,24.36,24.87,23.586999999999996,26.023629639481534,21.15037036051846,71.2038657070933,71.23633541150684,0,0,,,,22.97968888888889,23.20948577777778,22.749892000000003,,1.114002276792947,5.439436977996381,7.852207349157259,0,57.25848397068196,56.939246895971316,,,,,0.14197869444250366,0.5150350517166338,0.3730563572741301,0.6201919772800447,57.25848397068196,,,,,,,,,6.093141671744415,15.434768334969474,-7.717384167484737,0
2021-08-27,25.05,26.09,24.91,25.71,23.786999999999995,26.231169388565412,21.34283061143458,78.41695773031344,72.90436734338846,0,0,,,,23.049955555555556,23.280455111111113,22.819456,,4.186084207966934,8.084247698322633,10.79986209274264,0,61.442294588241566,57.58646335230916,,,,,0.17428439891220382,0.5909118559143849,0.41662745700218107,0.6205419682117095,61.442294588241566,,,,,,,,,6.972765063516093,15.65699265667569,-7.828496328337845,0
2021-08-30,25.74,26.6,25.62,25.76,23.96999999999999,26.429544673308627,21.510455326691357,78.85832769319055,76.15971704353241,0,0,,,,23.12,23.351200000000002,22.8888,,3.858404225295309,7.467667918231169,10.346403175600427,0,61.68272649240373,58.25700019392049,,,,,0.1847892826185934,0.6476140602754228,0.4628247776568294,0.5990703523999356,61.68272649240373,,,,,,,,,8.97978435778108,15.944919571494655,-7.972459785747327,0
2021-08-31,25.79,26.36,25.66,26.34,24.174999999999994,26.70601955741164,21.643980442588347,83.29347888069101,80.18958810139831,0,0,,,,23.192622222222223,23.424548444444444,22.960696000000002,,5.191693290734789,8.955532574974168,12.16465578424415,0,64.45183973834457,59.46751505243417,,,,,0.21448134052948098,0.7309264533186806,0.5164451127891996,0.5861554509400472,64.45183973834457,,,,,,,,,11.012705776796679,16.301562772704823,-8.150781386352412,0
2021-09-01,26.46,26.51,26.03,26.2,24.369999999999997,26.89407606858425,21.845923931415744,82.13427982473934,81.42869546620695,0,0,,,,23.264844444444446,23.49749288888889,23.032196000000003,,4.249562310997912,7.509232663110388,10.98873167838683,0,63.26338332705845,59.448109556558414,,,,,0.2082054764660255,0.7767019583717314,0.5684964819057059,0.7214683703474198,63.26338332705845,,,,,,,,,11.67503035758319,16.665014108156672,-8.332507054078336,0
2021-09-02,26.21,26.87,26.09,26.51,24.569499999999994,27.10784178155746,22.031158218442528,82.8139150788418,82.74722459475737,0,0,,,,23.33871111111111,23.57209822222222,23.105324,,4.505854062364478,7.898003622377359,11.602256462069537,0,64.81069216206019,59.53585820897212,,,,,0.207958013209519,0.8284439984176046,0.6204859852080856,0.8322939899783054,64.81069216206019,,,,,,,,,12.708282154976226,17.05122385636552,-8.52561192818276,0
2021-09-03,26.49,26.75,26.22,26.64,24.810499999999994,27.167680307061868,22.45331969293812,84.59349474334182,83.18056321564097,0,0,,,,23.415022222222223,23.649172444444446,23.180872,,3.9406944986343895,7.373894117409985,11.394522266360019,0,65.46755029046011,59.91014625176882,,,,,0.19954084935723604,0.8699120469046306,0.6703711975473946,0.8753863350771958,65.46755029046011,,,,,,,,,13.118052450009165,17.431466981745388,-8.715733490872694,0
2021-09-07,26.79,26.88,26.2701,26.7,24.998999999999995,27.32729465489227,22.67070534510772,86.45826592376828,84.62189191531729,0,0,,,,23.492177777777776,23.727099555555554,23.257255999999998,,3.4162212409946324,6.80427217088686,10.938755159136848,0,65.78499641199883,60.60831282031029,,,,,0.1815222866568733,0.8972740558684862,0.7157517692116129,0.8735158902831439,65.78499641199883,,,,,65.78499641199883,,65.78499641199883,,13.776318869631055,17.816844612676775,-8.908422306338387,0
2021-09-08,26.6,26.61,24.96,25.58,25.131999999999994,27.26583785700791,22.99816214299208,72.0049170888396,81.01889258531656,0,1,,,,23.561822222222222,23.797440444444444,23.326204,,-1.10569860047941,1.78258793569952,5.714128278598163,0,55.52429308148137,60.0799742084371,,,,,0.0827117466852384,0.8191414525681608,0.7364297058829224,0.8630897013890191,55.52429308148137,55.52429308148137,,55.52429308148137,,,,,,12.407372628051938,18.123886952875523,-9.061943476437762,0
2021-09-09,25.39,26.24,25.29,26.13,25.32099999999999,27.07076455559046,23.57123544440952,71.72707604384989,76.73008635215258,0,0,,,,23.6348,23.871147999999998,23.398452,,0.33021041314695854,3.194976501717983,7.458635485064913,0,58.91336078126765,60.36162844616404,,,,,0.04482915411659616,0.7924661485286677,0.7476369944120715,0.8102755697337259,58.91336078126765,,,,,,,,,11.72497405036158,18.388326329726066,-9.194163164863033,0
2021-09-10,26.18,26.73,26.17,26.28,25.390499999999992,27.176316059957042,23.604683940042943,72.4703804691787,72.0674578672894,0,0,,,,23.709066666666665,23.946157333333332,23.471975999999998,,0.36280313156387134,3.50327878537251,7.471475892528523,0,59.81277278600259,60.777806125938106,,,,,0.02149164647281998,0.7745015525030965,0.7530099060302765,0.7486648159092733,59.81277278600259,,,,,,,,,11.204325840537999,18.62023823292457,-9.310119116462285,0
2021-09-13,26.15,26.239,25.03,25.83,25.43699999999999,27.217731310445554,23.656268689554427,61.995170602229436,68.730875705086,0,0,,,,23.782666666666668,24.020493333333334,23.54484,,-1.4009237698973331,1.5449935133860393,5.041276382318238,0,55.862013369538495,60.60192779900664,,,,,-0.02984547511130231,0.7157030621411486,0.745548537252451,0.6224535561605972,55.862013369538495,,,,,,,,,11.653768684018678,18.8550663811486,-9.4275331905743,0
2021-09-14,25.97,26.7,25.9,26.26,25.524999999999995,27.285653287845207,23.764346712154783,65.12301342399743,66.52952149846853,0,0,,,,23.85848888888889,24.09707377777778,23.619904,,0.04952947003464825,2.8795298726738805,6.191111650289138,0,58.67119682607386,60.52577168783905,,,,,-0.03981346749211889,0.6957817028873023,0.7355951703794212,0.5647824993483979,58.67119682607386,,,,,,,,,11.903611884700204,19.08591065295401,-9.542955326477005,0
2021-09-15,26.3,27.15,26.03,27.08,25.680499999999995,27.41346826283699,23.947531737163,74.80407348473081,67.30741917031922,0,0,,,,23.935822222222225,24.175180444444447,23.696464000000002,,2.8836290414497423,5.449660248048138,8.797257302031557,0,63.44869520543381,61.171021359360516,,,,,0.0016500793251491563,0.7376577695358577,0.7360076902107086,0.5280226959347122,63.44869520543381,,,,,,,,,13.075062270625642,19.344260621054058,-9.672130310527029,0
2021-09-16,27.2,28.79,27.02,28.63,25.847999999999992,27.992477558754373,23.70352244124561,81.94590296615713,73.95766329162846,0,0,,,,24.020888888888887,24.261097777777778,23.780679999999997,,7.777443156151165,10.76292169606936,14.057686178689055,0,70.41135695326618,62.11051228668796,,,,,0.11975946460019626,0.8857070209609539,0.7659475563607576,0.5445447696033012,70.41135695326618,,,,,,,,,16.930336029099518,19.731555675447932,-9.865777837723966,0
2021-09-17,28.66,29.29,28.07,28.71,26.075499999999995,28.412185473058106,23.738814526941884,85.04454877881497,80.59817507656763,0,0,,,,24.104266666666668,24.345309333333333,23.863224000000002,,7.1908602150537515,10.1033537228433,13.44388393503948,0,70.7213602276236,62.773302689500966,,,,,0.18563256554467633,0.9979882632916031,0.8123556977469267,0.6261459744877607,70.7213602276236,,,,,70.7213602276236,,70.7213602276236,,20.02454966093223,20.224788439164797,-10.112394219582399,0
2021-09-20,27.57,28.0999,26.06,26.55,26.202499999999993,28.344311149471633,24.060688850528354,68.62616172746125,78.53887115747777,0,1,,,,24.1736,24.415336,23.931864,,-0.8403361344538007,1.3262093311707135,4.259385308131325,0,54.20748676807696,62.239356994906196,,,,,0.07193713753605402,0.9022771196669943,0.8303399821309403,0.510627998579755,54.20748676807696,54.20748676807696,,54.20748676807696,,,,,,18.845077472026247,20.640401968074936,-10.320200984037468,0
2021-09-21,26.89,27.149,26.08,26.62,26.292499999999997,28.343732556293773,24.24126744370622,62.435343978464786,72.03535149491366,0,0,,,,24.24368888888889,24.48612577777778,24.001252,,-0.5491836963425367,1.245602358086928,4.031785318830217,0,54.57765307788715,61.534057947730666,,,,,-0.006198832365313711,0.8225914416742981,0.8287902740396118,0.45594801776138194,54.57765307788715,,,,,,,,,15.65892924789461,20.917163316791203,-10.458581658395602,0
2021-09-22,26.61,27.77,26.5822,27.43,26.409,28.440658435859547,24.37734156414045,63.96074075351346,65.00741548647983,0,0,,,,24.317822222222222,24.561000444444446,24.074644,,1.7735233006826778,3.8661062516566425,6.571176958143399,0,58.73447523617709,61.21056451266771,,,,,-0.010711606552507469,0.8154007658489775,0.8261123724014849,0.47343027691517525,58.73447523617709,,,,,,,,,13.672785955020402,21.117506314380083,-10.558753157190042,0
2021-09-23,27.71,29.19,27.67,28.77,26.629999999999995,28.679204723789184,24.580795276210807,71.59632673697426,65.99747048965082,0,0,,,,24.400666666666666,24.644673333333333,24.15666,,5.709876543209846,8.036049568156223,10.85566030465721,0,64.51928063465701,61.189749403567475,,,,,0.06500555483694725,0.907369315947669,0.8423637611107218,0.6012776468720427,64.51928063465701,,,,,,,,,16.584334314851795,21.399265329974515,-10.699632664987258,0
2021-09-24,28.27,28.76,27.9014,28.56,26.8145,28.86109204532787,24.76790795467213,72.35047328955157,69.30251359334642,0,0,,,,24.480755555555557,24.725563111111114,24.235948,,4.066462614779165,6.509537750097905,9.530201342281908,0,63.0280848334964,61.01550187092721,,,,,0.08797452709086717,0.9523319199743057,0.8643573928834385,0.6924208877479485,63.0280848334964,,,,,,,,,19.075520869350388,21.752494921101714,-10.876247460550857,0
2021-09-27,28.23,28.38,27.23,27.47,26.902499999999996,28.902378746324377,24.902621253675616,66.03192705922285,69.99290902858287,0,0,,,,24.55617777777778,24.801739555555557,24.310616000000003,,-0.49985511445959085,2.1094693801691378,5.004969292321837,0,55.81695694301269,60.303499051713914,,,,,0.02031782891469569,0.889754679026808,0.8694368501121124,0.6879066238656935,55.81695694301269,,,,,,,,,18.898168785217024,22.081350776788124,-11.040675388394062,0
2021-09-28,27.02,27.13,25.21,25.34,26.881499999999996,28.936973424785545,24.826026575214446,49.792048131857086,62.72481616021048,0,0,,,,24.621155555555557,24.86736711111111,24.374944000000003,,-7.908126181131003,-5.734427022301569,-3.240587531502148,0,44.98564974608507,59.55073881347132,,,,,-0.16701128667261833,0.6606727417713394,0.8276840284439577,0.30388202764018746,44.98564974608507,,,,,,,,,13.91127671263,22.242757195086483,-11.121378597543242,0
2021-09-29,25.61,25.7,24.42,24.52,26.790499999999998,29.081469008956525,24.49953099104347,35.099893434265034,50.3079562084483,0,0,,,,24.677333333333333,24.924106666666667,24.43056,,-10.051357300073393,-8.47501912991545,-6.437211432060108,0,41.635976783803606,58.316639956509604,,,,,-0.33554686116108867,0.4082504519925969,0.7437973131536856,-0.06937196716471616,41.635976783803606,,,,,,,,,8.126835620972509,22.268487492235575,-11.134243746117788,0
2021-09-30,24.69,25.05,23.88,24.04,26.682499999999997,29.260327573752583,24.10467242624741,28.34597771070915,37.74597309227707,0,0,,,,24.72271111111111,24.969938222222222,24.475483999999998,,-10.301854408417622,-9.90349479996252,-8.123877345631014,0,39.76922076565206,56.88495766934171,,,,,-0.46100531000493894,0.16754067564751196,0.6285459856524509,-0.35323303497711533,39.76922076565206,,,,,,,,,3.2592335314275864,22.22210923705308,-11.11105461852654,0
2021-10-01,24.21,24.36,23.72,24.33,26.573499999999996,29.348129885227916,23.798870114772075,27.761129833172745,30.402333659382283,0,0,,,,24.765644444444444,25.01330088888889,24.517988,,-7.711565451579894,-8.442621408546103,-7.035687902794374,0,41.47644644633704,55.85741717482732,,,,,-0.5026967863458053,0.00017500272019432828,0.5028717890659996,-0.5908251277566241,41.47644644633704,,,,,,,,,1.812026314301525,22.161579916526115,-11.080789958263058,0
2021-10-04,24.01,24.05,23.02,23.17,26.399999999999995,29.545479295751228,23.254520704248762,22.698089804112488,26.268399115998104,0,0,,,,24.806399999999996,25.054463999999996,24.558335999999997,,-10.97022094140251,-12.23484848484846,-11.373199030983006,0,36.963221846816765,54.30684753345181,,,,,-0.5810890759504734,-0.22348955587209218,0.35759952007838125,-0.768964975881601,36.963221846816765,36.963221846816765,,36.963221846816765,,,,,,-0.09258630583481116,22.087512775825815,-11.043756387912907,0
2021-10-05,23.21,23.88,23.07,23.21,26.225499999999993,29.6590781627917,22.791921837208285,21.95185092736152,24.137023521548894,0,0,,,,24.83862222222222,25.087008444444443,24.590235999999997,,-9.632456003737744,-11.498350841737981,-11.03757554076321,0,37.216918489185886,52.433149196576956,,,,,-0.6004696548102718,-0.3929875484344585,0.2074821063758133,-0.8531395130142782,37.216918489185886,,,,,,,,,-1.258225719922012,22.008236792471635,-11.004118396235818,0
2021-10-06,24.91,25.01,23.35,23.58,26.125499999999995,29.740172737607008,22.510827262392983,23.56098557874842,22.73697543674078,0,0,,,,24.87862222222222,25.12740844444444,24.629835999999997,,-6.794734969761684,-9.743354194178089,-9.44352701716652,0,39.63693543922141,50.234976231288044,,,,,-0.5594184537876228,-0.4917909608587152,0.06762749292890757,-0.8509488370164848,39.63693543922141,,,,,,,,,-2.298515748761021,21.92617137600258,-10.96308568800129,0
2021-10-07,23.71,24.13,23.54,23.73,26.005499999999994,29.767937906464333,22.243062093535656,23.001381585001873,22.838072697037244,0,0,,,,24.913866666666667,25.163005333333334,24.664728,,-4.295220810647338,-8.750072100132645,-8.79508039203123,0,40.635953851133856,48.086018632967345,,,,,-0.4954066139092683,-0.5516307744576778,-0.05622416054840951,-0.8254252538352284,40.635953851133856,,,,,,,,,-1.5079895117806001,21.847609594441852,-10.923804797220926,0
2021-10-08,23.86,24.0955,23.11,23.5,25.866499999999995,29.780461037107976,21.952538962892014,25.75705586887699,24.106474344209072,0,0,,,,24.94751111111111,25.19698622222222,24.698036,,-3.248384042159036,-9.148899155278045,-9.52026489386274,0,39.55495709631134,47.03940937069837,,,,,-0.443480677205779,-0.6105750070556333,-0.16709432984985428,-0.8561746492982103,39.55495709631134,,,,,,,,,-1.1003131346148944,21.771538955145736,-10.885769477572868,0
2021-10-11,23.26,23.98,23.26,23.53,25.751499999999993,29.795974131453914,21.707025868546072,26.71974654046432,25.159394664781036,0,0,,,,24.972755555555555,25.22248311111111,24.723028,,-1.5275162167817657,-8.626681940857782,-9.150579150579109,0,39.779983202939235,45.98243295105924,,,,,-0.38424861911212416,-0.6474051037400095,-0.2631564846278853,-0.8653711947023404,39.779983202939235,,,,,,,,,-1.1419504185892768,21.69607130909702,-10.84803565454851,0
2021-10-12,23.55,23.81,23.29,23.69,25.622999999999998,29.757000967585622,21.488999032414373,27.804316058639273,26.760372822660173,0,0,,,,24.99848888888889,25.24847377777778,24.748504,,-0.1685630004214289,-7.544003434414382,-8.288490573342056,0,41.040672735086666,44.71858991526706,,,,,-0.3143701914110519,-0.6561192238917002,-0.3417490324806483,-0.8239968244955767,41.040672735086666,,,,,,,,,-1.1751349098158632,21.621237042761173,-10.810618521380587,0
2021-10-13,23.83,24.31,23.79,24.13,25.475499999999993,29.601536718207917,21.34946328179207,31.133301651911857,28.55245475033846,0,0,,,,25.02137777777778,25.271591555555556,24.771164000000002,,1.8530243552403514,-5.281545013836797,-6.317941815922945,0,44.48269016578035,43.28740488177586,,,,,-0.22289650901750035,-0.6203696687525238,-0.3974731597350234,-0.7199158362213721,44.48269016578035,,,,,,,,,-0.2784752350684366,21.551388258436106,-10.775694129218053,0
2021-10-14,24.43,24.71,24.205,24.35,25.26149999999999,29.147908496285588,21.375091503714394,35.03775212069073,31.325123277080596,0,0,,,,25.048933333333334,25.29942266666667,24.798444,,2.647331590928248,-3.6082576252399523,-5.236940080688013,0,46.17469550387662,42.0835913582316,,,,,-0.1362144007449741,-0.567741160666241,-0.43152675992126693,-0.5552193937820158,46.17469550387662,,,,,46.17469550387662,,46.17469550387662,,0.8364898540191908,21.488901627200594,-10.744450813600297,0
2021-10-15,24.5,24.52,23.83,24,25.02599999999999,28.60680661304133,21.44519338695865,36.28122031471494,34.15075802910582,0,0,,,,25.06208888888889,25.31270977777778,24.811468,,1.3128456245514508,-4.099736274274712,-6.293924722786148,0,43.88328704116718,41.231186365242635,,,,,-0.09314518585776327,-0.547958242243471,-0.45481305638570774,-0.31864870882341795,43.88328704116718,,,,,,,,,1.2211223793024437,21.429578365606716,-10.714789182803358,0
2021-10-18,24,24.39,23.92,24.26,24.911499999999993,28.436066781889657,21.38693321811033,40.08551640064783,37.13482961201782,0,0,,,,25.064044444444445,25.31468488888889,24.813404,,1.9413396083704182,-2.615258013367283,-4.984464346327533,0,46.026043031877094,41.30550017137064,,,,,-0.04052837538652809,-0.5054735256188678,-0.46494515023233973,0.10816967485891273,46.026043031877094,,,,,,,,,1.3399868939196675,21.371533113540455,-10.685766556770227,0
2021-10-19,24.5,25.2,24.36,24.69,24.81499999999999,28.25176301190533,21.378236988094653,49.76624545747559,42.0443273909461,0,0,,,,25.044666666666668,25.295113333333333,24.794220000000003,,3.1069907291405574,-0.5037275841224598,-3.0459311229497965,0,49.46296774909437,41.8645709546057,,,,,0.026255798093607396,-0.4321254026153305,-0.4583812007089379,0.5208695526896711,49.46296774909437,,,,,,,,,1.750865541331085,21.316958668682243,-10.658479334341122,0
2021-10-20,24.79,24.96,24.17,24.22,24.65449999999999,27.881179252730394,21.42782074726959,54.21455998002438,48.02210727938259,0,0,,,,25.029377777777775,25.279671555555552,24.779083999999997,,0.8746355685130824,-1.762355756555567,-4.7219417526651375,0,46.01399481765653,42.310626244034594,,,,,0.040923123800092276,-0.40722729595882257,-0.44815041975891484,0.6521878086525461,46.01399481765653,,,,,,,,,2.001851983574977,21.26467303598298,-10.63233651799149,0
2021-10-21,24.13,24.93,24.08,24.78,24.45499999999999,27.075675485442645,21.834324514557338,60.51023572298293,54.83034705349428,0,0,,,,25.019022222222222,25.269212444444445,24.768832,,2.757619738751793,1.3289715804539304,-2.346110395922496,0,50.4475264040702,42.95141766958697,,,,,0.08779465519819285,-0.33840710076117375,-0.4262017559593666,0.9230523639855137,50.4475264040702,,,,,,,,,2.686280478403052,21.218383925294106,-10.609191962647053,0
2021-10-22,24.49,24.85,24.25,24.43,24.248499999999993,26.07258634664043,22.424413653359554,61.196633804474814,58.64047650249402,0,0,,,,25.01351111111111,25.26364622222222,24.763376,,0.9170522141440651,0.7484999072107756,-3.490867910614781,0,47.80507321093156,43.725835624166585,,,,,0.09411989984493063,-0.3085518811532033,-0.40267178099813394,0.8972026333778937,47.80507321093156,,,,,,,,,2.3003450413364526,21.168976585385305,-10.584488292692653,0
2021-10-25,24.5,25.54,24.48,25.41,24.14549999999999,25.361665695947995,22.929334304051988,70.48438346163955,64.06375099636574,0,0,,,,25.0264,25.276664,24.776135999999997,,4.156419085095875,5.237000683357196,0.43610587754785435,0,54.92458021464576,44.990668604556575,,,,,0.1593629122789199,-0.20346814064948404,-0.36283105292840395,0.8818574593983501,54.92458021464576,,,,,,,,,3.9363956615473312,21.134801587298114,-10.567400793649057,0
2021-10-26,25.99,26.75,25.25,25.52,24.154499999999995,25.407982748185997,22.901017251813993,73.97686574100622,68.55262766904018,0,0,,,,25.033022222222222,25.283352444444443,24.782692,,3.8284714593758595,5.653190916806405,0.9693372898121222,0,55.655736748695794,46.134868698090465,,,,,0.2022297057801049,-0.11004392070327285,-0.31227362648337775,0.8993306185860592,55.655736748695794,,,,,,,,,4.9320803556317285,21.111216990119555,-10.555608495059777,0
2021-10-27,25.64,25.9,25.02,25.06,24.181499999999993,25.48747511461758,22.875524885382404,71.77673103678737,72.0793267464777,0,0,,,,25.038399999999996,25.288783999999996,24.788015999999995,,1.5726329442282472,3.632942538717643,-0.5858006162145823,0,51.866860860660516,46.93707634162808,,,,,0.19198737982185277,-0.0722894017060618,-0.26427678152791456,0.9071971325333085,51.866860860660516,,,,,,,,,5.764809456883818,21.097082462291446,-10.548541231145723,0
2021-10-28,25.3,25.795,25.12,25.64,24.261499999999995,25.711124434120812,22.811875565879177,76.23438150287005,73.9959927602212,0,0,,,,25.023733333333332,25.273970666666667,24.773495999999998,,3.3829281077375706,5.681841600890336,2.1188465827625347,0,55.93974705013819,48.107418481187146,,,,,0.21492699862912126,0.00438196675848701,-0.21054503187063425,0.9112208150810338,55.93974705013819,,,,,,,,,6.037641804532072,21.0857060296038,-10.5428530148019,0
2021-10-29,25.5,26.12,25.45,25.88,24.338999999999995,25.951561936794956,22.726438063205034,78.22803366239897,75.41304873401879,0,0,,,,25.01168888888889,25.26180577777778,24.761572,,3.5655688502940874,6.331402276182274,3.4634399861409593,0,57.540772047439454,49.3760462557943,,,,,0.23527401704738254,0.08354748943859391,-0.15172652760878863,0.9124943484976318,57.540772047439454,,,,,,,,,6.489085957135263,21.079371364004558,-10.539685682002279,0
2021-11-01,26.11,26.645,25.8828,26.56,24.508499999999994,26.29698846795264,22.720011532047348,81.47642750792508,78.64628089106469,0,0,,,,25.011377777777774,25.26149155555555,24.761263999999997,,5.3174194060033875,8.370565314074717,6.180538898217036,0,61.778571455718854,50.85732473583946,,,,,0.2804729544453707,0.1988646654479247,-0.08160828899744596,0.9048643301705421,61.778571455718854,,,,,61.778571455718854,,61.778571455718854,,8.482846794059649,21.1002365771276,-10.5501182885638,0
2021-11-02,26.56,26.72,25.555,25.92,24.644,26.42907590874992,22.858924091250078,77.2901509195604,78.99820402996147,0,0,,,,25.0064,25.256464,24.756335999999997,,2.280798674137774,5.177730887842902,3.718721656085,0,56.102993630031385,51.68734641185739,,,,,0.2540006193757238,0.23589248522220885,-0.01810813415351499,0.909530077339085,56.102993630031385,,,,,,,,,8.75402944820519,21.123711923617627,-10.561855961808813,0
2021-11-03,25.89,26.235,25.17,26.12,24.770999999999994,26.59617834744988,22.94582165255011,76.01440785677875,78.2603287614214,0,0,,,,25.0016,25.251616,24.751584,,2.30299232335891,5.445884300189774,4.701968172525817,0,57.41948447071005,52.49054562377406,,,,,0.23702176159069968,0.2781690678348596,0.04114730624415993,0.9246781940779526,57.41948447071005,,,,,,,,,8.889689022668765,21.147676025889805,-10.573838012944902,0
2021-11-04,26.26,26.57,25.87,26.47,24.907999999999994,26.809784425217604,23.006215574782384,79.20905400525545,77.50453759386485,0,0,,,,24.99817777777778,25.248159555555556,24.748196000000004,,2.992101474650788,6.271077565440852,6.432027449035704,0,59.697405555537074,53.62012551765763,,,,,0.23591572026319013,0.3360419565731476,0.10012623630995748,0.9232255081066916,59.697405555537074,,,,,,,,,8.533954222431406,21.164745705635873,-10.582372852817937,0
2021-11-05,26.45,26.63,25.72,26,25.032999999999994,26.875900974008196,23.190099025991792,72.08544548073326,75.76963578092246,0,0,,,,24.996266666666667,25.246229333333336,24.746304,,0.5491530667491418,3.8629009707186857,4.9021585636474185,0,55.41058786744555,54.29045014876966,,,,,0.1919482493199242,0.34006154795986276,0.14811329863993855,0.8859907152672846,55.41058786744555,,,,,,,,,8.300472489861436,21.177086706713904,-10.588543353356952,0
2021-11-08,26.25,27.11,26.12,26.75,25.193999999999996,27.046138223783686,23.341861776216305,78.74218262108704,76.6788940356919,0,0,,,,24.999955555555555,25.24995511111111,24.749956,,2.9162819329024314,6.176073668333748,8.032793505916613,0,60.308642233340905,55.0651411833587,,,,,0.20084097310723864,0.39916451502398687,0.19832354191674822,0.9017293530577365,60.308642233340905,,,,,,,,,8.682041399505875,21.19363761631739,-10.596818808158694,0
2021-11-09,25.9,25.98,23.95,24.25,25.221999999999998,26.997698172550724,23.446301827449272,52.609355741596005,67.8123279478054,0,0,,,,24.98671111111111,25.23657822222222,24.736843999999998,,-6.243959017977973,-3.8537784473871906,-1.9198101760724562,0,43.25290308140342,54.867920345054905,,,,,0.03453410699299719,0.24149117565799472,0.20695706866499752,0.4440137774232699,43.25290308140342,,,,,,,,,5.094309204023138,21.165355537001,-10.5826777685005,0
2021-11-10,23.6,23.64,22.12,22.52,25.141499999999997,27.22688989160305,23.056110108396943,38.856572224475606,56.736036862386186,0,0,,,,24.971377777777775,25.221091555555553,24.721663999999997,,-12.069032837452664,-10.42698327466538,-8.670613999513321,0,35.72385472105661,53.816229510553924,,,,,-0.18380549623643905,-0.022799801630551286,0.16100569460588776,-0.12869231576961793,35.72385472105661,35.72385472105661,,35.72385472105661,,,,,,-0.1089953075677516,21.102096203448337,-10.551048101724168,0
2021-11-11,23.04,23.1299,22.665,22.99,25.073499999999996,27.338638185630156,22.808361814369835,37.07542741742549,42.84711846116567,0,0,,,,24.946844444444444,25.19631288888889,24.697376,,-9.295352323838102,-8.309569864598076,-6.632010721682946,0,38.83871017881895,53.175775008260175,,,,,-0.28249469795285975,-0.19211267783518693,0.09038202011767282,-0.4558905840199776,38.83871017881895,,,,,,,,,-5.528723021260643,21.038240071990604,-10.519120035995302,0
2021-11-12,23.02,23.225,22.38,22.83,25.014999999999993,27.442620233891724,22.587379766108263,31.29960776642507,35.743869136108685,0,0,,,,24.92368888888889,25.172925777777778,24.674452000000002,,-8.8295195878759,-8.734759144513271,-7.093151019411515,0,38.16073834471247,51.97835773183636,,,,,-0.3405771606299453,-0.3353394306697588,0.005237729960186496,-0.6079116089962028,38.16073834471247,,,,,,,,,-7.619089200463524,20.983943885883928,-10.491971942941964,0
2021-11-15,23,23.52,22.95,23.41,24.972499999999997,27.479951893855507,22.465048106144486,32.686477372125545,33.687170851992,0,0,,,,24.90022222222222,25.149224444444442,24.651219999999995,,-5.322332767127724,-6.256882570827893,-4.763841991782236,0,42.10597697446115,51.01051774796247,,,,,-0.3221620118243612,-0.39746478482026504,-0.07530277299590382,-0.6882901468255468,42.10597697446115,,,,,,,,,-6.539718861283841,20.924794972015707,-10.462397486007854,0
2021-11-16,23.29,23.29,22.61,23.13,24.894499999999997,27.526225479604516,22.262774520395478,31.9912670341279,31.992450724226135,0,0,,,,24.879688888888886,25.128485777777776,24.630891999999996,,-5.387164069210948,-7.087910984353963,-5.892723943852962,0,40.75422702252253,50.21675818809546,,,,,-0.31091391316799716,-0.4639451644559003,-0.15303125128790313,-0.7920017390816909,40.75422702252253,,,,,,,,,-6.440298764485223,20.865725060091997,-10.432862530045998,0
2021-11-17,23.05,23.2189,22.4,22.49,24.807999999999996,27.629592458169626,21.986407541830367,27.79359719914224,30.82378053513186,0,0,,,,24.865733333333335,25.11439066666667,24.617076,,-6.618501909981733,-9.34376007739438,-8.361176758210387,0,37.76952637979881,48.918885283071226,,,,,-0.3270133498893299,-0.5617979386495655,-0.2347845887602356,-0.851119308609985,37.76952637979881,,,,,,,,,-6.990160148181676,20.809527758467016,-10.404763879233508,0
2021-11-18,22.5,22.55,21.342,21.5,24.644,27.81294556595713,21.475054434042868,21.54537675653113,27.110080329933723,0,0,,,,24.85168888888889,25.10020577777778,24.603172,,-8.848094289227115,-12.757669209543899,-12.128932059997533,0,33.662610438751585,47.2133023110221,,,,,-0.38100058566339423,-0.7110353208394784,-0.33003473517608417,-0.8936369140734237,33.662610438751585,,,,,,,,,-9.614466556635492,20.769976146315518,-10.384988073157759,0
2021-11-19,21.6,21.96,21.3,21.41,24.493,27.96194854386733,21.024051456132668,18.924518912352653,22.754497622675306,0,0,,,,24.835288888888886,25.083641777777775,24.586935999999998,,-7.428225527499133,-12.587269832196945,-12.246905484056047,0,33.30802963862595,45.17969218122975,,,,,-0.39760078492699674,-0.8270357163348301,-0.42943493140783334,-0.9003215454044735,33.30802963862595,,,,,,,,,-11.966145859738338,20.7517903752616,-10.3758951876308,0
2021-11-22,21.53,21.57,20.18,20.65,24.254999999999995,28.075023560136763,20.434976439863227,16.323279624411903,18.93105843109853,0,0,,,,24.8224,25.070624,24.574175999999998,,-8.295585753619338,-14.862914862914856,-15.027569747345893,0,30.396343650529857,43.343502896979636,,,,,-0.4317489262797891,-0.9691210892575697,-0.5373721629777806,-0.9182903288751555,30.396343650529857,,,,,,,,,-14.434655372097687,20.76226065041778,-10.38113032520889,0
2021-11-23,20.59,21.05,20.05,20.59,24.008499999999994,28.097012076538377,19.919987923461612,14.99741493218961,16.748404489651353,0,0,,,,24.81004444444444,25.058144888888883,24.561943999999997,,-7.051282051282037,-14.238707124560035,-14.91266736459308,0,30.172098298819392,41.397261027558876,,,,,-0.42944926796792904,-1.074183747937692,-0.6447344799697629,-0.9200454882220498,30.172098298819392,30.172098298819392,,30.172098298819392,,,,,,-15.642116538164265,20.788274433181655,-10.394137216590828,0
2021-11-24,20.35,21.2,20.06,21.11,23.810999999999996,28.055883508413352,19.56611649158664,17.6533763319251,16.324690296175504,1,0,,,,24.79453333333333,25.042478666666664,24.546587999999996,,-4.0934078415337805,-11.343496703204393,-12.399369242260772,0,34.67040289896832,39.6096179806611,,,,,-0.36643234006159875,-1.1027749050467612,-0.7363425649851625,-0.8946288132113982,34.67040289896832,,,,,,,,,-16.020341930844086,20.81833303653117,-10.409166518265584,0
2021-11-26,20.41,21.09,20.3485,21.03,23.580499999999997,27.903029236454003,19.25797076354599,17.76827386915878,16.80635504442446,0,0,,,,24.783377777777776,25.031211555555554,24.535543999999998,,-3.598441439376565,-10.816140455036983,-12.328729051443798,0,34.30426948067037,38.10202381017716,,,,,-0.3061178802197807,-1.1189899152598883,-0.8128720350401076,-0.862040608499745,34.30426948067037,,,,,,,,,-15.525100810059003,20.839848186493125,-10.419924093246562,0
2021-11-29,21.19,21.4,20.56,21.07,23.339999999999996,27.659245304448426,19.020754695551567,22.215330346114293,19.21232684906602,0,0,,,,24.765911111111112,25.013570222222224,24.518252,,-2.6295115301076755,-9.725792630676933,-11.80287153441515,0,34.675727510688844,36.27110132998772,,,,,-0.24230323442669477,-1.115751078073476,-0.8734478436467813,-0.8752670397306614,34.675727510688844,,,,,34.675727510688844,,34.675727510688844,,-14.90579792128589,20.85179860944851,-10.425899304724256,0
2021-11-30,20.95,21.25,20.11,20.65,23.044499999999996,27.249275737182717,18.839724262817274,22.230510508793813,20.738038241355593,0,0,,,,24.74568888888889,24.993145777777777,24.498232,,-3.3375462247811516,-10.390765692464566,-13.123352218544904,0,32.591924807498614,35.50960288185167,,,,,-0.20844387634236772,-1.134002689074741,-0.9255588127323733,-0.8575413604119493,32.591924807498614,,,,,,,,,-15.52033950528495,20.870839906769085,-10.435419953384542,0
2021-12-01,20.53,20.89,19.29,19.38,22.717499999999994,26.993530285206177,18.44146971479381,16.598703685853636,20.34818151358721,0,0,,,,24.716577777777776,24.963743555555553,24.469412,,-7.661520869068028,-14.69131726642454,-17.854670302499397,0,27.257823039605327,34.90488633317658,,,,,-0.2489048042512133,-1.2366898180463899,-0.9877850137951766,-0.9022525522986917,27.257823039605327,27.257823039605327,,27.257823039605327,,,,,,-17.673240989579273,20.920090725500472,-10.460045362750236,0
2021-12-02,19.3,19.91,19.06,19.69,22.395999999999994,26.565980335685055,18.226019664314933,18.486553963530927,19.10525605272609,0,0,,,,24.687733333333334,24.934610666666668,24.440856,,-4.915974502607678,-12.08251473477404,-16.00307149763949,0,30.25827467591418,34.291998082969094,,,,,-0.2324280056688186,-1.2783200208811998,-1.0458920152123812,-0.9094951893808677,30.25827467591418,,,,,,,,,-19.426181409276357,20.996336537477212,-10.498168268738606,0
2021-12-03,19.5,19.53,18.4,18.98,22.021499999999996,26.001707406656095,18.041292593343897,15.64214797831593,16.909135209233458,0,0,,,,24.65875555555555,24.905343111111108,24.412167999999994,,-7.2154868987094005,-13.81150239538631,-18.35856847900895,0,27.46413798980862,33.527955200475965,,,,,-0.2456917508508325,-1.3530067037759217,-1.1073149529250892,-0.9198460697924445,27.46413798980862,,,,,,,,,-21.54155334960392,21.108715957307577,-10.554357978653789,0
2021-12-06,18.54,18.97,18.075,18.8,21.661499999999993,25.434240515858516,17.88875948414147,13.572572015045608,15.90042465229745,0,0,,,,24.631555555555554,24.87787111111111,24.38524,,-6.907650408516952,-13.210073171294667,-18.47472571948946,0,26.78874781241376,32.43386740318686,,,,,-0.2425176422326767,-1.4104620057159352,-1.1679443634832585,-0.9198603400544784,26.78874781241376,26.78874781241376,,26.78874781241376,,,,,,-22.17012035400597,21.229497071121564,-10.614748535560782,0
2021-12-07,19.26,19.855,19.07,19.46,21.296999999999993,24.378052417600298,18.21594758239969,20.337189294290923,16.517303095884117,1,0,,,,24.604088888888885,24.850129777777774,24.358047999999997,,-3.0683403068340276,-8.625628022726172,-14.880587875076545,0,33.26873625107632,31.899189490940703,,,,,-0.1750474129556916,-1.386753629677873,-1.2117062167221815,-0.8990428686596279,33.26873625107632,,,,,,,,,-22.328079349807737,21.3492366020576,-10.6746183010288,0
2021-12-08,19.51,19.825,19.03,19.82,21.075499999999998,23.901964045410793,18.249035954589203,26.05121798451797,19.986993097951466,0,0,,,,24.573866666666664,24.81960533333333,24.328127999999996,,-0.8950447522376059,-5.957154041422497,-12.57939308398024,0,36.56677992747602,31.813279030060507,,,,,-0.08956085246329026,-1.3236572823012942,-1.234096429838004,-0.8390657678316514,36.56677992747602,,,,,36.56677992747602,,36.56677992747602,,-21.071586660079852,21.44136941569894,-10.72068470784947,0
2021-12-09,19.95,20.15,19.04,19.21,20.909999999999997,23.766228282193147,18.053771717806846,28.669558151001503,25.01932180993676,0,0,,,,24.542177777777777,24.787599555555555,24.296756,,-3.0238780352365047,-8.130081300812986,-14.534857854695904,0,33.541781224555635,31.804648371903657,,,,,-0.05896235796433347,-1.3077993772934207,-1.2488370193290872,-0.8241907308763035,33.541781224555635,,,,,,,,,-20.42810539957919,21.519103215207323,-10.759551607603662,0
2021-12-10,19.28,19.58,18.7,18.94,20.7075,23.519068067822584,17.895931932177415,30.069984786900143,28.263586974139837,0,0,,,,24.51088888888889,24.75599777777778,24.26578,,-3.367346938775506,-8.535554750694185,-14.890430041491287,0,32.269313392774166,31.730454354342818,,,,,-0.04253827067610727,-1.3020098576742214,-1.2594715869981141,-0.812239320748195,32.269313392774166,,,,,,,,,-21.045867415836454,21.60472988370672,-10.80236494185336,0
2021-12-13,18.8,19.075,18.17,18.4,20.485999999999997,23.29181111267316,17.680188887326835,26.7252332155063,28.48825871780261,0,0,,,,24.447866666666666,24.692345333333332,24.203388,,-4.8259452749185305,-10.182563702040415,-16.380106948631333,0,29.831759438328106,31.690126910614122,,,,,-0.05299322092612302,-1.3257131131557678,-1.2727198922296448,-0.850089588416292,29.831759438328106,,,,,,,,,-22.870092941860463,21.72055646420852,-10.86027823210426,0
2021-12-14,18,18.859,17.91,18.64,20.247499999999995,22.81978206073912,17.67521793926087,26.18354940261561,27.659589135007312,0,0,,,,24.369688888888888,24.613385777777776,24.125992,,-2.5716077775454593,-7.939251759476451,-14.26074423881879,0,32.28016071136585,31.840702797224576,,,,,-0.029848805355831898,-1.3100308989244347,-1.2801820935686028,-0.864249157823285,32.28016071136585,,,,,,,,,-23.521562713523156,21.844969899424825,-10.922484949712413,0
2021-12-15,18.37,18.94,17.995,18.86,20.034,22.30502972239463,17.76297027760537,27.494881126592183,26.801221248237994,0,0,,,,24.29631111111111,24.53927422222222,24.053347999999996,,-1.1530398322851076,-5.860037935509633,-12.299465240641705,0,34.53515916558442,31.831042530554303,,,,,0.01193345146306024,-1.2652652792397774,-1.2771987307028376,-0.8205734601054796,34.53515916558442,,,,,,,,,-23.4828116395641,21.96451919269604,-10.98225959634802,0
2021-12-16,18.96,19.12,18.15,18.34,19.8265,21.912858310549638,17.74014168945036,25.44371871219144,26.37404974713304,0,0,,,,24.204488888888886,24.446533777777773,23.962443999999998,,-3.1934547373977273,-7.4975411696466825,-13.676514426471286,0,31.836654918068064,31.65478434751128,,,,,0.01595498118238825,-1.2572550042248523,-1.2732099854072405,-0.8013662795776659,31.836654918068064,,,,,,,,,-23.411768234792675,22.078795322321998,-11.039397661160999,0
2021-12-17,18.03,19.1,17.81,19.06,19.7045,21.666829992636124,17.742170007363875,34.063201951617074,29.000600596800197,0,0,,,,24.130711111111108,24.37201822222222,23.889403999999995,,0.5645544241017264,-3.2708264609606963,-9.232332211569016,0,38.94981326811647,31.96007618732754,,,,,0.07519554197383993,-1.1792155579399406,-1.2544110999137805,-0.6902358698801742,38.94981326811647,,,,,,,,,-22.66712927928675,22.175888354633646,-11.087944177316823,0
2021-12-20,18.59,18.67,17.835,17.96,19.531999999999996,21.470717101590648,17.593282898409345,29.727492888509587,29.74480451743933,0,0,,,,24.054177777777777,24.294719555555556,23.813636,,-4.817425406751807,-8.048330944091731,-13.365063030614888,0,33.242293397093974,32.00653108658435,,,,,0.049621299585020706,-1.1923844754325046,-1.2420057750175253,-0.6869610024207428,33.242293397093974,,,,,,,,,-23.734282086162597,22.28890969658929,-11.144454848294645,0
2021-12-21,18.16,18.98,18.1,18.9,19.444499999999998,21.33073938035444,17.558260619645555,39.43487631639877,34.40852371884181,0,0,,,,23.987244444444443,24.227116888888887,23.747372,,0.46244618083239875,-2.8002777134922385,-7.665249890077708,0,41.17503940179509,33.00061796959791,,,,,0.10230236295297512,-1.1141278213263064,-1.2164301842792815,-0.6097237795413494,41.17503940179509,,,,,,,,,-22.78371519563994,22.381440685747627,-11.190720342873814,0
2021-12-22,18.65,19.45,18.65,18.88,19.358999999999998,21.18381670312379,17.534183296876208,46.466395893604975,38.54292169950444,0,0,,,,23.93328888888889,24.172621777777778,23.693956,,0.8600886799508434,-2.474301358541242,-6.949236076885201,0,41.06323417221875,33.77240079076252,,,,,0.13977258247522206,-1.0417144561852538,-1.1814870386604759,-0.46233715716471624,41.06323417221875,,,,,,,,,-22.849808534724783,22.47206850353178,-11.23603425176589,0
2021-12-23,18.85,19.135,18.72,18.93,19.249999999999993,20.895004559264407,17.60499544073558,48.517238758160964,44.80617032272156,0,0,,,,23.876266666666666,24.115029333333332,23.637504,,1.2786902787437882,-1.6623376623376318,-6.149295169473346,0,41.490970054319554,34.77431736679902,,,,,0.1698933554127262,-0.9691203443945682,-1.1390136998072944,-0.4176419684864985,41.490970054319554,,,,,,,,,-21.284483784045666,22.534601030689007,-11.267300515344504,0
2021-12-27,18.78,19.25,18.78,18.94,19.145499999999995,20.57654821721714,17.71445178278285,52.115244736479205,49.03295979608171,0,0,,,,23.817999999999998,24.056179999999998,23.579819999999998,,1.3321919640468805,-1.0733592750254317,-5.4670082853625175,0,41.582286419884156,35.83099869590404,,,,,0.19088872904816667,-0.900402788497086,-1.0912915175452527,-0.4213436456512095,41.582286419884156,,,,,41.582286419884156,,41.582286419884156,,-21.008268926451205,22.590838828340903,-11.295419414170452,0
2021-12-28,18.89,19.0701,18.44,18.57,19.020499999999995,20.165444976843986,17.875555023156004,48.35339288187823,49.661958792172804,0,0,,,,23.7492,23.986691999999998,23.511708,,-0.737652341244377,-2.3684971478141748,-6.652144772117962,0,39.14773597176308,36.25092724738167,,,,,0.18037808073322714,-0.8658189166287187,-1.0461969973619458,-0.34842020443205535,39.14773597176308,,,,,,,,,-21.235727452662708,22.648460208998998,-11.324230104499499,0
2021-12-29,18.53,18.6,17.91,18.17,18.896499999999996,19.82548385346566,17.967516146534333,42.83620423962273,47.768280619326724,0,0,,,,23.669733333333333,23.906430666666665,23.433036,,-2.6311558866084273,-3.844627311936044,-7.853810264385707,0,36.6495648380251,36.25684045527803,,,,,0.1483454057382969,-0.8607652401890746,-1.0091106459273715,-0.2529461177968781,36.6495648380251,,,,,,,,,-22.151368524494274,22.717912064722217,-11.358956032361109,0
2021-12-30,18.1,18.995,18.07,18.69,18.861999999999995,19.767551765500084,17.956448234499906,46.591615185017744,45.92707076883956,0,0,,,,23.583155555555553,23.81898711111111,23.347323999999997,,0.24672816992061808,-0.9118863323083093,-4.499931870827101,0,41.845095561012116,36.849934336453494,,,,,0.16287648865140036,-0.8055150351131211,-0.9683915237645214,-0.06894019517409768,41.845095561012116,,,,,41.845095561012116,,41.845095561012116,,-22.36355303373682,22.78833342427298,-11.39416671213649,0
2021-12-31,18.61,18.92,18.21,18.21,18.787999999999993,19.65172680866144,17.924273191338546,43.08016823099809,44.16932921854618,0,0,,,,23.50542222222222,23.74047644444444,23.270367999999998,,-2.259674735655648,-3.076431764956311,-6.269302038295265,0,38.69074481929682,37.30860800977655,,,,,0.1416421972717511,-0.7913387771748326,-0.9329809744465837,-0.11316810833458293,38.69074481929682,,,,,,,,,-22.74619501468401,22.862362353132912,-11.431181176566456,0
2022-01-03,18.36,18.5687,17.86,18.53,18.765499999999996,19.63149018470203,17.89950981529796,48.60031936802363,46.090700928013156,0,0,,,,23.44062222222222,23.675028444444443,23.206215999999998,,-0.25837011519002084,-1.254962564280171,-4.133685136323672,0,41.838455263907946,38.166229140175105,,,,,0.14983529865324752,-0.7456868511300243,-0.8955221497832718,-0.22873199886570147,41.838455263907946,,,,,,,,,-22.12411238590244,22.924563070514175,-11.462281535257087,0
2022-01-04,18.61,18.84,17.79,18.17,18.733999999999995,19.63769021240724,17.83030978759275,42.241530428689366,44.640672675903694,0,0,,,,23.379555555555555,23.61335111111111,23.14576,,-2.306575622345297,-3.010569018896092,-5.467977732688212,0,39.38840849785638,38.673961124924425,,,,,0.13230590745101278,-0.7301397654695059,-0.8624456729205187,-0.3575334801722959,39.38840849785638,,,,,,,,,-22.74500404866699,22.9939814628524,-11.4969907314262,0
2022-01-05,18.03,18.5678,16.87,16.96,18.608999999999995,19.739555615615945,17.478444384384044,28.620962454709108,39.8209374171407,0,0,,,,23.3312,23.564512,23.097887999999998,,-7.851127411029612,-8.86130367026704,-11.194889517226958,0,32.49959751922239,38.52856386447,,,,,0.04502650970673028,-0.8061625357871058,-0.8511890454938361,-0.514633010942584,32.49959751922239,,,,,,,,,-24.35608299129251,23.08652415283758,-11.54326207641879,0
2022-01-06,16.87,17.18,16.055,16.74,18.45499999999999,19.7154046969133,17.194595303086682,23.900327275831273,31.58760671974325,0,0,,,,23.28524444444444,23.518096888888884,23.052391999999998,,-7.976471881699765,-9.292874559739872,-11.753852641937158,0,31.423498192384756,38.49905266977833,,,,,-0.0183186479478763,-0.8740873554286814,-0.8557687074808051,-0.702091374920461,31.423498192384756,,,,,,,,,-26.7068311846392,23.216756992932016,-11.608378496466008,0
2022-01-07,16.7,17.33,16.475,16.56,18.322499999999994,19.779412831984292,16.865587168015697,18.810204824846895,23.77716485179576,0,0,,,,23.246977777777776,23.479447555555552,23.014508,,-7.764286509969931,-9.619320507572638,-11.999149750239157,0,30.532710426852105,37.89783103825945,,,,,-0.06074717130352725,-0.9317026716102141,-0.8709555003066869,-0.7458668750012551,30.532710426852105,,,,,,,,,-28.792699617777945,23.382417221005376,-11.691208610502688,0
2022-01-10,16.19,16.57,15.35,16.5,18.200499999999995,19.828719579786576,16.572280420213414,16.33947398424463,19.683335361640932,0,0,,,,23.191422222222222,23.423336444444445,22.959508,,-6.8322981366459645,-9.343149913463888,-11.608721272834455,0,30.225135171524073,37.68231973643303,,,,,-0.08004480544961601,-0.9710115071187069,-0.8909667016690909,-0.8974957786172387,30.225135171524073,30.225135171524073,30.225135171524073,30.225135171524073,,,,,,-29.233477463050562,23.55163299910319,-11.775816499551595,0
2022-01-11,16.4,17.25,16.32,16.89,18.124999999999993,19.84657486041142,16.403425139588567,19.665411484321705,18.271696764471073,1,0,,,,23.14204444444444,23.373464888888886,22.910623999999995,,-3.716793980161903,-6.813793103448241,-8.839033517442408,0,34.821242399317,37.22847709339887,,,,,-0.05493244546820697,-0.9596322585043495,-0.9046998130361426,-0.9075813327824551,34.821242399317,,,,,,,,,-28.823586430257993,23.70774087942227,-11.853870439711136,0
2022-01-12,17.16,17.46,16.4,16.72,18.028999999999993,19.836959070333368,16.221040929666618,20.13648131150746,18.71378892669126,0,0,,,,23.097466666666662,23.32844133333333,22.866491999999994,,-3.89147554176007,-7.2605247101891095,-9.11396992208735,0,33.77681363568587,36.708018483646526,,,,,-0.03891388252165462,-0.9533421661882109,-0.9144282836665563,-0.9109982609607695,33.77681363568587,,,,,,,,,-28.410120330604116,23.851405540886354,-11.925702770443177,0
2022-01-13,16.8,16.82,15.94,16.01,17.886499999999995,19.85237156243752,15.92062843756247,16.875747123098623,18.892546639642593,0,0,,,,23.05133333333333,23.281846666666663,22.820819999999994,,-6.532780664370364,-10.491152545215632,-12.438699797640973,0,29.761793145520016,35.87022013301799,,,,,-0.0638077007713006,-0.994187909630682,-0.9303802088593814,-0.9198137435525098,29.761793145520016,,,,,,,,,-28.984615908921977,24.001350942426917,-12.000675471213459,0
2022-01-14,15.94,16.2485,15.62,16.01,17.769999999999996,19.88506028282886,15.654939717171134,16.05830609219774,17.69017817560127,0,0,,,,23.015999999999995,23.246159999999996,22.785839999999993,,-5.316695251049719,-9.904333145751231,-11.847297421308634,0,29.761793145520016,35.02589918484912,,,,,-0.06758365989489146,-1.0148597837279958,-0.9472761238331043,-0.9181938111191876,29.761793145520016,,,,,,,,,-30.124988816812063,24.168283883700276,-12.084141941850138,0
2022-01-18,15.45,15.75,14.9201,14.97,17.565499999999997,19.9195133814403,15.211486618559695,9.565315741481683,14.166456318926015,0,0,,,,22.97631111111111,23.20607422222222,22.746547999999997,,-9.563221168368274,-14.776123651475881,-16.962502773463527,0,24.761548570214885,33.998314370452825,,,,,-0.12414174556115676,-1.1024533057845503,-0.9783115602233935,-0.9243585619003359,24.761548570214885,,,,,,,,,-32.48900840369664,24.377281824706508,-12.188640912353254,0
2022-01-19,14.9,15.25,14.54,14.56,17.395499999999995,20.079016163543713,14.711983836456277,7.3787322036987515,11.000784679126056,0,0,,,,22.930755555555553,23.16006311111111,22.701447999999996,,-10.079051383399207,-16.300192578540397,-18.5985836749907,0,23.112922308107315,33.03141133260156,,,,,-0.17032970492166388,-1.1912236913754732,-1.0208939864538094,-0.9429785561028514,23.112922308107315,,,,,,,,,-34.40089952115508,24.620428510636348,-12.310214255318174,0
2022-01-20,14.89,15.5499,14.57,14.62,17.181499999999996,20.02861274803088,14.334387251969112,8.528190014159769,8.490745986446733,1,0,,,,22.886933333333328,23.11580266666666,22.658063999999996,,-8.38450933700965,-14.908477141111065,-17.519181585677767,0,23.91131502658658,31.750427008714013,,,,,-0.1772141030188159,-1.2424116152273292,-1.0651975122085133,-0.9433609951118779,23.91131502658658,,,,,,,,,-36.20316075791839,24.895999412390196,-12.447999706195098,0
2022-01-21,14.25,14.478,13.5,13.53,16.913999999999998,20.06194154964794,13.766058450352055,4.789246867245575,6.898723028368029,0,0,,,,22.842222222222215,23.070644444444437,22.613799999999994,,-13.474451621154959,-20.007094714437734,-22.754867071383742,0,19.873877987136638,30.406365092131143,,,,,-0.23208930543123785,-1.3553091439975606,-1.1232198385663228,-0.9434523062952479,19.873877987136638,,,,,,,,,-38.05281985356757,25.205527725386766,-12.602763862693383,0
2022-01-24,12.79,13.41,11.75,13.4,16.637499999999996,19.99316908380432,13.28183091619567,6.9978496748107215,6.771762185405353,1,0,,,,22.79186666666666,23.019785333333328,22.563947999999993,,-12.53834606096207,-19.459053343350842,-22.641727283223656,0,19.452017841105274,28.807333847645236,,,,,-0.25237362972578414,-1.438686875723553,-1.1863132459977688,-0.9431178981273723,19.452017841105274,,,,,,,,,-39.40828799792653,25.537143448507393,-12.768571724253697,0
2022-01-25,13.12,13.6,12.83,13.06,16.3435,19.866874944566597,12.820125055433401,6.526906312264572,6.104667618106954,0,0,,,,22.743466666666663,22.97090133333333,22.516031999999996,,-12.79962609334312,-20.090555878483794,-23.741679317996066,0,18.35464998523348,27.30492252531503,,,,,-0.26274022280456766,-1.5147385245034783,-1.2519983016989107,-0.9429715592402278,18.35464998523348,,,,,,,,,-41.34521040203026,25.90512756980477,-12.952563784902384,0
2022-01-26,13.6,13.82,12.68,12.75,16.052500000000002,19.74934121920311,12.355658780796892,6.093276235335395,6.539344074136895,0,0,,,,22.700044444444437,22.927044888888883,22.47304399999999,,-12.449357961958384,-20.573119451798792,-24.723987955838076,0,17.391293721363823,26.22575796832513,,,,,-0.2638337721273367,-1.5817905168580815,-1.3179567447307448,-0.9577875657364054,17.391293721363823,,,,,,,,,-42.162260204026744,26.28080143046609,-13.140400715233046,0
2022-01-27,13.01,13.06,12.2,12.28,15.758000000000001,19.665595680210462,11.850404319789538,7.2741345000872695,6.631439015895744,1,0,,,,22.646799999999995,22.873267999999996,22.420331999999995,,-13.025001770663625,-22.07132884883869,-26.5799071287642,0,16.018563389101047,25.125405482376294,,,,,-0.26866732728610465,-1.6537909038383756,-1.385123576552271,-0.97243369743794,16.018563389101047,16.018563389101047,,16.018563389101047,,,,,,-43.57075867584015,26.67893445469299,-13.339467227346494,0
2022-01-28,12.3,12.88,11.89,12.71,15.459,19.338489141626724,11.579510858373276,10.631906389239496,7.999772374887385,0,0,,,,22.593288888888885,22.819221777777773,22.367355999999997,,-7.825077960693272,-17.782521508506367,-23.066058673984113,0,22.07847208738363,24.521531315271403,,,,,-0.21754341807783528,-1.657052849149565,-1.4395094310717298,-0.9761136598919502,22.07847208738363,,,,,,,,,-43.82814632940174,27.069652420290332,-13.534826210145166,0
2022-01-31,12.77,13.74,12.76,13.71,15.234,18.968452570324022,11.49954742967598,25.490846705201427,14.465629198176062,0,0,,,,22.535422222222216,22.76077644444444,22.310067999999994,,1.1136514492219751,-10.00393855848759,-16.230473125725588,0,34.00490727851083,24.791515037199026,,,,,-0.09715456024911395,-1.5609526313831221,-1.4637980711340082,-0.9247400730864185,34.00490727851083,,,,,,,,,-42.16641357104339,27.406991450183718,-13.703495725091859,0
2022-02-01,14.23,14.37,13.56,14.2,15.017500000000002,18.452577146149626,11.582422853850378,34.80397032031754,23.642241138252817,0,0,,,,22.478888888888886,22.703677777777774,22.254099999999998,,5.32561934431095,-5.443649076077928,-12.369119371361602,0,38.936798892244816,25.085483358122442,,,,,0.02801166897747054,-1.42878348491217,-1.4567951538896406,-0.8077738237982367,38.936798892244816,,,,,38.936798892244816,,38.936798892244816,,-39.05724683619603,27.665077037698158,-13.832538518849079,0
2022-02-02,14.09,14.2,13.19,13.32,14.775000000000002,17.961405498363202,11.588594501636804,36.53584064372181,32.27688588974692,0,0,,,,22.419022222222218,22.64321244444444,22.194831999999995,,-0.2844737236113115,-9.84771573604062,-17.0076221728385,0,34.019752503228545,25.102836134375487,,,,,0.06211679778975032,-1.3791491566524527,-1.441265954442203,-0.7329663149555644,34.019752503228545,,,,,,,,,-37.92552389655967,27.892552632101868,-13.946276316050934,0
2022-02-03,12.95,13.32,12.42,12.45,14.549500000000004,17.723780863439657,11.37521913656035,34.71856733278808,35.352792765609145,0,0,,,,22.36053333333333,22.584138666666664,22.136927999999994,,-5.258351723613098,-14.430049142582247,-21.375042101717778,0,29.987844815981717,25.118982682265607,,,,,0.0378553456917019,-1.3939467723275758,-1.4318021180192777,-0.7022044294570385,29.987844815981717,,,,,,,,,-39.60507112627622,28.146986003923026,-14.073493001961513,0
2022-02-04,12.47,13.09,12.265,12.94,14.359500000000002,17.4401004284878,11.278899571512206,38.440917288779005,36.565108421762964,0,0,,,,22.305999999999997,22.529059999999998,22.082939999999997,,-1.0854609386943714,-9.885441693652307,-17.245789810275024,0,34.683173678532114,25.470509863195044,,,,,0.06498841963860724,-1.3505665934710187,-1.415555013109626,-0.6123053903847508,34.683173678532114,,,,,,,,,-41.31533695303685,28.42932222278055,-14.214661111390274,0
2022-02-07,13.025,13.6,12.94,12.98,14.180500000000004,17.142610565120602,11.218389434879406,40.63478759875011,37.93142407343907,0,0,,,,22.257111111111104,22.479682222222216,22.034539999999993,,-0.4601226993864782,-8.465850992560231,-15.923566878980921,0,35.06601010422288,26.2065428299099,,,,,0.09404615578937503,-1.2979973183729072,-1.3920434741622822,-0.5023882725007897,35.06601010422288,,,,,,,,,-41.6364673339208,28.709859258397223,-14.354929629198612,0
2022-02-08,12.75,13.1885,12.62,13.15,14.013000000000002,16.805533616628345,11.220466383371656,42.980259673246366,40.68532152025849,0,0,,,,22.20746666666666,22.42954133333333,21.985391999999994,,0.7740056709326648,-6.158567044886897,-13.74409655413682,0,36.762443723340276,27.181508645283685,,,,,0.13086892446163612,-1.228457318585237,-1.359326243046873,-0.3410730928415777,36.762443723340276,,,,,,,,,-40.40563956594649,28.956974817784978,-14.478487408892489,0
2022-02-09,13.29,13.89,13.26,13.87,13.862000000000004,16.32283400496645,11.401165995033558,49.69945091643664,44.438166062811035,0,0,,,,22.161466666666662,22.38308133333333,21.939851999999995,,5.387128637641525,0.05771172990907125,-8.076702160562055,0,43.495553079484196,28.580382791919227,,,,,0.20542979305295606,-1.102539001730678,-1.307968794783634,0.0921064661636314,43.495553079484196,,,,,43.495553079484196,,43.495553079484196,,-38.821470517311674,29.16666205694015,-14.583331028470075,0
2022-02-10,13.5,14.165,13.37,13.56,13.704000000000002,15.78737610622737,11.620623893772635,51.53157993107089,48.07043017358463,0,0,,,,22.11835555555555,22.339539111111105,21.897171999999994,,2.0392806080216985,-1.050788091068311,-9.206561767659894,0,41.44924466196412,30.12148041154976,,,,,0.23353515784276668,-1.0160498474801756,-1.2495850053229423,0.26927782843140413,41.44924466196412,,,,,,,,,-37.68348271388523,29.35001435981328,-14.67500717990664,0
2022-02-11,13.45,13.92,12.97,13.13,13.560000000000006,15.365513777294108,11.754486222705903,53.21648897301915,51.48250660684223,0,0,,,,22.079466666666658,22.300261333333324,21.85867199999999,,-1.5077638586752484,-3.171091445427765,-10.98103911952817,0,38.72755995395813,31.49830484818211,,,,,0.22285938965611551,-0.971010768252798,-1.1938701579089135,0.32100320166714175,38.72755995395813,,,,,,,,,-37.42760206085378,29.523898179963922,-14.761949089981961,0
2022-02-14,13.1,13.795,12.98,13.26,13.422500000000003,14.837333912513838,12.007666087486168,52.542960690670554,52.43034319825353,0,0,,,,22.038044444444438,22.258424888888882,21.817663999999994,,-0.19569471624264478,-1.2106537530266581,-9.08259816245377,0,40.010065235378676,33.045120223192484,,,,,0.22366595015347213,-0.9142877202170734,-1.1379536703705455,0.32198553691275683,40.010065235378676,,,,,,,,,-38.0400635684594,29.70352475921985,-14.851762379609925,0
2022-02-15,13.52,14.185,13.41,14.17,13.382500000000002,14.658491771133072,12.106508228866932,60.83713055370535,55.53219340579835,0,0,,,,22.00066666666666,22.220673333333327,21.780659999999994,,6.677708349017553,5.8845507192228474,-1.8652754051434073,0,48.18577908149419,35.244726320344654,,,,,0.28089512842065245,-0.7868347598447301,-1.0677298882653825,0.4029670218410396,48.18577908149419,,,,,48.18577908149419,,48.18577908149419,,-36.83859287387964,29.858202848506547,-14.929101424253274,0
2022-02-16,13.91,14.26,13.66,13.97,13.353,14.543127724237866,12.162872275762133,62.789910558722866,58.72333393436626,0,0,,,,21.966177777777776,22.185839555555553,21.746516,,4.6598741384477504,4.620684490376692,-2.303137675416156,0,46.680033025756146,37.43483129439145,,,,,0.2990110386721877,-0.6939660899251479,-0.9929771285973356,0.34165869998084286,46.680033025756146,,,,,,,,,-35.228537211516226,29.983556518379352,-14.991778259189676,0
2022-02-17,12.39,12.7,11.7,11.77,13.210500000000001,14.441474816963963,11.97952518303604,35.92335738832084,53.183466166916354,0,0,,,,21.920533333333328,22.139738666666663,21.701327999999993,,-11.370481927710829,-10.904204988456168,-16.68043134571372,0,34.06859858134246,38.29126890110279,,,,,0.1633450100547551,-0.7887958660288916,-0.9521408760836467,-0.15014632872409212,34.06859858134246,,,,,,,,,-37.11101221706935,30.13476605650492,-15.06738302825246,0
2022-02-18,11.92,12.01,10.57,11.02,13.085000000000003,14.631460474761449,11.538539525238557,28.02675182682929,42.24667325795767,0,0,,,,21.865999999999996,22.084659999999996,21.647339999999996,,-15.800733496332509,-15.78142911730992,-20.922333580500908,0,30.994349036065657,38.076229026642416,,,,,0.03056659501949799,-0.9139326323092742,-0.9444992273287722,-0.35808132145285093,30.994349036065657,,,,,,,,,-41.46467198926757,30.3564008605528,-15.1782004302764,0
2022-02-22,10.7,11.185,10.3,10.48,12.939000000000004,14.8478310559081,11.030168944091907,20.90045499380277,28.283521402984302,0,0,,,,21.81004444444444,22.028144888888885,21.591943999999994,,-18.367346938775487,-19.00455985779429,-23.687468142430667,0,28.967536459861023,37.36413885290072,,,,,-0.08010941389407189,-1.0446359946963621,-0.9645265808022903,-0.4509688232352525,28.967536459861023,,,,,,,,,-46.35243617209162,30.667005815227867,-15.333502907613934,0
2022-02-23,10.83,11.26,10.4,10.43,12.807500000000005,15.005352360828432,10.609647639171577,20.90741001774346,23.278205612791847,0,0,,,,21.75222222222222,21.96974444444444,21.534699999999997,,-16.998249243991705,-18.56334179191883,-22.91584548679546,0,28.779872504987367,36.9898617101692,,,,,-0.13967700274526096,-1.1391228342338664,-0.9994458314886054,-0.5719315262738791,28.779872504987367,28.779872504987367,28.779872504987367,28.779872504987367,,,,,,-47.954102010108755,31.00196359445376,-15.50098179722688,0
2022-02-24,9.75,11.87,9.74,11.83,12.761500000000003,15.000368240875105,10.522631759124902,29.148515105009373,23.652126705518537,0,0,,,,21.701377777777775,21.918391555555555,21.484363999999996,,-4.303510758776885,-7.299298671786259,-11.465349498578092,0,40.418986089779914,37.73494322972623,,,,,-0.07123422791900702,-1.0884886163873642,-1.0172543884683571,-0.6632417805501741,40.418986089779914,,,,,,,,,-46.08082777223961,31.28872524940186,-15.64436262470093,0
2022-02-25,11.59,11.89,11,11.47,12.721000000000004,15.021694677700452,10.420305322299555,28.930770857501344,26.32889866008473,0,0,,,,21.650577777777773,21.867083555555553,21.434071999999993,,-5.620011519789325,-9.834132536750273,-13.020398877682615,0,38.668982063795895,38.01964382867363,,,,,-0.03830165156976362,-1.0651314529305616,-1.026829801360798,-0.717255596911857,38.668982063795895,,,,,,,,,-43.96628223208801,31.527214939846445,-15.763607469923222,0
2022-02-28,11.96,12.18,11.39,11.85,12.678000000000003,15.009845620961928,10.346154379038078,35.88710226212826,31.322129408212998,0,0,,,,21.5992,21.815192,21.383208,,-1.4553014553014276,-6.530998580217718,-9.183803806361013,0,41.54594366733198,38.48249622603857,,,,,0.017959808686849765,-1.0043800405022356,-1.0223398491890854,-0.725436631864106,41.54594366733198,,,,,,,,,-41.14041911686104,31.710186537943787,-15.855093268971894,0
2022-03-01,11.99,12.52,11.71,12.18,12.601500000000005,14.892938631078536,10.310061368921474,44.22667430697115,36.348182475533584,0,0,,,,21.546488888888884,21.761953777777773,21.331023999999996,,2.2069312746496816,-3.344839900011942,-5.732418347866519,0,44.0025586868115,38.999647294857944,,,,,0.08266222547893531,-0.9190120673404163,-1.0016742928193516,-0.6797349622684332,44.0025586868115,,,,,44.0025586868115,,44.0025586868115,,-40.129171698995016,31.87210771234844,-15.93605385617422,0
2022-03-02,12.21,12.21,11.42,12.06,12.494500000000004,14.674522706303575,10.314477293696433,46.339775191928496,42.15118392034264,0,0,,,,21.496355555555553,21.71131911111111,21.281391999999997,,3.0240902101486666,-3.4775301132498604,-5.9551350367809786,0,43.29009460703551,38.98497168968304,,,,,0.12035711004437333,-0.8512279052638849,-0.9715850153082582,-0.5791739585784759,43.29009460703551,,,,,,,,,-38.67798854249302,32.00776889920131,-16.003884449600655,0
2022-03-03,12.01,12.055,11.235,11.34,12.395500000000006,14.596313258774831,10.19468674122518,42.07204843274261,44.21283264388075,0,0,,,,21.433777777777774,21.648115555555552,21.219439999999995,,-0.9001136065716842,-8.515186963010812,-10.82335054654122,0,39.189979813135196,38.823595629052406,,,,,0.10058325200610008,-0.8458559503006331,-0.9464392023067332,-0.5342539020566416,39.189979813135196,,,,,,,,,-39.146283656728166,32.146864275463564,-16.073432137731782,0
2022-03-04,11.7,11.77,10.74,10.96,12.321000000000003,14.608556775251548,10.033443224748458,40.05645515179434,42.822759592155144,0,0,,,,21.377155555555554,21.59092711111111,21.163383999999997,,-3.5381094877662167,-11.046181316451609,-12.976735568906673,0,37.18805951915391,38.71363131228067,,,,,0.06729443389228051,-0.8623211599413825,-0.929615593833663,-0.5258831451924799,37.18805951915391,37.18805951915391,,37.18805951915391,,,,,,-40.85173741956309,32.30823240912894,-16.15411620456447,0
2022-03-07,11.43,11.75,11.1,11.11,12.229500000000003,14.5567513830696,9.902248616930407,40.17636396277046,40.7682891824358,0,0,,,,21.323644444444444,21.536880888888888,21.110408,,-2.295312637410951,-9.154094607302044,-11.217069337524343,0,38.52304468176742,38.607415558451294,,,,,0.060949739680341786,-0.8534284192332358,-0.9143781589135775,-0.46939875227526784,38.52304468176742,,,,,,,,,-42.15984086963858,32.48604490327245,-16.243022451636225,0
2022-03-08,10.93,11.39,10.719,11.04,12.132500000000004,14.488088036987635,9.776911963012372,38.149316440353,39.46071185163927,0,0,,,,21.272844444444445,21.48557288888889,21.060116,,-3.386715673405083,-9.004739336492928,-11.218335343787732,0,38.115915670858406,37.88813960054874,,,,,0.05764689686489599,-0.8423195378324575,-0.8999664346973535,-0.3134745783053828,38.115915670858406,,,,,,,,,-42.34650732707914,32.662279592673535,-16.331139796336767,0
2022-03-09,11.41,12.02,11.27,11.65,12.057500000000003,14.373918571847364,9.741081428152642,44.40157922703992,40.90908654338779,0,0,,,,21.22711111111111,21.43938222222222,21.01484,,0.8745345917395619,-3.379639228695852,-5.957378107846322,0,43.69981694309887,37.67526702321607,,,,,0.09968839050967992,-0.7753559465602535,-0.8750443370699335,0.12800096822086252,43.69981694309887,,,,,,,,,-40.79464498723779,32.81026145476715,-16.405130727383575,0
2022-03-10,11.38,11.97,11.32,11.87,11.957500000000003,14.119858665901528,9.795141334098478,49.02257193637381,43.857822534588905,0,0,,,,21.183066666666665,21.394897333333333,20.971235999999998,,2.7438760495109626,-0.7317583106837056,-3.9540403495523013,0,45.60609618998271,38.49937399526181,,,,,0.14283085231907633,-0.6965057716710881,-0.8393366239901644,0.33202167892344336,45.60609618998271,,,,,45.60609618998271,,45.60609618998271,,-39.12020591203328,32.930560302166626,-16.465280151083313,0
2022-03-11,11.86,12.005,11.37,11.39,11.849000000000006,13.893386460530188,9.804613539469823,52.21993195389782,48.548027705770515,0,0,,,,21.13311111111111,21.34444222222222,20.92178,,-1.3425725422260504,-3.87374461979918,-7.616189471976664,0,42.24518405015898,39.30300506769704,,,,,0.1394038754306568,-0.6650817797018433,-0.8044856551325001,0.2505491499537881,42.24518405015898,,,,,,,,,-38.18619910171643,33.035238112305954,-16.517619056152977,0
2022-03-14,11.17,11.41,10.41,10.5,11.717500000000005,13.753701119732339,9.68129888026767,42.64465991104319,47.9623879337716,0,0,,,,21.078177777777775,21.288959555555554,20.867395999999996,,-7.975460122699374,-10.39044164710906,-14.323015829842822,0,36.82612660274363,39.86433293504581,,,,,0.0804847525618465,-0.703879714430192,-0.7843644669920385,-0.1793728440853421,36.82612660274363,36.82612660274363,,36.82612660274363,,,,,,-39.90778693216608,33.160573647789676,-16.580286823894838,0
2022-03-15,10.47,10.85,10.27,10.77,11.593000000000004,13.53922814695487,9.646771853045138,42.14770302143193,45.67076496212431,0,0,,,,21.022,21.232219999999998,20.81178,,-4.428077025468092,-7.099111532821567,-11.41149374862912,0,39.36717419063123,40.62056876973465,,,,,0.06371791443107255,-0.7047170739531978,-0.7684349883842704,-0.6101061898660233,39.36717419063123,,,,,,,,,-41.54635249019403,33.30606155422739,-16.653030777113695,0
2022-03-16,10.95,11.82,10.9399,11.79,11.474000000000004,13.026654501168682,9.921345498831325,49.845737741878274,44.87936689145113,0,0,,,,20.96724444444444,21.176916888888883,20.757571999999996,,4.87457747731721,2.7540526407529686,-2.3764179845988553,0,47.893944788869526,41.1544943910982,,,,,0.12196827895679185,-0.6159746396882806,-0.7379429186450724,-0.4178703045453701,47.893944788869526,,,,,,,,,-40.43891451719413,33.43228637357573,-16.716143186787864,0
2022-03-17,11.72,12.37,11.66,12.32,11.391500000000004,12.523158517397965,10.259841482602043,51.97747520414025,47.99030532248347,0,0,,,,20.915866666666666,21.125025333333333,20.706708,,8.64197530864197,8.150814203572798,2.2944286070133435,0,51.6952033339581,42.084938767538354,,,,,0.19263574677023254,-0.4971482351822818,-0.6897839819525143,-0.17535442744874855,51.6952033339581,,,,,,,,,-36.62200994309666,33.506592424353435,-16.753296212176718,0
2022-03-18,12.28,13.02,12.215,12.82,11.444000000000004,12.728171328133216,10.159828671866793,66.20848664867107,56.01056653156319,0,0,,,,20.866844444444443,21.075512888888888,20.658175999999997,,11.226791601596386,12.023767913316984,6.33709356337091,0,55.02836736466624,43.047969031633656,,,,,0.26502792318229074,-0.35849907797465086,-0.6235270011569416,0.16956137633924456,55.02836736466624,,,,,,,,,-31.974216364615362,33.529641167464085,-16.764820583732043,0
2022-03-21,12.72,13.05,12.42,12.59,11.522500000000004,12.883071571068347,10.161928428931661,68.19199620394721,62.1259860189195,0,0,,,,20.818933333333334,21.027122666666667,20.610744,,7.846496487921906,9.264482534172224,4.5304845985663755,0,53.209511781995324,43.7056085384325,,,,,0.28751524918742266,-0.26413293967266327,-0.5516481888600859,0.46148199817271873,53.209511781995324,,,,,,,,,-29.528429172009364,33.53019892982919,-16.765099464914595,0
2022-03-22,12.52,13.48,12.52,13.27,11.662000000000003,13.133972825835972,10.190027174164033,74.17956618675964,69.52668301312598,0,0,,,,20.77551111111111,20.983266222222223,20.567756,,11.5407245524082,13.78837249185385,10.087937614069986,0,57.66482934028699,44.73237530509333,,,,,0.3349631276501931,-0.13294427929734454,-0.46790740694753763,0.7143757807576642,57.66482934028699,,,,,,,,,-26.877989788448474,33.51029591759287,-16.755147958796435,0
2022-03-23,13.16,13.55,13.02,13.18,11.799500000000005,13.298959569311336,10.300040430688675,75.06905575552673,72.48020604874452,0,0,,,,20.73497777777778,20.942327555555558,20.527628,,9.377593360995862,11.699648290181731,9.332227291580232,0,56.89268972614897,45.9968545845943,,,,,0.3456654507706435,-0.03582559348423331,-0.3814910442548768,0.7951149043069152,56.89268972614897,,,,,,,,,-25.669004919128792,33.48226502189102,-16.74113251094551,0
2022-03-24,13.25,13.42,12.83,13.39,11.877500000000003,13.529709127198952,10.225290872801054,78.00794088878068,75.75218761035568,0,0,,,,20.69831111111111,20.90529422222222,20.491328,,9.736108834617308,12.73416122921487,11.221862280920348,0,58.29590715607477,47.504557987231514,,,,,0.3511327958815692,0.057424950597084745,-0.29370784528448446,0.8241553212550004,58.29590715607477,,,,,58.29590715607477,,58.29590715607477,,-23.647979651718344,33.44259681583002,-16.72129840791501,0
2022-03-25,13.36,13.395,12.71,12.97,11.952500000000004,13.659191243312486,10.245808756687522,74.53332764755426,75.87010809728723,0,0,,,,20.661955555555554,20.86857511111111,20.455336,,4.935275080906165,8.512863417695016,7.9094791724444,0,54.47648385887949,48.64408935702523,,,,,0.3120269200556243,0.09632580478504593,-0.2157011152705784,0.8235544366704188,54.47648385887949,,,,,,,,,-23.744366187008637,33.40347665039313,-16.701738325196565,0
2022-03-28,13.01,13.44,12.855,13.42,12.031000000000004,13.852196310121318,10.20980368987869,78.37485659163488,76.97204170932326,0,0,,,,20.632311111111107,20.83863422222222,20.425987999999997,,6.070186531773647,11.545174964674555,11.563721007565043,0,57.67606873395056,50.0412431472461,,,,,0.30184360255743053,0.16160338792620976,-0.14024021463122077,0.8271412765840307,57.67606873395056,,,,,,,,,-22.793862159066716,33.35968427291671,-16.679842136458355,0
2022-03-29,13.65,14.28,13.35,14.2,12.132000000000005,14.184419060523311,10.079580939476699,83.38683007895374,78.76500477271429,0,0,,,,20.607644444444446,20.81372088888889,20.401568,,9.272797229703734,17.045829212001262,17.741355960310656,0,62.58483420216797,51.39017295146532,,,,,0.33069407705931375,0.2731273816929214,-0.057566695366392334,0.8779571546197803,62.58483420216797,,,,,62.58483420216797,,62.58483420216797,,-20.73937743762943,33.30735094582046,-16.65367547291023,0
2022-03-30,14.04,14.36,13.74,13.88,12.223000000000004,14.411461560091825,10.034538439908184,81.5223232956589,81.09466998874916,0,0,,,,20.587244444444444,20.79311688888889,20.381372,,5.119660708876106,13.55641004663337,15.180349634874958,0,59.53418176862456,52.38503620708259,,,,,0.3115446377365081,0.33186410180424275,0.02031946406773469,0.9185450625771306,59.53418176862456,,,,,,,,,-18.518157967193943,33.24820839178322,-16.62410419589161,0
2022-03-31,13.9,14.06,13.63,13.73,12.342500000000005,14.585380959837032,10.099619040162978,80.14806690252786,81.68574009238016,0,0,,,,20.558444444444447,20.76402888888889,20.352860000000003,,2.8849756463094955,11.241644723516275,14.01129317980514,0,58.10443581162393,53.517839904330096,,,,,0.27345255719409883,0.3621351605603582,0.0886826033662594,0.905704446512777,58.10443581162393,,,,,,,,,-17.472457358522785,33.18689535353159,-16.593447676765795,0
2022-04-01,13.77,14.065,13.5,13.83,12.486000000000004,14.72394906108237,10.248050938917638,79.83171683746326,80.50070234521667,0,0,,,,20.535955555555557,20.741315111111113,20.330596,,2.8558679161089007,10.764055742431488,14.190565310728243,0,58.814552471761715,55.08844175211709,,,,,0.2408156081842031,0.3897021135965133,0.1488865054123102,0.8836060396282445,58.814552471761715,,,,,,,,,-17.846303410535118,33.126738893548094,-16.563369446774047,0
2022-04-04,14.03,14.66,14.02,14.63,12.662000000000004,14.991202438604123,10.332797561395886,85.6412794228314,81.87368772094084,0,0,,,,20.519333333333336,20.72452666666667,20.314140000000002,,7.179487179487221,15.542568314642203,19.607575964027824,0,64.06244418910075,56.85238960915063,,,,,0.2574322099218507,0.47067676781462353,0.21324455789277286,0.9162848147663686,64.06244418910075,,,,,64.06244418910075,,64.06244418910075,,-16.006932803716584,33.063528408664695,-16.531764204332347,0
2022-04-05,14.61,14.86,13.795,13.89,12.804500000000004,15.06710447272594,10.541895527274068,80.70554722845957,82.05951449625141,0,1,,,,20.491822222222222,20.696740444444444,20.286904,,1.298133022170389,8.477488382990316,12.512150340209516,0,56.846823514328555,57.491880946683416,,,,,0.20518297098869775,0.469723271628645,0.26454030063994727,0.8788887699409698,56.846823514328555,,,,,,,,,-15.350905886467197,32.9998671709284,-16.4999335854642,0
2022-04-06,13.52,13.54,12.85,13,12.872000000000005,15.072505396494051,10.671494603505959,68.1801033500447,78.17564333377855,0,0,,,,20.458666666666666,20.663253333333333,20.25408,,-5.067912954578624,0.9944064636419725,4.577266511141498,0,49.60949965502121,57.34290211247363,,,,,0.10246864565099656,0.392626107703693,0.29015746205269644,0.6237156902916252,49.60949965502121,,,,,,,,,-16.484541323652323,32.938093346847076,-16.469046673423538,0
2022-04-07,12.95,13.34,12.48,12.84,12.920500000000004,15.072759045746967,10.768240954253042,61.628145219891806,70.17126526613202,0,0,,,,20.421333333333333,20.625546666666665,20.21712,,-5.858200747855413,-0.6230409039898133,3.011178263892589,0,48.4161258532421,56.87059914737191,,,,,0.01986158430387014,0.3149844424325341,0.29512285812866396,0.32805382912028846,48.4161258532421,,,,,,,,,-19.536707341969706,32.88374416142343,-16.441872080711715,0
2022-04-08,12.7,13.05,12.57,12.7,12.986000000000004,15.024699585520034,10.947300414479974,51.762040464339876,60.52342967809213,0,0,,,,20.38591111111111,20.58977022222222,20.182052,,-6.699970614163964,-2.2023717849992686,1.5539622038009293,0,47.342977032034675,56.45156095094615,,,,,-0.044581150150747595,0.23939642044022946,0.28397757059097706,-0.05681513343139978,47.342977032034675,,,,,,,,,-21.427984791789196,32.83620459639706,-16.41810229819853,0
2022-04-11,12.45,12.82,12.13,12.66,13.094000000000005,14.795427635839811,11.392572364160198,39.250911587853516,50.88036575736172,0,0,,,,20.35057777777778,20.554083555555557,20.147072,,-6.471631205673745,-3.3144951886360463,1.0160114899728567,0,47.022283447705775,55.691379101476066,,,,,-0.08777726594315122,0.17425598816203802,0.26203325410518924,-0.27221126011913827,47.022283447705775,,,,,,,,,-21.82408129343108,32.79041435124149,-16.395207175620744,0
2022-04-12,12.88,13.2,12.425,12.46,13.178500000000005,14.544695813197889,11.812304186802121,34.891048377782425,41.96800014332527,0,0,,,,20.313733333333335,20.51687066666667,20.110596,,-6.7504864541236165,-5.452062070797159,-0.6538032211768519,0,45.36752545629862,54.86815308220105,,,,,-0.12540276507167233,0.10527979776559881,0.23068256283727115,-0.48947182538943096,45.36752545629862,45.36752545629862,,45.36752545629862,,,,,,-22.338476434203315,32.746920016062795,-16.373460008031397,0
2022-04-13,12.35,12.94,12.2311,12.9,13.234000000000004,14.452234788536092,12.015765211463915,39.060619119438435,37.73419302835811,0,0,,,,20.276755555555557,20.479523111111114,20.073988,,-2.744270205066335,-2.523802327338698,2.6252983293556076,0,49.57198349560156,54.24501567788153,,,,,-0.1164351956472724,0.08513856827818067,0.20157376392545306,-0.5715191373165863,49.57198349560156,,,,,,,,,-21.68027095137867,32.70085013356675,-16.350425066783377,0
2022-04-14,12.92,12.92,12.41,12.42,13.239000000000004,14.442925246848635,12.035074753151374,32.002121617708305,35.31792970497638,0,0,,,,20.236488888888893,20.438853777777783,20.034124000000002,,-5.429071803852881,-6.186267845003435,-1.47548786292242,0,45.46164541121111,53.60109864590522,,,,,-0.13718095966802274,0.030097564340424654,0.1672785240084474,-0.7766413569939861,45.46164541121111,,,,,,,,,-21.92274635290741,32.65590612826193,-16.327953064130966,0
2022-04-18,12.35,12.415,11.88,12.15,13.205500000000006,14.48886238062339,11.922137619376622,25.544577843779145,32.20243952697529,0,0,,,,20.19217777777778,20.394099555555556,19.990256000000002,,-6.286155032780549,-7.99288175381474,-3.9196562722408235,0,43.28739333643015,52.573336117510905,,,,,-0.16174856566090096,-0.034907183067678815,0.12684138259322214,-0.8760488657218045,43.28739333643015,43.28739333643015,,43.28739333643015,,,,,,-22.315320597525684,32.61272142509254,-16.30636071254627,0
2022-04-19,12.08,13.02,12.07,12.91,13.221500000000006,14.481536110593376,11.961463889406636,31.293329821341153,29.6133430942762,0,0,,,,20.14866666666667,20.35015333333334,19.947180000000003,,0.9145626514500238,-2.356011042620021,1.608206312144178,0,50.46834630380095,51.707872696198976,,,,,-0.12132290222663075,-0.024812245190066307,0.09651065703656445,-0.8045596734972197,50.46834630380095,,,,,50.46834630380095,,50.46834630380095,,-22.02748240975374,32.568482882359554,-16.284241441179777,0
2022-04-20,13.08,13.17,12.74,12.79,13.197500000000005,14.471138488739825,11.923861511260185,34.913592770792846,30.58383347863771,0,0,,,,20.103511111111114,20.304546222222225,19.902476000000004,,0.8436489789481971,-3.087706004925217,0.20369790034471258,0,49.40463804263071,50.984333858627984,,,,,-0.09816292144602581,-0.026192994770967815,0.071969926675058,-0.7505733074840323,49.40463804263071,,,,,,,,,-20.977454146547682,32.52042831827492,-16.26021415913746,0
2022-04-21,13.02,13.33,12.225,12.33,13.155000000000005,14.4836760327482,11.82632396725181,32.22326109310305,32.810061228412344,0,0,,,,20.055822222222226,20.25638044444445,19.855264000000002,,-2.266962587190857,-6.271379703534807,-3.5714285714285587,0,45.45006806739481,50.08045044832591,,,,,-0.1085130930671655,-0.06367143965889888,0.044841653408266624,-0.7475202989083771,45.45006806739481,,,,,,,,,-20.322084351777328,32.4703653830044,-16.2351826915022,0
2022-04-22,12.33,12.73,11.86,11.96,13.083500000000006,14.504587963498162,11.66241203650185,25.296223014669813,30.811025626188563,0,0,,,,20.000311111111113,20.200314222222225,19.800308,,-4.533844189016589,-8.587151756028621,-6.48700774062394,0,42.50306639642445,48.91534430008754,,,,,-0.1333332928823258,-0.1218249626946406,0.011508330187685177,-0.7479939557734061,42.50306639642445,,,,,,,,,-22.024508690666295,32.42660566148718,-16.21330283074359,0
2022-04-25,11.83,12.16,11.68,12.11,13.040500000000005,14.52342245245646,11.55757754754355,23.456765402312158,26.992083170028337,0,0,,,,19.949111111111115,20.148602222222227,19.749620000000004,,-2.8791402678642886,-7.135462597293085,-5.491532478343453,0,44.085921760421094,47.48844984089613,,,,,-0.13243283142050535,-0.15403270908794653,-0.02159987766744117,-0.7336720307957508,44.085921760421094,,,,,,,,,-23.18247935250207,32.38786027831303,-16.193930139156514,0
2022-04-26,11.94,12.05,11.1,11.12,12.925500000000005,14.615180147246637,11.235819852753373,16.51566078399297,21.756216400324977,0,0,,,,19.891733333333338,20.090650666666672,19.692816000000004,,-9.703613479496553,-13.968511856407916,-13.357400722021683,0,36.8712993017403,46.06162668285412,,,,,-0.18790865698097997,-0.2564856988936661,-0.06857704191268615,-0.7281966415105181,36.8712993017403,,,,,,,,,-25.429737692804867,32.360341846086484,-16.180170923043242,0
2022-04-27,11.01,11.195,10.53,10.56,12.743500000000006,14.618805575099536,10.868194424900476,12.447783325038387,17.473403170447835,0,0,,,,19.829955555555557,20.02825511111111,19.631656000000003,,-12.907216494845342,-17.134225291325023,-17.67579647627462,0,33.52881480471173,44.91300633640344,,,,,-0.247942035330648,-0.37850458607599613,-0.13056255074534814,-0.7525951902414963,33.52881480471173,33.52881480471173,,33.52881480471173,,,,,,-27.971101810961787,32.348052208536316,-16.174026104268158,0
2022-04-28,10.69,11.045,10.37,10.95,12.597000000000007,14.55043901875624,10.643560981243773,15.028139977584473,14.663861362205274,1,0,,,,19.77026666666667,19.96796933333334,19.572564000000003,,-8.214585079631176,-13.074541557513742,-14.448669201520914,0,37.760454073616245,44.151886923573024,,,,,-0.24649305990175432,-0.43867887562254104,-0.19218581572078672,-0.7970746192016196,37.760454073616245,,,,,,,,,-29.96316708142366,32.349442917003756,-16.174721458501878,0
2022-04-29,10.9,11.23,10.36,10.4,12.430500000000006,14.53137100984318,10.32962899015683,15.626518580125047,14.367480627582632,0,0,,,,19.709066666666672,19.90615733333334,19.511976000000004,,-11.323328785811725,-16.334821608141304,-18.337433910904043,0,34.43145721398673,43.22963550799817,,,,,-0.26601089036655345,-0.5246994286789786,-0.2586885383124251,-0.8463184019144634,34.43145721398673,,,,,,,,,-31.08569013801127,32.35896296700695,-16.179481483503476,0
2022-05-02,10.38,10.755,10.18,10.74,12.276000000000007,14.39685265871992,10.155147341280093,18.604179232055014,16.419612596588177,0,0,,,,19.649511111111117,19.84600622222223,19.453016000000005,,-7.309916285492357,-12.512218963831911,-15.206063477025111,0,38.06644612027945,42.58993284175343,,,,,-0.24024313822100252,-0.5589924610886783,-0.31874932286767577,-0.873520286835391,38.06644612027945,,,,,,,,,-30.37992510549115,32.362483870642016,-16.181241935321008,0
2022-05-03,10.69,10.98,10.44,10.55,12.072000000000006,14.026252798385936,10.117747201614076,17.436136265601107,17.222278025927054,0,0,,,,19.586755555555563,19.782623111111118,19.390888000000007,,-7.056646991454496,-12.607687210072937,-16.25654865851722,0,36.8374336437898,41.98064056943138,,,,,-0.22071784748463613,-0.5946466322234709,-0.3739287847388348,-0.9073134708788089,36.8374336437898,,,,,,,,,-30.918899821711815,32.36961349643892,-16.18480674821946,0
2022-05-04,10.53,11.01,10.08,10.98,11.926500000000006,13.746360159462643,10.106639840537369,22.94395393255163,19.661423143402583,0,0,,,,19.524444444444452,19.719688888888896,19.329200000000007,,-1.7009847806624845,-7.936108665576702,-12.311992546253169,0,41.44505786726716,41.400145881693206,,,,,-0.16605874643938867,-0.5815022177880707,-0.415443471348682,-0.8696154718400665,41.44505786726716,,,,,41.44505786726716,,41.44505786726716,,-29.28118177773241,32.364273293104134,-16.182136646552067,0
2022-05-05,10.8,10.8,9.98,10.12,11.782500000000006,13.693299570860157,9.871700429139855,19.15027598128973,19.843455393147487,0,0,,,,19.46093333333334,19.655542666666673,19.266324000000008,,-7.57146771394649,-14.109908762996016,-18.516331624573944,0,35.817418649080196,40.71127254154099,,,,,-0.1741900789956422,-0.6331810700932348,-0.45899099109759256,-0.8903531512297126,35.817418649080196,,,,,,,,,-30.264501139116017,32.36555933990291,-16.182779669951454,0
2022-05-06,10,10.05,9.42,9.48,11.614500000000007,13.706125922577787,9.522874077422227,15.711601094637743,19.2686103361597,0,0,,,,19.392844444444453,19.5867728888889,19.198916000000008,,-11.410148584244462,-18.37788970683202,-22.859932732993393,0,32.30220393160387,39.92661615548197,,,,,-0.20681408052653505,-0.7175085917557613,-0.5106945112292263,-0.924811434695077,32.30220393160387,,,,,,,,,-32.207083101201896,32.381341479472454,-16.190670739736227,0
2022-05-09,7.78,7.85,7.32,7.46,11.352500000000006,14.057427910314686,8.647572089685326,9.38920244752316,14.750359841150209,0,0,,,,19.312888888888896,19.506017777777785,19.119760000000007,,-27.119968737788202,-34.28760184981285,-38.375967177905665,0,24.22198142343632,38.0518758068845,,,,,-0.34067641334469756,-0.9365400279100982,-0.5958636145654006,-0.8815801418356539,24.22198142343632,,,,,,,,,-39.44611919491535,32.46631391199878,-16.23315695599939,0
2022-05-10,7.56,7.7032,6.93,7.29,11.084000000000007,14.244243028629178,7.923756971370835,7.526958452284422,10.875920664815105,0,0,,,,19.23253333333334,19.424858666666672,19.040208000000007,,-26.012382015629754,-34.22952002887049,-38.746358951378,0,23.68501507858616,36.21475988088132,,,,,-0.4121365376975292,-1.1110342866873122,-0.698897748989783,-0.8796981811076146,23.68501507858616,,,,,,,,,-45.08217416160519,32.61904884989347,-16.309524424946733,0
2022-05-11,7.28,7.54,6.66,6.71,10.796500000000005,14.41647389493342,7.176526105066591,4.789397334909317,7.235186078238963,0,0,,,,19.149377777777783,19.340871555555562,18.957884000000004,,-29.129700042247574,-37.850229240957745,-42.411672149907034,0,21.901126940254926,34.53269265751418,,,,,-0.4659640085443142,-1.2813527596701757,-0.8153887511258615,-0.8882951635103242,21.901126940254926,21.901126940254926,,21.901126940254926,,,,,,-50.48519966262531,32.847218350434915,-16.423609175217457,0
2022-05-12,6.55,7.38,6.44,7.34,10.518500000000007,14.299982645735593,6.737017354264421,9.664151853685507,7.326835880293079,1,0,,,,19.06911111111112,19.25980222222223,18.87842000000001,,-19.40265729658506,-30.218187003850407,-35.80362088568848,0,28.224749074293186,33.51281284879052,,,,,-0.4276365493576314,-1.3499344378229008,-0.9222978884652694,-0.8974722322212587,28.224749074293186,,,,,,,,,-49.91384882197445,33.06140694383872,-16.53070347191936,0
2022-05-13,7.52,8.35,7.52,8.34,10.314500000000006,14.10385073594401,6.525149264056003,19.902274248397315,11.451941145664044,0,0,,,,18.98942222222223,19.179316444444453,18.79952800000001,,-6.30266262217728,-19.142954093751563,-25.893015816598552,0,36.951278580482786,33.00319547879492,,,,,-0.308970148296834,-1.3085105738363119,-0.9995404255394779,-0.855757829965145,36.951278580482786,,,,,,,,,-46.59713839780549,33.223153560482835,-16.611576780241418,0
2022-05-16,8.17,8.43,8.01,8.04,10.109000000000005,13.923592507726015,6.294407492273995,22.906923723213794,17.491116608432204,0,0,,,,18.907244444444448,19.096316888888893,18.718172000000003,,-6.847410497045548,-20.46691067365719,-27.31217792243019,0,35.55468631825883,32.90915169426053,,,,,-0.22842830122058544,-1.2850758020652098,-1.0566475008446243,-0.8343887578212332,35.55468631825883,,,,,,,,,-42.80395697365082,33.33319227683254,-16.66659613841627,0
2022-05-17,8.1,8.46,8.01,8.36,9.881500000000006,13.540293653651355,6.222706346348657,30.357375651093562,24.388857874234887,0,0,,,,18.82537777777778,19.01363155555556,18.637124000000004,,-0.6181645268663938,-15.397459899812837,-22.963509030593453,0,38.236244730397964,33.245396688952404,,,,,-0.13591673682760463,-1.2265434218791302,-1.0906266850515256,-0.7991688814001927,38.236244730397964,,,,,,,,,-39.861613531054104,33.407983519341414,-16.703991759670707,0
2022-05-18,8.21,8.43,7.92,8.01,9.642500000000005,13.130610520037969,6.154389479962043,31.600706930476022,28.28833543492779,0,0,,,,18.739288888888893,18.926681777777784,18.551896000000003,,-1.2939001848428666,-16.93025667617324,-24.831081081081095,0,36.44978339590065,33.15177735482986,,,,,-0.08320044760752232,-1.1946272445609285,-1.1114267969534062,-0.7495114889228096,36.44978339590065,,,,,,,,,-40.24010351503503,33.4851526854938,-16.7425763427469,0
2022-05-19,7.97,8.5814,7.945,8.31,9.441500000000005,12.745420549892145,6.1375794501078635,34.46674988564275,32.14161082240411,0,0,,,,18.657866666666667,18.844445333333333,18.471288,,4.739097554827332,-11.984324524704803,-20.854630305723997,0,39.07724174161655,33.483619106803424,,,,,-0.016519428762373334,-1.132076082906373,-1.1155566541439996,-0.6774700998912934,39.07724174161655,,,,,39.07724174161655,,39.07724174161655,,-39.22283571442073,33.55015213378677,-16.775076066893384,0
2022-05-20,8.26,8.4,7.71,8.08,9.247500000000006,12.388760097476736,6.106239902523276,36.59143250024892,34.21962977212256,0,0,,,,18.576622222222227,18.76238844444445,18.390856000000003,,3.669489350782662,-12.625033792917062,-21.86442316990621,0,37.78734068535576,33.46368300430887,,,,,0.021633172173298743,-1.088515188927376,-1.1101483611006748,-0.5803337878310026,37.78734068535576,,,,,,,,,-39.527691417811354,33.61679731775432,-16.80839865887716,0
2022-05-23,8.01,8.17,7.8,8.01,9.042500000000006,11.935062013164046,6.149937986835965,36.77461765337961,35.944266679757085,0,0,,,,18.502355555555557,18.687379111111113,18.317332,,2.051216715505144,-11.418302460602769,-21.352359756496696,0,37.382894900124235,33.502644522618475,,,,,0.05006621090088115,-1.0475655974745735,-1.0976318083754546,-0.4568113352612028,37.382894900124235,,,,,,,,,-39.164643273076756,33.67835759953244,-16.83917879976622,0
2022-05-24,7.98,7.99,7.37,7.55,8.864000000000006,11.660743820946001,6.067256179054011,33.802738463110735,35.722929538913085,0,0,,,,18.42728888888889,18.611561777777776,18.243016,,-4.126984126984146,-14.82400722021666,-24.608061778118028,0,34.75067761172879,33.02447450436573,,,,,0.045913709551289594,-1.0402396714363427,-1.0861533809876323,-0.2886667347232686,34.75067761172879,34.75067761172879,,34.75067761172879,,,,,,-40.63348855757476,33.75344051831839,-16.876720259159196,0
2022-05-25,7.52,8.0183,7.51,7.96,8.734000000000005,11.443674519199618,6.024325480800393,40.48969936623881,37.02235182757638,0,0,,,,18.35297777777778,18.53650755555556,18.169448000000003,,-0.5000000000000226,-8.861918937485747,-19.305241104315208,0,38.881461518548114,33.24333470932772,,,,,0.07697162484048214,-0.9899388499370296,-1.0669104747775118,0.020808324021613214,38.881461518548114,,,,,,,,,-40.52028394764499,33.825760077591326,-16.912880038795663,0
2022-05-26,7.84,8.4,7.77,8.36,8.604500000000005,11.118679587857576,6.090320412142434,47.847657298228306,40.71336504252594,0,0,,,,18.288400000000003,18.471284000000004,18.105516,,3.1843989138484297,-2.8415364053693493,-13.929784824462077,0,42.693202880983556,33.9855489199977,,,,,0.12765702935856083,-0.9073391880793107,-1.0349962174378715,0.5614087993652138,42.693202880983556,,,,,,,,,-39.182031596275856,33.88324929979417,-16.941624649897086,0
2022-05-27,8.5,8.85,8.4336,8.85,8.527000000000005,10.906992436962714,6.147007563037295,60.86414449722915,49.73383372056542,0,0,,,,18.225155555555556,18.407407111111112,18.042904,,8.549000367962712,3.787967632226974,-7.754846779237024,0,47.049720671883826,35.616101723458236,,,,,0.19344018477047187,-0.7931959864747817,-0.9866361712452536,0.6291278387245708,47.049720671883826,,,,,47.049720671883826,,47.049720671883826,,-35.51208756068297,33.90699574482803,-16.953497872414015,0
2022-05-31,8.97,9.1,8.56,8.68,8.424000000000005,10.579721688901346,6.268278311098664,64.43108185096949,57.71429454880899,0,0,,,,18.160222222222224,18.341824444444445,17.978620000000003,,5.634659851527313,3.0389363722696405,-8.422718480745562,0,45.75025619835514,37.1921903748703,,,,,0.22267730881271763,-0.7082895352293566,-0.9309668440420742,0.6271072993856994,45.75025619835514,,,,,,,,,-33.33024984511994,33.91339229071706,-16.95669614535853,0
2022-06-01,8.72,8.9785,8.38,8.46,8.319500000000005,10.24297056125112,6.396029438748889,64.28415551409812,63.193127287432254,0,0,,,,18.09582222222222,18.276780444444444,17.914863999999998,,2.8321380819253728,1.6888034136666397,-9.324758842443737,0,44.05452756942391,38.77457613409666,,,,,0.22377702023173573,-0.6512455687524046,-0.8750225889841403,0.5233169011306622,44.05452756942391,,,,,,,,,-32.73787496552106,33.91515504467532,-16.95757752233766,0
2022-06-02,8.54,9.39,8.4606,9.3,8.235500000000005,9.800152996673571,6.670847003326439,72.12390096775978,66.94637944427579,0,0,,,,18.037377777777778,18.217751555555555,17.857004,,11.29727142173287,12.925748284864236,0.9370138562280639,0,51.45336142042987,40.43376273024928,,,,,0.2743197883931865,-0.5321228534926572,-0.8064426418858437,0.53639040778054,51.45336142042987,,,,,51.45336142042987,,51.45336142042987,,-31.16092126998809,33.906200856699904,-16.953100428349952,0
2022-06-03,9.04,9.25,8.86,8.94,8.176500000000004,9.526763307655077,6.826236692344931,67.1003789315357,67.83614513779787,0,0,,,,17.981288888888887,18.161101777777777,17.801475999999997,,6.188383418458243,9.337736195193468,-1.7654384294190972,0,48.493381940443676,41.2581986845322,,,,,0.2759965443564887,-0.4614469614402328,-0.7374435057967215,0.6714873397272232,48.493381940443676,,,,,,,,,-30.067243457837666,33.89045574610852,-16.94522787305426,0
2022-06-06,9.11,9.21,8.78,8.98,8.151500000000004,9.420362088644625,6.882637911355384,69.32094345883445,69.51507445270998,0,0,,,,17.92577777777778,18.105035555555556,17.74652,,5.535315548243025,10.163773538612485,-0.23700192564067857,0,48.84551019947544,42.207543247476245,,,,,0.27185514582177794,-0.397624573519499,-0.6694797193412769,0.7117566972559065,48.84551019947544,,,,,,,,,-28.273994552465325,33.864925324945794,-16.932462662472897,0
2022-06-07,8.89,9.14,8.73,9.13,8.235000000000003,9.53036867338978,6.939631326610225,73.00121480243834,69.80751239760282,0,0,,,,17.87137777777778,18.050091555555557,17.692664000000004,,5.904187449251808,10.868245294474765,2.5612221972590277,0,50.21989888161905,43.06351854399204,,,,,0.27068446987059624,-0.3311241320030316,-0.6018086018736278,0.8117511140965266,50.21989888161905,,,,,,,,,-28.27039032871052,33.83931801937087,-16.919659009685436,0
2022-06-08,9.18,9.42,9.09,9.18,8.329500000000003,9.611006535293377,7.04799346470663,74.75784181280923,72.360000024694,0,0,,,,17.816444444444446,17.99460888888889,17.63828,,4.508196721311464,10.210696920583429,3.8774894387446857,0,50.69542726140833,44.08106453438545,,,,,0.2644384430076794,-0.27126054811402867,-0.535698991121708,0.8296319356781263,50.69542726140833,,,,,,,,,-27.218983777038588,33.80867691281972,-16.90433845640986,0
2022-06-09,9.13,9.16,8.67,8.68,8.428000000000004,9.478458947317593,7.377541052682416,68.73353492292051,72.16419717938936,0,0,,,,17.756444444444444,17.93400888888889,17.578879999999998,,-1.9873532068654054,2.990033222591304,-1.078863394620877,0,45.96665645813813,44.57316558556556,,,,,0.21963628776667204,-0.261153631413368,-0.48078991918004005,0.7996093973659676,45.96665645813813,,,,,,,,,-27.663241561266144,33.78007814127864,-16.89003907063932,0
2022-06-10,8.48,8.58,8.14,8.26,8.474000000000006,9.403460058313133,7.544539941686878,62.416744239231704,68.63604032498716,0,0,,,,17.69306666666667,17.869997333333338,17.516136000000003,,-6.624463034139727,-2.525371725277381,-4.893494530800235,0,42.38977491877517,44.90191088795266,,,,,0.15762131880213687,-0.28376327067736895,-0.4413845894795058,0.6085295776619103,42.38977491877517,,,,,,,,,-29.681707091297536,33.76164186872303,-16.880820934361516,0
2022-06-13,7.99,8,7.5,7.64,8.439000000000004,9.436254230374402,7.441745769625605,47.31542361292293,59.48856759169172,0,0,,,,17.628933333333336,17.80522266666667,17.452644000000003,,-12.4355300859599,-9.467946439151598,-11.09042243686722,0,37.72320948264051,44.92621907241811,,,,,0.07494583517871078,-0.3477022955061173,-0.4226481306848281,0.21579369854753394,37.72320948264051,37.72320948264051,,37.72320948264051,,,,,,-33.51770277243927,33.76667599284814,-16.88333799642407,0
2022-06-14,7.735,7.98,7.585,7.82,8.428000000000004,9.44722715819369,7.408772841806318,43.754157227175014,51.16210835977656,0,0,,,,17.56675555555556,17.742423111111115,17.391088000000003,,-9.480263919435128,-7.214048410061746,-7.95307411621613,0,39.79540803407993,45.286556959728905,,,,,0.034538041029848254,-0.37947557939751775,-0.414013620427366,-0.20903963235584178,39.79540803407993,,,,,,,,,-35.51793540764874,33.78576414628179,-16.892882073140896,0
2022-06-15,7.92,8.3,7.815,8.12,8.416000000000006,9.44376261850665,7.3882373814933615,41.81499071779663,44.294857185964865,0,0,,,,17.504488888888893,17.67953377777778,17.329444000000006,,-5.636257989540983,-3.517110266159773,-3.5018222151798617,0,43.188346663566314,45.59419161294449,,,,,0.030320459598704663,-0.3761130459289852,-0.40643350552768986,-0.49361955807674984,43.188346663566314,,,,,,,,,-35.54321144875251,33.804417661963775,-16.902208830981888,0
2022-06-16,7.84,7.985,7.58,7.67,8.399000000000004,9.4636482987352,7.334351701264809,34.26716014298894,39.9454360293202,0,0,,,,17.442222222222227,17.61664444444445,17.267800000000005,,-9.144752428334534,-8.679604714847056,-7.6385822662866865,0,39.58464307079496,45.37215162650244,,,,,0.0010749406420694219,-0.4050898297251031,-0.4061647703671725,-0.7002255895722417,39.58464307079496,,,,,,,,,-35.1078604978566,33.819210911811666,-16.909605455905833,0
2022-06-17,7.7,8.33,7.69,8.24,8.395500000000004,9.461754660013174,7.329245339986834,44.47299229536697,40.18504771871752,0,0,,,,17.37857777777778,17.55236355555556,17.204792000000005,,-1.5766841853798508,-1.8521827169317273,-0.02022244691608499,0,45.7585592119126,45.279925807933076,,,,,0.022767060832671382,-0.3777059443263333,-0.4004730051590047,-0.6945548970618929,45.7585592119126,,,,,,,,,-33.5711544358037,33.82265665954119,-16.911328329770594,0
2022-06-21,8.59,9.05,8.56,8.71,8.427000000000003,9.49133265476535,7.362667345234656,52.80252265521702,43.84755836452431,0,0,,,,17.318711111111114,17.491898222222225,17.145524,,4.3738765727980855,3.3582532336537074,6.012658227848089,0,50.27118362659133,45.602849195664234,,,,,0.06881511251107575,-0.31445411452016003,-0.3832692270312358,-0.6086229114390918,50.27118362659133,,,,,,,,,-31.51040194376473,33.812744149315094,-16.906372074657547,0
2022-06-22,8.52,9.285,8.45,9.01,8.477000000000004,9.552176264618865,7.401823735381142,59.493281193025126,52.256265381203036,0,0,,,,17.262266666666672,17.434889333333338,17.089644000000007,,8.12432497299891,6.287601745900617,8.9787525702536,0,52.96124313657914,46.23904316474675,,,,,0.1167092288231692,-0.23738269100227427,-0.35409191982544347,-0.5013745386951077,52.96124313657914,,,,,,,,,-27.363096593143755,33.78160404613993,-16.890802023069966,0
2022-06-23,9.02,9.5,8.84,9.46,8.572500000000003,9.640636227266816,7.504363772733191,71.81486263555755,61.37022216126656,0,0,,,,17.206088888888896,17.378149777777786,17.034028000000006,,13.144360722401638,10.352872557596937,13.429256594724205,0,56.74133873085893,46.61675582977739,,,,,0.1725563795974016,-0.13839644532869144,-0.31095282492609305,-0.1315684891637134,56.74133873085893,,,,,,,,,-23.51826971153324,33.73698146921216,-16.86849073460608,0
2022-06-24,9.53,10.2,9.48,10.19,8.684000000000003,9.924732041981587,7.443267958018419,79.75715651782988,70.35510011547085,0,0,,,,17.152533333333338,17.324058666666673,16.981008000000003,,19.713345864661648,17.342238599723593,20.506149479659406,0,62.066845453012384,47.58628893781802,,,,,0.24793639334527237,-0.0010323332445025812,-0.24896872658977495,0.2288075976648074,62.066845453012384,,,,,62.066845453012384,,62.066845453012384,,-18.935180874843507,33.683868568660465,-16.841934284330232,0
2022-06-27,10.15,10.16,9.51,9.62,8.747000000000003,10.042285296758905,7.451714703241102,76.1822701844004,75.91809644592927,0,0,,,,17.096177777777783,17.26713955555556,16.925216000000006,,11.239592969472678,9.980564765062262,12.751992498827903,0,56.24441943100157,48.11478245435559,,,,,0.24807962215457616,0.061130801103445265,-0.1869488210511309,0.4247073974312741,56.24441943100157,,,,,,,,,-16.842317878776587,33.62972919374735,-16.814864596873676,0
2022-06-28,9.57,9.88,9.19,9.31,8.770000000000001,10.087922607742938,7.452077392257065,72.97184047060718,76.30375572427914,0,0,,,,17.03746666666667,17.207841333333338,16.867092000000003,,5.61542824730572,6.157354618015942,8.706651617171968,0,53.31510432503686,48.33586855745687,,,,,0.21708555240462363,0.08440811945464866,-0.13267743294997497,0.5894726681366117,53.31510432503686,,,,,,,,,-16.930527900945176,33.575870031311624,-16.787935015655812,0
2022-06-29,9.35,9.42,9.07,9.23,8.797500000000003,10.129639256984703,7.465360743015303,67.29611346412423,72.15007470637727,0,0,,,,16.981511111111114,17.151326222222227,16.811696,,3.0594015185350543,4.916169366297218,7.275685727568537,0,52.55441238610565,48.46865320922097,,,,,0.18238326829124768,0.09530165241408461,-0.08708161587716305,0.7492942031490948,52.55441238610565,,,,,,,,,-19.36532673266375,33.52398518274227,-16.761992591371136,0
2022-06-30,9.02,9.19,8.72,9.07,8.828000000000001,10.155759014279283,7.500240985720719,63.15482218658221,67.80759204043788,0,0,,,,16.919911111111112,17.089110222222224,16.750712,,0.2099215556292222,2.741277752605331,5.126917281613408,0,50.98752718202032,48.827286832355405,,,,,0.14165479686476704,0.08998688020379575,-0.051667916660971286,0.7924263090244958,50.98752718202032,50.98752718202032,,50.98752718202032,,,,,,-20.64551416800024,33.474137987385255,-16.737068993692628,0
2022-07-01,9.11,9.43,9.0305,9.27,8.826500000000001,10.152188877527413,7.500811122472589,65.13323861146415,65.19472475405686,0,0,,,,16.85924444444445,17.027836888888896,16.690652000000004,,0.6405384865920905,5.0246417039596425,6.924526125571906,0,52.878736581346494,49.57649837968194,,,,,0.12193578078834977,0.10075180932446592,-0.021183971463883844,0.7900784481627889,52.878736581346494,,,,,,,,,-20.455583431230433,33.42420642511043,-16.712103212555213,0
2022-07-05,9.14,10.1,9,10.07,8.883000000000001,10.315258356582333,7.450741643417669,72.68095014417999,66.98967031407545,0,0,,,,16.80466666666667,16.972713333333335,16.636620000000004,,7.196082605918663,13.36260272430485,15.371395837311441,0,59.59480199234971,51.138754987518304,,,,,0.15443146969252952,0.17185536565177806,0.017423895959248537,0.786209311220622,59.59480199234971,,,,,,,,,-17.70982554482676,33.3716382621033,-16.68581913105165,0
2022-07-06,10.01,10.31,9.74,9.8,8.924000000000003,10.41092165227349,7.437078347726515,73.41529269737795,70.40982715100736,0,0,,,,16.737600000000004,16.904976000000005,16.570224000000003,,3.1253288435230786,9.816225907664688,11.545320028834837,0,56.65965164769542,52.34334381706226,,,,,0.1493139655600718,0.20406635290933828,0.05475238734926648,0.7528668899353628,56.65965164769542,,,,,,,,,-15.253334650113755,33.31918046515114,-16.65959023257557,0
2022-07-07,9.76,10.28,9.75,10.18,8.976500000000001,10.559829087713574,7.393170912286429,77.56412316124732,74.55345533426842,0,0,,,,16.672177777777783,16.83889955555556,16.505456000000006,,5.821205821205799,13.407229989416791,14.924362158500749,0,59.67024481752162,53.52062225663051,,,,,0.1620306734946493,0.2572907292175781,0.09526005572292881,0.7463885791913007,59.67024481752162,,,,,59.67024481752162,59.67024481752162,59.67024481752162,,-12.239756160476198,33.26990430086344,-16.63495215043172,0
2022-07-08,9.92,10.38,9.83,10.17,9.026000000000002,10.691453691940973,7.360546308059029,79.06599351650942,76.68180312504491,0,0,,,,16.608488888888896,16.774573777777785,16.442404000000007,,4.942730368382997,12.674495900731198,13.690564912803671,0,59.55300788069805,54.94693402876645,,,,,0.1600006996342268,0.2952609302657123,0.1352602306314855,0.7169554915622147,59.55300788069805,,,,,,,,,-11.511216456872503,33.22206263678097,-16.611031318390484,0
2022-07-11,9.98,9.9938,9.53,9.56,9.070000000000004,10.743045127902914,7.396954872097094,70.53402880586799,75.72138182787491,0,0,,,,16.54444444444445,16.709888888888894,16.37900000000001,,-0.7062733693394607,5.4024255788312825,6.237961179433982,0,52.74524424015316,55.44598295935506,,,,,0.11017893364965986,0.27298389769356035,0.1628049640439005,0.5649177610116878,52.74524424015316,,,,,,,,,-11.797344066491826,33.17392493098568,-16.58696246549284,0
2022-07-12,9.66,9.9599,9.27,9.49,9.131500000000003,10.771015477206525,7.49198452279348,65.70941965819605,71.7698139935245,0,0,,,,16.474266666666672,16.639009333333338,16.309524000000007,,-1.3000520020800987,3.925970541532031,5.020472905677065,0,52.01048582897985,55.57021883095423,,,,,0.06722435592687054,0.24683540895248868,0.17961105302561814,0.3581015137635567,52.01048582897985,,,,,,,,,-13.42001648269048,33.12375484322911,-16.561877421614554,0
2022-07-13,9.22,9.55,9.05,9.28,9.213500000000003,10.703671466643918,7.723328533356088,59.71734911928614,65.32026586111674,0,0,,,,16.408133333333343,16.572214666666675,16.24405200000001,,-3.4540158135664023,0.7217669723774467,2.533883323512054,0,49.77052996063463,55.342310746958205,,,,,0.021738057870601984,0.20678362536387063,0.18504556749326864,0.07434043037452542,49.77052996063463,,,,,,,,,-15.603973387240941,33.072365915331154,-16.536182957665577,0
2022-07-14,9.23,9.28,8.85,8.9,9.267500000000002,10.624052616008603,7.910947383991401,46.175908152702036,57.20089231006141,0,0,,,,16.340977777777788,16.504387555555567,16.177568000000008,,-7.0884225910846865,-3.965470731049381,-1.7443144181938708,0,45.91689929110827,54.569136501261724,,,,,-0.033849154816510685,0.1427341239726303,0.17658327878914098,-0.18135026736599874,45.91689929110827,45.91689929110827,,45.91689929110827,,,,,,-17.130207795412446,33.02126652702111,-16.510633263510556,0
2022-07-15,9.01,9.12,8.65,9.04,9.313500000000001,10.569991543942836,8.057008456057167,38.42347955211269,48.10557894136696,0,0,,,,16.270844444444453,16.433552888888897,16.10813600000001,,-5.597326649958257,-2.9365974123584215,-0.4112808460634665,0,47.528834775039996,53.530707167120845,,,,,-0.05959111730843811,0.10209438215359334,0.16168549946203145,-0.14239140899000055,47.528834775039996,,,,,,,,,-18.01994551746885,32.97083334029642,-16.48541667014821,0
2022-07-18,9.25,9.45,9.005,9.03,9.381500000000003,10.399405201872842,8.363594798127163,36.43321040468896,40.34419936983456,0,0,,,,16.199422222222232,16.361416444444455,16.03742800000001,,-5.464824120603041,-3.746735596653017,-0.42271641242421776,0,47.420115804652454,52.90039976523877,,,,,-0.07471404832845846,0.06829293905145839,0.14300698737991685,-0.2272178805228084,47.420115804652454,,,,,,,,,-18.410283064075816,32.92091120813889,-16.460455604069445,0
2022-07-19,9.15,9.37,8.89,9.34,9.436500000000002,10.310439929285645,8.56256007071436,44.47281345450609,39.77650113710258,0,0,,,,16.13271111111112,16.29403822222223,15.97138400000001,,-1.4663994092204091,-1.0226249138981847,2.844558634611838,0,51.15050878777429,52.745785798291436,,,,,-0.06179646626229435,0.06576140455204893,0.12755787081434328,-0.3060383613165065,51.15050878777429,,,,,,,,,-16.755752922476876,32.870420235884104,-16.435210117942052,0
2022-07-20,9.44,10.2,9.44,10.11,9.506500000000004,10.360508782156021,8.652491217843988,56.34610964234537,45.750711167180135,0,0,,,,16.06711111111112,16.22778222222223,15.906440000000009,,6.30914826498421,6.348288013464409,10.863367205205021,0,58.94239025665629,53.2020699319022,,,,,-0.002483822823045434,0.12445309228553647,0.1269369151085819,-0.18881520091071585,58.94239025665629,,,,,,,,,-13.188263795004401,32.82191255953667,-16.410956279768335,0
2022-07-21,10.37,10.76,10.22,10.49,9.580500000000004,10.50331038138917,8.657689618610839,67.95596698272625,56.25829669319256,0,0,,,,15.999466666666676,16.159461333333343,15.83947200000001,,9.946546483597096,9.49324148008972,14.461337018985931,0,62.15098201364083,53.999459562732234,,,,,0.0579158517303196,0.1993317297714814,0.1414158780411618,-0.06717911682407139,62.15098201364083,,,,,62.15098201364083,,62.15098201364083,,-8.43138699539377,32.78327718363118,-16.39163859181559,0
2022-07-22,10.35,10.57,9.73,9.84,9.599500000000003,10.527238648542674,8.67176135145733,64.25266029015236,62.851578971741326,0,0,,,,15.92871111111112,16.087998222222232,15.76942400000001,,3.4917963819941056,2.505338819730163,7.111756168359928,0,54.32978492008537,54.10310587264216,,,,,0.049966409907445136,0.20387389042546822,0.15390748051802308,-0.11374000769439911,54.32978492008537,,,,,,,,,-6.611511051961755,32.75064846713697,-16.375324233568485,0
2022-07-25,9.83,9.85,9.52,9.68,9.574000000000003,10.462625905541673,8.685374094458334,62.47010595819478,64.89291107702446,0,0,,,,15.854666666666676,16.013213333333344,15.69612000000001,,1.6806722689075348,1.1071652391894338,4.989154013015185,0,52.57589153426503,53.6017551256361,,,,,0.030750560673863586,0.19234568136035257,0.16159512068648899,0.0013155848463401012,52.57589153426503,,,,,,,,,-7.637351461598964,32.714630536327704,-16.357315268163852,0
2022-07-26,9.66,9.66,9.38,9.4,9.563000000000004,10.454517806888685,8.671482193111324,54.82517846379602,60.51598157071438,0,0,,,,15.78000000000001,15.93780000000001,15.62220000000001,,-1.1670697087582838,-1.704486039945663,1.5338085979692995,0,49.56063152146921,53.094682259477096,,,,,-0.0022477342947514467,0.15878545281804968,0.16103318711280112,-0.010307435201631323,49.56063152146921,,,,,,,,,-10.639480357813204,32.67088650932703,-16.335443254663517,0
2022-07-27,9.67,10.03,9.5,10.02,9.598500000000005,10.503337554481227,8.693662445518783,60.45417556213161,59.24981999470746,0,0,,,,15.70671111111112,15.863778222222232,15.54964400000001,,4.538341158059445,4.391311142365928,7.311152363272866,0,55.628800098933446,52.80600763672079,,,,,0.015286246386635838,0.18014099509609593,0.1648547487094601,0.25758267501458876,55.628800098933446,,,,,,,,,-9.754203299115732,32.6292660733934,-16.3146330366967,0
2022-07-28,10.03,10.2,9.74,10.13,9.643500000000005,10.559999318057327,8.727000681942682,64.01997905774952,59.766444361225716,0,0,,,,15.633333333333342,15.789666666666676,15.477000000000007,,4.346930366707857,5.044848861927687,7.601883652586472,0,56.62582252727033,52.59692296861881,,,,,0.03099186923712316,0.20359458525586405,0.1726027160187409,0.5607325765793939,56.62582252727033,,,,,,,,,-8.056964644386154,32.59232704817911,-16.296163524089554,0
2022-07-29,10.01,10.35,9.92,10.35,9.707500000000005,10.633585849151995,8.781414150848015,68.32519354015793,64.26644938667968,0,0,,,,15.560666666666673,15.71627333333334,15.405060000000006,,5.193617237524117,6.618593870718459,9.07749596009273,0,58.62809841202242,53.01712683803805,,,,,0.05167750439918689,0.2371995965177245,0.1855220921185376,0.6826750634638598,58.62809841202242,,,,,,,,,-4.907397453104771,32.566654520944034,-16.283327260472017,0
2022-08-01,10.25,10.7,10.1216,10.47,9.767500000000005,10.72730987700668,8.80769012299333,72.29878327945488,68.21465195912077,0,0,,,,15.493511111111118,15.64844622222223,15.338576000000007,,4.878293098267061,7.192219093933905,9.267376330619914,0,59.720347347378265,53.567831232209365,,,,,0.0679005897551106,0.27039782931242584,0.20249723955731525,0.7682052372187498,59.720347347378265,,,,,,,,,-3.309898269136814,32.54799070300803,-16.273995351504016,0
2022-08-02,10.32,11.23,10.26,10.92,9.810000000000006,10.88766414062989,8.73233585937012,80.53274942419618,73.71890874793633,0,0,,,,15.425911111111116,15.580170222222227,15.271652000000005,,7.681688196430314,11.314984709480047,12.911008478665442,0,63.60113548398348,54.55573162673428,,,,,0.10138126428566938,0.32922381991440197,0.2278425556287326,0.8162483743853416,63.60113548398348,,,,,,,,,-0.6454163128163141,32.54294964378577,-16.271474821892884,0
2022-08-03,11.08,11.34,11.04,11.2,9.880000000000006,11.11618768801488,8.643812311985132,84.10481829389127,78.97878366584744,0,0,,,,15.358888888888897,15.512477777777786,15.205300000000008,,9.268292682926793,13.360323886639591,14.82076342138534,0,65.8085406555309,55.97656315276446,,,,,0.1328434778351128,0.3938969029226236,0.2610534250875108,0.8227631710327098,65.8085406555309,,,,,,,,,2.2940143289840864,32.555690864912826,-16.277845432456413,0
2022-08-04,11.19,11.41,11.03,11.32,9.937000000000006,11.31970893538716,8.554291064612853,87.38774275415601,84.00843682408116,0,0,,,,15.294400000000008,15.447344000000008,15.141456000000009,,9.55192102971061,13.917681392774405,15.14206279243233,0,66.73950036718418,57.348753552203334,,,,,0.15087765455429125,0.4496504932803749,0.2987728387260836,0.8288929114813357,66.73950036718418,,,,,,,,,5.235867224655672,32.58902137473654,-16.29451068736827,0
2022-08-05,11.01,11.62,10.85,11.45,10.001000000000005,11.531514946022973,8.470485053977036,88.54343510670797,86.67866538491842,0,0,,,,15.228577777777785,15.380863555555562,15.076292000000008,,9.109967600533619,14.488551144885452,15.683831206008136,0,67.76351855913416,58.801853748952034,,,,,0.15984431253291415,0.4985782293922263,0.33873391685931215,0.8283879547950614,67.76351855913416,,,,,67.76351855913416,,67.76351855913416,,7.124552136521277,32.63668538932828,-16.31834269466414,0
2022-08-08,9.77,10.4,9.71,9.82,10.014000000000006,11.533689441958296,8.494310558041716,66.71525354272524,80.88214380119639,0,1,,,,15.151866666666674,15.30338533333334,15.000348000000008,,-6.547392462885416,-1.9372877970841418,-0.6609117885082227,0,47.86483308407353,58.56716262725912,,,,,0.04997417256351705,0.40120163256370844,0.3512274600001914,0.5730296110954626,47.86483308407353,,,,,,,,,2.9517529689104847,32.65215559668932,-16.32607779834466,0
2022-08-09,9.54,9.57,9.01,9.25,10.002000000000006,11.5417090634271,8.462290936572913,49.12904741520176,68.12924535487831,0,0,,,,15.065733333333338,15.21639066666667,14.915076000000004,,-11.845992566472885,-7.5184963007399075,-6.310138762280959,0,43.0987160128884,57.43547160984713,,,,,-0.061088173420632275,0.27486724322440104,0.3359554166450333,0.27916441318972607,43.0987160128884,43.0987160128884,,43.0987160128884,,,,,,-3.3761345342553586,32.631854242703064,-16.315927121351532,0
2022-08-10,9.51,9.66,9.32,9.59,10.017500000000007,11.533888802385283,8.501111197614732,46.237382130530705,54.02722769615256,0,0,,,,14.98075555555556,15.130563111111115,14.830948000000003,,-8.229665071770341,-4.267531819316261,-2.958140789961883,0,46.51954967622088,56.31894072860284,,,,,-0.1088623929614797,0.19987742544318365,0.30873981840466336,0.18629970244529334,46.51954967622088,,,,,,,,,-8.999531838163941,32.592264522484186,-16.296132261242093,0
2022-08-11,9.76,10.05,9.4,9.42,10.043500000000005,11.49896246945761,8.588037530542401,39.719248427296215,45.028559324342886,0,0,,,,14.904622222222228,15.053668444444451,14.755576000000005,,-9.239811157144251,-6.20799522078962,-4.739432346794315,0,45.06085627348126,55.65687439670255,,,,,-0.14676332654378765,0.12528566022492882,0.27204898676871647,-0.02509931828575694,45.06085627348126,,,,,,,,,-10.031817713870664,32.55051900438631,-16.275259502193155,0
2022-08-12,9.55,9.97,9.42,9.91,10.087000000000007,11.470099417973811,8.703900582026202,44.1123094033685,43.35631332039846,0,0,,,,14.830355555555562,14.978659111111117,14.682052000000006,,-4.112239961296571,-1.7547338158025783,-0.06722689075630006,0,49.93393898838861,55.468163500568515,,,,,-0.13403488476989062,0.10450538080635319,0.2385402655762438,-0.173762210320626,49.93393898838861,,,,,,,,,-7.7085942806301375,32.514598839112594,-16.257299419556297,0
2022-08-15,9.82,10.1,9.76,9.91,10.131000000000006,11.430244395793064,8.831755604206947,43.52566584786253,42.4524078928424,0,0,,,,14.752488888888893,14.900013777777781,14.604964000000004,,-3.589843369977619,-2.18142335406184,-0.28174683034816184,0,49.93393898838861,55.49482831963419,,,,,-0.12120533998305497,0.0870335905974251,0.20823893058048007,-0.3967204008153056,49.93393898838861,,,,,,,,,-6.4579219375614185,32.482612656870906,-16.241306328435453,0
2022-08-16,9.85,9.88,9.36,9.74,10.151000000000007,11.4126956843865,8.889304315613513,40.891603666644926,42.8431929726253,0,0,,,,14.667911111111117,14.814590222222229,14.521232000000005,,-4.143292982974122,-4.048862181065971,-1.8837513851113097,0,48.21321888604266,54.96514394728485,,,,,-0.11955772308580503,0.058791776723223776,0.1783494998090288,-0.5251501678684126,48.21321888604266,,,,,,,,,-5.218018566548689,32.455019817668315,-16.227509908834158,0
2022-08-17,9.56,9.6188,9.33,9.43,10.117000000000006,11.417339955549933,8.81666004445008,36.889015612661126,40.43542837572284,0,0,,,,14.582888888888894,14.728717777777783,14.437060000000004,,-5.548878205128204,-6.790550558466013,-4.888380849919316,0,45.157313137648245,54.145964705168986,,,,,-0.13366706945963652,0.011265662984483171,0.1449327324441197,-0.6537649189418606,45.157313137648245,,,,,,,,,-6.505331990716223,32.42299230687866,-16.21149615343933,0
2022-08-18,9.42,9.47,9.12,9.15,10.050000000000008,11.403558273588375,8.69644172641164,31.387740481095477,36.38945325346717,0,0,,,,14.501466666666671,14.646481333333337,14.356452000000004,,-6.317190539572037,-8.955223880597085,-7.391788401201049,0,42.534904817675944,52.99645087700138,,,,,-0.15469375569327562,-0.048434462172474824,0.1062592935208008,-0.7446258760621307,42.534904817675944,,,,,,,,,-8.642170595216381,32.38495842493228,-16.19247921246614,0
2022-08-19,9,9.01,8.48,8.51,9.983500000000006,11.49344403869799,8.473555961302022,22.621162580973984,30.299306224910183,0,0,,,,14.426666666666671,14.570933333333338,14.282400000000004,,-10.165734191913888,-14.759352932338421,-13.384223918575056,0,37.215074937458006,51.388931419149934,,,,,-0.20157562351638394,-0.14571023587467913,0.05586538764170482,-0.8217547514609083,37.215074937458006,,,,,,,,,-12.239406208299982,32.34050819924527,-16.170254099622635,0
2022-08-22,8.32,8.4,8.06,8.07,9.903000000000008,11.625754770708687,8.180245229291328,19.014234800340567,24.34104595413666,0,0,,,,14.35355555555556,14.497091111111116,14.210020000000005,,-13.207141320714143,-18.509542562859803,-17.445270408511206,0,34.061032890225306,49.27892409102435,,,,,-0.24898242889768235,-0.25536264848039814,-0.006380219582715771,-0.8471835034294266,34.061032890225306,,,,,,,,,-16.29444840357783,32.29436519806252,-16.14718259903126,0
2022-08-23,8.1,8.28,8,8.01,9.833500000000006,11.734723553399128,7.932276446600884,16.736973315435232,19.45745689891658,0,0,,,,14.282311111111115,14.425134222222226,14.139488000000004,,-12.688031393067378,-18.54375349570352,-17.643429981492897,0,33.64231862437909,46.981336803084936,,,,,-0.26941491832646763,-0.3431488674908003,-0.07373394916433268,-0.849624651403026,33.64231862437909,33.64231862437909,,33.64231862437909,,,,,,-19.72464427200836,32.25135656999006,-16.12567828499503,0
2022-08-24,8.04,8.36,7.98,8.1,9.737500000000008,11.780007037931465,7.694992962068551,16.842785190673307,17.53133110214969,0,0,,,,14.21017777777778,14.352279555555558,14.068076000000001,,-10.2493074792244,-16.816431322208025,-16.379903647625614,0,34.93439258755045,44.70954339025395,,,,,-0.26168262356806127,-0.4008372286244093,-0.13915460505634802,-0.837605780444611,34.93439258755045,,,,,,,,,-20.891633212682425,32.21045479078579,-16.105227395392895,0
2022-08-25,8.22,8.43,8.05,8.42,9.652000000000008,11.76362117814715,7.540378821852867,20.35050815365296,17.97675555325382,1,0,,,,14.144622222222223,14.286068444444446,14.003176,,-5.6582633053221425,-12.764193949440605,-12.932579622225294,0,39.44889991474767,42.687070629940635,,,,,-0.22142803708178863,-0.4159396514085838,-0.19451161432679517,-0.8164439850769113,39.44889991474767,,,,,,,,,-19.54133713141223,32.16751854104677,-16.083759270523384,0
2022-08-26,8.42,8.43,7.93,7.94,9.531500000000008,11.742746481059854,7.320253518940163,17.107508806809435,18.100267383711884,0,0,,,,14.076755555555554,14.21752311111111,13.935987999999998,,-9.02841429880844,-16.697266956932346,-17.583558231264284,0,35.47302229479061,41.801941287849,,,,,-0.2134487719104761,-0.4613225792148903,-0.2478738073044142,-0.8355642073626457,35.47302229479061,,,,,,,,,-19.52795756375654,32.12473424117584,-16.06236712058792,0
2022-08-29,7.82,7.9983,7.76,7.81,9.39850000000001,11.686602051919785,7.110397948080234,17.8033541775976,18.420457046019983,0,0,,,,14.006666666666664,14.14673333333333,13.866599999999998,,-8.311810284104283,-16.901633239346793,-18.589298123697017,0,34.46004264637618,41.184893190240984,,,,,-0.20329466386427808,-0.5019921371347618,-0.2986974732704837,-0.9008055327734593,34.46004264637618,,,,,,,,,-20.178450239555065,32.08308180782869,-16.041540903914346,0
2022-08-30,7.93,7.975,7.68,7.79,9.242000000000008,11.520574993279704,6.963425006720312,16.52789706380362,17.146253349403537,0,0,,,,13.935822222222223,14.075180444444445,13.796464,,-6.403940886699533,-15.71088508980747,-18.358078602620086,0,34.297772075169064,40.31190907588014,,,,,-0.18482640887928686,-0.5297304843695922,-0.3449040754903054,-0.913920986825103,34.297772075169064,,,,,,,,,-21.96874437959185,32.044990095895756,-16.022495047947878,0
2022-08-31,7.95,8,7.7,7.72,9.068000000000008,11.251424832688215,6.884575167311802,14.434140260582101,16.255130500661092,0,0,,,,13.865688888888887,14.004345777777775,13.727031999999998,,-5.2993130520118115,-14.865460961623377,-18.410484041428877,0,33.699633435112545,39.5003931588538,,,,,-0.1648847705270184,-0.5510100386490784,-0.38612526812206,-0.9272703478183267,33.699633435112545,,,,,,,,,-22.40785003852388,32.008028518989306,-16.004014259494653,0
2022-09-01,7.61,7.62,7.22,7.49,8.876500000000007,10.902424727130725,6.850575272869289,12.1480911576848,14.370042827356821,0,0,,,,13.7944,13.932344,13.656455999999999,,-6.210869020786392,-15.619895228975455,-19.995727408673357,0,31.74092409222459,38.20089209484208,,,,,-0.15490003812477754,-0.5797503157780319,-0.4248502776532544,-0.9168886956002479,31.74092409222459,,,,,,,,,-23.204808702691697,31.973166540784323,-15.986583270392162,0
2022-09-02,7.67,7.67,7.35,7.4,8.674000000000008,10.420933312980106,6.927066687019911,10.756749509116958,12.446326975794603,0,0,,,,13.722,13.859219999999999,13.58478,,-6.031746031746044,-14.687572054415575,-20.26434882551541,0,30.98207626761618,36.847187614786904,,,,,-0.14239199619178888,-0.6028402728929905,-0.4604482767012016,-0.9065902373561922,30.98207626761618,,,,,,,,,-24.28285485070694,31.941423206542336,-15.970711603271168,0
2022-09-06,7.45,7.46,7.17,7.28,8.547000000000008,10.311438720953408,6.782561279046608,9.187231017297464,10.697357228033058,0,0,,,,13.647111111111112,13.783582222222224,13.51064,,-6.618778860954356,-14.823914823914897,-20.8752988913847,0,29.953798488777196,35.542943300696514,,,,,-0.13054807470851088,-0.6236333700868402,-0.4930852953783293,-0.9057619404273604,29.953798488777196,29.953798488777196,,29.953798488777196,,,,,,-25.546568077564388,31.913787097469193,-15.956893548734596,0
2022-09-07,7.27,7.43,7.18,7.39,8.454000000000008,10.25609211751223,6.6519078824877855,12.262276370042951,10.735418965485776,1,0,,,,13.571733333333334,13.707450666666668,13.436016,,-4.447892423067001,-12.585758220960575,-19.090544140724795,0,32.17598025736129,34.61570523781888,,,,,-0.10476568084478355,-0.6240423964343087,-0.5192767155895252,-0.900707636110061,32.17598025736129,,,,,,,,,-25.68431392331165,31.886658612197685,-15.943329306098843,0
2022-09-08,7.33,7.53,7.27,7.53,8.351000000000008,10.11671685159305,6.585283148406966,20.352652938433316,13.934053441924561,0,0,,,,13.498533333333336,13.633518666666669,13.363548000000003,,-1.9148104728409665,-9.831157945156354,-16.801708898055388,0,35.002248371755385,34.077658348824556,,,,,-0.06944516612270268,-0.6060831732429035,-0.5366380071202008,-0.8939895924519454,35.002248371755385,,,,,,,,,-25.030332017808306,31.857395869012763,-15.928697934506381,0
2022-09-09,7.68,7.82,7.64,7.79,8.269500000000008,9.979932401470375,6.559067598529641,27.075277053625122,19.89673545403378,0,0,,,,13.425333333333334,13.559586666666668,13.291080000000001,,2.3115313895455625,-5.798415865530049,-13.180771231146448,0,40.00251193897131,34.27676099178979,,,,,-0.022181502537801046,-0.5643648852924521,-0.542183382754651,-0.7652278711362448,40.00251193897131,,,,,,,,,-23.080968675162243,31.82263151694947,-15.911315758474736,0
2022-09-12,7.86,8.03,7.82,8.01,8.1745,9.712257783267638,6.636742216732362,39.89446282790959,29.107464273322663,0,0,,,,13.351200000000004,13.484712000000004,13.217688000000004,,5.104317018763926,-2.012355495748974,-9.946035077199832,0,43.93291049161195,34.98189510617455,,,,,0.02758810561088465,-0.5076982507410452,-0.5352863563519299,-0.5538686724332421,43.93291049161195,,,,,43.93291049161195,,43.93291049161195,,-20.756902965546796,31.783085886430275,-15.891542943215137,0
2022-09-13,7.63,7.66,7.45,7.48,8.053,9.394537923429727,6.7114620765702755,37.41724629181827,34.79566205778431,0,0,,,,13.276800000000005,13.409568000000005,13.144032000000005,,-1.4232999472851948,-7.115360735129772,-14.951677089255288,0,37.55084684468677,35.261075693339386,,,,,0.02839325942796944,-0.49979478206696815,-0.5281880414949376,-0.5532436390915246,37.55084684468677,,,,,,,,,-20.727417834938006,31.74363532627997,-15.871817663139986,0
2022-09-14,7.45,7.63,7.33,7.63,7.947500000000001,9.052848361377619,6.842151638622383,38.45034178069876,38.58735030014219,0,0,,,,13.200577777777784,13.332583555555562,13.068572000000007,,0.7659799260433031,-3.994966970745528,-12.150752225974848,0,40.19862968893696,35.63709262915271,,,,,0.04179753178998613,-0.4759411267574549,-0.517738658547441,-0.45305708785307297,40.19862968893696,,,,,,,,,-21.09851808050216,31.704975074690502,-15.852487537345251,0
2022-09-15,7.47,8.1,7.45,8.01,7.8765,8.749913418720046,7.003086581279954,47.36554152618454,41.077709866233846,0,0,,,,13.127600000000005,13.258876000000004,12.996324000000005,,5.380870938034454,1.6949152542372836,-6.632474647394815,0,46.3988476632524,36.13351746833162,,,,,0.07697881111209381,-0.42151514465732376,-0.4984939557694176,0.0065192767032812215,46.3988476632524,,,,,46.3988476632524,,46.3988476632524,,-20.85689139236575,31.666028841279356,-15.833014420639678,0
2022-09-16,7.75,7.93,7.64,7.78,7.808,8.457295002291119,7.158704997708882,46.78818944607234,44.20135758431854,0,0,,,,13.049244444444447,13.179736888888891,12.918752000000003,,1.9659239842725995,-0.35860655737703917,-8.048694007800494,0,43.46166405790584,36.704134737125564,,,,,0.08486101049916883,-0.39241769264545656,-0.4772787031446254,0.23561104975749916,43.46166405790584,,,,,,,,,-19.54549136327225,31.62528028649602,-15.81264014324801,0
2022-09-19,7.64,7.86,7.58,7.86,7.775500000000001,8.340600875950644,7.210399124049358,57.76765883592971,50.64046326939552,0,0,,,,12.97075555555556,13.100463111111115,12.841048000000004,,2.3970818134444905,1.0867468330010954,-5.770460358056262,0,44.77125572746964,37.440649957203675,,,,,0.0948095379123729,-0.35876678075415924,-0.45357631866653214,0.4349369374797537,44.77125572746964,,,,,,,,,-18.388361770962447,31.583468511455028,-15.791734255727514,0
2022-09-20,7.78,7.915,7.6,7.62,7.753,8.305090572279807,7.200909427720192,56.421881672415125,53.65924331813904,0,0,,,,12.893244444444449,13.022176888888893,12.764312000000004,,-1.1673151750973054,-1.7154649812975653,-7.837445573294621,0,41.654112849210684,37.966102869635215,,,,,0.08489393891821412,-0.3474588950187645,-0.4323528339369786,0.5049282131472523,41.654112849210684,,,,,,,,,-19.387493560514564,31.542844202237205,-15.771422101118603,0
2022-09-21,7.72,8.07,7.655,7.69,7.737,8.276781437250499,7.197218562749501,58.54614067762306,57.57856039532262,0,0,,,,12.81346666666667,12.941601333333336,12.685332000000004,,-0.6459948320413411,-0.6074705958381776,-6.402142161635805,0,42.902772099676156,38.623469917104046,,,,,0.08263766773242459,-0.3290557492714479,-0.41169341700387246,0.57846257837642,42.902772099676156,,,,,,,,,-19.324728194800244,31.50230175238681,-15.751150876193405,0
2022-09-22,7.74,7.74,7.24,7.37,7.7005,8.235868097667604,7.165131902332396,51.03367827642941,55.33390020882252,0,0,,,,12.731200000000005,12.858512000000005,12.603888000000005,,-4.583117555670646,-4.2919290955132805,-9.481699828052047,0,38.81343943014893,39.128649584098646,,,,,0.060223155445422505,-0.33641447269709435,-0.39663762814251685,0.334455696382181,38.81343943014893,38.81343943014893,,38.81343943014893,,,,,,-20.667950679528868,31.463783975008365,-15.731891987504182,0
2022-09-23,7.2,7.42,7.13,7.4,7.649500000000001,8.086236762821898,7.212763237178104,40.295511072085674,49.95844334204603,0,0,,,,12.646044444444449,12.772504888888895,12.519584000000004,,-3.7085230969420957,-3.2616510883064276,-8.35535006605016,0,39.39664240876274,39.72969002275197,,,,,0.048547775521547765,-0.33595290874058215,-0.3845006842621299,0.08244721817581405,39.39664240876274,,,,,,,,,-21.068981466093856,31.426079800465033,-15.713039900232516,0
2022-09-26,7.35,7.83,7.35,7.53,7.629,8.047373039284599,7.2106269607154,43.6786569458605,45.002615431458516,0,0,,,,12.564311111111115,12.689954222222227,12.438668000000003,,-1.4010737200471635,-1.2976799056232724,-5.820061702659862,0,41.9775163233551,40.588527010936104,,,,,0.05048663460072067,-0.3213923910112291,-0.37187902561194974,-0.18989624944456862,41.9775163233551,,,,,,,,,-21.292771849450116,31.388906856293957,-15.694453428146979,0
2022-09-27,7.69,7.835,7.46,7.63,7.62,8.030073164203866,7.209926835796134,49.06673980364982,44.34696927386532,0,0,,,,12.482133333333337,12.60695466666667,12.357312000000004,,-0.2875065342394345,0.1312335958005173,-3.653506187389488,0,43.9547158976768,41.42986527095864,,,,,0.05882739757144151,-0.29834477864764786,-0.35717217621908937,-0.3891553745046453,43.9547158976768,,,,,,,,,-20.073115151238472,31.3499055172881,-15.67495275864405,0
2022-09-28,7.63,8,7.62,7.94,7.627500000000002,8.05485816360523,7.200141836394773,59.80904836678842,50.851481705432896,0,0,,,,12.399777777777784,12.523775555555561,12.275780000000006,,3.3450475074840336,4.0970173713536395,1.0263805242175295,0,49.679339104818105,42.47822889474883,,,,,0.08401114316159874,-0.2521582472670909,-0.33616939042868965,-0.30847705496790623,49.679339104818105,,,,,,,,,-17.795304133405516,31.308756503950097,-15.654378251975048,0
2022-09-29,8.05,8.33,7.78,8.08,7.645500000000001,8.115158386489572,7.175841613510431,68.68403940883492,59.186609193091044,0,0,,,,12.320133333333338,12.443334666666672,12.196932000000004,,5.071521456436945,5.683081551239266,3.3997355287292974,0,52.0608323096457,43.339537492654145,,,,,0.10739108915884354,-0.2019305289801352,-0.30932161813897874,-0.027051991191590047,52.0608323096457,,,,,,,,,-15.437983218455074,31.267253309050364,-15.633626654525182,0
2022-09-30,8.01,8.5,7.9709,8.13,7.677500000000002,8.186022369222762,7.168977630777242,72.08795739548611,66.86034839036981,0,0,,,,12.237377777777784,12.359751555555562,12.115004000000006,,5.242718446601957,5.8938456528817795,4.49423760764327,0,52.917842562352384,43.9813183548499,,,,,0.12242647735518508,-0.15628852144499739,-0.27871499880018247,0.337161324680897,52.917842562352384,,,,,,,,,-13.252713835755765,31.22711375383563,-15.613556876917816,0
2022-10-03,8.145,8.3,7.97,8.24,7.719500000000002,8.266691922454951,7.172308077545052,75.34354414873708,72.03851365101936,0,0,,,,12.166222222222226,12.287884444444447,12.044560000000004,,6.144531753188209,6.742664680354915,6.030711160676039,0,54.83096896905522,45.21561279230478,,,,,0.13499350361165305,-0.10997311928561615,-0.2449666228972692,0.40914718944999223,54.83096896905522,,,,,,,,,-11.84533411613735,31.18874917263403,-15.594374586317015,0
2022-10-04,8.48,8.61,8.34,8.46,7.778500000000003,8.375602168811904,7.181397831188102,80.3530619634838,75.9281878359023,0,0,,,,12.103733333333338,12.224770666666672,11.982696000000004,,7.811902637950818,8.761329305135913,8.679827002954731,0,58.46598172898481,46.520423652308196,,,,,0.15206688966076995,-0.054883010821306755,-0.2069499004820767,0.5331926974810202,58.46598172898481,,,,,58.46598172898481,,58.46598172898481,,-10.116466602723426,31.153420271796218,-15.576710135898109,0
2022-10-05,8.26,8.485,8.075,8.42,7.830000000000001,8.460904113158259,7.199095886841742,79.19740569867932,78.29800393696672,0,0,,,,12.038977777777779,12.159367555555557,11.918588000000002,,6.313131313131315,7.535121328224759,7.9764042062068,0,57.55899617335383,47.317577117315444,,,,,0.15413057582199519,-0.014286680704582722,-0.1684172565265779,0.7442529841535807,57.55899617335383,,,,,,,,,-8.673062368406201,31.121383566845864,-15.560691783422932,0
2022-10-06,8.4,8.6,8.315,8.47,7.877000000000001,8.550144858110054,7.203855141889949,80.95312724968367,80.16786497061558,0,0,,,,11.97515555555556,12.094907111111116,11.855404000000004,,5.4794520547945424,7.528246794464888,8.446075711664115,0,58.42715966326959,48.38654108912714,,,,,0.15207058602492962,0.02167097600458412,-0.1303996100203455,0.8346966425847943,58.42715966326959,,,,,,,,,-7.417081470061209,31.092756298713265,-15.546378149356633,0
2022-10-07,8.26,8.28,8.11,8.15,7.8950000000000005,8.577070377600448,7.212929622399553,71.92442393770413,77.35831896202237,0,0,,,,11.907333333333336,12.026406666666668,11.788260000000003,,0.5552128315854388,3.229892336922102,4.469321483507183,0,51.207538227545186,48.84627555341825,,,,,0.12357480885641756,0.02406890105017645,-0.0995059078062411,0.8759938844124789,51.207538227545186,,,,,,,,,-8.189264174075092,31.062094041907603,-15.531047020953801,0
2022-10-10,8.17,8.18,7.88,8.06,7.897500000000001,8.58160160064131,7.213398399358692,67.09016375711948,73.32257164816907,0,0,,,,11.84035555555556,11.958759111111116,11.721952000000003,,-1.2012748222603453,2.0576131687242816,3.26272634096354,0,49.360169825204935,49.396708194560695,,,,,0.09439979872806645,0.01849384060384196,-0.07590595812422449,0.8224025925039996,49.360169825204935,,,,,,,,,-9.2081689455871,31.029061846157756,-15.514530923078878,0
2022-10-11,7.99,8.295,7.7,8.04,7.9254999999999995,8.584331541442957,7.266668458557041,62.903046669454724,67.3058781214261,0,0,,,,11.77613333333334,11.893894666666673,11.658372000000005,,-1.939260885473848,1.4447038041763838,2.9054140535006656,0,48.93766176559231,49.82777174212614,,,,,0.07058054101058422,0.012319718139005786,-0.05826082287157843,0.7605043648534348,48.93766176559231,48.93766176559231,,48.93766176559231,,,,,,-10.51443429542381,30.99350942435624,-15.49675471217812,0
2022-10-12,8.06,8.1,7.82,8.07,7.9475,8.594674628674584,7.300325371325415,60.830608160984156,63.60793952918612,0,0,,,,11.716444444444452,11.833608888888897,11.599280000000007,,-1.729176814417921,1.5413652091852859,3.1661482081221326,0,49.634081475001395,50.60067474532989,,,,,0.054396825856021826,0.009735209448448856,-0.04466161640757297,0.6322967691407975,49.634081475001395,,,,,,,,,-10.561935661438776,30.957991891496576,-15.478995945748288,0
2022-10-13,7.74,8.2,7.565,8.08,7.950999999999999,8.6002426356919,7.301757364308097,58.72570417236956,60.81978633426948,0,0,,,,11.657200000000008,11.773772000000008,11.540628000000009,,-1.6074037993180634,1.6224374292542088,3.13576990171478,0,49.87946729484841,51.349447951478865,,,,,0.04244696329975242,0.008397087717117557,-0.034049875582634864,0.454508872301997,49.87946729484841,,,,,,,,,-10.241759809814079,30.92317271455205,-15.461586357276024,0
2022-10-14,8.23,8.31,7.53,7.53,7.9384999999999994,8.609686263268337,7.267313736731663,43.93881037563324,54.49837423632899,0,0,,,,11.598888888888895,11.714877777777785,11.482900000000006,,-7.63002944062805,-5.145808402091068,-3.9009656698003825,0,38.70898627979461,51.11598151979598,,,,,-0.0020574078832399784,-0.03662163543668484,-0.03456422755344486,-0.07608815195441421,38.70898627979461,38.70898627979461,,38.70898627979461,,,,,,-11.89934969584305,30.885849382033292,-15.442924691016646,0
2022-10-17,7.71,8.06,7.69,7.94,7.942499999999998,8.61272011309731,7.272279886902686,45.66850419068644,49.444339579563085,0,0,,,,11.542666666666674,11.65809333333334,11.427240000000008,,-2.24082738241812,-0.03147623544220712,1.0992742243538967,0,48.049042222296784,51.40843340012598,,,,,-0.003363675196731586,-0.038768821549359345,-0.03540514635262776,-0.4222513738600834,48.049042222296784,,,,,,,,,-12.142403805809671,30.848354281320162,-15.424177140660081,0
2022-10-18,8.15,8.33,8.04,8.16,7.969499999999999,8.628999052311773,7.310000947688225,48.60938496978258,46.07223317870076,0,0,,,,11.485111111111122,11.599962222222233,11.37026000000001,,0.8403361344537785,2.3903632599284963,3.5138906507675483,0,52.25356874915582,51.592306946150096,,,,,0.010356579170733272,-0.02245942238921117,-0.03281600155994444,-0.5099333728843175,52.25356874915582,,,,,52.25356874915582,,52.25356874915582,,-11.570914360445833,30.811742074762996,-15.405871037381498,0
2022-10-19,8.06,8.125,7.845,7.91,7.980499999999999,8.628218302968294,7.332781697031704,44.71511470982921,46.331001290099415,0,0,,,,11.42680000000001,11.541068000000012,11.31253200000001,,-1.6291506031588132,-0.8834032955328475,0.12235770642599064,0,47.544590735681055,51.269718262295484,,,,,0.0027580210769790267,-0.029368475213720657,-0.032126496290699684,-0.6313092609807972,47.544590735681055,,,,,,,,,-9.876061519519618,30.77810257526952,-15.38905128763476,0
2022-10-20,7.73,8.26,7.73,8.04,8.014,8.598136970239027,7.429863029760972,48.42566480472464,47.25005482811215,0,0,,,,11.368888888888897,11.482577777777786,11.255200000000007,,0.5251312828207011,0.3244322435737468,1.5493432132031026,0,50.06462832993588,51.0659172456943,,,,,0.006439999480648367,-0.024076496939889225,-0.03051649642053759,-0.6608372271181177,50.06462832993588,,,,,,,,,-9.20540841170461,30.745951505983324,-15.372975752991662,0
2022-10-21,7.93,8.32,7.81,8.29,8.0585,8.581119364356104,7.535880635643896,55.761337309956325,49.6340389415034,0,0,,,,11.313955555555562,11.427095111111118,11.200816000000007,,3.469795307039414,2.8727430663274545,4.487017897655665,0,54.58332714286623,51.048228543823654,,,,,0.02464282582511895,0.00028703586086109567,-0.024355789964257853,-0.49825147300364087,54.58332714286623,,,,,,,,,-8.43999777915355,30.715647582502537,-15.357823791251269,0
2022-10-24,8.3,8.3,8.01,8.27,8.095500000000001,8.565328692184636,7.6256713078153675,57.063309111625216,53.75010374210208,0,0,,,,11.264577777777786,11.377223555555565,11.151932000000008,,2.950329889207026,2.1555184979309194,4.1212019472889105,0,54.16107963827507,50.740735537344385,,,,,0.033705880892033545,0.017776561150784076,-0.01592931974124947,-0.24876426106977503,54.16107963827507,,,,,,,,,-6.826156734546948,30.689737010239874,-15.344868505119937,0
2022-10-25,8.36,8.66,8.36,8.66,8.147000000000002,8.627129149292033,7.666870850707971,73.95165673767744,62.258767719753,0,0,,,,11.215555555555564,11.32771111111112,11.10340000000001,,6.979617047560205,6.2967963667607485,8.49411175144077,0,60.56705919674025,50.955597181871994,,,,,0.06265362371106502,0.0623877098975818,-0.0002659138134832144,0.19808789610514888,60.56705919674025,,,,,60.56705919674025,,60.56705919674025,,-4.241220970695237,30.67253464320731,-15.336267321603655,0
2022-10-26,8.48,9.05,8.39,8.57,8.1785,8.682256885809046,7.674743114190953,73.13319748341742,68.04938777757337,0,0,,,,11.169288888888898,11.280981777777788,11.057596000000009,,5.21792510742789,4.786941370666997,6.946755407653926,0,58.53412697516129,50.96323770414997,,,,,0.07177193615581168,0.08944900638128139,0.01767707022546971,0.5600070234404153,58.53412697516129,,,,,,,,,-2.9441518797761845,30.660453792239768,-15.330226896119884,0
2022-10-27,8.68,8.78,8.46,8.6,8.2045,8.738034441250077,7.670965558749921,74.9987779710811,74.027877397392,0,0,,,,11.123955555555563,11.23519511111112,11.012716000000006,,4.916432841283402,4.820525321469926,7.058384165318099,0,59.02779969401325,51.52182780889768,,,,,0.07547808569386315,0.11202467734279864,0.03654659164893549,0.7057797900300509,59.02779969401325,,,,,,,,,-1.4721380211594886,30.654782774190853,-15.327391387095426,0
2022-10-28,8.55,8.66,8.365,8.64,8.23,8.794694607730618,7.665305392269383,77.33212631255026,75.15470058901627,0,0,,,,11.075866666666673,11.18662533333334,10.965108000000006,,3.9961482908040358,4.981773997569872,7.173868100062064,0,59.71645113136183,52.26156218790889,,,,,0.0760638607033429,0.1316264175281141,0.055562556824771216,0.7878828107953333,59.71645113136183,,,,,,,,,-1.3579254376859307,30.64950446431873,-15.324752232159366,0
2022-10-31,8.59,8.83,8.43,8.79,8.257499999999999,8.87276823418743,7.642231765812568,80.73774539941044,77.68954989434728,0,0,,,,11.02684444444445,11.137112888888895,10.916576000000004,,4.73013225306802,6.448683015440526,8.616854765631455,0,62.276996007639866,53.21437177662658,,,,,0.08150971621133471,0.1574497020889396,0.07593998587760489,0.8534283218063988,62.276996007639866,,,,,62.276996007639866,,62.276996007639866,,-0.3419165480199617,30.64896832858506,-15.32448416429253,0
2022-11-01,8.99,9.06,8.56,8.65,8.267,8.900090830766052,7.633909169233947,80.59844093427586,79.55610421541219,0,0,,,,10.97991111111112,11.089710222222232,10.870112000000008,,2.4638711205875685,4.632877706544103,6.435338993478545,0,58.53711776800189,53.85030294041233,,,,,0.07102339563771982,0.16471923042475467,0.09369583478703485,0.888877666494659,58.53711776800189,,,,,,,,,-0.0013782711005039434,30.649949289147962,-15.324974644573981,0
2022-11-02,8.7,8.76,8.2,8.22,8.257,8.88641560196741,7.627584398032588,67.19819038758767,76.178125573758,0,0,,,,10.932266666666674,11.041589333333341,10.822944000000007,,-2.9859553877020883,-0.44810463848854454,0.9249406564623364,0,48.83649907788995,53.77580521062958,,,,,0.03243180681365174,0.1342355933040995,0.10180378649044777,0.7939816613922152,48.83649907788995,,,,,,,,,-1.4204808708296879,30.64391534509205,-15.321957672546025,0
2022-11-03,8.07,8.3,7.87,8.08,8.2375,8.863467251539534,7.611532748460467,58.156203688235436,68.65094500336633,0,0,,,,10.88640000000001,10.995264000000011,10.77753600000001,,-4.683260587471983,-1.9119878603945484,-1.0814119567434943,0,46.154687991865295,54.307641047206054,,,,,-0.003319380945424319,0.09765456030866737,0.10097394125409169,0.5226826650181869,46.154687991865295,,,,,,,,,-3.95770260468532,30.627246235716218,-15.313623117858109,0
2022-11-04,8.19,8.2,7.65,7.93,8.2265,8.86582073327868,7.58717926672132,42.92146689248653,56.09195365610322,0,0,,,,10.838800000000008,10.947188000000008,10.730412000000008,,-6.053785096552533,-3.604205919893033,-3.1272904959687042,0,43.40447652801403,53.975886354757286,,,,,-0.03604673510386819,0.055915522374256454,0.09196225747812464,0.17086968954159532,43.40447652801403,,,,,,,,,-6.507713685239505,30.602126368083066,-15.301063184041533,0
2022-11-07,7.78,7.85,6.89,7.02,8.1745,9.001239983307922,7.347760016692078,29.250490215061944,43.44272026526131,0,0,,,,10.786177777777786,10.894039555555564,10.678316000000008,,-15.584415584415579,-14.123187962566519,-14.065369078222545,0,31.241961738091774,52.47505728253843,,,,,-0.11358245365907318,-0.05001580959571683,0.06356664406335635,-0.2846071074683835,31.241961738091774,31.241961738091774,,31.241961738091774,,,,,,-11.036663038903773,30.567326797333173,-15.283663398666587,0
2022-11-08,7.08,7.42,6.91,7.21,8.133,9.059846265569451,7.206153734430547,28.402594559945953,33.524850555831485,0,0,,,,10.736711111111118,10.84407822222223,10.629344000000007,,-11.761106351731732,-11.348825771548011,-11.587982832618005,0,35.317390295319456,51.6016858225126,,,,,-0.14468032886084087,-0.11728376701269472,0.027396561848146136,-0.5705998610766141,35.317390295319456,,,,,,,,,-14.37523130564752,30.52973702579214,-15.26486851289607,0
2022-11-09,7.12,7.185,6.95,6.98,8.0785,9.133133111560584,7.023866888439416,23.65552427823915,27.102869684415694,0,0,,,,10.68302222222223,10.789852444444453,10.576192000000006,,-12.880678981527694,-13.597821377731012,-14.07115597685581,0,32.78417021824093,50.36736738596296,,,,,-0.17151532456244634,-0.18699759385491177,-0.015482269292465448,-0.7579990921148188,32.78417021824093,,,,,,,,,-18.14333625388348,30.493326585786583,-15.246663292893292,0
2022-11-10,7.46,7.97,7.43,7.64,8.0565,9.12830735209272,6.984692647907279,29.839181048833844,27.299099962339664,0,0,,,,10.637155555555564,10.74352711111112,10.530784000000008,,-3.4866093986862023,-5.169738720287964,-5.775950668036978,0,44.97986969525356,49.68140613970491,,,,,-0.1370830562452623,-0.1868360895990433,-0.04975303335378102,-0.8037003974296622,44.97986969525356,,,,,,,,,-15.857682291527096,30.455874877920525,-15.227937438960263,0
2022-11-11,7.48,8.42,7.375,8.41,8.1005,9.154340120701441,7.046659879298558,43.87022898086799,32.454978102647004,0,0,,,,10.590533333333344,10.696438666666678,10.48462800000001,,6.550107690358531,3.8207518054441003,3.6011990309202213,0,55.19402687605992,49.75518808526097,,,,,-0.05872226715288206,-0.12315586729488359,-0.06443360014200153,-0.7009085176622446,55.19402687605992,,,,,55.19402687605992,,55.19402687605992,,-11.324372027595766,30.421211845791024,-15.210605922895512,0
2022-11-14,8.18,8.32,7.953,8.1,8.1085,9.15977113534047,7.057228864659529,46.62492413683746,40.111444722179776,0,0,,,,10.542622222222233,10.648048444444456,10.43719600000001,,3.527607361963181,-0.10482826663377187,-0.1602366572168168,0,51.082451070168055,49.0777160762201,,,,,-0.02572497132270797,-0.09658981429538649,-0.07086484297267852,-0.6001948289199239,51.082451070168055,,,,,,,,,-7.056709724486674,30.3951728549388,-15.1975864274694,0
2022-11-15,8.45,8.47,8.155,8.34,8.1175,9.17345217694741,7.061547823052588,53.73431413250683,48.076489083404105,0,0,,,,10.495555555555567,10.600511111111123,10.390600000000012,,7.01911972282816,2.740991684631977,2.8486866444691117,0,53.94297964445799,48.74977698116987,,,,,0.012267940507743394,-0.05552991733799928,-0.06779785784574267,-0.4423383344696693,53.94297964445799,,,,,,,,,-4.375100428641942,30.377487794228255,-15.188743897114128,0
2022-11-16,8.18,8.24,8,8.06,8.125,9.177074141874034,7.072925858125966,52.675250630682434,51.01149630000892,0,0,,,,10.447200000000011,10.55167200000001,10.342728000000012,,3.6389353221036425,-0.7999999999999896,-0.4569593676670203,0,50.25101198924473,48.12286357368641,,,,,0.01818721014439087,-0.04506384516525408,-0.06325105530964495,-0.32527118186113424,50.25101198924473,,,,,,,,,-5.729853525932991,30.35532160599382,-15.17766080299691,0
2022-11-17,7.83,7.88,7.525,7.62,8.104000000000001,9.178549207807597,7.029450792192405,46.38419530348593,50.93125335555842,0,0,,,,10.398533333333347,10.502518666666681,10.294548000000013,,-1.4357780364765427,-5.9723593287265615,-5.560604808725111,0,45.0348507026895,47.07417782878124,,,,,-0.0065592342134529885,-0.07145009807646119,-0.0648908638630082,-0.26488837556175643,45.0348507026895,,,,,,,,,-7.562560134039519,30.3280936545475,-15.16404682727375,0
2022-11-18,7.76,7.79,7.31,7.39,8.059000000000001,9.17326926727787,6.944730732722132,42.237490821927274,47.098978918698556,0,0,,,,10.350622222222237,10.454128444444459,10.247116000000014,,-3.73843949459427,-8.301278074202767,-8.122668876916705,0,42.54856539400282,45.66500421352145,,,,,-0.03581244528136386,-0.10965642046471302,-0.07384397518334916,-0.18429236936067533,42.54856539400282,,,,,,,,,-11.196171778364786,30.294054052515598,-15.147027026257799,0
2022-11-21,7.31,7.32,7.07,7.19,8.004999999999999,9.176349648909362,6.833650351090635,34.95928108658717,41.19365573733347,0,0,,,,10.299511111111125,10.402506222222236,10.196516000000013,,-6.550558877047075,-10.181136789506539,-10.285738052655669,0,40.456948220150394,44.37356353153206,,,,,-0.06436075502830586,-0.1542949189687315,-0.08993416394042562,-0.12343687449672062,40.456948220150394,40.456948220150394,,40.456948220150394,,,,,,-14.496936276226073,30.25754775600173,-15.128773878000866,0
2022-11-22,7.18,7.25,6.98,7.22,7.933,9.111458314918282,6.754541685081717,32.69532571888256,36.63069920913235,0,0,,,,10.25066666666668,10.353173333333347,10.148160000000013,,-6.172839506172867,-8.98777259548721,-9.603105045699278,0,40.926052304290124,43.80853161913207,,,,,-0.07614594285507828,-0.18511659250927348,-0.1089706496541952,-0.11003608112560827,40.926052304290124,,,,,,,,,-16.01395532690704,30.22115230954592,-15.11057615477296,0
2022-11-23,7.25,7.42,7.12,7.37,7.873,9.037733445900836,6.708266554099166,37.14479725340718,34.93313468629231,0,0,,,,10.20106666666668,10.303077333333347,10.099056000000013,,-4.706490819756937,-6.3889241712180915,-7.454690050646695,0,43.33011156789077,43.606776160276745,,,,,-0.06897485993331956,-0.19518922457084464,-0.12621436463752508,-0.06255533571848355,43.33011156789077,,,,,,,,,-16.070479786053294,30.184901209467714,-15.092450604733857,0
2022-11-25,7.32,7.3394,7.19,7.28,7.807,8.948842370907643,6.665157629092358,35.11176235476292,34.98396177568423,0,0,,,,10.152666666666681,10.254193333333347,10.051140000000014,,-5.429981813458062,-6.750352247982583,-8.277686783419435,0,42.219908565440214,43.52216416295005,,,,,-0.06545730542505804,-0.20803599641884762,-0.1425786909937896,-0.050856750764363114,42.219908565440214,,,,,,,,,-15.725498540914764,30.148715003380666,-15.074357501690333,0
2022-11-28,7.23,7.4,7.15,7.16,7.733,8.840629902088276,6.625370097911723,32.96639477236196,35.07431812684403,0,0,,,,10.109111111111124,10.210202222222236,10.008020000000013,,-5.4535851049782424,-7.409802146644251,-9.64919660132919,0,40.72173448855969,44.199290787983465,,,,,-0.0661794472403891,-0.22530300004427595,-0.15912355280388685,-0.3106946321083882,40.72173448855969,,,,,,,,,-15.92493687881416,30.112691636856603,-15.056345818428301,0
2022-11-29,7.2,7.3,7.05,7.08,7.647500000000001,8.67678858926931,6.61821141073069,30.803888996792324,32.960682041305745,0,0,,,,10.066177777777792,10.16683955555557,9.965516000000013,,-5.233569803239235,-7.420725727361887,-10.334346504559278,0,39.71006418250159,44.51305320849648,,,,,-0.06681754980784577,-0.24264549006369407,-0.1758279402558483,-0.5296907425721797,39.71006418250159,39.71006418250159,,39.71006418250159,,,,,,-16.990957518849633,30.07718639159783,-15.038593195798915,0
2022-11-30,7.14,7.51,7.0325,7.5,7.590000000000001,8.511715791336988,6.668284208663014,40.67435778459894,34.81488051791775,0,0,,,,10.025911111111125,10.126170222222235,9.925652000000014,,1.5297143630702337,-1.1857707509881465,-4.749809499619007,0,47.135483542705046,45.53814701738678,,,,,-0.035308405191199876,-0.21996344674484813,-0.18465504155364826,-0.7566813825947657,47.135483542705046,,,,,,,,,-16.06840761563394,30.04145015609399,-15.020725078046995,0
2022-12-01,7.51,7.88,7.47,7.86,7.572000000000001,8.457135017949229,6.686864982050773,46.051088740849806,39.17644517408037,0,0,,,,9.987511111111125,10.087386222222236,9.887636000000015,,6.692004886656688,3.8034865293185227,-0.15666680780793696,0,52.53201658114383,46.07758608066465,,,,,0.010949664906098222,-0.17096796042102547,-0.1819176253271237,-0.6660915846398964,52.53201658114383,,,,,52.53201658114383,,52.53201658114383,,-13.276071120596166,30.006403961250435,-15.003201980625217,0
2022-12-02,7.615,7.76,7.5,7.66,7.551,8.406357235311678,6.695642764688322,48.15881029908082,44.96141894150986,0,0,,,,9.946488888888906,10.045953777777795,9.847024000000017,,3.920770587437228,1.4435174149119323,-2.540396115187249,0,49.508302055056916,45.67146287916444,,,,,0.028264303049062495,-0.14658724651579558,-0.17485154956485807,-0.4765457141545272,49.508302055056916,,,,,,,,,-10.951356566943977,29.973821147088362,-14.986910573544181,0
2022-12-05,7.62,7.695,7.105,7.19,7.514,8.36458568057544,6.663414319424561,42.70352244816414,45.637807162698266,0,0,,,,9.90413333333335,10.003174666666684,9.805092000000016,,-2.190178207046678,-4.311951024753791,-8.091524990412891,0,43.21341619678324,45.10938895963695,,,,,0.009234907533269998,-0.1633079151482706,-0.1725428226815406,-0.4226566880892726,43.21341619678324,,,,,,,,,-12.049368928495378,29.940030122891933,-14.970015061445967,0
2022-12-06,7.19,7.195,6.88,6.99,7.512500000000001,8.366663333326791,6.658336666673211,29.755971705983065,40.20610148440935,0,0,,,,9.86404444444446,9.962684888888905,9.765404000000014,,-4.651480016368881,-6.955074875208,-10.15809091298575,0,40.83411306730205,44.17304134698296,,,,,-0.01436695081289946,-0.1905015111976649,-0.17613456038476544,-0.3311060671637001,40.83411306730205,,,,,,,,,-15.308866682510185,29.9047027122835,-14.95235135614175,0
2022-12-07,7.08,7.35,7.02,7.07,7.5055000000000005,8.37167492459666,6.639325075403342,28.600623639290674,33.68670593114597,0,0,,,,9.824311111111129,9.92255422222224,9.726068000000017,,-3.3624931656643264,-5.802411564852439,-8.506599948235715,0,42.204890484682934,43.5983183823714,,,,,-0.021695800807112475,-0.20325431139365602,-0.18155851058654354,-0.1971972546603389,42.204890484682934,,,,,,,,,-17.4642698201114,29.870244604177692,-14.935122302088846,0
2022-12-08,7.1,7.27,6.94,7.12,7.512500000000001,8.363707965188286,6.661292034811716,27.054617396886385,28.47040424738672,0,0,,,,9.78942222222224,9.887316444444464,9.691528000000018,,-2.34535728980938,-5.224625623960078,-7.279593697095987,0,43.092314516025944,43.45956579760972,,,,,-0.020305934795713687,-0.20694092908118566,-0.18663499428547198,-0.1407796902160871,43.092314516025944,,,,,,,,,-17.62061354032304,29.836015691345505,-14.918007845672753,0
2022-12-09,7.06,7.19,7.03,7.11,7.4860000000000015,8.352542555215834,6.619457444784169,29.85564590591364,28.503628980696913,0,0,,,,9.756311111111128,9.853874222222238,9.658748000000017,,-2.2546054440472973,-5.022709056906239,-6.807060468367709,0,42.95027123872227,43.48825907223254,,,,,-0.017306984070750125,-0.20826872437390964,-0.19096174030315952,-0.1719640831341027,42.95027123872227,,,,,,,,,-17.069248693079256,29.801550204825276,-14.900775102412638,0
2022-12-12,7.11,7.31,7.09,7.29,7.4300000000000015,8.18847214846688,6.671527851533122,38.77416997263755,31.89481109181253,0,0,,,,9.72373333333335,9.820970666666684,9.626496000000015,,0.04116920543431046,-1.884253028263816,-3.880806926559155,0,46.376624966622416,43.91109312555197,,,,,-0.001291897930112168,-0.19257661271579973,-0.19128471478568757,-0.20936722778546035,46.376624966622416,,,,,,,,,-16.175423080382753,29.766834310886868,-14.883417155443434,0
2022-12-13,7.73,7.97,7.49,7.5,7.400000000000001,8.094895675623324,6.705104324376679,50.25831799110828,39.629377956553164,0,0,,,,9.69693333333335,9.793902666666684,9.599964000000016,,2.33319688907081,1.3513513513513375,-0.548090523338074,0,50.13907238588476,44.56916598852302,,,,,0.02395938685669316,-0.1613354812148211,-0.18529486807151427,-0.13129455595925388,50.13907238588476,,,,,50.13907238588476,50.13907238588476,50.13907238588476,,-14.668447121311019,29.73218407106276,-14.86609203553138,0
2022-12-14,7.5,7.6,7.265,7.35,7.350500000000001,7.895347685137768,6.805652314862234,50.8684902312648,46.63365939833688,0,0,,,,9.670044444444462,9.766744888888907,9.573344000000018,,0.4922067268252617,-0.006802258349791757,-1.9738596959189336,0,47.571516314333,44.87212347041174,,,,,0.030647060682228916,-0.14698604221872813,-0.17763310290095705,-0.06793780030371441,47.571516314333,,,,,,,,,-13.716745077641912,29.697984795979178,-14.848992397989589,0
2022-12-15,7.17,7.298,7.01,7.01,7.298,7.754447149186046,6.8415528508139545,43.86084349035048,48.32921723757453,0,0,,,,9.64315555555557,9.739587111111126,9.546724000000014,,-3.029464656245673,-3.946286653877773,-6.002771197425483,0,42.285727690708505,44.87682483650234,,,,,0.01315363690544144,-0.16119105676915524,-0.17434469367459668,-0.20434338700225352,42.285727690708505,,,,,,,,,-14.780805107915294,29.6635543272236,-14.8317771636118,0
2022-12-16,7.02,7.08,6.76,6.9,7.2620000000000005,7.724713734397436,6.799286265602565,34.508707448884586,43.07934705683329,0,0,,,,9.617155555555568,9.713327111111123,9.520984000000013,,-3.5369774919614128,-4.98485265767007,-6.987193889013721,0,40.70971639550257,44.87596640128397,,,,,-0.0039309133230324145,-0.1792583353283872,-0.17532742200535478,-0.4103302363756671,40.70971639550257,,,,,,,,,-17.07981361658462,29.62969649258905,-14.814848246294526,0
2022-12-19,6.8,6.83,6.32,6.35,7.209999999999999,7.8152767961851,6.604723203814898,25.07211705750889,34.48055599891466,0,0,,,,9.590800000000012,9.686708000000012,9.494892000000013,,-10.171169896732213,-11.927877947295418,-13.789202154138602,0,33.905340271505395,44.46134326478424,,,,,-0.047934401911931435,-0.23524542439526908,-0.18731102248333764,-0.6716131619551707,33.905340271505395,,,,,,,,,-20.885373830039146,29.6003155803121,-14.80015779015605,0
2022-12-20,6.29,6.54,6.2,6.31,7.1659999999999995,7.887481808502527,6.444518191497472,21.126372470552074,26.902398992315188,0,0,,,,9.562355555555568,9.657979111111123,9.466732000000013,,-9.870018568775885,-11.945297236952278,-14.05611549986382,0,33.46722148290458,43.485038831941345,,,,,-0.07384716322939971,-0.2796199765200873,-0.20577281329068758,-0.734283151319084,33.46722148290458,33.46722148290458,,33.46722148290458,,,,,,-23.470285641645606,29.576534475529666,-14.788267237764833,0
2022-12-21,6.24,6.52,6.04,6.5,7.13,7.906839751815037,6.353160248184963,22.85093472061241,23.0164747495578,0,0,,,,9.530311111111121,9.625614222222232,9.43500800000001,,-6.394009216589858,-8.835904628330994,-11.18196310635392,0,37.592371469675214,42.41792132397931,,,,,-0.0722162421008869,-0.2960431159167962,-0.22382687381590932,-0.7150298968952397,37.592371469675214,,,,,,,,,-24.834392536320905,29.55653033553869,-14.778265167769344,0
2022-12-22,6.37,6.38,6.18,6.32,7.077500000000001,7.921392765699544,6.233607234300457,19.812762467198418,21.263356552787645,0,0,,,,9.4952888888889,9.59024177777779,9.400336000000012,,-7.925407925407912,-10.702931826209827,-13.381150349490623,0,35.3558699464288,41.40703331622016,,,,,-0.07685491019450477,-0.3198955115590403,-0.2430406013645355,-0.7126574237560542,35.3558699464288,,,,,,,,,-24.707087178049647,29.536168911349446,-14.768084455674723,0
2022-12-23,6.27,6.3,6.07,6.29,7.0280000000000005,7.9325352397778826,6.123464760222118,18.960462508395732,20.541386565402195,0,0,,,,9.464044444444458,9.558684888888902,9.369404000000014,,-7.254497198466514,-10.500853727945369,-13.257331984922327,0,34.98231758518574,40.819097701106045,,,,,-0.07543225124479147,-0.33733091542052485,-0.2618986641757334,-0.7635344736590127,34.98231758518574,,,,,,,,,-24.534112696374752,29.515330104712806,-14.757665052356403,0
2022-12-27,6.15,6.22,5.92,6,6.970000000000001,7.976280279047539,5.963719720952462,14.877599732297387,17.88360823596386,0,0,,,,9.435377777777791,9.52973155555557,9.341024000000013,,-9.815120998045979,-13.916786226685806,-16.329661135127616,0,31.51589842258514,40.153510940769124,,,,,-0.08670571529834287,-0.37028080829866195,-0.2835750930003191,-0.8533327328586576,31.51589842258514,31.51589842258514,,31.51589842258514,,,,,,-26.250340187139102,29.499810919588963,-14.749905459794482,0
2022-12-28,5.98,6.17,5.95,6.07,6.919499999999999,7.997451297601176,5.841548702398823,15.959866976406925,16.59930973903336,0,0,,,,9.404844444444457,9.498892888888902,9.310796000000012,,-6.758832565284168,-12.276898619842457,-14.547160957297066,0,33.23563507119162,39.51284983980547,,,,,-0.08217391083307413,-0.38629248154166174,-0.3041185707085876,-0.8995361215475383,33.23563507119162,,,,,,,,,-27.028933297929033,29.486964204573656,-14.743482102286828,0
2022-12-29,6.1,6.525,6.1,6.4,6.8645,7.930548310349971,5.798451689650028,24.67633983746464,18.504602182056328,1,0,,,,9.375600000000013,9.469356000000014,9.281844000000012,,-0.23382696804362668,-6.766698230024026,-9.073688198522467,0,40.7849087489176,39.34803514215486,,,,,-0.05119335138021075,-0.36811025993385105,-0.3169169085536403,-0.8796808468376384,40.7849087489176,,,,,,,,,-26.363612886879064,29.471773293340636,-14.735886646670318,0
2022-12-30,6.19,6.42,6.19,6.42,6.7924999999999995,7.770781656783985,5.814218343216014,31.36206422642254,23.999423680098044,0,0,,,,9.345688888888905,9.439145777777794,9.252232000000015,,1.0069225928256875,-5.4839896945160005,-8.075601374570486,0,41.21871941902902,39.22435286931964,,,,,-0.02492607259845203,-0.3480744993017053,-0.3231484267032533,-0.8403330639020669,41.21871941902902,,,,,,,,,-24.489804486769543,29.450830504351988,-14.725415252175994,0
2023-01-03,6.58,6.64,6.275,6.39,6.728999999999999,7.636081032763908,5.8219189672360905,35.18072815483375,30.40637740624032,0,0,,,,9.31244444444446,9.405568888888904,9.219320000000014,,1.3481363996828089,-5.037895675434678,-7.96485669019159,0,40.736628608665335,38.82149598660841,,,,,-0.006124032617685515,-0.33080346747536016,-0.32467943485767464,-0.7664314010608532,40.736628608665335,,,,,,,,,-22.973017532319002,29.42607792315727,-14.713038961578635,0
2023-01-04,6.48,6.675,6.37,6.58,6.6985,7.582248267325006,5.814751732674995,42.31543829586679,36.286076892374375,0,0,,,,9.28142222222224,9.374236444444461,9.188608000000018,,3.9823008849557695,-1.7690527730088834,-4.858299595141724,0,45.114929589569776,38.462628644014494,,,,,0.02106715025262368,-0.29834549704189506,-0.31941264729451874,-0.5902011657128777,45.114929589569776,,,,,45.114929589569776,,45.114929589569776,,-21.98132515914342,29.39926100274957,-14.699630501374784,0
2023-01-05,6.45,6.49,6.25,6.32,6.664999999999999,7.552795021387262,5.777204978612736,40.0436480509967,39.17993816723243,0,0,,,,9.251155555555576,9.343667111111131,9.15864400000002,,-0.1422025596460541,-5.176294073518362,-8.232902570059576,0,40.685357021790175,37.97076012311857,,,,,0.023325113609211134,-0.2902562552830048,-0.31358136889221594,-0.43541342692755963,40.685357021790175,,,,,,,,,-22.083300378364857,29.372714747718508,-14.686357373859254,0
2023-01-06,6.4,6.4499,6.09,6.4,6.6315,7.506103338662712,5.756896661337288,42.261480711388906,41.540189019417475,0,0,,,,9.220666666666688,9.312873333333355,9.12846000000002,,1.2818483937331981,-3.490914574379844,-6.701005879780397,0,42.554318063833065,37.98994514977033,,,,,0.03148189488697456,-0.2742290002834977,-0.3057108951704723,-0.18450812556352453,42.554318063833065,,,,,,,,,-21.757754051470858,29.34559969983031,-14.672799849915155,0
2023-01-09,6.49,6.67,6.4,6.5,6.600500000000001,7.447151640286566,5.7538483597134364,48.4301856398959,43.57843813409385,0,0,,,,9.186577777777797,9.278443555555576,9.094712000000019,,2.5721950449739683,-1.5226119233391566,-4.8409135272301835,0,44.891805095870765,38.288665771225205,,,,,0.04411294867538795,-0.25056970932623734,-0.2946826580016253,0.3078705858397369,44.891805095870765,,,,,,,,,-21.8165879749552,29.318666799893943,-14.659333399946972,0
2023-01-10,6.5,6.72,6.49,6.7,6.58,7.395597940164146,5.764402059835854,54.65964227699044,48.450436209425085,0,0,,,,9.154266666666688,9.245809333333355,9.06272400000002,,5.048604578237703,1.823708206686936,-1.634530684153901,0,49.332359359891136,39.39059570610989,,,,,0.06516747312960175,-0.21322331658962312,-0.2783907897192249,0.49751492143593923,49.332359359891136,,,,,,,,,-20.02926466615856,29.28888605918498,-14.64444302959249,0
2023-01-11,6.84,6.99,6.76,6.98,6.5645,7.336133980589238,5.792866019410762,68.78145477835078,57.29042756507905,0,0,,,,9.1329777777778,9.224307555555578,9.041648000000022,,7.782581840642355,6.329499581080067,2.5666144200626517,0,54.8210623386423,40.91587005294831,,,,,0.09535483609667766,-0.1591972445983778,-0.25455208069505547,0.6381812973088787,54.8210623386423,,,,,,,,,-17.45868364996115,29.256717306539112,-14.628358653269556,0
2023-01-12,7.01,7.05,6.78,7.01,6.539999999999999,7.216520509666935,5.863479490333063,72.54726977546694,65.32945561026939,0,0,,,,9.115155555555576,9.206307111111132,9.024004000000021,,6.69710806697108,7.18654434250765,3.042775246214857,0,55.37879775363374,42.18632907323105,,,,,0.11351226494796623,-0.11266174951009766,-0.2261740144580639,0.8172689191226487,55.37879775363374,,,,,,,,,-15.201105293694985,29.224141472561307,-14.612070736280653,0
2023-01-13,6.84,7.01,6.81,6.96,6.520499999999998,7.120682472253277,5.92031752774672,74.2752586546104,71.86799440280937,0,0,,,,9.099511111111132,9.190506222222243,9.008516000000022,,5.040748566254161,6.740280653324149,2.579218865143651,0,54.17832795604892,43.53079035963248,,,,,0.11781359121151841,-0.0789070254436659,-0.1967206166551843,0.8809184372082219,54.17832795604892,,,,,,,,,-13.994253236137846,29.192035216629762,-14.596017608314881,0
2023-01-17,6.99,7.15,6.73,7.07,6.5234999999999985,7.1339514722728135,5.913048527727184,79.68578676222639,75.50277173076792,0,0,,,,9.084577777777797,9.175423555555575,8.99373200000002,,5.664325212972665,8.377404767379492,4.606431248766962,0,56.416714298851375,45.061818696322895,,,,,0.12314700338526774,-0.042786862423599636,-0.16593386580886738,0.923545999980962,56.416714298851375,,,,,56.416714298851375,,56.416714298851375,,-13.48342354491554,29.160319754391832,-14.580159877195916,0
2023-01-18,7.155,7.3,6.88,6.9,6.5234999999999985,7.1339514722728135,5.913048527727184,76.43106880522564,76.79737140735415,0,0,,,,9.062666666666688,9.153293333333355,8.972040000000021,,2.343518243844578,5.771441710738134,2.475247524752433,0,52.17476443486836,46.53745198291455,,,,,0.11069809793377008,-0.027561243391654777,-0.13825934132542486,0.8956247596726862,52.17476443486836,,,,,,,,,-13.779010474442893,29.12853329319983,-14.564266646599915,0
2023-01-19,6.8,6.895,6.67,6.73,6.542499999999999,7.153822337233034,5.931177662766963,69.89409503173661,75.33698353306289,0,0,,,,9.041600000000022,9.132016000000023,8.951184000000021,,-0.39958561491785227,2.8658769583492782,0.17862459065194347,0,48.266464267112745,47.61108263976605,,,,,0.08750386913300148,-0.028879504909173015,-0.1163833740421745,0.803464380567778,48.266464267112745,48.266464267112745,,48.266464267112745,,,,,,-14.524122269639657,29.096530472138582,-14.548265236069291,0
2023-01-20,6.76,7.06,6.72,7.02,6.5779999999999985,7.213188161098772,5.942811838901225,72.71224938887639,73.01247107527955,0,0,,,,9.020133333333357,9.11033466666669,8.929932000000024,,2.8270103998828233,6.719367588932834,4.479833308527992,0,54.524507833534436,48.59248257438155,,,,,0.08794724596695824,-0.006449316583476694,-0.09439656255043494,0.8116861236808773,54.524507833534436,,,,,,,,,-14.440738580141234,29.064660271878633,-14.532330135939317,0
2023-01-23,7.03,7.41,6.991,7.38,6.621999999999998,7.345286941676735,5.898713058323262,79.47628185864947,74.0275420930875,0,0,,,,8.998800000000024,9.088788000000024,8.908812000000024,,6.570397111913362,11.446692842041717,9.669110362591592,0,60.85493009705685,49.99506905138354,,,,,0.10744976043373855,0.03991563799173825,-0.0675341224420003,0.837878273565717,60.85493009705685,,,,,60.85493009705685,,60.85493009705685,,-12.139037590301827,29.03447690033774,-14.51723845016887,0
2023-01-24,7,7.42,7,7.02,6.656999999999998,7.386166647619074,5.927833352380922,74.49167223840992,75.56006782864527,0,0,,,,8.976400000000027,9.066164000000027,8.886636000000026,,0.6163107352730401,5.452906714736394,4.371097234611909,0,52.9213236434804,50.86540441101318,,,,,0.09168220140959385,0.047068629319992006,-0.04461357208960184,0.7964921848126503,52.9213236434804,,,,,,,,,-10.680277890765188,29.00621292871044,-14.50310646435522,0
2023-01-25,6.92,7.27,6.69,7.22,6.703499999999998,7.451491310109973,5.955508689890023,76.01304715409267,76.66033375038403,0,0,,,,8.958088888888915,9.047669777777804,8.868508000000025,,2.7173139849196337,7.704930260311804,7.286145921046061,0,56.327703629335375,51.66631684242501,,,,,0.0901635345703869,0.06809084612338179,-0.02207268844700511,0.8176288067663736,56.327703629335375,,,,,,,,,-9.665771075092087,28.979672688418777,-14.489836344209388,0
2023-01-26,7.37,7.45,7.04,7.24,6.7654999999999985,7.474512693821509,6.056487306178488,77.93611166515679,76.14694368588647,0,0,,,,8.941555555555581,9.030971111111137,8.852140000000025,,2.622253720765433,7.0135244992979295,7.609988109393528,0,56.66537062858173,52.80774638576726,,,,,0.0859627279103004,0.08538072144087039,-0.0005820064694300082,0.7911237531643176,56.66537062858173,,,,,,,,,-10.07451925517588,28.95250459701508,-14.47625229850754,0
2023-01-27,7.19,7.73,7.14,7.55,6.839499999999998,7.551636925036205,6.1273630749637915,82.55949894475059,78.83621925466669,0,0,,,,8.92573333333336,9.014990666666694,8.836476000000026,,6.203404135602764,10.388186270926258,12.189806330179742,0,61.61891663208732,54.169503426356854,,,,,0.09861221726053916,0.12268326510624394,0.024071047845704782,0.7910826859438941,61.61891663208732,,,,,,,,,-7.662283810292627,28.930234807168524,-14.465117403584262,0
2023-01-30,7.5,7.61,7.36,7.37,6.887999999999998,7.60590250034391,6.1700974996560864,79.66497415016661,80.05352825335801,0,0,,,,8.909422222222247,8.99851644444447,8.820328000000025,,3.076923076923066,6.997677119628376,9.504234559952419,0,57.50829855777648,55.07068153077869,,,,,0.0896646261105457,0.1361518304838869,0.04648720437334121,0.765777960763782,57.50829855777648,,,,,,,,,-6.81199017991113,28.9101145407514,-14.4550572703757,0
2023-01-31,7.41,7.82,7.38,7.78,6.955999999999998,7.738442330143297,6.173557669856699,85.44865677833843,82.5577099577519,0,0,,,,8.892222222222246,8.98114444444447,8.803300000000023,,7.741310067857654,11.845888441633168,15.156897572528072,0,63.48380384976933,56.081498994341416,,,,,0.10509750865348771,0.17785909019020085,0.07276158153671314,0.7724112790978392,63.48380384976933,,,,,,,,,-4.306134131237196,28.897472608858298,-14.448736304429149,0
2023-02-01,7.73,8.22,7.6803,8.2,7.046499999999997,7.954735101722064,6.138264898277931,87.32747658103956,84.14703583651487,0,0,,,,8.875911111111135,8.964670222222246,8.787152000000024,,11.549449054550397,16.369828993117185,20.60005882929694,0,68.38804665241108,57.05056930246773,,,,,0.1354012207312818,0.2420131074508154,0.10661188671953359,0.8138183059544932,68.38804665241108,,,,,,,,,-1.2842571115735744,28.896245300175053,-14.448122650087527,0
2023-02-02,8.51,9.21,8.47,8.99,7.166999999999997,8.383027960204895,5.950972039795099,91.9647784685008,88.24697060929293,0,0,,,,8.865244444444466,8.953896888888911,8.77659200000002,,18.648541639171178,25.43602623133814,30.529474397444535,0,75.14881455150969,58.46271335945886,,,,,0.1967410388456882,0.3525381852766438,0.15579714643095563,0.821888906064119,75.14881455150969,,,,,75.14881455150969,,75.14881455150969,,5.803728237936807,28.93228019318866,-14.46614009659433,0
2023-02-03,8.54,8.9,8.3732,8.41,7.271499999999998,8.536636751501613,6.006363248498383,85.49154167717036,88.26126557557025,0,1,,,,8.855955555555575,8.94451511111113,8.76739600000002,,8.994297563504428,15.657017121639317,20.87964737447292,0,64.27948688366371,59.18422471143135,,,,,0.18643954027540233,0.38884657177520854,0.2024070314998062,0.8638212875033578,64.27948688366371,,,,,,,,,8.696231996190486,28.987262611684272,-14.493631305842136,0
2023-02-06,8.31,8.535,8.24,8.31,7.366999999999997,8.64288557480682,6.091114425193174,81.0531247981522,86.16981498127446,0,0,,,,8.84502222222224,8.933472444444464,8.756572000000018,,6.415674222051493,12.800325777114207,18.415427730014677,0,62.598361134330794,59.62577091396559,,,,,0.16198221911491908,0.40488480539345506,0.24290258627853598,0.8943060361759149,62.598361134330794,,,,,,,,,9.446164452131944,29.04694540845667,-14.523472704228334,0
2023-02-07,8.33,8.41,8.06,8.33,7.458499999999996,8.735030845690831,6.181969154309162,78.9806236563684,81.84176337723034,0,0,,,,8.829644444444462,8.917940888888907,8.741348000000016,,4.911838790931977,11.684655091506379,17.577867695492564,0,62.80786574194876,60.38527815018562,,,,,0.1372233252029189,0.41443174278218464,0.27720841757926573,0.89165392963684,62.80786574194876,,,,,,,,,7.134816670694125,29.08982585216493,-14.544912926082466,0
2023-02-08,8.25,8.57,8.17,8.22,7.534499999999997,8.802308739518743,6.2666912604812515,71.20233178194947,77.07869341215671,0,0,,,,8.811422222222241,8.899536444444463,8.723308000000019,,2.238805970149249,9.098148516822668,14.981116240033533,0,60.790943285398306,61.27988379434888,,,,,0.10496425745184335,0.4084137393940699,0.30344948194222654,0.8503615204651409,60.790943285398306,,,,,,,,,6.8107454432695915,29.13003301841749,-14.565016509208744,0
2023-02-09,8.34,8.43,7.94,7.95,7.582999999999997,8.836381027461377,6.329618972538617,62.819138984027944,71.00069814078196,0,0,,,,8.789777777777795,8.877675555555573,8.701880000000017,,-1.9849586980643652,4.8397731768429875,10.202384252841657,0,56.03445854716272,61.387737416750895,,,,,0.05924523869239706,0.3775060303077229,0.31826079161532583,0.7595620710718344,56.03445854716272,,,,,,,,,5.661062116692153,29.1625082533252,-14.5812541266626,0
2023-02-10,7.79,7.86,7.46,7.51,7.607999999999997,8.834321328200781,6.381678671799213,50.80952193831655,61.610330901431354,0,0,,,,8.767200000000017,8.854872000000016,8.679528000000017,,-7.364006414209934,-1.2881177707675717,3.415037179840219,0,49.269036555506034,60.56017359235441,,,,,-0.003497584818108468,0.31388881059269025,0.3173863954107987,0.5818631703210411,49.269036555506034,49.269036555506034,,49.269036555506034,,,,,,2.362658875307074,29.176117725335875,-14.588058862667937,0
2023-02-13,7.58,7.775,7.45,7.61,7.640499999999998,8.830314691454129,6.450685308545866,47.07903892847379,53.56923328360613,0,0,,,,8.74204444444446,8.829464888888905,8.654624000000014,,-6.4075759439183315,-0.3991885347817248,4.213265166385138,0,50.725155917317174,60.40330446905703,,,,,-0.03915200668982488,0.26844638704851764,0.3075983937383425,0.35358735621129134,50.725155917317174,,,,,,,,,-0.03107249502162231,29.17814076174611,-14.589070380873055,0
2023-02-14,8.59,9.295,8.23,9.22,7.748,9.090871550074688,6.405128449925312,68.52245117334479,55.470337346711744,0,0,,,,8.72444444444446,8.811688888888904,8.637200000000016,,11.419939577039283,18.998451213216327,24.667598143056722,0,67.09882059853925,61.17266996685731,,,,,0.04049502821431289,0.3582171790062336,0.31772215079192073,0.41914620537987435,67.09882059853925,,,,,,,,,5.35471574735119,29.20773875801325,-14.603869379006625,0
2023-02-15,9.16,10.23,9.11,10.11,7.908500000000001,9.543202113536275,6.273797886463727,76.45558566098572,64.01902525426813,0,0,,,,8.70986666666668,8.796965333333349,8.622768000000013,,19.41885187810064,27.837137257381283,34.4474489117425,0,72.5324432831755,62.3060322993283,,,,,0.14219453897566037,0.49546532451149616,0.3532707855358358,0.5019341039396094,72.5324432831755,,,,,72.5324432831755,72.5324432831755,72.5324432831755,,16.05424470096369,29.316453077877576,-14.658226538938788,0
2023-02-16,9.65,10.31,9.6,9.71,8.057500000000001,9.776440080398377,6.338559919601624,76.01162414220899,73.6632203255132,0,0,,,,8.69537777777779,8.782331555555567,8.608424000000012,,13.726868118997437,20.508842693143038,27.360965372507827,0,67.16376119081285,62.70209262495155,,,,,0.1697359815301609,0.5654407624485369,0.395704780918376,0.5571064901055903,67.16376119081285,,,,,,,,,24.405603808576,29.507893189183726,-14.753946594591863,0
2023-02-17,9.57,9.71,9.085,9.2,8.166500000000001,9.884932716168995,6.448067283831007,74.02218553794766,75.49646511371417,0,0,,,,8.676622222222234,8.763388444444455,8.589856000000012,,6.765695717767195,12.65536031347576,19.170984455958482,0,60.967513992265985,62.94917944170079,,,,,0.14194601002843932,0.5731372934539252,0.43119128342548585,0.5188005986806214,60.967513992265985,,,,,,,,,23.832038496176054,29.690028662703714,-14.845014331351857,0
2023-02-21,9.01,9.1,8.4,8.47,8.221,9.904994061747258,6.537005938252742,62.164753370786244,70.73285435031433,0,0,,,,8.651155555555565,8.73766711111112,8.56464400000001,,-1.8881037877910178,3.0288286096582073,8.743099242521456,0,53.37678470003576,62.22724950243412,,,,,0.06656876666130812,0.514402241752121,0.4478334750908129,0.3906653222902194,53.37678470003576,,,,,,,,,16.640420453337146,29.798440793453956,-14.899220396726978,0
2023-02-22,8.48,8.625,8.16,8.36,8.288,9.879623070956196,6.696376929043804,51.71782410385914,62.634921004197714,0,0,,,,8.626622222222231,8.712888444444454,8.540356000000008,,-3.1959240389068944,0.8687258687258614,6.483250541332253,0,52.31971196876781,61.07951131074531,,,,,0.004731370742140362,0.45374768851848835,0.449016317776348,0.28615216726731646,52.31971196876781,,,,,,,,,10.80180642818238,29.858807233762384,-14.929403616881192,0
2023-02-23,8.42,8.48,7.91,8.17,8.3355,9.851712056409017,6.819287943590982,45.91089399940612,53.264490491350536,0,0,,,,8.60191111111112,8.687930222222231,8.515892000000008,,-5.341211910554977,-1.9854837742186993,3.4177215189872934,0,50.46082738064555,59.31608365568359,,,,,-0.05049408948793416,0.3858987059164303,0.43639279540436443,0.2896158031237871,50.46082738064555,,,,,,,,,6.369037613465274,29.88956149461816,-14.94478074730908,0
2023-02-24,7.94,8.2,7.87,8.09,8.378,9.81455977947318,6.941440220526821,41.15913423651863,46.262617446594675,0,0,,,,8.576400000000008,8.662164000000008,8.49063600000001,,-6.4198958935800965,-3.437574600143234,1.927680483809957,0,49.66076915732892,58.27188953237396,,,,,-0.0915452773777703,0.32196119868215156,0.41350647605992186,0.19174339002461321,49.66076915732892,,,,,,,,,4.715333569242824,29.910583710017576,-14.955291855008788,0
2023-02-27,8.12,8.2299,7.96,8.03,8.402000000000001,9.797888247676015,7.006111752323987,38.297633316155576,41.78922051736016,0,0,,,,8.547066666666675,8.632537333333342,8.461596000000007,,-7.669311256755207,-4.427517257795777,0.7401831639693324,0,49.03285488674561,57.302924800403595,,,,,-0.12007533138177262,0.2634123118327061,0.3834876432144787,0.07661172483843988,49.03285488674561,,,,,,,,,3.3013570081894787,29.92396237678599,-14.961981188392995,0
2023-02-28,7.96,8.0973,7.8,7.84,8.425500000000001,9.765820484063388,7.0851795159366135,34.20338923987055,37.886718930848296,0,0,,,,8.520177777777786,8.605379555555563,8.434976000000008,,-10.091743119266061,-6.949142484125592,-2.0040831632015865,0,47.00597948415373,56.17421863913252,,,,,-0.14728440899357265,0.19938213197251287,0.3466665409660855,-0.05398465141797687,47.00597948415373,,,,,,,,,1.9050378718381715,29.93043808980302,-14.96521904490151,0
2023-03-01,7.83,7.91,7.69,7.69,8.421000000000001,9.770531770652305,7.071468229347698,30.55148689913993,34.350836485055396,0,0,,,,8.496577777777784,8.581543555555562,8.411612000000005,,-10.23695576047624,-8.68067925424535,-4.1266674978182705,0,45.41004824166924,55.075583278866155,,,,,-0.16935078187165287,0.13497806362651943,0.3043288454981723,-0.20667539150639427,45.41004824166924,45.41004824166924,,45.41004824166924,,,,,,0.21695517966663513,29.929436912853003,-14.964718456426501,0
2023-03-02,7.59,8.03,7.56,7.97,8.409500000000001,9.770242076956531,7.048757923043471,31.785921767517372,32.18026596884266,0,0,,,,8.47493333333334,8.559682666666673,8.390184000000007,,-4.585178977612858,-5.2262322373506365,-1.0757136946628276,0,48.89784929179438,54.56582547491128,,,,,-0.15920947119454032,0.10531700650499687,0.2645264776995372,-0.3540706628524186,48.89784929179438,,,,,,,,,-0.037724069764866495,29.927287663137726,-14.963643831568863,0
2023-03-03,8,8.5,8,8.33,8.376500000000002,9.711090199274656,7.041909800725348,38.71783035053707,33.68507967239817,0,0,,,,8.455511111111116,8.540066222222228,8.370956000000005,,1.3998782714546687,-0.555124455321454,2.7127003699136454,0,53.05114761938549,54.835976265188386,,,,,-0.12394434899993625,0.10959604144961688,0.23354039044955313,-0.5521491774444803,53.05114761938549,,,,,53.05114761938549,,53.05114761938549,,2.0209749784764326,29.93381163574848,-14.96690581787424,0
2023-03-06,8.34,8.45,8.2,8.28,8.370000000000001,9.705140442050949,7.034859557949052,40.37154766262422,36.958433260226265,0,0,,,,8.436044444444448,8.520404888888892,8.351684000000004,,1.9327834543887423,-1.0752688172043223,1.570166830225661,0,52.41398061264334,54.956606600568826,,,,,-0.10066351237608154,0.10771099997945122,0.20837451235553275,-0.7790030600617197,52.41398061264334,,,,,,,,,4.478096974290599,29.952113914819385,-14.976056957409693,0
2023-03-07,8.275,8.425,8.19,8.28,8.368500000000001,9.7039740731291,7.033025926870902,36.97279359313692,38.687390535432776,0,0,,,,8.41746666666667,8.501641333333337,8.333292000000002,,2.1717670286278246,-1.0575371930453659,1.1977511610852698,0,52.41398061264334,53.90768945871912,,,,,-0.08269429800163658,0.10500663985348702,0.1877009378551236,-0.7157912551569326,52.41398061264334,,,,,,,,,5.728142571999911,29.976817261078395,-14.988408630539197,0
2023-03-08,8.36,8.58,8.06,8.13,8.358500000000003,9.697966684916015,7.01903331508399,36.55770199995754,37.96734775190627,0,0,,,,8.39626666666667,8.480229333333336,8.312304000000003,,0.6063605989357956,-2.7337440928396517,-1.0828567952305912,0,50.31157256709944,52.320484407570824,,,,,-0.07838045400029245,0.08972537035475803,0.16810582435505048,-0.6043840484099385,50.31157256709944,,,,,,,,,4.807671583529102,29.996227794949004,-14.998113897474502,0
2023-03-09,8.07,8.26,7.68,7.69,8.332000000000003,9.702001459853186,6.961998540146819,29.605921662174048,34.37880575175621,0,0,,,,8.37524444444445,8.458996888888894,8.291492000000005,,-4.26988671729116,-7.705232837253984,-6.614313471502619,0,44.653465786043085,50.712606164372986,,,,,-0.10118014802888228,0.041630639318947615,0.1428107873478299,-0.5438580539236956,44.653465786043085,,,,,,,,,2.2495089924291936,30.00287864742244,-15.00143932371122,0
2023-03-10,7.59,7.68,7.28,7.35,8.302000000000003,9.729229484000333,6.874770515999673,22.96453383149073,29.70938583120748,0,0,,,,8.353911111111117,8.437450222222228,8.270372000000005,,-7.651715039577844,-11.46711635750426,-10.782925348978377,0,40.8321219128776,49.274363872988104,,,,,-0.13316650837666336,-0.02364734812299929,0.10951916025366407,-0.5264065214215571,40.8321219128776,40.8321219128776,,40.8321219128776,,,,,,-1.71874448713585,29.99361883231105,-14.996809416155525,0
2023-03-13,7.29,8.15,7.19,7.87,8.320000000000004,9.715550070760557,6.924449929239452,27.30138722950526,26.62394757439006,0,0,,,,8.33151111111112,8.414826222222231,8.248196000000007,,-0.919048218557228,-5.408653846153888,-4.594496302582152,0,48.1416413466786,48.90042506203402,,,,,-0.1140474110410308,-0.03304010354762443,0.08100730749340637,-0.43968863780543876,48.1416413466786,,,,,,,,,-2.821041863827799,29.980711928213953,-14.990355964106977,0
2023-03-14,8.05,8.14,7.78,7.89,8.334000000000003,9.706201151435119,6.961798848564887,29.426219644597985,26.5640469018647,0,0,,,,8.309733333333341,8.392830666666674,8.226636000000008,,-0.7297433316557744,-5.327573794096507,-4.55260292753743,0,48.405648880804755,48.62084912717951,,,,,-0.09554755237147179,-0.038427132970933364,0.05712041940053843,-0.3399137349372638,48.405648880804755,,,,,,,,,-1.9609564977814131,29.97054609183424,-14.98527304591712,0
2023-03-15,7.81,7.99,7.7,7.9,8.268000000000004,9.589432555978457,6.946567444021553,38.031052738112216,31.586219870738528,0,0,,,,8.290044444444451,8.372944888888895,8.207144000000007,,-0.8658551888568122,-4.450895016932799,-4.477852565394402,0,48.546696417387295,48.48412548694678,,,,,-0.07882601810122611,-0.0414121032259942,0.0374139148752319,-0.2775319957647098,48.546696417387295,,,,,,,,,0.3622954780741021,29.96878101274349,-14.984390506371746,0
2023-03-16,8.01,8.0799,7.86,7.98,8.161500000000002,9.180720780792807,7.142279219207197,41.08291532048514,36.180062567731824,0,0,,,,8.272355555555562,8.355079111111117,8.189632000000007,,0.12547051442910462,-2.2238559088403,-3.4249062083989035,0,49.73066761782221,48.489118234124874,,,,,-0.059448776662719964,-0.036897055953168056,0.022551720709551908,-0.19715547365148567,49.73066761782221,,,,,,,,,0.8130228802572552,29.968707035342646,-14.984353517671323,0
2023-03-17,7.93,8.03,7.84,7.88,8.070000000000002,8.80593477971886,7.3340652202811425,39.84497458508192,39.65298088122646,0,0,,,,8.25355555555556,8.336091111111115,8.171020000000004,,-0.5678233438485836,-2.354399008674124,-4.206175540967694,0,48.236503206713266,48.43223597126542,,,,,-0.050774460136238535,-0.04091635446074626,0.009858105675492272,-0.18276571607897435,48.236503206713266,,,,,,,,,0.7581719998657389,29.96828918464467,-14.984144592322336,0
2023-03-20,7.765,8.095,7.72,8.08,8.014000000000003,8.537159631470034,7.490840368529971,44.43706894050506,41.788319615357416,0,0,,,,8.240044444444443,8.322444888888887,8.157644,,2.21378874130298,0.8235587721487025,-1.6433353621424174,0,51.38265733626248,48.744855817844616,,,,,-0.030002227189882186,-0.02764467831186046,0.0023575488780217257,-0.16541028049027856,51.38265733626248,,,,,,,,,1.5118080986472247,29.970849322543174,-14.985424661271587,0
2023-03-21,8.2,8.51,8.17,8.45,8.013000000000002,8.532734547629802,7.493265452370202,57.656653824318255,47.31289911663512,0,0,,,,8.230666666666668,8.312973333333336,8.14836,,6.664983590002516,5.453637838512382,2.802222312340308,0,56.633911638044296,49.54656034615713,,,,,0.008181214610923183,0.012584067141675703,0.004402852530752521,-0.07197580770867454,56.633911638044296,,,,,56.633911638044296,,56.633911638044296,,3.487985137317388,29.982078490280372,-14.991039245140186,0
2023-03-22,8.44,8.62,8.2,8.21,8.005500000000003,8.509066281635134,7.501933718364873,64.03429582795732,55.37600619759359,0,0,,,,8.218488888888887,8.300673777777776,8.136303999999997,,3.5308953341740112,2.554493785522416,-0.06897391163224187,0,52.660606740760336,49.815328735368986,,,,,0.016328604124420512,0.02481360768627816,0.008485003561857649,-0.003791655617258322,52.660606740760336,,,,,,,,,4.8471368466047595,29.99973128940559,-14.999865644702796,0
2023-03-23,8.32,8.56,8.16,8.33,8.013500000000004,8.532124141358459,7.494875858641549,68.65047375933484,63.447141137203516,0,0,,,,8.209288888888887,8.291381777777776,8.127195999999998,,4.203152364273199,3.949585075185569,1.3464190120853203,0,54.3838578805445,49.91052232545177,,,,,0.028160021120665946,0.04368502996269008,0.015525008842024134,0.26794366358901145,54.3838578805445,,,,,,,,,5.85871189946451,30.022349365984287,-15.011174682992143,0
2023-03-24,8.29,8.35,8.06,8.2,8.019000000000004,8.543057248780968,7.49494275121904,66.30005492868013,66.32827483865748,0,0,,,,8.198,8.27998,8.11602,,1.4977101126376846,2.2571392941762802,-0.3362638253048833,0,52.16831829699813,49.892975017191404,,,,,0.02566169440345626,0.04760212684634446,0.0219404324428882,0.4701609605305334,52.16831829699813,,,,,,,,,4.738103899988989,30.03888911610638,-15.01944455805319,0
2023-03-27,8.15,8.32,7.94,8.04,8.019500000000004,8.543617353270978,7.4953826467290305,59.29716179693206,64.74923016164905,0,0,,,,8.186844444444445,8.268712888888889,8.104976,,-0.6916996047430901,0.2556269094082575,-2.4902975420439954,0,49.49569212661574,49.684525839618004,,,,,0.01233971024782455,0.037365070252668886,0.025025360004844337,0.6281312632192912,49.49569212661574,,,,,,,,,3.9575056052148123,30.05137007578141,-15.025685037890705,0
2023-03-28,8.06,8.12,7.97,8,8.027500000000003,8.545259596724042,7.5097404032759645,53.30614198582976,59.634452903814015,0,0,,,,8.1736,8.255336,8.091864000000001,,-1.3198470457629563,-0.3425724073497727,-3.1281533804238038,0,48.822290406446484,49.5781485424285,,,,,0.0005620226842499923,0.025727888360156825,0.025165865675906833,0.6994145811277488,48.822290406446484,48.822290406446484,,48.822290406446484,,,,,,2.4992291474482853,30.056996183859905,-15.028498091929952,0
2023-03-29,8.09,8.25,8.0512,8.22,8.054000000000006,8.553895989181449,7.554104010818562,55.48882366795007,56.030709150237335,0,0,,,,8.165155555555557,8.246807111111114,8.083504000000001,,0.9952082565425568,2.061087658306371,-0.060790273556221575,0,52.6388856518234,50.14853567569853,,,,,0.006960987779578792,0.03386710040038032,0.02690611262080153,0.6681993946897056,52.6388856518234,,,,,,,,,2.5369103523413,30.062620234700535,-15.031310117350268,0
2023-03-30,8.33,8.38,8.05,8.15,8.063000000000006,8.563003999983712,7.5629960000163,53.803617352518295,54.19952766876608,0,0,,,,8.159244444444447,8.240836888888891,8.077652000000002,,-0.07356547327120877,1.079002852536215,-0.11846889170308295,0,51.327279196979575,50.8981897674201,,,,,0.00589429429080781,0.034273980484311295,0.028379686193503485,0.5438680036116025,51.327279196979575,,,,,,,,,2.96994015066308,30.06997769379473,-15.034988846897365,0
2023-03-31,8.15,8.48,8.08,8.45,8.069000000000004,8.584321259021714,7.553678740978295,63.76314760543529,57.685196208634586,0,0,,,,8.163644444444445,8.24528088888889,8.082008,,2.8856690612443447,4.721774693270486,4.093951463885337,0,56.347407302776055,51.48431590714135,,,,,0.023803289794228646,0.0581337984362893,0.03433050864206065,0.5792395238703832,56.347407302776055,,,,,56.347407302776055,,56.347407302776055,,4.851942007154675,30.08594537162091,-15.042972685810454,0
2023-04-03,8.37,8.53,8.21,8.38,8.074000000000003,8.599258031827997,7.548741968172009,64.74023393691888,60.76899963162419,0,0,,,,8.168488888888891,8.25017377777778,8.086804000000003,,1.6620162562174023,3.78994302700022,3.5804045980800447,0,54.923924560002625,51.94990702708405,,,,,0.029000272275379768,0.07058084898628536,0.04158057671090559,0.5719915004646753,54.923924560002625,,,,,,,,,5.521082059354872,30.104994413638984,-15.052497206819492,0
2023-04-04,8.53,8.54,8.23,8.35,8.077500000000004,8.609096651607016,7.545903348392992,65.91683867105203,64.80674007113544,0,0,,,,8.17577777777778,8.257535555555558,8.094020000000002,,1.4211101664034942,3.3735685546269822,3.260645533616402,0,54.29091059278407,52.360208039612395,,,,,0.028443785923560096,0.07713530911535571,0.048691523191795615,0.5276834152040838,54.29091059278407,,,,,,,,,6.364140865457503,30.12811164394025,-15.064055821970125,0
2023-04-05,8.63,8.65,7.84,7.98,8.070000000000004,8.60265373367676,7.537346266323247,56.97133922871204,62.54280394556102,0,0,,,,8.178622222222225,8.260408444444447,8.096836000000003,,-2.8014616321559105,-1.1152416356877692,-1.1601502828124222,0,47.08340848021479,52.17111810121186,,,,,0.0025474738648496864,0.05187586552285772,0.049328391658008036,0.22441708462720167,47.08340848021479,47.08340848021479,,47.08340848021479,,,,,,4.394795163836856,30.141090670666124,-15.070545335333062,0
2023-04-06,7.88,8.14,7.79,8.09,8.090000000000003,8.593309050186726,7.586690949813281,53.47478991126907,58.787655937011074,0,0,,,,8.177511111111116,8.259286222222228,8.095736000000004,,-1.1727339359882683,-4.440892098500626e-14,0.2354107297732666,0,49.240891006296785,52.24286008689641,,,,,-0.007247150138955563,0.040269453984313586,0.04751660412326915,-0.09279137012771847,49.240891006296785,,,,,,,,,3.199961092226282,30.148403924324786,-15.074201962162393,0
2023-04-10,8,8.44,7.9,8.39,8.142000000000005,8.530566596608244,7.753433403391766,59.06378404151256,56.50330439383126,0,0,,,,8.17906666666667,8.260857333333336,8.097276000000003,,2.2547227300426353,3.045934659788707,3.8237841851256116,0,54.66917209481831,52.47761114107896,,,,,0.0057057762101190845,0.054648824385918005,0.04894304817579892,-0.06853975848696764,54.66917209481831,,,,,,,,,3.4002481946020615,30.15642356573522,-15.07821178286761,0
2023-04-11,8.35,8.79,8.34,8.61,8.179000000000004,8.59675112208079,7.761248877919218,63.30444783109343,58.614340594625055,0,0,,,,8.18017777777778,8.261979555555559,8.098376000000002,,4.212055192447339,5.269592859762762,6.291922143121709,0,58.19950658756131,52.58943935175875,,,,,0.027118994900625595,0.08284179180158091,0.055722796900955315,0.3480805413490798,58.19950658756131,,,,,58.19950658756131,,58.19950658756131,,6.061523742022554,30.176924701748128,-15.088462350874064,0
2023-04-12,8.75,8.775,8.3,8.33,8.201000000000004,8.601544629223486,7.800455370776522,60.78617799776073,61.05146995678894,0,0,,,,8.181600000000003,8.263416000000003,8.099784000000003,,0.42194092827001484,1.572978905011535,2.628336755646843,0,52.58625530233827,52.5841285347286,,,,,0.020741803036399595,0.08165005069645481,0.06090824766005522,0.377659273187029,52.58625530233827,,,,,,,,,7.052684086402024,30.20229728856194,-15.10114864428097,0
2023-04-13,8.5,8.7,8.43,8.58,8.235000000000005,8.642946074867421,7.827053925132588,68.28957528514032,64.12673370466486,0,0,,,,8.182800000000004,8.264628000000004,8.100972000000004,,2.988836874324785,4.189435336976266,5.323458406645121,0,56.61017869449909,52.74315145001107,,,,,0.031056510220126912,0.09972888543521385,0.06867237521508694,0.587055351466078,56.61017869449909,,,,,,,,,7.817380663914444,30.231471161103546,-15.115735580551773,0
2023-04-14,8.53,8.91,8.47,8.81,8.276500000000004,8.737640976274903,7.815359023725105,75.30084762739416,68.12553363676511,0,0,,,,8.18604444444445,8.267904888888895,8.104184000000005,,4.9184232463975075,6.445961457137628,7.776373200668796,0,59.975623933556236,53.30081613833665,,,,,0.04994552501124325,0.131104281479141,0.08115875646789775,0.703913620190936,59.975623933556236,,,,,59.975623933556236,,59.975623933556236,,8.607340677539398,30.26468405264564,-15.13234202632282,0
2023-04-17,8.81,9.04,8.78,8.8,8.322500000000005,8.799527252889932,7.845472747110078,75.54916151199434,73.04652814150965,0,0,,,,8.18955555555556,8.271451111111116,8.107660000000003,,4.364326375711558,5.737458696305131,7.448107448107466,0,59.758597860097716,54.033880833585364,,,,,0.05778848106007836,0.1533943577929957,0.09560587673291734,0.7332500862211322,59.758597860097716,,,,,,,,,10.529017754494511,30.308826893082987,-15.154413446541493,0
2023-04-18,8.93,9.02,8.72,8.73,8.355000000000004,8.84975246335897,7.8602475366410385,75.32576897222927,75.39192603720596,0,0,,,,8.194800000000003,8.276748000000003,8.112852000000002,,3.106176922168391,4.488330341113067,6.398537477148114,0,58.17176173674716,54.70170021432113,,,,,0.05433606930421815,0.16352596336319003,0.10918989405897188,0.7222795958462545,58.17176173674716,,,,,,,,,11.080652853536725,30.355860103287572,-15.177930051643786,0
2023-04-19,8.58,8.6575,8.48,8.49,8.357000000000005,8.853592388181404,7.860407611818604,65.25316126378536,72.04269724933636,0,0,,,,8.197155555555558,8.279127111111114,8.115184000000001,,0.10611956137245304,1.5914801962426228,3.3852898197759718,0,52.97753055366757,54.725889135881424,,,,,0.033012075223092255,0.1504549880878372,0.11744291286474494,0.6645245683687382,52.97753055366757,,,,,,,,,9.673877584980389,30.393843078460986,-15.196921539230493,0
2023-04-20,8.29,8.5,8.13,8.15,8.354000000000003,8.854815335228285,7.853184664771722,52.571629708758394,64.38351998159105,0,0,,,,8.196222222222225,8.278184444444447,8.114260000000003,,-4.095081195575434,-2.4419439789322706,-0.7630489487782888,0,46.625856030668096,54.3900731954306,,,,,-0.004852649002321199,0.11137710161184344,0.11622975061416464,0.37334460565717054,46.625856030668096,,,,,,,,,6.897308806060607,30.4161508745634,-15.2080754372817,0
2023-04-21,8.14,8.22,8.09,8.18,8.346500000000004,8.852988894251114,7.8400111057488955,47.918471033142126,55.24775400189534,0,0,,,,8.193244444444447,8.275176888888891,8.111312000000003,,-3.843893264370535,-1.994848139938954,-0.5954550978247597,0,47.22707778865665,53.73862108727921,,,,,-0.027476255241391384,0.08188443156242542,0.1093606868038168,0.24947613122325607,47.22707778865665,,,,,,,,,4.570100417734798,30.426957675716015,-15.213478837858007,0
2023-04-24,8.16,8.25,7.94,8.1,8.341500000000003,8.855592404145144,7.827407595854863,41.073767441432636,47.187956061111095,0,0,,,,8.19066666666667,8.272573333333337,8.108760000000004,,-4.458598726114671,-2.8951627405143454,-1.8657620547613218,0,45.7472137049757,53.08314174049158,,,,,-0.04631837624972712,0.0514627164916579,0.09778109274138502,0.08045349849238692,45.7472137049757,,,,,,,,,2.926202733732481,30.43050991135021,-15.215254955675105,0
2023-04-25,8,8.02,7.73,7.74,8.326500000000005,8.89003438226936,7.762965617730651,26.577698159919557,38.523312211498144,0,0,,,,8.18746666666667,8.269341333333337,8.105592000000001,,-7.75831247765465,-7.04377589623496,-6.178027395046259,0,39.71613578057168,52.042086396762116,,,,,-0.07956597737682598,-0.0016763789796474526,0.07788959839717853,-0.1921960172389683,39.71613578057168,,,,,,,,,1.2084835555022917,30.427307230090495,-15.213653615045247,0
2023-04-26,7.87,7.91,7.65,7.74,8.313500000000005,8.917131510111696,7.709868489888313,24.280986316435474,30.6441506392626,0,0,,,,8.180533333333337,8.26233866666667,8.098728000000003,,-7.105136821891533,-6.898418235400305,-6.121128810544175,0,39.71613578057168,51.5158526325019,,,,,-0.09694405424035515,-0.04329046940326542,0.053653584837089735,-0.5308524943746278,39.71613578057168,39.71613578057168,,39.71613578057168,,,,,,-0.619470931468607,30.41781948686177,-15.208909743430885,0
2023-04-27,7.83,7.91,7.72,7.82,8.293500000000005,8.933602335568061,7.653397664431949,25.20942834873076,25.356037608361973,0,0,,,,8.17555555555556,8.257311111111116,8.093800000000003,,-5.281007751938027,-5.709290408151013,-5.120116476583336,0,41.697102958997746,50.9770106291234,,,,,-0.0981380650193658,-0.06901899643711751,0.029119068582248286,-0.7565419928345942,41.697102958997746,,,,,,,,,-1.7497143106728335,30.404891584859726,-15.202445792429863,0
2023-04-28,7.77,8,7.62,7.75,8.273500000000006,8.954007898557856,7.592992101442155,21.780613224271672,23.757009296479342,0,0,,,,8.170088888888893,8.251789777777782,8.088388000000004,,-4.907975460122726,-6.327430954251589,-5.881876695138222,0,40.44473785394281,49.960979611918006,,,,,-0.09847459776719725,-0.09397417862674828,0.0045004191404489705,-0.8471658377445951,40.44473785394281,,,,,,,,,-1.6486521129492473,30.392235233911375,-15.196117616955688,0
2023-05-01,7.75,7.82,7.66,7.78,8.240000000000006,8.947870044570054,7.532129955429956,24.520884109220553,23.836975227407706,0,0,,,,8.164088888888893,8.245729777777782,8.082448000000003,,-3.330019880715729,-5.582524271844724,-5.479285627505748,0,41.25901861214727,48.75094475653129,,,,,-0.09164982838502045,-0.1100618663408266,-0.01841203795580614,-0.8620034532485362,41.25901861214727,,,,,,,,,-1.4126474583026105,30.38024342223839,-15.190121711119195,0
2023-05-02,7.72,7.91,7.43,7.59,8.200500000000005,8.95906377451054,7.441936225489471,20.87705993973597,22.392852424409444,0,0,,,,8.157022222222228,8.23859244444445,8.075452000000006,,-4.335770103352699,-7.44466800804835,-7.604285018665779,0,37.73961906727677,47.69047073974118,,,,,-0.09452525679578515,-0.13656860895053757,-0.042043352154752425,-0.9354235297117535,37.73961906727677,,,,,,,,,-2.3157517565966708,30.36569355526071,-15.182846777630354,0
2023-05-03,7.62,7.68,7.45,7.56,8.161000000000005,8.965211414989682,7.356788585010328,19.247504580164666,21.54848287637377,0,0,,,,8.15204444444445,8.233564888888894,8.070524000000004,,-3.5837265654891315,-7.364293591471693,-7.635919364691501,0,37.2000518413287,46.304033107371865,,,,,-0.09290357815883511,-0.1581728248532963,-0.0652692466944612,-0.9467911485456008,37.2000518413287,,,,,,,,,-3.041907831341319,30.349254362822247,-15.174627181411124,0
2023-05-04,7.47,7.52,7.28,7.38,8.131000000000004,9.001974167240185,7.260025832759823,15.783185411551408,18.635916643817396,0,0,,,,8.14813333333334,8.229614666666672,8.066652000000007,,-4.945904173106664,-9.236256303037804,-9.529257927427249,0,34.054091242721114,44.4524950580265,,,,,-0.09790911454722881,-0.1876556398784972,-0.0897465253312684,-0.9436808394029294,34.054091242721114,34.054091242721114,,34.054091242721114,,,,,,-4.644252468340878,30.32914638108633,-15.164573190543164,0
2023-05-05,7.44,7.55,7.32,7.41,8.097000000000003,9.023069111891663,7.170930888108342,16.498510395882636,17.176400129199617,0,0,,,,8.147111111111117,8.22858222222223,8.065640000000005,,-3.6034864056199045,-8.484623934790692,-8.818703855619336,0,35.04011731547453,42.686889304839134,,,,,-0.09318119835554109,-0.20622302327569475,-0.11304182492015366,-0.9371130111812097,35.04011731547453,,,,,,,,,-5.311304564426645,30.307731973874372,-15.153865986937186,0
2023-05-08,7.64,7.855,7.59,7.74,8.064500000000004,8.992777436976558,7.13622256302345,25.89541881202686,19.39237153982035,1,0,,,,8.146755555555561,8.228223111111117,8.065288000000006,,1.1632466344268622,-4.023808047616139,-4.57795676830769,0,44.81475914050438,41.73281769082179,,,,,-0.06324270988927963,-0.1920952122817532,-0.12885250239247356,-0.868615350106973,44.81475914050438,,,,,,,,,-4.465719923687179,30.288063421503715,-15.144031710751857,0
2023-05-09,9.22,9.69,8.655,9.55,8.111500000000003,9.222666504174704,7.000333495825301,59.09024420407141,33.82805780399364,0,0,,,,8.153111111111116,8.234642222222227,8.071580000000004,,21.93564862104185,17.734081242680098,17.010414539514016,0,70.78293759559658,43.004632479531004,,,,,0.07552213721099503,-0.03444983087872977,-0.1099719680897248,0.05258977277147913,70.78293759559658,,,,,,,,,4.39185512221763,30.29695384660361,-15.148476923301805,0
2023-05-10,9.73,10.3,9.46,9.94,8.192000000000004,9.558712844748207,6.8252871552518,68.3121090672815,51.09925736112658,0,0,,,,8.163200000000005,8.244832000000006,8.081568000000004,,23.447590660705366,21.337890624999932,20.83147615381502,0,73.65913859817198,44.93558123435271,,,,,0.1844297421547702,0.12056520960373796,-0.06386453255103225,0.40240525546498923,73.65913859817198,,,,,73.65913859817198,,73.65913859817198,,14.313007118648686,30.360563969522822,-15.180281984761411,0
2023-05-11,10.14,10.1591,9.71,9.88,8.257000000000003,9.803209558889037,6.710790441110969,72.1162236707533,66.5061923140354,0,0,,,,8.170488888888894,8.252193777777784,8.088784000000004,,19.64155969968513,19.65604941261956,19.299657878848908,0,72.47703797043914,46.739149818765746,,,,,0.23977598812669565,0.2358554526073373,-0.003920535519358337,0.6046618179720283,72.47703797043914,,,,,,,,,22.375177283551583,30.48560116269509,-15.242800581347545,0
2023-05-12,9.86,10.01,9.47,9.5,8.291500000000003,9.914414353870768,6.668585646129237,71.14213159525877,70.52348811109785,0,0,,,,8.174000000000005,8.255740000000005,8.092260000000005,,12.652674018735866,14.575167340047003,14.091273018414752,0,65.32656655432876,48.13767502229096,,,,,0.23768151988155264,0.29318136433258246,0.055499844451029824,0.721496167070441,65.32656655432876,,,,,,,,,21.446280867796734,30.60117895953811,-15.300589479769055,0
2023-05-15,9.21,9.6,9.02,9.52,8.327500000000004,10.024201211174113,6.630798788825897,70.40259317075326,71.22031614558846,0,0,,,,8.176266666666672,8.258029333333338,8.094504000000006,,10.60764494016495,14.320024016811717,13.843823494240048,0,65.5193813562189,49.98076399198005,,,,,0.22467946152828902,0.3363491713613911,0.11166970983310207,0.7718380016659367,65.5193813562189,,,,,,,,,19.277904398217775,30.697840562512695,-15.348920281256348,0
2023-05-16,9.4,9.63,9.35,9.47,8.364500000000003,10.125743594736331,6.603256405263675,68.97814658133262,70.17429044911489,0,0,,,,8.176311111111117,8.258074222222229,8.094548000000005,,7.6748152359294775,13.216570028094887,12.755993014764266,0,64.5529208498775,51.75482006835904,,,,,0.2005429999861104,0.36234845981574004,0.16180545982962966,0.7982091861208984,64.5529208498775,,,,,,,,,17.30453298362758,30.778526044970242,-15.389263022485121,0
2023-05-17,9.54,10.285,9.46,10.25,8.452500000000004,10.396432869211218,6.50856713078879,75.92696493300501,71.7692348950303,0,0,,,,8.176577777777783,8.25834355555556,8.094812000000006,,13.084730803177358,21.265897663413135,21.12975655873319,0,71.59262891892762,53.890214779782596,,,,,0.22320456633802482,0.44081116775216067,0.21760660141413585,0.846895169627474,71.59262891892762,,,,,,,,,20.101074603957564,30.87947710163047,-15.439738550815235,0
2023-05-18,10.46,11.81,10.39,11.74,8.632000000000003,11.038911714209684,6.2250882857903225,85.15700510310327,76.68737220581363,0,0,,,,8.186000000000005,8.267860000000006,8.104140000000005,,23.578947368421012,36.00556070435583,36.712988122040244,0,79.83226014079362,56.703609228843376,,,,,0.3188120861450787,0.6161217090954842,0.2973096229504055,0.8802997081622046,79.83226014079362,,,,,,,,,28.316177213256974,31.051804988601265,-15.525902494300633,0
2023-05-19,11.97,12.41,11.52,11.71,8.808500000000004,11.551230573716595,6.0657694262834125,85.04048451852631,82.04148485154487,0,0,,,,8.196666666666673,8.278633333333339,8.114700000000006,,17.92547834843905,32.93977408185271,34.47404685346811,0,79.33331590833227,59.42320189285659,,,,,0.3573993259714078,0.7440587804146652,0.38665945444325744,0.9113687853040656,79.33331590833227,,,,,,,,,36.081987364044174,31.30434342008014,-15.65217171004007,0
2023-05-22,11.62,12.105,11.39,11.84,8.995500000000003,12.015483278099364,5.975516721900643,86.72773339565966,85.64174100576308,0,0,,,,8.208266666666672,8.290349333333339,8.126184000000006,,14.50676982591872,31.62136623867484,34.19471834976766,0,79.91900297607843,62.43601502919956,,,,,0.36762079295060957,0.8461854456315194,0.47856465268090986,0.9247176934294272,79.91900297607843,,,,,,,,,40.99095577348837,31.611659674910616,-15.805829837455308,0
2023-05-23,11.95,13.42,11.87,12.64,9.240500000000003,12.590338652830882,5.890661347169123,89.0636011908347,86.94393970167356,0,0,,,,8.22413333333334,8.306374666666674,8.141892000000006,,18.69659122922338,36.789134787078595,41.11342661506405,0,83.09414583417554,65.71416460011719,,,,,0.40144726946500875,0.9803737395121708,0.578926470047162,0.9324962216950895,83.09414583417554,,,,,83.09414583417554,,83.09414583417554,,42.947768451980814,31.938305903891504,-15.969152951945752,0
2023-05-24,12.05,12.43,11.82,12.23,9.465000000000002,12.980243946015683,5.949756053984321,86.46933554485251,87.42022337711562,0,1,,,,8.237288888888894,8.319661777777783,8.154916000000005,,12.428755285898108,29.212889593238224,34.582935954808924,0,76.4246923125529,68.74063610510518,,,,,0.37016131610563796,1.0416281151792095,0.6714667990735715,0.9251593965743395,76.4246923125529,,,,,,,,,43.60405860291746,32.2675015168127,-16.13375075840635,0
2023-05-25,13.18,13.22,12.34,12.84,9.716000000000003,13.436464487130579,5.995535512869427,88.48468701910741,88.00587458493153,0,0,,,,8.249600000000006,8.332096000000007,8.167104000000005,,14.90961159835329,32.15314944421568,39.12164114417802,0,79.11106784652429,71.88856114303731,,,,,0.3639545590901384,1.1264099979362445,0.7624554388461061,0.9231972520217474,79.11106784652429,,,,,,,,,45.90569789030524,32.62048792730142,-16.31024396365071,0
2023-05-26,12.84,14.195,12.82,13.65,10.011000000000003,13.987932989126133,6.034067010873873,91.64504358404791,88.86635538266928,0,0,,,,8.266711111111118,8.34937822222223,8.184044000000005,,17.784105617395785,36.350014983518086,45.35709214823229,0,82.03794933708869,74.54736044279332,,,,,0.3857263316400641,1.2446133533961863,0.8588870217561222,0.9255612662111744,82.03794933708869,,,,,,,,,48.15590782628479,32.99668944169228,-16.49834472084614,0
2023-05-30,14.44,15.005,14.24,14.71,10.357500000000003,14.688365386963643,6.026634613036364,93.99626148661851,91.37533069659128,0,0,,,,8.28684444444445,8.369712888888895,8.203976000000004,,21.48992401717871,42.02268887279745,53.42627681396242,0,84.99996129979978,75.5628621359507,,,,,0.43896845981438537,1.4075975965241039,0.9686291367097185,0.9389192534673475,84.99996129979978,,,,,,,,,55.37569010714566,33.46692813980865,-16.733464069904326,0
2023-05-31,14.19,14.79,13.82,14.71,10.713500000000003,15.241909323371704,6.185090676628302,91.62293623846276,92.42141376970972,0,1,,,,8.30702222222223,8.390092444444452,8.223952000000008,,16.450284990500318,37.30340224949826,50.30142025135387,0,84.99996129979978,76.37292090035268,,,,,0.44049733531380086,1.5192508058519696,1.0787534705381687,0.963839955704368,84.99996129979978,,,,,84.99996129979978,,84.99996129979978,,59.94165917821704,33.995653244736275,-16.997826622368137,0
2023-06-01,14.46,15.22,14.2,14.54,11.062500000000004,15.640577653338756,6.48442234666125,90.90229958345742,92.17383243617957,0,0,,,,8.329155555555563,8.412447111111119,8.245864000000006,,11.32378837761272,31.43502824858753,45.56497363678837,0,82.47042143640755,77.08673400506471,,,,,0.3976802143291156,1.5758537384495632,1.1781735241204476,0.9745986400198167,82.47042143640755,,,,,,,,,60.78436567597421,34.525256651914205,-17.262628325957103,0
2023-06-02,14.65,15.03,14.16,14.52,11.419500000000003,15.905890419925544,6.933109580074462,89.21904188822937,90.58142590338319,0,0,,,,8.351511111111117,8.435026222222229,8.267996000000005,,8.853737161706254,27.150926047550207,42.338986373884936,0,82.16064214465065,78.28916797580199,,,,,0.3379786820286257,1.6006468766562296,1.262668194627604,0.9664657626195131,82.16064214465065,,,,,,,,,58.13312078495317,35.0036831066056,-17.5018415533028,0
2023-06-05,14.365,15.7,14.35,15.24,11.811000000000003,16.194906477104595,7.42709352289541,92.06273247668355,90.7280246494568,0,0,,,,8.378000000000007,8.461780000000008,8.294220000000006,,11.305872042068344,29.032258064516103,46.028298572295554,0,84.4282993262416,79.63980497366074,,,,,0.3172787302387594,1.6592666074260531,1.3419878771872937,0.9629009184174079,84.4282993262416,,,,,,,,,58.12838739074664,35.47205262586142,-17.73602631293071,0
2023-06-06,15.3,15.58,14.92,15.46,12.197000000000003,16.436231534134425,7.957768465865581,92.353628549369,91.21180097142731,0,0,,,,8.407155555555562,8.491227111111117,8.323084000000007,,10.004269247189402,26.752480118061793,44.733967857700144,0,85.05349049214205,81.10413137667966,,,,,0.28947736489071696,1.70383458330069,1.414357218409973,0.9645836524083335,85.05349049214205,,,,,85.05349049214205,,85.05349049214205,,59.778251619728735,35.95432930436491,-17.977164652182456,0
2023-06-07,16.01,17.16,14.52,14.69,12.454000000000002,16.643102051752834,8.26489794824717,85.72674630495702,90.04770244366988,0,1,,,,8.432266666666674,8.516589333333341,8.347944000000007,,3.022652359913014,17.954070981210823,34.60598656078196,0,73.87401972774998,81.26708786302412,,,,,0.19484309996345006,1.6579110933642855,1.4630679934008355,0.9379467286535147,73.87401972774998,,,,,,,,,58.20913704508865,36.40469810480803,-18.202349052404013,0
2023-06-08,14.44,15.59,14.39,15.19,12.716500000000002,16.900523302994376,8.532476697005627,82.7797512246263,86.95337535965079,0,0,,,,8.45964444444445,8.544240888888895,8.375048000000005,,4.36276193747851,19.45110682970941,36.09078691951622,0,76.07327816371452,80.9985891503756,,,,,0.14388449910245704,1.6429236172789068,1.4990391181764497,0.9230376302069113,76.07327816371452,,,,,,,,,55.91361870834566,36.81544808896739,-18.407724044483697,0
2023-06-09,15.36,15.98,14.82,15.02,12.973500000000001,17.05932072538675,8.887679274613252,74.50925226198662,81.00524993052333,0,0,,,,8.484888888888895,8.569737777777783,8.400040000000006,,1.6719691328775266,15.774463329093912,31.735126443502427,0,73.79862318498444,80.60325395585075,,,,,0.07988651576607841,1.5988972628840479,1.5190107471179695,0.8864162157470783,73.79862318498444,73.79862318498444,,73.79862318498444,,,,,,52.26588737193729,37.172462876828355,-18.586231438414178,0
2023-06-12,15.44,16.03,15.33,15.65,13.281000000000002,17.197043411403893,9.36495658859611,74.14999688395042,77.14633345685446,0,0,,,,8.509511111111117,8.594606222222227,8.424416000000006,,4.521471982902536,17.83751223552441,34.16202314616377,0,76.59196837606305,80.36560862727822,,,,,0.06194263367241426,1.5964390392084873,1.534496405536073,0.8722162961694376,76.59196837606305,,,,,,,,,54.00569969186037,37.544832312729085,-18.772416156364542,0
2023-06-13,16.18,16.27,15.1625,16,13.605,17.288077517511653,9.921922482488348,74.43322278250383,74.36415730948032,0,0,,,,8.534000000000006,8.619340000000006,8.448660000000006,,5.946232287114284,17.603822124219025,34.01457408493176,0,77.99550600006407,80.00142006769883,,,,,0.05579509231089186,1.604240270924688,1.548445178613796,0.8648881460637483,77.99550600006407,,,,,,,,,55.20350585504565,37.92565176753894,-18.96282588376947,0
2023-06-14,15.93,16.19,15.44,15.91,13.927000000000001,17.212313379268387,10.641686620731615,73.80584756789385,74.12968907811606,0,0,,,,8.560977777777785,8.646587555555563,8.475368000000007,,4.519774011299438,14.238529475120254,30.235477093508713,0,76.72160409667502,80.02262805227898,,,,,0.02915659268234716,1.58489091946673,1.5557343267843828,0.8643515375870915,76.72160409667502,,,,,,,,,56.7651301303405,38.31939331739901,-19.159696658699506,0
2023-06-15,15.66,16.79,15.49,16.6,14.244500000000002,17.26360235003717,11.225397649962835,76.90907660963497,75.0493823200109,0,0,,,,8.59173333333334,8.677650666666672,8.505816000000006,,7.596577651024106,16.536206957071144,32.61257422842385,0,79.48772692474607,80.04953227215196,,,,,0.040782515561706756,1.6067124712365164,1.5659299556748096,0.8842121107064668,79.48772692474607,,,,,79.48772692474607,79.48772692474607,79.48772692474607,,58.3890743273586,38.72672554707406,-19.36336277353703,0
2023-06-16,16.87,16.91,16.01,16.3,14.472500000000002,17.387556603223977,11.557443396776028,75.00502999300363,75.23998472351083,0,0,,,,8.622400000000006,8.708624000000006,8.536176000000006,,4.447007561194427,12.627396787009836,27.19469371829888,0,75.2982469089763,79.56812495585822,,,,,0.012509948293798034,1.5815673910420571,1.569057442748259,0.8818473717615973,75.2982469089763,,,,,,,,,58.010452914674055,39.122056000158146,-19.561028000079073,0
2023-06-20,15.99,16.89,15.58,15.79,14.6765,17.350816922131663,12.002183077868336,64.79493279403798,72.23634646555888,0,0,,,,8.648044444444452,8.734524888888895,8.561564000000008,,0.8237021901538633,7.5869587435696495,20.586513250006377,0,68.6719202486919,78.40183630935051,,,,,-0.052718347046202485,1.5031595089405059,1.5558778559867084,0.8566900339373137,68.6719202486919,,,,,,,,,56.285952797374755,39.48945627990504,-19.74472813995252,0
2023-06-21,15.66,15.755,14.37,14.64,14.816500000000001,17.154167854935725,12.478832145064278,55.35351913969076,65.05116064224416,0,0,,,,8.668088888888896,8.754769777777785,8.581408000000007,,-6.027344502214527,-1.1912394965072792,9.874165061416473,0,56.580734222166015,76.37189151809096,,,,,-0.1784135508305542,1.3328609174485155,1.5112744682790697,0.5726137569841132,56.580734222166015,,,,,,,,,48.852658293692315,39.76712338564044,-19.88356169282022,0
2023-06-22,14.3,14.44,13.86,14.05,14.887,17.035228107068725,12.738771892931275,40.45142806757689,53.53329333376857,0,0,,,,8.68453333333334,8.771378666666672,8.597688000000007,,-9.442475024170161,-5.6223550748975555,4.272320213739711,0,51.56448347117486,74.16432452057435,,,,,-0.2992745587957051,1.1371812697844383,1.4364558285801434,0.14575629651215152,51.56448347117486,,,,,,,,,40.65975861186477,39.96079294783676,-19.98039647391838,0
2023-06-23,13.64,14.14,13.56,14.03,14.977,16.798385187158395,13.155614812841605,35.89525511580345,43.90006744102374,0,0,,,,8.70035555555556,8.787359111111117,8.613352000000004,,-8.89018767452433,-6.323028643920681,3.0809169278996906,0,51.39813428479409,71.9670025305846,,,,,-0.37371167709185604,0.9693162322153235,1.3430279093071795,-0.21472731346671597,51.39813428479409,,,,,,,,,34.184811254152144,40.09766933242342,-20.04883466621171,0
2023-06-26,13.87,14.42,13.83,13.94,15.032000000000002,16.64664051726683,13.417359482733172,32.040001327542406,36.128894836974276,0,0,,,,8.713777777777784,8.800915555555562,8.626640000000005,,-8.83526257275522,-7.264502394890915,1.4113196566273967,0,50.606950505790024,69.55119190055234,,,,,-0.4187645559421296,0.8195722143795177,1.2383367703216472,-0.39865122840432304,50.606950505790024,50.606950505790024,,50.606950505790024,,,,,,31.248366338668202,40.21091976378699,-20.105459881893495,0
2023-06-27,14.22,14.76,13.96,14.61,15.080000000000002,16.58049325223401,13.579506747765995,34.91092307243804,34.28205983859466,0,0,,,,8.72893333333334,8.816222666666672,8.641644000000007,,-3.7993020346348993,-3.1167108753315853,4.984550528156362,0,56.03288966688746,67.47829184160558,,,,,-0.3935823427875822,0.7463588418371696,1.1399411846247518,-0.44211931012986055,56.03288966688746,,,,,,,,,32.38001185250102,40.33119525791528,-20.16559762895764,0
2023-06-28,14.53,15.43,14.465,15.28,15.108500000000001,16.601433689083294,13.615566310916709,40.76431398688457,35.90507946228837,0,0,,,,8.746533333333337,8.833998666666671,8.659068000000003,,1.0916308303010158,1.1351226130985825,8.304784406379229,0,60.684061747617285,66.53615198588183,,,,,-0.3248011740967205,0.7339397170038513,1.0587408911005718,-0.5094405488445176,60.684061747617285,,,,,,,,,35.635654755270274,40.47502025061484,-20.23751012530742,0
2023-06-29,15.4,15.57,15.06,15.2,15.133,16.615013495215212,13.650986504784784,45.27169220867492,40.31564308933254,0,0,,,,8.763200000000005,8.850832000000004,8.675568000000005,,1.036958255783027,0.44274102953809624,6.2986619422817025,0,59.86965547329161,65.37875036513734,,,,,-0.2794216075330528,0.7094638816842558,0.9888854892173086,-0.5154744667013643,59.86965547329161,,,,,,,,,38.880908517957245,40.64364655244355,-20.321823276221775,0
2023-06-30,15.48,15.8,15.23,15.33,15.1725,16.63111406821686,13.713885931783137,47.65027424389083,44.5620934798168,0,0,,,,8.787688888888894,8.875565777777783,8.699812000000005,,2.7686532144533205,1.038062283737018,5.9530940422983125,0,60.79051970405177,64.44960011649927,,,,,-0.23705001591732777,0.6925729693206488,0.9296229852379766,-0.5316651322466748,60.79051970405177,,,,,,,,,40.443158778472544,40.823544398203836,-20.411772199101918,0
2023-07-03,15.49,15.59,15.19,15.52,15.2225,16.656569384653338,13.788430615346662,50.51546250995648,47.81247632084077,0,0,,,,8.81555555555556,8.903711111111116,8.727400000000005,,4.589258036255828,1.9543438988339545,6.340215603873589,0,62.15730319953174,63.4185526038899,,,,,-0.19441560880742226,0.6866034742286988,0.8810190830361211,-0.42941349249483085,62.15730319953174,,,,,,,,,40.56072142450541,41.00227351656361,-20.501136758281806,0
2023-07-05,15.425,15.77,15.23,15.7,15.245499999999998,16.694630428912518,13.796369571087476,53.19402404381362,50.45325359922034,0,0,,,,8.842711111111116,8.931138222222227,8.754284000000006,,5.866486850977726,2.981207569446731,6.602086775456639,0,63.456925950358844,62.38008260033951,,,,,-0.1540465042475352,0.688460952726702,0.8425074569742372,-0.24603567093746737,63.456925950358844,,,,,63.456925950358844,,63.456925950358844,,41.505461655470256,41.1869735029285,-20.59348675146425,0
2023-07-06,15.32,15.3827,14.62,15.13,15.229,16.67549783961132,13.782502160388677,47.258702110429645,50.32272955473328,0,0,,,,8.868088888888893,8.956769777777783,8.779408000000004,,1.6869413267020628,-0.6500755138223013,1.972501797268178,0,56.8041578291509,60.95740786694493,,,,,-0.1647256073272727,0.6366004478151464,0.8013260551424191,-0.14678313854328584,56.8041578291509,,,,,,,,,40.31000643050371,41.35925874560539,-20.679629372802694,0
2023-07-07,15.23,15.9,15.19,15.34,15.261500000000002,16.687154586497,13.835845413503,49.42199514487566,49.95824043303967,0,0,,,,8.892222222222227,8.98114444444445,8.803300000000004,,2.2121535181236496,0.5143662156406492,2.764503595194512,0,58.529181604820074,59.46036891552164,,,,,-0.1566877010001384,0.605466428892246,0.7621541298923844,0.14213007933203237,58.529181604820074,,,,,,,,,39.15517701740367,41.51997444467575,-20.759987222337877,0
2023-07-10,15.37,16.33,14.945,16.3,15.317000000000002,16.811939463657218,13.822060536342786,61.14582198819197,52.608839747832455,0,0,,,,8.920622222222226,9.009828444444448,8.831416000000004,,6.990482441745982,6.4177058170659995,8.212175529443023,0,65.34287115636909,58.74927064747827,,,,,-0.08911932528869693,0.6507549732815132,0.7398742985702101,0.5886039154856111,65.34287115636909,,,,,,,,,40.22548920661367,41.68758086342637,-20.843790431713185,0
2023-07-11,16.47,16.93,16.15,16.49,15.3905,16.962371177927793,13.818628822072206,73.590651588442,61.386156240503205,0,0,,,,8.950622222222227,9.04012844444445,8.861116000000004,,6.455777921239503,7.1440174133393874,8.59639109628134,0,66.51547400003926,58.59523877257451,,,,,-0.036716930740535725,0.6939781351445404,0.7306950658850762,0.8758536224438493,66.51547400003926,,,,,,,,,43.513156660003595,41.88110691466177,-20.940553457330886,0
2023-07-12,16.78,16.94,16.41,16.59,15.4375,17.09165688494168,13.783343115058319,78.82850425105012,71.18832594256135,0,0,,,,8.982444444444448,9.072268888888892,8.892620000000004,,5.749617542070395,7.465587044534416,8.554353515965808,0,67.14553677364194,59.34986752625135,,,,,-0.0022272039160655677,0.7279110609899941,0.7301382649060597,0.9253034081294355,67.14553677364194,,,,,,,,,46.41758005757671,42.09818350651855,-21.049091753259276,0
2023-07-13,16.7,17.26,16.631,16.74,15.4745,17.208506632051858,13.740493367948144,82.81658121039268,78.4119123499616,0,0,,,,9.01617777777778,9.106339555555559,8.926016000000002,,5.721864342553995,8.177970209053598,9.053006449371349,0,68.1147198992032,60.532027271110515,,,,,0.022423160772652495,0.7581672158718753,0.7357440550992228,0.9274042451966206,68.1147198992032,,,,,,,,,46.914771590544,42.31705272407227,-21.158526362036135,0
2023-07-14,16.76,17,16.27,16.4,15.499,17.27037122026976,13.727628779730244,81.05723185708545,80.90077243950941,0,0,,,,9.05124444444445,9.141756888888894,8.960732000000005,,2.795537169361917,5.813278276017786,6.447425356988301,0,63.53934639993136,61.399256707906034,,,,,0.008292428855225298,0.7461095911682545,0.7378171623130292,0.9052598056182852,63.53934639993136,,,,,,,,,45.94275827352431,42.52440432324925,-21.262202161624625,0
2023-07-17,16.42,17.59,16.32,17.4,15.539000000000001,17.43944100145197,13.638558998548033,86.7010408620363,83.52495130983813,0,0,,,,9.092711111111115,9.183638222222227,9.001784000000002,,7.6666047893076295,11.97631765235856,12.243581473358267,0,69.93582115207616,62.7798903254979,,,,,0.05609198260972281,0.8079321405751827,0.7518401579654599,0.9088563330947111,69.93582115207616,,,,,,,,,47.53481795868146,42.74348957013816,-21.37174478506908,0
2023-07-18,17.88,18.13,17.19,18.08,15.628,17.80871181039583,13.44728818960417,89.55049024491062,85.76958765467744,0,0,,,,9.13746666666667,9.228841333333337,9.046092000000003,,10.129743558506421,15.689787560788314,15.744099696982627,0,73.35851647373654,64.0174350974157,,,,,0.11965301064528044,0.9014064212720605,0.78175341062678,0.8973092857191994,73.35851647373654,,,,,73.35851647373654,,73.35851647373654,,50.51415124502835,42.98743560663462,-21.49371780331731,0
2023-07-19,18.02,18.995,17.76,18.05,15.741,18.16430270498755,13.317697295012449,87.73948613977132,87.99700574890608,0,1,,,,9.18168888888889,9.27350577777778,9.089872000000002,,8.395387941388432,14.668699574359966,14.863288293065779,0,72.96385594126123,64.89456325410455,,,,,0.14417779656535057,0.9619756563334683,0.8177978597681177,0.9234472923571165,72.96385594126123,,,,,,,,,54.173223206127055,43.26372789043896,-21.63186394521948,0
2023-07-20,17.54,18,16.98,17.13,15.865499999999997,18.305544876636528,13.425455123363466,79.34500702351373,85.54499446939855,0,0,,,,9.220400000000003,9.312604000000004,9.128196000000003,,1.649655827201535,7.970123853644706,8.623969562460365,0,61.95589137084025,65.04358010392946,,,,,0.08582346122163143,0.925077186295157,0.8392537250735256,0.8979365730310083,61.95589137084025,,,,,,,,,52.31456223531929,43.5181160555176,-21.7590580277588,0
2023-07-21,17.47,17.49,16,16.43,15.984499999999997,18.287041856297147,13.681958143702847,65.78633992541452,77.62361102956652,0,0,,,,9.258133333333335,9.350714666666669,9.165552000000002,,-3.130711632568828,2.7870749788858173,3.8033864038413023,0,55.139465810702724,64.63993339726167,,,,,-0.0075745939986856525,0.8297854825751685,0.8373600765738541,0.7820821832537134,55.139465810702724,,,,,,,,,46.682853446303454,43.71800394919025,-21.859001974595124,0
2023-07-24,16.61,16.69,16.12,16.32,16.098999999999997,18.22214766325859,13.975852336741402,58.261359628577765,67.79756885916868,0,0,,,,9.295955555555558,9.388915111111114,9.202996000000002,,-3.790603077285859,1.3727560718057141,2.8636258587726227,0,54.13159643211145,64.06666862816022,,,,,-0.08037160785603903,0.7368955667538053,0.8172671746098443,0.6358270481087562,54.13159643211145,54.13159643211145,,54.13159643211145,,,,,,41.098928807438476,43.870020188049864,-21.935010094024932,0
2023-07-25,16.35,16.86,16.35,16.55,16.229499999999998,18.113129209796924,14.345870790203072,53.7902418595262,59.27931380450617,0,0,,,,9.334888888888893,9.428237777777781,9.241540000000004,,-2.4692085567800115,1.9747989771712104,3.9790575916230475,0,55.944848692675315,63.53009168118282,,,,,-0.11455895948799666,0.6740684752498485,0.7886274347378451,0.5156196223464767,55.944848692675315,,,,,,,,,38.905977921212745,44.00392663548014,-22.00196331774007,0
2023-07-26,16.4,16.69,16.13,16.43,16.3205,18.05209435203521,14.588905647964788,49.399793886244396,53.81713179144946,0,0,,,,9.373600000000003,9.467336000000003,9.279864000000003,,-3.0849997050669486,0.6709353267363216,3.056786819436308,0,54.72921722777055,63.38188163822708,,,,,-0.14482944466068193,0.6075906289119928,0.7524200735726747,0.27659853316929434,54.72921722777055,,,,,,,,,38.44651616538915,44.1330592306675,-22.06652961533375,0
2023-07-27,16.8,17.19,16,16.15,16.363999999999997,18.0313739832444,14.696626016755593,43.643263847328996,48.94443319769987,0,0,,,,9.412088888888892,9.506209777777782,9.317968000000002,,-4.403930389487387,-1.3077487166951784,1.2687331480049302,0,51.895645467064924,62.90805762838742,,,,,-0.18093881557711222,0.5262465541012844,0.7071853696783966,-0.09583983007792947,51.895645467064924,51.895645467064924,,51.895645467064924,,,,,,37.47551626640875,44.25393219014435,-22.126966095072174,0
2023-07-28,17.21,17.97,16.74,17.81,16.4945,18.185422529272095,14.803577470727904,55.58314220462439,49.54206664606593,0,0,,,,9.458355555555558,9.552939111111113,9.363772000000003,,4.5494570002934775,7.975385734638829,11.236025232652548,0,63.84652288317407,62.80117560887349,,,,,-0.09459631010123626,0.5889399820518513,0.6835362921530875,-0.009457877464771353,63.84652288317407,,,,,,,,,40.24085237341879,44.39335682855047,-22.196678414275237,0
2023-07-31,18.82,19.995,18.38,19.84,16.72,18.87013487949019,14.569865120509807,69.17446742905246,56.13362449366863,0,0,,,,9.51417777777778,9.609319555555558,9.419036000000002,,14.821459575206886,18.66028708133971,23.084558595446403,0,72.75919563255282,63.24715572548161,,,,,0.08779858213712977,0.7932845198244998,0.70548593768737,0.28326913202165205,72.75919563255282,,,,,,,,,48.35577858346818,44.595795825565595,-22.297897912782798,0
2023-08-01,19.46,20.2399,19.23,19.99,16.9435,19.448265657701366,14.438734342298636,75.53856247856321,66.76539070408002,0,0,,,,9.57017777777778,9.665879555555557,9.474476000000001,,14.424728105323382,17.980346445539585,23.075975865041265,0,73.28330334671034,63.68556762355793,,,,,0.20065848920413099,0.9563090491925337,0.7556505599884027,0.44108904365582463,73.28330334671034,,,,,73.28330334671034,73.28330334671034,73.28330334671034,,57.340089471870364,44.878247576072695,-22.439123788036348,0
2023-08-02,19.26,19.62,18.15,18.97,17.107,19.691376907496288,14.52262309250371,73.61230862271559,72.77511284344376,0,0,,,,9.621022222222223,9.717232444444445,9.524812,,8.017310101355179,10.890278833226152,16.038659163200396,0,64.23319560558869,63.408315888299754,,,,,0.18889490390903685,0.9917691898746988,0.8028742859656619,0.5009877050523401,64.23319560558869,,,,,,,,,58.90986895512632,45.17239454597954,-22.58619727298977,0
2023-08-03,18.63,19.3,18.61,18.71,17.285999999999998,19.792602481447833,14.779397518552162,72.45181950422177,73.86756353516687,0,0,,,,9.669555555555556,9.766251111111112,9.57286,,5.586907449209932,8.237880365613815,13.506299164829837,0,62.12705510505777,63.30743793866593,,,,,0.14770728934511157,0.9875083976470513,0.8398011083019398,0.49127314439544695,62.12705510505777,,,,,,,,,54.627074410671305,45.421526195135996,-22.710763097567998,0
2023-08-04,18.874,19.08,18.08,18.2,17.428999999999995,19.797745659626766,15.060254340373223,66.10514317821601,70.72309043505113,0,0,,,,9.714844444444445,9.81199288888889,9.617696,,1.6930211767335335,4.423661713236582,9.49344242570087,0,58.10261904691513,62.4622092168687,,,,,0.07394531534346072,0.9322327524812657,0.858287437137805,0.5033313290782546,58.10261904691513,,,,,,,,,48.77050517581389,45.61626366365334,-22.80813183182667,0
2023-08-07,18.25,18.39,17.01,17.99,17.5135,19.83522586667765,15.191774133322351,58.096075400467555,65.55101269430179,0,0,,,,9.761555555555555,9.859171111111111,9.663939999999998,,-0.4096545615589142,2.7207582721900048,7.377342724125557,0,56.48023175595691,61.256617451313026,,,,,0.0026098512935355256,0.8615497512547243,0.8589398999611888,0.5585942542903192,56.48023175595691,,,,,,,,,45.085017499907536,45.779306804002026,-22.889653402001013,0
2023-08-08,17.49,17.49,16.1,17.04,17.540999999999997,19.826326234917165,15.25567376508283,46.98632396741258,57.06251418203206,0,0,,,,9.803377777777778,9.901411555555555,9.705344,,-5.9239220449401,-2.856165554985446,1.0836035751008444,0,49.71702103597683,59.5961292437927,,,,,-0.11069622003028545,0.720569624923332,0.8312658449536174,0.5200999470391591,49.71702103597683,,,,,,,,,39.550582321976755,45.90037802649751,-22.950189013248757,0
2023-08-09,16.76,16.92,15.1,15.25,17.473999999999997,19.938470734255286,15.009529265744707,30.65871510213497,45.247038156671714,0,0,,,,9.835555555555555,9.93391111111111,9.7372,,-15.254237288135586,-12.72748082865971,-9.649261395054886,0,39.99824644183646,58.02772603457815,,,,,-0.29772350192924435,0.459111467542062,0.7568349694713064,0.21612454150575242,39.99824644183646,39.99824644183646,,39.99824644183646,,,,,,30.85889304077615,45.96647928497262,-22.98323964248631,0
2023-08-10,15.44,15.87,15.25,15.41,17.4075,20.015218351356268,14.79978164864373,28.72270067673677,35.45591324876145,0,0,,,,9.869466666666666,9.968161333333333,9.770772,,-14.011494894258124,-11.474938963090619,-8.724752709826443,0,41.10646562791768,57.02536887866493,,,,,-0.39603051470582784,0.26179682608902155,0.6578273407948494,-0.060825726282067956,41.10646562791768,,,,,,,,,23.47220779569254,45.995123796449555,-22.997561898224777,0
2023-08-11,15.05,15.58,14.91,15.41,17.358,20.075606299668912,14.640393700331089,25.264301290472623,28.215239023114794,0,0,,,,9.903022222222221,10.002052444444443,9.803992,,-12.844296137096322,-11.22249107039982,-8.76258140911782,0,41.10646562791767,56.09500239265109,,,,,-0.44288415809843396,0.10422214317180689,0.5471063012702408,-0.30980402308830157,41.10646562791767,,,,,,,,,18.799946159578436,46.00434910741554,-23.00217455370777,0
2023-08-14,15.2,15.74,14.95,15.72,17.274,20.083522379337793,14.464477620662208,25.914248183670544,26.63375005029332,0,0,,,,9.93902222222222,10.038412444444443,9.839631999999998,,-8.969830331808426,-8.996179228898926,-6.99875761699108,0,43.45328767443744,55.20274803420552,,,,,-0.43423878260392196,0.004307823015338386,0.43854660561926034,-0.4936247658554289,43.45328767443744,,,,,,,,,19.626171804066843,46.01651188887382,-23.00825594443691,0
2023-08-15,15.61,15.87,15.29,15.37,17.1385,20.03937762582289,14.23762237417711,25.78850607008902,25.655685181410735,0,0,,,,9.973155555555554,10.07288711111111,9.873423999999998,,-8.550008924852737,-10.318872713481353,-9.042490235530853,0,41.445221414599835,54.25389119040761,,,,,-0.4323908422314916,-0.10194194717010419,0.3304488950613874,-0.6844649548273578,41.445221414599835,,,,,,,,,19.060696718124422,46.026314598604976,-23.013157299302488,0
2023-08-16,15.21,15.725,15.12,15.45,17.008499999999998,19.966798666463603,14.050201333536393,26.21890121617237,25.973885156643988,0,0,,,,10.009066666666664,10.10915733333333,9.908975999999997,,-6.107566089334549,-9.163065526060487,-8.523949554954713,0,42.10380671617953,53.55447413677293,,,,,-0.4064731729585646,-0.17764257113681836,0.22883060182174625,-0.8776084870814868,42.10380671617953,,,,,,,,,18.466147503008273,46.033722323425565,-23.016861161712782,0
2023-08-17,15.39,15.4373,14.035,14.15,16.859499999999997,20.06792313294252,13.651076867057473,19.622011218999,23.876472835086805,0,0,,,,10.039066666666665,10.139457333333333,9.938675999999997,,-11.556972310769408,-16.071057860553385,-16.058610666192095,0,35.1794852786452,51.506828593592296,,,,,-0.4539696524552821,-0.3386314637473564,0.1153381887079257,-0.949057529558103,35.1794852786452,35.1794852786452,,35.1794852786452,,,,,,13.738903773715686,46.025354733427704,-23.012677366713852,0
2023-08-18,13.88,14.6,13.68,14.4,16.758,20.138192893904165,13.377807106095833,19.7432405667796,21.861384333983665,0,0,,,,10.069599999999998,10.170295999999997,9.968903999999998,,-7.804596965234644,-14.070891514500527,-14.416466905719439,0,37.31451624524541,48.9750657802132,,,,,-0.4450387866090328,-0.4409602945533653,0.004078492055667501,-0.9398605630651677,37.31451624524541,,,,,,,,,10.613215803851778,46.00840718279383,-23.004203591396916,0
2023-08-21,14.42,14.78,14.34,14.5,16.666999999999994,20.18465888056259,13.149341119437398,19.92976672401404,19.76500616993089,1,0,,,,10.10013333333333,10.201134666666663,9.999131999999998,,-5.042567125081854,-13.001739965200665,-13.513728452989248,0,38.1914861288336,46.46850740750772,,,,,-0.40976684078224423,-0.5081300589221378,-0.09836321813989356,-0.9229562011711331,38.1914861288336,,,,,,,,,7.775715182288574,45.98496165219368,-22.99248082609684,0
2023-08-22,14.76,15.13,14.63,14.67,16.573,20.19700938188635,12.948990618113651,22.53877775999606,20.737261683596575,0,0,,,,10.130044444444442,10.231344888888886,10.028743999999998,,-2.4146876870884126,-11.482531828878296,-12.181981442681844,0,39.73502053734652,44.718637759776136,,,,,-0.35443265203485275,-0.5414040331834595,-0.18697138114860676,-0.8891704142814074,39.73502053734652,,,,,,,,,8.702325011077901,45.96351420040631,-22.981757100203154,0
2023-08-23,14.5,15.47,14.42,15.3,16.5165,20.18265479760474,12.850345202395262,29.28768310540807,23.918742529806067,0,0,,,,10.162133333333331,10.263754666666665,10.060511999999997,,1.7422529591700986,-7.365361910816459,-8.174288800864238,0,45.19698393604381,43.50934696198942,,,,,-0.259260598640143,-0.5110471294487855,-0.2517865308086425,-0.8017082383136727,45.19698393604381,,,,,45.19698393604381,,45.19698393604381,,10.566245004660702,45.94642175234905,-22.973210876174527,0
2023-08-24,15.7,15.71,13.875,14.14,16.416,20.224277300827794,12.607722699172207,26.524564576550823,26.11700848065166,0,0,,,,10.188844444444442,10.290732888888886,10.086955999999997,,-5.1706793642277376,-13.86452241715399,-14.692514982101933,0,38.31176094917723,42.09571424072244,,,,,-0.25775073066178744,-0.5739749441358768,-0.31622421347408936,-0.7746926903713925,38.31176094917723,,,,,,,,,9.286627846091998,45.92627896238456,-22.96313948119228,0
2023-08-25,14.14,14.6499,14.01,14.53,16.252000000000002,20.088423334304977,12.415576665695026,29.507554313899277,28.4399339986194,0,0,,,,10.216799999999997,10.318967999999998,10.114631999999997,,-1.9766578965121684,-10.595619000738388,-12.008720402107443,0,41.53643027131325,41.02829984896217,,,,,-0.21552081076853308,-0.5856252269347557,-0.37010441616622264,-0.7286903398260802,41.53643027131325,,,,,,,,,8.585525410281056,45.90457864202521,-22.952289321012604,0
2023-08-28,14.69,14.88,14.5,14.64,15.992,19.512327257514578,12.471672742485424,32.263863000632014,29.431993963694037,0,0,,,,10.244266666666663,10.34670933333333,10.141823999999996,,-0.5096839959225163,-8.454227113556778,-10.845868095731092,0,42.45020543969601,40.50924159208497,,,,,-0.16735984374178525,-0.5793042208434542,-0.411944377101669,-0.6477590148398132,42.45020543969601,,,,,,,,,6.647134787019773,45.87896370006842,-22.93948185003421,0
2023-08-29,14.6,15.63,14.5,15.4,15.762500000000003,18.771705044525856,12.75329495547415,38.865790463908,33.54573592614643,0,0,,,,10.275288888888882,10.37804177777777,10.172535999999994,,4.633781763826628,-2.2997620935765406,-5.704663741198102,0,48.44569374523988,41.11263068518521,,,,,-0.07614316033022145,-0.5071233275144458,-0.4309801671842243,-0.4524422353176511,48.44569374523988,,,,,,,,,9.478422864304509,45.85927380601814,-22.92963690300907,0
2023-08-30,15.46,16.35,15.33,16.33,15.630500000000001,18.274818248622893,12.98618175137711,57.474087331369745,42.867913598636584,0,0,,,,10.310222222222217,10.41332444444444,10.207119999999994,,10.293124409023346,4.47522472089823,0.3420519017675927,0,54.66911274919386,42.08139119384781,,,,,0.04830083122422246,-0.3706041281539463,-0.41890495937816874,-0.02456657233380433,54.66911274919386,,,,,54.66911274919386,,54.66911274919386,,13.593538183438634,45.850172806841385,-22.925086403420693,0
2023-08-31,15.6,15.85,14.65,14.98,15.444000000000003,17.689274148071874,13.198725851928133,54.31183360069576,50.21723713199117,0,0,,,,10.340577777777773,10.443983555555551,10.237171999999994,,0.611189468735307,-3.0044030044030223,-7.546082949308763,0,45.99020716536214,42.430229875093836,,,,,0.041433135262574694,-0.36711354029995036,-0.40854667556252505,0.05879502093825746,45.99020716536214,,,,,,,,,14.104061832981586,45.84248451737435,-22.921242258687176,0
2023-09-01,15.16,15.365,14.83,15.18,15.293000000000001,17.149039870261415,13.436960129738589,53.726659176645406,55.170860036236974,0,0,,,,10.372222222222216,10.475944444444439,10.268499999999994,,1.4231308879534943,-0.7389001503956161,-6.0701689251903,0,47.324384227948094,42.70673677177317,,,,,0.05144477788766488,-0.344240703202944,-0.39568548109060886,0.27226012915651104,47.324384227948094,,,,,,,,,13.230712663175197,45.8322225699247,-22.91611128496235,0
2023-09-05,15.08,15.42,14.9,15.21,15.154000000000002,16.53755195059677,13.770448049403234,52.095472374006306,53.37798838378249,0,0,,,,10.404088888888882,10.508129777777771,10.300047999999993,,1.1437691182338394,0.3695393955391202,-5.6685685934011465,0,47.53374579485833,43.141631370363065,,,,,0.060544980177911156,-0.3200042558682199,-0.38054923604613106,0.43089098342372856,47.53374579485833,,,,,,,,,10.209719892565479,45.81412307225843,-22.907061536129216,0
2023-09-06,15.17,15.62,15.08,15.3,15.067000000000002,16.15180597343491,13.982194026565093,53.201325084621935,53.00781887842455,0,0,,,,10.436222222222215,10.540584444444438,10.331859999999992,,1.3177935236077465,1.5464259640273426,-4.864551163802933,0,48.19891499772445,43.57699624761627,,,,,0.07228792725462985,-0.2901893269778437,-0.36247725423247357,0.6364926708650508,48.19891499772445,,,,,,,,,10.750033141839204,45.79730400444825,-22.898652002224125,0
2023-09-07,14.88,15.24,14.29,15.21,15.065000000000001,16.148595865625285,13.981404134374719,51.646566770019675,52.31445474288264,0,0,,,,10.467911111111105,10.572590222222216,10.363231999999995,,0.7818711900344999,0.9624958513109849,-5.184415584415603,0,47.549705906675435,44.460583435332715,,,,,0.07341977257923571,-0.27070253850842896,-0.34412231108766467,0.5562575628052013,47.549705906675435,,,,,,,,,10.589101512493142,45.78007820932712,-22.89003910466356,0
2023-09-08,15.12,15.61,15.085,15.13,15.051000000000002,16.123583796260288,13.978416203739716,52.89919028793814,52.58236071419325,0,0,,,,10.501688888888884,10.606705777777773,10.396671999999995,,-0.4015535514449109,0.5248820676367005,-5.4827894966995245,0,46.944415999510525,45.148433417780225,,,,,0.06831228981979376,-0.2587319488129225,-0.32704423863271626,0.463683493591939,46.944415999510525,,,,,,,,,10.157845773887649,45.76181764792451,-22.880908823962255,0
2023-09-11,15.41,16.1,15.36,15.79,15.070000000000002,16.180153142588846,13.95984685741116,61.73811802079611,55.427958359584636,0,0,,,,10.536577777777772,10.64194355555555,10.431211999999995,,3.0880720767774594,4.7777040477770205,-0.9431003115786374,0,52.335200819127394,46.158698752801214,,,,,0.10663123347752484,-0.1937551967858102,-0.30038643026333506,0.4832281017132492,52.335200819127394,,,,,52.335200819127394,,52.335200819127394,,11.03825048591368,45.74564903722953,-22.872824518614767,0
2023-09-12,15.46,16.15,15.43,15.59,15.063500000000001,16.159789651506458,13.967210348493545,62.86492605501273,59.16741145458232,0,0,,,,10.569599999999994,10.675295999999994,10.463903999999994,,1.1549441993252252,3.4952036379327422,-1.3207865642670513,0,50.65555123548939,46.93873665981142,,,,,0.11503405252469556,-0.1565938646074656,-0.27162791713216117,0.47164509315443515,50.65555123548939,,,,,,,,,11.60413451354278,45.73086381378826,-22.86543190689413,0
2023-09-13,15.63,15.8496,15.42,15.6,15.075,16.188597772986423,13.961402227013574,64.27419005036644,62.95907804205842,0,0,,,,10.603777777777772,10.709815555555549,10.497739999999995,,1.0886469673406118,3.482587064676612,-0.33434844645104933,0,50.74067834873805,47.33471483214672,,,,,0.1173850581051683,-0.12489659450070079,-0.2422816526058691,0.5772255590663667,50.74067834873805,,,,,,,,,12.373785049917101,45.71802731534123,-22.859013657670616,0
2023-09-14,15.69,16.04,15.47,15.83,15.094,16.244884876953417,13.943115123046583,68.49665318854457,65.21192309797458,0,0,,,,10.638399999999994,10.744783999999994,10.532015999999993,,2.9124951241711328,4.876109712468546,1.8159209313294067,0,52.75931569539807,48.36668302830536,,,,,0.12959200239835197,-0.08029164960792912,-0.2098836520062811,0.5091044326113875,52.75931569539807,,,,,52.75931569539807,,52.75931569539807,,12.150143109706123,45.70456847964387,-22.852284239821934,0
2023-09-15,15.77,15.9,15.17,15.33,15.153,16.222356816034846,14.083643183965155,62.113519146789486,64.96145412856683,0,0,,,,10.669688888888881,10.77638577777777,10.562991999999992,,-0.5643121229811143,1.16808552761829,-0.6802721088435715,0,48.140726175919305,48.83841845006293,,,,,0.10045428897040665,-0.08431579079327278,-0.18477007976367943,0.3127487128052585,48.140726175919305,,,,,,,,,11.30203055104431,45.688937599129964,-22.844468799564982,0
2023-09-18,15.18,15.63,15.07,15.46,15.206,16.224693280629815,14.187306719370184,57.47020140188424,62.693457912406096,0,0,,,,10.701644444444439,10.808660888888882,10.594627999999995,,0.09711880867595557,1.670393265816128,0.7581847016140841,0,49.38145786902181,49.33350790930049,,,,,0.08690616470841298,-0.07613737387816322,-0.1630435385865762,0.0951105040510416,49.38145786902181,,,,,,,,,10.766155302713976,45.67198992448137,-22.835994962240687,0
2023-09-19,15.34,15.519,14.95,15.15,15.238499999999998,16.205170057465594,14.271829942534405,47.441742140709714,55.67515422979448,0,0,,,,10.730488888888884,10.837793777777772,10.623183999999995,,-1.8718828939697896,-0.5807658234078028,-0.6492228998623228,0,46.52305961250131,49.19617689981916,,,,,0.0555616591676823,-0.09359146462697332,-0.14915312379465562,-0.027110836218634915,46.52305961250131,,,,,,,,,8.966747759176844,45.65099285037295,-22.825496425186476,0
2023-09-20,15.25,15.425,14.7325,14.74,15.241999999999999,16.200886854639425,14.283113145360574,37.65943918343342,47.523794242009124,0,0,,,,10.757911111111106,10.865490222222217,10.650331999999995,,-4.179938893583801,-3.2935310326728695,-2.8494848078740365,0,42.97959578318074,48.361211402246795,,,,,0.00819745474744532,-0.13890630536034898,-0.1471037601077943,0.09992089161171219,42.97959578318074,,,,,,,,,7.396029700762894,45.62686410258427,-22.813432051292136,0
2023-09-21,14.34,14.599,13.68,14,15.176999999999998,16.277183621038144,14.076816378961851,27.456811283542123,37.51933086922842,0,0,,,,10.781911111111107,10.889730222222218,10.674091999999996,,-8.268903158170593,-7.755155827897465,-7.472682410997578,0,37.43722105681697,47.750283823065,,,,,-0.06780318943335337,-0.23185774689948602,-0.16405455746613265,-0.3777538198704253,37.43722105681697,37.43722105681697,37.43722105681697,37.43722105681697,,,,,,3.7699423229639666,45.596858508192845,-22.798429254096423,0
2023-09-22,14.23,14.415,14.03,14.13,15.176499999999999,16.278575768720245,14.074424231279753,25.75418664487549,30.290145703950344,0,0,,,,10.806311111111105,10.914374222222216,10.698247999999994,,-6.8064899089829485,-6.895529272230084,-6.34941675503714,0,38.92719188006649,47.15048436964487,,,,,-0.10209261521771207,-0.29167032648827274,-0.18957771127056067,-0.5777600983479824,38.92719188006649,,,,,,,,,1.2090037225596606,45.56386414536716,-22.78193207268358,0
2023-09-25,14,14.24,13.82,14.22,15.160999999999998,16.30686037543872,14.015139624561277,25.67986853220433,26.29695548687398,0,0,,,,10.830444444444439,10.938748888888883,10.722139999999994,,-5.231589470176578,-6.2067145966624775,-5.504485546572191,0,39.99268287523788,46.61183701824341,,,,,-0.11076076586297451,-0.3280286685992788,-0.2172679027363043,-0.7051062869433674,39.99268287523788,,,,,,,,,-0.14652301796113779,45.529705608180635,-22.764852804090317,0
2023-09-26,13.95,14.17,13.88,13.96,15.126999999999999,16.369000000000124,13.884999999999874,21.97698044558759,24.4703452075558,0,0,,,,10.854044444444439,10.962584888888884,10.745503999999993,,-5.942595337555545,-7.714682356052083,-6.869176543841338,0,37.933745476574714,45.87861062387558,,,,,-0.12499933498355395,-0.37351707146574675,-0.2485177364821928,-0.7963511501090044,37.933745476574714,,,,,,,,,-0.3428752607124064,45.495466266206336,-22.747733133103168,0
2023-09-27,14.2,14.96,14.16,14.85,15.099499999999997,16.340458903429397,13.858541096570598,32.78240263439678,26.813083870729567,0,0,,,,10.883511111111105,10.992346222222215,10.774675999999994,,0.5620640617593597,-1.6523725951190227,-0.8170625820959176,0,47.83409813774027,45.898924354665915,,,,,-0.06830771300659344,-0.33390237774043463,-0.2655946647338412,-0.7854019338142859,47.83409813774027,,,,,,,,,1.2460000277236212,45.46272642755202,-22.73136321377601,0
2023-09-28,15.14,15.96,14.825,15.77,15.071499999999997,16.222122005699877,13.920877994300119,47.40775547866776,34.05571285288404,0,0,,,,10.917688888888884,11.026865777777774,10.808511999999995,,6.835580245240869,4.634575191586787,5.252619635586964,0,55.7005050207004,46.524359284750915,,,,,0.031939927111356625,-0.22566975584464544,-0.25760968295600206,-0.5888103691331639,55.7005050207004,,,,,,,,,4.754968859001169,45.43444355207963,-22.717221776039814,0
2023-09-29,16.11,16.81,15.96,16,15.122499999999997,16.340808253276023,13.904191746723972,59.828187379686895,46.67278183091715,0,0,,,,10.953555555555551,11.063091111111108,10.844019999999995,,7.903965470731089,5.80261200198382,6.3499800593787015,0,57.42884742995738,46.88819118552448,,,,,0.11012550304457464,-0.11995280415028375,-0.2300783071948584,-0.2688083281163945,57.42884742995738,,,,,57.42884742995738,,57.42884742995738,,9.365724750416096,45.414577015561015,-22.707288507780508,0
2023-10-02,16.03,16.44,15.77,15.88,15.157499999999995,16.41982919636705,13.89517080363294,63.46345342468662,56.899798761013756,0,0,,,,10.992933333333328,11.102862666666661,10.883003999999994,,6.792199058507098,4.766617186211475,5.207367165761179,0,56.19692973401344,47.28400393541905,,,,,0.14779720684033443,-0.04533179864444037,-0.1931290054847748,-0.02686545716222715,56.19692973401344,,,,,,,,,11.573512686459196,45.39976062809982,-22.69988031404991,0
2023-10-03,15.61,15.77,14.82,14.9,15.141999999999996,16.40897434859617,13.87502565140382,57.13902263830252,60.143554480892014,0,0,,,,11.027111111111108,11.137382222222218,10.916839999999997,,0.37049511620077524,-1.598203671905929,-1.372401924010469,0,47.27752555054139,47.036635878405,,,,,0.10288073688807242,-0.06452808437468427,-0.1674088212627567,0.04629793089005039,47.27752555054139,,,,,,,,,9.342713858391402,45.379837525265245,-22.689918762632622,0
2023-10-04,15.46,15.85,15.16,15.73,15.163499999999994,16.45482916020697,13.87217083979302,62.32553467484176,60.97600357927697,0,0,,,,11.065999999999995,11.176659999999995,10.955339999999996,,5.2596359743041,3.735944867609775,3.8786651404419503,0,53.944669858764506,47.121304032931185,,,,,0.1238296807051748,-0.01262172038128817,-0.13645140108646298,0.3203514117150582,53.944669858764506,,,,,,,,,8.526943690776314,45.35823774768358,-22.67911887384179,0
2023-10-05,15.59,15.9,15.41,15.81,15.193499999999995,16.515275699580204,13.871724300419785,64.70508229169378,61.38987986827936,0,0,,,,11.102311111111106,11.213334222222217,10.991287999999996,,4.528925619834756,4.057656234574036,4.289892038083454,0,54.541371153883496,47.578492959928624,,,,,0.13681813084267858,0.034571262466885244,-0.10224686837579333,0.4955264663035727,54.541371153883496,,,,,,,,,8.118389976150553,45.335846299582954,-22.667923149791477,0
2023-10-06,15.56,16.695,15.51,16.61,15.267499999999995,16.72546947841876,13.80953052158123,71.53949907919817,66.19003868191123,0,0,,,,11.13875555555555,11.250143111111106,11.027367999999994,,8.046575164249026,8.793188144751962,8.975200104973036,0,60.107497328222216,48.3446386355858,,,,,0.18977310349666093,0.13496951099503285,-0.05480359250162809,0.7211667802458451,60.107497328222216,,,,,,,,,11.811842555627075,45.321568342491474,-22.660784171245737,0
2023-10-09,16.27,17.83,16.22,17.61,15.358499999999996,17.129209179961702,13.58779082003829,80.56164850196377,72.2687432909519,0,0,,,,11.181022222222216,11.29283244444444,11.069211999999993,,12.079938900203713,14.65963472995413,14.763001259938214,0,65.7524568559142,49.718167010115295,,,,,0.277333332486812,0.29186307310688697,0.014529740620074928,0.8468205126181325,65.7524568559142,,,,,,,,,15.780571697436612,45.31804847248398,-22.65902423624199,0
2023-10-10,18.06,18.4,17.62,17.8,15.468999999999998,17.534922554211622,13.403077445788373,82.76472455230575,78.28862404448923,0,0,,,,11.22306666666666,11.335297333333328,11.110835999999994,,10.586481113320101,15.068847372163695,15.210355987054957,0,66.71615565198141,51.41363557217249,,,,,0.32966900738735927,0.426615999854274,0.09694699246691474,0.9063759916312408,66.71615565198141,,,,,,,,,19.951666318060074,45.32808955989644,-22.66404477994822,0
2023-10-11,17.87,18.44,17.73,17.92,15.584999999999997,17.911426444141398,13.258573555858597,84.92401849029315,82.75013051485423,0,0,,,,11.266888888888884,11.379557777777773,11.154219999999995,,9.248308236298275,14.982354828360634,15.359855800180178,0,67.34121922613679,53.54963544140961,,,,,0.35196447281840915,0.5369025834899261,0.18493811067151703,0.916746815392342,67.34121922613679,,,,,,,,,22.514484879099303,45.347504669592695,-22.673752334796347,0
2023-10-12,17.92,18.24,17.5508,17.94,15.690499999999997,18.233124431566846,13.147875568433147,84.27739317028077,83.98871207095989,0,0,,,,11.31275555555555,11.425883111111105,11.199627999999993,,7.942238267148061,14.336700551289038,15.090990740542676,0,67.45093338571237,55.58704554895574,,,,,0.34707858717972906,0.6187863446461783,0.27170775746644926,0.920922353318896,67.45093338571237,,,,,67.45093338571237,,67.45093338571237,,22.85966309113593,45.36802908240535,-22.684014541202675,0
2023-10-13,18.06,18.16,17.27,17.36,15.791999999999996,18.429268283660328,13.154731716339665,78.96825862406429,82.72322342821275,0,0,,,,11.357066666666661,11.470637333333327,11.243495999999995,,3.604678920983573,9.929078014184412,10.80615306057311,0,61.04616030719545,57.090865365524145,,,,,0.28633042288198174,0.6296207860689265,0.3432903631869447,0.89381242969899,61.04616030719545,,,,,,,,,21.49675521887877,45.38308479229454,-22.69154239614727,0
2023-10-16,17.21,17.46,16.67,17.36,15.886999999999997,18.605228099332486,13.168771900667508,75.7498290265787,79.66516027364126,0,0,,,,11.402266666666659,11.516289333333326,11.288243999999992,,2.697586370089966,9.271731604456491,10.294584806963236,0,61.04616030719545,58.74175213913991,,,,,0.2301150237687895,0.6309341428979316,0.4008191191291421,0.8519101945529258,61.04616030719545,,,,,,,,,19.893539159000103,45.39213798335909,-22.696068991679546,0
2023-10-17,17,18.03,16.91,17.84,16.021499999999996,18.84472705427683,13.198272945723163,76.11542865350553,76.94450543471618,0,0,,,,11.44946666666666,11.563961333333328,11.334971999999993,,3.7329922083963574,11.350372936366782,12.716397792847744,0,64.29979715427348,59.9178734974637,,,,,0.20979557811790267,0.6630635917765204,0.45326801365861774,0.8301968240597355,64.29979715427348,,,,,,,,,19.35841064991089,45.39917349297814,-22.69958674648907,0
2023-10-18,17.81,18.22,17.19,17.2,16.144499999999997,18.947965533941975,13.341034466058021,69.46986420527433,73.7783739617862,0,0,,,,11.49315555555555,11.608087111111105,11.378223999999994,,-0.8359757855289307,6.5378302208182415,8.239637523074283,0,57.413917814405465,60.0402601255855,,,,,0.14108624955872318,0.6296258256070217,0.48853957604829856,0.7771365109986262,57.413917814405465,,,,,,,,,18.753317520322796,45.404017365437966,-22.702008682718983,0
2023-10-19,17.44,17.5799,16.97,17.06,16.297499999999996,18.945826830283732,13.64917316971626,65.59603206239662,70.39377497372551,0,0,,,,11.536622222222215,11.651988444444438,11.421255999999993,,-2.3468803663422633,4.6786316919773085,6.943602816724748,0,56.0011223829672,59.93827976508619,,,,,0.0772362042075696,0.5850848313077606,0.507848627100191,0.7056257930472557,56.0011223829672,,,,,,,,,17.838197602771093,45.40574587353193,-22.702872936765964,0
2023-10-20,16.85,16.94,15.81,16.11,16.396499999999996,18.854517697251353,13.938482302748639,53.59698109401506,62.88762578722868,0,0,,,,11.576399999999994,11.692163999999995,11.460635999999994,,-7.520091848450017,-1.747324124050842,0.7819831091647744,0,47.465746240517966,59.31462380126509,,,,,-0.03208935630922233,0.46773693171366304,0.49982628802288537,0.4664210371860869,47.465746240517966,47.465746240517966,,47.465746240517966,,,,,,13.731022650772376,45.39545386609808,-22.69772693304904,0
2023-10-23,15.9,16.34,15.21,16.2,16.4955,18.74559755344077,14.245402446559229,48.15827929708528,55.783764151165656,0,0,,,,11.616933333333327,11.73310266666666,11.500763999999993,,-6.244574338792697,-1.7913976539056131,1.2584382031835428,0,48.27014388705392,59.38552511101598,,,,,-0.09774355368608184,0.3776468459152831,0.4753903996013649,0.09790183345595337,48.27014388705392,,,,,,,,,11.284211890648644,45.379138266221105,-22.689569133110552,0
2023-10-24,16.38,16.93,16.3,16.64,16.6295,18.55551635507085,14.70348364492915,47.490542882477214,49.74860109119252,0,0,,,,11.65755555555555,11.774131111111107,11.540979999999994,,-3.0472528112800212,0.06314080399290045,3.7816261616182123,0,52.129304152491095,59.25585613199645,,,,,-0.11002472552029485,0.33785949270099636,0.4478842182212912,-0.20831440672352228,52.129304152491095,,,,,,,,,10.157856666504419,45.36033963949477,-22.680169819747384,0
2023-10-25,16.57,16.63,15.58,15.59,16.6665,18.479467456961245,14.853532543038753,32.46896944541119,42.7059305416579,0,0,,,,11.691911111111107,11.808830222222218,11.574991999999996,,-7.914943886591786,-6.459064590645902,-2.765072765072818,0,43.74282490904944,58.484531400222586,,,,,-0.1830464701136359,0.21907613057924635,0.40212260069288225,-0.6777429030001537,43.74282490904944,,,,,,,,,8.81874259505086,45.33883788641934,-22.66941894320967,0
2023-10-26,15.6,15.91,15.05,15.29,16.6425,18.5140648532713,14.770935146728695,25.098117928965074,35.01921008561783,0,0,,,,11.725822222222217,11.843080444444439,11.608563999999994,,-8.250825082508195,-8.126783836563012,-4.528993048328733,0,41.679639120491906,57.168255813956144,,,,,-0.2420308606625282,0.09958402486472195,0.34161488552725017,-0.8911822007441594,41.679639120491906,,,,,,,,,6.619289179445848,45.31345206098144,-22.65672603049072,0
2023-10-27,15.48,15.6,14.96,15.07,16.595999999999997,18.572384577960683,14.61961542203931,20.70807922530431,26.09172219989353,0,0,,,,11.760844444444439,11.878452888888884,11.643235999999995,,-8.311024580189763,-9.194986743793665,-5.851728446480675,0,40.182857511968855,55.34185586081719,,,,,-0.28346780003076943,-0.012719864511211654,0.2707479355195578,-0.9322939849932915,40.182857511968855,,,,,,,,,2.954269025902907,45.283082244549746,-22.641541122274873,0
2023-10-30,15.27,15.29,14.56,14.69,16.536499999999997,18.661581410205432,14.411418589794563,16.639700461460187,20.815299205243193,0,0,,,,11.795066666666662,11.913017333333329,11.677115999999995,,-9.147133403426256,-11.16620808514497,-8.078343032350976,0,37.666700891182316,53.26689480647439,,,,,-0.3212988898715358,-0.130875676819862,0.1904232130516738,-0.9512982002861177,37.666700891182316,37.666700891182316,,37.666700891182316,,,,,,0.8163359058469523,45.25069373264049,-22.625346866320246,0
2023-10-31,14.58,15.01,14.55,14.8,16.531499999999998,18.672371551494972,14.390628448505023,15.989522328279016,17.779100671681174,0,0,,,,11.829422222222215,11.947716444444437,11.711127999999993,,-6.712890009454709,-10.473943683271314,-7.322367871754243,0,38.86017989148159,51.23253485399903,,,,,-0.3228837744102767,-0.21318150496117205,0.10970226944910463,-0.9569363713308419,38.86017989148159,,,,,,,,,-0.42570317052861156,45.21745471011979,-22.608727355059894,0
2023-11-01,14.8,14.96,14.48,14.92,16.491,18.71982839177901,14.262171608220989,17.632344620420806,16.75385580338667,1,0,,,,11.864088888888883,11.982729777777772,11.745447999999994,,-4.585278506107249,-9.526408343945182,-6.606017610482883,0,40.20520773309633,49.286411593097874,,,,,-0.3002930633322459,-0.26566405971620277,0.03462900361604314,-0.94794622008003,40.20520773309633,,,,,,,,,-0.9042371036319841,45.18399105515355,-22.591995527576774,0
2023-11-02,17.48,18.3,17.2101,17.97,16.599,18.89372351275704,14.30427648724296,49.98263980921918,27.86816891930634,0,0,,,,11.91235555555555,12.031479111111105,11.793231999999994,,14.254832146490347,8.259533706849798,11.561782174119895,0,62.67858994111559,49.40301370980645,,,,,-0.07606361606469808,-0.06045051646482946,0.015613099599868618,-0.5660477225382836,62.67858994111559,,,,,,,,,6.079380740802631,45.158015161994236,-22.579007580997118,0
2023-11-03,18.02,19.0789,17.76,18.89,16.713,19.2156953470209,14.2103046529791,60.93824290574477,42.85107577846159,0,0,,,,11.963911111111106,12.083550222222216,11.844271999999995,,18.018243158815437,13.025788308502362,16.129428881739315,0,66.73935959394854,49.809670801717395,,,,,0.12703634694308286,0.1744085332787222,0.04737218633563933,-0.12986629424987362,66.73935959394854,,,,,66.73935959394854,66.73935959394854,66.73935959394854,,14.692701496371745,45.150290555744306,-22.575145277872153,0
2023-11-06,18.99,19.08,17.93,18.54,16.7595,19.359788253252013,14.159211746747985,63.60310177407385,58.17466149634594,0,0,,,,12.012977777777772,12.13310755555555,11.892847999999994,,14.16256157635467,10.623825293117338,12.977595417521393,0,63.89125062934414,49.78048890707959,,,,,0.224907948315405,0.3285071217298956,0.1035991734144906,0.21671800068685745,63.89125062934414,,,,,,,,,22.005709405557752,45.16578759003566,-22.58289379501783,0
2023-11-07,18.86,19.17,18.53,18.8,16.8095,19.52385056689443,14.095149433105567,69.63579160881491,64.72571209621118,0,0,,,,12.06386666666666,12.184505333333327,11.943227999999994,,14.244044725328187,11.841518189119249,13.44664588152462,0,65.08330929361912,50.32830258416628,,,,,0.29011002437802647,0.46623670388702365,0.1761266795089972,0.4632865760395111,65.08330929361912,,,,,,,,,22.87283291168531,45.18430796649366,-22.59215398324683,0
2023-11-08,18.85,18.93,18.15,18.49,16.838,19.60975467889928,14.066245321100723,70.26156489904973,67.8334860939795,0,0,,,,12.114888888888883,12.236037777777772,11.993739999999994,,10.414427325928589,9.811141465732254,10.76499131372426,0,62.43665136565394,50.78798322578677,,,,,0.2943801865170367,0.5441019126552931,0.24972172613825638,0.6368526576679016,62.43665136565394,,,,,,,,,20.98478080777367,45.195727759742404,-22.597863879871202,0
2023-11-09,18.66,18.87,18.16,18.27,16.8545,19.656067239956936,14.052932760043067,67.94208503495908,69.27981384760791,0,0,,,,12.165422222222217,12.28707644444444,12.043767999999995,,7.193147148556678,8.39835058886349,8.90341552583993,0,60.55464402872572,51.72290449637303,,,,,0.2653081942521552,0.5813569689534503,0.31604877470129517,0.6991167826848683,60.55464402872572,,,,,,,,,19.545392710735534,45.20206737892021,-22.601033689460106,0
2023-11-10,18.155,19.72,18.06,19.67,16.97,20.02445903557412,13.915540964425876,76.20889524720334,71.4708483937374,0,0,,,,12.224622222222216,12.346868444444437,12.102375999999994,,12.374314442413192,15.910430170889821,16.39971595392138,0,67.30791746432341,53.082745466178,,,,,0.31964191176908396,0.7156011644126501,0.39595925264356613,0.7882618893922267,67.30791746432341,,,,,,,,,20.74073571709899,45.21230284489933,-22.606151422449663,0
2023-11-13,19.59,19.88,19.3,19.71,17.0875,20.36554743711871,13.809452562881287,78.76712707109141,74.30603578441794,0,0,,,,12.284177777777773,12.40701955555555,12.161335999999995,,9.463512162612474,15.347476225310919,15.761859081031272,0,67.47923265665409,54.179168930761065,,,,,0.33588389771983734,0.8158141247933628,0.47993022707352545,0.8765194450978329,67.47923265665409,,,,,,,,,22.780309499780003,45.22968105830218,-22.61484052915109,0
2023-11-14,20,20.1,19.5,19.94,17.192500000000003,20.687581544113087,13.697418455886918,81.25182189465761,78.7426147376508,0,0,,,,12.343911111111106,12.467350222222217,12.220471999999996,,7.667386609071292,15.980805583830149,15.968439214469822,0,68.50134316783074,55.947634520674015,,,,,0.3387591013223572,0.903379103726472,0.5646200024041148,0.8992741620853302,68.50134316783074,,,,,,,,,25.7527939789148,45.25845602978805,-22.629228014894025,0
2023-11-15,19.9,20.37,19.611,19.95,17.330000000000002,21.02604112531234,13.633958874687664,82.63879460363808,80.88591452312903,0,0,,,,12.404488888888883,12.528533777777772,12.280443999999994,,4.873048415076475,15.118291979226761,15.085087972310273,0,68.54762891815642,57.86677664907862,,,,,0.31829355522700165,0.9624869464378669,0.6441933912108653,0.8968277725232479,68.54762891815642,,,,,,,,,25.7805397789312,45.28704902428652,-22.64352451214326,0
2023-11-16,19.8,19.875,19.29,19.77,17.4655,21.307819481771496,13.623180518228502,80.52405076586948,81.47155575472172,0,0,,,,12.464399999999994,12.589043999999994,12.339755999999994,,2.9526636463052647,13.194583607683729,13.184862884296056,0,66.64914448264986,59.75722571841298,,,,,0.27142050562862663,0.9834690232466485,0.7120485176180219,0.8683312764775571,66.64914448264986,,,,,,,,,25.269588762316857,45.31328171320597,-22.656640856602984,0
2023-11-17,19.68,20.58,19.6587,20.49,17.6845,21.688700169821747,13.680299830178253,84.41762542797144,82.52682359915967,0,0,,,,12.528799999999997,12.654087999999996,12.403511999999997,,5.820379073490667,15.864174842376077,16.444713860842164,0,70.20396555789912,62.08131605174989,,,,,0.2672701823477529,1.046136245552713,0.7788660632049601,0.8471098975587535,70.20396555789912,,,,,,,,,25.669139115687642,45.34084564930477,-22.670422824652384,0
2023-11-20,20.65,21.6,20.56,21.34,17.941499999999998,22.184283402437707,13.698716597562287,87.62089440496037,84.18752353293375,0,0,,,,12.596666666666662,12.722633333333329,12.470699999999995,,8.63920989665532,18.942117437226557,20.424363266995172,0,73.75985399718927,64.5741499164433,,,,,0.29780233653793153,1.1511189838773745,0.853316647339443,0.8492085794422376,73.75985399718927,,,,,73.75985399718927,,73.75985399718927,,27.758680761940468,45.37684376442963,-22.688421882214815,0
2023-11-21,21.11,21.85,19.72,19.8,18.0995,22.371897336390973,13.827102663609026,78.02256878109226,83.35369620467469,0,1,,,,12.656222222222219,12.782784444444442,12.529659999999996,,0.28870992250418226,9.395287162628808,11.315168097147744,0,59.8287361320518,65.97583051636869,,,,,0.19526928143267874,1.0974032491302914,0.9021339676976127,0.8538670429274093,59.8287361320518,,,,,,,,,27.054427182394978,45.40950306843713,-22.704751534218566,0
2023-11-22,20.26,20.44,19.33,19.69,18.304499999999997,22.467635717220972,14.141364282779024,72.35278970141805,79.33208429582355,0,0,,,,12.715199999999996,12.842351999999996,12.588047999999995,,-0.8709661179076567,7.569176978338676,10.330786903005219,0,58.97195850516554,65.71107112808654,,,,,0.10552268428695233,1.0340373230563031,0.9285146387693508,0.7558500532518004,58.97195850516554,,,,,,,,,24.740707676837303,45.43250762983799,-22.716253814918996,0
2023-11-24,19.38,19.6,18.93,19.2,18.499999999999996,22.439766490542453,14.56023350945754,62.18662453565064,70.85399433938699,0,0,,,,12.77213333333333,12.899854666666663,12.644411999999996,,-3.7883343355382015,3.7837837837837895,7.332525854840144,0,55.18110697587211,64.8854816553668,,,,,0.004003836403756567,0.9335194342740465,0.9295155978702899,0.616854531548715,55.18110697587211,,,,,,,,,19.778868257928153,45.43768644310954,-22.71884322155477,0
2023-11-27,19.13,19.5,18.62,19.08,18.700499999999998,22.31647275985327,15.084527240146729,54.324365551045524,62.95459326270474,0,0,,,,12.827688888888884,12.955965777777774,12.699411999999995,,-4.106146655274678,2.0293575038100586,6.320931701246302,0,54.26118634610745,64.1976199208499,,,,,-0.07596843435783096,0.8345550549230012,0.9105234892808322,0.4018963905569985,54.26118634610745,54.26118634610745,,54.26118634610745,,,,,,17.869491913829734,45.43685051974931,-22.718425259874657,0
2023-11-28,19.11,19.8,19.03,19.71,18.9515,22.083632021483254,15.819367978516743,52.25081639683434,56.253935494510166,0,0,,,,12.887199999999998,13.016071999999998,12.758327999999999,,-0.9398401769110998,4.002321715959156,9.354194407456685,0,58.2009514802908,63.70602293418358,,,,,-0.09020705413293928,0.797764671614658,0.8879717257475973,0.29648125966174504,58.2009514802908,,,,,,,,,17.50197621754038,45.43484418544352,-22.71742209272176,0
2023-11-29,19.945,20.31,19.78,19.84,19.2035,21.706923855442973,16.700076144557023,54.82218952193944,53.7991238232731,0,0,,,,12.946933333333329,13.076402666666661,12.817463999999996,,-0.2363352944134589,3.314499960944639,9.669811320754661,0,58.98601516667221,63.459548919970594,,,,,-0.0942019147508033,0.7702193323090931,0.8644212470598964,0.12920007230380093,58.98601516667221,,,,,,,,,18.40350840894665,45.435406573083704,-22.717703286541852,0
2023-11-30,19.94,20.23,19.68,20.05,19.459999999999997,21.03403938959649,17.885960610403504,57.26247555755167,54.778493825441814,0,0,,,,13.007155555555553,13.137227111111109,12.877083999999996,,0.7689601447454342,3.0318602261048433,10.251663397914058,0,60.283696159652784,63.4401955007511,,,,,-0.08624665006450005,0.7566129344792714,0.8428595845437714,-0.14588461572894343,60.283696159652784,,,,,,,,,19.980915121931435,45.440757201945864,-22.720378600972932,0
2023-12-01,19.93,20.29,19.55,20.27,19.574999999999996,21.02823776444229,18.1217622355577,59.009617318746166,57.031427466079094,0,0,,,,13.067466666666666,13.198141333333334,12.936791999999999,,1.6192911214718775,3.5504469987228893,10.809431830606009,0,61.6525605227918,63.036241433498844,,,,,-0.07038355627067072,0.754880139205433,0.8252636954761037,-0.10924508609949272,61.6525605227918,,,,,61.6525605227918,,61.6525605227918,,20.737946682323813,45.448430813073955,-22.724215406536977,0
2023-12-04,19.75,19.9,18.27,18.4,19.550499999999996,21.064362279073457,18.036637720926535,38.40502908310486,51.559040653134225,0,0,,,,13.118222222222222,13.249404444444444,12.98704,,-6.778802310264487,-5.884759980563148,0.16876258914468867,0,46.86636428418295,61.56389369260804,,,,,-0.18361405699859346,0.5957461242278619,0.7793601812264553,-0.39605729250584615,46.86636428418295,,,,,,,,,17.523470543927775,45.44607641870135,-22.723038209350676,0
2023-12-05,18.25,18.55,17.96,18.3,19.538499999999996,21.08760651667383,17.98939348332616,33.08573616327008,43.500127521707036,0,0,,,,13.1684,13.300084,13.036716,,-5.835134300710099,-6.338767049671135,-0.7538369759748864,0,46.22787682458594,59.972931810947706,,,,,-0.2584464333270664,0.45630213956762233,0.7147485728946887,-0.5505505806858615,46.22787682458594,,,,,,,,,13.769214112502263,45.433831674990216,-22.716915837495108,0
2023-12-06,17.69,17.83,17.05,17.13,19.454999999999995,21.305118915097484,17.604881084902505,25.892622323309126,32.461129189894685,0,0,,,,13.2136,13.345736,13.081463999999999,,-10.627641258412911,-11.950655358519647,-7.18130260448654,0,39.45512613542759,57.89489589789565,,,,,-0.372984620940483,0.24851779671908503,0.621502417659568,-0.6805263113388834,39.45512613542759,39.45512613542759,,39.45512613542759,,,,,,7.2310532152817215,45.40890534840138,-22.70445267420069,0
2023-12-07,17.22,17.48,17.08,17.22,19.391499999999997,21.44566917511706,17.337330824882933,24.59425151311025,27.857536666563146,0,0,,,,13.258711111111111,13.391298222222222,13.126124,,-8.985200845665965,-11.198205399272865,-6.967530479569262,0,40.18113288227637,56.00432364072611,,,,,-0.4251449969694201,0.09007117144779286,0.515216168417213,-0.7863495116696302,40.18113288227637,,,,,,,,,4.655114618359502,45.380566775286304,-22.690283387643152,0
2023-12-08,17.18,17.92,17.09,17.77,19.3665,21.485794929923888,17.24720507007611,26.6255908156624,25.704154884027258,0,0,,,,13.307022222222223,13.440092444444446,13.173952,,-5.362944027267391,-8.243616554359324,-4.422970041414953,0,44.55653997544763,54.172364670551005,,,,,-0.40514871925165163,0.008780269352648418,0.41392898860430005,-0.7958942009495505,44.55653997544763,,,,,,,,,3.3588125891820386,45.35087447336296,-22.67543723668148,0
2023-12-11,17.97,18.28,17.7,17.77,19.271499999999996,21.495606787004863,17.04739321299513,26.906532684400744,26.042125004391128,0,0,,,,13.356088888888888,13.489649777777776,13.222527999999999,,-4.698058564839647,-7.79129803077081,-4.883401430941936,0,44.55653997544763,52.086413668998034,,,,,-0.37515058600776213,-0.05500924390540263,0.3201413421023595,-0.7612353209167777,44.55653997544763,,,,,,,,,4.478865993394633,45.322436974079395,-22.661218487039697,0
2023-12-12,17.69,17.88,17.2301,17.5,19.160999999999998,21.503433777079035,16.81856622292096,26.514152175079985,26.682091891714375,0,0,,,,13.402666666666667,13.536693333333334,13.26864,,-5.020352781546833,-8.66864986169823,-6.795909671921652,0,42.77521591314905,50.86830508193355,,,,,-0.35683176036254677,-0.12589835835082397,0.2309334020117228,-0.7784145615215703,42.77521591314905,,,,,,,,,4.905926746491939,45.29454921845005,-22.647274609225025,0
2023-12-13,17.65,17.9,17.22,17.87,19.057499999999997,21.435758816866006,16.67924118313399,29.944931849975255,27.78853890315199,0,0,,,,13.449288888888887,13.583781777777777,13.314795999999998,,-1.96401141101602,-6.231142594778937,-5.341220093581745,0,45.96339129851186,49.93912171002972,,,,,-0.30513700496032137,-0.15048785418867894,0.15464915077164243,-0.7587406075758438,45.96339129851186,,,,,,,,,4.999348675365934,45.266822174071336,-22.633411087035668,0
2023-12-14,18.17,18.58,17.72,18.21,18.970499999999998,21.3390816430938,16.601918356906197,35.94310059215439,30.800728205736544,0,0,,,,13.499022222222221,13.634012444444444,13.364031999999998,,0.9199733983595415,-4.0088558551435005,-4.097324626079679,0,48.78697303295194,49.482397856963985,,,,,-0.2364518488426847,-0.14091566028171343,0.09553618856097126,-0.7283434623260925,48.78697303295194,,,,,48.78697303295194,,48.78697303295194,,5.773102517446506,45.24011178852722,-22.62005589426361,0
2023-12-15,18.67,19.15,18.04,18.2,18.892,21.25344532013781,16.53055467986219,38.25454327571871,34.71419190594945,0,0,,,,13.547822222222221,13.683300444444443,13.412344,,2.0350955878230437,-3.662926106288378,-4.188674609998822,0,48.706360285718084,49.085624566936175,,,,,-0.18251528883929274,-0.13260792248814468,0.04990736635114807,-0.6962021985467751,48.706360285718084,,,,,,,,,7.046698248313844,45.215204093577825,-22.607602046788912,0
2023-12-18,18.21,18.575,17.77,17.84,18.759499999999996,21.04353568273382,16.475464317266173,36.8030628284207,37.00023556543126,0,0,,,,13.594933333333334,13.730882666666666,13.458984000000001,,0.331814858556867,-4.901516564940412,-5.9104813473507045,0,45.77407253489384,48.197990356550676,,,,,-0.16257049982771316,-0.15330575843349337,0.009264741394219782,-0.6333220754067826,45.77407253489384,,,,,,,,,6.8732274653973535,45.1900800997765,-22.59504004988825,0
2023-12-19,17.98,18.19,17.84,17.95,18.589999999999996,20.565135438394293,16.6148645616057,36.78178089978437,37.27979566797459,0,0,,,,13.641155555555555,13.77756711111111,13.504743999999999,,1.149554829257271,-3.4427111350188166,-5.232036323319833,0,46.82744819726782,47.32952128730751,,,,,-0.1346118000929103,-0.1590000087219181,-0.0243882086290078,-0.5185568697386421,46.82744819726782,,,,,,,,,6.2049611942128315,45.16406259381708,-22.58203129690854,0
2023-12-20,17.87,17.92,17.19,17.25,18.4625,20.43795817470299,16.487041825297005,30.723547074619574,34.76946360094154,0,0,,,,13.685066666666666,13.821917333333333,13.548215999999998,,-2.860682509291601,-6.567366283006082,-8.678619326604132,0,41.32585832402285,45.97539001333394,,,,,-0.15448127778242454,-0.21748980585703848,-0.06300852807461393,-0.4256512274106823,41.32585832402285,41.32585832402285,,41.32585832402285,,,,,,4.147788200284158,45.13559219463575,-22.567796097317874,0
2023-12-21,17.53,17.74,17.42,17.59,18.357499999999998,20.28343743408261,16.431562565917385,32.369529674526554,33.29161921631016,0,0,,,,13.728666666666665,13.865953333333332,13.59138,,-1.1520089912897213,-4.180852512597022,-6.730531301919518,0,44.72288272582143,44.76612731355034,,,,,-0.13656447519170833,-0.23371412206424935,-0.09714964687254102,-0.14611974711679815,44.72288272582143,,,,,,,,,3.4419425026771044,45.10644590476322,-22.55322295238161,0
2023-12-22,17.7,17.7,17.325,17.41,18.267999999999997,20.19537749286457,16.340622507135425,31.317885455271607,31.47032073480591,0,0,,,,13.769599999999999,13.907295999999999,13.631903999999999,,-1.9652007432851115,-4.696737464418643,-7.544431069886048,0,43.29380468362383,44.51094448493899,,,,,-0.12877711968322406,-0.2581210464765711,-0.12934392679334702,-0.052922756475408006,43.29380468362383,,,,,,,,,2.1950718044363824,45.076228797567836,-22.538114398783918,0
2023-12-26,17.44,17.745,17.3299,17.68,18.198,20.103902410933127,16.292097589066874,37.67194636889237,33.78645383289685,0,0,,,,13.808222222222222,13.946304444444444,13.67014,,-0.39436619718311583,-2.8464666446862297,-5.77869362087654,0,46.077197822157565,44.50018169905125,,,,,-0.09873547358699811,-0.25276326877709465,-0.15402779519009654,0.16518792098408625,46.077197822157565,,,,,,,,,2.890419880145091,45.04667361533524,-22.52333680766762,0
2023-12-27,17.78,17.91,17.45,17.47,18.086,19.883513838611815,16.28848616138818,39.900613025921416,36.29681495002847,0,0,,,,13.848488888888891,13.98697377777778,13.710004000000001,,-1.5608271820589659,-3.405949353090787,-6.525887745456538,0,44.257613248854035,44.84321649286743,,,,,-0.08672754253349774,-0.26243722335696873,-0.175709680823471,-0.1359330680419268,44.257613248854035,,,,,,,,,2.538381982118859,45.01686378535373,-22.508431892676864,0
2023-12-28,17.46,17.84,17.42,17.56,17.972,19.590364606632438,16.353635393367565,39.38165775202823,38.98473904894734,0,0,,,,13.889600000000002,14.028496000000002,13.750704,,-0.8805599458117319,-2.2924549298909525,-5.643817950600982,0,45.25539467155747,45.20566376353036,,,,,-0.06730930152773654,-0.25984630773314166,-0.19253700620540512,-0.43842590375988905,45.25539467155747,,,,,,,,,2.729743812641525,44.98727945288198,-22.49363972644099,0
2023-12-29,17.52,17.64,17.1,17.17,17.828,19.170081964710278,16.48591803528972,34.707126444574435,37.99646574084136,0,0,,,,13.928888888888888,14.068177777777777,13.7896,,-2.5096525096525157,-3.6908234238276716,-7.277734775799727,0,41.76652328565075,45.00637685711629,,,,,-0.07474342520512825,-0.2859662877118154,-0.21122286250668718,-0.5747574577037672,41.76652328565075,,,,,,,,,1.6552155655195262,44.95687717800862,-22.47843858900431,0
2024-01-02,16.95,16.95,16.5,16.58,17.6435,18.52885360167596,16.75814639832404,21.269756823164162,31.78618033992228,0,0,,,,13.966044444444446,14.10570488888889,13.826384000000001,,-4.98567335243556,-6.027715589310523,-9.946771915848984,0,37.10603671295716,44.47419805265269,,,,,-0.11121155918014589,-0.35023731148186954,-0.23902575230172365,-0.6992826499021291,37.10603671295716,,,,,,,,,-0.12858226278920984,44.92541340373385,-22.462706701866924,0
2024-01-03,16.12,16.38,16.01,16.09,17.528000000000002,18.576190822322076,16.47980917767793,16.463922042278153,24.146935103338922,0,0,,,,14.002222222222223,14.142244444444446,13.8622,,-6.859623733719255,-8.2040164308535,-11.906413110924607,0,33.738886912736604,43.82874598119465,,,,,-0.15733068846283316,-0.43568911288026513,-0.27835842441743197,-0.8368053421329666,33.738886912736604,33.738886912736604,,33.738886912736604,,,,,,-3.015595912458751,44.893067624083564,-22.446533812041782,0
2024-01-04,16.05,16.58,15.95,16.25,17.425500000000003,18.54983936158089,16.301160638419116,16.275463281417608,18.003047382286645,0,0,,,,14.041066666666667,14.181477333333333,13.900656000000001,,-4.998538439052935,-6.7458609509053025,-10.196186791931538,0,35.78789357691517,43.101924715366316,,,,,-0.1652411637230598,-0.4849098790712567,-0.3196687153481969,-0.8878847323060757,35.78789357691517,,,,,,,,,-4.831174498702722,44.86074398960887,-22.430371994804435,0
2024-01-05,15.7,16.1279,15.664,15.98,17.368000000000002,18.65304630266786,16.082953697332144,13.448558990305976,15.395981438000584,0,0,,,,14.078266666666668,14.219049333333334,13.937484000000001,,-5.8781953115796926,-7.991708889912497,-11.06246405580399,0,33.88372971999313,42.03740733586926,,,,,-0.17585349208668205,-0.5394855804565495,-0.36363208836986743,-0.8980183496035389,33.88372971999313,,,,,,,,,-6.023605999014954,44.828688587571165,-22.414344293785582,0
2024-01-08,16.22,16.89,16.14,16.67,17.340500000000002,18.660113200903982,16.020886799096022,22.493267483536503,17.405763251753367,1,0,,,,14.111377777777777,14.252491555555554,13.970264,,-1.2791661731612058,-3.8666705112309407,-6.699501874965074,0,42.328696708435245,41.58185993749192,,,,,-0.1259372108981306,-0.5210536019925307,-0.3951163910944001,-0.8551864225902441,42.328696708435245,,,,,,,,,-4.926559202812548,44.79651297772643,-22.398256488863215,0
2024-01-09,16.51,16.63,16.28,16.39,17.271500000000003,18.637564054135176,15.90543594586483,23.82731891256808,19.923048462136858,0,0,,,,14.13928888888889,14.28068177777778,13.997896,,-2.3474737845567306,-5.1037836898937705,-7.7831957989497935,0,40.090858961304846,41.175916110806995,,,,,-0.10231556134397202,-0.5230108427743652,-0.42069528143039314,-0.8447757011995166,40.090858961304846,,,,,,,,,-4.669733938562634,44.764384671643946,-22.382192335821973,0
2024-01-10,16.5,17.0299,16.4,16.79,17.222500000000004,18.58382104956919,15.861178950430821,30.707679360586802,25.6760885855638,0,0,,,,14.170755555555555,14.31246311111111,14.029048,,0.5690326445043192,-2.511249818551342,-5.125162456913657,0,44.5970848503782,41.01660444317202,,,,,-0.052783954132517075,-0.48667522409603947,-0.4338912699635224,-0.7510172844534921,44.5970848503782,,,,,44.5970848503782,,44.5970848503782,,-3.109008129831676,44.73237413189108,-22.36618706594554,0
2024-01-11,16.81,16.93,16.17,16.68,17.181500000000003,18.55624761320039,15.806752386799616,34.29979270280525,29.611596991986715,0,0,,,,14.204,14.34604,14.061960000000001,,0.3851709195955344,-2.9188371213223707,-5.205728574676105,0,43.625287863004424,41.18084941024214,,,,,-0.022035719356331862,-0.4614359191589372,-0.43940019980260536,-0.7287424058223833,43.625287863004424,,,,,,,,,-3.097681040492907,44.700433654372496,-22.350216827186248,0
2024-01-12,16.68,17.06,16.62,16.76,17.126,18.474456895863092,15.777543104136909,39.68470420698537,34.89739209012581,0,0,,,,14.240844444444445,14.38325288888889,14.098436,,1.3546202225447113,-2.13710148312507,-4.192073170731736,0,44.571276541797225,41.17002039709755,,,,,0.007503168182947051,-0.4300212395739216,-0.4375244077568686,-0.6256265511444029,44.571276541797225,,,,,,,,,-2.3882188989943374,44.668687253766244,-22.334343626883122,0
2024-01-16,16.59,16.74,16.29,16.53,17.042,18.31720351316986,15.766796486830144,38.63186523816847,37.538787382653034,0,0,,,,14.277155555555556,14.419927111111111,14.134384,,0.35211267605630425,-3.0043422133552378,-4.868784530386783,0,42.36996148895337,41.10403159747823,,,,,0.014935005986072725,-0.41885565027427774,-0.43379065626035046,-0.5645819661119342,42.36996148895337,,,,,,,,,-2.8910456909763345,44.636912856953465,-22.318456428476733,0
2024-01-17,16.26,16.41,16.05,16.39,16.951500000000003,18.13902305240788,15.763976947592127,34.755870242656975,37.69081322927028,0,0,,,,14.313688888888889,14.456825777777778,14.170551999999999,,-0.3829088919954149,-3.312391233814127,-4.967143409354479,0,41.041244359860954,40.744320635885614,,,,,0.01383053392503747,-0.4165024888540536,-0.4303330227790911,-0.4641051487776366,41.041244359860954,,,,,,,,,-3.4252208914146856,44.605140200468036,-22.302570100234018,0
2024-01-18,16.75,16.81,16.1,16.4,16.8795,18.016346075773143,15.74265392422686,36.26027301246617,36.54933616443055,0,0,,,,14.350622222222222,14.494128444444446,14.207116,,-0.5095850521718237,-2.8407239550934604,-4.540162980209573,0,41.18312823275724,40.52471456330727,,,,,0.01697469345564817,-0.4091146559595309,-0.42608934941517906,-0.33653755989193124,41.18312823275724,,,,,,,,,-4.063767506656338,44.57340430083546,-22.28670215041773,0
2024-01-19,16.57,16.78,16.15,16.78,16.821,17.846434542035936,15.795565457964067,46.30052126975282,39.10555484162533,0,0,,,,14.38951111111111,14.533406222222222,14.245615999999998,,1.4694321823788714,-0.24374294037216027,-2.039386627228168,0,46.45618356694762,40.61048519869228,,,,,0.046190837772681737,-0.3683508021993269,-0.41454163997200866,0.0571182950720508,46.45618356694762,,,,,,,,,-3.5207843256604527,44.54175906991139,-22.270879534955696,0
2024-01-22,17.46,18.3503,17.43,17.6,16.838500000000003,17.90379385617315,15.773206143826856,64.86851897670999,49.14310441964299,0,0,,,,14.43288888888889,14.57721777777778,14.28856,,5.395532666626712,4.52237432075302,2.653834937299493,0,55.688167781104084,41.60488837693895,,,,,0.11819133231011925,-0.2668024745843596,-0.3849938068944788,0.5965759113489831,55.688167781104084,,,,,55.688167781104084,,55.688167781104084,,-1.15732825150378,44.51071823103029,-22.255359115515144,0
2024-01-23,17.64,17.73,17.2,17.33,16.8255,17.859685186511843,15.79131481348816,65.8362290227349,59.0017564230659,0,0,,,,14.475733333333332,14.620490666666665,14.330976,,3.3701163137488166,2.9984250096579457,1.0574194300819961,0,52.479602623093534,42.703000227662976,,,,,0.1434032082810382,-0.20573979654318109,-0.3491430048242193,0.740896357840097,52.479602623093534,,,,,,,,,0.6251683515851456,44.48061598285944,-22.24030799142972,0
2024-01-24,17.51,17.65,16.735,16.75,16.7925,17.79149699699291,15.793503003007089,61.346320142854466,64.01702271409978,0,0,,,,14.514755555555556,14.659903111111111,14.369608000000001,,-0.3035533599190843,-0.2530891767157928,-2.1307260828918984,0,46.30731134455392,43.60074482993564,,,,,0.11785691567895518,-0.20182186022552528,-0.31967877590448046,0.650755023896101,46.30731134455392,,,,,,,,,0.5347753747644127,44.450520620100534,-22.225260310050267,0
2024-01-25,16.92,17,16.31,16.46,16.731500000000004,17.652201363092384,15.810798636907624,54.967437797176466,60.716662320921934,0,0,,,,14.55088888888889,14.69639777777778,14.405380000000001,,-1.8368320610687272,-1.6226877446732346,-3.5791693515318856,0,43.54932572237575,44.155132840325685,,,,,0.08007406799218486,-0.21958619091424936,-0.2996602589064342,0.46853069936737074,43.54932572237575,,,,,,,,,-1.6925086010932417,44.41948808594908,-22.20974404297454,0
2024-01-26,16.4,16.75,16.34,16.35,16.675500000000003,17.544510356670294,15.806489643329712,47.069996119964806,54.4612513533319,0,0,,,,14.586755555555555,14.732623111111112,14.440888,,-2.300567672542586,-1.9519654583071033,-4.007984656933772,0,42.51498451366179,44.77165103987345,,,,,0.0479068984376389,-0.23977663585938558,-0.2876835342970245,0.1456113690062193,42.51498451366179,,,,,,,,,-3.605576346635734,44.3881673108519,-22.19408365542595,0
2024-01-29,16.45,17.11,16.43,17.09,16.652000000000005,17.44626947568203,15.857730524317978,51.399486145243145,51.145640020794794,0,0,,,,14.62591111111111,14.772170222222222,14.479651999999998,,1.9203244274809128,2.630314676915657,0.4900039200313122,0,50.95429710310787,45.387765353778626,,,,,0.07508160805729225,-0.19383152422540917,-0.2689131322827014,0.2488584061789338,50.95429710310787,,,,,,,,,-2.9311097661596794,44.35698407174249,-22.178492035871244,0
2024-01-30,17.04,17.24,16.66,16.74,16.630500000000005,17.39003867577639,15.870961324223623,49.88506417790613,49.45151548103802,0,0,,,,14.664177777777779,14.810819555555556,14.517536000000002,,-0.2918577640121711,0.658428790475285,-1.28358854402143,0,47.409139846032645,45.910499702687765,,,,,0.06829373498428293,-0.18354596355234776,-0.2518396985366307,0.12846678265443348,47.409139846032645,,,,,,,,,-2.271153557758098,44.325991920375486,-22.162995960187743,0
2024-01-31,16.41,16.76,16.07,16.09,16.606000000000005,17.401245873928406,15.810754126071602,38.40041564027225,46.5616553211405,0,0,,,,14.701511111111111,14.848526222222223,14.554496,,-3.9918849573363557,-3.1073106106226933,-4.721487505428179,0,41.617978479147624,45.697706390457014,,,,,0.021273650185263893,-0.2252476358050508,-0.2465212859903147,-0.07230280865749923,41.617978479147624,41.617978479147624,,41.617978479147624,,,,,,-2.5746381286161237,44.295000231744815,-22.147500115872408,0
2024-02-01,16.21,16.4868,16.03,16.33,16.618000000000002,17.388599766415922,15.847400233584084,33.14035434685188,40.47527805501008,0,0,,,,14.741422222222223,14.888836444444445,14.594008,,-2.519102196752654,-1.7330605367673835,-3.011225277662344,0,44.32235416750934,45.74749684077879,,,,,0.008250898891747627,-0.23620766237563018,-0.2444585612673778,-0.18903829321395516,44.32235416750934,,,,,,,,,-3.8095831464146137,44.263932124158224,-22.131966062079112,0
2024-02-02,16.34,17.02,16.145,17.02,16.6565,17.426649985392807,15.886350014607196,39.98667397873174,37.17581465528528,0,0,,,,14.782088888888888,14.929909777777777,14.634267999999999,,1.454458750596066,2.1823312220454305,1.2733547542544077,0,51.30605163699345,46.22855220472138,,,,,0.04591883499395419,-0.18706001752493506,-0.23297885251888925,-0.0675319415326433,51.30605163699345,,,,,,,,,-3.088904163274023,44.232988243676374,-22.116494121838187,0
2024-02-05,17.56,17.87,16.48,16.72,16.693500000000004,17.398433330181042,15.988566669818963,41.55996726398112,38.2289985298549,0,0,,,,14.821333333333333,14.969546666666666,14.67312,,0.19175455417064224,0.15874442148138268,-0.40702869055897484,0,48.459987401805485,46.66355405563939,,,,,0.050099950967335494,-0.17035391380971987,-0.22045386477705536,-0.12019401222779655,48.459987401805485,,,,,,,,,-1.7377658458479381,44.20239626090225,-22.101198130451124,0
2024-02-06,20.3,22.18,19.76,21.87,16.953500000000002,19.316898189049052,14.590101810950951,71.80656005155988,51.11773376475757,0,0,,,,14.883422222222222,15.032256444444444,14.734588,,27.58137906895344,28.99991152269441,29.171342507825848,0,74.55475396414536,49.05737617023113,,,,,0.38076507570702567,0.2555024798567267,-0.12526259585029895,0.36297565995354897,74.55475396414536,,,,,,,,,8.572162658981563,44.18164343446654,-22.09082171723327,0
2024-02-07,21.6,23.87,21.38,23.6,17.314000000000004,21.033878492639136,13.594121507360871,80.86817069330769,64.74489933628288,0,0,,,,14.952844444444445,15.102372888888889,14.803316,,32.383463286026796,36.305879634977444,37.711040224072164,0,78.49383892003803,51.72242693360833,,,,,0.6796057889732459,0.7242446403662584,0.04463885139301252,0.5373784522888164,78.49383892003803,,,,,,,,,20.292646338844804,44.1882644743539,-22.09413223717695,0
2024-02-08,23.96,25.06,23.32,24.51,17.700000000000006,22.552121185625815,12.8478788143742,85.66423190178669,79.44632088221807,0,0,,,,15.026755555555555,15.17702311111111,14.876488,,31.547874624302242,38.4745762711864,41.14598329974082,0,80.22774242678481,54.13468113788242,,,,,0.8889544102752506,1.1558318642370757,0.26687745396182516,0.6637521112313682,80.22774242678481,,,,,,,,,33.70254569007857,44.24712322532789,-22.123561612663945,0
2024-02-09,25.04,25.11,23.57,24.38,18.085000000000004,23.712306638170606,12.457693361829403,86.2042104458677,84.24553768032068,0,0,,,,15.099199999999998,15.250191999999998,14.948207999999997,,25.443786982248497,34.80785181089296,38.55946652521498,0,79.24481930024211,55.81729910353514,,,,,0.9628402441347904,1.4704277591303132,0.5075875149955228,0.7768564718218532,79.24481930024211,,,,,,,,,37.00020201318544,44.321755360439994,-22.160877680219997,0
2024-02-12,23.91,25.525,23.82,25.05,18.499500000000005,24.850126661991645,12.148873338008363,88.88596893222812,86.91813709329415,0,0,,,,15.172977777777778,15.324707555555555,15.021248,,23.819880381592597,35.40906510986781,40.37545530961049,0,80.56631648267897,57.82349295064838,,,,,0.9968070330494142,1.7535963063072906,0.7567892732578764,0.8535602260180198,80.56631648267897,,,,,80.56631648267897,,80.56631648267897,,38.46053420813913,44.403365536181056,-22.201682768090528,0
2024-02-13,23.53,24.66,23.31,24.01,18.873500000000007,25.586792113411928,12.160207886588086,85.28062314171481,86.79026750660353,0,1,,,,15.2432,15.395632,15.090767999999999,,14.562458249833,27.215407846981176,32.85010789575611,0,72.81615606904406,59.71698185954053,,,,,0.8925726127607588,1.872505039208825,0.9799324264480661,0.8845994226484613,72.81615606904406,,,,,,,,,36.626188881544344,44.47482757928985,-22.237413789644926,0
2024-02-14,24.15,25.5,23.755,25.19,19.31350000000001,26.45772641018597,12.169273589814049,88.0796623847779,87.41541815290692,0,0,,,,15.318133333333334,15.471314666666668,15.164952,,15.191146881287732,30.426903461309408,37.200435729847456,0,75.67531183648015,62.011695153405135,,,,,0.8468213526384374,2.038459117246113,1.1916377646076755,0.905323054797261,75.67531183648015,,,,,,,,,37.34184813799064,44.54932159498486,-22.27466079749243,0
2024-02-15,25.04,25.46,24.71,25.41,19.76400000000001,27.244904758115723,12.283095241884299,88.81708423873599,87.39245658840953,0,0,,,,15.394622222222223,15.548568444444445,15.240676,,11.564805057955718,28.567091681845724,36.095836606441466,0,76.17837632877213,64.41622314019874,,,,,0.7769295265352933,2.162799672776792,1.3858701462414988,0.910337862827514,76.17837632877213,,,,,,,,,37.31306331227845,44.62304920384505,-22.311524601922525,0
2024-02-16,24.96,25.495,24.39,24.44,20.14700000000001,27.760758861429647,12.533241138570371,82.64663800646576,86.51446154332653,0,1,,,,15.467511111111111,15.622186222222222,15.312836,,3.9204013946763983,21.308383382141205,29.01409442029874,0,69.3665978702187,65.73138748070666,,,,,0.617856906880268,2.1581912798418337,1.5403343729615657,0.8941564290103846,69.3665978702187,,,,,,,,,37.43013334285897,44.69675797565538,-22.34837898782769,0
2024-02-20,23.84,24,22.715,23.4,20.43700000000001,28.082383182025517,12.7916168179745,77.39509729315972,82.95293984612046,0,0,,,,15.535955555555557,15.691315111111113,15.380596,,-3.2498139419498973,14.498214023584621,21.93215569798337,0,62.874979943078124,66.83609034478133,,,,,0.4053508857857433,2.047022980193745,1.6416720944080017,0.8312829816800902,62.874979943078124,,,,,,,,,33.51354173604281,44.750997506541744,-22.375498753270872,0
2024-02-21,22.3,22.9299,22.29,22.74,20.70750000000001,28.276467895294456,13.138532104705565,71.32431868411813,77.12201799458119,0,0,,,,15.600488888888888,15.756493777777777,15.444484,,-6.315659374613791,9.815284317276296,17.256789274664808,0,59.09533475273989,68.0844729357522,,,,,0.19382059620922076,1.8839478396695277,1.690127243460307,0.7146272448028597,59.09533475273989,,,,,,,,,28.074298337147116,44.78181426996676,-22.39090713498338,0
2024-02-22,23.77,23.95,23.05,23.59,21.04950000000001,28.489313102491103,13.609686897508913,71.0599533671191,73.25978978146563,0,0,,,,15.66911111111111,15.825802222222222,15.512419999999999,,-2.8098220171390964,12.069170289080455,20.152801358234274,0,62.2432795728338,69.36453903613253,,,,,0.08991355958198954,1.802519192937794,1.7126056333558044,0.5887986254571804,62.2432795728338,,,,,,,,,26.034731910058778,44.80470212068975,-22.402351060344873,0
2024-02-23,23.53,24.07,22.82,22.97,21.375000000000007,28.548003554996942,14.201996445003072,63.01479041501858,68.46635415541857,0,0,,,,15.733644444444444,15.890980888888889,15.576308,,-4.75993034248281,7.461988304093525,15.780100137773424,0,58.69503858938559,69.89232381844626,,,,,-0.03510722554916956,1.6687216014193424,1.703828826968512,0.36938679814283487,58.69503858938559,58.69503858938559,,58.69503858938559,,,,,,24.88152502885862,44.82327929690034,-22.41163964845017,0
2024-02-26,23.03,23.88,22.94,23.56,21.73550000000001,28.579245977167645,14.891754022832373,63.13141392811886,65.73538590341883,0,0,,,,15.801111111111112,15.959122222222224,15.6431,,-1.9803627891496145,8.394101815003063,17.39693718234061,0,60.974906065287044,70.7862465801235,,,,,-0.08950851336982524,1.5919431852562305,1.6814516986260557,-0.10514193336571127,60.974906065287044,,,,,,,,,25.922039551711933,44.845333492037845,-22.422666746018923,0
2024-02-27,23.76,24.62,23.72,24.53,22.10750000000001,28.705153749629357,15.50984625037066,66.30768080334984,64.15129504882907,0,0,,,,15.873022222222222,16.031752444444443,15.714291999999999,,2.2765176784522945,10.957819744430575,20.672974435498404,0,64.44916070707177,70.06441849033251,,,,,-0.07234034274345058,1.5910262701967426,1.6633666129401932,-0.37992724122287475,64.44916070707177,,,,,,,,,27.133657739783256,44.871598640633856,-22.435799320316928,0
2024-02-28,24.52,24.84,24.245,24.42,22.49150000000001,28.675894149793336,16.307105850206682,66.1697930772868,65.20296260291848,0,0,,,,15.94608888888889,16.105549777777778,15.786628,,1.644120707596275,8.57435031011713,18.597422780547834,0,63.755983501147966,69.01171453184037,,,,,-0.07997200461560583,1.563401607170686,1.6433736117862918,-0.421511444527063,63.755983501147966,,,,,,,,,29.25381875490631,44.90576973004273,-22.452884865021364,0
2024-02-29,24.81,25.2928,24.36,25.08,22.94100000000001,28.471167809388614,17.410832190611405,64.47646113387196,65.65131167150282,0,0,,,,16.0216,16.181816,15.861384,,4.439077204963748,9.323917876291299,20.11302501556489,0,66.11114065640677,68.00338583395623,,,,,-0.05342578320438962,1.576591382780805,1.6300171659851945,-0.21718741327090943,66.11114065640677,,,,,66.11114065640677,,66.11114065640677,,31.50633542593273,44.94886789993492,-22.47443394996746,0
2024-03-01,25.3,25.69,24.535,24.93,23.37100000000001,28.05002938652862,18.691970613471398,70.69195039186437,67.11273486767435,0,0,,,,16.09511111111111,16.25606222222222,15.934159999999999,,4.022365017107554,6.670660219930635,17.79065738494974,0,65.07614764957222,66.99133785890838,,,,,-0.058419663004176225,1.5569925872299741,1.6154122502341504,-0.08186672451341627,65.07614764957222,,,,,,,,,31.774220391901025,44.99274023166067,-22.496370115830334,0
2024-03-04,24.4,24.58,23.53,24.04,23.722000000000012,27.38573907367837,20.058260926321655,61.72033467332301,65.62958206635308,0,0,,,,16.163688888888885,16.325325777777774,16.002051999999996,,0.47646911309870976,1.3405277801196602,12.301463718467742,0,59.15832352320429,65.46219550466017,,,,,-0.13001240077462017,1.452896749265875,1.5829091500404953,0.021015412309904512,59.15832352320429,,,,,,,,,30.58582105323461,45.031303720057934,-22.515651860028967,0
2024-03-05,23.96,24.4092,23.43,23.81,24.07650000000001,25.841790627629948,22.311209372370072,56.69191150312042,63.03473218943591,0,0,,,,16.232488888888888,16.394813777777777,16.070164,,-0.6550673843201182,-1.1068884597014161,10.161780355022266,0,57.69808392250966,64.38233320847915,,,,,-0.1971790201916397,1.3364353748009457,1.5336143949925853,-0.05504446514911249,57.69808392250966,57.69808392250966,,57.69808392250966,,,,,,27.871178727785928,45.05892447344755,-22.529462236723774,0
2024-03-06,25.75,26.75,24.53,26.16,24.291000000000007,25.972272137400367,22.609727862599648,68.73357570820566,62.381940628216334,0,0,,,,16.31062222222222,16.473728444444443,16.147516,,7.6144637788473135,7.694207731258462,19.40843527478544,0,66.73336793166955,63.743622929564104,,,,,-0.09295146567367496,1.4174250629004916,1.5103765285741666,0.35004459089561174,66.73336793166955,,,,,,,,,29.23362928933237,45.09149608051687,-22.545748040258434,0
2024-03-07,27.01,27.5,26.38,26.46,24.434000000000008,26.32880764195157,22.539192358048446,72.59491398508362,66.00680039880321,0,0,,,,16.389066666666665,16.55295733333333,16.225175999999998,,7.578468043584308,8.291724645985067,19.019416747882122,0,67.68235342184377,63.13676415049779,,,,,-0.017375499659684213,1.4886571539995614,1.5060326536592457,0.7023228802735364,67.68235342184377,,,,,67.68235342184377,,67.68235342184377,,32.60243151666699,45.137554063817134,-22.568777031908567,0
2024-03-08,27.19,27.28,25.81,26.04,24.51050000000001,26.53079181060507,22.490208189394952,72.54089153827628,71.28979374385516,0,0,,,,16.465688888888888,16.630345777777777,16.301032,,4.565714974099477,6.2401827788090225,15.471597711853114,0,64.89141225081283,62.81710803482594,,,,,-0.009628726938582854,1.493996744986017,1.5036254719245998,0.8378867170620921,64.89141225081283,,,,,,,,,35.54866326283303,45.196340553987255,-22.598170276993628,0
2024-03-11,25.89,26.83,25.29,25.35,24.559000000000008,26.610759245135384,22.507240754864632,69.1875180116331,71.44110784499765,0,0,,,,16.539555555555555,16.70495111111111,16.37416,,1.0684953353002014,3.2208151797711304,10.936064067218055,0,60.47911140719597,62.64597456797723,,,,,-0.062010900544981595,1.4261118462433728,1.4881227467883544,0.8245335638981389,60.47911140719597,,,,,,,,,33.52743429024601,45.24558394606678,-22.62279197303339,0
2024-03-12,25.57,25.64,24.35,24.7,24.541500000000006,26.582149651458774,22.50085034854124,59.972688694322756,67.23369941474402,0,0,,,,16.6116,16.777715999999998,16.445484,,-1.5897047691143196,0.6458447935129952,6.904809995094774,0,56.57643605263245,62.466053232255256,,,,,-0.14664073078174478,1.3048218333111734,1.4514625640929182,0.7002157155955263,56.57643605263245,,,,,,,,,30.00791206449262,45.27985497955895,-22.639927489779474,0
2024-03-13,24.7,25.44,24.6,25,24.591000000000008,26.6256980119905,22.556301988009515,55.887669381707546,61.68262536255444,0,0,,,,16.68648888888889,16.853353777777777,16.519624,,-0.6240807727471598,1.66321011752264,6.928999144567993,0,57.92590949621373,62.15766965535382,,,,,-0.1860853273937102,1.2188559048507805,1.4049412322444907,0.6193498867589616,57.92590949621373,,,,,,,,,27.813533544424114,45.30552266259094,-22.65276133129547,0
2024-03-14,24.83,24.97,24.14,24.43,24.553000000000004,26.569840102734798,22.53615989726521,49.025793244818686,54.96205044028297,0,0,,,,16.758711111111108,16.92629822222222,16.591123999999997,,-2.6382910887932653,-0.500957113183742,3.263166793473671,0,54.462718248908445,61.85536105960546,,,,,-0.2502381854386424,1.0921435004461877,1.34238168588483,0.37947485101929096,54.462718248908445,,,,,,,,,25.87519509706152,45.32411270940027,-22.662056354700134,0
2024-03-15,23.85,24.1,23.42,23.49,24.457000000000008,26.484284883778837,22.42971511622118,40.51564613028977,48.47636958560531,0,0,,,,16.827111111111112,16.995382222222222,16.65884,,-5.844155844155862,-3.953878235270103,-1.7017715162505387,0,49.23496665367831,61.016793958776255,,,,,-0.349556896414841,0.9054355653662789,1.25499246178112,-0.02293785464173446,49.23496665367831,49.23496665367831,,49.23496665367831,,,,,,23.517190158891328,45.33481359499354,-22.66740679749677,0
2024-03-18,23.77,24.18,23.32,24,24.43500000000001,26.472071427318703,22.397928572681316,34.120378515016576,41.220605963374986,0,0,,,,16.899377777777776,17.068371555555554,16.730383999999997,,-3.7844772289929662,-1.780233271946019,-0.5360004420622455,0,51.93089692046072,60.122632259732605,,,,,-0.37237810837617813,0.7895198263108973,1.1618979346870755,-0.19341771398632254,51.93089692046072,,,,,,,,,21.528371888389444,45.33940800362897,-22.669704001814484,0
2024-03-19,23.5,23.83,22.92,23.8,24.455000000000005,26.45861173883528,22.45138826116473,31.053804538959184,35.229943061421814,0,0,,,,16.970755555555552,17.140463111111107,16.801047999999998,,-4.582447981397597,-2.67838887753018,-2.3202364014446863,0,50.79174508035387,59.196615229675885,,,,,-0.3905176605937608,0.6737508589448744,1.0642685195386352,-0.3813546240710129,50.79174508035387,,,,,,,,,20.183358459866774,45.340137530892775,-22.670068765446388,0
2024-03-20,23.77,24.65,23.67,24.57,24.54650000000001,26.38915325007129,22.70384674992873,36.8356289285601,34.00327066084526,0,0,,,,17.045199999999998,17.215652,16.874747999999997,,-0.8634602969658123,0.09573666306801343,0.4688820434533669,0,54.89411148978806,58.395398860631694,,,,,-0.34197873123611566,0.6367951054934906,0.9787738367296063,-0.37194703197393497,54.89411148978806,,,,,,,,,21.726445069082825,45.34509978334147,-22.672549891670734,0
2024-03-21,25.3,25.33,24.44,24.49,24.591500000000007,26.381732107855967,22.801267892144047,37.60919147324111,35.16620831358677,0,0,,,,17.1196,17.290796,16.948403999999996,,-0.3945174279090913,-0.4127442408962789,0.02042066571368295,0,54.38680088310702,57.63187409159847,,,,,-0.3076570878290179,0.5942024769433338,0.9018595647723517,-0.3833711166269014,54.38680088310702,,,,,,,,,22.290171922541294,45.351596680032436,-22.675798340016218,0
2024-03-22,24.2,24.475,24.02,24.18,24.652000000000008,26.294651515081096,23.00934848491892,35.76868951192497,36.73783663790871,0,0,,,,17.19248888888889,17.364413777777777,17.020564,,-0.905700586041569,-1.9146519552166508,-1.2012748222603564,0,52.3672072798561,57.14679435993073,,,,,-0.298022611024618,0.5293313009915792,0.8273539120161972,-0.560005938301594,52.3672072798561,,,,,,,,,22.62178841593743,45.358958120915766,-22.679479060457883,0
2024-03-25,24.12,24.62,24.05,24.51,24.699500000000008,26.266286201113047,23.132713798886968,38.17854734750018,37.18547611088873,0,0,,,,17.267688888888888,17.440365777777778,17.095011999999997,,0.7936834313443164,-0.7672220085427117,0.1293661060802087,0,54.31215561819295,56.904942338193834,,,,,-0.2628440685135963,0.4987988263742018,0.7616428948877981,-0.7571193509250059,54.31215561819295,,,,,,,,,22.1993426768786,45.36495411192388,-22.68247705596194,0
2024-03-26,24.76,25.47,24.4702,24.89,24.71750000000001,26.284355130507798,23.15064486949222,41.874988532900716,38.607408464108595,0,0,,,,17.34471111111111,17.518158222222223,17.171263999999997,,2.276462853385919,0.6978861130777503,1.7039186041760246,0,56.514092678904476,56.174994105853465,,,,,-0.20970915982574811,0.49950644510561304,0.7092156049313612,-0.5949397068272984,56.514092678904476,,,,,56.514092678904476,,56.514092678904476,,22.524085469024033,45.371788635795106,-22.685894317897553,0
2024-03-27,25,25.48,24.26,24.51,24.72200000000001,26.28592582944269,23.158074170557327,40.3093036961908,40.12094652553054,0,0,,,,17.42084444444444,17.595052888888887,17.246635999999995,,0.9181866842343345,-0.8575357980746157,0.08302821598225041,0,53.72559583521536,55.17808284966573,,,,,-0.19612842331195757,0.46405507579141414,0.6601834991033717,-0.4167575611560704,53.72559583521536,,,,,,,,,22.77098082868032,45.37923527465248,-22.68961763732624,0
2024-03-28,24.17,24.28,22.94,23.01,24.618500000000008,26.340002541385996,22.89699745861402,30.11747068160566,37.43392097023237,0,0,,,,17.490177777777777,17.665079555555554,17.315276,,-4.700766204183083,-6.533704328046008,-5.762378670598345,0,44.41042767990126,53.7151553803149,,,,,-0.27908016740072394,0.3113332898524668,0.5904134572531907,-0.4059653893242313,44.41042767990126,,,,,,,,,19.96178401655583,45.37869985072192,-22.68934992536096,0
2024-04-01,22.98,23.21,22.4,22.86,24.515000000000008,26.391107672815792,22.638892327184223,24.350822810784074,31.592532396193487,0,0,,,,17.557377777777777,17.732951555555555,17.381804,,-5.074329374636677,-6.750968794615575,-6.049646555975674,0,43.59638970015014,52.509246686954484,,,,,-0.3313982063823936,0.17616569927519876,0.5075639056575924,-0.4383701350017551,43.59638970015014,,,,,,,,,16.29099992559623,45.36923014906039,-22.684615074530196,0
2024-04-02,22,22.79,21.72,22.72,24.44900000000001,26.474249614244645,22.423750385755373,22.29607644630837,25.58812331289934,0,0,,,,17.61591111111111,17.792070222222222,17.439752,,-5.151540452534054,-7.071863879913332,-6.404482038888293,0,42.80770553234352,51.52576593550527,,,,,-0.3603795342360582,0.05708948786251966,0.41746902209857784,-0.5239798677388708,42.80770553234352,,,,,,,,,13.021877889754874,45.3531829423272,-22.6765914711636,0
2024-04-03,22.44,23.01,22.38,22.7,24.39350000000001,26.5427908132679,22.24420918673212,25.166033581963937,23.93764427968544,0,0,,,,17.67262222222222,17.84934844444444,17.495896,,-4.7978527092769845,-6.942423186504643,-6.396899139566203,0,42.688895215078354,50.437407772567035,,,,,-0.36473511705251704,-0.03844987421706847,0.3262852428354486,-0.5416559459567372,42.688895215078354,,,,,,,,,12.269312734991031,45.335808268201816,-22.667904134100908,0
2024-04-04,23.82,24.1,22.4,22.48,24.20950000000001,26.352446336238575,22.066553663761443,23.68304340332931,23.715051143867186,0,0,,,,17.72862222222222,17.905908444444442,17.551336,,-4.886820393484259,-7.143889795328318,-7.27092729072708,0,41.33003329397798,49.49935884721486,,,,,-0.3653596607645643,-0.13041433312025674,0.2349453276443075,-0.6059676203490006,41.33003329397798,41.33003329397798,,41.33003329397798,,,,,,11.402123208651673,45.3169954050072,-22.6584977025036,0
2024-04-05,22.42,23.32,22.3065,22.96,24.03450000000001,25.97589614710601,22.093103852894007,26.79306106242285,25.214046015905343,0,0,,,,17.788444444444444,17.96632888888889,17.61056,,-2.2229793032961687,-4.4706567642347705,-5.208835065024431,0,45.41279918488359,49.226346885158094,,,,,-0.3181078285909021,-0.16268945809432012,0.15541837049658197,-0.7348085224842187,45.41279918488359,,,,,,,,,11.570139522694724,45.298467281822056,-22.649233640911028,0
2024-04-08,23.08,23.2,22.67,23,23.882500000000007,25.639268339878203,22.12573166012181,29.872276747272764,26.782793737674954,0,0,,,,17.848355555555553,18.02683911111111,17.669871999999998,,-1.5579524054100458,-3.6951742907987306,-5.047613805251272,0,45.751588030357645,48.78496767872217,,,,,-0.2706797706459171,-0.18293134281081436,0.0877484278351027,-0.7690621224111981,45.751588030357645,,,,,45.751588030357645,,45.751588030357645,,11.827528787567664,45.280373033691134,-22.640186516845567,0
2024-04-09,23.01,23.0868,22.46,22.81,23.75550000000001,25.435100845438743,22.075899154561274,29.807546963413493,28.82429492436968,0,0,,,,17.907644444444443,18.086720888888888,17.728568,,-1.6556005863585743,-3.980130917050828,-5.73471271334699,0,44.343761638795364,48.32439743289655,,,,,-0.23968864369802875,-0.21186237678743325,0.027826266910595504,-0.8286459005176763,44.343761638795364,,,,,,,,,12.157418056671494,45.262839917158814,-22.631419958579407,0
2024-04-10,22.22,22.71,22.01,22.42,23.641500000000008,25.3582909016531,21.924709098346916,27.145111463679783,28.941645058121992,0,0,,,,17.96173333333333,18.141350666666664,17.782116,,-2.2965965049897785,-5.166761838292855,-7.076344947638901,0,41.51958642147657,47.369074213731444,,,,,-0.23284170660838402,-0.26322586634988454,-0.030384159741500515,-0.8260162888733409,41.51958642147657,,,,,,,,,11.064740200218344,45.24353894510123,-22.621769472550614,0
2024-04-11,22.65,22.91,22.25,22.84,23.53350000000001,25.164478540630732,21.90252145936929,30.432190109089717,29.12828284539431,0,0,,,,18.011066666666665,18.191177333333332,17.830955999999997,,0.26338893766457705,-2.9468629825568304,-5.128489144882565,0,45.54202965969488,46.737304840630586,,,,,-0.1892638066867627,-0.2669639180999539,-0.07770011141319119,-0.7728958602835306,45.54202965969488,,,,,,,,,10.579740014057974,45.223511235646015,-22.611755617823007,0
2024-04-12,22.7,23.2,22.41,22.67,23.44550000000001,25.063368659687374,21.827631340312646,30.78305422789522,29.453451933554884,0,0,,,,18.059777777777775,18.240375555555552,17.879179999999998,,-0.3341246812626375,-3.3076709816383,-5.519358737479663,0,44.21632599473026,46.15509903455016,,,,,-0.16216912753486848,-0.2804115208317768,-0.1182423932969083,-0.7361362021096488,44.21632599473026,,,,,,,,,10.14943202647379,45.20286796425794,-22.60143398212897,0
2024-04-15,22.79,23.13,21.83,21.9,23.36600000000001,25.118009132395642,21.61399086760438,25.38987216415282,28.8683721670459,0,0,,,,18.104488888888888,18.285533777777776,17.923444,,-3.3112582781457234,-6.274073440041128,-8.34263392857143,0,38.71863195895218,45.041275916032966,,,,,-0.1847471417268665,-0.3491763204554914,-0.16442917872862492,-0.7242077319122011,38.71863195895218,,,,,,,,,9.14227168437026,45.18084923869204,-22.59042461934602,0
2024-04-16,21.59,21.99,21.27,21.88,23.260000000000012,25.100065216234928,21.419934783765097,20.31530948070602,25.496078624251336,0,0,,,,18.145555555555553,18.32701111111111,17.9641,,-3.039971638748573,-5.932932072227048,-8.149557819321595,0,38.58443766742214,43.760586272355646,,,,,-0.18899113700474007,-0.40066809998455,-0.21167696297980992,-0.7089778705166929,38.58443766742214,,,,,,,,,7.4475095872871355,45.15677753867777,-22.578388769338886,0
2024-04-17,22.01,22.11,21.22,21.31,23.135500000000015,25.14199420632049,21.12900579367954,15.648130402017511,20.45110401562543,0,0,,,,18.18591111111111,18.367770222222223,18.004051999999998,,-4.980603736567534,-7.890471353547646,-10.228325890976498,0,34.87461613800147,42.41408772255466,,,,,-0.2161902132403799,-0.4819147295302848,-0.2657245162899049,-0.7358866456973029,34.87461613800147,,,,,,,,,5.122707453214442,45.13043444234025,-22.565217221170126,0
2024-04-18,21.25,21.43,20.7,21.13,22.963500000000018,25.037272166848798,20.889727833151237,14.058514042996272,16.673984641906582,0,0,,,,18.222755555555555,18.40498311111111,18.040528,,-5.21263233446978,-7.984410042023282,-10.353410360481409,0,33.77038697667642,41.65408481518146,,,,,-0.23096963887026528,-0.5544365648777365,-0.32346692600747123,-0.7799261005211592,33.77038697667642,,,,,,,,,3.762632789575529,45.10307893921754,-22.55153946960877,0
2024-04-19,20.98,21.43,20.33,20.47,22.762500000000014,24.979794522610273,20.545205477389754,12.080828766042842,13.929157737018857,0,0,,,,18.253066666666665,18.435597333333334,18.070535999999997,,-7.136052261488923,-10.07138934651296,-12.411570059333654,0,30.017385367121534,40.684155934250846,,,,,-0.2672959583008564,-0.6575868738835418,-0.39029091558268536,-0.8231152445683998,30.017385367121534,30.017385367121534,,30.017385367121534,,,,,,1.3894840307563943,45.07444266707154,-22.53722133353577,0
2024-04-22,20.72,21.08,20.36,20.97,22.60200000000001,24.85013344799603,20.353866552003993,16.02708974930702,14.055477519448695,1,0,,,,18.28088888888889,18.463697777777778,18.09808,,-3.9835164835165027,-7.220599946907402,-9.618561884922073,0,35.83508246909541,40.18611142973314,,,,,-0.240585456056212,-0.6910227356529504,-0.45043727959673835,-0.870310253249854,35.83508246909541,,,,,,,,,0.7405425853465362,45.04561093422066,-22.52280546711033,0
2024-04-23,21.25,22.06,21.23,21.64,22.45850000000001,24.56295503634514,20.354044963654882,25.40561138519506,17.837843300181625,0,0,,,,18.311688888888884,18.494805777777774,18.128571999999995,,-0.38208350596142804,-3.6444998552886854,-6.231042551347599,0,42.70804626278279,40.18747936171202,,,,,-0.16436755810759346,-0.6558967272312302,-0.4915291691236367,-0.8499554934090858,42.70804626278279,,,,,,,,,1.4255047266120364,45.01709912517839,-22.508549562589195,0
2024-04-24,22.05,22.25,21.3,21.59,22.293500000000012,24.1068535231716,20.480146476828423,28.439560778523933,23.290753971008655,0,0,,,,18.34302222222222,18.52645244444444,18.159592,,-0.23105360443624878,-3.155628322156734,-6.025564760674962,0,42.343532952394156,40.25987219445603,,,,,-0.1066889428395833,-0.6248903476731158,-0.5182014048335325,-0.8425895791329018,42.343532952394156,,,,,,,,,3.063247569050627,44.989492211105066,-22.494746105552533,0
2024-04-25,20.82,21.7399,20.66,21.71,22.15350000000001,23.668548184051783,20.63845181594824,32.57419066363229,28.806454275783747,0,0,,,,18.374977777777776,18.558727555555553,18.191228,,0.8500952292469721,-2.0019410025504336,-5.050004373560368,0,43.5879655377946,40.129526933949684,,,,,-0.05256183058124353,-0.5839036930600869,-0.5313418624788434,-0.760266144139877,43.5879655377946,,,,,,,,,4.0843916327322844,44.962621572694715,-22.481310786347358,0
2024-04-26,22.05,22.67,21.91,22.52,22.129000000000012,23.603149246175096,20.654850753824928,46.468907491328665,35.82755297782828,0,0,,,,18.40733333333333,18.591406666666664,18.223259999999996,,4.685756786909612,1.7669121966649604,-1.2324020876277264,0,51.23845561056871,40.5214460468219,,,,,0.04065582280753699,-0.4805220839694222,-0.5211779067769592,-0.4909074466482532,51.23845561056871,,,,,,,,,5.3278102652607116,44.93679396053258,-22.46839698026629,0
2024-04-29,22.75,23.09,22.545,22.83,22.127500000000012,23.59872907801559,20.656270921984433,56.881305998262334,45.308134717741076,0,0,,,,18.440088888888887,18.624489777777775,18.255688,,5.669983800046263,3.1747825104507355,0.22389042539179282,0,53.81973645638665,41.19830139093556,,,,,0.12148655188890423,-0.3693197169158289,-0.4908062688047331,-0.14874124943338096,53.81973645638665,,,,,53.81973645638665,,53.81973645638665,,7.132380428978809,44.912767813984544,-22.456383906992272,0
2024-04-30,22.77,22.87,21.95,21.97,22.09000000000001,23.536941602138437,20.643058397861584,54.385620201110555,52.57861123023383,0,0,,,,18.47244444444444,18.657168888888886,18.287719999999997,,1.6470805959100332,-0.5432322317791338,-3.264155928024204,0,46.47029000339947,41.55192307535862,,,,,0.11537255731146623,-0.34659057216540035,-0.4619631294768666,-0.022182461630051276,46.47029000339947,,,,,,,,,7.357049923312071,44.88902249762904,-22.44451124881452,0
2024-05-01,21.93,22.83,21.63,22.12,22.06100000000001,23.48087182520074,20.64112817479928,55.2805496461117,55.51582528182818,0,0,,,,18.50324444444444,18.688276888888886,18.318211999999995,,1.9589767227471633,0.2674402792257391,-2.3629461789718365,0,47.808998996800035,41.71384945658042,,,,,0.11927668310280176,-0.31286727559836436,-0.4321439587011661,0.24414251734157946,47.808998996800035,,,,,,,,,6.518413108391265,44.86443077903049,-22.432215389515246,0
2024-05-02,22.6,22.715,22.1,22.55,22.06450000000001,23.488824050207352,20.640175949792667,59.37144492630783,56.34587159117668,0,0,,,,18.536711111111106,18.72207822222222,18.351343999999994,,3.265100517470332,2.2003671055314644,-0.16823091907207655,0,51.549673171299624,42.237659969192514,,,,,0.14685240211375805,-0.24857845605896856,-0.3954308581727266,0.5851493179412689,51.549673171299624,,,,,,,,,5.877404162201171,44.83925968154046,-22.41962984077023,0
2024-05-03,23.48,23.64,22.91,23.33,22.08300000000001,23.561933399446737,20.60406660055328,74.53513543706869,63.06237666982938,0,0,,,,18.570844444444443,18.756552888888887,18.385136,,5.455860416760805,5.646877688719787,3.4620387890255344,0,57.5001585828474,43.579197585185035,,,,,0.20982092840911531,-0.13315469766133248,-0.3429756260704478,0.7593199098803076,57.5001585828474,,,,,,,,,7.79798394934087,44.816118749305524,-22.408059374652762,0
2024-05-06,24.37,25.355,24.03,25.21,22.193500000000007,24.174876037000374,20.21212396299964,83.99537794804822,72.63398610380823,0,0,,,,18.611777777777775,18.797895555555552,18.425659999999997,,11.810883931343398,13.591817424020514,11.629348644300453,0,67.77359028364847,45.664137057772614,,,,,0.3613932722999321,0.10876596430446739,-0.25262730799546473,0.8371985213686531,67.77359028364847,,,,,67.77359028364847,,67.77359028364847,,12.224424118100222,44.79919476506548,-22.39959738253274,0
2024-05-07,21.99,22.7,21.35,21.4,22.12300000000001,24.111940421430013,20.13405957857001,62.85011261977999,73.79354200163229,0,0,,,,18.636177777777775,18.82253955555555,18.449816,,-4.986014296496933,-3.2680920309181016,-4.804270462633465,0,44.36693124380591,46.34215956533007,,,,,0.19660890429778463,-0.006866177623233938,-0.20347508192101857,0.6778435216779156,44.36693124380591,,,,,,,,,9.995558244591392,44.77889065852607,-22.389445329263037,0
2024-05-08,21.58,21.73,21.06,21.56,22.08000000000001,24.07855948122608,20.081440518773938,57.35542292698196,68.0669711649367,0,0,,,,18.65822222222222,18.844804444444442,18.47164,,-4.262877442273549,-2.3550724637681597,-3.6166122759175856,0,45.222511478142046,47.16016845829191,,,,,0.09508456088637593,-0.08461938081304865,-0.17970394169942458,0.5187791563949167,45.222511478142046,,,,,,,,,6.83567285938467,44.754789891049704,-22.377394945524852,0
2024-05-09,21.49,21.58,20.94,21.14,21.99500000000001,24.00162403055432,19.988375969445702,49.84836288797552,56.68463281157914,0,0,,,,18.67973333333333,18.866530666666666,18.492935999999997,,-5.889685260205669,-3.8872471016140553,-5.017223303878993,0,43.338366756547416,48.11166712896518,,,,,0.0013014872186250248,-0.1780770826761433,-0.17937856989476833,0.23045367430347677,43.338366756547416,,,,,,,,,0.31926114630388647,44.72647187962528,-22.36323593981264,0
2024-05-10,21.27,21.37,20.5,20.6,21.891500000000015,23.960744064869463,19.822255935130567,41.15665514390871,49.45348031962205,0,0,,,,18.70111111111111,18.888122222222222,18.5141,,-7.503030847290216,-5.8995500536738525,-7.108178388371977,0,40.97460599392312,48.47877595216716,,,,,-0.09037433086702806,-0.2923464834785534,-0.20197215261152535,-0.09139890870523187,40.97460599392312,40.97460599392312,,40.97460599392312,,,,,,-1.0217191500894516,44.697935204730015,-22.348967602365008,0
2024-05-13,20.6,21.19,20.6,20.94,21.843500000000013,23.953858026496434,19.733141973503592,33.926789956032415,41.64393599597219,0,0,,,,18.72911111111111,18.91640222222222,18.541819999999998,,-5.17163300425686,-4.136241902625548,-5.301716990518102,0,43.07968366365672,48.505321480801015,,,,,-0.11955803856655461,-0.35141970081971863,-0.231861662253164,-0.27300604963504504,43.07968366365672,,,,,,,,,-2.0603002344762973,44.66938359521851,-22.334691797609256,0
2024-05-14,20.95,22.07,20.93,21.44,21.821500000000015,23.939038901649248,19.70396109835078,34.5452835935895,36.54290956451019,0,0,,,,18.761955555555552,18.94957511111111,18.574335999999995,,-2.6737482409551094,-1.7482757830580509,-2.85308643839961,0,46.12274337377734,48.77526508232838,,,,,-0.09755972080319758,-0.353811313257161,-0.2562515924539634,-0.3995784442126315,46.12274337377734,,,,,,,,,-1.6671573208811388,44.64089842996145,-22.320449214980727,0
2024-05-15,21.73,21.8099,21.185,21.67,21.839500000000015,23.945429485998414,19.733570514001617,37.712610918695525,35.394894822772464,0,0,,,,18.795911111111106,18.98387022222222,18.607951999999994,,-1.4283114992721946,-0.7761166693377342,-1.657943303179732,0,47.512820570980956,49.05561187041313,,,,,-0.061643100100716164,-0.33330546757985857,-0.2716623674791424,-0.487277822766134,47.512820570980956,,,,,,,,,-0.08174266545417448,44.61269405300847,-22.306347026504234,0
2024-05-16,21.74,21.87,21.535,21.65,21.865500000000015,23.948463993927305,19.782536006072725,38.27740915187521,36.84510122138673,0,0,,,,18.830177777777774,19.01847955555555,18.641875999999996,,-1.1144605828081078,-0.9855708764950122,-1.6251912212410957,0,47.3983001185809,48.78131504955685,,,,,-0.03469948422512836,-0.31503672276055283,-0.28033723853542447,-0.4824653414383561,47.3983001185809,,,,,,,,,0.9412451229151454,44.58484082018878,-22.29242041009439,0
2024-05-17,21.78,22.1693,21.56,21.76,21.930000000000014,23.913643113061898,19.94635688693813,40.254872279622504,38.7482974500644,0,0,,,,18.861955555555554,19.050575111111108,18.673336,,0.1058103694161927,-0.7751937984496693,-0.9453287407249933,0,48.13869440866486,48.375526331862446,,,,,-0.0064170193656274965,-0.28835851274245883,-0.28194149337683133,-0.4236830377861998,48.13869440866486,,,,,48.13869440866486,,48.13869440866486,,1.3622981517677133,44.557196587528395,-22.278598293764198,0
2024-05-20,21.77,21.77,21.22,21.62,21.962500000000013,23.90299349393351,20.022006506066514,39.06795989737865,39.20008044295877,0,0,,,,18.89013333333333,19.079034666666665,18.701231999999997,,1.1320048648142844,-1.5594763801935696,-1.3761119136318722,0,47.22756745878947,48.429617578676016,,,,,0.005282206287430369,-0.2753387355175434,-0.28062094180497377,-0.45475185624254233,47.22756745878947,,,,,,,,,1.2159276913681956,44.52954693974434,-22.26477346987217,0
2024-05-21,21.34,21.45,21.12,21.24,21.942500000000017,23.9040083481845,19.980991651815533,35.314499200219466,38.21244379240685,0,0,,,,18.916977777777777,19.106147555555555,18.727808,,-0.5711075741971938,-3.201549504386547,-2.877697841726623,0,44.75166231805782,48.21123638733729,,,,,-0.009354192397011185,-0.2923136823012378,-0.2829594899042266,-0.49745150539424954,44.75166231805782,,,,,,,,,0.5234080390753552,44.5017138147015,-22.25085690735075,0
2024-05-22,21.23,21.42,21.08,21.17,21.921500000000016,23.90650654910691,19.93649345089312,33.210167524312595,35.86420887397022,0,0,,,,18.942933333333333,19.132362666666666,18.753504,,-0.717535056042784,-3.4281413224460655,-3.0129957393521867,0,44.29103112693656,47.69276195559707,,,,,-0.01992519012572619,-0.30786597756138434,-0.28794078743565815,-0.4893956121335813,44.29103112693656,,,,,,,,,-0.4250747103008586,44.47370019983889,-22.236850099919444,0
2024-05-23,21.39,21.5198,20.63,20.72,21.872000000000014,23.923883037601733,19.820116962398295,29.14695139712864,32.55720604055355,0,0,,,,18.966044444444442,19.155704888888888,18.776383999999997,,-2.6361543160566048,-5.267008046817912,-4.766282116100573,0,41.344816405199595,46.53880894290795,,,,,-0.05159922283857321,-0.35243981598387464,-0.3008405931453014,-0.4349639954890877,41.344816405199595,41.344816405199595,,41.344816405199595,,,,,,-1.8666772601055903,44.44558222296088,-22.22279111148044,0
2024-05-24,20.72,21.15,20.65,21.01,21.796500000000016,23.858550193374853,19.73444980662518,28.86073030327644,30.405949741572545,0,0,,,,18.98964444444444,19.179540888888884,18.799747999999997,,-1.4632773661007459,-3.6083774917992084,-3.1871592043621666,0,43.93317665754405,44.83592225532906,,,,,-0.04749714762071544,-0.36021202767119576,-0.3127148800504803,-0.13076211384608158,43.93317665754405,,,,,,,,,-2.2771059062066366,44.41751595901966,-22.20875797950983,0
2024-05-28,21.06,21.22,20.73,21.05,21.707500000000017,23.736833634471513,19.678166365528522,30.11265339387718,29.373445031427405,0,0,,,,19.015955555555554,19.20611511111111,18.825795999999997,,-1.3265832278629541,-3.0289070597720458,-2.8760381421101155,0,44.298294864765616,44.83101965682618,,,,,-0.03703249895885807,-0.35900550374905293,-0.32197300479019486,-0.15922507786702897,44.298294864765616,,,,,,,,,-2.532292443907187,44.38951146559446,-22.19475573279723,0
2024-05-29,20.77,20.99,20.64,20.94,21.656000000000013,23.708222210190225,19.6037777898098,33.01673487404337,30.66337285706565,0,0,,,,19.040844444444442,19.231252888888886,18.850436,,-1.6116149039139271,-3.306243073513171,-3.243692819517585,0,43.46011771793666,44.705134388240076,,,,,-0.03261673171732005,-0.3627439194368449,-0.3301271877195249,-0.14818886155879338,43.46011771793666,,,,,,,,,-2.25488789951053,44.3615508240513,-22.18077541202565,0
2024-05-30,21.28,21.96,21.02,21.73,21.636500000000016,23.678100107758,19.594899892242033,46.206062441719865,36.44515023654679,0,0,,,,19.064977777777777,19.255627555555556,18.874328,,2.0714923199774304,0.4321401335705133,0.3417066863687035,0,50.677982304069225,45.22939264163449,,,,,0.02528646958592623,-0.29851910073711707,-0.3238055703230433,-0.005626410217601454,50.677982304069225,,,,,50.677982304069225,,50.677982304069225,,-1.2033482108085423,44.33368788762902,-22.16684394381451,0
2024-05-31,21.79,22.2,21.31,21.68,21.593000000000014,23.5915104453061,19.59448955469393,55.88832992227141,45.037042412678204,0,0,,,,19.088044444444442,19.278924888888888,18.897163999999997,,1.8222806687957727,0.40290834992815494,0.026144594989485626,0,50.24082455115565,45.891265395722534,,,,,0.06001470625648808,-0.24878718750243323,-0.3088018937589213,-0.11483842787651741,50.24082455115565,,,,,,,,,-0.2988779499002008,44.30601609738317,-22.153008048691586,0
2024-06-03,21.7,21.79,21.005,21.32,21.492500000000014,23.32692497802386,19.658075021976167,55.00586649931734,52.36675295443619,0,0,,,,19.109066666666667,19.300157333333335,18.917976,,0.33885542168674565,-0.8026055600791615,-1.7632241813602012,0,47.09108430522881,46.177794012977685,,,,,0.05847655107823141,-0.23570620491113203,-0.29418275598936344,-0.2821695781228358,47.09108430522881,,,,,,,,,0.2292826043063617,44.27851969654959,-22.139259848274794,0
2024-06-04,21.05,22.26,21.04,22.1,21.337000000000014,22.09742356617729,20.576576433822737,62.026423456734264,57.64020662610765,0,0,,,,19.132888888888886,19.324217777777775,18.941559999999996,,3.775356874530411,3.5759478839573866,1.654375124576446,0,53.8430722825477,46.72924607788985,,,,,0.10690681358566867,-0.16054923900727758,-0.26745605259294625,0.010252572684200267,53.8430722825477,,,,,,,,,0.740577094540987,44.25122392759351,-22.125611963796754,0
2024-06-05,22.48,22.98,22.22,22.96,21.415000000000013,22.454201616626094,20.375798383373933,72.92525690583719,63.31918228729625,0,0,,,,19.162044444444444,19.35366488888889,18.970423999999998,,6.949878889509931,7.214569227177159,5.396844827322411,0,59.916780542018095,47.61524321867821,,,,,0.18897926871375298,-0.03123196670075501,-0.220211235414508,0.3961509138979386,59.916780542018095,,,,,,,,,2.5961841031952813,44.22476835192331,-22.112384175961655,0
2024-06-06,22.98,23.95,22.98,23.79,21.526500000000013,22.994195813170503,20.058804186829523,78.93023791562716,71.29397275939952,0,0,,,,19.19044444444444,19.382348888888885,18.99854,,9.479981592268704,10.514946693610128,8.840528876214314,0,64.7392833874176,48.85388488073797,,,,,0.2854903728082588,0.13665173059581548,-0.1488386422124433,0.621647196672614,64.7392833874176,,,,,64.7392833874176,,64.7392833874176,,6.233054344958535,44.20103292008046,-22.10051646004023,0
2024-06-07,23.24,23.57,23.06,23.31,21.635000000000012,23.28222190369051,19.987778096309516,76.67058090739418,76.17535857628616,0,0,,,,19.21368888888889,19.40582577777778,19.021552,,6.007549229160003,7.742084585162856,6.384920816028483,0,60.226491669450226,49.71729897079407,,,,,0.30174024088860035,0.22833665889830712,-0.07340358199029322,0.7742294713173954,60.226491669450226,,,,,,,,,7.832803444136844,44.17898011372574,-22.08949005686287,0
2024-06-10,22.75,23.16,22.66,23.13,21.761500000000012,23.459172229848186,20.06382777015184,74.41468990482483,76.67183624261537,0,0,,,,19.236266666666666,19.428629333333333,19.043903999999998,,4.184496193865117,6.28862900075815,5.465543970574838,0,58.577478861025604,50.52800692809665,,,,,0.2852896483179237,0.2832084784071114,-0.0020811699108122944,0.8658452485721202,58.577478861025604,,,,,,,,,7.84584198183984,44.156972079616146,-22.078486039808073,0
2024-06-11,23.06,23.95,22.89,23.85,21.90700000000001,23.787107443737757,20.026892556262265,79.76584550238738,76.95037210486878,0,0,,,,19.266133333333332,19.458794666666666,19.073472,,6.089586762154697,8.869311179075146,8.58018696127234,0,62.9476360628488,51.82771933843886,,,,,0.30599107238947965,0.3804076705760373,0.07441659818655763,0.9151952643334549,62.9476360628488,,,,,,,,,7.685426313728743,44.13481654130024,-22.06740827065012,0
2024-06-12,24.2,24.33,23.57,23.77,22.02350000000001,24.055998708486253,19.991001291513765,77.83185340746,77.33746293822405,0,0,,,,19.298755555555555,19.49174311111111,19.105768,,4.4192584782990485,7.930165505028675,7.921181669592592,0,62.162881512019965,53.10428008023054,,,,,0.2971419112771697,0.44584398728301977,0.14870207600585006,0.9421872955176928,62.162881512019965,,,,,,,,,8.189572757849154,44.11325851131516,-22.05662925565758,0
2024-06-13,23.85,24.14,23.15,23.27,22.103500000000007,24.199021653431085,20.00797834656893,74.30417404714537,77.30062431899758,0,0,,,,19.32964444444444,19.522940888888886,19.136347999999995,,1.5359106379265075,5.277444748569193,5.467510688764343,0,57.350538057897545,54.24754591256611,,,,,0.24275423818478475,0.452144873736831,0.20939063555204623,0.9131470935317675,57.350538057897545,57.350538057897545,,57.350538057897545,,,,,,8.220238024228744,44.09176422768551,-22.045882113842755,0
2024-06-14,23.15,23.72,22.84,23.57,22.19950000000001,24.37742079745744,20.021579202542583,74.00637079347193,75.38079941602575,0,0,,,,19.360844444444442,19.554452888888886,19.167236,,2.0037218158999393,6.173562467623084,6.66284524761287,0,59.38231745530039,55.35105596954871,,,,,0.21317584474692047,0.47586044148569684,0.26268459673877637,0.8936367353049655,59.38231745530039,,,,,,,,,7.61460287790734,44.06962142944549,-22.034810714722745,0
2024-06-17,23.47,25.06,23.45,25.02,22.36250000000001,24.850365551029217,19.874634448970806,81.69389971155134,76.66814818405621,0,0,,,,19.39902222222222,19.593012444444444,19.205032,,6.572389998722139,11.88373392956954,12.936715717251968,0,67.45292741435578,57.00495829451943,,,,,0.2736024179399745,0.6046876191637445,0.33108520122377,0.8972667786548014,67.45292741435578,,,,,,,,,9.301136665557012,44.049492807720966,-22.024746403860483,0
2024-06-18,25.15,26.025,24.83,25.82,22.572500000000012,25.452374129193483,19.69262587080654,85.30446302430921,80.33491117644415,0,0,,,,19.441999999999997,19.636419999999998,19.247579999999996,,8.264497463205988,14.386975301805238,16.4409302045909,0,70.88965591848873,58.9642110231303,,,,,0.3451696229783223,0.7625472299466729,0.4173776069683506,0.8921380431097155,70.88965591848873,,,,,70.88965591848873,,70.88965591848873,,12.878349258586363,44.03464169604501,-22.017320848022504,0
2024-06-20,26.44,26.57,25.155,25.56,22.78850000000001,25.87669866588894,19.700301334111078,82.89494372281099,83.29776881955718,0,1,,,,19.476444444444443,19.671208888888888,19.281679999999998,,6.018499315608272,12.161836013778826,14.5520548559136,0,68.36313270615699,60.22743605185085,,,,,0.3515344540419596,0.8567956745208001,0.5052612204788405,0.903210288973087,68.36313270615699,,,,,,,,,15.543986303406397,44.0246311497345,-22.01231557486725,0
2024-06-21,24.71,26.09,23.53,23.84,22.922000000000008,25.949028906369747,19.894971093630268,75.08595511935295,81.09512062215771,0,0,,,,19.494222222222216,19.68916444444444,19.299279999999992,,-1.1362693870780483,4.004886135590224,6.48086113716555,0,54.519957510020014,60.53308840605545,,,,,0.22272303801374493,0.7836650179960216,0.5609419799822767,0.8083670807286651,54.519957510020014,54.519957510020014,,54.519957510020014,,,,,,13.443280520593682,44.01072921674496,-22.00536460837248,0
2024-06-24,23.44,24.3874,23.3,24.16,23.094000000000012,25.98905371280011,20.198946287199913,71.45817840906211,76.47969241707534,0,0,,,,19.51275555555555,19.707883111111105,19.317627999999996,,-0.16116368444977214,4.615917554343074,7.427114674887725,0,56.29320335775986,61.19038262409338,,,,,0.14561867971857623,0.742965329630497,0.5973466499119208,0.7081755953428547,56.29320335775986,,,,,,,,,10.667338091913292,43.99247669832399,-21.996238349161995,0
2024-06-25,24.16,24.63,23.9201,24.56,23.27150000000001,26.06730596608522,20.4756940339148,69.71723306124129,72.08712219655212,0,0,,,,19.537599999999998,19.732975999999997,19.342223999999998,,0.8955714403089177,5.536815418000507,8.568481544242236,0,58.47279668833641,61.52107722450686,,,,,0.10973876002775773,0.7345200999466179,0.6247813399188602,0.6261384664543078,58.47279668833641,,,,,,,,,8.955770543069155,43.971993647329825,-21.985996823664912,0
2024-06-26,24.47,24.66,24.025,24.1,23.424000000000014,26.045788702393235,20.802211297606792,62.94600859653265,68.04047335561201,0,0,,,,19.561555555555554,19.75717111111111,19.36594,,-1.0957442442647847,2.885928961748574,6.0412724952699115,0,55.0715633896792,61.174990285054086,,,,,0.046445096767841365,0.6828377108786619,0.6363926141108205,0.4972245787754967,55.0715633896792,,,,,,,,,9.168572996482908,43.95179611956154,-21.97589805978077,0
2024-06-27,24.1,25.4,24.05,25.22,23.638000000000012,26.10815465102838,21.167845348971646,66.58638968304226,66.41654378027205,0,0,,,,19.592755555555552,19.78868311111111,19.396827999999996,,2.8883812010443766,6.692613588289986,10.357502297291354,0,61.0172249221795,60.909128966108504,,,,,0.07001303960868288,0.7239089136216741,0.6538958740129912,0.5699167037764913,61.0172249221795,,,,,,,,,10.598449828006475,43.93350285055058,-21.96675142527529,0
2024-06-28,25.28,25.57,25.03,25.33,23.81800000000001,26.2297512309519,21.406248769048116,68.71646969105947,66.08295599021146,0,0,,,,19.625377777777775,19.821631555555552,19.429123999999998,,2.4759284731774356,6.348140062137841,10.25027203482043,0,61.555338882233904,61.00404662416448,,,,,0.0821732695213434,0.7566124609146705,0.6744391913933271,0.5736046511349436,61.555338882233904,,,,,,,,,11.575455189999166,43.91663904970905,-21.958319524854524,0
2024-07-01,25.48,26.02,25.1421,25.88,24.02800000000001,26.389419911832174,21.666580088167844,72.4950958448728,69.2659850729915,0,0,,,,19.664666666666662,19.861313333333328,19.468019999999996,,3.7316124894785307,7.707674379890084,11.957086001038197,0,64.21517621545394,61.40673929233794,,,,,0.11443838920548499,0.8174871779001833,0.7030487886946983,0.5783873578499252,64.21517621545394,,,,,64.21517621545394,,64.21517621545394,,14.03655125399255,43.903810184463,-21.9519050922315,0
2024-07-02,25.84,26.43,25.75,25.83,24.25350000000001,26.38790647487722,22.1190935251228,71.96599128175149,71.05918560589457,0,0,,,,19.711688888888887,19.908805777777776,19.514571999999998,,3.196164602477025,6.500092770115606,11.088810837932739,0,63.78314318072884,61.46641837218651,,,,,0.11906204688442268,0.8518763473002267,0.732814300415804,0.6133768159946672,63.78314318072884,,,,,,,,,14.731900204025678,43.89223131077105,-21.946115655385526,0
2024-07-03,25.96,26.27,25.76,25.85,24.441000000000013,26.440328887401176,22.44167111259885,73.19199460468506,72.55102724376977,0,0,,,,19.75808888888889,19.95566977777778,19.560508,,3.263691926656831,5.764903236365071,10.504716577844885,0,63.887802491118045,61.58962701355066,,,,,0.110314061885455,0.8707068777726228,0.7603928158871678,0.6176922659724874,63.887802491118045,,,,,,,,,15.284474007433436,43.88167520959673,-21.940837604798364,0
2024-07-05,26,27.25,25.975,27.23,24.65450000000001,26.87531494051127,22.43368505948875,83.91775065628632,76.35857884757428,0,0,,,,19.810622222222218,20.00872844444444,19.612515999999996,,8.055555555555571,10.44636881705161,15.4188507566017,0,70.2715191632819,62.51255423536382,,,,,0.18018416886749633,0.9856230269715383,0.8054388581040419,0.6332865576971394,70.2715191632819,,,,,,,,,17.005415849753803,43.874535841354025,-21.937267920677012,0
2024-07-08,27.93,27.986,26.84,27.7,24.850000000000012,27.396503485172737,22.303496514827287,87.26279217037866,81.45751247711667,0,0,,,,19.863866666666667,20.062505333333334,19.665228,,8.262330962245002,11.468812877263534,16.337673246535033,0,72.08166143726373,63.41965023407549,,,,,0.23718311611237775,1.1019177532445141,0.8647346371321364,0.6542610598790264,72.08166143726373,,,,,,,,,19.42912539129917,43.87274607367399,-21.936373036836994,0
2024-07-09,27.93,28.38,27.23,27.39,25.05400000000001,27.724995320100383,22.383004679899635,83.65471635752077,84.94508639472856,0,1,,,,19.917288888888887,20.116461777777776,19.718116,,5.716160407580384,9.32386046140332,13.97145512295932,0,69.09335721228359,63.53682379107033,,,,,0.23280832471232982,1.1557450430225487,0.9229367183102188,0.741417825357313,69.09335721228359,,,,,,,,,21.280840087989713,43.87543955726297,-21.937719778631486,0
2024-07-10,27.5,28.47,27.37,28.42,25.31850000000001,28.21332486516845,22.423675134831573,88.84293973138502,86.58681608642814,0,0,,,,19.974933333333333,20.174682666666666,19.775184,,8.081384293591976,12.249935817682678,17.054284851313838,0,73.08582408648535,63.69369294592723,,,,,0.2751800489821019,1.2669117795378462,0.9917317305557443,0.8859148542505931,73.08582408648535,,,,,73.08582408648535,,73.08582408648535,,22.58870477329128,43.88148165813393,-21.940740829066964,0
2024-07-11,28.49,28.59,26.9,27.64,25.50800000000001,28.488426815071506,22.527573184928514,84.72849642904924,85.74205083931834,0,1,,,,20.034888888888887,20.235237777777776,19.834539999999997,,3.7187136477916827,8.358162145209302,12.820931466590446,0,66.12011764682416,63.53347758454631,,,,,0.22849322533623506,1.2773482622260381,1.048855036889803,0.9642638176266005,66.12011764682416,,,,,,,,,22.071981581736974,43.88605587174534,-21.94302793587267,0
2024-07-12,27.32,28.13,27.28,28.07,25.723000000000013,28.790031789857498,22.65596821014253,84.82536077068131,86.13226564370518,0,0,,,,20.095644444444442,20.296600888888886,19.894688,,4.217717383233088,9.124130155891553,13.475272874275657,0,67.93449904628142,64.4916591228507,,,,,0.20513222058887215,1.3052703126258933,1.1001380920370212,0.9599002668630976,67.93449904628142,,,,,,,,,22.695290909848634,43.89219846183671,-21.946099230918357,0
2024-07-15,28.42,29.3,27.9,28.67,25.993000000000013,29.099220211124265,22.88677978887576,87.61368374154489,85.72251364709182,0,0,,,,20.15862222222222,20.360208444444442,19.957036,,5.141557870030833,10.298926634093753,14.826978532521595,0,70.32273913328027,65.49376882110217,,,,,0.2079974747262694,1.360134935444858,1.1521374607185886,0.9601773641894892,70.32273913328027,,,,,,,,,22.68477233685371,43.89821775048882,-21.94910887524441,0
2024-07-16,28.18,28.84,27.47,28.67,26.24800000000001,29.35405602009956,23.141943979900464,85.98272151077879,86.14058867433499,0,1,,,,20.22084444444444,20.423052888888886,20.018635999999997,,4.076668965767616,9.227369704358379,13.765326772747088,0,70.32273913328027,66.34019328145529,,,,,0.18838597188001516,1.3876199255686075,1.1992339536885923,0.9568201872727989,70.32273913328027,,,,,,,,,23.80798634807412,43.90721755762718,-21.95360877881359,0
2024-07-17,28,28.87,27.6,28.22,26.40800000000001,29.57365064402203,23.242349355977986,81.39923890279707,84.99854805170692,0,0,,,,20.278266666666664,20.48104933333333,20.075483999999996,,1.561937666450719,6.861557103907878,10.966930124650997,0,66.04410969650749,67.12394658908588,,,,,0.1265672221347942,1.3574429813570852,1.230875759222291,0.9331951583028576,66.04410969650749,66.04410969650749,,66.04410969650749,,,,,,23.647305199197373,43.91566067894396,-21.95783033947198,0
2024-07-18,28.42,29.83,28.15,28.64,26.549000000000014,29.845822106210168,23.25217789378986,82.26260307148097,83.21485449501894,0,0,,,,20.34271111111111,20.546138222222222,20.139284,,2.0488152503117973,7.876002862631304,11.661273343990008,0,68.00100119456067,67.62278775139882,,,,,0.0967673239560487,1.3518349141673518,1.255067590211303,0.9164874824846168,68.00100119456067,,,,,,,,,23.198880605716525,43.92276761793071,-21.961383808965355,0
2024-07-19,28.31,29.6,28.27,28.58,26.70000000000001,30.077454662907705,23.322545337092315,75.81439380810995,79.82541192746265,0,0,,,,20.405155555555556,20.60920711111111,20.201104,,1.3475177304964614,7.041198501872614,10.619411939258638,0,67.40338824966324,68.04050556335805,,,,,0.05774535059766861,1.327249278458389,1.2695039278607203,0.8877629971577304,67.40338824966324,,,,,,,,,22.679084746470867,43.9283809539772,-21.9641904769886,0
2024-07-22,28.93,28.97,27.69,28.46,26.93100000000001,30.12119685912908,23.740803140870945,71.47157347373538,76.51619011777542,0,0,,,,20.466577777777776,20.671243555555552,20.261912,,0.6507285330315415,5.677472058222821,9.495229301323448,0,66.15123545311877,68.17879550890555,,,,,0.011028082338422784,1.2832890307837488,1.272260948445326,0.8396226817501663,66.15123545311877,,,,,,,,,22.636065377391606,43.9337890197835,-21.96689450989175,0
2024-07-23,28.34,29.19,28.31,28.81,27.16350000000001,30.185348937322516,24.141651062677504,73.16001960947605,73.48199563044045,0,0,,,,20.52617777777778,20.731439555555557,20.320916,,1.3794074178337778,6.06144274485978,10.065456027303021,0,68.01744430886302,68.48124558948656,,,,,-0.008094284519370998,1.2621430927961121,1.2702373773154831,0.8096130646765254,68.01744430886302,,,,,,,,,22.480406553850333,43.93869784334383,-21.969348921671916,0
2024-07-24,28.44,28.685,26.58,26.6,27.265500000000014,30.057957519819475,24.473042480180553,56.679957281827754,67.10385012167973,0,0,,,,20.57182222222222,20.777540444444444,20.366103999999996,,-5.794021816121264,-2.440813482239501,1.1753071393252101,0,49.4704916549054,67.45143767261422,,,,,-0.1722730465734128,1.0548960690987172,1.22716911567213,0.27833639166815166,49.4704916549054,49.4704916549054,,49.4704916549054,,,,,,19.306049171988395,43.93577671988025,-21.967888359940126,0
2024-07-25,26.04,27.288,25.42,26.63,27.392000000000014,29.802498703587386,24.98150129641264,44.29713989382032,58.045705595041376,0,0,,,,20.623599999999996,20.829835999999997,20.417363999999996,,-5.3492091700728555,-2.7818341121495838,0.9336584503038203,0,49.67111580967106,65.97998029021345,,,,,-0.27541961285571714,0.8828945996024835,1.1583142124582007,-0.14056601745418726,49.67111580967106,,,,,,,,,16.361332141660736,43.92662246468839,-21.963311232344196,0
2024-07-26,27,27.34,26.77,27.18,27.490000000000016,29.68944538463574,25.290554615364293,43.47101898419191,48.14937205328,0,0,,,,20.676933333333334,20.883702666666668,20.470164,,-3.0877843542751138,-1.1276827937432343,2.576359885271451,0,53.32963598172024,64.64054990053178,,,,,-0.3010923455777341,0.781948780486033,1.0830411260637671,-0.3274163130293207,53.32963598172024,,,,,,,,,13.762802007657983,43.91278673659091,-21.956393368295455,0
2024-07-29,27.56,27.8,26.73,27.08,27.577500000000015,29.554223298794255,25.600776701205774,39.59712381261992,42.45509423021072,0,0,,,,20.72968888888889,20.93698577777778,20.522392,,-2.8938214938860507,-1.8040068896746142,1.711466953789098,0,52.58122382061903,63.46111180112716,,,,,-0.31765540439146056,0.6859718705744413,1.0036272749659019,-0.561623507037109,52.58122382061903,,,,,,,,,14.18419286451479,43.89965414677357,-21.949827073386786,0
2024-07-30,27.25,27.44,25.89,26.37,27.60200000000001,29.50472015808862,25.6992798419114,33.512224750888485,38.86012251590011,0,0,,,,20.77888888888889,20.98667777777778,20.5711,,-4.653433127237228,-4.463444677921924,-1.3012613376916948,0,47.48581383132807,61.6325396400445,,,,,-0.36584520717809244,0.5463207659932863,0.9121659731713787,-0.648589246259025,47.48581383132807,,,,,,,,,13.588294173513928,43.88552941782426,-21.94276470891213,0
2024-07-31,27.02,27.39,26.88,26.89,27.655000000000012,29.410704986607172,25.89929501339285,37.35125929895855,36.82020262082233,0,0,,,,20.8308,21.039108,20.622492,,-2.303444266821686,-2.7662267221117753,0.4107542942493936,0,51.21460409679513,60.56786010075671,,,,,-0.3520022895573808,0.4721631112246527,0.8241654007820335,-0.7744580420280426,51.21460409679513,,,,,,,,,12.962925354443746,43.87041154066283,-21.935205770331414,0
2024-08-01,27.02,27.535,25.83,26.08,27.666500000000013,29.377198979948425,25.955801020051602,31.005932367358938,33.956472139068666,0,0,,,,20.879466666666666,21.08826133333333,20.670672,,-4.356755170896298,-5.734371893806644,-2.645397307319064,0,45.76358488333262,58.98422337483179,,,,,-0.38407934163171076,0.34406622374239504,0.7281455653741058,-0.858041506455202,45.76358488333262,,,,,,,,,11.321721798145873,43.852898396593545,-21.926449198296773,0
2024-08-02,24.75,24.87,23.75,24.74,27.542000000000012,29.67255485730746,25.411445142692564,23.13263610205038,30.49660925612263,0,0,,,,20.919244444444445,21.12843688888889,20.710052,,-7.975003719684571,-10.173553118873036,-7.553186189029004,0,38.46901877146845,56.70895763470237,,,,,-0.4762045763312155,0.13288984496008638,0.6090944212913019,-0.8757435997391038,38.46901877146845,,,,,,,,,8.80358546652118,43.83229321943897,-21.916146609719483,0
2024-08-05,21.74,24.42,21.23,24.09,27.361500000000014,29.966727629209448,24.75627237079058,21.335842341462726,25.15813693695736,0,0,,,,20.95702222222222,21.166592444444444,20.747452,,-8.912163950542585,-11.956581327778126,-10.010086042660271,0,35.51203947591637,54.22247908774781,,,,,-0.556017936950956,-0.08592799989739319,0.47008993705356283,-0.8910651760064964,35.51203947591637,35.51203947591637,,35.51203947591637,,,,,,4.642073166798328,43.80809864294686,-21.90404932147343,0
2024-08-06,27.05,27.42,25.57,26.59,27.321500000000015,29.948226289508685,24.694773710491344,31.07853824805558,25.18233889718957,0,0,,,,21.00586666666667,21.215925333333338,20.795808,,1.391801715919927,-2.677378621232418,-0.9708014698580181,0,51.08552726372025,53.15400891397729,,,,,-0.42163758679431096,-0.056957046439325865,0.3646805403549851,-0.835516545083238,51.08552726372025,,,,,,,,,4.870469532817698,43.78409316753272,-21.89204658376636,0
2024-08-07,27.07,28.36,26.24,26.32,27.216500000000014,29.827026958297132,24.605973041702896,34.30206545950098,28.90548201633976,0,0,,,,21.05248888888889,21.263013777777783,20.841964,,0.4695194106195455,-3.2939577094777572,-2.190070359726526,0,49.689855109973294,51.84606990793533,,,,,-0.33586313977909266,-0.0551483843688807,0.28071475541021196,-0.7623756705109288,49.689855109973294,,,,,,,,,6.42644425250771,43.76129322767103,-21.880646613835516,0
2024-08-08,27.04,29.375,26.69,29.28,27.29850000000001,30.05597910236808,24.54102089763194,50.912360690826986,38.764321466127846,0,0,,,,21.114488888888893,21.32563377777778,20.903344000000004,,10.649232862217527,7.258640584647469,8.116091869138131,0,61.95976460710359,51.457239647752495,,,,,-0.07815381528345117,0.183022486305898,0.2611763015893492,-0.3215496700902385,61.95976460710359,,,,,,,,,12.86905822130713,43.74613946412017,-21.873069732060085,0
2024-08-09,29.28,30.36,29.1,30.01,27.39550000000001,30.38171147944969,24.409288520550326,66.21142469482015,50.47528361504937,0,0,,,,21.179155555555557,21.390947111111114,20.967364,,12.207889325107523,9.543538172327537,10.162129091465232,0,64.27389233675467,51.323143710869374,,,,,0.1316761488908289,0.4257714877028853,0.2940953388120564,0.10073029616955403,64.27389233675467,,,,,64.27389233675467,64.27389233675467,64.27389233675467,,17.022089871388484,43.73826629147639,-21.869133145738196,0
2024-08-12,30.22,31.2,29.27,29.38,27.43100000000001,30.492894184977068,24.369105815022955,67.29837233280323,61.47405257281679,0,0,,,,21.242400000000004,21.454824000000002,21.029976000000005,,8.915662650602417,7.105100069264658,7.317667113113302,0,60.83438960841921,50.810068375123386,,,,,0.21340448477274077,0.5608509447779824,0.3474464600052416,0.4343233299403835,60.83438960841921,,,,,,,,,20.84868581066674,43.73870499972014,-21.86935249986007,0
2024-08-13,29.7887,30.8498,29.56,30.39,27.517000000000014,30.80177152934504,24.232228470654988,73.88610606352971,69.13196769705102,0,0,,,,21.311955555555556,21.52507511111111,21.098836000000002,,11.00558863279395,10.440818403168905,10.400697497002898,0,64.14687226726937,51.85838127600652,,,,,0.3147314440382267,0.740860765053025,0.4261293210147983,0.5735432598370791,64.14687226726937,,,,,,,,,22.07723597130855,43.742085538299726,-21.871042769149863,0
2024-08-14,30.62,31.37,30.33,31,27.656000000000013,31.267074078442082,24.044925921557944,78.46902795130559,73.21783544921284,0,0,,,,21.387511111111113,21.601386222222224,21.173636000000002,,11.558946307758733,12.091408735898135,11.916050927820109,0,66.0163156624234,53.02589555120312,,,,,0.396786311960895,0.922112210965917,0.525325899005022,0.6828966088202285,66.0163156624234,,,,,,,,,23.155088017487063,43.74815266175124,-21.87407633087562,0
2024-08-15,31.31,31.495,30.83,31.22,27.785000000000014,31.699084822790127,23.870915177209902,81.30850974597989,77.88788125360507,0,0,,,,21.46346666666667,21.678101333333334,21.248832000000004,,10.310225425764962,12.362785675724242,11.986608477312078,0,66.69088393114674,53.98027040473359,,,,,0.4366671094711222,1.0711597858439248,0.6344926763728026,0.7888579521126766,66.69088393114674,,,,,,,,,25.41406453470809,43.76031247377105,-21.880156236885526,0
2024-08-16,31.04,32.75,30.98,32.08,27.960000000000015,32.29134621105225,23.628653788947783,84.58360399247407,81.45371389658652,0,0,,,,21.542844444444444,21.75827288888889,21.327416,,10.483537677366051,14.735336194563597,14.4079885877318,0,69.25965083566864,55.17158662009427,,,,,0.4878714515611182,1.2443319908242003,0.7564605392630821,0.8710825913765957,69.25965083566864,,,,,,,,,27.41584301764517,43.77827298447862,-21.88913649223931,0
2024-08-19,32.42,32.59,31.814,32.5,28.162000000000013,32.923267058252186,23.40073294174784,86.88592850989338,84.25934741611577,0,0,,,,21.625244444444444,21.841496888888887,21.408992,,8.779328580513447,15.403735530146957,15.248226950354615,0,70.45787704064495,56.81244827790262,,,,,0.514297225992552,1.399332071753772,0.88503484576122,0.9102472769014169,70.45787704064495,,,,,70.45787704064495,,70.45787704064495,,29.137556120217265,43.80150370256177,-21.900751851280884,0
2024-08-20,32.5,32.72,31.63,32.32,28.337500000000013,33.428695832021916,23.246304167978106,85.40721779416201,85.62558343217648,0,1,,,,21.702888888888893,21.919917777777783,21.485860000000002,,6.141215106732356,14.05381561535064,13.945917995604828,0,69.21272083475502,58.098028044899756,,,,,0.4843442057937397,1.4904651030033946,1.006120897209655,0.9442891874931999,69.21272083475502,,,,,,,,,30.259135960462654,43.828245245682815,-21.914122622841408,0
2024-08-21,32.32,32.67,31.97,32.54,28.63450000000001,33.9726512717417,23.296348728258323,86.46891417841059,86.254020160822,0,0,,,,21.777422222222228,21.99519644444445,21.559648000000006,,4.72451081359424,13.63914159492916,14.168762060698214,0,69.91258541324936,59.82295665417952,,,,,0.4450473832825852,1.5624301263128864,1.1173827430303012,0.9468959868962803,69.91258541324936,,,,,,,,,30.513727616244324,43.855639244125925,-21.927819622062962,0
2024-08-22,32.55,33.125,31.85,31.92,28.89900000000001,34.33695145252304,23.461048547476985,82.63692832601073,84.83768676619445,0,1,,,,21.84817777777778,22.06665955555556,21.629696000000003,,1.8636711769211445,10.45364891518734,11.435653357848574,0,65.40049851940843,61.74663377903238,,,,,0.34733286025537513,1.55154881834952,1.204215958094145,0.9107915688173658,65.40049851940843,,,,,,,,,29.385372992964367,43.8791047816413,-21.93955239082065,0
2024-08-23,31.99,32.55,31.622,31.78,29.12900000000001,34.64522660883312,23.612773391166897,79.57797559888469,82.89460603443534,0,0,,,,21.918844444444453,22.138032888888898,21.699656000000008,,0.8472693808904364,9.100896014281279,10.469966629588455,0,64.38994074674324,63.80934101266286,,,,,0.24796644783205357,1.514174017884212,1.2662075700521584,0.8806330716534462,64.38994074674324,,,,,,,,,28.34467050143924,43.89908400465746,-21.94954200232873,0
2024-08-26,31.43,31.74,30.79,30.85,29.317500000000006,34.79831335204901,23.836686647951005,70.23792089094665,77.48427493861402,0,0,,,,21.98973333333334,22.209630666666673,21.76983600000001,,-2.558433354390388,5.2272533469770455,6.96701416980654,0,57.980745800155134,64.30185662240821,,,,,0.10179249456308637,1.3934481882560164,1.29165569369293,0.7619252744507127,57.980745800155134,,,,,,,,,25.81809237536081,43.91138035756358,-21.95569017878179,0
2024-08-27,30.55,31.12,30.38,30.84,29.541000000000007,34.88567548126154,24.196324518738475,63.364394775932595,71.06009708858798,0,0,,,,22.056888888888892,22.27745777777778,21.836320000000004,,-2.7282762971140073,4.39727835889101,6.664822052363983,0,57.91399281392456,64.88929502983329,,,,,-0.007576593297172529,1.2821849520714643,1.2897615453686369,0.6128514056578506,57.91399281392456,,,,,,,,,24.169596897649882,43.91902676114952,-21.95951338057476,0
2024-08-28,30.62,30.8,29.75,30.36,29.714500000000008,34.92734365773597,24.50165634226405,56.31614523340349,63.306153633427584,0,0,,,,22.12155555555556,22.342771111111116,21.900340000000003,,-4.048544609841653,2.172340103316528,4.746242222810038,0,54.66094845510099,64.36795101897597,,,,,-0.1181208296440921,1.1421105083135217,1.2602313379576138,0.3242102836181635,54.66094845510099,54.66094845510099,,54.66094845510099,,,,,,22.1065373594859,43.92132787840096,-21.96066393920048,0
2024-08-29,30.65,31.82,30.484,31,29.960500000000007,34.92238059106606,24.998619408933955,55.07993418914578,58.25349139949395,0,0,,,,22.185511111111115,22.407366222222226,21.963656000000004,,-1.957683671210353,3.4695682648820725,6.664831572790164,0,58.04483166405296,63.923018113782994,,,,,-0.15186171002111792,1.0704042004312164,1.2222659104523343,0.13526538140904387,58.04483166405296,,,,,,,,,22.138005850587593,43.92363498803964,-21.96181749401982,0
2024-08-30,31.05,31.5,30.7,31.48,30.297500000000007,34.676659165867164,25.91834083413285,56.96327049045392,56.1197833043344,0,0,,,,22.24715555555556,22.469627111111112,22.024684000000004,,-0.25032478849138506,3.9029622906180172,7.957338332628394,0,60.43018594379115,63.89414642345242,,,,,-0.14555968475617242,1.0403163045071189,1.1858759892632913,-0.1565594781785927,60.43018594379115,,,,,,,,,22.785982173900035,43.927466215587145,-21.963733107793573,0
2024-09-03,31.35,31.5892,30.165,30.51,30.618500000000004,33.94525382317349,27.29174617682652,50.97496831733564,54.339390998978445,0,0,,,,22.30364444444445,22.526680888888897,22.080608000000005,,-2.7104591836734526,-0.3543609255842184,4.386205008895594,0,53.77632496611659,63.15339304479865,,,,,-0.20669375714318527,0.9275087928343098,1.134202549977495,-0.5101369056257653,53.77632496611659,,,,,,,,,22.77682135458382,43.93119712734693,-21.965598563673463,0
2024-09-04,30,30.85,29.31,30.59,30.818500000000007,33.58647597532891,28.05052402467111,41.66745694201718,49.86856524993558,0,0,,,,22.35995555555556,22.583555111111114,22.136356000000003,,-1.9142591464392011,-0.7414377727663846,4.447884182012718,0,54.223997645502905,62.31108461501861,,,,,-0.2394110760994126,0.8349387048532293,1.0743497809526419,-0.710395532181533,54.223997645502905,,,,,,,,,22.022445181870513,43.93300878973,-21.966504394865,0
2024-09-05,30.24,30.74,30.01,30.16,31.0105,32.89561511584853,29.125384884151472,37.059638809659646,43.23402135633748,0,0,,,,22.41426666666667,22.638409333333335,22.190124000000004,,-2.549355391127317,-2.7426194353525446,2.564102564102577,0,51.345526482116654,61.2149876543736,,,,,-0.2846035708834258,0.7185953173483597,1.0031988882317855,-0.8655184976231604,51.345526482116654,51.345526482116654,,51.345526482116654,,,,,,20.160417852336078,43.93047265996077,-21.965236329980385,0
2024-09-06,30.6,31.04,29.5,30.33,31.063000000000006,32.80550509324903,29.320494906750984,35.72134664368131,38.14948079845271,0,0,,,,22.471911111111115,22.696630222222225,22.247192000000005,,-1.4939915556998806,-2.3597205678782096,2.7114281844042187,0,52.420881560975516,60.012218420466944,,,,,-0.2963069315403226,0.6328152238063822,0.9291221553467048,-0.877389472309439,52.420881560975516,,,,,,,,,19.83842775874797,43.92718763636339,-21.963593818181696,0
2024-09-09,32.7,34.7,32.47,34.6,31.2925,33.552136032638884,29.032863967361116,61.51586160496667,44.765615686102535,0,0,,,,22.54853333333334,22.774018666666674,22.323048000000004,,11.354273944387261,10.569625309578967,16.198365610657127,0,70.22305143468677,59.99544516289851,,,,,-0.024078677128029136,0.8990238089366684,0.9231024860646976,-0.1375071919230789,70.22305143468677,,,,,,,,,24.709824790434528,43.93561319268228,-21.96780659634114,0
2024-09-10,34.81,35.2,33.71,34.76,31.561500000000002,34.10898719329456,29.01401280670545,68.48100146530156,55.23940323798317,0,0,,,,22.623733333333337,22.84997066666667,22.397496000000004,,10.478975304325733,10.134182469147524,15.740637971986061,0,70.66595110038233,60.099247324729035,,,,,0.14960603989320753,1.110110035931207,0.9605039960379995,0.24744248108862368,70.66595110038233,,,,,,,,,30.079849574245724,43.95974895425739,-21.979874477128696,0
2024-09-11,34.01,34.87,33.62,34.85,31.7845,34.6444194044587,28.924580595541304,73.84700146473557,67.94795484500126,0,0,,,,22.70217777777778,22.92919955555556,22.475156000000002,,9.371077077579738,9.644638109770476,14.958326919270792,0,70.92789533577431,60.17176946205225,,,,,0.247612518022311,1.2700196435658881,1.0224071255435772,0.5231772951154523,70.92789533577431,,,,,,,,,35.16462569401466,44.00140878098515,-22.000704390492576,0
2024-09-12,34.86,35.4,34.5308,34.91,31.980000000000008,35.11957321940401,28.840426780596005,79.32762766384073,73.88521019795927,0,0,,,,22.781511111111115,23.009326222222228,22.553696000000002,,8.016955970172335,9.161976235146941,14.149627239830842,0,71.11309121886961,60.57981179772805,,,,,0.2905687916834292,1.3856181151478637,1.0950493234644345,0.6817358480763407,71.11309121886961,,,,,,,,,34.9315563738604,44.04191107380909,-22.020955536904545,0
2024-09-13,34.97,36.01,34.89,35.59,32.19850000000001,35.68516760675548,28.711832393244542,82.93183122230178,78.70215345029267,0,0,,,,22.86808888888889,23.09676977777778,22.639408000000003,,8.578924888644824,10.533099367982967,15.179236021963561,0,73.19700846796384,61.20888806352952,,,,,0.33567351135119083,1.514641212653423,1.1789677013022322,0.8015275807938665,73.19700846796384,,,,,,,,,35.45632656890283,44.08408748899479,-22.042043744497395,0
2024-09-16,35.78,36.92,35.56,36.31,32.410000000000004,36.3286732448622,28.491326755137802,85.72935467970179,82.66293785528141,0,0,,,,22.957466666666672,23.18704133333334,22.727892000000004,,9.166892155978479,12.033323048441824,16.06077395158543,0,75.23423539236903,62.44128017725909,,,,,0.38154801013717354,1.655902713973699,1.2743547038365255,0.8557075951875595,75.23423539236903,,,,,,,,,36.71492700966305,44.13076396167107,-22.065381980835536,0
2024-09-17,37,37.05,35.87,36.45,32.6075,36.9043214996668,28.3106785003332,87.50636602001562,85.38918397400637,0,0,,,,23.045511111111114,23.275966222222227,22.815056000000002,,7.665042091271612,11.78409875028752,14.993900643587278,0,75.62223408584381,63.70615455382475,,,,,0.38761630442240014,1.7588750843645258,1.3712587799421256,0.8917224857932076,75.62223408584381,,,,,,,,,38.00773408904964,44.18219575883066,-22.09109787941533,0
2024-09-18,35.9,37.11,35.8712,36.38,32.810500000000005,37.40698332967704,28.214016670322973,86.44780646933191,86.56117572301643,0,1,,,,23.137911111111116,23.369290222222226,22.906532000000006,,5.651391066968703,10.879139299919217,13.603480759021958,0,74.98962649241383,65.15820298506138,,,,,0.3541315655208723,1.813923236843216,1.4597916713223438,0.8977398007324023,74.98962649241383,,,,,,,,,38.27438480892653,44.23433907493263,-22.117169537466314,0
2024-09-19,37,37.35,36.2,36.83,33.025,37.94030873903152,28.109691260968475,88.07100166399499,87.34172471778083,0,0,,,,23.233644444444447,23.465980888888893,23.001308,,4.92578559015413,11.521574564723691,13.764131710631977,0,76.35878535030452,66.46634253407935,,,,,0.32998912474550846,1.8722780772542293,1.542288952508721,0.9087860714529038,76.35878535030452,,,,,,,,,38.261374156594506,44.28607244221287,-22.143036221106435,0
2024-09-20,36.01,37.29,35.71,37.2,33.289,38.49701267279564,28.080987327204365,88.69716869253102,87.73865894195262,0,0,,,,23.332000000000004,23.565320000000003,23.098680000000005,,3.945456577623796,11.748625672143964,13.977572155156558,0,77.45178428231436,67.682170986831,,,,,0.3071103170135294,1.9261768487756328,1.6190665317621034,0.9205482454899875,77.45178428231436,,,,,,,,,37.43889865117274,44.334213359319634,-22.167106679659817,0
2024-09-23,36.86,38.19,36.57,37.95,33.597500000000004,39.13214316826297,28.062856831737037,90.17835302533558,88.98217446062051,0,0,,,,23.43537777777778,23.669731555555558,23.201024000000004,,5.0577194585167184,12.954832948880114,15.340195323580662,0,79.51882504679031,69.52092099259342,,,,,0.30977362061545755,2.0062835575314253,1.6965099369159677,0.914369940927827,79.51882504679031,,,,,79.51882504679031,,79.51882504679031,,37.605428320390814,44.38267211318612,-22.19133605659306,0
2024-09-24,37.97,37.98,36.43,36.9,33.9,39.462175833250924,28.337824166749076,86.64667698724965,88.50739956837208,0,1,,,,23.533600000000007,23.768936000000007,23.298264000000007,,1.5493849244571534,8.849557522123884,11.301025537904664,0,69.86285501813514,70.6379822334957,,,,,0.21272877837890158,1.9624209098895946,1.749692131510693,0.872707307120195,69.86285501813514,69.86285501813514,,69.86285501813514,,,,,,35.926864576586844,44.42442213247101,-22.212211066235504,0
2024-09-25,36.89,37.18,36.3827,37.12,34.214000000000006,39.758761131013564,28.669238868986447,85.07074803073668,87.29859268110728,0,0,,,,23.632266666666673,23.86858933333334,23.395944000000007,,1.5206213762170462,8.493599111474804,11.21208792306232,0,70.66657865414342,72.01805738864049,,,,,0.1388396341194995,1.9232416741600673,1.7844020400405678,0.8375442271801162,70.66657865414342,,,,,,,,,35.23281297157515,44.4633407694382,-22.2316703847191,0
2024-09-26,37.26,37.44,36.6,37.1,34.551,39.934793829633485,29.167206170366523,79.22838234496439,83.64860245431687,0,0,,,,23.71728888888889,23.95446177777778,23.480116000000002,,0.8618111627654024,7.377499927643183,10.479139989875218,0,70.48255304752479,73.30817678053687,,,,,0.0677047408631044,1.8690329661194482,1.8013282252563438,0.9158920228884341,70.48255304752479,,,,,,,,,33.70026297970289,44.49656444233842,-22.24828222116921,0
2024-09-27,36.91,37.47,36.59,36.84,34.843,40.05550074340515,29.630499256594856,70.30850164493226,78.20254400687774,0,0,,,,23.797066666666673,24.03503733333334,23.559096000000007,,-0.18424189877532804,5.731423815400505,9.096293371501885,0,68.00329250443005,73.14962257123281,,,,,-0.013445384689915407,1.7845214943939496,1.797966879083865,0.8552574996436928,68.00329250443005,,,,,,,,,33.16118179282279,44.52770859333796,-22.26385429666898,0
2024-09-30,36.58,37.32,36.15,37.2,35.129,40.19773909369975,30.060260906300247,65.96614504245818,71.8343430107849,0,0,,,,23.880000000000003,24.118800000000004,23.6412,,0.5486931372814086,5.895414045375635,9.608415097675248,0,69.59791451328131,73.07333424358274,,,,,-0.05702124382506146,1.7266903243025382,1.7837115681275997,0.8089092420727069,69.59791451328131,,,,,,,,,32.77931475758414,44.55734605918018,-22.27867302959009,0
2024-10-01,37.21,37.56,36.05,36.46,35.4265,40.05525480015957,30.797745199840428,59.27693944901564,65.18386204546867,0,0,,,,23.958488888888894,24.198073777777783,23.718904000000006,,-1.4541326558192291,2.9173076651659136,7.011828241026086,0,62.68257948685258,72.48438311151689,,,,,-0.14483142941298244,1.6026722813613716,1.747503710774354,0.6376206265929494,62.68257948685258,62.68257948685258,,62.68257948685258,,,,,,31.527269864607074,44.582671957075696,-22.291335978537848,0
2024-10-02,36.3,37.68,36.145,37.49,35.771499999999996,39.90943801306904,31.63356198693095,61.13661762704339,62.12656737283905,0,0,,,,24.042933333333337,24.283362666666672,23.802504000000003,,1.0267051119674742,4.804103825671291,9.48116421687919,0,67.52009080036092,72.22774022448057,,,,,-0.14247631375093373,1.5694083185856869,1.7118846323366206,0.5739701305665945,67.52009080036092,,,,,,,,,31.867534409573295,44.60890667498109,-22.304453337490546,0
2024-10-03,37.45,39.29,37.37,39.24,36.2255,39.74776901300864,32.70323098699135,72.88502339942708,64.43286015849536,0,0,,,,24.136133333333337,24.37749466666667,23.894772000000003,,5.060240963855445,8.321486245876542,13.849129593810417,0,73.74702654246184,72.26702722980185,,,,,-0.037457342824467776,1.6650629538060358,1.7025202966305035,0.584593071676991,73.74702654246184,,,,,,,,,33.739335304476135,44.641167950896815,-22.320583975448407,0
2024-10-04,39.65,40.29,39.4,40.01,36.7095,39.42656808895183,33.992431911048165,78.82053709644298,70.9473927076378,0,0,,,,24.22653333333334,24.46879866666667,23.984268000000007,,6.321915442055759,8.990860676391677,15.181990039247983,0,75.93334153227573,72.31696338265233,,,,,0.06394813798059396,1.782455469106246,1.718507331125652,0.6499282869175707,75.93334153227573,,,,,75.93334153227573,75.93334153227573,75.93334153227573,,37.31421883666187,44.6860261526267,-22.34301307631335,0
2024-10-07,39.9,40.15,38.775,38.89,36.924,39.6183154974871,34.229684502512896,74.97660040290205,75.56072029959068,0,0,,,,24.311777777777785,24.554895555555564,24.068660000000005,,3.088137839628935,5.324450222077792,11.19900876858555,0,67.17085987843022,71.71329379640851,,,,,0.03701177495685637,1.7647720498217225,1.7277602748648662,0.6780489491460657,67.17085987843022,,,,,,,,,38.330700143806745,44.734448983249116,-22.367224491624558,0
2024-10-08,39.29,41.49,39.015,41.45,37.2585,40.41636810997553,34.10063189002447,83.22419249370718,79.00710999768405,0,0,,,,24.407377777777786,24.651451555555564,24.163304000000007,,8.564693556836067,11.249781928955827,17.333459143234542,0,74.43321335211942,71.67355000067319,,,,,0.16580992480301449,1.9350226808686344,1.76921275606562,0.7188274847610756,74.43321335211942,,,,,,,,,40.269203996244165,44.79018604580456,-22.39509302290228,0
2024-10-09,41.55,43.34,41.21,43.13,37.6725,41.548228963691756,33.79677103630824,87.12257894712606,81.77445728124508,0,0,,,,24.510400000000008,24.75550400000001,24.265296000000006,,11.214254402929292,14.486694538456435,20.68949435215326,0,77.88991768987003,71.78291659635644,,,,,0.3289301798753006,2.1803754809097455,1.851445301034445,0.7698486696040882,77.88991768987003,,,,,,,,,43.1153963425046,44.857408865822244,-22.428704432911122,0
2024-10-10,42.92,43.8784,42.4101,43.52,38.102999999999994,42.529321723508254,33.676678276491735,90.09645235017175,86.81440793033498,0,0,,,,24.615955555555566,24.862115111111123,24.369796000000008,,10.392410521776663,14.216728341600415,20.30407740152038,0,78.61282001283382,71.86584771996498,,,,,0.42193734751885503,2.378866985433014,1.9569296379141587,0.8338663533148504,78.61282001283382,,,,,78.61282001283382,,78.61282001283382,,47.58718766310099,44.944373690217475,-22.472186845108737,0
2024-10-11,43.4,44.38,42.62,43.51,38.498999999999995,43.35174726314908,33.64625273685091,87.61191596877275,88.2769824220235,0,1,,,,24.718266666666672,24.96544933333334,24.471084000000005,,8.530805687203813,13.015922491493303,18.9057717533887,0,78.54190947282036,71.79606803610997,,,,,0.439634654772151,2.5064729563793477,2.0668383016071967,0.908840757520924,78.54190947282036,,,,,,,,,49.0055350904982,45.03751939710993,-22.518759698554966,0
2024-10-14,43.72,44.39,43.28,43.4,38.8535,44.039258478757134,33.66774152124286,88.0468417363825,88.58507001844231,0,0,,,,24.81631111111112,25.06447422222223,24.568148000000008,,6.607713092606282,11.701648500135132,17.33112248576163,0,77.71152311313125,72.35668718575256,,,,,0.40181769574871984,2.5691104212930966,2.167292725544377,0.9320884633053719,77.71152311313125,,,,,,,,,48.50829787350231,45.12760376127783,-22.563801880638916,0
2024-10-15,43.475,43.68,41.515,42.43,39.152499999999996,44.43808369529807,33.866916304701924,81.36413611132264,85.67429793882594,0,0,,,,24.9168888888889,25.166057777777787,24.66772000000001,,2.7186675381897007,8.371112955749972,13.489657631954334,0,70.62102864131914,72.35343361340797,,,,,0.2753888829034974,2.5115288291737485,2.236139946270251,0.9284720336990229,70.62102864131914,,,,,,,,,46.52711384999563,45.20778918816869,-22.603894594084345,0
2024-10-16,42.4,42.49,40.36,41.93,39.42999999999999,44.68689261826806,34.173107381731924,72.887497915556,80.76615858775371,0,0,,,,25.01573333333334,25.265890666666674,24.765576000000006,,0.4287322459342713,6.340349987319316,11.029710311225639,0,67.21655254350537,72.12014786312086,,,,,0.1294141190874356,2.3979075951295457,2.26849347604211,0.8940079697237903,67.21655254350537,67.21655254350537,,67.21655254350537,,,,,,44.06565532577948,45.276497767634986,-22.638248883817493,0
2024-10-17,42.15,42.7,41.61,42,39.68849999999999,44.916942502313894,34.46005749768609,68.56716351345302,74.27293251344388,0,0,,,,25.11706666666667,25.368237333333337,24.865896000000003,,-0.06424441430503691,5.82410521939607,10.06481594716886,0,67.45311098613905,72.08084918324293,,,,,0.014921677622822926,2.2871455730706387,2.272223895447816,0.8382818119380259,67.45311098613905,,,,,,,,,41.85695533025447,45.33548393923544,-22.66774196961772,0
2024-10-18,42.015,42.99,41.65,42.97,39.977,45.2608247510681,34.693175248931894,69.86273464792826,70.43913202564575,0,0,,,,25.22324444444445,25.475476888888895,24.971012000000005,,1.5287196087234278,7.486804912824874,11.377028217932939,0,70.61711248900315,72.15364903865164,,,,,-0.016434483220211682,2.251680791422551,2.2681152746427626,0.7990739296290185,70.61711248900315,,,,,,,,,41.85137730758196,45.39405059567973,-22.697025297839865,0
2024-10-21,42.86,43.4,42.41,42.7,40.214499999999994,45.53938300340967,34.88961699659032,69.24336907033016,69.22442241057048,0,0,,,,25.325422222222226,25.578676444444447,25.072168000000005,,-0.009366804046417876,6.180606497656349,9.908023886333982,0,68.61753148782417,72.57757418157817,,,,,-0.07313513784435122,2.1766963523373235,2.2498314901816747,0.7253350662028645,68.61753148782417,,,,,,,,,42.182515820642486,45.453570986588865,-22.726785493294432,0
2024-10-22,42.69,43.49,42.3,42.94,40.51649999999999,45.73933936187981,35.29366063812018,67.10628174760052,68.73746182195298,0,0,,,,25.428088888888897,25.682369777777787,25.173808000000008,,0.20301962523046058,5.9815137042933175,9.755474141603449,0,69.44572753669826,72.71511966274514,,,,,-0.11003518983739413,2.112287502884932,2.2223226927223263,0.6392165650757614,69.44572753669826,,,,,,,,,42.713142820051644,45.51486513260456,-22.75743256630228,0
2024-10-23,42.85,43.68,42.055,42.59,40.79,45.842868492252656,35.73713150774734,63.991474233657954,66.7803750171962,0,0,,,,25.528266666666674,25.78354933333334,25.272984000000008,,-0.48832916656926795,4.412846285854388,8.147684182015148,0,66.68199431719033,72.21047450379716,,,,,-0.16999187519970516,2.009832848722695,2.1798247239224002,0.50950299563231,66.68199431719033,66.68199431719033,,66.68199431719033,,,,,,41.796499770602054,45.57202351272818,-22.78601175636409,0
2024-10-24,42.89,43.73,42.66,43.56,41.11299999999999,46.004372404550985,36.221627595449,64.40244239624072,65.16673279249973,0,0,,,,25.631777777777785,25.888095555555562,25.375460000000007,,1.7685676237647385,5.951888697005847,9.806821332840343,0,70.21930924443166,71.80232934037973,,,,,-0.15663022104752633,1.9840369476129922,2.1406671686605185,0.43764225605221574,70.21930924443166,,,,,,,,,42.249555870253786,45.630623597769464,-22.815311798884732,0
2024-10-25,43.85,45.07,43.645,44.86,41.513999999999996,46.25094162936396,36.777058370636034,75.64057692278594,68.01149785089486,0,0,,,,25.749377777777788,26.006871555555566,25.49188400000001,,4.4762215287158735,8.059931589343371,12.209845250800399,0,74.17633525596757,72.30272043877525,,,,,-0.07659767107305537,2.0449200798191995,2.121517750892255,0.37440884567551586,74.17633525596757,,,,,,,,,43.78147222274992,45.69512515789322,-22.84756257894661,0
2024-10-28,45.05,45.14,44.68,44.97,41.90249999999999,46.43036428683593,37.37463571316405,79.60227511572387,73.21509814491684,0,0,,,,25.86791111111112,26.12659022222223,25.60923200000001,,4.350852767142399,7.320565598711326,11.67861459247359,0,74.4852646429063,72.30643838811717,,,,,-0.03474097210076588,2.0780915357662977,2.1128325078670636,0.3990156759819114,74.4852646429063,,,,,74.4852646429063,74.4852646429063,74.4852646429063,,45.8098858929279,45.76784533760029,-22.883922668800146,0
2024-10-29,44.9,45.07,44.04,44.93,42.32599999999999,46.28745629787866,38.364543702121324,78.6946214008868,77.97915781313219,0,0,,,,25.991466666666675,26.25138133333334,25.731552000000008,,3.656707809435966,6.152246845910336,10.801479654747181,0,74.13794138989816,72.03844008097633,,,,,-0.028499822142415088,2.077207730189045,2.10570755233146,0.5534825876959638,74.13794138989816,,,,,,,,,46.73474514436239,45.84413324082406,-22.92206662041203,0
2024-10-30,44.58,44.8,43.61,43.69,42.635999999999996,45.95314576104249,39.3188542389575,71.32673829206473,76.54121160289179,0,0,,,,26.10911111111112,26.37020222222223,25.84802000000001,,0.388318283127731,2.472089314194581,7.099958326864431,0,64.1513820069062,71.00548022341007,,,,,-0.1214252194335872,1.9539260280394757,2.075351247473063,0.6247914727268075,64.1513820069062,,,,,,,,,44.96399630140775,45.91222638343375,-22.956113191716874,0
2024-10-31,42.79,43.32,40.9,41.56,42.751999999999995,45.731030714847,39.77296928515299,56.91598085532338,68.97911351609163,0,0,,,,26.214844444444452,26.476992888888898,25.952696000000007,,-4.409227867608112,-2.788173652694592,1.4863170918325563,0,51.35468145339328,69.06353536487957,,,,,-0.32815595264838526,1.6651563066625812,1.9933122593109664,0.4049028597158916,51.35468145339328,,,,,,,,,40.77978757748673,45.96298962983112,-22.98149481491556,0
2024-11-01,41.93,42.57,41.59,41.92,42.8475,45.58115597689272,40.113844023107276,52.39284985279074,60.21185633339294,0,0,,,,26.322177777777785,26.585399555555565,26.058956000000006,,-3.347781979157005,-2.1646537137522515,1.9736308645378564,0,53.05900431167219,67.30264116477535,,,,,-0.43572658230171823,1.4486540314338185,1.8843806137355368,0.28570751684923523,53.05900431167219,,,,,,,,,37.00548334762603,45.99968632670755,-22.999843163353773,0
2024-11-04,41.08,42.04,41.0315,41.41,42.973499999999994,45.13920796738678,40.80779203261321,45.31524645946972,51.54135905586126,0,0,,,,26.42844444444445,26.692728888888897,26.164160000000006,,-4.2388363434544,-3.6382887128113772,0.45119347952644606,0,50.36680282650803,65.85591074943169,,,,,-0.5300348084365791,1.221837103189813,1.751871911626392,0.036960044294379504,50.36680282650803,50.36680282650803,,50.36680282650803,,,,,,33.80003588579493,46.02558031595491,-23.012790157977456,0
2024-11-05,47.86,51.575,46.86,51.13,43.457499999999996,47.531166039331495,39.3838339606685,73.01858502047192,56.90889377757744,0,0,,,,26.576266666666672,26.84202933333334,26.310504000000005,,16.041033089737233,17.655180348616483,22.618809704624464,0,75.68702006561259,66.46094414386792,,,,,0.042976133467581334,1.8055920784608688,1.7626159449932874,0.35294017077505235,75.68702006561259,,,,,,,,,41.93826784052067,46.079933481408396,-23.039966740704198,0
2024-11-06,53.44,55.69,51.61,55.53,44.0775,50.72466142424728,37.43033857575272,77.24979163172505,65.19454103722221,0,0,,,,26.74213333333334,27.009554666666673,26.474712000000004,,22.43143134315202,25.98264420622767,31.239364719228547,0,80.52928163727225,67.39495633323459,,,,,0.6646036985363353,2.5933705681637065,1.9287668696273712,0.5199134281247738,80.52928163727225,,,,,,,,,53.51896348798144,46.18541884764247,-23.092709423821233,0
2024-11-07,55.82,56.47,53.55,55.88,44.695499999999996,53.08922974308809,36.3017702569119,82.23045027354662,77.49960897524784,0,0,,,,26.909600000000008,27.17869600000001,26.640504000000007,,19.945050227526462,25.023771968095243,30.141133727700375,0,80.85590329942225,68.12629853397881,,,,,1.0241401722663932,3.2089420849603627,2.1848019126939695,0.6442427113830458,80.85590329942225,,,,,,,,,65.51529209610464,46.356620125300346,-23.178310062650173,0
2024-11-08,55.57,58.48,55.3,58.39,45.439499999999995,55.709229256411895,35.169770743588096,88.15551822398335,82.54525337641832,0,0,,,,27.08982222222223,27.360720444444453,26.81892400000001,,21.7955403516823,28.500533676646977,33.74920782780653,0,83.05164353379075,69.15730653726213,,,,,1.3360674626660805,3.85488624102657,2.5188187783604894,0.7297742623287068,83.05164353379075,,,,,,,,,70.41892361926767,46.55728627880047,-23.278643139400234,0
2024-11-11,60.1325,62.08,58.69,60.24,46.281499999999994,58.34841886937183,34.21458113062816,90.43623577129995,86.94073475627663,0,0,,,,27.277777777777786,27.550555555555565,27.005000000000006,,21.77569337753702,30.1599991357238,35.60135961522584,0,84.46586028700858,70.23017316228429,,,,,1.5566376691735462,4.464615864827422,2.907978195653876,0.7960037715374723,84.46586028700858,,,,,84.46586028700858,,84.46586028700858,,72.63460697000428,46.770764864834604,-23.385382432417302,0
2024-11-12,59.01,60.09,58.57,59.85,47.152499999999996,60.435195321357114,33.86980467864288,89.23305913037372,89.27493770855232,0,1,,,,27.46711111111112,27.74178222222223,27.19244000000001,,17.44505494505497,26.928582789883905,32.39978762941329,0,82.8955085111109,71.38828131899291,,,,,1.5618849116030553,4.860334335157695,3.29844942355464,0.8357932924553637,82.8955085111109,,,,,,,,,74.43221192426427,46.994390600474894,-23.497195300237447,0
2024-11-13,61.52,63.39,59.85,60.7,48.090999999999994,62.37941894682557,33.80258105317442,91.44844468854915,90.37257986340758,0,0,,,,27.65871111111112,27.935298222222233,27.382124000000008,,15.265566548299535,26.219043064190828,32.0206187061834,0,83.61068865433285,72.34480841970013,,,,,1.507470874012236,5.182788016069935,3.675317142057699,0.8699740056346397,83.61068865433285,,,,,,,,,74.59969767257589,47.217062128363224,-23.608531064181612,0
2024-11-14,61.05,61.17,58.53,59.18,48.94999999999999,63.72770347516839,34.17229652483159,88.16880494778687,89.61676958890321,0,1,,,,27.844355555555563,28.122799111111117,27.565912000000008,,8.74078973963217,20.898876404494416,26.880444803361712,0,77.37990305483171,72.57363469104757,,,,,1.2638310814014302,5.255105993809487,3.9912749124080564,0.8895585821157507,77.37990305483171,,,,,,,,,71.9214727188362,47.41994297648182,-23.70997148824091,0
2024-11-15,61.01,66,60.91,65.77,50.089999999999996,66.29532381657344,33.884676183426556,93.26499338091295,90.9607476724163,0,0,,,,28.058088888888896,28.338669777777785,27.777508000000008,,15.775947049711348,31.303653423837098,38.46024294225381,0,83.21879720996198,73.19745844583726,,,,,1.4290409788604927,5.777576135983672,4.348535157123179,0.9215702129547445,83.21879720996198,,,,,,,,,75.15239306120505,47.64234258807508,-23.82117129403754,0
2024-11-18,64.92,64.92,58.85,61.26,51.018,67.54673691484022,34.48926308515978,87.76962897868792,89.73447576912922,0,1,,,,28.252711111111118,28.53523822222223,27.970184000000007,,4.196077764359729,20.075267552628475,26.97250241812903,0,69.91740106410722,72.89599127970935,,,,,1.1302162236672366,5.761305436707225,4.6310892130399886,0.9164442892115775,69.91740106410722,,,,,,,,,73.1729307740644,47.8496002963952,-23.9248001481976,0
2024-11-19,59.51,63.01,59.265,62.98,52.02,68.89454295677369,35.145457043226315,86.39385496545758,89.14282577501946,0,0,,,,28.45457777777779,28.73912355555557,28.17003200000001,,5.005168561806017,21.068819684736617,28.624236689290793,0,71.77056791495131,73.44021884456971,,,,,0.9512164796794282,5.820109812639274,4.868893332959845,0.9004504534231242,71.77056791495131,,,,,,,,,74.11162161324684,48.061129849612485,-24.030564924806242,0
2024-11-20,62.59,63.08,59.96,62.12,52.996500000000005,69.83553236531121,36.1574676346888,84.04595456753951,86.06981283722831,0,0,,,,28.654355555555565,28.940899111111122,28.367812000000008,,2.445701469399908,17.215287802024637,25.248669283294745,0,69.46632541039355,74.73390769864116,,,,,0.6898866062637845,5.731251590789576,5.041364984525791,0.8566716487255828,69.46632541039355,,,,,,,,,68.90478888151931,48.23801816096265,-24.119009080481327,0
2024-11-21,62.04,63.4,60.895,61.36,53.8865,70.51673544631886,37.256264553681135,77.59162602978509,82.67714518759404,0,0,,,,28.853377777777787,29.141911555555566,28.564844000000008,,0.2860178148239356,13.868965325267002,22.250557857825903,0,67.40671633685051,75.75874427186818,,,,,0.3954625217704013,5.535693136738793,5.140230614968392,0.7915900135260322,67.40671633685051,67.40671633685051,,67.40671633685051,,,,,,67.6770220705928,48.406113058182186,-24.203056529091093,0
2024-11-22,61.6,64.44,61.37,64.35,54.861000000000004,71.54535063165467,38.17664936834534,79.00873740950833,80.21543933561095,0,0,,,,29.067866666666678,29.358545333333346,28.77718800000001,,4.158236350981714,17.296440094055864,26.457487226516395,0,71.04410525049636,77.2356944450102,,,,,0.3341447241720541,5.55791152018346,5.223766796011406,0.8347565803333157,71.04410525049636,,,,,,,,,67.65179251754398,48.572692901549686,-24.286346450774843,0
2024-11-25,66.9,67.88,64.08,64.65,55.845000000000006,72.40075609871067,39.28924390128934,79.96572152014839,78.85536165314726,0,0,,,,29.28297777777779,29.57580755555557,28.990148000000012,,3.9021567934171664,15.7668546870803,25.30283942242464,0,71.38911209263874,76.92870101836921,,,,,0.24971671236681736,5.535912686469928,5.28619597410311,0.8313883778531453,71.38911209263874,,,,,,,,,68.53041503604449,48.74309262467452,-24.37154631233726,0
2024-11-26,64.57,65.85,63.89,65.74,56.8855,73.18020033477131,40.59079966522868,79.52947585849256,79.50131159604973,0,0,,,,29.504133333333346,29.79917466666668,29.209092000000012,,4.663195937017406,15.565478021639944,25.525089742610497,0,72.66356143803507,76.36686386128085,,,,,0.2050763214214255,5.5425413758798925,5.337465054458467,0.8235544252286648,72.66356143803507,,,,,,,,,71.09765528181919,48.92750737429829,-24.463753687149143,0
2024-11-27,66.24,67.56,64.24,66.05,58.003499999999995,73.57562031163376,42.431379688366235,78.7873454900178,79.42751428955289,0,0,,,,29.723600000000015,30.020836000000017,29.426364000000014,,4.2686199602185,13.872438732145476,24.210170001504405,0,73.03149382075907,75.80797746994776,,,,,0.1374689752778142,5.509301273555735,5.371832298277921,0.8148261819347312,73.03149382075907,,,,,,,,,71.2259467277179,49.111156893824244,-24.555578446912122,0
2024-11-29,65.89,67.16,65.47,67.08,59.2795,73.3641391150074,45.194860884992586,79.829079716414,79.38196702164142,0,0,,,,29.948888888888902,30.24837777777779,29.649400000000014,,4.5902457278284015,13.158849180576748,24.194623417018413,0,74.27062022474702,75.18076151930178,,,,,0.10464587370745626,5.502639640412241,5.397993766704785,0.8165651447301709,74.27062022474702,,,,,,,,,72.19098325182236,49.29915434158138,-24.64957717079069,0
2024-12-02,67.44,67.88,65.96,66.39,60.503,72.42904896853915,48.576951031460844,76.70432924541554,78.44025148394908,0,0,,,,30.16933333333334,30.471026666666674,29.86764000000001,,3.4144365868095994,9.73009602829611,21.16584944457285,0,71.88769811335649,74.28232136404093,,,,,-0.01465938690550228,5.3796695330729065,5.394328919978409,0.8225615621373304,71.88769811335649,,,,,,,,,71.58725728494238,49.481903861548496,-24.740951930774248,0
2024-12-03,66.41,71.37,66.15,70.96,61.980500000000006,71.06124110411663,52.89975889588338,83.60251421488748,80.0453077255723,0,0,,,,30.410577777777785,30.714683555555563,30.106472000000007,,8.887797692118848,14.487621106638349,27.31752828879688,0,77.12301894886308,73.87000068102323,,,,,0.15379851292434843,5.586577061133845,5.432778548209496,0.8298719203796726,77.12301894886308,,,,,77.12301894886308,77.12301894886308,77.12301894886308,,74.26785280162208,49.67956428127937,-24.839782140639684,0
2024-12-04,71.13,71.18,67.28,69.85,62.9165,71.1502482958854,54.6827517041146,82.01874056735915,80.77519467588735,0,0,,,,30.64653333333334,30.952998666666677,30.340068000000006,,6.0663579075241225,11.020161642812297,23.340887018452538,0,73.54068533127099,73.15071472937595,,,,,0.1309550769428327,5.596472394388037,5.4655173174452045,0.8473774407491557,73.54068533127099,,,,,,,,,74.80091192945643,49.878855031769405,-24.939427515884702,0
2024-12-05,70.11,72.98,69.89,71.87,63.73350000000001,72.11476547724097,55.35223452275905,85.28272478364958,83.6346598552987,0,0,,,,30.8924888888889,31.201413777777788,30.58356400000001,,7.541523267993466,12.76644151035169,24.75770007464282,0,75.74836521569432,73.0341763122947,,,,,0.18885597509808427,5.70158728631781,5.512731311219726,0.8480036474647402,75.74836521569432,,,,,,,,,77.36716742282833,50.092666320791274,-25.046333160395637,0
2024-12-06,72.95,76.82,72.28,76.34,64.7565,74.0035952736518,55.50940472634821,89.21989120128748,85.50711885076537,0,0,,,,31.15893333333334,31.470522666666675,30.847344000000007,,11.725793232642602,17.887779605136167,30.05036882243708,0,79.77070762315971,72.78788419895169,,,,,0.45025343223896197,6.075548101518429,5.625294669279467,0.9374764587550952,79.77070762315971,,,,,79.77070762315971,,79.77070762315971,,79.71082746712433,50.31980778883026,-25.15990389441513,0
2024-12-09,80.58,80.91,71.05,72.46,65.46000000000001,74.8029888151487,56.117011184851314,82.42075277703816,85.64112292065836,0,1,,,,31.4080888888889,31.72216977777779,31.094008000000013,,4.803367129984548,10.693553315001502,21.53571768020972,0,69.06308880671637,72.72686189485235,,,,,0.2915919919999359,5.989784659279387,5.698192667279451,0.9368057410106788,69.06308880671637,,,,,,,,,79.39206848782992,50.542816330655135,-25.271408165327568,0
2024-12-10,71.99,75.56,70.73,70.89,65.9925,75.29865468386336,56.68634531613665,73.13285213863617,81.59116537232056,0,0,,,,31.648577777777792,31.96506355555557,31.332092000000014,,1.6154695182260204,7.421297874758492,17.20390404126684,0,65.24663353761801,72.26086658218568,,,,,0.02471727393532852,5.729089259698611,5.704371985763283,0.9177939676407394,65.24663353761801,65.24663353761801,,65.24663353761801,,,,,,76.19923608330548,50.74357968336596,-25.37178984168298,0
2024-12-11,72.98,73,68.07,72.51,66.62550000000002,75.89649018444003,57.35450981556,70.98011686411782,75.511240593264,0,0,,,,31.892622222222236,32.21154844444446,31.573696000000012,,2.938671209540078,8.832203885899514,18.087410632372624,0,67.2572506198516,72.1030755257184,,,,,-0.09247140460902425,5.588782730002002,5.681254134611026,0.8991979031192437,67.2572506198516,,,,,,,,,70.82518584028657,50.91067468333603,-25.455337341668017,0
2024-12-12,72.3,75.38,71.9,73.2,67.25050000000002,76.52472552022456,57.97627447977546,67.89811294255195,70.67036064843528,0,0,,,,32.140933333333344,32.46234266666668,31.81952400000001,,2.874007448527882,8.846774373424715,17.331509601307935,0,68.10368208433313,72.15285879339572,,,,,-0.16883621562243611,5.470208865082981,5.639045080705417,0.8763359738423062,68.10368208433313,,,,,,,,,69.765077753102,51.07046400560507,-25.535232002802534,0
2024-12-13,73.49,76.1,72.45,76.07,68.095,77.35181694752555,58.838183052474456,72.24486125645114,70.37436368770693,0,0,,,,32.40457777777779,32.728623555555565,32.08053200000001,,5.573597579593081,11.711579411116823,19.724258051654342,0,71.41384855084719,72.17926902913506,,,,,-0.0761029287670354,5.543916419746623,5.620019348513658,0.8805445601251441,71.41384855084719,,,,,,,,,72.21354868358624,51.24291088577386,-25.62145544288693,0
2024-12-16,75.06,77.82,71.16,75.75,68.59400000000001,78.35777672829467,58.83022327170535,72.16298559229443,70.76865326376581,0,0,,,,32.6680888888889,32.99476977777779,32.341408000000015,,3.7813399095766753,10.4323993352188,17.1415905482587,0,70.5348947050058,72.118253501447,,,,,-0.08564835588311404,5.512958903659765,5.598607259542879,0.8730803292275645,70.5348947050058,,,,,,,,,72.87710672049306,51.4178166450066,-25.7089083225033,0
2024-12-17,73.28,75.32,71.7,74.39,69.25050000000002,78.714567782935,59.78643221706503,66.18879326419811,70.19888003764785,0,0,,,,32.92604444444446,33.2553048888889,32.596784000000014,,1.4413701880463314,7.4216070642088905,13.115452066459167,0,66.77339769140869,71.6975275195451,,,,,-0.22497487282848105,5.317388668507277,5.542363541335758,0.8366583796864292,66.77339769140869,,,,,,,,,71.91611132393369,51.58582062702237,-25.792910313511186,0
2024-12-18,74.3,77.6,70.27,71.51,69.677,78.73228597008357,60.62171402991644,58.1727276268813,65.50816882779124,0,0,,,,33.167911111111124,33.49959022222224,32.83623200000001,,-2.7061592674730184,2.630710277422965,7.624465715489714,0,59.53314404934239,70.73335967872963,,,,,-0.5348320221168237,4.873823513689729,5.4086555358065525,0.6838393248266454,59.53314404934239,59.53314404934239,,59.53314404934239,,,,,,66.45564597052817,51.722827283852304,-25.861413641926152,0
2024-12-19,73.99,76.59,73.37,74.21,70.28150000000001,78.83863100285312,61.7243689971469,58.52150912655921,60.96101000587951,0,0,,,,33.423333333333346,33.75756666666668,33.08910000000001,,0.6469287835840332,5.58966442093578,10.651093439363768,0,63.526049856285496,69.96589036669667,,,,,-0.578009689783693,4.686143423576937,5.26415311336063,0.6042482879639003,63.526049856285496,,,,,,,,,63.43430533108293,51.843534128760716,-25.921767064380358,0
2024-12-20,72.64,80.66,71.5,80.55,71.24100000000001,79.88459392845287,62.597406071547155,66.9644068739958,61.219547875812076,0,0,,,,33.709822222222236,34.04692044444446,33.37272400000001,,8.625293308520154,13.06691371541666,18.64956031168521,0,70.80955585075088,69.88888020508197,,,,,-0.21816068282484657,4.991452259829572,5.209612942654418,0.6069209613903717,70.80955585075088,,,,,,,,,64.9878164501466,51.97112615676202,-25.98556307838101,0
2024-12-23,80.65,82.02,77.41,80.69,72.058,81.02467742254576,63.09132257745425,76.02692612564594,67.1709473754003,0,0,,,,33.99586666666668,34.33582533333335,33.65590800000001,,7.619670032143233,11.97923894640427,17.56849298435621,0,70.94751940138859,69.4477730945481,,,,,-0.019738527045843668,5.184939783847113,5.204678310892957,0.6689766628002486,70.94751940138859,,,,,,,,,68.87685936219567,52.11794654296227,-26.058973271481136,0
2024-12-24,81.09,84.7968,81,82.38,72.9445,82.30349668767938,63.585503312320625,80.28756243353993,74.4262984777272,0,0,,,,34.286355555555566,34.62921911111112,33.94349200000001,,8.215327220660518,12.935176743962874,18.753934198576694,0,72.62924009113989,69.38266986311017,,,,,0.1660651555016459,5.412259755270014,5.246194599768368,0.695939828345841,72.62924009113989,,,,,72.62924009113989,72.62924009113989,72.62924009113989,,72.20308041062414,52.28178525551884,-26.14089262775942,0
2024-12-26,83.16,83.49,81.3,82.14,73.76450000000001,83.32649241790048,64.20250758209954,79.07943707738,78.46464187885528,0,0,,,,34.57711111111112,34.922882222222235,34.23134000000001,,6.552166975833162,11.354377783351044,17.153180564799776,0,71.99191125122715,69.11435172279108,,,,,0.21067310017389573,5.509535974985738,5.298862874811842,0.7370752096328331,71.99191125122715,,,,,,,,,71.9225847288984,52.44280624235474,-26.22140312117737,0
2024-12-27,81.42,82,77.93,79.08,74.41600000000001,83.55285372543464,65.27914627456538,71.51029055901905,76.95909668997963,0,0,,,,34.83137777777779,35.179691555555564,34.48306400000001,,1.806197458707226,6.2674693614276356,11.811780674716466,0,64.25044731767088,68.00576170097045,,,,,-0.01600210898480725,5.278860238580833,5.2948623475656404,0.8273092837990556,64.25044731767088,,,,,,,,,69.57375581286225,52.58989867451295,-26.294949337256476,0
2024-12-30,77.04,79.24,76.11,77.18,74.92100000000002,83.4782516616014,66.36374833839864,63.55814943619549,71.38262569086483,0,0,,,,35.069511111111126,35.42020622222224,34.71881600000001,,-0.7816115596235629,3.0151759853712434,8.20738580601741,0,59.940456958477945,67.35414514038199,,,,,-0.32676469223781623,4.88640648226837,5.213171174506186,0.7587246883333092,59.940456958477945,,,,,,,,,64.81000221892275,52.71163040899156,-26.35581520449578,0
2024-12-31,77.58,77.9796,73.65,75.63,75.38300000000001,82.99336950482594,67.77263049517408,56.40499842490554,63.82447947337334,0,0,,,,35.29671111111112,35.649678222222235,34.94374400000001,,-2.7592059247068312,0.3276600825119491,5.547905695837385,0,56.60454755857542,66.73685328473609,,,,,-0.6508599792375431,4.399596200459257,5.0504561796968,0.5863690084772563,56.60454755857542,,,,,,,,,59.2889084706851,52.806767147318574,-26.403383573659287,0
2025-01-02,76.2,76.53,72.42,75.19,75.59450000000001,82.93164242740221,68.25735757259781,51.27299951650158,57.078715792534176,0,0,,,,35.52253333333335,35.877758666666686,35.16730800000001,,-3.424270448006539,-0.5350918386919812,4.2582398535753185,0,55.65760341766141,65.90830705600821,,,,,-0.8940012877759997,3.9329545699768005,4.8269558577528,0.38772212232000713,55.65760341766141,,,,,,,,,55.71379598332759,52.88596248412624,-26.44298124206312,0
2025-01-03,75.39,79.98,75.19,79.89,76.09650000000002,83.16162922740827,69.03137077259177,55.08441147089522,54.25413647076741,0,0,,,,35.76626666666668,36.12392933333335,35.40860400000001,,1.5198109131573156,4.985117580966247,9.91616524801875,0,62.81383373344992,65.53046074523084,,,,,-0.7435959399930709,3.8974609327614615,4.6410568727545325,0.3464230482696173,62.81383373344992,,,,,,,,,56.59034875199428,52.9682924054382,-26.4841462027191,0
2025-01-06,78.69,80.06,74.61,75.92,76.29900000000002,83.09499852854468,69.50300147145536,48.424000045741174,51.59380367771263,0,0,,,,35.99697777777779,36.35694755555557,35.637008000000016,,-3.734229379319065,-0.49672997024865495,3.7971453050658743,0,54.77287203037004,64.34181956519676,,,,,-0.9060120088953454,3.5085418616353508,4.414553870530696,0.23172627976918309,54.77287203037004,,,,,,,,,55.64744506949186,53.046183105903715,-26.523091552951858,0
2025-01-07,75.2,75.39,69.75,69.99,75.98150000000003,83.31244339085885,68.6505566091412,32.67244665710392,45.393619391246744,0,0,,,,36.1960888888889,36.55804977777779,35.834128000000014,,-10.048966057911013,-7.885472121503301,-4.685166438937638,0,45.41993391079986,62.54789379418204,,,,,-1.3790019991532514,2.6908013715891315,4.069803370742383,-0.0928319235457626,45.41993391079986,,,,,,,,,51.00203787808754,53.10542734357844,-26.55271367178922,0
2025-01-08,68.12,69.53,66.51,68.23,75.77000000000002,83.71359868069754,67.8264013193025,28.03693925920227,36.37779532068243,0,0,,,,36.386400000000016,36.750264000000016,36.02253600000002,,-10.88384728916052,-9.951168008446643,-7.2453654403001995,0,43.069258831848046,60.85474101849913,,,,,-1.7525961070127822,1.8790582369764053,3.6316543439891875,-0.39633925343253273,43.069258831848046,,,,,,,,,42.10935071688954,53.13442978105965,-26.567214890529826,0
2025-01-10,66.01,68.2,65.04,67.26,75.58850000000002,84.11435074933745,67.0626492506626,24.98823671085116,28.565874209052424,0,0,,,,36.57671111111113,36.94247822222224,36.21094400000002,,-10.380940960147079,-11.018210442064625,-8.67203765728256,0,41.78569496028137,59.58706608356621,,,,,-1.989895905476673,1.1442844621433466,3.1341803676200195,-0.7231741980183515,41.78569496028137,,,,,,,,,35.471815738328786,53.14507148051592,-26.57253574025796,0
2025-01-13,64.29,65.68,63.4,64.98,75.21200000000002,84.84193997904367,65.58206002095636,21.801187964927504,24.942121311660287,0,0,,,,36.761511111111126,37.12912622222224,36.39389600000001,,-11.392922888116154,-13.604212093814827,-11.737539843523637,0,38.854534505929934,57.824814987112234,,,,,-2.208395188034138,0.3736863825773469,2.582081570611485,-0.9012876194117112,38.854534505929934,38.854534505929934,,38.854534505929934,,,,,,31.46951228251264,53.14636115207586,-26.57318057603793,0
2025-01-14,67.18,68.23,65.19,65.91,74.84750000000003,85.27343473027615,64.4215652697239,21.94977828309063,22.913067652956403,0,0,,,,36.953377777777796,37.32291155555557,36.58384400000002,,-8.481213030075807,-11.940946591402557,-10.468643875933935,0,40.68233501932936,55.6728706420107,,,,,-2.19376849780271,-0.16012905164190272,2.0336394461608074,-0.9284001917992023,40.68233501932936,,,,,,,,,29.32185916027998,53.1431566797572,-26.5715783398786,0
2025-01-15,68.55,68.85,67.08,68.14,74.45100000000002,85.25703886722513,63.64496113277492,25.52141347918859,23.090793242402214,0,0,,,,37.15137777777779,37.52289155555557,36.77986400000001,,-4.18201760553476,-8.476716229466385,-7.483842937055374,0,44.93305158548662,53.81469436944627,,,,,-1.9458267143760186,-0.3986439468092158,1.5471827675668028,-0.9236932048215891,44.93305158548662,,,,,,,,,29.3106956478321,53.13988479460943,-26.569942397304715,0
2025-01-16,69.08,71.43,68.36,69.24,74.12550000000002,85.14548634300341,63.10551365699662,30.30759494985672,25.92626223737862,0,0,,,,37.35702222222224,37.73059244444446,36.98345200000002,,-1.752394466122742,-6.590849302871504,-6.1114350414254615,0,46.95242279319918,51.980635991021934,,,,,-1.6323240960222338,-0.49322235246098955,1.1391017435612443,-0.8787314251878138,46.95242279319918,,,,,,,,,31.450486604918144,53.14096150232636,-26.57048075116318,0
2025-01-17,70.9,72.34,69.95,71.77,73.99450000000002,85.06098720235914,62.92801279764088,36.32239543773268,30.717134622259305,0,0,,,,37.57128888888891,37.9470017777778,37.19557600000002,,2.3341365690901617,-3.006304522633463,-2.7164041532247607,0,51.36960641631284,50.50761421709949,,,,,-1.1991838856939037,-0.3598781135561353,0.8393057721377684,-0.7638174475644354,51.36960641631284,,,,,,,,,34.50688851056318,53.148862563035266,-26.574431281517633,0
2025-01-21,73.24,73.6363,70.6007,73.07,74.07250000000002,85.08972265364461,63.05527734635543,41.251626294469766,35.9605388940197,0,0,,,,37.78702222222224,38.16489244444446,37.40915200000002,,5.2108680940519125,-1.3534037598299298,-1.0981574055693333,0,53.51166529236826,49.7405583581493,,,,,-0.7895256198871763,-0.14760125272120206,0.6419243671659742,-0.5937076023314807,53.51166529236826,,,,,,,,,36.93070489096617,53.16264248382774,-26.58132124191387,0
2025-01-22,74.5,77.16,73.8,76.87,74.20550000000001,85.29016774423035,63.120832255769685,54.980435824999674,44.18481918573402,0,0,,,,38.020133333333355,38.40033466666669,37.63993200000002,,10.531159232738062,3.5907041930854033,3.8110414866032505,0,59.17273879900268,49.685721346758214,,,,,-0.25471669707101563,0.32352849582720467,0.5782451928982203,-0.2919795199857841,59.17273879900268,,,,,,,,,41.00478008245144,53.18735478741347,-26.593677393706734,0
2025-01-23,76.04,79,75.84,78.98,74.12700000000002,85.05191848939752,63.202081510602525,63.64649915219938,53.29285375722291,0,0,,,,38.25968888888891,38.6422857777778,37.87709200000002,,12.115835048619527,6.5468722597703755,6.53393762814285,0,61.94390497588349,50.06710401942308,,,,,0.22322736454832648,0.8572793985836284,0.634052034035302,0.021594488381756722,61.94390497588349,,,,,,,,,44.838863278102785,53.2234552048335,-26.61172760241675,0
2025-01-24,79.05,82.24,78.4401,78.98,74.04150000000003,84.78488545338352,63.29811454661653,71.45682863958203,63.36125453892701,0,0,,,,38.49991111111113,38.884910222222246,38.11491200000002,,10.43064876957498,6.669908092083454,6.222541020353223,0,61.94390497588349,50.516125559296086,,,,,0.5053109643763983,1.2656907395058,0.7603797751294016,0.2751925660125348,61.94390497588349,,,,,61.94390497588349,,61.94390497588349,,47.72957696815923,53.26877394403551,-26.634386972017754,0
2025-01-27,74.07,76.72,72.67,75.44,73.69450000000003,83.76543535874248,63.62356464125759,68.37872627431163,67.82735135536433,0,0,,,,38.728355555555574,39.11563911111113,38.34107200000002,,4.288202604440272,2.3685621043632255,1.2549493322595362,0,54.717405252470506,49.93780923922613,,,,,0.42277949696111206,1.2888541463307917,0.8660746493696796,0.6060055384336264,54.717405252470506,,,,,,,,,45.97182227555994,53.30800013792727,-26.654000068963636,0
2025-01-28,75.54,80.74,74.04,80.23,73.59900000000002,83.37982389167614,63.81817610832389,76.12241542813793,71.9859901140105,0,0,,,,38.97911111111113,39.36890222222224,38.58932000000002,,8.620012726263514,9.00963328306088,7.3133975665107265,0,61.29689420723382,50.40381082328782,,,,,0.6466783446721363,1.6744225802098498,1.0277442355377135,0.8629747832100352,61.29689420723382,,,,,,,,,45.835261246773065,53.34653672695326,-26.67326836347663,0
2025-01-29,79.95,80.8199,77.81,79.76,73.63300000000002,83.494196884759,63.77180311524104,77.49960587757111,74.0002491933402,0,0,,,,39.21733333333335,39.60950666666668,38.82516000000002,,5.996172655751697,8.320997378892582,6.373614649044401,0,60.370002325903585,51.471672852938084,,,,,0.7137498073522894,1.9199314947280754,1.206181687375786,0.9233519757020232,60.370002325903585,,,,,,,,,45.558382688657275,53.38394281462155,-26.691971407310774,0
2025-01-30,80.02,81.8299,79.38,81.22,73.83500000000002,84.13433298811046,63.535667011889586,80.67496901053535,78.09899677208143,0,0,,,,39.460711111111124,39.85531822222224,39.06610400000001,,6.092272323527892,10.002031556849689,8.073344037470353,0,62.278197219402394,52.84373988062054,,,,,0.8005502174228152,2.206869459154305,1.4063192417314898,0.9476124984972719,62.278197219402394,,,,,,,,,48.46176066073006,53.43065899102073,-26.715329495510364,0
2025-01-31,81,85.22,80.87,82.49,74.17800000000003,85.12985208081162,63.22614791918843,85.06051828216674,81.07836439009104,0,0,,,,39.71160000000002,40.10871600000002,39.314484000000014,,5.918003107304748,11.205478713365103,9.436081580669642,0,63.90624195284737,54.42377895151811,,,,,0.8812161565720813,2.5078394374465915,1.6266232808745102,0.9548294537051261,63.90624195284737,,,,,,,,,49.11405525657361,53.47931193818456,-26.73965596909228,0
2025-02-03,80.125,84.25,78.47,83.74,74.60550000000003,86.32273427264185,62.88826572735822,86.71191948892445,84.1491355938755,0,0,,,,39.97111111111113,40.37082222222224,39.57140000000002,,5.895445003667277,12.243735381439658,10.636948565841742,0,65.48519874566512,56.32596925435634,,,,,0.9505236632191338,2.8147778598984274,1.8642541966792936,0.9510256741409221,65.48519874566512,,,,,,,,,50.5538974723839,53.5326829930336,-26.7663414965168,0
2025-02-04,102.8,106.91,100.51,103.83,75.80250000000004,93.03013579252752,58.574864207472565,94.90382901206624,88.89208892771914,0,0,,,,40.32280000000002,40.72602800000002,39.919572000000024,,26.38459478540305,36.974374196101635,35.25460379767165,0,80.3577209686169,59.15992539359116,,,,,2.2092370610246723,4.625800522960134,2.4165634619354615,0.840162992468776,80.3577209686169,,,,,,,,,61.88745619971948,53.630697896829254,-26.815348948414627,0
2025-02-05,101.78,103.57,99.32,101.36,77.07450000000003,97.59166108529597,56.55733891470409,91.32167316773221,90.97914055624096,0,0,,,,40.66217777777779,41.06879955555557,40.25555600000001,,19.80662624256826,31.509124288837363,30.498596650844956,0,76.02049884319673,61.38045734057045,,,,,2.702701398677578,5.794940210282434,3.092238811604856,0.8529038099612334,76.02049884319673,,,,,,,,,70.51990659664807,53.768796858627866,-26.884398429313933,0
2025-02-06,101.09,111.545,100.26,111.28,79.13900000000004,104.19634375387736,54.08165624612272,95.94135066209162,94.05561761396335,0,0,,,,41.048177777777795,41.45865955555557,40.63769600000002,,26.694977969555865,40.61335119220606,41.405498820350076,0,80.55891193368375,63.78092085060507,,,,,3.475195086286796,7.436232669463351,3.9610375831765547,0.8579333257667672,80.55891193368375,,,,,,,,,83.4263937965877,53.97710414128503,-26.988552070642516,0
2025-02-07,111.66,116.3,110.45,110.85,81.27000000000002,109.32391380894975,53.216086191050294,93.76704011731353,93.67668798237912,0,0,,,,41.43644444444446,41.850808888888906,41.02208000000002,,21.786420566908383,36.39719453672938,39.08232017164144,0,79.85340902744879,65.81547817997192,,,,,3.713650076087908,8.60310017828644,4.8894501021985315,0.8817651200467272,79.85340902744879,,,,,,,,,84.37875132338687,54.18941887271512,-27.09470943635756,0
2025-02-10,112.03,116.76,108.72,116.65,83.73950000000002,114.94400638930189,52.53499361069815,96.37397764640222,95.3607894752691,0,0,,,,41.84822222222224,42.266704444444464,41.42974000000002,,22.607498344562327,39.30104669839201,44.29142786459399,0,82.12706760316112,67.85943548788569,,,,,3.993999637424638,9.88194964897933,5.887950011554691,0.902724593364634,82.12706760316112,,,,,82.12706760316112,,82.12706760316112,,89.81151926264153,54.43371947904041,-27.216859739520206,0
2025-02-11,116.5,118.66,112.1,112.62,86.12150000000003,118.48596216145079,53.757037838549266,91.06942855551115,93.7368154397423,0,1,,,,42.242977777777796,42.665407555555575,41.82054800000002,,14.47448668428546,30.768739513361897,37.577470294570325,0,75.73173246367608,69.04222074964808,,,,,3.6494807489018184,10.449800947681965,6.800320198780146,0.9231354283872245,75.73173246367608,,,,,,,,,87.62749157544958,54.66213001722087,-27.331065008610434,0
2025-02-12,110.29,117.59,110,117.39,88.69550000000002,122.38228344692445,55.008716553075594,92.50014677547742,93.31451765913023,0,0,,,,42.655511111111124,43.08206622222224,42.22895600000001,,14.927111990053167,32.35169766222634,41.20180105770037,0,77.9230902452765,70.18359112603329,,,,,3.484644207902064,11.156125458657726,7.6714812507556625,0.9450659071253923,77.9230902452765,,,,,,,,,88.71411451981295,54.895348546593745,-27.447674273296872,0
2025-02-13,117.31,118.39,115.1501,117.91,91.18400000000001,125.7704212661556,56.59757873384443,92.51194603060371,92.02717378719741,0,0,,,,43.07071111111112,43.501418222222235,42.64000400000001,,11.433485805012689,29.309966660817665,39.54837029848266,0,78.15467115252916,71.3415029957937,,,,,3.1619028049169966,11.623859756901908,8.461956951984911,0.9535156587654118,78.15467115252916,,,,,,,,,87.27309214570442,55.11769278843767,-27.558846394218836,0
2025-02-14,117.9,120.67,116.8,119.16,93.68000000000002,128.7730756702798,58.58692432972022,93.53755817517862,92.84988366041989,0,0,,,,43.49284444444446,43.9277728888889,43.05791600000001,,8.842791768284354,27.19897523484198,38.64680900575945,0,78.73220609391404,73.05684591303967,,,,,2.7964886097217274,11.95756771413707,9.161079104415343,0.9440934015110214,78.73220609391404,,,,,,,,,88.97717105600684,55.34862894365506,-27.67431447182753,0
2025-02-18,120.94,125,118.43,124.62,96.32250000000002,132.36469520229008,60.280304797709945,95.06687445109988,93.70545955229404,0,0,,,,43.9377777777778,44.377155555555575,43.49840000000002,,9.73258076730039,29.377871213890817,42.27218412500282,0,81.08456374825718,74.47025088025562,,,,,2.68578215246826,12.518306795000669,9.832524642532409,0.9423806985085347,81.08456374825718,,,,,,,,,90.95563618306221,55.58993101713933,-27.794965508569664,0
2025-02-19,123.86,125.41,108.56,112.06,98.27200000000002,133.27536646666974,63.2686335333303,81.32306196667733,89.97583153098526,0,1,,,,44.32520000000002,44.76845200000002,43.881948000000015,,-2.0368913366552666,14.030446108759342,26.38583432019397,0,63.64527535785418,74.70419895396638,,,,,1.5844092434731554,11.813036196873853,10.228626953400697,0.8724221130344543,63.64527535785418,,,,,,,,,85.77603252561907,55.79769010290103,-27.898845051450515,0
2025-02-20,102.91,107.4,95.8,106.27,99.74200000000003,133.47294341995155,66.0110565800485,69.22210102237948,81.87067914671887,0,0,,,,44.688577777777795,45.135463555555575,44.241692000000015,,-7.49558238525081,6.5448858053778425,18.503512619410433,0,57.50523066100853,74.36327277122396,,,,,0.34827597763351825,10.663971925442596,10.315695947809077,0.7240641336467151,57.50523066100853,,,,,,,,,76.50761201417312,55.95265663185306,-27.97632831592653,0
2025-02-21,107.68,109.07,100,101.35,100.86050000000003,133.21907504588185,68.50192495411821,59.91410191854719,70.15308830253464,0,0,,,,45.03675555555557,45.48712311111113,44.586388000000014,,-11.009061534138775,0.48532378879735383,11.71490928330503,0,52.84033289591356,73.57285069572869,,,,,-0.8527947446062747,9.249702517051233,10.102497261657508,0.4448755973033911,52.84033289591356,,,,,,,,,62.12177244538938,56.03986577959799,-28.019932889798994,0
2025-02-24,95.88,99.01,89.3,90.68,101.44550000000004,132.60132993598404,70.28967006401604,48.58016814365145,59.238790361526014,0,0,,,,45.338177777777794,45.79155955555557,44.884796000000016,,-18.942353246149544,-10.612102064655438,-0.8640324185255177,0,44.423779461969644,72.06846360403615,,,,,-2.3339347070829177,7.185078877803861,9.519013584886778,-0.15147707999124932,44.423779461969644,,,,,,,,,49.4417259688148,56.080429228551004,-28.040214614275502,0
2025-02-25,90.65,91.7,85.25,87.84,102.06550000000003,131.5767327597472,72.55426724025286,36.01420065044167,48.169490237546746,0,0,,,,45.627600000000015,46.08387600000002,45.17132400000001,,-19.405450041288162,-13.937618490087267,-4.6837077574701125,0,42.484083773392236,69.36320380437725,,,,,-3.4079610222002206,5.259062307136503,8.667023329336724,-0.4635824967730378,42.484083773392236,,,,,,,,,39.06748161374299,56.09179926609018,-28.04589963304509,0
2025-02-26,89.16,91.69,87.59,89.322,102.52010000000003,130.93150194992097,74.10869805007908,34.74911357469739,39.78116078959681,0,0,,,,45.9236977777778,46.382934755555574,45.46446080000002,,-16.25554799259702,-12.873670626540568,-3.9215039483233127,0,43.86158746256976,67.06613870576105,,,,,-3.886926780522738,3.808364853683301,7.695291634206039,-0.7142771028093907,43.86158746256976,,,,,,,,,32.16648018755563,56.088176819044975,-28.044088409522487,0
2025-02-27,91.91,93.62,84.17,84.77,102.77060000000003,130.45390795551663,75.08729204448342,28.40596731621458,33.05642718045118,0,0,,,,46.20054222222223,46.66254764444445,45.73853680000001,,-18.015980935838304,-17.515320529412136,-9.430277232885064,0,40.64187425517487,64.21492172872469,,,,,-4.344028624678841,2.2652558533574876,6.6092844780363285,-0.8146380037719978,40.64187425517487,,,,,,,,,28.585334978451144,56.0781621887847,-28.03908109439235,0
2025-02-28,79.98,85.18,78.58,84.92,102.95560000000003,130.1046653864911,75.80653461350897,26.871678494656734,30.00891979518953,0,0,,,,46.47592000000001,46.94067920000001,46.011160800000006,,-15.16415715610112,-17.517842642848013,-9.808997292429012,0,40.796099990207665,61.42511394035033,,,,,-4.4534929818012525,1.0424182507847632,5.495911232586016,-0.8897313568013335,40.796099990207665,,,,,,,,,26.586224645518104,56.064995314585886,-28.032497657292943,0
2025-03-03,88.55,90.4796,82.53,83.42,103.00210000000001,130.01363233639253,75.9905676636075,24.454211981017636,26.577285930629618,0,0,,,,46.74445333333335,47.21189786666668,46.27700880000001,,-13.576972645485286,-19.01135996256388,-11.84464706155871,0,39.685660332423694,58.39358484958337,,,,,-4.434475328371233,-0.04718292787802625,4.387292400493207,-0.9134894349863132,39.685660332423694,39.685660332423694,,39.685660332423694,,,,,,23.166085276171597,56.04714186622756,-28.02357093311378,0
2025-03-04,80.16,88.5,79.3,84.4,103.03510000000003,129.9538750233917,76.11632497660835,23.997646302036227,25.107845592570172,0,0,,,,47.018186666666686,47.48836853333335,46.54800480000002,,-8.759913170571343,-18.08616675288326,-11.204068621159124,0,40.819046157193405,55.89982154197747,,,,,-4.167549704111819,-0.8221447296465669,3.345404974465252,-0.9365120197764266,40.819046157193405,,,,,,,,,22.445509249498826,56.028421240813636,-28.014210620406818,0
2025-03-05,86.35,90.3,82.5,90.13,102.35010000000003,129.84419930803296,74.8560006919671,30.84395062920732,26.43193630408703,0,0,,,,47.31912000000001,47.792311200000015,46.84592880000001,,-0.19953449333514062,-11.939509585237362,-5.739570834242658,0,47.08064152532347,53.696789490552256,,,,,-3.446600256891189,-0.9628453466487343,2.4837549102424545,-0.8982808751306194,47.08064152532347,,,,,47.08064152532347,,47.08064152532347,,24.350590208830948,56.01210670112048,-28.00605335056024,0
2025-03-06,87.505,88.34,80.01,80.46,101.30510000000002,130.4117424164654,72.19845758353466,25.734657673492492,26.858751534911985,0,0,,,,47.57520888888891,48.0509609777778,47.09945680000002,,-8.285952681661247,-20.576555375790583,-15.957901656330586,0,39.487533451708345,50.93485108335077,,,,,-3.453807358308394,-1.8335042876430379,1.620303070665356,-0.8861179410120433,39.487533451708345,,,,,,,,,22.381682655130195,55.9933305673538,-27.9966652836769,0
2025-03-07,80.025,85.16,79.15,84.91,99.98660000000004,129.55183293600064,70.42136706399944,28.401604396270677,28.32673756632347,0,0,,,,47.85183111111113,48.33034942222224,47.37331280000002,,-1.3651591678940922,-15.078620535151742,-11.492525178401314,0,43.96616921622958,48.45156273494474,,,,,-3.0080537308013944,-2.139764092836387,0.8682896379650074,-0.8352468110880219,43.96616921622958,,,,,,,,,22.09529996456111,55.974232034905654,-27.987116017452827,0
2025-03-10,82,82.6899,74.57,76.38,98.26310000000004,129.08635113222113,67.43984886777895,21.59132853473036,25.242530201497814,0,0,,,,48.09396444444446,48.57490408888891,47.61302480000001,,-9.775182150653439,-22.26990599726656,-20.311935960203975,0,38.139159877521394,45.384033887035045,,,,,-3.123257548873188,-3.0357822981264775,0.08747525074671036,-0.8458569481867173,38.139159877521394,38.139159877521394,,38.139159877521394,,,,,,15.138264960533334,55.94885157253802,-27.97442578626901,0
2025-03-11,75.785,80.745,75.53,78.05,96.33310000000003,127.14334950174818,65.52285049825188,22.438211936703297,24.143714955901416,0,0,,,,48.3436088888889,48.82704497777779,47.860172800000015,,-6.723775697271117,-18.979042509791576,-18.64345297824378,0,39.820771973988165,43.68228364533032,,,,,-2.9259607451094243,-3.56997568064007,-0.6440149355306458,-0.8339612497840502,39.820771973988165,,,,,,,,,13.609201787079447,55.922591790483295,-27.961295895241648,0
2025-03-12,83.48,84.55,79.86,83.65,94.88460000000003,125.2160761948702,64.55312380512987,28.967429702214417,24.332323391215994,0,0,,,,48.62067555555557,49.10688231111113,48.134468800000015,,0.6509523637632908,-11.840277558212842,-12.90970094659295,0,45.200302872965395,42.80336023189868,,,,,-2.2856649549905024,-3.501096129268774,-1.2154311742782715,-0.758381596286503,45.200302872965395,,,,,,,,,12.420731865011085,55.895776508442694,-27.947888254221347,0
2025-03-13,82.845,83.74,78.32,79.62,92.99610000000004,122.16861644887648,63.823583551123605,27.422012109324,26.27588458274721,0,0,,,,48.88063111111113,49.36943742222224,48.391824800000016,,-3.600745816887385,-14.38350640510735,-17.101416279579883,0,42.27177109668717,42.04846296052536,,,,,-2.010625955686573,-3.728713618886488,-1.7180876631999147,-0.7363904309022722,42.27177109668717,,,,,,,,,13.287327643327947,55.86942069954887,-27.934710349774434,0
2025-03-14,82.97,87.27,82.16,86.24,91.41260000000003,118.35688180078253,64.46831819921752,35.41886782422218,30.60276987858684,0,0,,,,49.17294222222224,49.66467164444446,48.68121280000002,,4.247757657810158,-5.65851972266409,-10.364984139258592,0,48.20797872863001,42.31876290814397,,,,,-1.2947000925705159,-3.3364627789130594,-2.0417626863425435,-0.5196351570538692,48.20797872863001,,,,,,,,,16.372838202454613,55.84503851419183,-27.922519257095914,0
2025-03-17,88.44,88.82,84.5,87.35,89.82210000000003,113.59588520892243,66.04831479107764,42.281030521373054,35.04063681830639,0,0,,,,49.467964444444455,49.9626440888889,48.97328480000001,,5.090292231619764,-2.752217995348627,-9.363897466547154,0,49.152133639045815,42.795052184262076,,,,,-0.6886493456043414,-2.9025743683479703,-2.213925022743629,-0.284029315871267,49.152133639045815,,,,,49.152133639045815,,49.152133639045815,,17.48129352993156,55.82154925037003,-27.910774625185017,0
2025-03-18,85.78,86.1699,81.8,83.89,87.78560000000004,105.49047863160803,70.08072136839206,41.410432743469705,39.70344369635495,0,0,,,,49.744631111111126,50.24207742222224,49.247184800000014,,0.9895507295228478,-4.437629861845272,-12.958578285401268,0,46.3177068202243,42.970489281237406,,,,,-0.4733135269021842,-2.8055669313713594,-2.332253404469175,-0.10187868863275697,46.3177068202243,,,,,,,,,18.942623864675653,55.799357936803226,-27.899678968401613,0
2025-03-19,84.55,87.99,82.86,86.1,86.48760000000004,100.25140985628506,72.72379014371502,45.67380682775319,43.12175669753196,0,0,,,,50.031342222222236,50.531655644444456,49.531028800000016,,4.155325712211977,-0.44815672998216316,-10.114377106204964,0,48.36585204324526,43.52220198038528,,,,,-0.15123358415638322,-2.521295384664654,-2.370061800508271,0.03315641784218106,48.36585204324526,,,,,,,,,18.353997246177837,55.77666144432497,-27.888330722162486,0
2025-03-20,85.54,89.8,85.12,87.39,85.54360000000004,95.92493483517292,75.16226516482716,51.940966776196554,46.34173544913978,0,0,,,,50.32325333333335,50.82648586666668,49.820020800000016,,4.836968257395835,2.1584314899068646,-8.321974261473864,0,49.575212826030004,44.149281468658316,,,,,0.16249998596948956,-2.166936818046409,-2.3294368040158986,0.20012924421959952,49.575212826030004,,,,,,,,,17.83074013729818,55.75354187232341,-27.876770936161705,0
2025-03-21,85.85,91.07,84.46,90.96,85.02410000000005,92.93558617896599,77.1126138210341,65.78608205728109,54.466951887076924,0,0,,,,50.62743111111113,51.13370542222224,50.121156800000016,,8.333432583399869,6.981432323305925,-3.8939029260799174,0,52.86540903828485,45.090692090505534,,,,,0.5996896824330293,-1.579824700974612,-2.1795143834076414,0.36990084667870143,52.86540903828485,,,,,,,,,20.44346518323866,55.73288254279444,-27.86644127139722,0
2025-03-24,93.4,97.39,92.28,96.75,85.32760000000005,94.45583475596288,76.19936524403721,77.92300180267617,65.21668354538458,0,0,,,,50.95596444444446,51.465524088888905,50.44640480000002,,12.500000000000044,13.386524407108546,2.7338349505284576,0,57.68756023054139,46.29558595288754,,,,,1.2316494804162677,-0.6399525328873068,-1.8716020133035745,0.5696123321299786,57.68756023054139,,,,,57.68756023054139,,57.68756023054139,,24.60126994860707,55.717119061928464,-27.858559530964232,0
2025-03-25,97.22,98.17,95.08,96.5,85.76060000000004,96.06966335997475,75.45153664002532,80.22866192464959,74.64591526153559,0,0,,,,51.287208888888905,51.800080977777796,50.774336800000015,,9.85258125106727,12.522533657646928,3.20443533092436,0,57.41443094200854,47.03371376836504,,,,,1.564293160072181,0.08376443678665169,-1.4805287232855293,0.8407644573748511,57.41443094200854,,,,,,,,,27.264600947420377,55.705128463512125,-27.852564231756062,0
2025-03-26,96.29,97.2999,90.82,92.28,85.90850000000005,96.49873564421341,75.31826435578668,76.78158836745179,78.31108403159249,0,0,,,,51.59903111111113,52.11502142222224,51.08304080000002,,4.026694322947244,7.416611860293165,-0.5879116854091038,0,52.86447539053196,47.989209621138166,,,,,1.4349720982302632,0.31318639950229965,-1.1217856987279635,0.848492101719619,52.86447539053196,,,,,,,,,26.45723687008993,55.69193300828095,-27.845966504140474,0
2025-03-27,91.015,93.65,89.67,90.09,86.17450000000005,96.90333120381568,75.44566879618442,71.31533816181278,76.10852948463803,0,0,,,,51.89920888888891,52.41820097777779,51.38021680000002,,0.3732382597070316,4.543687517769124,-1.9863121003586226,0,50.62242493578683,48.464656458249394,,,,,1.1491589757894318,0.31466302100882615,-0.8344959547806056,0.8771346270320837,50.62242493578683,,,,,,,,,22.118827399126914,55.67312401265689,-27.836562006328446,0
2025-03-28,89.34,89.38,84.1,85.85,86.22100000000005,96.9357317278583,75.5062682721418,61.77356805127644,69.95683152684698,0,0,,,,52.177075555555575,52.69884631111113,51.65530480000002,,-4.309153328280324,-0.4302896046207483,-5.500526158980767,0,46.50968474009184,49.06255109129014,,,,,0.6467970810993836,-0.02599960340637608,-0.6727966845057597,0.7142745057993535,46.50968474009184,,,,,,,,,16.909838467847337,55.64938711063133,-27.824693555315665,0
2025-03-31,80,84.65,78.75,84.4,86.27000000000005,96.9419239127706,75.5980760872295,53.09467665407379,62.061194289054306,0,0,,,,52.44014222222224,52.96454364444447,51.915740800000016,,-5.615012133615105,-2.1676133070592907,-5.896414697998875,0,45.158500194226676,49.44381739273575,,,,,0.2116183525135662,-0.408273743863802,-0.6198920963773682,0.46219665197111187,45.158500194226676,45.158500194226676,,45.158500194226676,,,,,,13.025522110269705,55.62326453358662,-27.81163226679331,0
2025-04-01,83.89,85.28,81.8201,84.68,86.28400000000003,96.94680525940419,75.62119474059588,49.28906603611426,54.719103580488145,0,0,,,,52.72138666666669,53.24860053333336,52.19417280000002,,-5.38547486033516,-1.8589773306754709,-4.161598845895009,0,45.48783634571438,49.46435549793211,,,,,-0.04871624368792182,-0.6807874009872705,-0.6320711572993487,0.2653758711987929,45.48783634571438,,,,,,,,,10.324887587623726,55.59613824707973,-27.798069123539864,0
2025-04-02,82.4,88.405,82.3,87.45,86.15000000000005,96.68267107622592,75.61732892377418,50.51375170552499,50.96583146523766,0,0,,,,53.01423111111113,53.54437342222224,52.484088800000016,,-2.4376638589836075,1.508995937318569,-0.09908221386683014,0,48.765745585247416,49.928210818543555,,,,,-0.0267977382096104,-0.6655683300613617,-0.6387705918517513,0.014039535235102095,48.765745585247416,,,,,,,,,10.66809061734697,55.56915467419689,-27.784577337098444,0
2025-04-03,81.25,85.68,81.01,83.6,86.30700000000004,96.58629199896409,76.027708001036,38.25116377377293,46.017993838470716,0,0,,,,53.29183111111113,53.82474942222224,52.75891280000002,,-6.336828896656788,-3.136477921837222,-3.6656229162121967,0,44.73898954095956,49.68042587656709,,,,,-0.25152931803237477,-0.9531822393922198,-0.701652921359845,-0.19593967872707446,44.73898954095956,,,,,,,,,9.990070715903808,55.54201509036984,-27.77100754518492,0
2025-04-04,80.07,80.98,71.9303,74.01,85.76200000000003,97.35202433129368,74.17197566870638,26.734476217915848,38.499797232404575,0,0,,,,53.52920888888892,54.064500977777804,52.99391680000003,,-15.476068112515806,-13.70303864182274,-13.811307981236743,0,36.626128666424634,48.78571123566558,,,,,-0.984815696268441,-1.9326725416953963,-0.9478568454269553,-0.46633652628123656,36.626128666424634,36.626128666424634,,36.626128666424634,,,,,,5.1504165349551725,55.514478052099,-27.7572390260495,0
2025-04-07,66.65,81.8,66.12,77.84,85.83500000000004,97.20401842728633,74.46598157271374,28.216275304873193,31.06730509885398,0,0,,,,53.7820977777778,54.31991875555558,53.24427680000002,,-9.139722189798027,-9.314382245004982,-8.896979305975417,0,41.211211813837636,48.42096159235224,,,,,-1.139736643548292,-2.3725276498623202,-1.2327910063140282,-0.6892517310140002,41.211211813837636,,,,,,,,,0.7909794475259283,55.48802056420557,-27.744010282102785,0
2025-04-08,83.29,86.114,75.22,77.32,85.79850000000005,97.27147045232684,74.32552954767326,26.590148152220266,27.180299891669762,0,0,,,,54.030453333333355,54.57075786666669,53.49014880000002,,-7.679816601394562,-9.881874391743505,-9.132646905354779,0,40.7798203579108,47.87910218625694,,,,,-1.1990372787052046,-2.731587604695534,-1.5325503259903293,-0.8251655927670917,40.7798203579108,,,,,,,,,-2.104642742655226,55.463039217411,-27.7315196087055,0
2025-04-09,78.19,93.33,77.27,92.01,86.21650000000004,97.95206521859822,74.48093478140186,46.046788129492256,33.61773719552857,0,0,,,,54.34307555555558,54.886506311111134,53.799644800000024,,9.895491191400474,6.719711424147312,8.017468752690316,0,55.083935228899236,48.27258235789045,,,,,-0.22189680224701025,-1.809921328799092,-1.5880245265520818,-0.6890287479653856,55.083935228899236,,,,,55.083935228899236,,55.083935228899236,,5.212491470235901,55.43561702330882,-27.71780851165441,0
2025-04-10,88.4,90.78,84.14,88.59,86.66500000000005,98.03789848719165,75.29210151280844,48.878119346170344,40.50501854262762,0,0,,,,54.64058666666669,55.18699253333336,54.094180800000025,,6.000598265031454,2.221196561472283,3.8472358981572086,0,51.938575674518134,48.20637997476426,,,,,0.1984094213060239,-1.340012749919552,-1.538422171225576,-0.5792723185680547,51.938575674518134,,,,,,,,,9.375211847550927,55.40853339382455,-27.704266696912274,0
2025-04-11,87.98,89.55,85.47,88.55,86.78050000000005,98.18067451620652,75.38032548379357,52.78019206002927,49.235033178563945,0,0,,,,54.93743111111113,55.48680542222224,54.38805680000002,,5.611545113006167,2.039052552128595,3.653326153882097,0,51.90124707463214,47.79307189219931,,,,,0.4629210645469237,-0.9597708405419212,-1.422691905088845,-0.3730519157369108,51.90124707463214,,,,,,,,,13.663796599379948,55.383087333367314,-27.691543666683657,0
2025-04-14,95.8,97.33,91.46,92.62,87.04400000000004,98.72481058830971,75.36318941169037,60.163557479425066,53.94062296187489,0,0,,,,55.252986666666686,55.80551653333335,54.70045680000002,,9.393270105235874,6.405955608657643,8.029719253363954,0,55.41266319934694,47.6500884820092,,,,,0.8771530532125138,-0.32625058857320255,-1.2034036417857163,-0.015405280782946945,55.41266319934694,,,,,,,,,13.429073361093202,55.35755483722509,-27.678777418612544,0
2025-04-15,93.53,98.99,93.05,98.4,87.76950000000004,100.3447987638455,75.19420123615457,73.68305195373615,62.20893383106349,0,0,,,,55.59592000000002,56.151879200000025,55.03996080000002,,14.366740664117494,12.111838394886565,14.150042342241264,0,59.890922798375584,48.15197758256945,,,,,1.470641124383545,0.634897763693715,-0.8357433606898301,0.35678725002168266,59.890922798375584,,,,,59.890922798375584,,59.890922798375584,,17.007282376928078,55.33432810753192,-27.66716405376596,0
2025-04-16,96.28,97.3,89.62,92.71,88.10000000000004,100.82892297093389,75.37107702906619,70.80866410625688,68.21842451313937,0,0,,,,55.91387555555558,56.473014311111136,55.35473680000002,,7.098711950557424,5.232690124858075,7.442103026674074,0,54.12744803523916,48.402336375387485,,,,,1.4100313173270687,0.9267957859690057,-0.48323553135806296,0.5475757720583359,54.12744803523916,,,,,,,,,18.27106916677994,55.312147741464855,-27.656073870732428,0
2025-04-17,94.71,95.11,92.27,93.78,88.41950000000004,101.37977850780877,75.45922149219132,73.44357064582077,72.64509556860459,0,0,,,,56.238586666666684,56.80097253333335,55.67620080000002,,7.0755740269230705,6.062576694054989,8.125766246344067,0,55.00434816315356,49.009098048463315,,,,,1.370816559233345,1.2302851676836184,-0.14053139154972666,0.6441190302791507,55.00434816315356,,,,,,,,,18.309912987276277,55.29002521167447,-27.645012605837234,0
2025-04-21,92.84,96.475,89.31,90.8,88.41150000000005,101.36569202420453,75.45730797579556,69.49811995758135,71.25011823655298,0,0,,,,56.548764444444465,57.11425208888891,55.98327680000002,,1.7230176334834812,2.7015716281252544,4.453459924995928,0,52.02172003390612,49.49932803701184,,,,,1.085481599069372,1.2163206072869883,0.13083900821761635,0.6596892422094378,52.02172003390612,,,,,,,,,14.775881335833366,55.26536428180447,-27.632682140902237,0
2025-04-22,93.015,96.3399,91.3503,93.99,88.27350000000004,100.92469484475549,75.62230515524459,70.92056915518071,71.2874199195276,0,0,,,,56.87294222222225,57.441671644444476,56.30421280000002,,3.4255092047493108,6.475895937059195,7.397913516437016,0,54.84446830277814,50.16765889108783,,,,,1.0521219481142483,1.4459914433604268,0.3938694952461785,0.7044655172909795,54.84446830277814,,,,,,,,,14.951802173843447,55.2408422866939,-27.62042114334695,0
2025-04-23,98.86,103.76,97.83,100.82,88.48950000000005,101.8241908100623,75.1548091899378,78.38413063389082,72.93427324888427,0,0,,,,57.227964444444474,57.80024408888892,56.65568480000003,,8.144636210539913,13.934421598042634,14.211702866809572,0,60.23840643796782,50.987134666282145,,,,,1.408342604979737,2.1542977514708497,0.7459551464911127,0.819772062191152,60.23840643796782,,,,,,,,,17.46423287481407,55.218109850873006,-27.609054925436503,0
2025-04-24,101.53,108,100.9101,107.78,89.26450000000004,104.97954307980004,73.54945692020004,82.70020279555426,77.33496752820857,0,0,,,,57.61040888888891,58.1865129777778,57.03430480000002,,13.687186194675371,20.74228836771612,20.993724671359093,0,64.84664543293513,52.42339580142326,,,,,1.9951573745239104,3.2399018646460007,1.2447444901220903,0.8711217410751873,64.84664543293513,,,,,,,,,24.010347856206366,55.20207940533051,-27.601039702665254,0
2025-04-25,108.05,112.88,106.55,112.78,90.39900000000004,109.16795511209844,71.63004488790165,87.18063700848042,82.75499014597514,0,0,,,,58.0152977777778,58.59545075555558,57.435144800000025,,16.001357703424123,24.758017234703857,25.054979985437175,0,67.73926254958155,54.64576250736304,,,,,2.566112278341823,4.452384838049369,1.886272559707546,0.8687826090399557,67.73926254958155,,,,,,,,,31.182365297082708,55.19684124317834,-27.59842062158917,0
2025-04-28,113.78,114.86,108.87,114.65,91.83900000000004,113.22737992929741,70.45062007070267,90.3105750144975,86.73047160617737,0,0,,,,58.4300977777778,59.01439875555558,57.84579680000002,,14.841785782256412,24.838031772993997,25.807442738318986,0,68.77415371659782,56.614544071845906,,,,,2.8915981493600187,5.500770246407569,2.6091720970475505,0.8701204313640235,68.77415371659782,,,,,,,,,36.220335805399124,55.201309647817254,-27.600654823908627,0
2025-04-29,113.98,117.23,113.24,116.08,93.42300000000003,116.95774121378814,69.88825878621192,91.24712803461951,89.57944668586579,0,0,,,,58.84778666666669,59.43626453333336,58.25930880000003,,13.604556709304294,24.252057844427988,26.051971462389577,0,69.57784539726698,58.671545860371346,,,,,3.011495969773771,6.373542059264764,3.362046089490993,0.8702569723635927,69.57784539726698,,,,,,,,,38.973626709579904,55.21177700164067,-27.605888500820335,0
2025-04-30,111.61,118.78,110.54,118.44,95.11100000000005,120.65250966563964,69.56949033436045,92.00131143375934,91.18633816095875,0,0,,,,59.27214222222224,59.86486364444447,58.67942080000002,,13.684574258756289,24.528182860026646,27.026118789369356,0,70.90860746915705,59.80187959181834,,,,,3.048736559975528,7.1729667894604034,4.124230229484875,0.9139434258768575,70.90860746915705,,,,,,,,,40.56400500938271,55.22589092637471,-27.612945463187355,0
2025-05-01,120.04,120.19,116,116.2,96.54850000000005,123.40579120741626,69.69120879258384,89.76623278174353,91.00489075004077,0,1,,,,59.682853333333355,60.27968186666669,59.08602480000002,,9.075207449404932,20.354018964561792,23.29697381265643,0,67.87378552305192,60.94010886671361,,,,,2.731707045464092,7.53886403631499,4.807156990850898,0.9190456563253429,67.87378552305192,,,,,,,,,40.532815304272425,55.23981875239555,-27.619909376197775,0
2025-05-02,118.66,124.42,118.63,124.28,98.58250000000005,127.30600875154286,69.85899124845724,92.41364575218451,91.39372998922909,0,0,,,,60.13160888888891,60.7329249777778,59.530292800000026,,13.412786771550135,26.066999721045757,30.172019509742576,0,72.45359321075205,62.40813359072217,,,,,2.861619281362165,8.384181092553604,5.522561811191439,0.9265315968571618,72.45359321075205,,,,,72.45359321075205,,72.45359321075205,,43.08335072869204,55.25997700900324,-27.62998850450162,0
2025-05-05,123.7,125.255,121.36,123.77,101.07050000000005,129.46768047623678,72.67331952376331,89.99217965468686,90.72401939620494,0,1,,,,60.5788977777778,61.184686755555575,59.97310880000002,,9.648384553371358,22.459075595747446,28.16963638497485,0,71.75824396427507,63.57567507393133,,,,,2.7101397922587456,8.91023655151487,6.200096759256125,0.9373057089700357,71.75824396427507,,,,,,,,,44.442640867768375,55.283555157736174,-27.641777578868087,0
2025-05-06,112.71,113.91,105.3201,108.86,102.62150000000005,129.0975550497986,76.14544495020152,73.8666180296079,85.42414781215973,0,0,,,,60.95672000000002,61.56628720000002,60.34715280000002,,-4.8143679065456135,6.079135463815999,12.260366501325093,0,55.1071385146347,63.23397619652126,,,,,1.465078910748959,8.031445397692323,6.566366486943364,0.8679453143548183,55.1071385146347,55.1071385146347,,55.1071385146347,,,,,,40.73660340374616,55.297606922403475,-27.648803461201737,0
2025-05-07,107.97,111.85,107,110.48,104.27950000000006,128.24413350439482,80.31486649560527,68.6663091149346,77.50836893307643,0,0,,,,61.3420977777778,61.95551875555558,60.728676800000024,,-4.2069850518502765,5.94603925028403,13.386085367981293,0,56.293825338484424,63.38871743246735,,,,,0.651417319158794,7.380638135891857,6.729220816733063,0.7663272821491478,56.293825338484424,,,,,,,,,34.53679314634346,55.29805587967989,-27.649027939839947,0
2025-05-08,112.28,120.38,112.07,119.15,105.63650000000004,129.74160508170357,81.53139491829651,72.91456600473744,71.81583104975994,0,0,,,,61.76823111111113,62.38591342222224,61.15054880000002,,2.3019000764152198,12.792453366024015,21.170313019071262,0,62.072194838785215,63.893563623583894,,,,,0.5992317481163223,7.4782605018784665,6.879028753762144,0.7218200073415066,62.072194838785215,,,,,,,,,31.910337434742555,55.29355796565255,-27.646778982826277,0
2025-05-09,118.97,119.16,114.9,117.3,107.07200000000005,130.3508372561855,83.79316274381459,70.09080601369892,70.55722704445695,0,0,,,,62.18480888888891,62.8066569777778,61.56296080000002,,0.3241504947785634,9.552450687387882,18.19870414719915,0,60.24199230135506,64.48072592840168,,,,,0.35433265464988484,7.3219445720745,6.967611917424615,0.625242429432643,60.24199230135506,,,,,,,,,34.31927554376873,55.293486405738776,-27.646743202869388,0
2025-05-12,120.78,120.935,115.01,118.46,108.56750000000004,130.7098258715063,86.42517412849378,71.86007821575664,71.62181674473095,0,0,,,,62.6000977777778,63.226098755555576,61.97409680000002,,0.9871954442379982,9.11184286273512,18.074290650541492,0,61.01812454274365,64.9217013741135,,,,,0.19276604626260596,7.208569475252872,7.015803428990266,0.5050151154168563,61.01812454274365,,,,,,,,,36.422177065102034,55.29758193544136,-27.64879096772068,0
2025-05-13,119.92,130.6,119.31,128.1,110.34150000000004,132.7721364376933,87.91086356230679,79.21529045500805,73.72205822815448,0,0,,,,63.05467555555557,63.685222311111126,62.42412880000001,,8.097616958077358,16.09412596348605,25.855575569019095,0,66.81571239318977,65.39150894234365,,,,,0.6326346500540474,7.806596741557826,7.173962091503778,0.48423409037609205,66.81571239318977,,,,,,,,,38.71097239178322,55.30654295528965,-27.653271477644825,0
2025-05-14,129.01,133.49,127.5593,130.18,111.93050000000002,135.23773276152667,88.62326723847337,81.46996340348763,77.51511069141738,0,0,,,,63.51965333333335,64.15484986666668,62.88445680000002,,8.775213489530254,16.304313837604557,26.021297192642745,0,67.92420554595375,65.61133466470213,,,,,0.9425091132458219,8.352098483061056,7.409589369815234,0.5091524851807364,67.92420554595375,,,,,67.92420554595375,67.92420554595375,67.92420554595375,,42.6233094888186,55.32467755670529,-27.662338778352645,0
2025-05-15,128.37,130.1999,125.74,128.12,113.70100000000002,136.26696720727904,91.13503279272099,77.28328022707696,79.32284469519082,0,0,,,,63.98312000000002,64.62295120000002,63.34328880000002,,5.998179862662378,12.681506758955496,22.420509161790836,0,65.58746793023525,65.45763504903452,,,,,0.8883083389867261,8.519974793548641,7.631666454561915,0.5447928012683925,65.58746793023525,,,,,,,,,45.33698005404002,55.34971985179542,-27.67485992589771,0
2025-05-16,129.23,130.33,126.76,129.52,115.48800000000003,137.10115118162977,93.87484881837028,79.22463225842282,79.32595862966242,0,0,,,,64.45138666666668,65.09590053333335,63.80687280000001,,6.6939057943556035,12.150180105292296,21.97426536371594,0,66.43264556300933,65.29038446663535,,,,,0.8275380357703233,8.66608899927482,7.838550963504496,0.5921826337776716,66.43264556300933,,,,,,,,,45.15540205303463,55.37411715117199,-27.687058575585993,0
2025-05-19,124.715,127.77,124.32,126.33,117.26450000000004,136.13550471623,98.3934952837701,74.33703057236528,76.94831435262164,0,0,,,,64.9036977777778,65.55273475555558,64.25466080000001,,3.84710234278669,7.7308136733623245,17.047725230163845,0,62.65653197357097,64.79600493637135,,,,,0.4710265552888524,8.427334157615562,7.956307602326709,0.5977034865726252,62.65653197357097,,,,,,,,,43.07289478100865,55.392965884845154,-27.696482942422577,0
2025-05-20,127.22,128.2,124.65,125.59,118.84450000000004,134.70802857973166,102.9809714202684,72.09099417562392,75.21755233547061,0,0,,,,65.35476444444446,66.0083120888889,64.70121680000001,,1.8382621246644915,5.675904227793427,14.671024999543448,0,61.779264642671954,64.14390902019385,,,,,0.10311886682537263,8.085206185858425,7.982087319033052,0.6095172737358081,61.779264642671954,,,,,,,,,41.575533592564916,55.408001623129685,-27.704000811564843,0
2025-05-21,125.16,127.11,119.41,120.58,119.83250000000002,133.37402262487424,106.29097737512582,61.879742373691144,69.43592237389339,0,0,,,,65.77858666666668,66.43637253333335,65.12080080000001,,-3.0185067520288267,0.6237873698704322,8.66587361666844,0,56.05678233417063,63.29983736384518,,,,,-0.5253818683098386,7.325359983645754,7.8507418519555925,0.486200346363717,56.05678233417063,56.05678233417063,,56.05678233417063,,,,,,37.62984054090446,55.413985227891324,-27.706992613945662,0
2025-05-22,121.95,126.33,121.375,122.29,120.55800000000004,132.94439350254848,108.1716064974516,57.72083509676597,63.89719054869363,0,0,,,,66.20952000000003,66.87161520000002,65.54742480000003,,-1.8909400146012278,1.4366528973605908,9.213503215051166,0,57.503674521459445,62.23198602889571,,,,,-0.854218077082205,6.782969255602836,7.637187332685041,0.5327826256157492,57.503674521459445,,,,,,,,,35.46056790979576,55.41544846647913,-27.707724233239563,0
2025-05-23,120.88,125.54,120.68,123.31,121.08450000000005,132.98950646786716,109.17949353213292,54.57990734224796,58.06016160423497,0,0,,,,66.64254222222223,67.30896764444445,65.97611680000001,,-1.547330097087385,1.8379726554595743,8.997854987742748,0,58.38390100293043,61.276675817371085,,,,,-1.0200794810030036,6.362087981431287,7.382167462434291,0.5913084982766368,58.38390100293043,,,,,,,,,33.93590354115909,55.413931243971085,-27.706965621985542,0
2025-05-27,126.82,127.88,120.88,123.39,121.52150000000003,133.0864388671092,109.95656113289087,53.7542641754299,55.35166887148122,0,0,,,,67.07614222222224,67.74690364444447,66.40538080000002,,-1.8697163216452983,1.5375879988314578,7.9603121828299095,0,58.45658181589399,61.51592176746103,,,,,-1.1327603422335262,5.9662170346423835,7.09897737687591,0.4178826753027374,58.45658181589399,,,,,,,,,34.36203979470041,55.41316820559549,-27.706584102797745,0
2025-05-28,124.23,125.65,122.91,123.76,121.90550000000003,133.22972973097856,110.5812702690215,54.715510663084174,54.34989406025395,0,0,,,,67.5112977777778,68.18641075555557,66.83618480000003,,-1.2345679012345734,1.5212603204941333,7.309459810977148,0,58.81483956340805,61.695994212098434,,,,,-1.1851128401811604,5.617586326649459,6.802699166830619,0.1571617456478525,58.81483956340805,,,,,,,,,34.401931346904014,55.4124324782934,-27.7062162391467,0
2025-05-29,125.35,126.47,121.5302,122.32,122.09950000000003,133.31199566332006,110.88700433668002,51.146625796643576,53.20546687838583,0,0,,,,67.93392000000003,68.61325920000003,67.25458080000003,,-1.7675733410428829,0.18059042010816206,5.332652088799028,0,56.763178934188524,61.31677879034153,,,,,-1.3097171439503983,5.1655527368926215,6.47526988084302,-0.054900390349327186,56.763178934188524,,,,,,,,,33.578447507812406,55.41011875409552,-27.70505937704776,0
2025-05-30,123.53,131.94,122.75,131.78,122.8785,134.50064657453623,111.25635342546376,60.62623633320068,55.49612426430942,0,0,,,,68.3964977777778,69.08046275555557,67.71253280000002,,5.519389528133423,7.244147674328705,12.220364530257811,0,65.32155792051958,61.679604905996136,,,,,-0.7744778704439721,5.507172542788055,6.281650413232027,-0.06955838720363622,65.32155792051958,,,,,,,,,35.92315610282176,55.41223418823498,-27.70611709411749,0
2025-06-02,131.435,134.48,128.86,132.04,123.2665,135.54924769748266,110.98375230251733,72.43800610950699,61.40362274645036,0,0,,,,68.86160888888891,69.5502249777778,68.17299280000002,,5.514667689529218,7.117505567206006,11.233730676888044,0,65.52354669580563,62.001420774071995,,,,,-0.4390768685487032,5.732804327546148,6.171881196094851,-0.10640859939918587,65.52354669580563,,,,,,,,,38.178233704766065,55.41893969667542,-27.70946984833771,0
2025-06-03,133.07,135.28,130.1,133.17,123.7365,136.75753878344577,110.71546121655425,77.22058356175222,70.09494200148657,0,0,,,,69.32716444444446,70.02043608888891,68.63389280000001,,5.839155003457219,7.623861997066328,10.8665971050528,0,66.43849973191303,61.97447701255222,,,,,-0.18999078601094066,5.934392713581175,6.124383499592116,0.16416940789768766,66.43849973191303,,,,,66.43849973191303,66.43849973191303,66.43849973191303,,41.291291555146074,55.432547317121625,-27.716273658560812,0
2025-06-04,132.8,132.95,125.58,130.01,124.79400000000001,136.13787658607012,113.4501234139299,73.36329468919307,74.3406281201507,0,0,,,,69.78214222222225,70.47996364444447,69.08432080000003,,2.9659842394962777,4.179688126031689,7.164641685487694,0,61.52153906293271,61.51714369233643,,,,,-0.2814074771157511,5.772624153197427,6.054031630313178,0.3811065844703259,61.52153906293271,,,,,,,,,40.098333822066444,55.44330202659096,-27.72165101329548,0
2025-06-05,129.27,132.85,118.93,119.91,125.26550000000002,134.83560235054964,115.6953976494504,53.27685605459573,67.95357810184694,0,0,,,,70.19032000000003,70.89222320000003,69.48841680000002,,-4.982646317691253,-4.275319221972551,-1.6763105315377946,0,49.031333252703924,60.33456264394134,,,,,-1.0237056984295139,4.774399507276286,5.7981052057058,0.22252889973109022,49.031333252703924,49.031333252703924,,49.031333252703924,,,,,,35.27922044368898,55.44388252893732,-27.72194126446866,0
2025-06-06,123.73,128.13,121.92,127.72,125.69400000000003,134.89060024139195,116.49739975860811,54.686425143949364,60.44219196257933,0,0,,,,70.63054222222225,71.33684764444448,69.92423680000002,,0.7724414356837794,1.611851003230047,4.160040450501135,0,56.40224008862026,59.6181051100564,,,,,-0.9897437625212016,4.560925502554298,5.550669265075499,0.38330838582805815,56.40224008862026,,,,,,,,,32.81346918418254,55.43987791996588,-27.71993895998294,0
2025-06-09,127.075,132.23,124.8,132.06,126.43200000000002,135.17340858214385,117.69059141785618,57.5199181744635,55.16106645766947,0,0,,,,71.09005333333336,71.80095386666669,70.37915280000003,,3.4823219658976834,4.451404707668938,7.137931500736894,0,59.874862482129686,59.41941443209631,,,,,-0.6902088067320857,4.687908256660393,5.378117063392478,0.529122501464612,59.874862482129686,,,,,,,,,32.965562123172354,55.43610508121847,-27.718052540609236,0
2025-06-10,131.02,134.0699,129.41,132.81,127.14950000000003,135.5028358007428,118.79616419925728,61.099076130259505,57.76847314955739,0,0,,,,71.5548977777778,72.27044675555557,70.83934880000002,,3.3074565565736957,4.451846055234165,7.219840635520325,0,60.46096776850003,59.325250369655464,,,,,-0.4674522320465586,4.79380177333428,5.261254005380839,0.6336244257070263,60.46096776850003,,,,,,,,,36.95158383667792,55.43984616102799,-27.719923080513993,0
2025-06-11,133.92,140,132.99,136.39,127.56400000000001,136.83695292773507,118.29104707226494,70.72080612009674,63.113266808273245,0,0,,,,72.03378666666669,72.75412453333335,71.31344880000002,,5.060044214726411,6.918879934777822,9.511497944501501,0,63.22248603547777,59.837086348320256,,,,,-0.12282672012847051,5.107720605220251,5.230547325348722,0.6565628316831817,63.22248603547777,,,,,,,,,39.40700904081324,55.44870492403699,-27.724352462018494,0
2025-06-12,136.4,137.0999,134.63,135.19,127.81450000000002,137.61241503331044,118.01658496668959,71.38386121221535,67.73458115419054,0,0,,,,72.50760888888891,73.2326849777778,71.78253280000003,,3.1134637093083617,5.770472051293063,8.063531988478733,0,61.6677282582169,60.13451875808864,,,,,-0.024650444256018034,5.199734270028699,5.224384714284717,0.6654781673631341,61.6677282582169,,,,,,,,,39.87794235248189,55.458517656753195,-27.729258828376597,0
2025-06-13,133.815,139.99,133.35,137.4,128.2785,138.93193376569218,117.62506623430784,75.24076528327696,72.44847753852967,0,0,,,,72.9917866666667,73.72170453333337,72.26186880000003,,4.351788562314862,7.110700546077475,9.213172348560095,0,63.45039267281818,60.49641102022348,,,,,0.13158407933524963,5.388864813453779,5.257280734118529,0.6881217610729572,63.45039267281818,,,,,,,,,40.77002305882832,55.47024696299095,-27.735123481495474,0
2025-06-16,140.03,144.86,139.8115,141.41,128.87300000000002,140.96683826582728,116.77916173417277,80.16889714664642,75.59784121404624,0,0,,,,73.49223111111112,74.22715342222223,72.75730880000002,,6.638412753474521,9.72818200864416,11.892704541857846,0,66.49512951767505,61.07059299892213,,,,,0.4305902040678191,5.795518489203303,5.364928285135484,0.7173791721896029,66.49512951767505,,,,,66.49512951767505,,66.49512951767505,,41.78719229776049,55.48422745816901,-27.742113729084505,0
2025-06-17,141.485,141.69,136.08,138.2,129.46650000000002,142.15338972916425,116.7796102708358,77.10310513662006,77.50425585551447,0,0,,,,73.98823111111112,74.72811342222224,73.2483488,,3.8239050409435427,6.745760486303376,8.938129133460993,0,62.03977177001152,61.30094529939381,,,,,0.3416634723694809,5.792007625597336,5.450344153227855,0.7031882963718168,62.03977177001152,,,,,,,,,42.18533252167074,55.49903809740577,-27.749519048702886,0
2025-06-18,139.04,140.36,137.4901,139.96,130.185,143.52327050257944,116.84672949742057,79.3743301131455,78.88211079880399,0,0,,,,74.49192000000002,75.23683920000002,73.74700080000002,,4.365981879870229,7.508545531359223,9.431237994959485,0,63.48442370483252,61.78103421158267,,,,,0.3306446969975054,5.863650024474737,5.533005327477231,0.6760613661105543,63.48442370483252,,,,,,,,,42.498434691995804,55.51448147352516,-27.75724073676258,0
2025-06-20,140.69,142.24,136.7418,137.3,131.02100000000002,143.93561637060787,118.10638362939216,73.73423893908199,76.73722472961585,0,0,,,,74.98134222222224,75.73115564444446,74.23152880000002,,1.0718176732133822,4.792361529831091,6.6062762859915525,0,59.78141886777851,61.38530999352974,,,,,0.0862070615145587,5.64076415437043,5.554557092855871,0.709750745478093,59.78141886777851,59.78141886777851,,59.78141886777851,,,,,,40.5313604678342,55.525270572358494,-27.762635286179247,0
2025-06-23,138.9,142.15,135.96,139.92,131.9025,144.71934497058405,119.08565502941595,71.69746158412369,74.9353435454504,0,0,,,,75.48285333333335,76.23768186666669,74.72802480000001,,2.0836981264226617,6.078353329163577,8.059683049643152,0,62.12481748944111,61.14254362164655,,,,,0.04504161298107334,5.610859109082213,5.56581749610114,0.7687547816077646,62.12481748944111,,,,,,,,,40.53900306343553,55.5359846081151,-27.76799230405755,0
2025-06-24,140.98,143.66,137.8,143.23,132.89850000000004,145.98282997902297,119.81417002097712,76.83844867655384,74.09004973325317,0,0,,,,76.00223111111113,76.76225342222224,75.24220880000001,,3.653903213900578,7.773977885378658,9.882494342083348,0,64.90679636155515,61.033136238049565,,,,,0.17737272311285857,5.787533399992213,5.610160676879355,0.8566507930937627,64.90679636155515,,,,,,,,,41.00040532488783,55.547644707633154,-27.773822353816577,0
2025-06-25,144.49,147.67,141.53,142.9,133.87400000000005,146.8861856734349,120.86181432656518,79.88469891039507,76.14020305702421,0,0,,,,76.51783111111112,77.28300942222224,75.7526528,,2.6654213664774717,6.742160539014264,8.948407706441586,0,64.3989312463646,61.23866425115184,,,,,0.17881053495816968,5.833673845577067,5.6548633106188975,0.8737097861104077,64.3989312463646,,,,,,,,,42.287020224056356,55.56217312977922,-27.78108656488961,0
2025-06-26,144.85,148.215,142.91,144.25,134.89850000000004,147.79005735355287,122.0069426464472,82.89541072913413,79.87285277202768,0,0,,,,77.04303111111113,77.81346142222225,76.27260080000002,,3.053380579527909,6.932249061331275,9.528124240706216,0,65.58526569494559,62.42108799702624,,,,,0.20493772062414628,5.911035461399081,5.7060977407749345,0.9133144253065554,65.58526569494559,,,,,65.58526569494559,65.58526569494559,65.58526569494559,,42.985681322039,55.578246821380034,-27.789123410690017,0
2025-06-27,144.87,144.97,130.54,130.74,135.31950000000003,147.03693056305272,123.60206943694735,64.52394950296852,75.76801971416592,0,0,,,,77.51414222222225,78.28928364444447,76.73900080000003,,-6.300392027578116,-3.3842129183155545,-0.7440024293957181,0,48.25536792145272,61.839168556514274,,,,,-0.703627481607894,4.8265633887650665,5.5301908703729605,0.4868909251516232,48.25536792145272,,,,,,,,,38.056063531492214,55.583273438692316,-27.791636719346158,0
2025-06-30,137.79,138.8752,134.8,136.32,135.54650000000004,147.15626532923662,123.93673467076344,62.53173959109654,69.9836999410664,0,0,,,,78.01294222222224,78.79307164444445,77.23281280000002,,-2.2256012279179616,0.5706528755814011,3.2779433304712002,0,53.69737233589384,61.39791926035457,,,,,-0.9305283637009536,4.367030415746768,5.297558779447722,0.2683259975237484,53.69737233589384,,,,,,,,,35.102342857502954,55.58247830164183,-27.791239150820914,0
2025-07-01,135.27,136.32,128.51,130.68,135.47850000000003,147.18514815393226,123.77185184606779,45.08888096141946,57.38152335182818,0,0,,,,78.47556444444446,79.2603200888889,77.69080880000001,,-5.543910372244342,-3.5418904106555793,-1.0239941832283272,0,48.18162210425756,60.52082314148011,,,,,-1.4321940624548084,3.5073162013792114,4.93951026383402,-0.14416882246086288,48.18162210425756,48.18162210425756,,48.18162210425756,,,,,,30.061018045482623,55.573193313354814,-27.786596656677407,0
2025-07-02,131.47,133.6,130.1901,132.12,135.42600000000002,147.18289823039913,123.66910176960089,41.58353996756881,49.73472017336161,0,0,,,,78.94578666666668,79.73524453333334,78.15632880000001,,-4.081543755717243,-2.4411855921315007,-0.07941009642657981,0,49.60495812288258,59.548142576294744,,,,,-1.6246855605201942,2.908653313183777,4.533338873703971,-0.3490066870655942,49.60495812288258,,,,,,,,,30.110949681731427,55.56396784039867,-27.781983920199334,0
2025-07-03,134.36,135.62,132.51,134.36,135.64350000000002,147.1498500294391,124.13714997056091,44.07985558183119,43.58409217027315,0,0,,,,79.41280888888892,80.20693697777781,78.61868080000002,,-2.0571211966584957,-0.9462303759487201,1.3905099207147664,0,51.821847280605716,58.84486536360823,,,,,-1.5585448188012858,2.585157850202364,4.14370266900365,-0.5176639159498932,51.821847280605716,,,,,,,,,29.12359108388681,55.55327520256613,-27.776637601283063,0
2025-07-07,134.38,139.29,132.32,139.12,136.604,145.6380719501212,127.56992804987881,48.13566100394866,44.59968551778289,0,0,,,,79.89774222222225,80.69671964444447,79.09876480000003,,1.2783553187152075,1.8418201516793076,4.495175335373003,0,56.2283376671956,58.32900429177805,,,,,-1.1693928549742552,2.681961600285831,3.8513544552600862,-0.49198897925305274,56.2283376671956,,,,,,,,,31.506594284027784,55.54618098538442,-27.77309049269221,0
2025-07-08,138.775,139.855,135.79,139.71,137.20350000000002,145.34728358012867,129.05971641987136,51.05508085694233,47.75686581424073,0,0,,,,80.3880977777778,81.19197875555558,79.58421680000002,,1.7234223804634796,1.8268484404552199,4.482634838014876,0,56.75629079068486,57.63337295413589,,,,,-0.8616380791433755,2.774306856330867,3.6359449354742424,-0.34339555803722993,56.75629079068486,,,,,,,,,33.57562675215741,55.542501343613424,-27.771250671806712,0
2025-07-09,139.655,143.17,137.39,143.13,137.757,145.93192042774675,129.58207957225326,59.734742350439845,52.97516140377695,0,0,,,,80.88916444444448,81.69805608888892,80.08027280000003,,4.221126750307591,3.9003462618959484,6.514027732989325,0,59.78429702974209,57.47226761554523,,,,,-0.43846666163476566,3.087861608430785,3.5263282700655507,-0.17769842935874636,59.78429702974209,,,,,59.78429702974209,,59.78429702974209,,35.966849421515455,55.54311023566891,-27.771555117834456,0
2025-07-10,143.31,145.16,139.53,142.5,138.2415,146.33439880079922,130.14860119920078,61.93113705868518,57.57365342202246,0,0,,,,81.38472000000003,82.19856720000003,80.57087280000003,,3.792618705979134,3.080478727444369,5.544870766169319,0,58.965212316272314,57.14946680207664,,,,,-0.22259985832492024,3.2480784471594006,3.470678305484321,-0.011808710186103362,58.965212316272314,,,,,,,,,36.564719922384576,55.54480735022755,-27.772403675113775,0
2025-07-11,142.11,144.58,141.47,142.1,138.527,146.74046236370583,130.31353763629414,60.26600810292355,60.643962504016194,0,0,,,,81.87752000000002,82.69629520000002,81.05874480000001,,3.663607581085193,2.579280573462217,4.774193548387062,0,58.417954260266924,57.052076472968665,,,,,-0.1327982527870355,3.3046804895005266,3.437478742287562,0.05260086807480367,58.417954260266924,,,,,,,,,36.81169759596447,55.54692638946385,-27.773463194731924,0
2025-07-14,142.72,149.575,142.22,149.15,139.225,148.49077897426855,129.95922102573144,75.71608163183582,65.97107559781485,0,0,,,,82.39783111111112,83.22180942222222,81.57385280000001,,7.364723327982459,7.128748428802312,9.251925246241033,0,64.64596183612717,57.23215821201767,,,,,0.3490248500457067,3.8737598048446955,3.524734954798989,0.2987397525855048,64.64596183612717,,,,,,,,,38.096729224270085,55.5515299078515,-27.77576495392575,0
2025-07-15,148.93,150.62,147.3601,148.58,139.78400000000002,149.85583280242292,129.71216719757712,77.15846469015504,71.04685147497146,0,0,,,,82.91374222222224,83.74287964444446,82.08460480000002,,6.018766277783705,6.292565672752248,8.389788881377669,0,63.81376119656548,57.15408427166127,,,,,0.5642153729146671,4.230004170942323,3.6657887980276556,0.5470914894003656,63.81376119656548,,,,,,,,,39.396165150218984,55.55874414181101,-27.779372070905506,0
2025-07-16,149.3,151.51,147.6744,150.91,140.259,151.4289649059427,129.08903509405727,81.6150729806503,78.16320643421372,0,0,,,,83.44080888888891,84.2752169777778,82.60640080000002,,6.149063080299322,7.593808596952778,9.586686838124026,0,65.75445269709665,57.25090723242784,,,,,0.7847903815068493,4.646776774911217,3.8619863934043677,0.7571084372308523,65.75445269709665,,,,,,,,,41.54093681379211,55.570537682929796,-27.785268841464898,0
2025-07-17,151.56,155.68,150.82,153.99,141.0485,153.66337419675696,128.43362580324302,85.12797954868059,81.30050573982864,0,0,,,,83.9805866666667,84.82039253333336,83.14078080000003,,6.674517682103098,9.175212781419173,11.26257505292536,0,68.18354660414059,57.43649872594177,,,,,1.0432519268392166,5.166051301953388,4.122799375114171,0.9559464822584923,68.18354660414059,,,,,68.18354660414059,,68.18354660414059,,42.47228668307523,55.58434974466252,-27.79217487233126,0
2025-07-18,154.86,154.92,151.9,153.52,141.7265,155.44389811334486,128.00910188665512,85.4608355037406,84.0679626776905,0,0,,,,84.52103111111113,85.36624142222225,83.67582080000001,,4.955869584538264,8.321309000081168,10.298449556708245,0,67.39791583356879,58.803823576807204,,,,,1.0829805494002116,5.476525061864436,4.393544512464224,0.957783338057705,67.39791583356879,,,,,,,,,43.48016697917041,55.60040587719414,-27.80020293859707,0
2025-07-21,153.88,155.44,151.36,151.79,142.45099999999996,156.67785615306562,128.2241438469343,83.16138929317692,84.58340144853271,0,1,,,,85.0544088888889,85.9049529777778,84.2038648,,2.881969390936545,6.55593853325005,8.22919290973645,0,64.45402391152268,59.57215583220926,,,,,0.9006503853391621,5.519357494138177,4.618707108799015,0.970760587596035,64.45402391152268,,,,,,,,,43.25320605146741,55.615817033076624,-27.807908516538312,0
2025-07-22,150.85,151.7899,145.062,149.07,142.9085,157.36696641245177,128.45003358754823,75.6461086510364,81.42277781598465,0,0,,,,85.57983111111112,86.43562942222223,84.7240328,,0.4014170831256214,4.311500015744341,5.7531551429361505,0,60.01542630546136,60.41742756086668,,,,,0.5234638727128642,5.273036949690095,4.749573076977231,0.9242636981283127,60.01542630546136,60.01542630546136,,60.01542630546136,,,,,,41.262503673035674,55.626599405416755,-27.813299702708377,0
2025-07-23,149.74,155,148.2871,154.63,143.4785,158.81491715003804,128.14208284996195,79.11973862168813,79.30907885530048,0,0,,,,86.13000888888891,86.9913089777778,85.26870880000001,,3.3457199379778313,7.772244622016533,9.115157901669523,0,65.27897712685188,61.53700034686449,,,,,0.5711350924221827,5.463491942504959,4.892356850082776,0.9171009231539488,65.27897712685188,,,,,,,,,41.147049025063076,55.63703870369002,-27.81851935184501,0
2025-07-24,153.98,155.63,152.575,154.86,144.0765,160.18910534488373,127.96389465511629,78.58588847895201,77.78391191722551,0,0,,,,86.68334222222224,87.55017564444447,85.81650880000001,,2.651464934376224,7.484565491249451,8.713609442532055,0,65.48140818659122,62.51268326872059,,,,,0.5411500232347759,5.5687943791262455,5.02764435589147,0.9085113913039216,65.48140818659122,,,,,,,,,41.65922803296505,55.64851919166604,-27.82425959583302,0
2025-07-25,155.63,160.39,155.58,158.8,144.804,162.14900781204784,127.45899218795216,83.57096270640014,80.42552993568009,0,0,,,,87.25134222222223,88.12385564444446,86.37882880000001,,4.11066675408116,9.665478854175301,10.897985027375267,0,68.83356854198392,63.41305690263405,,,,,0.6995935058911629,5.902136238255423,5.20254273236426,0.909027093374454,68.83356854198392,,,,,68.83356854198392,,68.83356854198392,,44.203632039863656,55.66576310527023,-27.832881552635115,0
2025-07-28,159.88,160.2799,153.04,157.88,146.161,163.13511664859155,129.18688335140845,82.66270136286964,81.60651751607394,0,0,,,,87.81312000000001,88.69125120000001,86.93498880000001,,2.918456614277387,8.017870704223418,9.676209265652847,0,67.19271361752239,64.15851567597959,,,,,0.6560861239323268,6.022650387279668,5.366564263347342,0.9018705780497812,67.19271361752239,,,,,,,,,44.69621125503691,55.68407135114372,-27.84203567557186,0
2025-07-29,158.715,160.14,154.91,156.24,147.15699999999998,164.04192712450964,130.27207287549032,81.66408099213942,82.6325816871364,0,0,,,,88.37192000000002,89.25563920000002,87.48820080000002,,1.343331019854821,6.172319359595546,8.065486688938183,0,64.25235919594051,64.47766297356519,,,,,0.44083651038814686,5.917609901332526,5.476773390944379,0.8761184054435625,64.25235919594051,,,,,,,,,44.59410327980536,55.702013385474665,-27.851006692737332,0
2025-07-30,157.365,159.38,156.56,158.61,148.55349999999999,164.3407052941616,132.76629470583836,83.22419112775849,82.5169911609225,0,0,,,,88.94089777777779,89.83030675555557,88.05148880000002,,2.369319538657133,6.769614987193195,9.271409117318097,0,66.53165612483838,65.01812324560562,,,,,0.38413001004088976,5.956935903495491,5.572805893454602,0.8632371834777739,66.53165612483838,,,,,,,,,44.02733811326709,55.718489149408995,-27.859244574704498,0
2025-07-31,159.99,160.89,156.73,158.35,149.86499999999998,164.27117992390788,135.45882007609208,81.71754819896293,82.20194010628694,0,0,,,,89.51063111111112,90.40573742222223,88.61552480000002,,1.91472244569586,5.6617622526941025,8.589806890498108,0,66.03422575676313,65.56214263821248,,,,,0.2610519441713546,5.899120823668795,5.638068879497441,0.8646317006421658,66.03422575676313,,,,,,,,,43.73033505972497,55.73415628195445,-27.867078140977224,0
2025-08-01,155.05,158.19,151.0576,154.27,150.86049999999997,163.4848312298124,138.23616877018756,70.3429761907465,78.42823850582263,0,0,,,,90.06147555555556,90.96209031111111,89.16086080000001,,-0.7590865229977761,2.2600349329347624,5.446989425909576,0,58.62673424428947,65.13219781022408,,,,,-0.14155304351652553,5.461127575101784,5.60268061861831,0.7461624888570866,58.62673424428947,58.62673424428947,,58.62673424428947,,,,,,42.72180064020086,55.74739906688227,-27.873699533441133,0
2025-08-04,158.53,161.4,157.9301,160.66,151.9375,164.03593770905934,139.83906229094066,72.28054892540949,74.7803577717063,0,0,,,,90.62174222222224,91.52795964444446,89.71552480000001,,2.765180347582441,5.740847387906212,9.233317997729106,0,65.20924151999016,65.23187497618298,,,,,-0.029761303545593698,5.5654789891863174,5.595240292731911,0.7429849847661494,65.20924151999016,,,,,,,,,42.83287867485769,55.760794338203645,-27.880397169101823,0
2025-08-05,171.81,176.33,169.2201,173.27,153.6155,167.62343414461867,139.60756585538132,80.30623918481494,74.30992143365698,0,0,,,,91.23734222222222,92.14971564444444,90.32496880000001,,9.14164414797456,12.794607315017048,16.92316689684954,0,74.00026406560285,65.82086150250485,,,,,0.79559773304159,6.589737459033898,5.794139725992308,0.7147392781116712,74.00026406560285,,,,,,,,,46.5004202987978,55.782822282929594,-27.891411141464797,0
2025-08-06,171.175,180.5813,171.01,179.54,155.43599999999998,172.62297576655092,138.24902423344903,85.04110854624895,79.20929888549112,0,0,,,,91.88040888888891,92.7992129777778,90.96160480000002,,11.344016669974156,15.507347075323619,20.172688836581454,0,77.09889009951135,66.45767175217419,,,,,1.618522925742571,7.817293383170522,6.198770457427951,0.7747771423968636,77.09889009951135,,,,,,,,,53.116733024195725,55.822659785761616,-27.911329892880808,0
2025-08-07,181.01,184.48,178.17,182.2,157.421,177.15486824725457,137.68713175274542,89.26557389651843,84.87097387586077,0,0,,,,92.53503111111114,93.46038142222226,91.60968080000002,,11.109755948823619,15.740593694615068,20.893096088557584,0,78.28146726583073,67.23506828305005,,,,,2.162712826303201,8.902161490306952,6.739448664003751,0.8320458153249872,78.28146726583073,,,,,,,,,58.56482668543291,55.87916305877084,-27.93958152938542,0
2025-08-08,184.735,187.99,184.41,186.96,159.664,181.9544745575325,137.37352544246747,92.97749802815629,89.09472682364122,0,0,,,,93.20778666666668,94.13986453333335,92.2757088,,12.087674912169177,17.09590139292516,22.890584260504877,0,80.24714712074852,68.36314851228046,,,,,2.6327573459457954,10.030395346435995,7.3976380004902,0.8654356930037376,80.24714712074852,,,,,80.24714712074852,,80.24714712074852,,61.873801341179956,55.94652737014763,-27.973263685073814,0
2025-08-11,186.47,187.18,181.92,182.68,161.34049999999996,185.2038832261906,137.4771167738093,89.5990613790368,90.61404443457052,0,1,,,,93.85832000000002,94.79690320000002,92.91973680000002,,7.917154030647788,13.226375274652092,18.726169844020756,0,73.7809622133838,69.34640107713207,,,,,2.4487761993771215,10.458608249711602,8.00983205033448,0.873962892143323,73.7809622133838,,,,,,,,,62.183123012334455,56.01459580874937,-28.007297904374685,0
2025-08-12,184.7,190,182.1,186.97,163.26,188.82425864366095,137.69574135633903,91.15864124177882,91.24506688299063,0,0,,,,94.52729777777779,95.47257075555557,93.58202480000001,,8.482109184164832,14.52284699252726,20.195429269390218,0,75.87899434381043,70.10354516405768,,,,,2.4058451541500183,11.017138493022003,8.611293338871985,0.9002878845654705,75.87899434381043,,,,,,,,,63.065271649828844,56.085384572403775,-28.042692286201888,0
2025-08-13,189,189.46,183.59,184.37,164.933,191.40860242940653,138.45739757059346,84.55374566095921,88.43714942725829,0,0,,,,95.18503111111112,96.13688142222223,94.2331808,,5.398251842196999,11.784785337076276,17.175881398373804,0,72.11275255690168,70.57721261907986,,,,,2.0083849847177735,11.121774569769201,9.113389585051427,0.9050092318270616,72.11275255690168,,,,,,,,,61.825702922153006,56.15145497591898,-28.07572748795949,0
2025-08-14,182.41,185.33,179.2,181.02,166.28449999999998,193.1445033320926,139.42449666790736,76.42373000319436,84.04537230197748,0,0,,,,95.82587555555557,96.78413431111113,94.86761680000001,,2.159215323317931,8.861619693958268,13.867198966711648,0,67.46621832460511,70.47954474640993,,,,,1.3571075839597437,10.809774065001108,9.452666481041364,0.8949564281284333,67.46621832460511,,,,,,,,,60.90708326449046,56.214029356070135,-28.107014678035068,0
2025-08-15,179.725,180,173.38,177.17,167.46699999999998,194.05607452319515,140.87792547680482,67.5236302181431,76.16703529409891,0,0,,,,96.44796444444445,97.4124440888889,95.4834848,,-1.289251409596437,5.793977320905008,10.453964526553094,0,62.483322701632204,70.14315968098921,,,,,0.5458815427889352,10.135018409527532,9.589136866738597,0.8358880772688287,62.483322701632204,,,,,,,,,57.62911505620101,56.26556200057105,-28.132781000285526,0
2025-08-18,175.27,177.9,171.39,174.03,168.57899999999998,194.29851858025393,142.85948141974603,59.4023136281085,67.783224616482,0,0,,,,97.05276444444446,98.02329208888891,96.08223680000002,,-3.7556478506368562,3.233498834374404,7.7149388482677494,0,58.676906822887716,69.74491308291401,,,,,-0.2790050310528258,9.240380577922565,9.51938560897539,0.7159159500195462,58.676906822887716,,,,,,,,,54.229532193873005,56.30647951896637,-28.153239759483185,0
2025-08-19,171.36,172.3,156.9,157.75,169.01299999999998,193.67214524066088,144.35385475933907,45.62824256120485,57.518062135818816,0,0,,,,97.58987555555557,98.56577431111113,96.6139768,,-12.003748556638383,-6.663984427233394,-2.723535457348436,0,43.78406348806256,68.12008503743003,,,,,-1.9071400385244424,7.135460560819837,9.04260059934428,0.35364851850445084,43.78406348806256,,,,,,,,,47.061554292281045,56.32787387013133,-28.163936935065664,0
2025-08-20,152.3,156.46,142.34,156.01,169.08199999999997,193.58701711895011,144.57698288104982,34.58211077364419,46.53755565431917,0,0,,,,98.11827555555556,99.0994583111111,97.1370928,,-11.8169074589071,-7.731160028861717,-4.050530148343157,0,42.54126604561114,66.44201648663345,,,,,-3.0211304853985297,5.266187492596117,8.287317977994647,-0.02209012260219645,42.54126604561114,42.54126604561114,,42.54126604561114,,,,,,40.3410473295846,56.33408166201999,-28.167040831009995,0
2025-08-21,157.17,157.97,153.81,156.18,169.14799999999997,193.5061137200737,144.78988627992624,32.55773313890637,37.589362157918465,0,0,,,,98.64752000000001,99.63399520000002,97.66104480000001,,-10.403065731955019,-7.666658784023439,-4.214606383239728,0,42.71235800074624,65.30527532638037,,,,,-3.62569035693856,3.755205031821447,7.380895388760007,-0.4409242660645197,42.71235800074624,,,,,,,,,34.502898660803936,56.329522967945046,-28.164761483972523,0
2025-08-22,155.315,163.2,151.77,158.74,169.14499999999998,193.50822515596013,144.78177484403983,32.4725110666326,33.20411832639438,0,0,,,,99.1892977777778,100.18119075555558,98.19740480000002,,-7.435915377976832,-6.1515267965355,-2.9746139114135595,0,45.35129567695395,63.88685062330635,,,,,-3.7184690874660964,2.7328090294273863,6.451278116893483,-0.7485811280528286,45.35129567695395,,,,,,,,,34.06158496775302,56.32421590008998,-28.16210795004499,0
2025-08-25,156.1,158.59,149.37,157.17,169.10949999999997,193.54025477753484,144.6787452224651,29.7994221383374,31.609888781292113,0,0,,,,99.72249777777779,100.71972275555557,98.72527280000001,,-6.967521205628035,-7.060218379215821,-4.090947923404609,0,44.01227771737087,61.74485159843264,,,,,-3.740701507639158,1.7754012323445352,5.516102739983693,-0.8672934930859326,44.01227771737087,,,,,,,,,33.70937553294667,56.318318077950096,-28.159159038975048,0
2025-08-26,155.39,162.13,154.57,160.87,169.34099999999995,193.3639156431953,145.3180843568046,34.71286083704121,32.328264680670394,0,0,,,,100.27543111111112,101.27818542222224,99.2726768,,-3.2832123897529986,-5.002332571556767,-2.0779099565588988,0,47.91523808324425,59.66030502584213,,,,,-3.372706503267249,1.3002196108996316,4.672926114166881,-0.892633073694085,47.91523808324425,,,,,,,,,34.29924058234013,56.31334104894061,-28.156670524470304,0
2025-08-27,162.32,162.4,155.9801,156.72,169.24649999999994,193.45170214747367,145.0412978525262,33.214924779165145,32.575735918181245,0,0,,,,100.80534222222222,101.81339564444444,99.7972888,,-4.185466417226125,-7.401334739566224,-4.716354026492009,0,44.193934784811525,57.2254812771979,,,,,-3.272696995983469,0.5820548691875445,3.8547518651710133,-0.9039855440705871,44.193934784811525,,,,,,,,,33.023240900488,56.30632029961353,-28.153160149806766,0
2025-08-28,157.63,158.23,152.55,158.12,169.23499999999993,193.46110864336404,145.00889135663581,32.61987785371599,33.515887823307445,0,0,,,,101.33369777777779,102.34703475555557,100.3203608,,-1.956893772167001,-6.567790350695734,-3.9455699662849897,0,45.725316095624194,54.75963620397473,,,,,-2.984251097521999,0.1244379932685149,3.108689090790514,-0.873282699966358,45.725316095624194,,,,,,,,,32.67343829984869,56.29874475491354,-28.14937237745677,0
2025-08-29,156.98,158.42,153,156.71,169.3569999999999,193.30339187852974,145.4106081214701,31.25853475894202,32.36444579727438,0,0,,,,101.85236444444446,102.8708880888889,100.83384080000002,,-1.5826163411417848,-7.4676570794238835,-4.8635675605669615,0,44.40372499667603,52.66126211706703,,,,,-2.765343653745942,-0.3479904763919137,2.417353177354028,-0.8453397744495695,44.40372499667603,,,,,,,,,30.952351927847875,56.288644130568,-28.144322065284,0
2025-09-02,151.2,158.39,150.28,157.09,169.17849999999993,193.43278891969595,144.9242110803039,30.613171780420224,31.497194797692732,0,0,,,,102.3776977777778,103.40147475555558,101.35392080000001,,-0.2831098923421038,-7.145411503234711,-4.735048332908853,0,44.86622029543994,50.44606397075485,,,,,-2.480960660321089,-0.6838476480473332,1.7971130122737557,-0.7872285836569651,44.86622029543994,,,,,,,,,30.47009029591659,56.2778653744584,-28.1389326872292,0
2025-09-03,158,161.15,152.71,154.9,168.25999999999993,193.20640254626082,143.31359745373905,30.089005463038895,30.65357066746704,0,0,,,,102.88192000000001,103.91073920000001,101.8531008,,-1.4950620345816956,-7.940092713657398,-6.173716930121953,0,42.66348091424351,48.34254456770784,,,,,-2.328803472104267,-1.113891327856578,1.214912144247689,-0.7303029415797102,42.66348091424351,,,,,,,,,28.975022144022006,56.26510789902298,-28.13255394951149,0
2025-09-04,154.865,157.04,153.16,156.14,167.08999999999995,192.00542895476767,142.17457104523223,30.670924721826523,30.45770065509521,0,0,,,,103.38418666666668,104.41802853333334,102.35034480000002,,-0.714721741784563,-6.553354479621742,-5.451448040885898,0,44.33006265037141,46.6899620195483,,,,,-2.043296787110476,-1.3392088396404063,0.7040879474700699,-0.6400521233186722,44.33006265037141,,,,,,,,,28.232548635202217,56.25142421474706,-28.12571210737353,0
2025-09-05,157.82,158.97,148.04,153.11,165.63549999999995,190.24732599889876,141.02367400110114,28.513518089361952,29.757816091409115,0,0,,,,103.87125333333334,104.90996586666668,102.8325408,,-2.450989761527078,-7.562086629979648,-7.2534643909274665,0,41.18021511700607,45.16831147778929,,,,,-1.9570202909578698,-1.7421874162272672,0.21483287473060242,-0.5694322264983955,41.18021511700607,41.18021511700607,,41.18021511700607,,,,,,26.543056531909585,56.23577365569689,-28.117886827848444,0
2025-09-08,154.91,158.3,154.84,156.1,164.09249999999994,186.97167994596995,141.21332005402994,32.38867082185212,30.524371211013527,0,0,,,,104.37165333333334,105.41536986666668,103.3279368,,-0.378447026989126,-4.870728400140134,-5.390690185319524,0,45.30986670519668,44.213522897954206,,,,,-1.6114973926443086,-1.7995388660747835,-0.18804147343047484,-0.4689584594899876,45.30986670519668,,,,,,,,,26.297459970643132,56.21985917151521,-28.109929585757605,0
2025-09-09,157.25,162.75,156.37,162.36,163.07649999999995,184.30923724699744,141.84376275300247,42.32042503151186,34.407537980908636,0,0,,,,104.90036444444445,105.94936808888889,103.85136080000001,,3.2745591939546292,-0.4393643474074671,-1.685603040584871,0,52.784091557637225,44.85638204578098,,,,,-0.9092400639587812,-1.3245915533789514,-0.41535148942017014,-0.025095454454618162,52.784091557637225,,,,,,,,,27.29299635913703,56.20507014215501,-28.102535071077504,0
2025-09-10,166,169,163.44,166.74,162.06499999999994,180.37458710621416,143.75541289378572,60.2599781931693,44.98969134884442,0,0,,,,105.45285333333334,106.50738186666668,104.3983248,,5.666068859751916,2.8846450498257292,0.7531003200525355,0,57.19231297693906,45.90288539801868,,,,,-0.13810686095651287,-0.5879850656158112,-0.44987820465929834,0.27073960808244735,57.19231297693906,,,,,,,,,30.265894085611293,56.193995029307644,-28.096997514653822,0
2025-09-11,167.24,167.458,163.22,164.36,161.06449999999995,176.32188440887012,145.8071155911298,59.543258936164364,54.041220720281835,0,0,,,,105.99698666666667,107.05695653333333,104.93701680000001,,3.6559600915724078,2.046074709200396,-0.7999098693105222,0,54.229539184469104,46.725541196856035,,,,,0.20467969504637645,-0.19402858585132776,-0.3987082808977042,0.38469688034509936,54.229539184469104,,,,,,,,,31.75780305932471,56.18498318102752,-28.09249159051376,0
2025-09-12,165.35,171.53,164.01,171.43,160.58499999999995,173.76500075872733,147.40499924127258,69.34959861037363,63.05094524656909,0,0,,,,106.57223111111111,107.63795342222222,105.50650879999999,,7.214779791611914,6.753432761465916,3.1956561870439826,0,60.736484486051125,47.82448325464868,,,,,0.8636278501194595,0.6808265317516202,-0.1828013183678393,0.5914797689250214,60.736484486051125,,,,,60.736484486051125,,60.736484486051125,,33.48214555922505,56.178523173998414,-28.089261586999207,0
2025-09-15,169.6,171.8,167.41,171.21,160.28699999999995,172.15809447355392,148.41590552644598,73.25432942033369,67.3823956556239,0,0,,,,107.14218666666667,108.21360853333334,106.0707648,,6.114884966283185,6.814651219375278,2.7140851661207055,0,60.4485024699709,48.998499308405826,,,,,1.2189976674774492,1.3409457659789723,0.121948098501523,0.6934305494668158,60.4485024699709,,,,,,,,,34.005491528975305,56.17285546143875,-28.086427730719375,0
2025-09-16,171.04,171.31,168.96,170.26,160.09849999999997,171.18447722350325,149.0125227764967,74.01886122176015,72.20759641748914,0,0,,,,107.70912,108.7862112,106.6320288,,4.671679136363305,6.3470301095887915,1.9484329904314812,0,59.14439048728695,49.80058162298031,,,,,1.3160961541497245,1.7670682911886786,0.4509721370389541,0.8242049384502724,59.14439048728695,,,,,,,,,34.94365619055146,56.16866444076435,-28.084332220382176,0
2025-09-17,169.02,169.68,161.27,168.33,160.62749999999994,172.21317887523435,149.04182112476553,72.97355400133138,73.4155815478084,0,0,,,,108.2664088888889,109.3490729777778,107.18374480000001,,2.637740542913547,4.795256104963386,0.8922649063781041,0,56.47856696906028,50.67805535042665,,,,,1.1806841512808592,1.9268273261400282,0.7461431748591689,0.8465539066920875,56.47856696906028,,,,,,,,,33.51311086661203,56.16217947295981,-28.081089736479903,0
2025-09-18,170.27,178.8,169.39,176.97,161.67549999999994,175.05406266569946,148.29693733430042,80.15192775006089,75.7147809910508,0,0,,,,108.86365333333333,109.95228986666666,107.7750168,,6.552589907698958,9.459998577397366,6.125329074274344,0,64.24755861815069,52.001072673464265,,,,,1.5784992875364778,2.7192672842797663,1.1407679967432884,0.9021263952824211,64.24755861815069,,,,,,,,,34.36830530145084,56.15700768113004,-28.07850384056502,0
2025-09-19,177.07,184.42,176.71,182.39,162.98599999999993,178.85717815412752,147.11482184587234,84.06022604125991,79.06190259755071,0,0,,,,109.48067555555556,110.57548231111112,108.38586880000001,,7.913498801881458,11.905317021093875,9.371439536585058,0,68.09514572246539,53.693317011020646,,,,,2.0805861408014072,3.7415006727450475,1.6609145319436402,0.9277599548587816,68.09514572246539,,,,,68.09514572246539,,68.09514572246539,,36.70758821309988,56.155692928890595,-28.077846464445297,0
2025-09-22,180.88,182.25,178.29,179.33,164.01549999999995,181.26294557898456,146.76805442101534,82.21986325599032,82.14400568243703,0,0,,,,110.07831999999999,111.17910319999999,108.9775368,,4.66446439202044,9.33722727425157,7.700746512172629,0,63.9131841743892,55.05381443094559,,,,,2.0757923978535864,4.255655029260623,2.179862631407037,0.9485352640700739,63.9131841743892,,,,,,,,,38.76006940430387,56.158025117034995,-28.079012558517498,0
2025-09-23,182.51,185.75,177.01,182.55,165.28449999999992,184.00257412636552,146.56642587363433,85.24765782481775,83.84258237402264,0,0,,,,110.68978666666668,111.79668453333335,109.5828888,,5.302929792278355,10.445928081580602,9.637444695801879,0,66.26125874858351,56.739369990541256,,,,,2.149590791045816,4.8668511202143065,2.7172603291684907,0.9534298410881599,66.26125874858351,,,,,,,,,39.39058387348732,56.16148844935508,-28.08074422467754,0
2025-09-24,183.91,184.85,177.12,179.56,166.21899999999994,185.8081183058377,146.62988169416218,82.61643560052192,83.36131889377664,0,1,,,,111.28814222222223,112.40102364444446,110.1752608,,2.817812745148518,8.026158261089321,8.001900679472884,0,62.21320825843696,58.016737533974506,,,,,1.867573534332739,5.051727247084415,3.1841537127516757,0.9400034594930412,62.21320825843696,,,,,,,,,38.04097191246258,56.16239593328865,-28.081197966644325,0
2025-09-25,175.8,184.32,174.29,179.12,167.33899999999994,187.1873479413299,147.49065205866998,76.75054045147202,81.53821129227055,0,0,,,,111.89005333333334,113.00895386666667,110.77115280000001,,1.7062714703460546,7.040199833870209,7.850771910951271,0,61.616653223031676,59.47648311297633,,,,,1.5358001970410022,5.1039039590529285,3.5681037620119262,0.9138182697708092,61.616653223031676,,,,,,,,,37.37566146560085,56.16206848645057,-28.081034243225286,0
2025-09-26,179.05,180.12,174.91,177.57,168.31149999999994,188.16371828915126,148.45928171084861,72.65936129222213,77.342112448072,0,0,,,,112.49454222222222,113.61948764444445,111.3695968,,0.47586983460550236,5.500812481618933,6.991578613333238,0,59.4538759579709,60.486769488174495,,,,,1.1158948128011872,4.96297227801341,3.847077465212223,0.8646133895036385,59.4538759579709,59.4538759579709,,59.4538759579709,,,,,,35.55385649175407,56.15859518975842,-28.07929759487921,0
2025-09-29,179.64,181.48,177.16,178.86,169.41899999999993,189.0286801605775,149.80931983942236,71.42608043544318,73.61199405971242,0,0,,,,113.10316444444445,114.2341960888889,111.9721328,,0.769603479554215,5.572574504630579,7.732277520338604,0,60.69054477720967,61.05151614671538,,,,,0.8414609182798696,4.8989036130620605,4.057442694782191,0.8119792895728701,60.69054477720967,,,,,,,,,34.784962958528304,56.15384530073891,-28.076922650369454,0
2025-09-30,178.98,182.77,178.22,182.42,170.68549999999993,190.21823710978924,151.15276289021062,71.57738211827024,71.88760794864515,0,0,,,,113.72987555555557,114.86717431111113,112.5925768,,2.0759890325107166,6.874924935041382,9.691786244731016,0,63.95764320592358,61.53475402021428,,,,,0.8155402507176222,5.076868008179218,4.261327757461596,0.7980101526486401,63.95764320592358,,,,,,,,,34.994114272651444,56.14940204985264,-28.07470102492632,0
2025-10-01,181.32,186.28,179.5,184.95,172.18799999999993,191.24991448937178,153.1260855106281,76.4252042907823,73.14288894816522,0,0,,,,114.32463111111112,115.46787742222223,113.1813848,,2.5380879515667365,7.411666318210375,10.610074816546966,0,66.11316028675583,62.38358409894904,,,,,0.8791506886071412,5.3602661182205225,4.481115429613381,0.7864765509228739,66.11316028675583,,,,,,,,,36.19651712583263,56.146902126216546,-28.073451063108273,0
2025-10-02,186.7,188.2,182.95,187.05,173.7334999999999,192.34721674330982,155.11978325669,79.56135721748119,75.85464787551122,0,0,,,,114.90916444444444,116.05825608888888,113.7600728,,3.1260337413165473,7.664900551707143,11.178033447519574,0,67.83279074313342,62.89046311731207,,,,,0.9660975669278411,5.688737388273182,4.722639821345341,0.8039667250190484,67.83279074313342,,,,,67.83279074313342,67.83279074313342,67.83279074313342,,37.56917405574623,56.14672540439149,-28.073362702195745,0
2025-10-03,186.4,186.84,170.77,173.07,174.73149999999993,190.77857858147777,158.68442141852208,64.93768889235392,73.64141680020577,0,0,,,,115.43000888888889,116.58430897777778,114.2757088,,-4.088712537684014,-0.9508875045426413,2.5255716598870492,0,49.73765255214864,62.12540240889619,,,,,0.03472340900983539,4.766044082607635,4.7313206735978,0.5134194398799348,49.73765255214864,49.73765255214864,,49.73765255214864,,,,,,34.570648301564766,56.14151604874725,-28.070758024373625,0
2025-10-06,179.18,182.95,177.83,179.53,175.90299999999993,189.58501900306072,162.22098099693915,64.02469507662754,69.50791372882085,0,0,,,,115.96840888888889,117.12809297777778,114.8087248,,-0.5197597357980643,2.061931860172983,5.917612424016583,0,55.62800407836714,61.8742319511162,,,,,-0.1817365671247959,4.5041499646918055,4.685886531816601,0.35001410687897677,55.62800407836714,,,,,,,,,32.373714949995474,56.13298950038214,-28.06649475019107,0
2025-10-07,180.31,186.18,179.4201,182.17,176.89349999999993,189.32112129291497,164.4658787070849,64.48119609330388,64.48119335409508,0,0,,,,116.51032000000001,117.67542320000001,115.3452168,,0.9643629108240903,2.9828682229703585,6.949328667962185,0,57.80432280482263,61.9689287965278,,,,,-0.18212425606022453,4.458231211741321,4.6403554678015455,0.1292289247668346,57.80432280482263,,,,,,,,,30.11860474624157,56.12138988879623,-28.060694944398115,0
2025-10-08,182.8,184.26,181.2,183.56,177.73449999999994,189.56185722805833,165.90714277194155,63.03960342383314,63.848498197921494,0,0,,,,117.06014222222223,118.23074364444444,115.8895408,,1.5097052480229856,3.277641650889418,7.288979636369319,0,58.946054334560614,61.5902499191285,,,,,-0.1264186798529554,4.482332117985351,4.608750797838306,0.1040088051396149,58.946054334560614,,,,,,,,,31.607178472895427,56.11176499565895,-28.055882497829476,0
2025-10-09,183.58,187.62,179.95,185.47,178.78999999999994,189.3551407941446,168.22485920585527,63.02233314602762,63.51437755438818,0,0,,,,117.61467555555555,118.7908223111111,116.4385288,,2.2070371697021196,3.736226858325442,7.801520121361705,0,60.52658870149137,61.049638703344655,,,,,-0.005001791186835192,4.602498558854762,4.607500350041597,0.306133557583754,60.52658870149137,,,,,,,,,31.976404873267885,56.10264061210301,-28.051320306051505,0
2025-10-10,185.17,187.1,173.53,175.44,178.99049999999994,189.13308246208055,168.84791753791933,51.744358369839716,59.26876497990014,0,0,,,,118.13138666666667,119.31270053333334,116.9500728,,-3.2065853066449157,-1.9836248292506853,1.630702389572769,0,49.70478833295768,60.03475328609954,,,,,-0.6107347047359841,3.8440819691216177,4.454816673857602,0.051648845113257416,49.70478833295768,49.70478833295768,,49.70478833295768,,,,,,29.468174502004988,56.09020038148134,-28.04510019074067,0
2025-10-13,178.68,179.22,173.45,177.21,179.29049999999992,188.83192436956554,169.7490756304343,48.87416875272803,54.546953422865094,0,0,,,,118.62667555555555,119.8129423111111,117.4404088,,-2.140959870117698,-1.160407271997077,2.2512862432081615,0,51.35760722213116,58.9702067484958,,,,,-0.8860370858471427,3.3472703165486735,4.233307402395816,0.0033871276675232985,51.35760722213116,,,,,,,,,27.160277226502924,56.0750709426698,-28.0375354713349,0
2025-10-14,176,182.34,170.82,179.74,179.76449999999994,188.3592948783035,171.16970512169638,48.53180778355686,49.71677830204151,0,0,,,,119.15325333333334,120.34478586666667,117.96172080000001,,-0.596729326011114,-0.013628942310595082,3.2612650567800827,0,53.699752747426444,58.362102783423616,,,,,-0.8892793227489451,3.121708248959635,4.01098757170858,-0.0468562610086328,53.699752747426444,,,,,,,,,25.097745624023414,56.057831549956795,-28.028915774978397,0
2025-10-15,181.655,184.35,176.02,179.62,180.32899999999992,187.14445860526848,173.51354139473136,47.21682064210312,48.207599059462645,0,0,,,,119.67165333333332,120.86836986666665,118.4749368,,-0.3694130437194354,-0.39317026102286823,2.706123180257025,0,53.5680029943387,57.78719919565983,,,,,-0.8889195301827932,2.8998381589800886,3.788757689162882,-0.11691783588758134,53.5680029943387,,,,,,,,,25.44064674057276,56.04093699014206,-28.02046849507103,0
2025-10-16,181.78,184.82,176.45,178.12,180.38649999999993,187.10636688857215,173.6666331114277,45.33772932130634,47.02878591565541,0,0,,,,120.18720888888889,121.38908097777778,118.9853368,,-0.7096152023769231,-1.256468749047146,1.4235280719735899,0,51.855363696967984,57.24444831987391,,,,,-0.9723632648990614,2.573303608039055,3.545666872938116,-0.28934267197216096,51.855363696967984,,,,,,,,,24.981590179175047,56.02361023516158,-28.01180511758079,0
2025-10-17,177.75,181.59,173.95,178.15,180.17449999999994,186.89569178420788,173.453308215792,43.74625431503846,45.43360142614927,0,0,,,,120.70627555555555,121.9133383111111,119.4992128,,-0.9733130999827866,-1.1236329225278507,0.9607755721960709,0,51.888493898683855,56.615730399979206,,,,,-1.0041019303031384,2.2905394600591933,3.2946413903623317,-0.415003549659748,51.888493898683855,,,,,,,,,24.005594965355872,56.00539853221588,-28.00269926610794,0
2025-10-20,179.49,183.09,177.44,181.59,180.28749999999997,187.0240744262255,173.55092557377444,48.30787325130398,45.79728562921624,0,0,,,,121.22734222222223,122.43961564444446,120.01506880000001,,0.8233994236759079,0.7224571864383522,2.417124604963572,0,55.65663124633661,56.02280097429442,,,,,-0.7818622816435452,2.3173135383079,3.099175819951445,-0.31600329645084363,55.65663124633661,,,,,55.65663124633661,,55.65663124633661,,23.87806838637626,55.987089046654575,-27.993544523327287,0
2025-10-21,182.06,182.3891,178.6501,181.51,180.23549999999994,186.9172467027803,173.5537532972196,49.52349097004077,47.1925395121277,0,0,,,,121.74672000000001,122.96418720000001,120.52925280000001,,0.8159252614682089,0.7071303932910222,2.0047655799245945,0,55.54767305879991,55.26812331515471,,,,,-0.6349402700665827,2.305500482368217,2.9404407524347995,-0.1319117622091755,55.54767305879991,,,,,,,,,24.139682985356227,55.96902670637257,-27.984513353186284,0
2025-10-22,181.93,182.21,169.42,175.49,180.03199999999995,187.02433752046358,173.03966247953633,33.959002168571864,43.930122129972176,0,0,,,,122.23449777777779,123.45684275555557,121.01215280000001,,-2.0888893848265533,-2.5228848204763343,-1.5397332724895962,0,47.9418089942457,53.84733890451988,,,,,-0.9205575546581515,1.7897438091121103,2.7103013637702618,-0.03118427088629351,47.9418089942457,47.9418089942457,,47.9418089942457,,,,,,22.990563502898492,55.949993418996605,-27.974996709498303,0
2025-10-23,175.445,181.56,175.01,180.48,180.09999999999997,187.0819825264814,173.11801747351853,42.445657926357846,41.97605035499013,0,0,,,,122.74307555555556,123.97050631111112,121.5156448,,0.9763057039751333,0.2109938922820742,0.9555951259986983,0,53.61176018099107,54.12406087800862,,,,,-0.7575789448818044,1.763327682668006,2.5209066275498104,-0.28841938952786517,53.61176018099107,,,,,,,,,22.199727028359813,55.930347972993765,-27.965173986496882,0
2025-10-24,182.88,186.17,182.85,184.63,180.45299999999995,187.59958267986312,173.30641732013677,53.70499007806351,43.36988339099771,0,0,,,,123.26552000000001,124.4981752,122.03286480000001,,2.7697685551114626,2.314730151341382,3.023426674230656,0,57.73469517593646,54.27453881354929,,,,,-0.3738528892451578,2.0535905159933634,2.427443405238521,-0.0980127704558124,57.73469517593646,,,,,,,,,22.3891782510315,55.91086862370774,-27.95543431185387,0
2025-10-27,188.97,192.83,187.52,189.18,180.96899999999994,189.01469425221535,172.92330574778453,66.93927966309629,54.36330922250585,0,0,,,,123.81125333333334,125.04936586666668,122.5731408,,4.605448684275992,4.537241184954377,5.2106660339023225,0,61.748824524765624,54.55628893640236,,,,,0.15449698683863655,2.620564638786817,2.4660676519481806,0.26105797810874765,61.748824524765624,,,,,,,,,25.002323161545508,55.893661249406,-27.946830624703,0
2025-10-28,189.48,191.78,186.78,189.6,181.32799999999995,190.1990441324638,172.4569558675361,71.64063828161149,64.09496934092373,0,0,,,,124.33854222222223,125.58192764444445,123.09515680000001,,4.269208136957814,4.561898879378834,5.067551342345111,0,62.10658607869155,54.78204120384028,,,,,0.4818782167371176,3.0684154228695775,2.58653720613246,0.5440993783027904,62.10658607869155,,,,,,,,,26.6023263888915,55.87805348367574,-27.93902674183787,0
2025-10-29,191.08,199.85,190.49,198.81,182.02099999999996,193.65176592491355,170.39023407508637,80.01711752201895,72.86567848890887,0,0,,,,124.91169777777779,126.16081475555556,123.66258080000001,,8.192385554757387,9.223661006147665,9.554493455348311,0,68.96205110184175,55.384574232436755,,,,,1.225993294600598,4.119028824383207,2.893035529782609,0.7967773473999621,68.96205110184175,,,,,68.96205110184175,,68.96205110184175,,29.25793722197784,55.865435465336965,-27.932717732668483,0
2025-10-30,198.425,199.67,194.1201,194.55,182.39599999999996,195.0865167743528,169.70548322564713,77.45034972736975,76.36936851033336,0,0,,,,125.45694222222222,126.71151164444444,124.2023728,,4.935841077891445,6.663523322879916,6.861940927033983,0,63.26113298069025,56.35288456441765,,,,,1.329883114583537,4.555389423012031,3.2255063084284936,0.8231770391664032,63.26113298069025,,,,,,,,,29.955351567739985,55.85367083062118,-27.92683541531059,0
2025-10-31,199.2,204.18,197.92,200.47,183.766,197.96038818688874,169.57161181311125,81.98723760270425,79.81823495069763,0,0,,,,126.00863111111113,127.26871742222224,124.74854480000002,,6.842685910110791,9.089820750302025,9.75035585240338,0,67.30596050403798,57.49205265598242,,,,,1.6736788151560171,5.317604827373515,3.6439260122174977,0.8578558251115764,67.30596050403798,,,,,,,,,31.827682672837668,55.84434258361494,-27.92217129180747,0
2025-11-03,205.045,207.52,201.82,207.18,185.14849999999996,202.4658257462046,167.83117425379533,86.62432839080157,82.02063857362516,0,0,,,,126.60738666666668,127.87346053333336,125.34131280000001,,8.93317209106681,11.899367264655169,12.850308207674788,0,71.17913258563445,58.74057978728299,,,,,2.196421837059069,6.389453308541334,4.193031471482265,0.8988311243828443,71.17913258563445,,,,,71.17913258563445,,71.17913258563445,,33.058456625853914,55.836723035540096,-27.918361517770048,0
2025-11-04,192.07,195.7,185.56,190.74,185.57699999999997,203.00209695812728,168.15190304187266,71.49294609485935,80.03483736278837,0,1,,,,127.14005333333334,128.41145386666668,125.8686528,,-0.19517248957423572,2.7821335618099408,3.741225271218873,0,54.22838499746161,58.7877499303632,,,,,1.321537513150366,5.844953362920222,4.523415849769856,0.8558343392905453,54.22838499746161,,,,,,,,,31.369474480422586,55.8267544734874,-27.9133772367437,0
2025-11-05,189,190.32,181.21,187.9,185.79399999999998,203.22131350495815,168.36668649504182,62.76560215758937,73.62762554775007,0,0,,,,127.65289777777778,128.92942675555557,126.37636880000001,,-2.3155224222007553,1.1335134611451414,2.0422940599328587,0,51.92780499158192,58.792924308549914,,,,,0.481418503973309,5.1251889797364925,4.6437704757631835,0.7481532432783973,51.92780499158192,,,,,,,,,27.720290419279518,55.812348544176636,-27.906174272088318,0
2025-11-06,187.99,191.09,174.53,175.05,185.27299999999997,203.31991674497664,167.2260832550233,49.25054707496506,61.16969844247124,0,0,,,,128.10556444444447,129.38662008888892,126.82450880000002,,-8.738289253483911,-5.517803457600379,-4.866026220491982,0,43.03223053214136,58.1603340680826,,,,,-0.932781917720428,3.477793078612649,4.410574996333077,0.401508409295698,43.03223053214136,43.03223053214136,,43.03223053214136,,,,,,19.915262112408143,55.79125765459674,-27.89562882729837,0
2025-11-07,173.15,178.7,168.91,177.93,185.39749999999998,203.20411548414253,167.59088451585743,39.913406715579725,50.643185316044686,0,0,,,,128.55827555555558,129.84385831111115,127.27269280000003,,-6.911651607975267,-4.027832090508221,-3.3071459495296773,0,45.29417355389503,57.420158518622486,,,,,-1.6266928734891692,2.3772089044716154,4.003901777960785,0.1668430024196733,45.29417355389503,,,,,,,,,16.62582975563516,55.768503888742885,-27.884251944371442,0
2025-11-10,184.31,194.9299,183.52,193.61,186.21749999999997,203.95074434501726,168.4842556549827,49.15124812455332,46.105067305032684,0,0,,,,129.0820977777778,130.37291875555556,127.7912768,,1.0574995824285782,3.969820237088384,4.933498578195605,0,55.62488422694466,57.425673602061394,,,,,-1.0121907284361726,2.738663367415569,3.7508540958517416,0.1422675423182252,55.62488422694466,,,,,,,,,17.316605968842133,55.74607591674403,-27.873037958372016,0
2025-11-11,190.335,192.925,187.13,190.96,186.77849999999998,204.3658741928719,169.19112580712806,48.06006636430738,45.70824040148011,0,0,,,,129.60018666666667,130.89618853333334,128.3041848,,-0.3964114333403157,2.238748035775018,3.3378068314645626,0,53.77657655733114,57.84244271371035,,,,,-0.7772846081850093,2.77924833562048,3.556532943805489,-0.02850847541976143,53.77657655733114,,,,,,,,,20.217069447413095,55.72524705422989,-27.862623527114945,0
2025-11-12,190.58,190.58,180.4,184.17,187.00599999999997,204.33287900344732,169.67912099655263,43.270290330803654,46.82720160655475,0,0,,,,130.1008977777778,131.40190675555556,128.79988880000002,,-3.1988478681355903,-1.51652888142626,-0.322570169836478,0,49.26001180583169,57.53160354405611,,,,,-1.055049628624678,2.2377209080246416,3.2927705366493196,-0.2664067588295319,49.26001180583169,,,,,,,,,21.06803191235007,55.70500008641047,-27.852500043205236,0
2025-11-13,181.715,182.7,170.7314,172.14,186.70699999999997,204.8252373314875,168.58876266851243,34.24851398129244,41.859623558801125,0,0,,,,130.53614222222225,131.8415036444445,129.23078080000002,,-8.44347525463397,-7.8020641968431725,-6.58222489946767,0,42.456409908541026,56.44029745352787,,,,,-1.9715859734888155,0.8282880697883002,2.7998740432771156,-0.536815542262018,42.456409908541026,,,,,,,,,16.128725552768657,55.68215635403797,-27.841078177018986,0
2025-11-14,166.975,177.29,164.5,174.01,186.49999999999997,205.0929405958311,167.90705940416885,31.47612088541692,36.33164173250431,0,0,,,,130.95152000000002,132.2610352,129.64200480000002,,-6.127777567986037,-6.69705093833779,-5.583458883235903,0,43.75680414154646,55.15515314044078,,,,,-2.348886289432961,-0.13623381851408567,2.2126524709188753,-0.6719034518556826,43.75680414154646,,,,,,,,,12.256932721595392,55.6583447428683,-27.82917237143415,0
2025-11-17,170.53,174.2399,167.68,171.25,185.98299999999998,205.6380035359982,166.32799646400176,27.81240448466282,31.179013117124033,0,0,,,,131.35400888888893,132.6675489777778,130.04046880000004,,-5.790643429275599,-7.921691767527128,-6.941654455117352,0,42.23957970696624,53.73608125674611,,,,,-2.658547399658283,-1.1105317786539786,1.5480156210043043,-0.7803834895081219,42.23957970696624,,,,,,,,,9.286429902324778,55.634428000029914,-27.817214000014957,0
2025-11-18,168.37,172.83,165.5,167.33,185.27399999999994,206.48469956413805,164.06330043586183,24.002537879104118,27.76368774972792,0,0,,,,131.73156444444444,133.0488800888889,130.4142488,,-6.746175495304696,-9.685115018836932,-8.826729193645367,0,40.112212227288644,51.675378479992325,,,,,-2.9775497417752783,-2.1739215562147933,0.8036281855604848,-0.8034352276063197,40.112212227288644,,,,,,,,,8.056913239770749,55.610645306149635,-27.805322653074818,0
2025-11-19,167.8,169.6,162.42,165.42,184.77049999999997,207.32201123539343,162.2189887646065,20.678162930427913,24.164368431398255,0,0,,,,132.1016977777778,133.42271475555557,130.7806808,,-6.641006394374315,-10.4727215654014,-9.569495694956975,0,39.07944302912274,49.94811491202322,,,,,-3.150624414740719,-3.1346523328654143,0.015972081875304855,-0.8368004749627685,39.07944302912274,,,,,,,,,6.0143690965380046,55.58727054062912,-27.79363527031456,0
2025-11-20,172.07,174.57,154.395,155.745,183.53374999999997,209.36525612624246,157.70224387375748,16.5665396505585,20.415746820030144,0,0,,,,132.44243111111112,133.76685542222222,131.11800680000002,,-11.133110612159902,-15.140948190727844,-14.39485894623056,0,34.26661681206792,47.58816179116821,,,,,-3.7115248406187,-4.62343396889807,-0.91190912827937,-0.8455269453378197,34.26661681206792,,,,,,,,,2.5429086314382374,55.56515608652229,-27.782578043261147,0
2025-11-21,156.01,158.11,147.56,154.85,182.04474999999996,210.7276608486241,153.36183915137582,14.995685036920193,17.41346253930217,0,0,,,,132.78763111111112,134.11550742222224,131.4597548,,-10.464675900629395,-14.938497265095519,-14.564495943399802,0,33.85129584341156,44.92188773815229,,,,,-3.9173252036251873,-5.808565632810854,-1.8912404291856668,-0.8463070023736786,33.85129584341156,33.85129584341156,,33.85129584341156,,,,,,-0.2740423202083179,55.54461110029549,-27.772305550147745,0
2025-11-24,157.47,165.17,157,162.25,180.69824999999997,210.4243528853445,150.97214711465546,20.121889744736702,17.228038144071764,1,0,,,,133.1726088888889,134.5043349777778,131.8408828,,-4.45344129554659,-10.209423721591094,-10.234717541344128,0,40.294747002352224,43.92662788135876,,,,,-3.3514714336574607,-6.080579721257493,-2.7291082876000323,-0.8311643828954243,40.294747002352224,,,,,,,,,-1.1365134555834568,55.52465771178658,-27.76232885589329,0
2025-11-25,160.07,164.6499,156.555,163.55,179.39575,209.72427506717227,149.0672249328277,24.966877160545657,20.028150647400818,0,0,,,,133.56532,134.9009732,132.22966680000002,,-2.1077802018896308,-8.832845817138912,-9.244518185778228,0,41.37512430322487,43.172864975047545,,,,,-2.713271860174503,-6.120698112818161,-3.407426252643658,-0.800415331635917,41.37512430322487,,,,,,,,,0.30103856328338646,55.50380214610321,-27.751901073051606,0
2025-11-26,166.85,168.3385,163.88,165.77,177.74375,207.25057308805995,148.23692691194006,31.21142913240368,25.433398679228645,0,0,,,,133.94700888888892,135.28647897777782,132.60753880000001,,0.3259063798367601,-6.736523787756243,-7.776357063182038,0,43.263211145556134,43.18936359029146,,,,,-1.9982864687160387,-5.905284338538706,-3.9069978698226677,-0.822897461604111,43.263211145556134,,,,,,,,,2.371598395324805,55.48186586062769,-27.740932930313846,0
2025-11-28,167.76,168.8,165.875,168.45,176.43875,205.1550390838991,147.72246091610089,35.73202465449392,30.636776982481052,0,0,,,,134.35825333333335,135.7018358666667,133.0146708,,2.1760558040791356,-4.527775219445851,-6.117023500004204,0,45.54333064961561,43.20716052570007,,,,,-1.2387433053864978,-5.45542700155579,-4.216683696169293,-0.7846990991570417,45.54333064961561,,,,,,,,,3.389883745894327,55.45951002269033,-27.729755011345166,0
2025-12-01,165,169.1,163.12,167.49,174.78975,201.51547327833399,148.064026721666,37.087746225745704,34.67706667088107,0,0,,,,134.7915866666667,136.13950253333337,133.4436708,,1.9971317303095537,-4.176303244326396,-6.466831902950531,0,44.848054096448706,42.437386944950354,,,,,-0.7205616513142825,-5.117385760312146,-4.396824108997864,-0.6618422918266018,44.848054096448706,,,,,,,,,3.924980195954411,55.43697290680554,-27.71848645340277,0
2025-12-02,169.59,175.75,169.59,170.69,172.96525,195.20226901672262,150.72823098327737,42.73354428127579,38.5177717205051,0,0,,,,135.24696444444444,136.5994340888889,133.8944948,,3.98131029000115,-1.315437638485184,-4.486025063395271,0,47.71345985654361,42.004307180608386,,,,,-0.11370086661665812,-4.538950192268686,-4.425249325652028,-0.4264642934305834,47.71345985654361,,,,,,,,,4.646796976897314,55.414210612006755,-27.707105306003378,0
2025-12-03,170.14,177.91,168.83,176.08,172.23225,192.99490505059748,151.4695949494025,53.05911707455826,44.293469193859885,0,0,,,,135.7306088888889,137.08791497777779,134.3733028,,6.696075550128899,2.2340473401468275,-1.370016477540592,0,52.216698031054676,42.2154990538386,,,,,0.6569494650679832,-3.6040624943170485,-4.261011959385032,0.03139139469131225,52.216698031054676,,,,,,,,,5.968328610679965,55.391097466339936,-27.695548733169968,0
2025-12-04,176.365,178.44,174.43,177.92,171.73324999999997,191.4174127393738,152.04908726062615,59.92124491015417,51.90463542199603,0,0,,,,136.23256444444448,137.59489008888892,134.87023880000004,,7.000562306237357,3.602534745018815,-0.38455042313610965,0,53.68321521868679,43.017413718849006,,,,,1.2618111205762501,-2.683748058664719,-3.945559179240969,0.3340793361655491,53.68321521868679,,,,,,,,,7.771759616580911,55.367669958052716,-27.683834979026358,0
2025-12-05,178.23,182.153223,177.1601,181.76,172.06874999999997,192.19144859512213,151.9460514048778,72.81181016706385,61.93072405059206,0,0,,,,136.74745333333334,138.11492786666668,135.3799788,,7.6260799024164605,5.632196433111791,1.741118782868134,0,56.67189109947911,43.93991993012991,,,,,1.8558112031027085,-1.6257951753625832,-3.4816063784652918,0.6472008108113829,56.67189109947911,,,,,,,,,9.671904049067525,55.34412693751465,-27.672063468757326,0
2025-12-08,182.21,183.8799,179.54,181.49,172.24674999999996,192.63491820487192,151.858581795128,75.78294841088746,69.50533449603513,0,0,,,,137.25123111111114,138.62374342222225,135.87871880000003,,5.797312658486087,5.366284124373921,1.6495390046757707,0,56.39633595280401,44.95111680483261,,,,,2.1453446288286995,-0.7999255924294175,-2.945270221258117,0.8367408374033121,56.39633595280401,,,,,,,,,10.42067315335531,55.32061760904966,-27.66030880452483,0
2025-12-09,180.97,182.8499,180.38,181.84,171.65824999999995,190.13581674322035,153.18068325677956,77.5156882712184,75.3701489497232,0,0,,,,137.75167555555558,139.12919231111113,136.37415880000003,,4.804500184433769,5.931407316572357,1.9853225039049072,0,56.69031394615822,46.13526692760901,,,,,2.2635437091628576,-0.11584058480454473,-2.3793842939674024,0.9289949132729975,56.69031394615822,,,,,,,,,10.961292764671567,55.29716224518413,-27.648581122592066,0
2025-12-10,184.95,190.39,182.75,187.91,171.50574999999998,189.38422344574278,153.62727655425718,83.00969954888839,78.76944541033137,0,0,,,,138.26785333333333,139.65053186666668,136.8851748,,6.8034557235420845,9.564839662810144,5.423002011289757,0,61.533982242016634,47.73916258567285,,,,,2.628035513053508,0.9056600973494824,-1.7223754157040254,0.9857582251923843,61.533982242016634,,,,,61.533982242016634,,61.533982242016634,,11.932474123504697,55.2738248132198,-27.6369124066099,0
2025-12-11,184.8,188.05,180.21,187.54,171.67424999999997,190.08264571364523,153.2658542863547,83.51961822730343,81.34833534913669,0,0,,,,138.77660888888892,140.1643749777778,137.38884280000002,,5.290342864521613,9.241776212798381,5.43764154912485,0,61.08552054705061,49.654798566743054,,,,,2.7108159824153772,1.6661445623151963,-1.044671420100181,0.9844546194343509,61.08552054705061,,,,,,,,,12.892838010810223,55.25066076587541,-27.625330382937705,0
2025-12-12,185.81,186.525,177.6668,183.57,172.24574999999996,191.37219694526837,153.11930305473155,80.87588492175882,82.46840089931685,0,0,,,,139.25083111111113,140.64333942222223,137.85832280000002,,2.1939664530782554,6.574472809924203,3.418455924951136,0,56.34083860301038,51.26119447814297,,,,,2.3767636682486524,1.9262831652106343,-0.4504805030380179,0.967387102171351,56.34083860301038,,,,,,,,,12.953412916184513,55.22753676760631,-27.613768383803155,0
2025-12-15,185.08,187.78,180.03,183.25,172.70774999999998,192.41976117973834,152.9957388202616,79.55274047600227,81.3160812083548,0,0,,,,139.71425333333335,141.11139586666667,138.31711080000002,,1.128556055296448,6.104097818424492,3.5731073533608937,0,55.96351155458649,52.380391946159705,,,,,2.026477562827764,2.082616450496687,0.056138887668923165,0.9358079363284848,55.96351155458649,,,,,,,,,11.76565704863342,55.20426822821372,-27.60213411410686,0
2025-12-16,181.655,188.5,181.1424,187.75,173.53274999999996,194.28533380901388,152.78016619098605,78.15324947008926,79.52729162261674,0,0,,,,140.19767555555558,141.59965231111113,138.79569880000003,,2.6455489281672184,8.192833917517039,6.5063918017023825,0,60.01859590282811,53.71206848898851,,,,,1.9873613953372673,2.5403406318405075,0.5529792365032401,0.9245628241983491,60.01859590282811,,,,,,,,,11.546808105671879,55.181006554593395,-27.590503277296698,0
2025-12-17,187.715,187.75,176.5,177.29,174.03074999999995,194.64157925915848,153.41992074084143,64.22833539839291,73.97810844816145,0,0,,,,140.65034222222224,142.05684564444445,139.24383880000002,,-3.1371563442458505,1.8728012147278816,0.8291050272371203,0,48.77535523158627,54.10579306656209,,,,,1.1860892013802133,2.035590738228507,0.8495015368482934,0.7642246611578427,48.77535523158627,48.77535523158627,,48.77535523158627,,,,,,10.070373776043198,55.1576991098799,-27.57884955493995,0
2025-12-18,181.51,187.33,181.51,185.69,175.04424999999998,195.8542517479584,154.23424825204157,69.13972136881229,70.50710207909812,0,0,,,,141.11905333333334,142.53024386666667,139.70786280000002,,1.0233448851797,6.081747900887935,5.650651319850808,0,55.91715367132687,54.84678042525575,,,,,1.150014190286584,2.287019274706523,1.1370050844199393,0.7140694167676466,55.91715367132687,,,,,,,,,10.317564800056255,55.13442445607386,-27.56721222803693,0
2025-12-19,186.74,195,186.73,193.38,176.92599999999996,197.21491263720316,156.63708736279676,78.49469283390846,70.62091653370452,0,0,,,,141.62403111111112,143.04027142222225,140.2077908,,4.546118040125169,9.299933305449759,9.644808200964427,0,61.24431434222957,56.01794187138296,,,,,1.5475094044973734,3.071391840041656,1.5238824355442826,0.7094585413515867,61.24431434222957,,,,,,,,,11.161696141822196,55.111218593109605,-27.555609296554803,0
2025-12-22,195.04,198.88,192.43,193.98,178.88249999999996,197.77763786665832,159.9873621333416,80.41173354537442,76.01538258269835,0,0,,,,142.12518666666668,143.54643853333334,140.7039348,,4.16711416604012,8.439897698209741,9.65238306543923,0,61.63388264414,57.012257784782705,,,,,1.739926356890201,3.6987903816570338,1.9588640247668327,0.7029385088635645,61.63388264414,,,,,,,,,14.210446328034555,55.08854658895112,-27.54427329447556,0
2025-12-23,192.825,195.37,191.7351,194.13,180.47649999999996,198.862150138084,162.09084986191593,82.6767356423525,80.52772067387842,0,0,,,,142.62136444444445,144.0475780888889,141.1951508,,3.5641694540914814,7.565250877538099,9.726423439353127,0,61.7374319030729,57.692310204212575,,,,,1.7610338203670777,4.16015630022568,2.399122479858602,0.7060509564248877,61.7374319030729,,,,,,,,,15.637417706745394,55.066333369686745,-27.533166684843373,0
2025-12-24,193.16,195.17,192.83,194.17,182.00749999999996,199.58183910564,164.43316089435993,83.77457904122078,82.28768274298251,0,0,,,,143.11216444444446,144.54328608888892,141.6810428,,3.240728432806028,6.682416933368152,9.682697639649994,0,61.76706589704229,58.2697281098094,,,,,1.6626276315768016,4.477407019329604,2.8147793877528025,0.7047898052020194,61.76706589704229,,,,,61.76706589704229,,61.76706589704229,,15.595721904347888,55.04413259533892,-27.52206629766946,0
2025-12-26,195.015,196.35,188.62,188.71,183.15449999999996,199.274313243336,167.03468675666392,72.59510180135578,79.68213882830963,0,0,,,,143.4894088888889,144.92430297777778,142.05451480000002,,0.27525080768573407,3.033231506733425,6.507406303000418,0,55.45366115991354,58.182711685554715,,,,,1.1396846002500678,4.239385138065387,3.0997005378153193,0.6448102677370713,55.45366115991354,,,,,,,,,14.178566253139202,55.021535075326035,-27.510767537663018,0
2025-12-29,186.85,187.2,183.64,184.18,183.94099999999995,198.58135231816686,169.30064768183303,62.20992211592218,72.85986765283288,0,0,,,,143.8574977777778,145.2960727555556,142.41892280000002,,-2.1635777384690136,0.1299329676363925,3.7157586798173936,0,50.813079506014816,57.78390765364121,,,,,0.4348164941033734,3.643221155444536,3.2084046613411625,0.4456955264286526,50.813079506014816,,,,,,,,,11.79810500270455,54.99853055280197,-27.499265276400983,0
2025-12-30,184.35,184.7289,180.7,180.84,184.60849999999994,197.2715901047129,171.94540989528696,52.895338437482785,62.56678745158687,0,0,,,,144.16665333333336,145.6083198666667,142.7249868,,-3.8146501287152357,-2.041346958563628,1.7045427916633216,0,47.647075965035086,57.13796208356098,,,,,-0.27217638840394276,2.868184175836234,3.1403605642401766,0.14533972773459913,47.647075965035086,,,,,,,,,8.70201270364157,54.97550694170523,-27.487753470852613,0
2025-12-31,181.13,181.53,177.25,177.75,184.96149999999994,196.38596020606977,173.53703979393012,43.089152092996805,52.731470882133884,0,0,,,,144.4639866666667,145.90862653333338,143.01934680000002,,-4.952623361067765,-3.898919504869902,-0.154940060197295,0,44.862156006791345,55.947117352473455,,,,,-0.9268645434197373,1.9817798849655048,2.908644428385242,-0.050037056622682825,44.862156006791345,,,,,,,,,6.259730112295067,54.952886577014205,-27.476443288507102,0
2026-01-02,181.3,181.35,166.35,167.86,184.55049999999991,197.68665845672118,171.41434154327865,28.802291355257644,41.595593961912364,0,0,,,,144.6915866666667,146.13850253333337,143.24467080000002,,-9.786154598562923,-9.043866042085991,-5.719669631298007,0,37.33955399837905,54.2509768847112,,,,,-1.9462968758282484,0.4757733335999319,2.4220702094281803,-0.3121825062165751,37.33955399837905,37.33955399837905,,37.33955399837905,,,,,,2.849146396750531,54.931424191440236,-27.465712095720118,0
2026-01-05,174.88,175.82,171.79,174.04,184.35649999999993,197.98402842595038,170.72897157404947,30.77014020098018,34.220527883078155,0,0,,,,144.96456444444448,146.41421008888892,143.51491880000003,,-5.875481330852795,-5.595951322573345,-2.406108496848125,0,43.69323475264365,53.347576609685014,,,,,-2.1109176031353707,-0.21657679449103284,1.8943408086443376,-0.4796510745000105,43.69323475264365,,,,,,,,,1.3444222732153628,54.91070981061846,-27.45535490530923,0
2026-01-06,175.76,180.19,174.7701,179.71,184.25399999999996,197.98852350829955,170.51947649170037,35.07667287590209,31.549701477379923,0,0,,,,145.24154222222225,146.69395764444448,143.78912680000002,,-2.0851381465317953,-2.46616084318384,0.32397388111773395,0,48.82072995158102,52.83737792375605,,,,,-1.7588650866041295,-0.3042405496108245,1.454624536993305,-0.5635509335296993,48.82072995158102,,,,,,,,,1.5557078490355327,54.889908764383804,-27.444954382191902,0
2026-01-07,179.8,187.28,177.66,181.68,184.26349999999996,197.99062391581117,170.53637608418876,40.37960112306866,35.408804733316934,0,0,,,,145.52496444444446,146.9802140888889,144.0697148,,-0.34392535667860935,-1.4020682338064527,0.9198773496866819,0,50.50710959895785,52.15798604490817,,,,,-1.3335435119260504,-0.21230485291425794,1.1212386590117924,-0.544965800384653,50.50710959895785,,,,,,,,,4.047444465478541,54.868043786846506,-27.434021893423253,0
2026-01-08,185.615,185.66,174.37,176.86,184.01449999999994,198.0848098402293,169.94419015977059,38.87320863377866,38.10982754424976,0,0,,,,145.7814088888889,147.23922297777779,144.32359480000002,,-2.0600287961014763,-3.8880088253914424,-2.022591421021458,0,46.47231810642819,51.99348339311117,,,,,-1.3148768927243948,-0.522357456893701,0.7925194358306937,-0.7510926368294991,46.47231810642819,,,,,,,,,4.4058025509759515,54.846079710464146,-27.423039855232073,0
2026-01-09,177.02,178.72,174.75,177.49,183.49349999999995,197.71906469881108,169.26793530118883,39.19271640370703,39.48184205351807,0,0,,,,146.01638666666668,147.47655053333335,144.5562228,,-0.7948041495260738,-3.2717780193848522,-1.926041622538588,0,47.06752638783087,51.36136715857574,,,,,-1.2012691182063542,-0.7090669619272489,0.4922021562791052,-0.7962183527052942,47.06752638783087,,,,,,,,,3.7958481638683033,54.82435929821008,-27.41217964910504,0
2026-01-12,177.685,182.5,176.34,179.41,183.08699999999996,197.29143184362016,168.88256815637976,40.2719238584879,39.44594963199115,0,0,,,,146.31572000000003,147.77887720000004,144.85256280000002,,0.8023283253362212,-2.0083348353514774,-1.11355873971829,0,48.93128979752133,50.4818654053823,,,,,-0.9490468524830584,-0.6941064093247178,0.2549404431583406,-0.7252255490744824,48.93128979752133,,,,,,,,,3.1824529667162254,54.80290568636147,-27.401452843180735,0
2026-01-13,178.875,181.1,176.14,178.96,182.85649999999995,197.17128714476976,168.54171285523014,39.41581803511733,39.62681943243738,0,0,,,,146.6387866666667,148.10517453333338,145.17239880000002,,0.8452609038656078,-2.1309059289661314,-1.5516868313828813,0,48.500258689339574,49.543749408610836,,,,,-0.7722504105266302,-0.7103725699999472,0.06187784052668299,-0.6275668964386173,48.500258689339574,,,,,,,,,3.4312577212770865,54.78137667217532,-27.39068833608766,0
2026-01-14,178.125,181.5975,173.95,178.4,182.61399999999998,197.0576496772807,168.17035032271926,40.14579915197437,39.944513681859824,0,0,,,,146.98123111111116,148.45104342222226,145.51141880000006,,0.6681112314914861,-2.3075996363914997,-2.055695757759879,0,47.934372371876364,48.55781658495395,,,,,-0.6572572034200271,-0.7596936637483509,-0.10243646032832379,-0.4951717411524598,47.934372371876364,,,,,,,,,3.4576909671985043,54.75986245419644,-27.37993122709822,0
2026-01-15,178.71,180.6,176.5301,177.07,182.07999999999998,196.5143299117068,167.64567008829317,38.32348267549428,39.29503328752862,0,0,,,,147.36518666666672,148.8388385333334,145.89153480000004,,-0.04403097974577941,-2.7515377855887424,-2.8992580487724795,0,46.54534846177994,47.47055105386378,,,,,-0.6346707795469997,-0.8957749347620734,-0.2611041552150737,-0.3130472637647856,46.54534846177994,,,,,,,,,2.8823938882190774,54.73860985061074,-27.36930492530537,0
2026-01-16,179.36,182.43,170.01,170.96,181.76349999999996,196.86619019082377,166.66080980917616,32.102584481205604,36.85728876955804,0,0,,,,147.7346088888889,149.2119549777778,146.25726280000003,,-3.6617115035670667,-5.943712571555871,-6.162006297581801,0,40.709162792446755,46.41737259904472,,,,,-0.9747890448107615,-1.4795904612285256,-0.5048014164177641,-0.24843790056953582,40.709162792446755,,,,,,,,,1.2441280336917582,54.718164127247725,-27.359082063623863,0
2026-01-20,167.625,171.97,166.24,168.53,180.9055,196.939470780814,164.871529219186,26.26777766448422,32.23128160706133,0,0,,,,148.0866444444445,149.56751088888893,146.60577800000004,,-4.735256377644792,-6.840864429218563,-7.3366078956050185,0,38.63436245257531,45.54746423808475,,,,,-1.2873432767223894,-2.113980512320751,-0.8266372355983616,-0.27413346691068663,38.63436245257531,,,,,,,,,-0.7329336307104629,54.69890041691944,-27.34945020845972,0
2026-01-21,168.402,169.49,161.11,165.33,179.503,195.83140482104696,163.174595178953,22.169067142355576,26.846476429348424,0,0,,,,148.44468888888892,149.92913577777782,146.96024200000002,,-5.778228632977944,-7.895689765630642,-8.8215126742491,0,36.03013777237853,44.717682938609286,,,,,-1.6124417826339315,-2.842189463890776,-1.2297476812568444,-0.3762137783629823,36.03013777237853,36.03013777237853,,36.03013777237853,,,,,,-3.0540242327732394,54.68131782888108,-27.34065891444054,0
2026-01-22,168.925,169,164.95,165.9,178.099,194.03084094823865,162.16715905176133,20.605690995772765,23.014178600870807,0,0,,,,148.80460000000005,150.29264600000005,147.31655400000005,,-4.595407467896595,-6.849561199108356,-8.244195435992175,0,36.84673902521725,44.14515315421113,,,,,-1.684092922007308,-3.3348638337659793,-1.6507709117586713,-0.48099350533572993,36.84673902521725,,,,,,,,,-4.088298300739538,54.66459476123302,-27.33229738061651,0
2026-01-23,167.27,172,166.3,169.6,176.87249999999997,191.393324873264,162.35167512673596,24.67554336743381,22.48343383518734,0,0,,,,149.18762222222227,150.6794984444445,147.69574600000004,,-2.058730112898166,-4.111718893553251,-5.985653942948388,0,42.020656220807794,44.47951759867033,,,,,-1.3895444148266154,-3.3877014302919406,-1.9981570154653252,-0.7648876962070873,42.020656220807794,,,,,,,,,-3.9410331237235074,54.647760430486365,-27.323880215243182,0
2026-01-26,168.21,170.5897,167.325,167.47,175.53749999999997,188.2483675943077,162.82663240569224,22.289442310456163,22.52355889122087,0,0,,,,149.55682222222228,151.0523904444445,148.06125400000005,,-2.7259051015607882,-4.595884070355316,-6.814430121487525,0,39.98954939133718,44.2149686442913,,,,,-1.2497997103763274,-3.5604066534357344,-2.310606943059407,-0.8814723257833776,39.98954939133718,,,,,,,,,-3.5852739313403177,54.630645382817484,-27.315322691408742,0
2026-01-27,167.48,169.44,164.69,165.7,174.38699999999997,186.2581365925931,162.51586340740684,22.376176030124707,23.113720569338184,0,0,,,,149.89268888888893,151.39161577777782,148.39376200000004,,-2.981404281231026,-4.981449305280772,-7.424306194433172,0,38.33147572481229,43.465736199522105,,,,,-1.1885857734310816,-3.7963391598482588,-2.607753386417177,-0.8958180792441478,38.33147572481229,,,,,,,,,-3.6812309678043924,54.613622592952545,-27.306811296476273,0
2026-01-28,164.4,165.045,157.24,157.35,173.04549999999998,186.18310628881895,159.907893711181,14.732056025546985,19.79922478870924,0,0,,,,150.23442222222226,151.7367664444445,148.73207800000003,,-6.689754552840288,-9.070157848658289,-11.658033027413051,0,31.661976503208876,42.119655264111465,,,,,-1.5970135364065152,-4.604020306925321,-3.0070067705188057,-0.8932887321551201,31.661976503208876,,,,,,,,,-6.068933221005945,54.59874056139687,-27.299370280698437,0