time,open,high,low,close,Basis,Upper,Lower,温度计,Plot,Shapes,Shapes,Plot,Plot,Plot,Plot,Plot,Plot,ADX,Plot,Plot,Plot,Plot,RSI,RSI-based MA,Regular Bullish,Regular Bullish Label,Regular Bearish,Regular Bearish Label,Histogram,MACD,Signal line,Trend Strength Index,RSI,Regular Bullish,Regular Bullish Label,Hidden Bullish,Hidden Bullish Label,Regular Bearish,Regular Bearish Label,Hidden Bearish,Hidden Bearish Label,Distance from MA,Upper StdDev Band,Lower StdDev Band,Zero Line
2021-07-28,141.4,145,130,139.01,,,,,,0,0,,,,,,,,,,,0,,,,,,,,,,,,,,,,,,,,,,,0
2021-07-29,137,139,132,134.44,,,,,,0,0,,,,,,,,,,,0,,,,,,,,,,,,,,,,,,,,,,,0
2021-07-30,135.18,141.4,128.5,140.25,,,,,,0,0,,,,,,,,,,,0,,,,,,,,,,,,,,,,,,,,,,,0
2021-08-02,140,147.25,134.72,143.8,,,,,,0,0,,,,,,,,,,,0,,,,,,,,,,,,,,,,,,,,,,,0
2021-08-03,143.16,146.99,138.01,139.86,,,,,,0,0,,,,,,,,,,,0,,,,,,,,,,,,,,,,,,,,,,,0
2021-08-04,136.47,142.345,135.9,141.5,,,,,,0,0,,,,,,,,,,,0,,,,,,,,,,,,,,,,,,,,,,,0
2021-08-05,139.01,152.84,137.01,146,,,,,,0,0,,,,,,,,,,,0,,,,,,,,,,,,,,,,,,,,,,,0
2021-08-06,140.1,141.86,132.4,134.38,,,,,,0,0,,,,,,,,,,,0,,,,,,,,,,,,,,,,,,,,,,,0
2021-08-09,135,138.53,135,138.25,,,,,,0,0,,,,,,,,,,,0,,,,,,,,,,,,,,,,,,,,,,,0
2021-08-10,138.6,141.5,138.6,140,,,,,,0,0,,,,,,,,0.17960772527889635,,,0,,,,,,,,,,,,,,,,,,,,,,,0
2021-08-11,140.5,142.97,135.4,135.96,,,,,,0,0,,,,,,,,-2.498494019104447,,,0,,,,,,,,,,,,,,,,,,,,,,,0
2021-08-12,135.5,137.21,130.16,133.8,,,,,,0,0,,,,,,,,-4.003443822643127,,,0,,,,,,,,,,,,,,,,,,,,,,,0
2021-08-13,134,137.7894,131.74,136.63,,,,,,0,0,,,,,,,,-1.7177631673596316,,,0,,,,,,,,,,,,,,,,,,,,,,,0
2021-08-16,137.11,137.99,133.365,135,,,,,,0,0,,,,,,,,-2.2716414020761855,,,0,,,,,,,,,,-0.4009809014352273,,,,,,,,,,,,,0
2021-08-17,135.39,136.13,132.2,133.48,,,,,,0,0,,,,,,,,-2.9236363636363727,,,0,44.82500467901927,,,,,,,,,-0.5117943173976671,44.82500467901927,,,,,44.82500467901927,,44.82500467901927,,,,,0
2021-08-18,133.4,133.97,129.14,131.5,,,,,,0,0,,,,,,,,-3.663003663003661,,,0,43.10476111364926,,,,,,,,,-0.7847536047847197,43.10476111364926,,,,,,,,,,,,0
2021-08-19,130.78,131,125.1,126.16,,,,,,0,0,,,,,,,,-6.211900443069984,,,0,38.78200613797312,,,,,,,,,-0.8463155576317462,38.78200613797312,,,,,,,,,,,,0
2021-08-20,126.5,127.4,125.01,126.03,,,,,,0,0,,,,,,,,-5.7233264263433,,,0,38.68030821541441,,,,,,,,,-0.8562263362198228,38.68030821541441,,,,,,,,,,,,0
2021-08-23,125.26,126,123,124.01,,,,,,0,0,,,,,,,,-6.2355867742350135,,,0,37.054334470847046,,,,,,,,,-0.8959341075670244,37.054334470847046,37.054334470847046,,37.054334470847046,,,,,,,,,0
2021-08-24,123.69,130.62,123.69,127.16,135.361,147.21036605899266,123.51163394100732,,,0,0,,,,,,,,-2.91128705916488,-6.058613633173504,,0,41.20491186126744,,,,,,,,,-0.8901946372254396,41.20491186126744,,,,,,,,,,,,0
2021-08-25,127.28,130.58,126.29,127.33,134.777,146.9950032738588,122.55899672614117,,,0,0,,,,,,,,-2.1366536007993098,-5.52542347729953,,0,41.42937529043534,,,,,,,,,-0.8679368534035284,41.42937529043534,,,,,,,,,,,,0
2021-08-26,127.43,128,119.68,120,134.055,147.86961906821892,120.24038093178109,26.28153386170593,,0,0,,,,,,,,-6.781635982288503,-10.484502629517745,,0,35.190946377737944,,,,,,,,,-0.9301813632265367,35.190946377737944,35.190946377737944,,35.190946377737944,,,,,,,,,0
2021-08-27,119.8,120.775,118.545,120.1,133.04749999999999,147.81422864923064,118.28077135076931,26.909138240003365,,0,0,,,,,,,,-5.4903719791937196,-9.73148687498825,,0,35.33400811616889,,,,,,,,,-0.9394252197012554,35.33400811616889,,,,,,,,,,,,0
2021-08-30,121.04,128.8,119.4,128.7,132.2925,146.3079584298912,118.27704157010879,34.42300108263621,29.204557728115173,0,0,,,,,,,,1.7817741820683741,-2.7155734452066427,,0,46.310431841615426,,,,,,,,,-0.8328277057916553,46.310431841615426,,,,,,,,,,,,0
2021-08-31,127.16,130.81,125.4,129.56,131.7775,145.3941102610011,118.16088973899892,37.56145633667122,32.96453188643693,0,0,,,,,,,,2.780532307326178,-1.682760714082454,,0,47.27424404087436,,,,,,,,,-0.6931504278368289,47.27424404087436,,,,,,,,,,,,0
2021-09-01,130,137.72,128.94,137.48,131.57649999999998,144.7236963170867,118.42930368291324,47.84622793538915,39.94356178489886,0,0,,,,,,,,8.548553922923263,4.486743453428232,,0,55.2427564583109,,,,,,,-3.9436645959943917,,-0.3236288508771796,55.2427564583109,,,,,,,,,,,,0
2021-09-02,138.17,152.77,136.6005,152.09,131.881,146.544940670911,117.21705932908901,65.03568021065587,50.147788160905414,0,0,,,,,,,,17.674821657923644,15.323662999218989,,0,65.57762556702272,,,,,,,-1.852112427160705,,0.2536367531233986,65.57762556702272,,,,,,,,,,,,0
2021-09-03,149,163.84,146.561,163.06,133.315,153.31456849534527,113.31543150465474,67.27649615754932,60.05280143453145,0,0,,,,,,,,22.648534400409194,22.311817874957818,,0,70.99359968391629,45.78602241816088,,,,,,0.6827744564230613,,0.5597815580583744,70.99359968391629,,,,,,,,,,,,0
2021-09-07,164.83,164.83,158.02,163.38,134.5715,158.43732433103906,110.70567566896092,71.63180020798406,67.98132552539641,0,0,,,,,,,,19.354791578393705,21.407578870711852,,0,71.13626431863652,47.66539810670498,,,,,,2.686543103602105,,0.7292519309936147,71.13626431863652,,,,,71.13626431863652,,71.13626431863652,,,,,0
2021-09-08,163.38,163.58,153.66,158.11,135.477,161.3848429051898,109.56915709481021,68.94125956118909,69.28318530890749,0,0,,,,,,,,12.951043355884039,16.706156764616885,15.492217003528118,0,65.42887780983716,49.259977870718394,,,,,,3.80543257813153,,0.8274925820772205,65.42887780983716,,,,,,,,,,,,0
2021-09-09,156.73,170.58,155.015,169.75,137.16649999999998,167.0776974183584,107.25530258164157,74.77082968133693,71.78129648350335,0,0,,,,,,,,17.699673422408367,23.754706870846753,23.07353961191656,0,70.96917065396714,51.559061050432256,,,,,,5.567235641331138,,0.8822203437046001,70.96917065396714,,,,,,,,,,,,0
2021-09-10,171.97,181.27,170.49,173.37,139.145,172.89250212978726,105.39749787021276,77.00692391019905,73.57300438424168,0,0,,,,,,,,15.920032094142812,24.596643788853356,24.52654009145978,0,72.44798250701122,53.97103778554631,,,,,,7.172896324563538,,0.9218953225283505,72.44798250701122,,,,,72.44798250701122,,72.44798250701122,,,,,0
2021-09-13,174.45,174.655,158.22,158.71,140.249,175.0241554417806,105.47384455821938,66.93561064723276,72.90445474625625,0,0,,,,,,,,3.4473768258582727,13.16301720511377,13.495075277224245,0,59.27869702685217,55.5584922538324,,,,,,7.179691488639463,,0.9061931403817327,59.27869702685217,59.27869702685217,,59.27869702685217,,,,,,,,,0
2021-09-14,159,166.46,159,160.09,141.5035,177.22798755405734,105.77901244594267,65.35819130983525,69.76690862242235,0,0,,,,,,,,2.254726622381198,13.135010794786005,14.039107670754735,0,60.01551002138808,56.90210640812672,,,,,4.045272344894974,7.213280959198812,3.168008614303839,0.8883530597950818,60.01551002138808,,,,,,,,,,,,0
2021-09-15,161.33,164.16,158.6,160.29,142.844,179.26875059626389,106.41924940373612,62.95249387930764,65.08209861212521,0,0,,,,,,,,0.4115690364774327,12.213323625773565,13.630348686635706,0,60.12810992704666,58.23773031074182,,,,,3.2042725324789822,7.173349279902567,3.9690767474235846,0.8538688115670336,60.12810992704666,,,,,,,,,,,,0
2021-09-16,158.57,185.85,158,185,145.519,185.86535492829574,105.17264507170428,72.56897904611223,66.95988807841837,0,0,,,,,,,,12.540681935699727,27.13116500250825,29.813022468178275,0,70.99575532116806,60.795216663843966,,,,,4.049926039826881,9.031484297207186,4.981558257380305,0.8547011692314828,70.99575532116806,,,,,,,,,,,,0
2021-09-17,185.2,191.5,183.05,184.98,148.46,191.23511379295206,105.68488620704795,72.8437227603285,69.45506522858278,0,0,,,,,,,,10.321218555053257,24.599218644752785,28.626262064361807,0,70.9788921291255,63.34127980762658,,,,,4.320969190995283,10.38276974612441,6.0618005551291265,0.8496471793360013,70.9788921291255,,,,,,,,,,,,0
2021-09-20,178,183.5,174.6,181.7,151.2435,195.0507757769756,107.43622422302442,72.96999901877345,72.79423360840472,0,0,,,,,,,,7.173612995316692,20.137394334301952,24.974780359861313,0,68.12118241588696,64.8991905629317,,,,,3.999755226226976,11.061494587912847,7.061739361685871,0.8316191009706767,68.12118241588696,,,,,,,,,,,,0
2021-09-21,183.79,202.04,181.9,200.21,155.05350000000004,201.87469104636233,108.23230895363776,78.91607666158836,74.90993281356344,0,0,,,,,,,,15.580674398600646,29.123173614268595,35.77732365201509,0,74.38803005883517,66.83588956421461,,,,,4.705635185289642,12.943783343297923,8.238148158008281,0.8320655321706718,74.38803005883517,,,,,,,,,,,,0
2021-09-22,201.65,204.995,200.25,201.86,158.78850000000003,207.9716602380324,109.60533976196766,80.67031470535427,77.5187967952387,0,0,,,,,,,,13.662469875447659,27.125075178618086,35.008360271987506,0,74.86241692803681,68.23729388348075,,,,,4.931583417423068,14.402627429787117,9.471044012364048,0.8320517527873038,74.86241692803681,,,,,,,,,,,,0
2021-09-23,202.21,203.617,198.12,202.69,162.55650000000003,213.05137945326715,112.0616205467329,80.86881997893785,80.1517371152935,0,0,,,,,,,,12.051523025042844,24.688954302042653,33.57629118036656,0,75.11213851635273,68.9183305227186,,,,,4.781304600754128,15.447674763306708,10.66637016255258,0.8436359392828539,75.11213851635273,,,,,75.11213851635273,,75.11213851635273,,,,,0
2021-09-24,202.23,204.3611,198.51,199.37,166.52500000000003,215.46958601316345,117.58041398683662,78.76298003204711,80.10070490544642,0,0,,,,,,,,8.654422584337041,19.72376520042034,29.522716445060414,0,72.02973792689667,68.99234039721719,,,,,4.1273509573318865,15.825558859217438,11.698207901885551,0.8709266777070338,72.02973792689667,,,,,,,,,,,,0
2021-09-27,199.99,201.94,188.11,189.38,169.989,214.94441564706085,125.03358435293914,70.43607052906215,76.6892901800157,0,0,,,,,,,,1.5132104397047819,11.407208701739524,21.643061309695867,0,63.57539074961632,68.45227799943004,,,,,2.7569141355260864,15.14435057129316,12.387436435767073,0.842642655538861,63.57539074961632,,,,,,,,,,,,0
2021-09-28,184.24,186.84,171.46,171.73,172.14050000000003,212.9096488628346,131.37135113716548,60.494144300751415,69.89773162062022,0,0,,,,,,,,-8.518492869737527,-0.2384679956198843,9.445369725191611,0,51.96945174918168,67.49089042366894,,,,,0.5141132310092296,13.03007797452861,12.51596474351938,0.6396256759702132,51.96945174918168,,,,,,,,,,,,0
2021-09-29,176.44,176.44,167.24,168.89,174.10700000000003,209.9699107017259,138.24408929827416,52.98696782246888,61.30572755076082,0,0,,,,,,,,-10.44166697599439,-2.9964332278426764,6.831776902981201,0,50.37587792646384,66.019940943133,,,,,-1.2139294174908777,10.998552971655783,12.212482389146661,0.4454574287115929,50.37587792646384,,,,,,,,,,,,0
2021-09-30,167.23,171.606,162.54,166.36,175.55100000000002,207.5119698851583,143.59003011484174,43.780692655265824,52.42060159282872,0,0,,,,,,,,-10.902595907175016,-5.235515605151775,4.463584891837868,0,48.93627788671908,64.34053347025498,,,,,-2.506194446076236,9.079739331551366,11.585933777627602,0.260470170621124,48.93627788671908,,,,,,,,,,,,0
2021-10-01,167.01,171.45,158.4,160.58,175.9755,206.88707160352718,145.06392839647285,37.80138209653213,44.85634752475562,0,0,,,,,,,,-12.859445291599048,-8.748661035200922,0.11284359628178642,0,45.7216333356506,63.37217177802629,,,,,-3.659275120063068,7.011839877548766,10.671114997611834,-0.07223479631299343,45.7216333356506,,,,,,,,,,,,0
2021-10-04,159.01,159.1574,147.11,150.87,175.36599999999999,207.71927643377126,143.01272356622871,25.59814245925675,35.72673907035158,0,0,,,,,,,,-16.735653498460202,-13.968500165368425,-6.4238620082244235,0,40.86505709926499,62.00428228358892,,,,,-4.907134533340294,4.537196830936466,9.44433136427676,-0.440920854921076,40.86505709926499,,,,,,,,,,,,0
2021-10-05,152.3,156.019,142.51,144.85,174.4395,209.09225312294808,139.78674687705194,21.111110841308996,28.170211799032632,0,0,,,,,,,,-17.538626194081676,-16.962614545444133,-10.543163875536532,0,38.15882284137943,60.435047491755554,,,,,-5.9023130401015775,2.0664400641497878,7.968753104251365,-0.7659602235561777,38.15882284137943,,,,,,,,,,,,0
2021-10-06,144.47,144.47,136.07,141.45,173.6065,210.51677839233923,136.6962216076608,18.39721926085637,21.702157520474046,0,0,,,,,,,,-16.60623640319073,-18.522635961211144,-12.899173635143313,0,36.681329754144464,57.98401709411102,,,,,-6.5062923035865445,-0.16411227523181537,6.342180028354729,-0.8537453300737053,36.681329754144464,36.681329754144464,,36.681329754144464,,,,,,,,,0
2021-10-07,143.97,160.86,143.97,156.86,172.962,210.56281999105875,135.36118000894123,24.025518572653873,21.177949558273085,1,0,,,,,,,,-4.952918792491234,-9.30955932516968,-3.9920676858167026,0,46.74583583664912,56.25308450179127,,,,,-5.618174456496601,-0.6805380422660221,4.937636414230579,-0.8863315045078874,46.74583583664912,,,,,,,,,,,,0
2021-10-08,157.34,168.6,157.34,166.52,172.61950000000002,210.32386339470492,134.91513660529512,32.22937118118808,24.88403633823278,0,0,,,,,,,,2.949631836982003,-3.5334941880841964,0.9622088969460263,0,51.90650684968509,55.09489338991971,,,,,-4.19554226323796,-0.3067914148168711,3.888750848421089,-0.8806133660121067,51.90650684968509,,,,,,,,,,,,0
2021-10-11,168.73,169.8,162.18,165,172.93400000000003,210.27218281598545,135.5958171840146,34.211148910663596,30.155346221501855,0,0,,,,,,,,3.5710026300757702,-4.587877456139355,-0.8590215286137015,0,51.06791265185164,53.429170717992314,,,,,-3.2163825554159238,-0.13172734584881596,3.084655209567108,-0.8036105534192906,51.06791265185164,,,,,,,,,,,,0
2021-10-12,166.31,170.74,162.36,170.74,173.4665,210.35789101470687,136.57510898529313,39.53637686924913,35.32563232036694,0,0,,,,,,,,7.240660251739817,-1.5717732242248483,1.733291227484779,0,54.08467240283406,51.945046109049265,,,,,-2.09586495407721,0.4648240169705957,2.5606889710478056,-0.6575162705698578,54.08467240283406,,,,,,,,,,,,0
2021-10-13,172.05,181.79,171.68,180,174.452,210.93354580058207,137.97045419941793,50.05367223105106,41.2670660036546,0,0,,,,,,,,12.273348178364918,3.1802444225345727,6.1869637804131905,0,58.526867234630274,50.76038387464052,,,,,-0.7160712710510402,1.6655998822340052,2.3816711532850454,-0.371719154501522,58.526867234630274,,,,,58.526867234630274,,58.526867234630274,,,,,0
2021-10-14,182.71,186.77,167.68,168.59,173.6315,209.86450775536036,137.3984922446396,48.78394703392947,46.124665378076564,0,0,,,,,,,,5.010402003164205,-2.9035630055606165,-1.1488367002314148,0,51.86802170628764,49.320261287454166,,,,,-0.5635784677388456,1.6771980686114887,2.2407765363503342,-0.09099333450440236,51.86802170628764,,,,,,,,,,,,0
2021-10-15,169.27,173.86,154.34,156.7,172.2175,208.7744516644916,135.6605483355084,41.27751209336252,46.70504378611435,0,0,,,,,,,,-2.1591178711022896,-9.010408349906374,-8.203136441655989,0,45.99531690521478,48.06454172713977,,,,,-1.2176759730985247,0.7186815699771785,1.9363575430757032,0.1239076217947149,45.99531690521478,45.99531690521478,,45.99531690521478,,,,,,,,,0
2021-10-18,157.14,164.81,153.03,157.34,170.99949999999998,207.8337375922188,134.16526240778117,40.88264173566949,43.64803362098716,0,0,,,,,,,,-2.154783744286559,-7.988035052734066,-7.725149891405724,0,46.347453877994816,47.66297045062642,,,,,-1.5406291281183502,0.010571132927765348,1.5512002610461155,0.19995592770334691,46.347453877994816,,,,,,,,,,,,0
2021-10-19,157.51,168.955,157.5,165.69,169.27349999999998,203.62218630675727,134.9248136932427,48.04033320102581,43.40016234335261,0,0,,,,,,,,1.7195759075198547,-2.1169881877553087,-2.872004502039993,0,50.85034896084001,47.696861238796146,,,,,-1.1435520881819425,0.12176015081868741,1.26531223900063,0.3600837622243287,50.85034896084001,,,,,,,,,,,,0
2021-10-20,165.75,167.4154,155.16,157.91,167.076,198.28442924595862,135.86757075404137,43.774673896138964,44.232549610944766,0,0,,,,,,,,-4.026498921202193,-5.486126074361364,-7.429047109124031,0,46.90069896685887,47.55146274452043,,,,,-1.342762036775259,-0.41314030696844384,0.9296217298068152,0.40392928013167645,46.90069896685887,,,,,,,,,,,,0
2021-10-21,157.37,179.965,154.005,178.14,165.8485,193.02845678804476,138.66854321195524,57.423416033007086,49.74614104339063,0,0,,,,,,,,6.886351499732979,7.411281983255802,4.259374506181368,0,56.38672555046138,48.31325504557833,,,,,-0.11467701326884328,0.7862754632207611,0.9009524764896044,0.5590901876310335,56.38672555046138,,,,,,,,,,,,0
2021-10-22,178.5,183.905,176.23,178.26,164.79299999999998,188.03874378246542,141.54725621753454,62.82696738216836,54.67501910377148,0,0,,,,,,,,6.210192031554418,8.172070415612321,4.230172528046516,0,56.43644072122077,49.42549673286089,,,,,0.6605187539413939,1.726600918916347,1.066082164974953,0.5870365228054072,56.43644072122077,,,,,,,,,,,,0
2021-10-25,178.26,191.82,174.1746,187.48,164.69799999999998,187.55329225365602,141.84270774634393,73.53342821757563,64.59460387758371,0,0,,,,,,,,10.227239321515725,13.832590559691083,9.009929198977428,0,60.19121253508898,50.99923885384015,,,,,1.6904505510519736,3.17914535378992,1.4886948027379465,0.5966374590425095,60.19121253508898,,,,,,,,,,,,0
2021-10-26,189.37,190.835,183.31,188.05,165.51399999999998,190.39118504976008,140.63681495023988,78.70337276474098,71.68792278816166,0,0,,,,,,,,9.448479769055297,13.61576664209676,8.75201687135785,0,60.418346844154414,52.694740074555135,,,,,2.2701795591893354,4.326419251724616,2.0562396925352804,0.5744081793057628,60.418346844154414,,,,,60.418346844154414,,60.418346844154414,,,,,0
2021-10-27,188.05,190,173.7,175.29,165.83399999999997,191.03914423684202,140.62885576315793,71.9456170892321,74.72747269051624,0,0,,,,,,,,2.302372406548203,5.702087629798491,1.0804441719253433,0,53.11264088441065,53.149511863680964,,,,,1.681476171397371,4.158084906781994,2.476608735384623,0.49810305091746415,53.11264088441065,,,,,,,,,,,,0
2021-10-28,176.06,182.3056,171.01,172.83,166.15749999999997,191.5467527459956,140.76824725400434,65.2704606722028,71.97315017539195,0,0,,,,,,,,0.6176900372011351,4.015768171764766,-0.10442516068372987,0,51.81189651028296,53.1427539822951,,,,,1.044772311507967,3.7825741247695817,2.7378018132616146,0.4603133250328022,51.81189651028296,,,,,,,,,,,,0
2021-10-29,172.72,183.37,172.72,173.69,166.813,192.2692653191707,141.35673468082928,63.457730988243625,66.89126958322618,0,0,,,,,,,,0.1279774944081824,4.122580374431251,0.6115044709144257,0,52.25214307063046,53.227341869350724,,,,,0.6208531505112527,3.5138682514006803,2.8930151008894276,0.4036991209043423,52.25214307063046,,,,,,,,,,,,0
2021-11-01,174.77,175.04,168.43,175.04,168.02149999999997,192.61581664023223,143.42718335976772,57.910561378165895,62.21291767953744,0,0,,,,,,,,-0.11298919184196121,4.177143996452837,1.524059570371028,0,52.97837241834875,53.14832044188749,,,,,0.38238146472341494,3.3709919317936965,2.9886104670702816,0.4166815141251653,52.97837241834875,,,,,,,,,,,,0
2021-11-02,174.63,174.63,163.48,166.24,169.09099999999998,191.3071237843153,146.87487621568465,49.20879773812474,56.85903003484476,0,0,,,,,,,,-5.1644960152430475,-1.6860743623255958,-2.942550210182171,0,47.8675084589569,52.38693767219654,,,,,-0.37597506894853217,2.5186416308846162,2.8946166998331484,0.449759632196448,47.8675084589569,,,,,,,,,,,,0
2021-11-03,168.21,175,165.57,169.12,170.47449999999998,188.72539200559874,152.22360799440122,48.074826464445124,51.7313951935786,0,0,,,,,,,,-4.134592492659317,-0.7945469850329401,-0.6279305711700545,0,49.58177275341212,52.223634175562566,,,,,-0.6741838141868453,2.051886932099592,2.726070746286437,0.3818271726583681,49.58177275341212,,,,,,,,,,,,0
2021-11-04,170.58,175.01,158.02,158.59,170.56099999999998,188.56773418474359,152.55426581525637,38.695294827503275,45.32630634335772,0,0,,,,,,,,-9.096120005273445,-7.018603314943029,-6.003287524004463,0,43.89802441087975,52.073827568824356,,,,,-1.5226065154959754,0.8228126019164677,2.345419117412443,0.025747660366934728,43.89802441087975,,,,,,,,,,,,0
2021-11-05,160.23,167.3294,152.72,153.73,169.92149999999998,189.3121475136854,150.53085248631456,25.12488376016281,37.29833501737042,0,0,,,,,,,,-10.625210748462266,-9.52881183369968,-8.054753664332793,0,41.53164434731454,51.72984117377577,,,,,-2.3061004630133843,-0.5372064613542875,1.7688940016590968,-0.37483275148586825,41.53164434731454,,,,,,,,,,,,0
2021-11-08,153.85,157.345,150.51,155.35,169.439,189.75371082737806,149.12428917262193,23.59099844103264,29.137059009566254,0,0,,,,,,,,-7.964192827901617,-8.315086845413388,-6.4511661237000695,0,42.64158583860272,51.14350095075882,,,,,-2.589031747172036,-1.4673956823059484,1.1216360648660877,-0.592740221749147,42.64158583860272,,,,,,,,,,,,0
2021-11-09,153.89,157.25,146.29,146.73,168.2385,190.8155655976363,145.66143440236368,18.273361018478212,22.329747739891236,0,0,,,,,,,,-10.889645999963571,-12.784529106001298,-11.196334798633846,0,38.458050809045965,50.54045465377218,,,,,-3.1909802764441277,-2.867089280689072,0.32389099575505576,-0.9025188429708328,38.458050809045965,38.458050809045965,,38.458050809045965,,,,,,,,,0
2021-11-10,146.9,151.765,140.08,148.06,166.64149999999998,190.16361833572824,143.1193816642717,18.149447241140013,20.0046022335503,0,0,,,,,,,,-8.569946522743265,-11.150583738144448,-10.013249433758931,0,39.445210960736176,49.3303464687918,,,,,-3.31906885348033,-3.8249450710953568,-0.5058762176150268,-0.9433627294037427,39.445210960736176,,,,,,,,,,,,0
2021-11-11,174.1,174.65,148.51,151.51,165.78749999999997,190.1884408630076,141.38655913699233,20.97705475945,19.133287673022753,1,0,,,,,,,,-5.1912944445139715,-8.611927919776807,-7.638568563422455,0,42.042258844464264,48.30219062045205,,,,,-3.000578301194172,-4.256599094107742,-1.2560207929135698,-0.9592731820865512,42.042258844464264,,,,,,,,,,,,0
2021-11-12,152.5,155.27,145.53,155.02,165.7035,190.24018622695345,141.16681377304653,22.739519897741108,20.62200729944372,0,0,,,,,,,,-1.8481818930093152,-6.447359289333043,-5.3919624057856215,0,44.643455225186656,47.1916365268876,,,,,-2.408208418623648,-4.26628131619313,-1.8580728975694818,-0.9199265574165918,44.643455225186656,,,,,44.643455225186656,,44.643455225186656,,,,,0
2021-11-15,147.96,151.05,137.695,140.48,164.8605,191.55247892626048,138.16852107373953,14.885510837902562,19.53402849836457,0,0,,,,,,,,-9.064427801117269,-14.788563664431454,-14.084064860986,0,37.196114276291084,45.532905629183084,,,,,-2.821649323636737,-5.385134552115403,-2.5634852284786662,-0.9241804157188922,37.196114276291084,,,,,,,,,,,,0
2021-11-16,138.96,141.83,135.13,138.93,163.52249999999998,192.49906492754025,134.5459350724597,14.191563742019351,17.27219815922102,0,0,,,,,,,,-8.449312035426203,-15.039214786955913,-14.929357831871249,0,36.49715097164515,44.3460849211284,,,,,-3.0084171265336885,-6.324006636645777,-3.3155895101120882,-0.9299646109782108,36.49715097164515,,,,,,,,,,,,0
2021-11-17,136.69,145,136.69,141.28,162.69099999999997,193.1790546444007,132.20294535559924,16.735416883948407,15.270830487956786,1,0,,,,,,,,-5.160839911927373,-13.160531313963265,-13.487386638961318,0,38.38751893209687,43.38720080840083,,,,,-2.787574263504486,-6.800057339492696,-4.01248307598821,-0.926092406022311,38.38751893209687,,,,,,,,,,,,0
2021-11-18,138.5,139.12,135.01,135.04,160.53599999999997,192.41274098774784,128.6592590122521,12.453035191177555,14.460005272381784,0,0,,,,,,,,-7.89357014725841,-15.881795983455415,-16.938501440331365,0,35.37614265345418,42.18177220717395,,,,,-2.8646661661880595,-7.593315783723284,-4.728649617535225,-0.9250071790451803,35.37614265345418,,,,,,,,,,,,0
2021-11-19,132.95,136.58,132.41,135.96,158.42099999999996,190.92025592994392,125.92174407005601,13.407522179332474,14.19865808481949,0,0,,,,,,,,-6.128310641000823,-14.178044577423421,-15.845332684106406,0,36.17116587548878,40.98125745411253,,,,,-2.660992896548203,-8.054890738220479,-5.393897841672276,-0.9202546199302211,36.17116587548878,,,,,,,,,,,,0
2021-11-22,135.9,135.9,129.07,133.17,155.70549999999997,187.09567965861245,124.31532034138749,13.804087742515584,13.221548371008547,1,0,,,,,,,,-6.624689730609024,-14.473156054217728,-17.027348098426597,0,34.77401646503459,40.04600802597522,,,,,-2.5227169372587195,-8.547294013245676,-6.024577075986956,-0.9161870552303646,34.77401646503459,,,,,,,,,,,,0
2021-11-23,133.78,137.395,131.5,135.82,153.09399999999997,181.8675457669013,124.32045423309864,16.193393912573782,14.468334611473956,0,0,,,,,,,,-4.032446105690058,-11.283263877095106,-14.758035497610923,0,37.253142899257526,39.16539160782132,,,,,-2.0797615260553,-8.624278983556081,-6.544517457500781,-0.9067085160860857,37.253142899257526,,,,,,,,,,,,0
2021-11-24,135.42,135.42,118.96,119.81,150.31999999999996,180.65428884941883,119.9857111505811,10.935257820620993,13.644246491903465,0,0,,,,,,,,-13.620567836080188,-20.296700372538567,-23.84715615962374,0,29.86724437714581,38.163193033983184,,,,,-2.6551568012456928,-9.863463459057897,-7.208306657812204,-0.8943928785382038,29.86724437714581,29.86724437714581,,29.86724437714581,,,,,,,,,0
2021-11-26,118.71,124.9,116.55,122.58,147.80749999999995,178.58866233997645,117.02633766002344,14.476861576882573,13.86850443669246,1,0,,,,,,,,-9.740886097386737,-17.067807790538335,-21.31951457473942,0,32.36574936705729,37.508486249679095,,,,,-2.6341240208866203,-10.50096168392048,-7.866837663033859,-0.9088113725663524,32.36574936705729,,,,,,,,,,,,0
2021-11-29,123.86,124.05,118.95,119.37,145.09149999999994,175.84423729280016,114.33876270719972,13.272772156060732,12.894963851188109,0,0,,,,,,,,-9.735035237893563,-17.727778677593065,-22.763026500535986,0,30.98802250157121,36.67608886846255,,,,,-2.615990191299673,-11.13682540215845,-8.520835210858777,-0.912237373623717,30.98802250157121,,,,,,,,,,,,0
2021-11-30,117.91,119.7446,109.47,110.19,141.84899999999996,172.9603489903596,110.73765100964033,9.793856758602423,12.51449683051525,0,0,,,,,,,,-14.723522810819167,-22.31880379840533,-27.970348806805333,0,27.396380936438547,35.88596959184773,,,,,-2.975653055391433,-12.240401530098069,-9.264748474706636,-0.9386351931369417,27.396380936438547,,,,,,,,,,,,0
2021-12-01,112.62,116.46,102.995,104.19,138.74649999999994,171.8232273320682,105.66977266793168,7.89986050928113,10.322163141314771,0,0,,,,,,,,-17.13919882933965,-24.90621385043944,-30.967388567667754,0,25.329924412567834,34.877734838407136,,,,,-3.34353516012626,-13.44416742486446,-10.1006322647382,-0.952247528489113,25.329924412567834,25.329924412567834,,25.329924412567834,,,,,,,,,0
2021-12-02,106.24,112.85,103.04,109.71,135.77599999999995,168.0697792151981,103.4822207848018,10.452614052030842,9.382110439971475,1,0,,,,,,,,-10.502186255955081,-19.197796370492547,-26.52790613573355,0,30.5221322532027,34.05486865331703,,,,,-2.9544838576994223,-13.793737086862478,-10.839253229163056,-0.9508101906024585,30.5221322532027,,,,,,,,,,,,0
2021-12-03,110.78,110.78,104.55,109.06,133.29949999999994,165.81117757898664,100.78782242101325,11.847759808366636,10.066744789892878,0,0,,,,,,,,-9.10606237394359,-18.184239250709833,-25.81928000399043,0,30.25534410250461,33.02714643026831,,,,,-2.4984171914632327,-13.962274718492097,-11.463857527028864,-0.944616449979618,30.25534410250461,,,,,,,,,,,,0
2021-12-06,107.28,107.28,98,101.57,130.69149999999996,164.5688329971523,96.81416700284764,9.98431281441377,10.761562224937093,0,0,,,,,,,,-12.850609625301379,-22.28262740882152,-29.691339650983327,0,27.294718866441983,32.319903900993374,,,,,-2.4550727841089035,-14.532698507164994,-12.07762572305609,-0.9553479975294435,27.294718866441983,,,,,,,,,,,,0
2021-12-07,105.57,113.1,105.175,109.97,128.42249999999996,161.45805713167164,95.38694286832826,20.976951604750656,14.269674742510363,1,0,,,,,,,,-3.7267896381765975,-14.368588058946031,-22.49047312504996,0,34.979219807711885,32.21148024642671,,,,,-1.6530285927717703,-14.143911464020803,-12.490882871249033,-0.9336036737872992,34.979219807711885,,,,,34.979219807711885,,34.979219807711885,,,,,0
2021-12-08,110.15,110.73,107.37,108.58,126.51499999999992,159.5075121807963,93.52248781920353,22.11696134574149,17.692741921635314,0,0,,,,,,,,-2.621454131278955,-14.176184642137235,-22.014120486196763,0,34.332559668944555,31.92184029905869,,,,,-1.0384978993553382,-13.789005245443207,-12.750507346087868,-0.8995280167979549,34.332559668944555,,,,,,,,,,,,0
2021-12-09,108.35,108.45,99.14,99.46,124.08499999999992,157.52813771164386,90.641862288356,20.48896368316488,21.194292211219018,0,0,,,,,,,,-9.14239777834618,-19.845267357053586,-27.24355535615013,0,30.365965345107696,31.563970491319655,,,,,-1.064655342639563,-14.081326524387322,-13.016671181747759,-0.8980756826970275,30.365965345107696,,,,,,,,,,,,0
2021-12-10,99.96,101.97,94.605,95.69,121.29399999999991,154.43180040980388,88.15619959019594,19.164244060211427,20.590056363039277,0,0,,,,,,,,-10.385000796036648,-21.109040842910552,-28.659473053773212,0,28.880548856982557,31.043212132854926,,,,,-1.1471614151078562,-14.450622950632578,-13.303461535524722,-0.8942603579354818,28.880548856982557,,,,,,,,,,,,0
2021-12-13,94.8,99.655,94.61,97.08,118.39699999999993,149.28904305318736,87.50495694681251,19.569489641612776,19.740899128329705,0,0,,,,,,,,-7.144906743185064,-18.004679172614125,-26.218481859890154,0,30.235592220546266,30.719038972534328,,,,,-0.9287468538296686,-14.464395102811807,-13.535648248982138,-0.8805536554638417,30.235592220546266,,,,,,,,,,,,0
2021-12-14,95.82,101.94,95.01,100.57,116.40149999999994,146.4750573386316,86.32794266136828,21.418976259245834,20.05090332035669,1,0,,,,,,,,-2.9134648801019125,-13.600769749530684,-22.0963319097515,0,33.653633106008215,30.461931130159375,,,,,-0.39703682537266616,-14.03194428069797,-13.634907455325305,-0.8652405417885628,33.653633106008215,,,,,,,,,,,,0
2021-12-15,100.04,101.94,96.585,101.7,114.53999999999994,143.3892336120036,85.69076638799626,26.77728710005514,22.588584333637925,0,0,,,,,,,,-1.5860420557581967,-11.210057621791458,-19.885933955129854,0,34.76803414434153,30.811987542101924,,,,,0.1534628546969543,-13.443078886954112,-13.596541741651066,-0.8133864350022496,34.76803414434153,,,,,,,,,,,,0
2021-12-16,103.14,107.145,102.0352,102.92,112.62199999999993,139.10902973154919,86.13497026845069,31.28950720171138,26.495256853670796,0,0,,,,,,,,0.25326319890905946,-8.614657882118893,-17.49062029010299,0,36.0175768858571,31.072832364873342,,,,,0.6922752383498842,-12.73119769371371,-13.423472932063595,-0.7192798368276245,36.0175768858571,,,,,,,,,,,,0
2021-12-17,100.62,105.23,94.505,104.54,111.09699999999994,135.68989824319138,86.5041017568085,35.89334841042465,31.320047570730384,0,0,,,,,,,,2.2816217908578906,-5.902049560294098,-14.96365307599915,0,37.72348187646071,31.55393660593688,,,,,1.2194660457590363,-11.8991403748648,-13.118606420623836,-0.547818309216879,37.72348187646071,,,,,,,,,,,,0
2021-12-20,103.04,105.65,101.01,103,109.44899999999991,131.435940578443,87.46205942155683,40.34821045827684,35.84368869013762,0,0,,,,,,,,0.6340924856621077,-5.89224204880805,-15.047809663105516,0,36.72117408952072,32.21999325972847,,,,,1.5072932336052993,-11.234489878617211,-12.74178311222251,-0.42501836956330263,36.72117408952072,,,,,,,,,,,,0
2021-12-21,102.76,106.78,102.76,106.2,108.10049999999993,127.22445824613659,88.97654175386326,45.539775427088124,40.59377809859654,0,0,,,,,,,,4.144193617981107,-1.758086225318034,-11.208715257553315,0,40.27240028818093,33.2873129651294,,,,,1.9290638654769658,-10.330453280376304,-12.25951714585327,-0.32600170877331264,40.27240028818093,,,,,,,,,,,,0
2021-12-22,106.36,108.26,102.67,105.03,106.56099999999992,120.85984596741882,92.26215403258102,48.53870627402848,44.80889738646448,0,0,,,,,,,,3.35665574351256,-1.436735766368491,-11.15440900721566,0,39.401725966129476,33.92156965890989,,,,,2.1293978220402803,-9.597769868302919,-11.7271676903432,-0.11408427699853048,39.401725966129476,,,,,,,,,,,,0
2021-12-23,105.97,109.62,103,108.96,106.01849999999993,119.03094062426268,93.00605937573718,53.70591587218871,49.261465857768435,0,0,,,,,,,,6.230927473213188,2.774515768474428,-6.8024941623259005,0,43.79712328375266,34.8888396004276,,,,,2.5010544805231394,-8.600849589689275,-11.101904070212415,0.23018324532057255,43.79712328375266,,,,,,,,,,,,0
2021-12-27,108.08,111.645,106.6,110.25,105.40199999999993,116.1968035646772,94.60719643532266,59.18445694084076,53.809693029019314,0,0,,,,,,,,5.984138428262464,4.599533215688578,-4.576573873455492,0,45.20214578671652,36.16794152330436,,,,,2.7864309917746617,-7.6188653304940885,-10.40529632226875,0.3433981219954215,45.20214578671652,,,,,45.20214578671652,,45.20214578671652,,,,,0
2021-12-28,109.83,109.83,106.96,108.11,104.83899999999994,113.65407549598731,96.02392450401257,58.52497801469194,57.13845027590713,0,0,,,,,,,,2.8365421200822194,3.120022129169553,-5.145033077719541,0,43.26965720838399,36.76011562335236,,,,,2.777523443221785,-6.93339201824152,-9.710915461463305,0.6563200792803714,43.26965720838399,,,,,,,,,,,,0
2021-12-29,108.1,108.1,100.34,102.38,104.44849999999992,112.9677893482947,95.92921065170515,56.28138053066449,57.996938495399064,0,0,,,,,,,,-2.7813387269843726,-1.9804018248226973,-9.160278250993825,0,38.52090120992104,37.059282876279255,,,,,2.349195344759588,-6.77442128051382,-9.123616625273408,0.8081987950320835,38.52090120992104,,,,,,,,,,,,0
2021-12-30,102.09,114,101.1,110.58,104.76799999999992,113.69412256245519,95.84187743754464,67.12180494777633,60.64272116437758,0,0,,,,,,,,4.127235232633719,5.547495418448456,-1.0549485947441206,0,47.415004266078476,38.27707137063431,,,,,2.5640620034365575,-5.918539120977712,-8.48260112441427,0.8380477792240937,47.415004266078476,,,,,47.415004266078476,,47.415004266078476,,,,,0
2021-12-31,110.28,111.92,105.55,106.11,104.58799999999992,113.24950010102012,95.92649989897973,63.83283139920249,62.4120056258811,0,0,,,,,,,,-0.38116339329299365,1.455233870042516,-4.048107065348516,0,43.703348177057634,39.33584275063968,,,,,2.3563931933050046,-5.5371096327830145,-7.893502826088019,0.7484729901844716,43.703348177057634,,,,,,,,,,,,0
2022-01-03,106.4,108.12,103.875,105.07,104.38849999999991,112.80925358860345,95.96774641139636,60.54353278703714,63.83272304467198,0,0,,,,,,,,-1.4066004185081638,0.6528496912974857,-4.12242253538272,0,42.86264744303862,40.23777526653198,,,,,2.108297569537849,-5.258130864165707,-7.366428433703557,0.5873959579686346,42.86264744303862,,,,,,,,,,,,0
2022-01-04,106,108.915,102.925,105.86,104.60299999999991,112.94382274119168,96.26217725880814,60.987052998425895,61.787805728221834,0,0,,,,,,,,-0.9311684057835112,1.2016863761078467,-2.5089561723146914,0,43.74785324723198,40.958790990905115,,,,,1.9598498728984701,-4.916616092580469,-6.876465965478939,0.4399117097206022,43.74785324723198,,,,,,,,,,,,0
2022-01-05,105.34,106.31,95.57,97.49,103.9789999999999,112.48604625589762,95.47195374410218,45.248644120137236,55.593076635200084,0,0,,,,,,,,-8.014417270531371,-6.240683214879839,-9.222961962847531,0,37.176231563114264,41.13080509224602,,,,,1.292604745170669,-5.260710034015602,-6.553314779186271,-0.08539227248486606,37.176231563114264,37.176231563114264,37.176231563114264,37.176231563114264,,,,,,,,,0
2022-01-06,96.64,101.98,93.73,100.97,103.5984999999999,111.92722685348627,95.26977314651353,40.396931242982845,48.877542787181994,0,0,,,,,,,,-4.364545643978834,-2.5371988976673476,-4.9545026670851255,0,41.13543839871279,41.49636662887857,,,,,1.08845873913687,-5.192741355265184,-6.281200094402054,-0.3277252032874088,41.13543839871279,,,,,,,,,,,,0
2022-01-07,102,104.54,99.046,102.19,103.7349999999999,111.8753009772355,95.5946990227643,42.931450237956604,42.859008533692226,0,0,,,,,,,,-2.5843414266784492,-1.4893719573913389,-3.271302273630894,0,42.50345456249878,41.83779324930986,,,,,1.0385672239645958,-4.98299106444631,-6.021558288410906,-0.44985693093000073,42.50345456249878,,,,,,,,,,,,0
2022-01-10,100,102.81,97.72,102.24,104.06249999999991,111.36579206590949,96.75920793409034,42.40275069004472,41.91037739032805,0,0,,,,,,,,-1.7867435158501088,-1.7513513513512713,-2.5988872799330154,0,42.56236994261382,42.2550215245308,,,,,1.010941059474752,-4.757881964067465,-5.768823023542217,-0.6176574333601282,42.56236994261382,,,,,,,,,,,,0
2022-01-11,101.9,106.67,101.9,104.31,104.42399999999991,110.9872717450967,97.86072825490311,48.90466339277823,44.74628810692652,0,0,,,,,,,,0.568839182414238,-0.10917030567676456,-0.1493308827753559,0,45.0717570576449,42.59783272234965,,,,,1.1253261363785603,-4.362165353069017,-5.487491489447577,-0.6039362000625064,45.0717570576449,,,,,45.0717570576449,,45.0717570576449,,,,,0
2022-01-12,105.62,106,101.98,103.02,104.5464999999999,110.90575239316605,98.18724760683374,49.0032914130624,46.77023516529511,0,0,,,,,,,,-0.7361442996993262,-1.460115833624176,-1.1580492578699308,0,43.78786368460224,42.911128273669135,,,,,1.105732657107068,-4.105325668063742,-5.21105832517081,-0.657635192561854,43.78786368460224,,,,,,,,,,,,0
2022-01-13,101.21,102.0247,90.434,91.83,104.05299999999991,112.43078514883075,95.67521485116907,30.031834047570236,42.646596284470284,0,0,,,,,,,,-9.890196155393493,-11.746898215332502,-11.544574483456227,0,34.58476034515262,42.25310234948342,,,,,0.36887607679380974,-4.749963229178547,-5.118839305972357,-0.7027540914292207,34.58476034515262,,,,,,,,,,,,0
2022-01-14,90.78,92.81,89.98,92.63,103.53849999999991,113.2836880946426,93.79331190535723,26.808003851862807,35.28104310416514,0,0,,,,,,,,-7.886755302751524,-10.535694451822197,-10.2819488792105,0,35.62643638936767,41.569123106815645,,,,,-0.01458683404041583,-5.137072848522877,-5.122486014482461,-0.7233703193502851,35.62643638936767,,,,,,,,,,,,0
2022-01-18,92.33,92.42,86.1,86.3,102.62649999999992,114.90958963575378,90.34341036424607,19.74841536747098,25.529417755634668,0,0,,,,,,,,-12.549146771513065,-15.908659069538512,-15.794198288563521,0,31.369822933494248,40.719134944323514,,,,,-0.6114343764644676,-5.886778985063046,-5.275344608598578,-0.7588313999200503,31.369822933494248,31.369822933494248,,31.369822933494248,,,,,,,,,0
2022-01-19,86.5,90.83,85,87.7,101.86149999999991,115.75630374096643,87.96669625903338,18.217316205557907,21.591245141630562,0,0,,,,,,,,-9.464425816575083,-13.902701216848289,-14.040395459921529,0,33.26884274611095,40.343987911194226,,,,,-0.8160354136691081,-6.295388875684964,-5.4793534620158555,-0.8538006271000318,33.26884274611095,,,,,,,,,,,,0
2022-01-20,89.6,94.83,89.33,89.93,101.04799999999992,115.71517641538291,86.38082358461692,20.999235820586964,19.654989131205284,1,0,,,,,,,,-6.43207924088558,-11.002691790040299,-11.273719867135934,0,36.29272526546437,39.549539411150356,,,,,-0.709229845278954,-6.365890768614548,-5.656660923335594,-0.8413133372967551,36.29272526546437,,,,,,,,,,,,0
2022-01-21,89.93,91.06,85,85.71,100.08199999999991,116.05926584869795,84.10473415130187,16.99403868062532,18.736863568923397,0,0,,,,,,,,-9.384052608208371,-14.360224615814964,-14.796393435017974,0,33.224501673123186,38.801050375155036,,,,,-0.8228470271774189,-6.685219707307368,-5.862372680129949,-0.8579533265453986,33.224501673123186,,,,,,,,,,,,0
2022-01-24,85,89.25,78.05,89,99.08399999999992,115.21122468374408,82.95677531625576,23.311891835254936,20.435055445489073,1,0,,,,,,,,-4.575037258623049,-10.177223366032784,-11.218107515869423,0,37.65009354189189,38.4287250965017,,,,,-0.5875188281494514,-6.596771215316764,-6.0092523871673125,-0.8454148431517012,37.65009354189189,,,,,,,,,,,,0
2022-01-25,87,92.8,85.26,89.51,98.04699999999991,113.83250867092863,82.26149132907119,26.84418442780084,22.3833716478937,0,0,,,,,,,,-2.700176098441154,-8.70704866033628,-10.525491555016586,0,38.332385625366406,38.041905980654164,,,,,-0.32188874876756834,-6.4116133231267725,-6.089724574359204,-0.8044201200517662,38.332385625366406,,,,,,,,,,,,0
2022-01-26,92.49,97.75,90.75,91.87,97.23499999999993,112.52954739441702,81.94045260558283,36.835097189935475,28.997057817663748,0,0,,,,,,,,1.2341597796143855,-5.517560549184886,-8.00672901688272,0,41.52141062800537,38.35227591386067,,,,,0.06760552211357673,-6.005217671717233,-6.07282319383081,-0.7925744778201913,41.52141062800537,,,,,,,,,,,,0
2022-01-27,93.18,93.21,85.27,86.88,96.45999999999991,112.19758812525235,80.72241187474746,36.31047523725143,33.329918951662584,0,0,,,,,,,,-2.530963920301499,-9.931577856106077,-12.604072709226898,0,37.147196442021624,38.06740148838272,,,,,0.045103619570053155,-6.016443669368243,-6.061547288938296,-0.7859597719963287,37.147196442021624,,,,,,,,,-31.946376286777213,0,0,0
2022-01-28,86.98,93.78,82.51,91.83,95.52249999999991,109.96440274860217,81.08059725139765,42.10167522141991,38.41574921620227,0,0,,,,,,,,3.0223478729133557,-3.865581407521701,-7.317942955571654,0,43.50526567243799,38.138959424806956,,,,,0.3997948622052121,-5.561803711181781,-5.961598573386993,-0.6752600026776459,43.50526567243799,,,,,,,,,-31.067090164506272,0.8792861222709825,-0.43964306113549123,0
2022-01-31,92,101.195,92,100.01,95.2174999999999,108.99447190967899,81.44052809032081,52.33980094188872,43.583983800186694,0,0,,,,,,,,11.278011438235813,5.033213432404882,1.0368714030259962,0,52.12413035324788,38.821942311280814,,,,,1.177529800524292,-4.489686322731629,-5.667216123255921,-0.3247224298730205,52.12413035324788,,,,,52.12413035324788,,52.12413035324788,,-28.73666951462072,2.7085233413109617,-1.3542616706554809,0
2022-02-01,100,100.39,96.17,99.85,94.95649999999992,108.16294278373533,81.75005721626451,56.55800695231518,50.33316103854127,0,0,,,,,,,,9.449845991954353,5.153412351971776,1.034801438198496,0,51.95716019459141,39.31375682106272,,,,,1.6447270361224877,-3.6113073281028107,-5.2560343642252985,0.11594531322550206,51.95716019459141,,,,,,,,,-25.17476140934187,5.238504500598194,-2.619252250299097,0
2022-02-02,100.2,100.34,91.54,93.82,94.35449999999992,106.57913001485429,82.12986998514555,55.099064184950834,54.66562402638491,0,0,,,,,,,,2.1548110321099045,-0.5664806659988919,-4.771893735367061,0,45.97931642256236,39.47028915948844,,,,,1.5144356524543223,-3.362989798657395,-4.877425451111717,0.5404236317067416,45.97931642256236,,,,,,,,,-24.41842047366953,6.064479814576015,-3.0322399072880075,0
2022-02-03,92.51,93.25,83.095,84.53,93.70649999999992,106.55561868573393,80.85738131426591,44.582925243974614,52.079998793746874,0,0,,,,,,,,-7.41612906758956,-9.79281053075286,-13.567623390832306,0,38.609218600498785,39.75775046344173,,,,,0.804982777899907,-3.871196978736833,-4.67617975663674,0.3536059611916615,38.609218600498785,,,,,,,,,-28.08988094330625,5.537690872538448,-2.768845436269224,0
2022-02-04,84.2,92.69,84,91.48,93.23199999999991,105.6673940026073,80.79660599739253,53.702049878338194,51.128013102421214,0,0,,,,,,,,-0.433183134156101,-1.8791831130941183,-6.027215263558061,0,45.63054976851739,40.47232999052386,,,,,0.8042775348967997,-3.670832838015741,-4.475110372912541,0.4320076579586126,45.63054976851739,,,,,,,,,-29.89371286883055,5.256089271848626,-2.628044635924313,0
2022-02-07,91.55,96.15,90.23,94.24,92.8344999999999,104.58869325177575,81.08030674822406,56.55703327368619,51.61400279866634,0,0,,,,,,,,1.9891344343196504,1.5139845639283722,-2.7015865368070546,0,48.16591590856851,41.672050917314884,,,,,0.9786094240436132,-3.2518485928580247,-4.230458016901638,0.40551020192279463,48.16591590856851,,,,,,,,,-29.440785939306547,4.9579238815648505,-2.4789619407824253,0
2022-02-08,94.11,99.1,93.67,98.28,92.63649999999993,103.87225769585956,81.4007423041403,62.75320643022626,57.67076319408355,0,0,,,,,,,,5.361335348792395,6.092091130386046,1.8892571179756734,0,51.71529428893889,42.98965459894545,,,,,1.3329685917472616,-2.564247277217561,-3.8972158689648224,0.4608509304159165,51.71529428893889,,,,,,,,,-25.658624873690655,5.025769496649404,-2.512884748324702,0
2022-02-09,99.55,102.15,97.98,101.54,92.49799999999992,103.21088308533639,81.78511691466345,71.55885503221965,63.6230315787107,0,0,,,,,,,,7.739320501665925,9.775346493978354,5.508527411019726,0,54.42713467438365,44.2849695567254,,,,,1.7287733939904126,-1.7362491264768067,-3.4650225204672194,0.5709867830270676,54.42713467438365,,,,,54.42713467438365,,54.42713467438365,,-22.874484719744487,5.762907813649885,-2.8814539068249423,0
2022-02-10,98.21,102.43,95.81,96.41,92.16749999999992,101.92696694241452,82.40803305758531,69.94786289670697,68.08664145305096,0,0,,,,,,,,1.2720721856322559,4.603032522310024,0.3856045592271595,0,49.697043253228976,45.461579669590094,,,,,1.5904363515675106,-1.4769770810078313,-3.067413432575342,0.5031185860008773,49.697043253228976,,,,,,,,,-22.190667925805595,6.3510430427622815,-3.1755215213811407,0
2022-02-11,96.32,100.57,93.38,94,92.27599999999993,102.06624698360943,82.48575301639042,66.42105950829314,69.30925914573992,0,0,,,,,,,,-1.4840278360022885,1.868308119120976,-1.5572800485931126,0,47.60398306967055,46.17257177871715,,,,,1.294520524736634,-1.4492627766545496,-2.7437833013911836,0.4070399113738125,47.60398306967055,,,,,,,,,-23.17778283399682,6.47943904304105,-3.239719521520525,0
2022-02-14,93.35,96.79,91.63,95.16,92.40249999999992,102.27282699560037,82.53217300439947,63.73923636039228,66.70271958846412,0,0,,,,,,,,0.24122783916744606,2.984226617245289,0.039948697462088845,0,48.72341045550316,46.91478783801263,,,,,1.1402283509659874,-1.3184978626836994,-2.458726213649687,0.3276845256897222,48.72341045550316,,,,,,,,,-24.720604089483018,6.331607249327067,-3.1658036246635337,0
2022-02-15,97.53,102.19,95.71,101.67,93.1709999999999,103.4077082599874,82.93429174001241,70.49197654930829,66.8840908059979,0,0,,,,,,,,6.89390514440722,9.121937083427367,7.011290198087061,0,54.58726267541966,47.84806298425651,,,,,1.4216170803003623,-0.6817048632742342,-2.1033219435745965,0.4136894829411201,54.58726267541966,,,,,54.58726267541966,,54.58726267541966,,-23.202826901692458,6.364903137851557,-3.1824515689257784,0
2022-02-16,99.26,100.6,92.93,93.63,93.46749999999993,103.39193021034798,83.54306978965188,62.55856881349939,65.59659390773332,0,0,,,,,,,,-1.5395293078427241,0.17385722309901652,-1.0264162112452513,0,47.38074417689635,48.579030679604706,,,,,1.0295441355581239,-0.8163917741269415,-1.8459359096850654,0.18601596140191895,47.38074417689635,,,,,,,,,-23.167821918459747,6.366055415766515,-3.1830277078832574,0
2022-02-17,92.6,96.97,92.405,93,93.62099999999992,103.41594747306365,83.8260525269362,59.702772215402135,64.25110585940327,0,0,,,,,,,,-3.0654256261660295,-0.6633127183003018,-1.5365938013934155,0,46.85871622334804,48.81856286181256,,,,,0.7064539218071997,-0.9628685074260659,-1.6693224292332656,0.015741655665381073,46.85871622334804,,,,,,,,,-23.610904371307754,6.294997474643282,-3.147498737321641,0
2022-02-18,92.19,94.67,88.265,91,93.88549999999994,103.07888343593231,84.69211656406756,52.906455446001765,58.38926549163441,0,0,,,,,,,,-5.102562230819707,-3.0734245437260665,-3.3138898628333413,0,45.157740124685795,48.32096355977241,,,,,0.35449731949122776,-1.226200779869231,-1.5806980993604587,0.03183891507429818,45.157740124685795,,,,,,,,,-26.30856261309279,6.107944937774611,-3.0539724688873053,0
2022-02-22,89.47,93.2463,83.6,85.19,93.69499999999992,103.42751560492371,83.96248439507613,40.59217037909177,51.06713268016521,0,0,,,,,,,,-10.314987156272338,-9.077325364213596,-8.938668909024294,0,40.552461927682764,47.50634225499322,,,,,-0.24105529951218818,-1.8820172237506938,-1.6409619242385056,-0.0666114388488543,40.552461927682764,,,,,,,,,-28.41712930455596,6.0301220738957655,-3.0150610369478827,0
2022-02-23,87.51,88.32,83.17,84.25,93.43199999999993,103.8619541705644,83.00204582943546,32.81857828064888,42.10573470191412,0,0,,,,,,,,-9.974889138216547,-9.82746810514592,-9.36247122191235,0,39.84447028309101,47.0681389593167,,,,,-0.6467278935639382,-2.4493717911934283,-1.80264389762949,-0.2643643634063996,39.84447028309101,39.84447028309101,39.84447028309101,39.84447028309101,,,,,,-30.60053002470103,6.1856642815745095,-3.0928321407872548,0
2022-02-24,81.23,87.11,80.23,85.76,93.12649999999992,104.06700140533232,82.18599859466752,26.201573828343342,33.20410749602799,0,0,,,,,,,,-6.789700783635966,-7.9102081577208665,-7.120139493074196,0,41.60806012099612,47.28234192506651,,,,,-0.7542940387986878,-2.74551144612785,-1.991217407329162,-0.6499715466910101,41.60806012099612,,,,,,,,,-31.789424843313032,6.4614520774202004,-3.2307260387101002,0
2022-02-25,87.45,88.57,82.18,87.96,93.18049999999992,104.00721228952199,82.35378771047786,27.58082457997984,28.866992229657342,0,0,,,,,,,,-3.5124284241240367,-5.602567060704688,-4.216742832045483,0,44.17593527259153,47.178440889643234,,,,,-0.6236206653921252,-2.7707432390693185,-2.1471225736771933,-0.7864062773424736,44.17593527259153,,,,,,,,,-30.869538936258266,6.548226411171298,-3.274113205585649,0
2022-02-28,87.2,89.56,84.685,86.29,92.90349999999992,104.13033441581322,81.67666558418662,28.71786482439284,27.500087744238666,0,0,,,,,,,,-4.536956112887269,-7.118676906682653,-5.8459389764425,0,42.64292024155496,46.78394119914227,,,,,-0.5960264926615659,-2.8921556895041505,-2.2961291968425845,-0.858870963438278,42.64292024155496,,,,,,,,,-30.10183749466857,6.533403438069701,-3.2667017190348506,0
2022-03-01,86.74,88.44,83.05,83.33,92.06949999999992,103.53638706668384,80.602612933316,24.20802160064531,26.835570335005986,0,0,,,,,,,,-6.589095148417123,-9.492285718940508,-8.767102290767347,0,39.993733735201396,45.9466868738753,,,,,-0.715453219454742,-3.190445721161012,-2.47499250170627,-0.8756162481640217,39.993733735201396,,,,,,,,,-30.567822786774745,6.547447181607745,-3.2737235908038724,0
2022-03-02,83.5,83.5,74.28,76.97,90.92549999999991,103.56457824962263,78.2864217503772,16.993243906211983,23.30637677708337,0,0,,,,,,,,-11.26150014987658,-15.348279635525708,-15.442361212831523,0,34.96711965068643,44.556685800754074,,,,,-1.1361186458110732,-3.895140808970112,-2.7590221631590386,-0.8746406007351588,34.96711965068643,,,,,,,,,-33.2777609499276,6.851783265524244,-3.425891632762122,0
2022-03-03,76.47,76.8,70.668,71.38,89.80349999999991,104.95079187016884,74.65620812983099,12.284411928937786,17.828559145265018,0,0,,,,,,,,-15.539621123377422,-20.515347397373084,-21.111962512157135,0,31.24949168944437,43.239003546198035,,,,,-1.6718136309773337,-4.848789201880706,-3.1769755709033722,-0.8880041005146224,31.24949168944437,31.24949168944437,,31.24949168944437,,,,,,-37.04943806974072,7.691639131690455,-3.8458195658452277,0
2022-03-04,72,82,71.26,74.68,89.31099999999992,105.70161670591054,72.9203832940893,16.34500449243,15.20755344252658,1,0,,,,,,,,-9.67695117378834,-16.382080594775484,-16.998551438743746,0,35.60224081914788,42.38173624258927,,,,,-1.6803754660192292,-5.2774449034274085,-3.5970694374081793,-0.919485427162047,35.60224081914788,,,,,,,,,-38.99214230830419,8.673939597987651,-4.336969798993826,0
2022-03-07,74.7,85.6201,74,79.03,88.68849999999992,105.638460796417,71.73853920358285,22.00474621048229,16.878054210616682,0,0,,,,,,,,-3.0116341858523743,-10.890363463132113,-11.945924866762114,0,40.91280989158052,41.82383620230909,,,,,-1.2872531666880498,-5.2061358957682415,-3.9188827290801918,-0.9016315018741162,40.91280989158052,,,,,,,,,-37.91844242264465,9.257261406200744,-4.628630703100372,0
2022-03-08,75.3,82.9,71.635,79.99,87.97599999999991,105.12941062296589,70.82258937703394,26.27522859321767,21.541659765376647,0,0,,,,,,,,-1.203003804159808,-9.077475675184054,-10.577073567004902,0,42.0486072224295,40.92821795566693,,,,,-0.8763791243718773,-5.014356634545038,-4.137977510173161,-0.8502554491906439,42.0486072224295,,,,,,,,,-34.93096970184934,9.385581870426979,-4.692790935213489,0
2022-03-09,81.5,83.97,79.35,80.09,87.06649999999993,103.86334645997778,70.26965354002209,33.89597019720453,27.391981666968153,0,0,,,,,,,,-0.568605055370619,-8.012840759649166,-10.149881082374868,0,42.17330231105476,40.55625782239253,,,,,-0.5288030752819832,-4.798981354275639,-4.270178278993656,-0.7801353009066702,42.17330231105476,,,,,,,,,-32.87187827923842,9.337594645336766,-4.668797322668383,0
2022-03-10,77.53,82.12,77.49,80.5,86.01449999999991,101.6489036982573,70.38009630174253,39.60838549341367,33.25986142794528,0,0,,,,,,,,0.5973357326735984,-6.411128356265417,-9.30429067693187,0,42.71752393332233,40.26045837310498,,,,,-0.21813276793798053,-4.542844238916132,-4.324711470978151,-0.6759140517167466,42.71752393332233,,,,,42.71752393332233,,42.71752393332233,,-32.0185233212369,9.244289737620312,-4.622144868810156,0
2022-03-11,80.84,81,76.42,76.7,85.02899999999993,100.40067642126496,69.65732357873489,37.52656618204016,37.01030729088611,0,0,,,,,,,,-2.78341107280462,-9.795481541591611,-13.253938633099338,0,39.04938310043948,39.82414715708739,,,,,-0.215055311377097,-4.593530610199522,-4.378475298822425,-0.618743636928807,39.04938310043948,,,,,,,,,-32.62677369932171,9.178826764857492,-4.589413382428746,0
2022-03-14,75.17,75.17,66.29,66.99,83.67849999999991,100.35118337731159,67.00581662268824,25.109259565426598,34.081403746960135,0,0,,,,,,,,-12.961567445365418,-19.943593635163083,-23.519539678734237,0,31.58573389999546,39.18366658368115,,,,,-0.7816046585880239,-5.355481122057455,-4.573876463469431,-0.6860268793035963,31.58573389999546,31.58573389999546,31.58573389999546,31.58573389999546,,,,,,-36.0606530910731,9.342928351422348,-4.671464175711174,0
2022-03-15,67.89,69.57,64.81,68.11,82.32599999999992,99.43658198893496,65.21541801106488,24.601127949013325,29.078984565493354,0,0,,,,,,,,-9.721117650177536,-17.26793479581169,-21.285292180150595,0,33.17236730846513,38.7070877997793,,,,,-0.9825588636742975,-5.8020750430623025,-4.819516179388005,-0.7380698285822379,33.17236730846513,,,,,,,,,-39.26741188195591,9.798929633342707,-4.899464816671354,0
2022-03-16,70.88,78.78,70.07,78.59,81.17199999999993,95.8484649694696,66.49553503053025,35.26804567048658,28.32614439497549,0,0,,,,,,,,3.9467767108431584,-3.1808998176710235,-8.423542572157816,0,45.831517080082975,39.008763296856934,,,,,-0.34425798120515605,-5.24983865589445,-4.905580674689294,-0.6116663088082762,45.831517080082975,,,,,,,,,-38.35348656416384,10.084113866247614,-5.042056933123807,0
2022-03-17,78.28,82.15,77.69,81.29,80.55499999999992,94.07677133367025,67.03322866632959,43.264220512957145,34.377798044152335,0,0,,,,,,,,6.126871809600987,0.9124200856558629,-4.8141324881736285,0,48.536324955100646,39.320219702750435,,,,,0.29089415314354383,-4.5419629832598645,-4.832857136403408,-0.35485223087142126,48.536324955100646,,,,,,,,,-33.77003655742859,10.018825117393973,-5.009412558696987,0
2022-03-18,80.94,91.6,79.55,88.68,80.33899999999993,93.17952942833999,67.49847057165987,60.506528680149884,46.34626495453119,0,0,,,,,,,,13.69668064156324,10.382255193617151,3.6712012750418577,0,55.13905478344243,40.21280074145669,,,,,1.1894188254380227,-3.34608360460588,-4.535502430043903,0.104364947155504,55.13905478344243,,,,,,,,,-27.11645240738947,9.926933885178768,-4.963466942589384,0
2022-03-21,93.19,93.29,85.46,89.63,80.27049999999993,92.89561698955947,67.64538301044038,67.32634043713698,57.03236321008132,0,0,,,,,,,,13.373894784775642,11.659949794756574,4.857390205666801,0,55.92195941385964,41.35053114707514,,,,,1.7922214729960482,-2.295225588798843,-4.087447061794891,0.4353967351926405,55.92195941385964,,,,,,,,,-23.139904772979133,10.042015035606315,-5.021007517803158,0
2022-03-22,89.63,97.88,88.03,94.52,80.73699999999992,94.67588245161949,66.79811754838036,73.23798950041295,67.02361953923325,0,0,,,,,,,,17.401565022978605,17.07147899971524,10.56608776348915,0,59.80998037178598,43.12502119858225,,,,,2.425428133843287,-1.0556618944907825,-3.4810900283340693,0.5936539934419263,59.80998037178598,,,,,,,,,-18.487586241754133,10.552529973866191,-5.2762649869330955,0
2022-03-23,92.69,101.49,90.4,96.41,81.34499999999993,96.81995201931383,65.87004798068602,76.6811458356817,72.4151585910772,0,0,,,,,,,,17.369920381778,18.519884442805434,12.859233245536839,0,61.233301075342816,45.26672186900356,,,,,2.8475166689268945,0.07830580782454888,-2.7692108611023456,0.6444018147141984,61.233301075342816,,,,,,,,,-15.577770153144591,11.31093457851367,-5.655467289256835,0
2022-03-24,97.4,100.8284,96.05,100.39,82.07649999999992,99.56871915595815,64.5842808440417,80.75066879323961,76.88993470977807,0,0,,,,,,,,19.325813314949404,22.312720449824354,17.571049344159718,0,64.1153368872349,47.303371588152615,,,,,3.242042725239328,1.2833425454468141,-1.9587001797925137,0.7117379407366032,64.1153368872349,,,,,64.1153368872349,,64.1153368872349,,-11.828365154948886,12.411594597790709,-6.205797298895354,0
2022-03-25,97.35,97.35,89.95,93.05,82.33099999999992,100.29983624501239,64.36216375498745,74.3936476911362,77.27515410668583,0,0,,,,,,,,8.492875964834656,13.019397310855062,9.117987366314173,0,55.866550132350575,48.37149589106476,,,,,2.868806220452062,1.6273075957725638,-1.2414986246794981,0.7582827802155256,55.866550132350575,,,,,,,,,-11.877689784548124,13.31657295560975,-6.658286477804875,0
2022-03-28,94.64,95.34,88.86,93.06,82.66949999999991,101.171075581557,64.16792441844282,72.17302759196858,75.77244802544811,0,0,,,,,,,,5.303656094055964,12.568722442980906,9.169827552496578,0,55.87487932059611,49.359086755219515,,,,,2.496437930108633,1.8790487879562932,-0.6173891421523398,0.7959602290895555,55.87487932059611,,,,,,,,,-12.591096631504493,14.00409969136599,-7.002049845682995,0
2022-03-29,94.38,97.9599,94.25,96.84,83.34499999999991,102.85285636609191,63.837143633907914,74.96116943715354,73.84261490675276,0,0,,,,,,,,6.1306797010280745,16.19173315735809,13.529609453766556,0,59.02300047938502,50.562636624385966,,,,,2.3790366864201293,2.356406715872822,-0.02262997054730731,0.8408587806500332,59.02300047938502,,,,,,,,,-13.368215981365308,14.521225771287597,-7.260612885643798,0
2022-03-30,95.85,95.85,89,91.65,84.07899999999992,103.67665077758224,64.4813492224176,68.71365538504185,71.94928413805464,0,0,,,,,,,,-0.9745872590542937,9.004626601172806,7.867522440524599,0,53.39063462902902,51.3250016740793,,,,,1.8497314649504635,2.289534360640772,0.43980289569030856,0.834156666542678,53.39063462902902,53.39063462902902,,53.39063462902902,,,,,,-13.54460399662315,14.954774213719052,-7.477387106859526,0
2022-03-31,91.99,96.65,90.71,95.11,85.26549999999993,104.51440799500236,66.0165920049975,70.50876760399947,71.3945308087316,0,0,,,,,,,,1.2519428534929489,11.545701368079797,11.874813757625958,0,56.37916048239491,52.56284291564754,,,,,1.6378067443105218,2.487061326078461,0.8492545817679391,0.8118543931048006,56.37916048239491,,,,,,,,,-12.659752530502317,15.403732974131035,-7.701866487065518,0
2022-04-01,94.65,95.94,92.46,95.65,86.31399999999992,105.42630116966738,67.20169883033246,71.78371874540433,70.33538057814853,0,0,,,,,,,,1.076814151810801,10.81632180179355,12.393217630400644,0,56.844237592725676,54.36702175084256,,,,,1.4458389457414098,2.6565532639447014,1.2107143182032916,0.7476520244784159,56.844237592725676,,,,,,,,,-12.772683513771701,15.787567164541223,-7.893783582270611,0
2022-04-04,96.44,104.19,96.44,102.79,87.50199999999992,107.58470559461709,67.41929440538276,80.38652636354615,74.22633757098329,0,0,,,,,,,,7.13206249283469,17.47160064912814,20.227846916814627,0,62.53244512511617,56.464170166317636,,,,,1.6943442502852881,3.328644631059902,1.6343003807746137,0.7508011230086773,62.53244512511617,,,,,62.53244512511617,62.53244512511617,62.53244512511617,,-9.086031288572856,16.42116785935156,-8.21058392967578,0
2022-04-05,103.51,106.31,95.4984,95.99,88.30199999999992,108.39872271789778,68.20527728210206,75.61155558073112,75.92726689656051,0,0,,,,,,,,-0.10822736070923433,8.706484564336115,11.803484904956951,0,55.085633436238105,57.12517847747158,,,,,1.3124225168833656,3.274828526878821,1.9624060099954552,0.6500662203737543,55.085633436238105,,,,,,,,,-8.562151193136637,17.019266764210972,-8.509633382105486,0
2022-04-06,95.07,95.44,91,95.1,89.05249999999992,108.98690330183146,69.11809669816839,69.62192438930266,75.20666877785996,0,0,,,,,,,,-0.8993049404457221,6.790937929872909,10.3022195760341,0,54.176265158150215,57.52803134911797,,,,,0.9295534146296229,3.124347778282484,2.194794363652861,0.4779674954565089,54.176265158150215,,,,,,,,,-8.458654372552038,17.55287732967479,-8.776438664837395,0
2022-04-07,95.11,97.6375,91.45,96.36,89.84549999999992,109.61709323372996,70.07390676626987,67.93711321466695,71.05686439490023,0,0,,,,,,,,0.837170364169193,7.250780506536314,11.307481720206347,0,55.3012888675223,57.53961949798082,,,,,0.7012504878811905,3.0713574735043494,2.370106985623159,0.3348045863091461,55.3012888675223,,,,,,,,,-10.15647011317309,17.903440586026043,-8.951720293013022,0
2022-04-08,96.54,96.97,92.37,94.56,90.73849999999992,109.64909414719892,71.82790585280091,62.448412050458984,66.66914988480953,0,0,,,,,,,,-1.2025785959815738,4.2115529791655115,8.95138896890213,0,53.2885307742451,57.35151745229406,,,,,0.38491431917561325,2.8512498845926757,2.4663355654170624,0.0684594915193038,53.2885307742451,,,,,,,,,-10.294304218829282,18.205554209483566,-9.102777104741783,0
2022-04-11,92.93,95.27,90.8826,93.3,92.05399999999992,107.52017004950086,76.58782995049897,57.63808761797431,62.67453762770007,0,0,,,,,,,,-2.5434793962499924,1.3535533491212615,7.210982326849669,0,51.86548938455588,56.78405381034906,,,,,0.06356772545084866,2.5457952222306233,2.4822274967797746,-0.0960979519694796,51.86548938455588,,,,,,,,,-10.567165918417716,18.457656592332352,-9.228828296166176,0
2022-04-12,95.15,96.9,92.22,92.47,93.27199999999992,104.16419463653132,82.37980536346852,52.95840657698462,57.68163541513928,0,0,,,,,,,,-2.967533421477808,-0.8598507590701576,5.886529154006848,0,50.901207297130775,56.04604711190534,,,,,-0.21677707442790117,2.2112561537448983,2.4280332281727994,-0.18934028887317053,50.901207297130775,,,,,,,,,-11.495938651392237,18.631263236699432,-9.315631618349716,0
2022-04-13,93.02,93.99,91.17,93.18,94.00149999999994,102.56892032353187,85.434079676468,50.828095209080466,53.808196468013115,0,0,,,,,,,,-2.3792312285884187,-0.8739222246452738,6.043420368803631,0,51.72797981735818,55.16123589262843,,,,,-0.3579533255219234,1.980591571270395,2.3385448967923184,-0.06164211505217277,51.72797981735818,,,,,,,,,-11.667640130197467,18.77593931540519,-9.387969657702595,0
2022-04-14,92.69,92.69,87.165,89.82,94.42799999999993,101.05020688291107,87.80579311708878,35.18709742045203,46.324533068839024,0,0,,,,,,,,-5.3749394239480335,-4.879908501715525,1.509495089526025,0,47.6396199168664,54.57359802009385,,,,,-0.6634227777179866,1.509266424644835,2.1726892023628217,-0.3417992786177464,47.6396199168664,47.6396199168664,,47.6396199168664,,,,,,-12.506769557993664,18.864718581251896,-9.432359290625948,0
2022-04-18,89.42,90.98,86.59,90.2,94.50399999999993,100.89131680755466,88.11668319244521,31.961323637981096,39.32550542250451,0,0,,,,,,,,-4.4258664717038325,-4.554304579700263,1.3464167337688515,0,48.13884316865214,54.021024009240705,,,,,-0.8156646746430198,1.153108359059047,1.9687730337020668,-0.5551617623336711,48.13884316865214,,,,,,,,,-12.991405728817917,18.920735229579815,-9.460367614789908,0
2022-04-19,89.53,92.95,87.34,90.09,94.52699999999993,100.8469053790444,88.20709462095546,28.2915664168519,31.81332915842832,0,0,,,,,,,,-3.240357867829413,-4.69389698181465,0.8052634916133838,0,47.996186355752094,53.233394428981214,,,,,-0.893297327115729,0.8521513748074057,1.7454487019231346,-0.5952961005188876,47.996186355752094,,,,,,,,,-13.719847359335544,18.93929913412635,-9.469649567063176,0
2022-04-20,91.02,92.02,87.95,89.37,94.26949999999992,100.97732371563806,87.56167628436178,26.086423100872068,28.779771051901665,0,0,,,,,,,,-3.326302125588121,-5.19733317775094,-0.34900705819403965,0,47.01410041700083,52.777927699550624,,,,,-0.9569894882872947,0.5492118415640164,1.506201329851311,-0.8145947674195315,47.01410041700083,,,,,,,,,-13.620291102094887,18.954500752655512,-9.477250376327756,0
2022-04-21,91.18,92.67,84.58,85.91,93.74449999999993,101.29117469817507,86.19782530182479,20.584677721744903,24.9875557464896,0,0,,,,,,,,-6.1359613661691075,-8.357290294363873,-4.413809984757123,0,42.51230550644438,51.787438058411304,,,,,-1.1812843974861065,0.029595832993678073,1.2108802304797845,-0.8931434638290455,42.51230550644438,42.51230550644438,,42.51230550644438,,,,,,-14.754026045515197,18.926350019767607,-9.463175009883804,0
2022-04-22,85.58,88.37,83.28,86,93.02499999999993,100.6436941138274,85.40630588617248,19.5395937462665,22.070231522961137,0,0,,,,,,,,-4.961874240247466,-7.551733404998595,-4.508459144055443,0,42.666092713265925,50.774713424164176,,,,,-1.2652389953423129,-0.3706685136981065,0.8945704816442064,-0.9398845670410173,42.666092713265925,,,,,,,,,-15.758524164176302,18.86672817922717,-9.433364089613585,0
2022-04-25,85.86,90.865,85.01,90.19,92.88199999999993,100.60016195736168,85.16383804263819,26.97436352708891,22.36621166503342,1,0,,,,,,,,0.1521326330050865,-2.898301070174991,-0.3535520936914893,0,49.446458163288014,49.84000006974788,,,,,-0.9922938088902677,-0.3457967794686283,0.6464970294216394,-0.9074251191416202,49.446458163288014,,,,,49.446458163288014,,49.446458163288014,,-15.1619902831287,18.821447158094383,-9.410723579047191,0
2022-04-26,89.62,89.99,86.1,86.26,92.54199999999994,100.78041392502591,84.30358607497398,24.278047179799508,23.597334817718288,0,0,,,,,,,,-3.4572295157191846,-6.788269110241774,-5.367205812979892,0,44.17011207305894,49.06031997237795,,,,,-1.0258967815145303,-0.6358739474715236,0.3900228340430068,-0.9097131913787935,44.17011207305894,,,,,,,,,-14.669796917433855,18.78753401931153,-9.393767009655765,0
2022-04-27,86.7,89.69,85,87.96,92.09799999999994,100.31914979793369,83.8768502020662,28.377626882491313,26.543345863126557,0,0,,,,,,,,-1.055141847960528,-4.493040022584582,-4.197616921166869,0,46.813961884136916,48.53444116709128,,,,,-0.8882450044957505,-0.7202834215766813,0.16796158291906918,-0.8810584908189324,46.813961884136916,,,,,,,,,-13.752510032063972,18.777472524203517,-9.388736262101759,0
2022-04-28,89.29,93.23,87.04,92.33,92.13199999999995,100.35108170053434,83.91291829946556,40.32009661625349,30.99192355951475,0,0,,,,,,,,3.9600058549987827,0.21490904354626306,0.0628576382866175,0,52.97828868054416,48.368512582307126,,,,,-0.47805234933474,-0.42960385374935584,0.04844849558538418,-0.6395364148473374,52.97828868054416,,,,,52.97828868054416,,52.97828868054416,,-12.801927720639263,18.79294511860312,-9.39647255930156,0
2022-04-29,92.02,93.74,86.12,86.47,91.69999999999995,100.15250022183159,83.2474997781683,36.05819386886379,34.91863912253618,0,0,,,,,,,,-2.2694907208570814,-5.703380588876716,-6.462965233256801,0,45.382433796256244,47.80379136959364,,,,,-0.5703044513936968,-0.6644320686567369,-0.09412761726304004,-0.6105506359318131,45.382433796256244,,,,,,,,,-12.54573298489386,18.811213299352467,-9.405606649676233,0
2022-05-02,85.68,91.22,84.4,91.22,91.47849999999994,99.7352603210971,83.22173967890278,44.87815747135081,40.418815985489346,0,0,,,,,,,,2.980356739670431,-0.282580059795412,-1.41504675994657,0,51.457879632951126,47.774676387336164,,,,,-0.2942379333654465,-0.4619250339698482,-0.16768710060440167,-0.36564120594795185,51.457879632951126,,,,,,,,,-11.182514362415445,18.86972561128581,-9.434862805642904,0
2022-05-03,89.12,91.05,86.23,86.52,90.66499999999994,97.36233529099813,83.96766470900174,36.91859463780275,39.28498199267243,0,0,,,,,,,,-1.9303356267639238,-4.571775216456119,-6.389639241624967,0,46.00484435797052,47.42493617739614,,,,,-0.4041945981458713,-0.6729303482867408,-0.26873575014086953,-0.3410810658835555,46.00484435797052,,,,,,,,,-12.798976203388031,18.868716717357973,-9.434358358678987,0
2022-05-04,86.55,93.265,83,92.62,90.49649999999994,96.80791909557921,84.18508090442067,44.0906438146383,41.96246530793059,0,0,,,,,,,,4.598635768171033,2.346499588381934,0.27897375192611484,0,52.97065984040527,47.51369903618521,,,,,-0.060186994856286646,-0.34396949371122787,-0.2837824988549412,0.07666934828956609,52.97065984040527,,,,,,,,,-10.46135959535498,18.938944685478102,-9.469472342739051,0
2022-05-05,90.44,90.46,84.79,86.65,90.07399999999993,96.22547592046416,83.92252407953569,45.54256977060056,42.18393607434718,0,0,,,,,,,,-2.225181106271501,-3.8013189155582383,-5.853080826189638,0,46.63029162849181,47.44160415844417,,,,,-0.21981885404318763,-0.5585560664089257,-0.3387372123657381,0.013842102062482774,46.63029162849181,,,,,,,,,-11.767337148257058,18.958330460465884,-9.479165230232942,0
2022-05-06,85.69,85.69,77.78,80.61,89.28649999999995,96.02227991030304,82.55072008969685,32.295891214317614,40.64303493318547,0,0,,,,,,,,-8.484043459010193,-9.71759448516848,-11.783696235039354,0,41.2506079360715,46.949587356116986,,,,,-0.6907202301889166,-1.202137500101884,-0.5114172699129673,-0.2262902929378527,41.2506079360715,,,,,,,,,-13.514298235475584,18.925124161035296,-9.462562080517648,0
2022-05-09,77.97,78.77,72.67,72.68,88.19249999999994,97.6886357930497,78.69636420695018,22.522741706500387,33.45373423047283,0,0,,,,,,,,-15.813371635083096,-17.58936417495812,-19.866517699635565,0,35.46545232737218,46.05453492551842,,,,,-1.4510749744990683,-2.3252609880368027,-0.8741860135377344,-0.44242035726228124,35.46545232737218,,,,,,,,,-19.870889481115398,18.796275580765435,-9.398137790382718,0
2022-05-10,75.19,76.45,65.44,69.52,87.00349999999993,99.2115649981906,74.79543500180927,17.899873736335305,24.23950221905108,0,0,,,,,,,,-17.881357934276675,-20.09516858517181,-22.681673599217177,0,33.45215738861668,45.08582470920527,,,,,-2.0452768804082693,-3.430782114048071,-1.385505233639802,-0.5824859579567503,33.45215738861668,,,,,,,,,-25.247144171246376,18.684099303765123,-9.342049651882562,0
2022-05-11,69.18,69.325,60.5003,63,85.52999999999993,101.3290227545898,69.73097724541006,12.49564625575826,17.63942056619796,0,0,,,,,,,,-23.322217083323128,-26.34163451420548,-29.04286711869001,0,29.70519370575593,44.171031009156096,,,,,-2.7139541110432126,-4.777947872443818,-2.063993761400605,-0.7250981727645041,29.70519370575593,29.70519370575593,,29.70519370575593,,,,,,-30.76276743106681,18.674494555798386,-9.337247277899193,0
2022-05-12,61.12,69.75,60.53,66.98,84.21999999999994,101.53648694164144,66.90351305835844,16.426245562153102,15.607255184748864,1,0,,,,,,,,-15.882803571652747,-20.47019710282587,-23.85492495007422,0,34.52625543004862,43.589614060354855,,,,,-2.717986746541821,-5.461477194577881,-2.7434904480360602,-0.8204045679781546,34.52625543004862,,,,,,,,,-32.26670575989439,18.70351476271019,-9.351757381355094,0
2022-05-13,79.85,96.335,78.735,89.77,84.21749999999994,101.53076644512925,66.90423355487064,43.38206204443133,24.101317954114204,0,0,,,,,,,,12.272846655077219,6.593047763232174,2.26042975884424,0,53.986574466331284,43.91390808200081,,,,,-1.0986165307002542,-4.116761111411378,-3.018144580711124,-0.6265728090029163,53.986574466331284,,,,,53.986574466331284,,53.986574466331284,,-24.854876233177706,18.59010187196373,-9.295050935981864,0
2022-05-16,89.6,96.92,84.54,85.1,83.96249999999993,101.06474532042627,66.8602546795736,47.140499175654966,35.64960226074644,0,0,,,,,,,,7.2531350431660035,1.354771475361094,-2.66944209346498,0,50.66353496668594,44.37772400297416,,,,,-0.296547999907363,-3.3888295805953277,-3.0922815806879647,-0.541180538783938,50.66353496668594,,,,,,,,,-16.841861597128137,18.50504641790152,-9.25252320895076,0
2022-05-17,82.4,84.19,78.245,81.27,83.52149999999993,100.42266951574784,66.62033048425202,48.106938519659934,46.20983324658206,0,0,,,,,,,,3.10834813499119,-2.6957130798655915,-6.280991735537378,0,48.05124744759373,44.46610154322108,,,,,0.005488641206418787,-3.085420779179941,-3.09090942038636,-0.48056251198256483,48.05124744759373,,,,,,,,,-11.2107078606888,18.544648267944854,-9.272324133972427,0
2022-05-18,80.02,81.6,76.25,79.37,83.02149999999993,99.79217473299879,66.25082526700108,48.84197089343037,48.02980286291506,0,0,,,,,,,,2.4195109361895284,-4.398258282493006,-7.883538113955191,0,46.76309216786317,44.022158935172435,,,,,0.10143730272227991,-2.96411279198351,-3.06555009470579,-0.38014750776574174,46.76309216786317,,,,,,,,,-14.10155942756704,18.506868182869084,-9.253434091434542,0
2022-05-19,79.36,83.76,78.78,79.92,82.72199999999994,99.48958491852777,65.9544150814721,49.54687573397985,48.83192838235669,0,0,,,,,,,,4.032698966442005,-3.387248857619418,-6.6972798381135785,0,47.20431275732961,44.15229314667767,,,,,0.2193063040512171,-2.7914172146417684,-3.0107235186929855,-0.31397690578889836,47.20431275732961,,,,,,,,,-15.103642637662517,18.448637265863578,-9.224318632931789,0
2022-05-20,80.76,82,72.25,76.46,82.24499999999993,99.15462033873155,65.33537966126832,46.98540859279779,48.45808507340265,0,0,,,,,,,,0.06936537228272588,-7.03386224086564,-10.040003137501174,0,44.69475277638614,43.66921265692304,,,,,0.08832698655162519,-2.900314785503454,-2.9886417720550793,-0.21466011587750103,44.69475277638614,,,,,,,,,-16.319314471834048,18.370895009879874,-9.185447504939937,0
2022-05-23,76.46,78,72.33,77.51,81.61099999999993,98.22987108079381,64.99212891920605,47.93129255661439,48.15452562779732,0,0,,,,,,,,0.8063467290935877,-5.025057896606988,-8.190701806337163,0,45.639246876894056,43.64309855113186,,,,,0.09585686480836886,-2.8688206910446183,-2.964677555852987,-0.1295740482332012,45.639246876894056,,,,,,,,,-16.48944848492307,18.2914864823847,-9.14574324119235,0
2022-05-24,76.55,77.86,72.51,75.06,81.05099999999995,97.76006807694674,64.34193192305315,45.19669228957785,46.70446447966332,0,0,,,,,,,,-3.078353390837163,-7.391642299292977,-10.447761194030026,0,43.7612946418299,42.985286751233616,,,,,-0.03377340561117936,-3.0068943128669616,-2.9731209072557823,0.05130139500089867,43.7612946418299,43.7612946418299,,43.7612946418299,,,,,,-17.636505149366894,18.19938088786763,-9.099690443933815,0
2022-05-25,75,81.17,74.89,78.88,80.59699999999994,97.0215025495462,64.17249745045368,49.37867237926198,47.50221907515138,0,0,,,,,,,,-0.192327158619221,-2.1303522463614555,-5.378820594021583,0,47.39582459135337,43.03996767715229,,,,,0.15763616155167526,-2.776075705316188,-2.9337118668678634,0.25884643628083726,47.39582459135337,,,,,,,,,-16.105125617319185,18.12700975987985,-9.063504879939925,0
2022-05-26,79.46,87.41,79.03,84.31,80.19599999999994,95.82756089455056,64.56443910544932,56.87992489255849,50.48509652046608,0,0,,,,,,,,4.389277533585179,5.129931667414911,1.4947533155432513,0,52.13151963464168,43.8171756556216,,,,,0.6426204275837422,-2.130436332388186,-2.773056759971928,0.4437349728462226,52.13151963464168,,,,,52.13151963464168,,52.13151963464168,,-12.992501979301082,18.11058927951239,-9.055294639756195,0
2022-05-27,82.16,84.98,81.69,83.78,80.06149999999994,95.52014583332068,64.6028541666792,57.52939883423531,54.59599870201857,0,0,,,,,,,,4.508145597884461,4.644554498729181,1.101765479623773,0,51.642828729190256,44.97270254146574,,,,,0.9043700124595988,-1.6425942443974293,-2.546964256857028,0.463328747028595,51.642828729190256,,,,,,,,,-9.443289250011034,18.184050658036917,-9.092025329018458,0
2022-05-31,83.48,87.61,81.92,83.61,79.68099999999994,94.37816149465735,64.98383850534253,60.3924833769247,58.26726903457281,0,0,,,,,,,,4.490295812140022,4.930912011646527,1.1647885392549462,0,51.47614331117284,46.26013010736261,,,,,1.0333921949820288,-1.2552240131294923,-2.288616208111521,0.4140358542593305,51.47614331117284,,,,,,,,,-7.463507892883629,18.314608506413293,-9.157304253206647,0
2022-06-01,83.92,84.52,80.7,83.52,79.53099999999993,94.00545183763614,65.05654816236373,61.97347983644562,59.96512068253519,0,0,,,,,,,,4.085142444106649,5.015654273176584,1.3243827971771482,0,51.38159072701445,47.80844418030965,,,,,1.0752099603188419,-0.9446037577129687,-2.0198137180318105,0.23509757865699712,51.38159072701445,,,,,,,,,-7.48503811631474,18.43524934913479,-9.217624674567395,0
2022-06-02,84.4,89.72,82.0606,88.1,79.30499999999994,93.07912864757878,65.53087135242109,66.97773026399823,63.11456449245616,0,0,,,,,,,,8.611230968378303,11.090095202068051,6.935644405602681,0,55.82811796576993,49.33000579000402,,,,,1.3557553990707885,-0.325119469193325,-1.6808748682641135,0.08456062464519058,55.82811796576993,,,,,,,,,-5.657510347419397,18.610419800296953,-9.305209900148476,0
2022-06-03,85.91,90.29,84.4,89.34,79.43949999999994,93.54640253032346,65.33259746967641,66.56077158760783,65.17066056268386,0,0,,,,,,,,8.875537735964102,12.46294349788213,8.29047155365008,0,56.975419944086326,49.54349475270082,,,,,1.5549830251704302,0.26285391319892426,-1.292129111971506,0.5504997015915186,56.975419944086326,,,,,,,,,-3.355104181539019,18.861792863347056,-9.430896431673528,0
2022-06-06,90.84,99.285,89.27,96.65,80.24149999999995,96.2226805258574,64.26031947414249,79.0473939870711,70.86196527955903,0,0,,,,,,,,14.955516437508987,20.44889489852517,16.649099233201458,0,63.06575805703913,50.429367830583196,,,,,2.0766274788373615,1.3036552365751959,-0.7729722422621655,0.78833026747423,63.06575805703913,,,,,,,,,1.6758075280337241,19.322652754884853,-9.661326377442427,0
2022-06-07,96.65,99.62,94.93,97.44,81.47949999999994,98.71289719846447,64.24610280153541,82.12392735416307,75.91069764294731,0,0,,,,,,,,13.21149310436982,19.588362717002504,17.260550922415764,0,63.66437878523549,51.54459149755761,,,,,2.3521868673597357,2.167261341937504,-0.18492552542223162,0.8786267068540733,63.66437878523549,,,,,,,,,5.335437556485584,19.94134403948311,-9.970672019741555,0
2022-06-08,97.44,102.69,97.36,99.18,82.96249999999995,100.91377948086273,65.01122051913717,84.87785166002874,82.01639100042095,0,0,,,,,,,,12.091861529593984,19.547988549043318,18.739100417825426,0,65.00955406848891,52.84791020474516,,,,,2.5143252969804064,2.9579810958032766,0.4436557988228701,0.9247307831291535,65.00955406848891,,,,,65.00955406848891,,65.00955406848891,,9.17154170410141,20.731221951572174,-10.365610975786087,0
2022-06-09,98.99,102.12,95.4403,96.15,84.61999999999993,100.93995588229484,68.30004411770503,82.08711711660581,83.0296320435992,0,0,,,,,,,,6.586998935792909,13.625620420704433,14.736557386178117,0,60.78918279795883,53.8182580647901,,,,,2.2867331901310566,3.302072286486691,1.0153390963556344,0.9551113304090864,60.78918279795883,,,,,,,,,9.17189785804655,21.45797039064656,-10.72898519532328,0
2022-06-10,92.43,96.856,91.51,93.37,85.93949999999994,100.51534368055765,71.36365631944223,74.91676000779391,80.62724292814279,0,0,,,,,,,,2.476019053054479,8.646198779373936,11.373088514786733,0,57.1249254448514,54.70612754110905,,,,,1.837538776132167,3.312262566520843,1.474723790388676,0.9273497700413045,57.1249254448514,,,,,,,,,7.793470376263417,22.056383393362267,-11.028191696681134,0
2022-06-13,88.53,90.89,83.39,84.23,85.66249999999995,100.14691351936791,71.17808648063199,60.04737242164323,72.35041651534763,0,0,,,,,,,,-7.601004837701108,-1.6722603239456624,0.5603266449644373,0,47.077417141493655,54.808853988580445,,,,,0.8629273781554532,2.5533830130829926,1.6904556349275395,0.7439094262515549,47.077417141493655,47.077417141493655,,47.077417141493655,,,,,,2.3596967098129746,22.370023634738384,-11.185011817369192,0
2022-06-14,82.18,87.44,79.62,87.35,85.77499999999995,100.27513310283896,71.27486689716093,55.81940089431541,63.5945111079175,0,0,,,,,,,,-4.569936525624573,1.8361993587875824,4.446083022778269,0,50.2914958198398,55.275296929866876,,,,,0.3905233059483113,2.1786097673629286,1.7880864614146172,0.5658703750097054,50.2914958198398,,,,,,,,,-0.8531320344932053,22.549674353668042,-11.274837176834021,0
2022-06-15,87.88,93.99,87.88,92.23,86.32299999999995,100.92871956461005,71.71728043538985,60.452903564903124,58.77322562695391,0,0,,,,,,,,-0.18830353664336386,6.842903976923953,10.030779508959276,0,54.90464205758102,55.81164103459742,,,,,0.36908626494675145,2.2494442925980564,1.880358027651305,0.45603430059604,54.90464205758102,,,,,,,,,-1.1979942490368447,22.707380526402883,-11.353690263201441,0
2022-06-16,88.62,93.18,87.52,92.61,86.98499999999997,101.4698368993242,72.50016310067573,60.58953024912337,58.95394490278061,0,0,,,,115.61928888888889,116.77548177777778,114.463096,,-0.26385224274398933,6.466632177961751,10.484560475612703,0,55.25288317145087,56.03459557294094,,,,,0.34340967809817435,2.309620125274023,1.9662104471758486,0.390246000177389,55.25288317145087,,,,,,,,,1.9934938705194944,22.961339075317426,-11.480669537658713,0
2022-06-17,92.91,95.34,89.8,94.71,87.72449999999996,102.20121713476586,73.24778286523407,61.0060860619609,60.68283995866244,0,0,,,,115.42240000000001,116.57662400000001,114.26817600000001,,1.411255782079901,7.962997794230842,12.628879260794722,0,57.219044138771345,56.4328966736253,,,,,0.4254055168028614,2.4979673431794254,2.072561826376564,0.3278738110643526,57.219044138771345,,,,,,,,,4.765245507631598,23.303217807626655,-11.651608903813328,0
2022-06-21,94.73,102.8,94.73,98.89,88.84599999999998,103.13236328811549,74.55963671188447,70.08739421237416,63.894336841152786,0,0,,,,115.26440000000001,116.417044,114.11175600000001,,5.633652367116793,11.304954640614117,16.7537062326099,0,60.901641263597746,57.10614652736994,,,,,0.702361144043465,2.950513256430895,2.24815211238743,0.30601596031035266,60.901641263597746,,,,,,,,,7.229542503209373,23.72349778762275,-11.861748893811376,0
2022-06-22,97.2,101.3,96.615,97.07,89.82399999999997,103.53895884062432,76.10904115937562,69.43513241733419,66.84287089722307,0,0,,,,115.0724888888889,116.22321377777779,113.92176400000001,,3.7305378343432505,8.06688635553976,13.51534665429661,0,58.53883773414412,57.61737845645063,,,,,0.7024885120859041,3.12626275249481,2.423774240408906,0.19815202393210263,58.53883773414412,,,,,,,,,8.84313286481254,24.185645783572436,-12.092822891786218,0
2022-06-23,97.55,100.58,94.591,99.82,91.06199999999997,103.64605276530658,78.47794723469336,72.89742575680616,70.80665079550481,0,0,,,,114.87702222222221,116.02579244444443,113.72825199999998,,6.59632860971997,9.61762315784853,15.368612463785759,0,61.000900831843516,57.98686294688445,,,,,0.819144223703129,3.447704520037817,2.628560296334688,0.20571633372448062,61.000900831843516,,,,,,,,,10.726486733757236,24.700244453313644,-12.350122226656822,0
2022-06-24,102.23,106.43,101.11,101.73,92.20449999999997,104.29657091444707,80.11242908555286,75.96972905617933,72.76742907677321,0,0,,,,114.70755555555556,115.85463111111112,113.56048,,7.992484156219226,10.330840685649868,15.847571182921216,0,62.65943326392148,58.39286389830125,,,,,0.9472485253879728,3.812620953069654,2.8653724276816814,0.24474317304554263,62.65943326392148,,,,,62.65943326392148,62.65943326392148,62.65943326392148,,11.49730812621101,25.21616337209903,-12.608081686049514,0
2022-06-27,100.34,100.4,92.82,96.63,92.82049999999997,104.48895058266203,81.1520494173379,68.29832588286692,72.38849356528411,0,0,,,,114.50813333333332,115.65321466666666,113.36305199999998,,2.2247611793456468,4.104158025436222,8.81511677664899,0,55.83176737229554,57.876150277962424,,,,,0.6262923479946574,3.6482378626750034,3.021945514680346,0.32642656292123806,55.83176737229554,,,,,,,,,11.077866621377282,25.682828854972687,-12.841414427486344,0
2022-06-28,96.15,99.18,91.04,91.47,93.20499999999997,104.14026497164176,82.26973502835818,58.07742915728913,67.44849469877845,0,0,,,,114.26577777777777,115.40843555555556,113.12311999999999,,-3.9695121311061676,-1.8614881175902265,2.938749174719235,0,49.906510140765256,56.89344537478598,,,,,0.03544230846015983,3.066248400255546,3.030806091795386,0.3009419018144635,49.906510140765256,,,,,,,,,7.718442658514845,25.99499625203395,-12.997498126016975,0
2022-06-29,91.08,91.695,86.675,89.8,93.51449999999997,103.6684577997951,83.36054220020483,50.31106447576626,58.89560650530742,0,0,,,,114.06764444444445,115.2083208888889,112.926968,,-5.964647733936424,-3.972111276860779,0.8814960718376286,0,48.12634549922443,55.6875019055528,,,,,-0.4709557732122125,2.4421113752801205,2.913067148492333,0.3102879194917922,48.12634549922443,,,,,,,,,3.3339976552932886,26.152522655121093,-13.076261327560546,0
2022-06-30,88.79,90.2,84.99,87.55,93.71599999999998,103.2069164994749,84.22508350052506,42.876807322309034,50.42176698512145,0,0,,,,113.84231111111112,114.98073422222222,112.703888,,-7.86925958664807,-6.579452814887521,-1.8769099725787441,0,45.75812612157833,54.61385500009705,,,,,-0.9338156211210178,1.745797622091061,2.6796132432120787,0.202445083116207,45.75812612157833,45.75812612157833,,45.75812612157833,,,,,,0.030382517794933356,26.2175704633176,-13.1087852316588,0
2022-07-01,89.12,95.34,87.14,95.06,94.06399999999998,103.20984364616021,84.91815635383975,48.02862781145479,47.072166536510004,0,0,,,,113.64257777777777,114.77900355555555,112.506152,,-0.22356806230507953,1.058853546521532,5.9191882425911,0,53.91048494365055,54.38425210715413,,,,,-0.7201339159631552,1.7794458482581348,2.49957976422129,0.24002774187073367,53.91048494365055,,,,,,,,,1.430418540974177,26.310687676839443,-13.155343838419721,0
2022-07-05,92.21,99.815,91.22,99.25,94.55949999999997,103.70171302530268,85.41728697469726,55.29671874473352,48.73405129283242,0,0,,,,113.47942222222221,114.61421644444444,112.34462799999999,,3.680257398644171,4.960368868278731,9.799539782281453,0,57.72783399524797,55.144996168136586,,,,,-0.303843933219726,2.1197748476966325,2.4236187809163585,0.13919869165126011,57.72783399524797,,,,,,,,,4.970822385690564,26.49098768513579,-13.245493842567894,0
2022-07-06,99,101.61,96.505,96.95,94.57449999999997,103.73135639289045,85.4176436071095,58.10517624189589,53.81017426602804,0,0,,,,113.31564444444444,114.4488008888889,112.18248799999999,,1.4832570944072643,2.5117764302217127,6.45072742245385,0,55.03329929608923,55.48369641644011,,,,,-0.19586973243377903,2.1787816153741346,2.3746513478079136,-0.01862031026835664,55.03329929608923,,,,,,,,,8.461875209783807,26.767157248263008,-13.383578624131504,0
2022-07-07,99,106.29,97.23,106.29,95.01699999999997,105.45123039807083,84.5827696019291,65.3759377771902,59.59261092127318,0,0,,,,113.1808,114.31260800000001,112.048992,,10.196464672645389,11.864192723407442,15.489509349771446,0,62.65620710394276,56.037379634037386,,,,,0.4564819568445717,2.9452537938636283,2.4887718370190566,0.16609023632344072,62.65620710394276,,,,,,,,,12.599353523500085,27.170621715845186,-13.585310857922593,0
2022-07-08,104.05,113.36,102.56,110.09,95.56249999999997,107.79589016789781,83.32910983210213,74.40688460235961,65.96266620714853,0,0,,,,113.07008888888889,114.20078977777779,111.939388,,12.933669805707847,15.202092871157657,18.119782837277974,0,65.23819037597139,56.750615862931696,,,,,1.0612512837871249,3.815335941752963,2.754084657965838,0.32596812897902305,65.23819037597139,,,,,65.23819037597139,,65.23819037597139,,16.526054764517774,27.702088718517633,-13.851044359258816,0
2022-07-11,103.15,105.05,94.29,94.3,95.46999999999998,107.7121958814587,83.22780411854127,60.42584479717068,66.73622239224014,0,0,,,,112.89595555555556,114.02491511111111,111.766996,,-2.521216882539523,-1.225515868859317,0.6231593324510509,0,49.82302177185518,56.22232855100912,,,,,0.35188705985604773,3.1939434827858975,2.8420564229298497,0.19740500893541896,49.82302177185518,,,,,,,,,15.438183678752196,28.16136343587552,-14.08068171793776,0
2022-07-12,95.01,98.7,90.9,95.86,95.59449999999998,107.79932605365643,83.38967394634354,57.10636230146548,63.979697233665235,0,0,,,,112.73755555555556,113.86493111111112,111.61018,,-0.8296952266660163,0.2777356437870582,1.8692681267997502,0,51.05355868705245,55.51889408125589,,,,,-0.03753012453018334,2.7951437672671204,2.8326738917973038,0.19698273713680017,51.05355868705245,,,,,,,,,11.477770165219832,28.459559048299102,-14.229779524149551,0
2022-07-13,90.17,98.97,89.8,94.6,96.11299999999997,107.16966513918275,85.05633486081719,51.53144308207352,56.354550060236534,0,0,,,,112.59728888888888,113.72326177777778,111.47131599999999,,-2.449084815674052,-1.5741887153662648,0.14644388376219286,0,49.98725704104148,54.90806688889141,,,,,-0.38587708386741415,2.350327536963036,2.73620462083045,0.13845528786662614,49.98725704104148,,,,,,,,,5.7268759238735045,28.58276069121054,-14.29138034560527,0
2022-07-14,94.4,94.53,88.98,93.87,96.439,106.80591448792774,86.07208551207225,46.133334502674835,51.590379962071246,0,0,,,,112.45435555555555,113.57889911111111,111.32981199999999,,-3.6064159700970433,-2.6638600566160853,-0.9848423584181032,0,49.34423263406521,54.07544773190724,,,,,-0.6555182448294778,1.9168068147936026,2.5723250596230804,0.136588595288897,49.34423263406521,49.34423263406521,,49.34423263406521,,,,,,5.5888713267366015,28.695852366951016,-14.347926183475508,0
2022-07-15,96,99.68,93.14,99.4,96.79749999999999,107.0527033134409,86.54229668655907,50.11108753972031,49.25862170815619,0,0,,,,112.34497777777777,113.46842755555555,111.22152799999999,,0.8451104324977754,2.6886024948991727,4.266098832513232,0,54.1553281010369,53.46801164884406,,,,,-0.4607004667599295,1.9964494761731686,2.457149942933098,0.3103290148640232,54.1553281010369,,,,,,,,,6.93204527931762,28.834808924525102,-14.417404462262551,0
2022-07-18,100.21,105.98,94.88,95.41,96.93749999999997,107.03545994248415,86.83954005751579,46.63543353446153,47.62661852561886,0,0,,,,112.20386666666666,113.32590533333332,111.08182799999999,,-3.2372568507737287,-1.5757575757575526,-0.17438007881998008,0,50.4334176234321,53.08241523821095,,,,,-0.5914756236080834,1.7178054134229939,2.3092810370310772,0.2908323100476312,50.4334176234321,,,,,,,,,7.2345065227377985,28.973780161806708,-14.486890080903354,0
2022-07-19,95.14,98.63,93.2,93.85,96.89449999999998,107.03725993011831,86.75174006988165,42.743345212643874,46.49662209560854,0,0,,,,112.05506666666666,113.17561733333334,110.93451599999999,,-4.29524178580889,-3.142077207684635,-1.960784313725672,0,49.01504441880385,53.018739115213705,,,,,-0.7630456587952779,1.35547396353698,2.1185196223322578,0.12797612439064004,49.01504441880385,49.01504441880385,,49.01504441880385,,,,,,7.215695267073733,29.104999724404546,-14.552499862202273,0
2022-07-20,96.33,102.72,96.33,99,96.89999999999998,107.0472005991808,86.75279940081916,48.588668052345774,45.989148933150354,0,0,,,,111.96173333333333,113.08135066666667,110.84211599999999,,0.745926913409467,2.1671826625387247,3.3345394828400154,0,53.64945277873677,53.41324677803602,,,,,-0.5212354890255029,1.4669752610503792,1.988210750075882,0.018401907288022386,53.64945277873677,,,,,,,,,7.013229436326552,29.224567725172886,-14.612283862586443,0
2022-07-21,98.75,101.0455,97.47,100.79,97.08599999999998,107.37424260989273,86.79775739010724,51.14047756856141,47.49083027785033,0,0,,,,111.87591111111112,112.99467022222224,110.757152,,3.144795685500079,3.8151741754733237,5.080434125337341,0,55.17458351077395,54.085850877264285,,,,,-0.24624205327856097,1.680408183477681,1.926650236756242,-0.16703368014942238,55.17458351077395,,,,,55.17458351077395,,55.17458351077395,,8.953460423679156,29.384132649666082,-14.692066324833041,0
2022-07-22,99.96,101.91,94.19,95.45,96.86749999999998,107.09967059083844,86.63532940916151,45.75917179867294,48.49610580652668,0,0,,,,111.72813333333335,112.84541466666668,110.61085200000001,,-0.8342597113855099,-1.4633390972204063,-0.3577170138286623,0,49.8995882039711,53.799358253001465,,,,,-0.41932430716165947,1.4024948528041676,1.821819159965827,-0.32463901240964216,49.8995882039711,,,,,,,,,9.493974807683289,29.54908621984791,-14.774543109923956,0
2022-07-25,95.61,97.5451,92.99,96.5,96.60599999999997,106.59209112716422,86.61990887283571,41.946044002865996,46.28189779003342,0,0,,,,111.5812,112.697012,110.46538799999999,,0.027987105200533158,-0.10972403370387296,0.7261327775707649,0,50.893739768740275,53.31120866539377,,,,,-0.4554278681713415,1.2525343247516503,1.7079621929229918,-0.33711464181657724,50.893739768740275,,,,,,,,,8.528958194769187,29.68277975078034,-14.84138987539017,0
2022-07-26,95.34,96.38,92.52,95.11,96.52999999999997,106.53731732284064,86.52268267715931,38.387556862053714,42.030924221197516,0,0,,,,111.39288888888889,112.50681777777778,110.27896,,-1.3361273055456535,-1.4710452709002064,-0.7848059891443548,0,49.49360268903498,52.91551605060418,,,,,-0.5584603173597544,1.0098867962232987,1.5683471135830531,-0.43446436504854286,49.49360268903498,,,,,,,,,6.3944555186342,29.763075224639227,-14.881537612319613,0
2022-07-27,97.82,99.49,95.3,97.57,96.83499999999997,106.57511806910092,87.094881930899,40.43205402940086,40.255218298106826,0,0,,,,111.15057777777778,112.26208355555556,110.039072,,0.9049071823776789,0.7590230804977782,1.3114311524601518,0,52.00990486632912,52.15506589077463,,,,,-0.4510705160648696,1.0045089685019661,1.4555794845668357,-0.2372155419992332,52.00990486632912,,,,,,,,,7.141176016571092,29.854191117932885,-14.927095558966442,0
2022-07-28,100,101,91.3814,94.95,97.09249999999997,106.33463584622186,87.85036415377809,37.69671424542454,38.838775045626335,0,0,,,,110.84786666666668,111.95634533333335,109.739388,,-1.9141968740637227,-2.2066585987588816,-1.6676965351543838,0,49.1985260873998,51.009375584448094,,,,,-0.5405873268060268,0.7798453260593021,1.320432652865329,0.21757428631307707,49.1985260873998,,,,,,,,,6.537393051914683,29.927975608801997,-14.963987804400999,0
2022-07-29,93.66,93.69,88.7,91.75,97.30249999999998,105.83111506928374,88.77388493071622,29.70816507933383,35.94564445138638,0,0,,,,110.5295111111111,111.63480622222222,109.42421599999999,,-4.46489931068943,-5.706430975565868,-4.965939654666618,0,45.93273093170351,50.7314976672944,,,,,-0.7846109052646915,0.33966902128446463,1.124279926549156,-0.12866014136521672,45.93273093170351,45.93273093170351,,45.93273093170351,,,,,,5.261538010454277,29.973090084992755,-14.986545042496378,0
2022-08-01,91.75,96.11,91.05,94.41,97.26999999999997,105.8374150127112,88.70258498728873,31.77365993979442,33.059513088184225,0,0,,,,110.2464,111.34886399999999,109.143936,,-1.5926952823697715,-2.9402693533463253,-2.2714647031018553,0,48.9653530934221,50.582340124892234,,,,,-0.7369244162874728,0.20312440618981498,0.9400488224772878,-0.2117623129068407,48.9653530934221,,,,,,,,,4.066280424974866,29.99400085869099,-14.997000429345494,0
2022-08-02,92.93,99.77,92.93,99.22,97.26849999999997,105.83453823246344,88.7024617675365,42.64312397032711,34.708316329818416,0,0,,,,109.93293333333334,111.03226266666667,108.83360400000001,,2.8452967089920733,2.0063021430370753,2.5480252459827657,0,53.99082072180402,50.868308959232415,,,,,-0.3700119359377544,0.47753390255509487,0.8475458384928493,-0.1190814349582414,53.99082072180402,,,,,,,,,5.629721327896083,30.03966915069531,-15.019834575347655,0
2022-08-03,99.81,106.06,99.09,104.57,97.64949999999997,106.78396544686763,88.51503455313232,58.97859983832396,44.46512791614847,0,0,,,,109.62715555555556,110.72342711111112,108.530884,,7.768571193008578,7.087081859098121,7.866397095230027,0,58.845115462343394,51.546943446966566,,,,,0.2130559233642766,1.113865742698195,0.9008098193339185,0.10829742551479077,58.845115462343394,,,,,58.845115462343394,,58.845115462343394,,10.33611751422091,30.177419160913598,-15.088709580456799,0
2022-08-04,99.77,103.81,96.18,98.68,97.26899999999998,105.52370023683582,89.01429976316413,57.531190602614345,53.050971470421764,0,0,,,,109.36035555555554,110.4539591111111,108.26675199999998,,1.92003800828342,1.4506163320276988,1.7344059822743008,0,52.30251467058121,51.41459963050545,,,,,0.18324426705282537,1.1298651531499502,0.9466208860971248,0.27110353134750925,52.30251467058121,,,,,,,,,11.857363469934532,30.34349634184112,-15.17174817092056,0
2022-08-05,97.22,105.2,96.9,103.07,96.91799999999996,103.36020334978886,90.47579665021107,65.90699835172116,60.80559626421979,0,0,,,,109.10693333333332,110.19800266666665,108.01586399999998,,5.62290562905432,6.347634082420228,6.141742013881513,0,56.21042542669182,51.82724304502399,,,,,0.4264823133838582,1.4797237778269476,1.0532414644430894,0.3884833501963407,56.21042542669182,,,,,,,,,13.086856345820364,30.531210039191812,-15.265605019595906,0
2022-08-08,103.07,104.9236,94.25,95.76,96.99099999999996,103.34537455616497,90.63662544383494,57.37142099106441,60.269869981799935,0,0,,,,108.82013333333333,109.90833466666666,107.731932,,-1.7936805833306813,-1.2691899248383431,-1.1836090272118516,0,49.00980860401015,51.82686905825302,,,,,0.08047297703158218,1.1538326857325671,1.073359708700985,0.19941521269436915,49.00980860401015,,,,,,,,,9.655880756321126,30.63426869212932,-15.31713434606466,0
2022-08-09,95.7,98.715,92.44,98.42,97.11899999999996,103.48021969436957,90.75778030563035,58.30124462366324,60.5265546554829,0,0,,,,108.43533333333332,109.51968666666666,107.35097999999998,,0.5928045789044267,1.3395936943338072,1.498796837400973,0,51.44715071892233,51.66956176826627,,,,,0.019351872066550202,1.0975495487841727,1.0781976767176225,0.2809319575747844,51.44715071892233,,,,,,,,,9.398756285744176,30.727078808008127,-15.363539404004063,0
2022-08-10,100,103,97.005,101.38,97.45799999999996,103.96703863869584,90.94896136130407,63.56071378946899,59.74445980139884,0,0,,,,108.06377777777777,109.14441555555555,106.98313999999999,,3.2162164913817515,4.024297646165564,4.1964294890899145,0,54.07771029752427,51.59121368160557,,,,,0.1590984529673274,1.2770707429267816,1.1179722899594542,0.529179021769904,54.07771029752427,,,,,,,,,8.717400432727622,30.802067541943064,-15.401033770971532,0
2022-08-11,103,105.26,100.5,104.05,97.96699999999996,104.85520760430713,91.07879239569279,68.29966369422837,63.387207369120155,0,0,,,,107.71866666666665,108.79585333333331,106.64147999999999,,4.962120830012906,6.2092337215593485,6.421061244527881,0,56.37378086437332,52.053656014491445,,,,,0.3985495211602139,1.6161591914097215,1.2176096702495076,0.6054518937497156,56.37378086437332,,,,,,,,,11.70757633306408,30.932961575839638,-15.466480787919819,0
2022-08-12,105,109.4,103.33,108.415,98.41774999999996,106.66736482434399,90.16813517565592,77.36775671191666,69.74271139853796,0,0,,,,107.31068888888889,108.38379577777778,106.237582,,7.557231082120186,10.157974552354698,10.102318023713197,0,59.9033930552541,52.69720267781387,,,,,0.7952035749160198,2.2116141388945323,1.4164105639785125,0.7087130192541718,59.9033930552541,,,,,59.9033930552541,,59.9033930552541,,15.296288752895768,31.13929234625155,-15.569646173125776,0
2022-08-15,107.39,108.77,104.825,105.09,98.90174999999996,107.51648114786683,90.2870188521331,74.96205379694075,73.54315806769522,0,0,,,,106.88059999999999,107.94940599999998,105.81179399999999,,3.1654485571661617,6.256967141633019,6.36442306232492,0,56.17505723975786,53.17444943143693,,,,,0.7770258889989039,2.3876929252271424,1.6106670362282385,0.7279664374869685,56.17505723975786,,,,,,,,,16.564857269482772,31.36770212544122,-15.68385106272061,0
2022-08-16,105,105,98.92,103.18,99.36824999999996,107.84762219079524,90.88887780920469,72.5275873737547,74.95246596087067,0,0,,,,106.43833333333333,107.50271666666667,105.37395,,0.8981874899156361,3.8359838278323677,4.2929799173511585,0,54.09236097133024,53.32319629607987,,,,,0.5883236047388529,2.3460715421518046,1.7577479374129517,0.7425015212220994,54.09236097133024,,,,,,,,,16.149325280922856,31.57631657553273,-15.788158287766365,0
2022-08-17,102.73,104.04,99.63,102.34,99.53524999999996,108.11005814654374,90.96044185345619,68.3046356122821,71.9314255943258,0,0,,,,106.00708888888887,107.06715977777776,104.94701799999999,,0.29547670732132936,2.817845939001562,3.2564005549247765,0,53.15891512673798,53.606081227461175,,,,,0.36957588318862755,2.219717791398736,1.8501419082101085,0.6757825921652719,53.15891512673798,,,,,,,,,13.846100679380909,31.72413296179794,-15.86206648089897,0
2022-08-18,101.81,101.905,96.77,98.61,99.42624999999995,107.9899027691188,90.86259723088111,57.60719614246602,66.14647304283424,0,0,,,,105.60366666666667,106.65970333333334,104.54763,,-3.3533761632436265,-0.8209602594887677,-0.2493513324871688,0,49.106564888969594,53.83278365298018,,,,,-0.04181200597943446,1.7978769007358153,1.8396889067152498,0.4165491183594659,49.106564888969594,,,,,,,,,11.41315649413624,31.816655274369932,-15.908327637184966,0
2022-08-19,96.95,98.03,94.41,95.7,99.43874999999997,107.9798505584777,90.89764944152225,47.72776925239477,57.87986700238093,0,0,,,,105.26575555555554,106.3184131111111,104.21309799999999,,-5.523004704105294,-3.7598521703058108,-2.720999693356174,0,46.15074209588953,53.631740010299275,,,,,-0.49995160486388146,1.214749400635398,1.7147010054992795,0.004190793751031896,46.15074209588953,,,,,,,,,8.634190334767695,31.856105824799027,-15.928052912399513,0
2022-08-22,94.99,96.04,92.17,95.13,99.37024999999997,108.02573639592403,90.71476360407591,35.95494630237491,47.096637232411865,0,0,,,,104.93793333333333,105.98731266666667,103.888554,,-6.027274119221737,-4.2671222020674975,-3.3275917259883214,0,45.572107361084505,53.030403341676454,,,,,-0.8129050106834828,0.698569742144926,1.5114747528284087,-0.25080573210965457,45.572107361084505,45.572107361084505,,45.572107361084505,,,,,,5.962886321989121,31.853051747491296,-15.926525873745648,0
2022-08-23,95.93,97.88,94.74,95.54,99.39174999999996,108.00684214982853,90.77665785017139,33.268536955969395,38.983750836912996,0,0,,,,104.62317777777778,105.66940955555556,103.576946,,-5.3529944969214815,-3.8753216438989657,-2.9004188948157372,0,46.09563955548069,52.11972649118626,,,,,-0.9540589032555229,0.31890112375900515,1.272960027014528,-0.2844797307651226,46.09563955548069,,,,,,,,,4.801831567107453,31.833384375076577,-15.916692187538288,0
2022-08-24,95.59,97.1,94.63,96.04,99.31524999999996,108.02039185697416,90.61010814302577,32.656839344726365,33.96010753435686,0,0,,,,104.33633333333333,105.37969666666666,103.29297,,-4.351679870928493,-3.297831903962345,-2.4398502669090605,0,46.76809683397445,51.724410931428636,,,,,-0.9722145859689086,0.05769179455339213,1.0299063805223008,-0.45074615057859024,46.76809683397445,,,,,,,,,4.878387766128692,31.81368042715432,-15.90684021357716,0
2022-08-25,97.2,99.42,94.8,97.73,99.45424999999996,107.96270066683974,90.94579933316018,36.55067653414574,34.15868427828047,0,0,,,,104.10015555555556,105.14115711111111,103.059154,,-2.052065846508422,-1.733711731776122,-0.8526891919998225,0,49.08031033527205,51.21511699632722,,,,,-0.8341667290822631,-0.01280203083052811,0.821364698251735,-0.4308190629446026,49.08031033527205,,,,,,,,,5.760191559406486,31.804181679764053,-15.902090839882026,0
2022-08-26,98.6,99.305,92.125,93.27,99.53024999999995,107.78546197487005,91.27503802512986,28.876764690298998,32.69476018972367,0,0,,,,103.8709111111111,104.90962022222222,102.83220199999998,,-5.081261512471591,-6.289796318204721,-5.1808125083660395,0,43.687159299516466,50.83492776029196,,,,,-0.9960276142794955,-0.4236698195976345,0.572357794681861,-0.7079416704597952,43.687159299516466,,,,,,,,,4.876760824344154,31.78242081417953,-15.891210407089766,0
2022-08-29,92.69,95.85,91.2543,92.61,99.44024999999996,107.95204797399097,90.92845202600896,25.464925884754777,30.297455703066472,0,0,,,,103.65384444444443,104.69038288888888,102.61730599999999,,-4.540534968819198,-6.868697534449042,-5.762358875036844,0,42.93528814261796,50.226937576270224,,,,,-1.0926032028368446,-0.7933962088641948,0.2992069939726498,-0.8607194239689477,42.93528814261796,,,,,,,,,3.571593565373395,31.744867650320636,-15.872433825160318,0
2022-08-30,93.32,94.24,89.12,92.12,99.08524999999995,108.17668084173513,89.99381915826476,23.54140087436543,25.961030483139698,0,0,,,,103.36611111111111,104.39977222222223,102.33245,,-3.9506198584073893,-7.029552834554032,-6.2059322134566886,0,42.35250689568833,49.389423047567654,,,,,-1.1298573137517594,-1.1131146482170493,0.01674266553470999,-0.9166999067542808,42.35250689568833,42.35250689568833,,42.35250689568833,,,,,,1.4844168331263452,31.68624591827988,-15.84312295913994,0
2022-08-31,93.48,94.48,91.95,94.02,98.55774999999996,107.53861547889676,89.57688452110315,25.831970022029367,24.94609892704982,0,0,,,,103.04388888888889,104.07432777777778,102.01344999999999,,-1.1117304921273718,-4.604153402446753,-4.109332902710561,0,45.444725145218726,48.608776210485175,,,,,-0.9728775597858339,-1.1993542841975824,-0.22647672441174851,-0.8970303558432088,45.444725145218726,,,,,,,,,1.6791821300694538,31.629409012088416,-15.814704506044208,0
2022-09-01,93.33,93.77,89.94,93.74,98.31074999999994,107.53306330795378,89.0884366920461,26.305608424897756,25.226326440430814,0,0,,,,102.72717777777777,103.75444955555555,101.69990599999998,,-0.8986150755893152,-4.649288099215953,-4.165211242407119,0,45.06112316611047,47.54861407554635,,,,,-0.8392900427183617,-1.2755892778097007,-0.43629923509133894,-0.8641119590180285,45.06112316611047,,,,,,,,,1.9754563986662275,31.575267549853674,-15.787633774926837,0
2022-09-02,95.27,95.86,90.57,92.84,97.79924999999994,107.04372201034522,88.55477798965467,27.888680872619332,26.675419773182117,0,0,,,,102.38095555555556,103.40476511111112,101.357146,,-1.5524261961315844,-5.070846657821959,-5.000827132680785,0,43.78185761877732,46.66338553119059,,,,,-0.7650212447321688,-1.39257579100655,-0.6275545462743811,-0.8322663292142404,43.78185761877732,,,,,,,,,2.068185335257311,31.521929594905266,-15.760964797452633,0
2022-09-06,93.09,94.54,91.63,91.72,97.59724999999995,107.18144504966666,88.01305495033323,25.62343779504726,26.605909030854747,0,0,,,,101.98859999999999,103.00848599999999,100.96871399999999,,-2.3871098198226304,-6.021942216609533,-5.993607865980588,0,42.177149275415104,45.81229898148236,,,,,-0.7441218116606259,-1.5577068108501635,-0.8135849991895376,-0.814007163747189,42.177149275415104,42.177149275415104,,42.177149275415104,,,,,,1.0509602095179365,31.45974837057291,-15.729874185286455,0
2022-09-07,91.72,94.08,91.365,93.95,97.37374999999994,107.07849568188456,87.66900431811533,30.2484138510179,27.92017750622813,0,0,,,,101.65686666666667,102.67343533333334,100.640298,,0.15564368257223737,-3.5160913490544843,-3.6698423548512937,0,46.39038842213554,45.32883278829646,,,,,-0.5422836674791421,-1.4914395835384653,-0.9491559160593231,-0.7385244535210445,46.39038842213554,,,,,,,,,0.9222311369984233,31.39668382966051,-15.698341914830255,0
2022-09-08,92.49,94.1,91.635,92.73,96.94124999999994,106.6642505013918,87.21824949860807,29.285265492894716,28.385705712986592,0,0,,,,101.37255555555556,102.38628111111112,100.35883000000001,,-0.794881944518655,-4.3441259525743074,-4.76320893108112,0,44.48084604073182,44.99842429913662,,,,,-0.4565522995790521,-1.5198462905331382,-1.0632939909540862,-0.6739953321068219,44.48084604073182,,,,,,,,,0.7110937881607367,31.3321461032918,-15.6660730516459,0
2022-09-09,93.5,100.39,93.2801,99.55,96.71624999999995,105.9676546906429,87.46484530935699,51.822480480652096,37.11871994152154,0,0,,,,101.11571111111111,102.12686822222223,100.104554,,6.29437830334747,2.9299626484691643,2.0804030577975086,0,55.50655559217894,45.66669669172872,,,,,0.06604600247601944,-0.9807364878590619,-1.0467824903350813,-0.12827021053755788,55.50655559217894,,,,,,,,,3.390635351475913,31.29134569893861,-15.645672849469305,0
2022-09-12,100,101.4,98.73,101.34,96.36249999999994,104.23597413789263,88.48902586210725,62.34903195266597,47.81892597540423,0,0,,,,100.82971111111112,101.83800822222224,99.821414,,7.281234782240542,5.165391101310224,3.576386818727495,0,57.87135619117554,46.545214465306664,,,,,0.5139151875917648,-0.40438850584537533,-0.9183036934371401,0.22464277935311414,57.87135619117554,,,,,57.87135619117554,,57.87135619117554,,5.943731438691937,31.27777524880877,-15.638887624404385,0
2022-09-13,97.4,100.36,94.47,98.75,96.04549999999995,102.93722104775387,89.15377895224603,62.26288758474391,58.81146667268729,0,0,,,,100.56677777777779,101.57244555555556,99.56111000000001,,3.864276999453131,2.815852903051219,0.78021748115773,0,53.445088116738496,47.07017507682507,,,,,0.6107748830127787,-0.15483508967116677,-0.7656099726839455,0.39673253187821095,53.445088116738496,,,,,,,,,7.977045050713429,31.288656151961696,-15.644328075980848,0
2022-09-14,98.96,102.32,97.84,102.01,95.98699999999995,102.65160531464947,89.32239468535043,73.31335497227938,65.97509150322972,0,0,,,,100.22842222222222,101.23070644444445,99.22613799999999,,6.1885181908083675,6.274808046923086,4.008523784519369,0,57.81830120104613,47.85947538875876,,,,,0.8544923390178369,0.3025054510883507,-0.5519868879294862,0.6093004557796695,57.81830120104613,,,,,,,,,8.691668492898623,31.307601445134313,-15.653800722567157,0
2022-09-15,101.02,104.43,99.77,101.94,95.96699999999996,102.55721122575382,89.3767887742461,75.4494135595968,70.34188537220666,0,0,,,,99.88922222222223,100.88811444444445,98.89033,,5.247942843573572,6.224014504986131,4.030138873533873,0,57.692980381000936,48.47466610631083,,,,,0.9630209410821056,0.6517892884231458,-0.3112316526589598,0.827828942307998,57.692980381000936,,,,,,,,,8.711065429173969,31.32510492125879,-15.662552460629396,0
2022-09-16,100.48,100.89,98.71,99.31,96.00199999999995,102.65512137271271,89.34887862728719,69.82416217537568,72.86231023575058,0,0,,,,99.49735555555554,100.4923291111111,98.50238199999998,,1.946332149383112,3.445761546634496,1.324499932831058,0,53.04125484108269,49.14281578785127,,,,,0.8155584009873442,0.7082163485752204,-0.10734205241212375,0.840593245573193,53.04125484108269,,,,,,,,,8.727346415889421,31.341176390092468,-15.670588195046234,0
2022-09-19,97.78,99.39,96.32,98.9,96.16199999999995,102.93127352084747,89.39272647915243,68.62531352134101,71.29962975210447,0,0,,,,99.10113333333334,100.09214466666667,98.110122,,0.8977759640890204,2.8472785507789533,1.0494910913309008,0,52.332855205294074,49.814070578042426,,,,,0.6551921934907697,0.7116481894513385,0.05645599596056872,0.8146693942539843,52.332855205294074,,,,,,,,,7.464310301485049,31.339612053431853,-15.669806026715927,0
2022-09-20,98.06,99.96,96.31,97.09,96.25999999999996,103.02342221068874,89.49657778931119,63.06536532771324,67.17161367480993,0,0,,,,98.75357777777778,99.74111355555556,97.766042,,-1.488478748338462,0.8622480781217856,-0.8447616437705197,0,49.208339911861025,50.303772936340465,,,,,0.4043068339564514,0.561839538406133,0.1575327044496816,0.7099220858166588,49.208339911861025,,,,,,,,,5.628286084298161,31.316068750736076,-15.658034375368038,0
2022-09-21,97.06,100,95.575,95.88,96.27699999999996,103.03480467312014,89.51919532687978,53.92704606186666,61.872574970306935,0,0,,,,98.41157777777778,99.39569355555555,97.427462,,-2.906329113924011,-0.4123518597380138,-1.9957580558609633,0,47.18037206474275,50.42774771630646,,,,,0.14720674992058552,0.3415411418504135,0.194334391929828,0.576437300668405,47.18037206474275,,,,,,,,,4.362297272155566,31.279217972558786,-15.639608986279393,0
2022-09-22,95.17,96.36,91.7,92.53,96.10149999999996,103.05430454205656,89.14869545794336,44.57289396305648,53.85510178421209,0,0,,,,98.05086666666666,99.03137533333333,97.070358,,-6.27975286133895,-3.7163831990134955,-5.133922850186002,0,42.017443713085434,50.210342041090385,,,,,-0.2372163063204534,-0.10218599097073877,0.13503031534971463,0.28855165280413214,42.017443713085434,,,,,,,,,2.0799891888755577,31.222530065199038,-15.611265032599519,0
2022-09-23,91.19,91.735,87.92,89.21,95.67549999999996,103.19771636221962,88.15328363778029,29.316203515735367,42.60538118021947,0,0,,,,97.6694,98.64609399999999,96.692706,,-8.686128398296711,-6.757738396977242,-8.071521682006566,0,37.623342348046165,49.77044809318102,,,,,-0.6788356491861391,-0.7135142461329593,-0.034678596946820184,-0.10578900674079036,37.623342348046165,37.623342348046165,,37.623342348046165,,,,,,-0.6857451488727122,31.14787448954675,-15.573937244773376,0
2022-09-26,89.39,92.44,89.03,90.36,95.52999999999994,103.33978104687067,87.72021895312922,28.501940091833454,34.13034585687507,0,0,,,,97.33215555555556,98.30547711111112,96.358834,,-6.457690635416824,-5.411912488223535,-6.305409524994743,0,39.965342513762415,49.61246189592011,,,,,-0.8463419397137601,-1.0926060215890203,-0.24626408187526022,-0.44398274848444413,39.965342513762415,,,,,,,,,-2.604429974409328,31.064699961508232,-15.532349980754116,0
2022-09-27,92.05,95.22,90.76,94.12,95.60549999999995,103.32963224900135,87.88136775099855,33.69203917757765,30.503394261715457,0,0,,,,96.99882222222223,97.96881044444446,96.028834,,-2.0960108181202974,-1.5537809017263093,-2.0352084822328753,0,46.97533343533612,49.6542436825773,,,,,-0.6647654359056163,-1.0772208767572806,-0.4124554408516643,-0.6044265667843702,46.97533343533612,,,,,,,,,-1.9889349908544132,30.98473333521253,-15.492366667606264,0
2022-09-28,94.25,98.56,94.06,98.33,95.91599999999995,103.55350063830119,88.27849936169872,44.05114297136606,35.41504074692568,0,0,,,,96.73100000000001,97.69831,95.76369000000001,,2.676287238819275,2.5167855206639667,2.5192794909308702,0,53.519642645098585,50.29987201146064,,,,,-0.24367605622133637,-0.7170505111283347,-0.47337445490699837,-0.7096443667095906,53.519642645098585,,,,,53.519642645098585,,53.519642645098585,,1.2804755897779285,30.923648769263824,-15.461824384631912,0
2022-09-29,96.86,97.6825,92.9,94.87,95.95849999999994,103.56271271401981,88.35428728598008,41.93410042520145,39.89242752471501,0,0,,,,96.46940000000001,97.434094,95.50470600000001,,-0.1998737639385073,-1.1343445343559355,-0.8306793870256901,0,48.249117109063,49.78148354838093,,,,,-0.18346494163240878,-0.7027056319475093,-0.5192406903151006,-0.69620414140698,48.249117109063,,,,,,,,,2.8892953678971787,30.874672705847953,-15.437336352923976,0
2022-09-30,93.44,98.94,93.44,95.23,96.03299999999996,103.57777594101013,88.48822405898979,44.83317148008715,43.60613829221818,0,0,,,,96.20219999999999,97.164222,95.24017799999999,,0.6106579892659836,-0.8361708995865524,-0.3369892833223531,0,48.8139286986076,49.13452444176894,,,,,-0.10840006885574704,-0.6547407763847843,-0.5463407075290373,-0.6178044791241799,48.8139286986076,,,,,,,,,3.2856133650635484,30.82889473607533,-15.414447368037665,0
2022-10-03,95.86,98.07,93.745,97,96.24099999999996,103.65035597741466,88.83164402258525,52.58054659632938,46.44927283387262,0,0,,,,95.98117777777777,96.94098955555555,95.021366,,2.6867946899282735,0.7886451720161336,1.4693883243950268,0,51.61029621581373,49.00346787741717,,,,,0.062269798785004826,-0.46850345904778123,-0.5307732578327861,-0.5189978867073595,51.61029621581373,,,,,,,,,2.8076735674227016,30.779270675078838,-15.389635337539419,0
2022-10-04,99.19,103.74,99.19,101.73,96.74149999999995,104.21374805530832,89.26925194469158,62.590453876555955,53.33472398432412,0,0,,,,95.77526666666665,96.73301933333332,94.81751399999999,,7.16768851526457,5.156525379490762,6.172985534674158,0,58.1846195782597,49.02963347578957,,,,,0.4726745879826878,0.060069977145573716,-0.4126046108371141,-0.14077485354003103,58.1846195782597,,,,,,,,,5.286232702924509,30.751016908335547,-15.375508454167774,0
2022-10-05,100.65,104,99.455,102.03,97.14549999999994,104.84074392076427,89.45025607923561,66.98048204955406,60.71716084081309,0,0,,,,95.55535555555555,96.5109091111111,94.599802,,6.791848525763844,5.028024972850065,6.24620350925893,0,58.56909388869728,49.0922130120536,,,,,0.728036912653016,0.4974415299791559,-0.23059538267386007,0.24929092326835725,58.56909388869728,,,,,,,,,7.744269943942697,30.747787397978374,-15.373893698989187,0
2022-10-06,102.99,105.73,102.33,104.29,97.72349999999994,105.73535939717236,89.71164060282753,78.94111819131116,69.50401803914035,0,0,,,,95.32988888888889,96.28318777777778,94.37659,,7.830060899324898,6.719468705071008,8.289491900872047,0,61.44505636183808,49.692484549250416,,,,,0.9962583868957994,1.0147276009458892,0.018469214050089805,0.5423244703763485,61.44505636183808,,,,,61.44505636183808,,61.44505636183808,,10.354802101447873,30.775169784840372,-15.387584892420186,0
2022-10-07,102.75,102.89,97.66,98.5,97.67099999999995,105.64798163468161,89.69401836531829,72.56893018805269,72.83017680963927,0,0,,,,95.1433111111111,96.09474422222222,94.19187799999999,,0.8745877967351934,0.8487678021112277,2.2501963688202675,0,51.56864230894341,49.63789791379679,,,,,0.742476245954398,0.9465645214930873,0.20408827553868933,0.6735502969568226,51.56864230894341,,,,,,,,,9.173967639379402,30.786213537010862,-15.393106768505431,0
2022-10-10,98.53,98.6599,96.5,98.3,97.51899999999995,105.32455161407917,89.71344838592073,67.3266763651371,72.94557491483361,0,0,,,,94.96273333333335,95.91236066666669,94.01310600000001,,-0.1422186103209766,0.8008695741343219,1.8652849740930844,0,51.26213197482701,49.78459734686579,,,,,0.5298645182780702,0.8664189233862771,0.3365544051082069,0.7371776313016631,51.26213197482701,,,,,,,,,7.807006923792696,30.780458160624335,-15.390229080312167,0
2022-10-11,97.95,98.81,93.5,96.28,97.39549999999994,105.19739585934443,89.59360414065546,59.959841834146005,66.61848279577856,0,0,,,,94.76273333333333,95.71036066666666,93.815106,,-2.4083684722672305,-1.1453301230549107,-0.3543004205378675,0,48.14930148136846,49.85380659091049,,,,,0.23684724955597514,0.6326134670531758,0.39576621749720065,0.7062707428343341,48.14930148136846,,,,,,,,,4.922823524077049,30.745801595257795,-15.372900797628898,0
2022-10-12,96.53,98.805,94.4,97.53,97.17149999999995,104.68241013127188,89.66058986872802,56.22349218280628,61.17000346069642,0,0,,,,94.59602222222222,95.54198244444444,93.65006199999999,,-1.061110209381555,0.3689353359781933,0.7513567119361353,0,50.165941550184215,50.43584215070325,,,,,0.11693773272781705,0.541938383406972,0.42500065067915493,0.6241107130258537,50.165941550184215,,,,,,,,,4.560141355374227,30.707846051593013,-15.353923025796506,0
2022-10-13,95.05,95.05,90.22,92.17,96.68299999999996,104.16060148711088,89.20539851288905,45.491873801914636,53.89173593962227,0,0,,,,94.40140000000001,95.345414,93.45738600000001,,-6.2417349907431525,-4.667831987009052,-4.7249873373235385,0,42.52782303581596,50.78616219982967,,,,,-0.3102866264361773,0.037142367633933304,0.34742899407011063,0.25269156738302045,42.52782303581596,,,,,,,,,2.355480514098579,30.65328535205773,-15.326642676028865,0
2022-10-14,92.91,93.82,78.25,78.31,95.63299999999995,106.47909256829587,84.78690743170404,25.752599568041795,42.489321850920874,0,0,,,,94.15757777777779,95.09915355555557,93.216002,,-18.945494441799294,-18.11404013259017,-18.6192323680201,0,29.865152945711287,50.06472008782602,,,,,-1.4494771047002104,-1.4644173868051524,-0.014940282104941971,-0.36389477977221885,29.865152945711287,29.865152945711287,,29.865152945711287,,,,,,-4.038817156499802,30.571317348530915,-15.285658674265457,0
2022-10-17,80.83,88.75,80.1,86.92,95.03399999999996,106.40286696201669,83.66513303798324,30.622266562471538,33.955579977475956,0,0,,,,93.94024444444445,94.87964688888889,93.000842,,-9.085203857498447,-8.537996927415413,-9.485990391824872,0,41.51502270397863,49.67469789272905,,,,,-1.537909348543135,-1.9373269677838607,-0.3994176192407257,-0.5534897065778116,41.51502270397863,,,,,,,,,-7.776517335761782,30.487537278990537,-15.243768639495269,0
2022-10-18,88.53,91.35,87.44,89.16,94.63749999999996,106.24256936644652,83.0324306335534,31.19616982302403,29.190345317845754,0,0,,,,93.80402222222222,94.74206244444444,92.86598199999999,,-5.499793320543899,-5.787874785365177,-7.070791294922207,0,44.11581510167131,49.00299592534139,,,,,-1.3661242352972154,-2.107072913362245,-0.7409486780650296,-0.6046888825883884,44.11581510167131,,,,,,,,,-8.800318208784015,30.40550768217995,-15.202753841089976,0
2022-10-19,87.72,89.66,86.24,87.78,94.23249999999994,106.19568665741059,82.2693133425893,29.5085913492293,30.44234257824159,0,0,,,,93.64935555555556,94.58584911111112,92.712862,,-5.535706598941037,-6.847425251372874,-8.3125881308429,0,42.85153445237148,48.61745430700629,,,,,-1.2681514529229116,-2.3261379942186693,-1.0579865412957576,-0.7109842897376363,42.85153445237148,,,,,,,,,-5.40118385667132,30.323513197674934,-15.161756598837467,0
2022-10-20,87.62,90.37,86.81,88.72,94.04199999999994,106.22684731131444,81.85715268868545,34.56153792515371,31.755433032468975,0,0,,,,93.51313333333333,94.44826466666666,92.578002,,-2.897107270677557,-5.659173560749398,-7.20118264798807,0,44.02819700019359,48.275616328548146,,,,,-1.0706313509620062,-2.3962757299982655,-1.3256443790362593,-0.7811852865540165,44.02819700019359,,,,,,,,,-4.76761297209128,30.24296744665174,-15.12148372332587,0
2022-10-21,87.91,87.91,81.79,82.25,93.69399999999995,106.77554027628405,80.61245972371584,28.285702670250743,30.785277314877884,0,0,,,,93.38895555555555,94.3228451111111,92.455066,,-8.348376456954332,-12.214229299634926,-13.446563118238997,0,38.198397592820704,47.31762356976293,,,,,-1.2915199512411757,-2.940044318087729,-1.6485243668465532,-0.8532570792526245,38.198397592820704,,,,,,,,,-7.235513465366648,30.16161945674531,-15.080809728372655,0
2022-10-24,81.81,81.81,72.39,76.87,93.01949999999997,107.97587586449461,78.06312413550532,21.364181704409987,28.07047409993811,0,0,,,,93.26753333333333,94.20020866666667,92.334858,,-12.247856710692995,-17.361413467068697,-18.407710243174257,0,34.14922539594971,45.600809699597924,,,,,-1.6905747859553273,-3.7617428492907123,-2.071168063335385,-0.8735029056914554,34.14922539594971,,,,,,,,,-11.071260915350464,30.087235755514232,-15.043617877757116,0
2022-10-25,77.66,81.2,76.81,81.04,92.36549999999997,108.19085241313851,76.54014758686142,23.973303659696178,24.541062678118934,0,0,,,,93.1401111111111,94.07151222222221,92.20870999999998,,-5.849549811211108,-12.261612831630819,-13.439148917989508,0,39.502244874758,44.23889191288798,,,,,-1.567069799553218,-4.0300053127769075,-2.4629355132236896,-0.8635336792481721,39.502244874758,,,,,,,,,-13.73440303698378,30.02382101573336,-15.01191050786668,0
2022-10-26,80.92,84.52,80.26,81.81,91.53949999999995,107.7531158521179,75.325884147882,25.114682395414533,23.4840559198402,0,0,,,,93.01899999999999,93.94918999999999,92.08881,,-3.186869105238821,-10.628744968019221,-11.983675577200492,0,40.46463751152149,42.74029056643679,,,,,-1.3359171643322565,-4.13283196863901,-2.7969148043067538,-0.8266692811954195,40.46463751152149,,,,,,,,,-13.808012491408546,29.96112511767589,-14.980562558837946,0
2022-10-27,83.44,84.38,81.81,82.45,90.91849999999997,107.52103387287703,74.3159661271229,29.166617149827765,26.084867734979458,0,0,,,,92.93402222222221,93.86336244444443,92.00468199999999,,-1.2941303228740764,-9.314385961052995,-10.670754829413276,0,41.300474440262704,42.00685000438818,,,,,-1.0546619422635772,-4.115242232136225,-3.060580289872648,-0.7802670931474178,41.300474440262704,,,,,,,,,-11.77598481108555,29.89042837810727,-14.945214189053635,0
2022-10-28,81.32,83.32,79.37,83.15,90.31449999999997,107.12333633688044,73.50566366311949,32.791744496284686,29.024348013842296,0,0,,,,92.81482222222222,93.74297044444444,91.886674,,-1.0295780515383601,-7.932834705390568,-9.383502675448174,0,42.255380882696016,41.36351064066453,,,,,-0.7505144051685635,-3.9987232963333526,-3.248208891164789,-0.7005346388560937,42.255380882696016,,,,,,,,,-10.995949018802717,29.817802406392268,-14.908901203196134,0
2022-10-31,82.92,83.4,80.2,81.84,89.55649999999996,106.45806711669188,72.65493288330804,33.42685259652597,31.79507141421277,0,0,,,,92.69597777777777,93.62293755555555,91.76901799999999,,-1.996239836181346,-8.616348338758161,-10.25495750708233,0,40.913988038575525,40.84670253760789,,,,,-0.5745252551180364,-3.9663654600623346,-3.391840204944298,-0.6206833131198181,40.913988038575525,,,,,,,,,-10.963018663372287,29.745606940173722,-14.872803470086861,0
2022-11-01,84.22,84.22,80.89,81.23,88.53149999999997,104.83143162562457,72.23156837437536,33.609524211506134,33.27604043477223,0,0,,,,92.61495555555554,93.5411051111111,91.68880599999999,,-1.7941340039170584,-8.247346989489579,-10.404464886447784,0,40.27288195742247,40.1400554238392,,,,,-0.4421071173371076,-3.9444741016156826,-3.502366984278575,-0.5051341318399625,40.27288195742247,,,,,,,,,-11.394854293181387,29.675186043965045,-14.837593021982523,0
2022-11-02,81.62,83.7799,79.69,79.89,87.42449999999995,102.8931514926168,71.95584850738311,32.78990415561945,33.27542698788382,0,0,,,,92.54473333333333,93.47018066666666,91.61928599999999,,-2.4839792493133395,-8.618293498961915,-11.361366914457072,0,38.833345922768885,39.87616420147869,,,,,-0.3895192665664515,-3.989266067486639,-3.5997468009201876,-0.4074192772614823,38.833345922768885,38.833345922768885,,38.833345922768885,,,,,,-12.548605843223001,29.609220531898487,-14.804610265949243,0
2022-11-03,79.02,83.5,78.61,82.35,86.32749999999996,99.84514162123091,72.80985837876901,35.64140775292435,34.01361204001662,0,0,,,,92.47926666666666,93.40405933333332,91.554474,,1.3064658990257438,-4.607454171613867,-8.286681615015857,0,42.87058614908111,40.8051237160051,,,,,-0.14632931945160355,-3.782658450234692,-3.6363291307830883,-0.6335635824045726,42.87058614908111,,,,,42.87058614908111,,42.87058614908111,,-12.35160178939143,29.54294200842281,-14.771471004211405,0
2022-11-04,83.09,84.72,78.89,79.84,85.39449999999997,97.96542912238499,72.82357087761494,35.26523266119408,34.56551485657926,0,0,,,,92.38713333333334,93.31100466666668,91.463262,,-1.489259318666869,-6.504517269847543,-10.77169519623017,0,39.971608978008106,40.69487987843578,,,,,-0.11326236485992425,-3.7779070868579936,-3.6646447219980693,-0.6160015706680196,39.971608978008106,,,,,,,,,-12.838481166426893,29.478947194751253,-14.739473597375627,0
2022-11-07,80.4,80.4,76.67,77.89,84.37399999999997,95.85510168929923,72.8928983107007,32.25040162326867,34.385680679129,0,0,,,,92.28131111111111,93.20412422222222,91.358498,,-4.01606920602835,-7.684831820228943,-12.544725062502982,0,37.83127323022557,40.24598403047537,,,,,-0.17763381604515027,-3.886686992054507,-3.709053176009357,-0.5795463308575816,37.83127323022557,,,,,,,,,-13.611023279137731,29.418599172207287,-14.709299586103644,0
2022-11-08,78.86,80.28,76.07,78.51,83.48549999999997,93.83850434656657,73.13249565343338,32.337486679956335,33.28437365480633,0,0,,,,92.17282222222221,93.09455044444444,91.25109399999998,,-2.9494659810126,-5.959717555743172,-11.330549981741477,0,38.950591257904044,39.96734523087055,,,,,-0.13528705502601968,-3.8781619947918813,-3.7428749397658616,-0.5141284250401446,38.950591257904044,,,,,,,,,-15.117830312688506,29.366052700528737,-14.683026350264369,0
2022-11-09,77.34,78.58,75.94,77,82.45899999999996,90.9403109835707,73.97768901642922,28.436131282293168,31.00800652850603,0,0,,,,92.05042222222221,92.97092644444443,91.12991799999999,,-4.246720139277437,-6.620259765459158,-12.331969608416316,0,37.1941790611741,39.47920109236916,,,,,-0.16389455062733926,-3.9477431280500355,-3.783848577422696,-0.44708187914519654,37.1941790611741,37.1941790611741,,37.1941790611741,,,,,,-16.34245789699754,29.320872694981578,-14.660436347490789,0
2022-11-10,81.7,85.15,80.6012,84.75,82.08799999999995,89.40722837463336,74.76877162536654,45.18849787123994,35.32070527782978,0,0,,,,91.9693111111111,92.88900422222221,91.04961799999998,,5.090210180420418,3.2428613195595535,-3.136215054746816,0,49.72487027782894,40.30252056986975,,,,,0.3558499683099918,-3.3390361170352065,-3.6948860853451984,-0.07727391960289982,49.72487027782894,,,,,49.72487027782894,,49.72487027782894,,-14.134812810482499,29.263751153073546,-14.631875576536773,0
2022-11-11,82.01,82.1,71.035,73.43,81.84399999999995,89.93538405960524,73.75261594039466,33.23947291258792,35.62136735537365,0,0,,,,91.82366666666665,92.74190333333333,90.90542999999998,,-7.835778745622656,-10.280533698255157,-15.371376324423336,0,37.84705367581489,40.56665116128869,,,,,-0.025768862965177775,-3.7270971640516706,-3.701328301086493,-0.5354452411327939,37.84705367581489,,,,,,,,,-16.053646816822162,29.217126390916764,-14.608563195458382,0
2022-11-14,73.54,75.86,71.56,73.45,81.17049999999995,89.69075697969502,72.65024302030487,30.402683140664067,36.27688464149728,0,0,,,,91.68331111111111,92.60014422222223,90.76647799999999,,-6.829540553568192,-9.5114604443732,-14.575474806840361,0,37.87528918271535,40.4504400404285,,,,,-0.22858864996945716,-3.987064113548314,-3.758475463578857,-0.6674392284584534,37.87528918271535,,,,,,,,,-17.316838749664424,29.178640975816485,-14.589320487908243,0
2022-11-15,75.84,76.5,73.35,73.82,80.40349999999994,88.6667421603175,72.14025783968238,28.865079191055486,30.8357450814358,0,0,,,,91.52713333333331,92.44240466666665,90.61186199999997,,-5.471681200619716,-8.188076389709343,-13.2060386587031,0,38.432528304480975,40.30528938278275,,,,,-0.2858513294510807,-4.115789625392708,-3.829938295941627,-0.7336169215570082,38.432528304480975,,,,,,,,,-21.144617207868187,29.17074640996766,-14.58537320498383,0
2022-11-16,73.04,73.32,69.88,70.66,79.54749999999994,88.11807961867476,70.97692038132513,20.994121092661285,26.753961141460252,0,0,,,,91.35117777777776,92.26468955555555,90.43766599999998,,-8.435920694570386,-11.172569848203839,-15.887294211944525,0,35.50353201704773,39.89122206683883,,,,,-0.4735046698415233,-4.421819133243531,-3.9483144634020078,-0.7823214019052618,35.50353201704773,,,,,,,,,-22.122876825732362,29.17160857118503,-14.585804285592515,0
2022-11-17,69.05,70.42,67.47,69.27,78.57499999999995,87.17559649094416,69.97440350905573,18.22321149807141,22.694137260596033,0,0,,,,91.17855555555553,92.09034111111109,90.26676999999998,,-8.689462444965812,-11.84218899140943,-16.379965958063426,0,34.26644206394644,39.320583579785286,,,,,-0.6190107743370321,-4.722077931323298,-4.103067156986266,-0.8079864031549449,34.26644206394644,,,,,,,,,-23.625012093448234,29.187141365544285,-14.593570682772143,0
2022-11-18,71.09,71.09,66.58,67.7,77.84749999999994,87.48104737363357,68.21395262636631,15.654487013045273,18.290606534592627,0,0,,,,91.02442222222221,91.93466644444443,90.114178,,-9.307684063873033,-13.035100677606792,-17.24964043726106,0,32.87315488431351,38.74623835448085,,,,,-0.7405484661856274,-5.0287527397183,-4.288204273532672,-0.8406265998835825,32.87315488431351,32.87315488431351,,32.87315488431351,,,,,,-25.78052701606825,29.22611321648885,-14.613056608244426,0
2022-11-21,67.03,69.95,66.8,69.44,77.47599999999994,87.78130426528192,67.17069573471797,18.550279158485107,17.4759925565339,1,0,,,,90.84157777777776,91.74999355555553,89.93316199999998,,-5.911683806891266,-10.372244307914647,-14.112908213118269,0,35.98001346527688,38.43960489075617,,,,,-0.6277676877057718,-5.072913883164887,-4.445146195459115,-0.8544818147366225,35.98001346527688,,,,,,,,,-26.17482369786889,29.268351722755913,-14.634175861377956,0
2022-11-22,69.22,69.22,66.93,68.27,76.83749999999993,87.74521447187928,65.92978552812059,17.384387173299654,17.19638444827665,0,0,,,,90.67339999999999,91.58013399999999,89.76666599999999,,-6.1954684730484715,-11.150154546933388,-14.573514077163907,0,34.81322844242054,38.152453642159855,,,,,-0.5583113784612594,-5.143035418535689,-4.58472404007443,-0.8771638039124606,34.81322844242054,,,,,,,,,-26.484377496487998,29.312804002807816,-14.656402001403908,0
2022-11-23,68.51,70,67.56,68.58,76.17599999999993,87.39740882420945,64.95459117579041,18.482397795601567,18.139021375795416,0,0,,,,90.51122222222222,91.41633444444444,89.60610999999999,,-4.666583260352731,-9.971644612476293,-13.136729222520316,0,35.41088184281844,37.619617620283954,,,,,-0.42392837468428635,-5.114634508429788,-4.690706133745501,-0.8578441709686776,35.41088184281844,,,,,,,,,-26.1380468662931,29.351521416328836,-14.675760708164418,0
2022-11-25,67.92,69.9931,67.6,69.69,75.53799999999993,86.71086283814714,64.36513716185272,24.2773925651765,20.04805917802588,0,0,,,,90.35046666666665,91.25397133333331,89.44696199999998,,-1.0520935383566132,-7.741798829727998,-10.885011956165213,0,37.616378840547284,37.451386896179606,,,,,-0.2038748061569029,-4.94554964144163,-4.741674835284727,-0.8232672441912464,37.616378840547284,,,,,37.616378840547284,,37.616378840547284,,-26.02573600708061,29.387474832288692,-14.693737416144346,0
2022-11-28,69.47,70.71,66.42,66.56,74.70849999999993,85.96074293196908,63.45625706803079,19.246772984800614,20.6688544485262,0,0,,,,90.213,91.11513,89.31087,,-4.5652672631336655,-10.907058768413147,-14.459028753555836,0,34.08225709612674,37.18360002945826,,,,,-0.2117823817061204,-5.006402812417377,-4.794620430711257,-0.8323982723962989,34.08225709612674,,,,,,,,,-26.61282902587615,29.428941640158396,-14.714470820079198,0
2022-11-29,67.13,68.37,66.58,66.59,73.94599999999993,85.22862806264794,62.66337193735192,18.89994498051072,20.808036843495916,0,0,,,,90.0602,90.960802,89.15959799999999,,-3.573807524110073,-9.947799745760321,-13.668598394980314,0,34.14611982764366,36.84042349872538,,,,,-0.16001054529347591,-4.994633612328101,-4.8346230670346255,-0.8164419824930049,34.14611982764366,,,,,,,,,-27.296663929076814,29.47713670342525,-14.738568351712624,0
2022-11-30,66.8,69.83,66.37,69.67,73.36799999999992,84.27702672102566,62.458973278974184,27.549408570467257,21.898708845259506,1,0,,,,89.91566666666665,90.81482333333332,89.01650999999998,,1.4961467301837894,-5.040344564387644,-8.908258879930486,0,40.517698780096815,37.07781776436271,,,,,0.12146179618427944,-4.682795821804277,-4.804257617988556,-0.7393385630357084,40.517698780096815,,,,,,,,,-27.25953623303003,29.523256988424297,-14.761628494212149,0
2022-12-01,69.97,71.11,67.8,70.65,72.90599999999992,83.44750349808102,62.364496501918815,34.206336597248146,26.885230049408687,0,0,,,,89.77526666666665,90.67301933333331,88.87751399999999,,2.9253226887329564,-3.0943955230021136,-6.932119067169795,0,42.426447548865944,36.55650185515107,,,,,0.3978567889275171,-4.30693663182916,-4.704793420756677,-0.6489431371130004,42.426447548865944,,,,,,,,,-25.732247475196147,29.55029021188295,-14.775145105941474,0
2022-12-02,69.89,71.16,69.065,70.7,72.32349999999992,81.96204402905627,62.68495597094358,40.644199497113284,34.1333148882762,0,0,,,,89.6258888888889,90.52214777777779,88.72963,,2.7840372174166905,-2.2447752113765596,-6.123442583044025,0,42.527779777605694,36.89083943385042,,,,,0.5963230921573466,-3.9593895555599943,-4.555712647717341,-0.43721359413284877,42.527779777605694,,,,,42.527779777605694,,42.527779777605694,,-24.192231809773418,29.560143796319856,-14.780071898159928,0
2022-12-05,70.8,71,67.62,68.12,71.73749999999991,80.88967323918519,62.58532676081463,41.01830325487509,38.62294644974548,0,0,,,,89.47077777777777,90.36548555555555,88.57606999999999,,-1.027213157627005,-5.042690364174818,-8.979966328466915,0,38.73893646215401,36.95252852523888,,,,,0.5663416741731897,-3.847785555000854,-4.414127229174044,-0.31866723783608664,38.73893646215401,,,,,,,,,-24.66153846489433,29.573858814716377,-14.786929407358189,0
2022-12-06,68.553,68.99,67.26,67.84,71.23499999999991,80.07919018339487,62.39080981660496,39.399929465508365,40.35414407249888,0,0,,,,89.36415555555554,90.2577971111111,88.47051399999998,,-1.2043630856160004,-4.765915631360873,-8.988055576673016,0,38.33972232954473,36.94589952702915,,,,,0.5402351453186514,-3.73883329752573,-4.279068442844381,-0.10468969850849012,38.33972232954473,,,,,,,,,-25.576964784218234,29.596118665173787,-14.798059332586893,0
2022-12-07,67.84,70.31,66.01,68,70.70949999999992,78.99340119448874,62.4255988055111,38.03021775447426,39.48281682495254,0,0,,,,89.2546888888889,90.14723577777778,88.362142,,-0.9324009324008564,-3.8318754905633967,-8.238310505364243,0,38.728288387189686,37.17623926775358,,,,,0.5447743361882811,-3.5981005226090303,-4.142874858797311,0.0033652998553209885,38.728288387189686,,,,,,,,,-26.392876131705265,29.626087607858796,-14.813043803929398,0
2022-12-08,68.41,70.02,67.62,68.85,70.30199999999992,78.09534741943746,62.508652580562384,44.3939862264201,40.60804448213421,0,0,,,,89.17713333333333,90.06890466666667,88.28536199999999,,0.2665035606624011,-2.0653750960142325,-6.54649600260635,0,40.86045429733446,37.647240141567,,,,,0.6110762557142251,-3.37902953915453,-3.990105794868755,0.0877832300643952,40.86045429733446,,,,,,,,,-25.99186780972923,29.65055563527941,-14.825277817639705,0
2022-12-09,68.6,69.34,67.06,68.67,69.4979999999999,73.6131359637395,65.38286403626032,44.92105676534989,42.44842024874805,0,0,,,,89.09255555555556,89.98348111111112,88.20163000000001,,0.15313935681477986,-1.1914011914010536,-6.206036213639765,0,40.53874063941112,38.19478198121683,,,,,0.6454892407117891,-3.1832442439790185,-3.8287334846908077,-0.00498076344227836,40.53874063941112,,,,,,,,,-25.57243725946715,29.66959008447949,-14.834795042239746,0
2022-12-12,68.78,71.88,68.33,71.07,69.37999999999991,73.15898928287119,65.60101071712863,54.82302806119167,48.04602368432052,0,0,,,,89.00873333333334,89.89882066666668,88.118646,,2.976121479077376,2.435860478524199,-2.391122220543851,0,46.578327208937715,38.951804391478326,,,,,0.8212892459008967,-2.802121927314687,-3.6234111732155836,0.2701449367323051,46.578327208937715,,,,,,,,,-24.40094396191402,29.67616680067463,-14.838083400337315,0
2022-12-13,73.92,74.43,72.01,73.99,69.40699999999991,73.30767737707896,65.50632262292086,67.20364807750359,55.64924430134835,0,0,,,,88.95664444444445,89.84621088888889,88.06707800000001,,6.069728768851501,6.603080380941528,1.9857751966475323,0,52.852902848445716,40.24035256333726,,,,,1.1078054703206108,-2.23865433531482,-3.3464598056354307,0.4719989215138945,52.852902848445716,,,,,52.852902848445716,,52.852902848445716,,-22.46896453080366,29.6650378681529,-14.83251893407645,0
2022-12-14,74.13,75.95,72.88,73.72,69.4019999999999,73.28022949295953,65.52377050704027,69.169977521368,63.732217886687714,0,0,,,,88.88873333333335,89.77762066666668,87.99984600000002,,5.072618691295805,6.221722716924738,1.9654490380224043,0,52.24188859564895,41.442567331396596,,,,,1.2425935617635537,-1.7932178534309884,-3.035811415194542,0.6018938496349646,52.24188859564895,,,,,,,,,-20.553787295202543,29.639019572643527,-14.819509786321763,0
2022-12-15,73.16,73.9,72.01,73.34,69.5359999999999,73.74953723136072,65.32246276863908,69.8407532813595,68.73812629341033,0,0,,,,88.81686666666667,89.70503533333334,87.928698,,4.131762033224562,5.470547630004763,1.7471166563384655,0,51.342262561454476,42.42298759717568,,,,,1.2653635193408133,-1.4541070160185257,-2.719470535359339,0.7366609041030786,51.342262561454476,,,,,,,,,-19.626069093825624,29.60667595490529,-14.803337977452644,0
2022-12-16,73.3,74.44,72.755,72.99,69.7219999999999,74.19272522081913,65.25127477918066,69.94317727146334,69.65130269139691,0,0,,,,88.73295555555556,89.62028511111112,87.84562600000001,,3.298942809833205,4.687186253980236,1.70176400100297,0,50.48001543370961,43.594256049860164,,,,,1.2157595524584086,-1.1997710947863283,-2.415530647244737,0.7233510991311696,50.48001543370961,,,,,,,,,-19.861320010512998,29.575790069393147,-14.787895034696573,0
2022-12-19,72.82,74.18,70.775,72,69.93699999999991,74.41166691498462,65.4623330850152,64.51559021157101,68.09984025479793,0,0,,,,88.66682222222224,89.55349044444446,87.78015400000001,,1.34136557490121,2.949797675050525,0.6889736250824896,0,48.02326915065828,44.58548100150407,,,,,1.0797790669650116,-1.0658068135384724,-2.145585880503484,0.6542506945140618,48.02326915065828,,,,,,,,,-20.319284146176454,29.54783894744736,-14.77391947372368,0
2022-12-20,71.36,73.25,71.34,72.95,70.11249999999991,74.7671401579561,65.45785984204372,65.6988340936026,66.71920052554562,0,0,,,,88.58291111111112,89.46874022222222,87.69708200000001,,1.9452751614076114,4.047067213407152,2.2529762460983926,0,50.51219585060194,45.29937364939729,,,,,1.0181330076399675,-0.8729196209535246,-1.891052628593492,0.6950654787919672,50.51219585060194,,,,,,,,,-20.25957725687771,29.51938317587486,-14.75969158793743,0
2022-12-21,73,73.96,72.52,73.19,70.3584999999999,75.11653015964177,65.60046984035804,66.29925334223037,65.5045592158013,0,0,,,,88.46371111111112,89.34834822222224,87.579074,,1.5441819165615378,4.024389377260884,2.845018173642333,0,51.148628175757445,45.922386551318105,,,,,0.9586788424531107,-0.6927040755271037,-1.6513829179802144,0.7715644310156134,51.148628175757445,,,,,,,,,-20.004324985388244,29.489176354268597,-14.744588177134299,0
2022-12-22,72.58,72.58,69.12,70.05,70.43199999999992,75.12280632728037,65.74119367271946,56.80886602123904,62.93565115235731,0,0,,,,88.33126666666666,89.21457933333333,87.447954,,-2.973807775946302,-0.5423671058608637,-1.2457648225339901,0,43.30227504604141,45.97770764192065,,,,,0.6858264729240204,-0.7940998268251889,-1.4799262997492093,0.6905742034913033,43.30227504604141,,,,,,,,,-20.348130329190568,29.46112011954307,-14.730560059771536,0
2022-12-23,70.05,70.98,69,70.7,70.48249999999992,75.16199943904864,65.80300056095119,55.85807164423382,59.65539700256772,0,0,,,,88.22851111111112,89.11079622222223,87.346226,,-2.348066298342466,0.30858723796698406,0.3330242767126457,0,45.1771147398569,46.43757751889944,,,,,0.5338294238100503,-0.8126395199866465,-1.3464689437966968,0.5362539663580514,45.1771147398569,,,,,,,,,-20.81438900846129,29.436062005793453,-14.718031002896726,0
2022-12-27,70.31,70.5428,68.13,68.27,70.56799999999991,75.01438100032587,66.12161899967396,44.10982471582829,52.25892079376701,0,0,,,,88.15624444444445,89.0378068888889,87.27468200000001,,-5.338325013865697,-3.2564335109396936,-2.8784142640366883,0,39.86931119779797,46.546833866631815,,,,,0.2677749748555607,-1.011750225227246,-1.2795252000828066,0.17033488189704232,39.86931119779797,,,,,,,,,-22.280123831377495,29.42134598428851,-14.710672992144255,0
2022-12-28,68.01,68.8,64.73,65.38,70.50749999999991,75.19512573165368,65.81987426834614,27.569953079579406,42.51261647988047,0,0,,,,88.04024444444447,88.92064688888891,87.15984200000003,,-8.25018594142486,-7.272275999007083,-6.632456336607051,0,34.654566283035734,46.2558537163351,,,,,-0.08578786750075151,-1.3867600344587458,-1.3009721669579943,-0.3058029962480828,34.654566283035734,34.654566283035734,34.654566283035734,34.654566283035734,,,,,,-23.901967531875158,29.419287851981725,-14.709643925990862,0
2022-12-29,66.09,71.1,65.845,70.52,70.54999999999991,75.22186900501931,65.87813099498051,39.453837388917194,37.044538394774925,0,0,,,,87.93482222222224,88.81417044444446,87.05547400000002,,-0.5906483034719079,-0.04252303330959384,0.8662982793224971,0,47.745436578132384,46.747638164963526,,,,,0.036986441268155534,-1.2547391153728,-1.2917255566409556,-0.4657831708183562,47.745436578132384,,,,,,,,,-23.858893921490377,29.416361958110087,-14.708180979055044,0
2022-12-30,70.14,71.86,69.875,71.13,70.5739999999999,75.25260406532422,65.89539593467558,45.03035653560055,37.35138233469902,0,0,,,,87.81415555555556,88.69229711111112,86.936014,,0.5825956616420935,0.7878255448183324,1.7160017160014363,0,49.04995215886694,47.35558184492466,,,,,0.16270529936240363,-1.088343932437951,-1.2510492318003545,-0.6373554064914555,49.04995215886694,,,,,,,,,-22.670210149033938,29.40349563309381,-14.701747816546906,0
2023-01-03,71.13,72.39,68.93,70.93,70.5854999999999,75.26641647010199,65.9045835298978,47.47286893749047,43.985687620669374,0,0,,,,87.67811111111111,88.55489222222222,86.80133,,0.5928068981167378,0.48806057901427113,1.3498066261499853,0,48.621367070657776,47.50151326361895,,,,,0.23161620766503832,-0.9615289722190568,-1.193145179884095,-0.6772790901992665,48.621367070657776,,,,,,,,,-20.421175801531675,29.374787430589006,-14.687393715294503,0
2023-01-04,71.81,73.26,71.475,72.48,70.8034999999999,75.41033958914038,66.19666041085942,55.278155272963204,49.260460248684716,0,0,,,,87.57175555555557,88.44747311111112,86.69603800000002,,2.7210884353742637,2.3678207998193646,3.3293099023919304,0,52.11355383412379,47.44870261973881,,,,,0.3724615814005663,-0.7275682031333872,-1.1000297845339535,-0.4893598142129119,52.11355383412379,,,,,52.11355383412379,,52.11355383412379,,-19.44305315516843,29.340211074568813,-14.670105537284407,0
2023-01-05,71.62,73.04,70.655,71.61,70.9919999999999,75.40272148293941,66.5812785170604,55.578197449686456,52.77640722004668,0,0,,,,87.47224444444447,88.34696688888891,86.59752200000003,,1.681197285093683,0.870520622042048,1.9838500647988644,0,50.05694591369323,47.2926352853134,,,,,0.3957230755161121,-0.6053759401388135,-1.0010990156549255,-0.33869033010762767,50.05694591369323,,,,,,,,,-18.95999742400249,29.303012176195107,-14.651506088097554,0
2023-01-06,71.87,72.39,71.065,72.08,71.19599999999991,75.40721550149821,66.98478449850161,60.07121508600761,56.97585593621906,0,0,,,,87.36966666666667,88.24336333333335,86.49597,,2.510132973049961,1.2416427889208492,2.4678721710448936,0,51.17788166606929,47.28089379278589,,,,,0.4286796024848366,-0.4652495125488798,-0.8939291150337164,-0.14942729256702136,51.17788166606929,,,,,,,,,-18.191944196880442,29.261976545992365,-14.630988272996182,0
2023-01-09,72.33,75.32,72.33,73.32,71.4194999999999,75.58315932805095,67.25584067194885,71.50777801503222,62.3857301835754,0,0,,,,87.24366666666668,88.11610333333336,86.37123000000001,,3.7909458962091858,2.6610379518200222,3.9970497290854334,0,54.10461499176491,47.539793761218405,,,,,0.5141477062327131,-0.25124448224282503,-0.7653921884755381,0.10900397893303515,54.10461499176491,,,,,,,,,-17.556806635116168,29.2181101440972,-14.6090550720486,0
2023-01-10,73.14,75.53,73.14,75.32,71.7519999999999,76.04439606747445,67.45960393252534,77.52953010331166,69.70284106811714,0,0,,,,87.16228888888891,88.0339117777778,86.29066600000002,,5.929342934293547,4.972683688259694,6.550226577198637,0,58.43284045787136,48.28333456887649,,,,,0.6753782476372013,0.0788306210709635,-0.5965476265662378,0.36303646962058095,58.43284045787136,,,,,,,,,-15.895855843682419,29.167831704917567,-14.583915852458784,0
2023-01-11,75.6,78.74,75.01,78.69,72.1329999999999,77.36541473892022,66.90058526107957,83.24053601774415,77.42594804536265,0,0,,,,87.0986888888889,87.9696757777778,86.22770200000001,,9.070495938790879,9.090152911982186,10.684445944805155,0,64.50678457790912,49.28294804939843,,,,,0.9615341215901165,0.6053700254214078,-0.3561640961687087,0.6412788135947383,64.50678457790912,,,,,,,,,-13.218741361133192,29.110569155873538,-14.555284577936769,0
2023-01-12,78.6,80.85,77.735,80.12,72.43949999999991,78.69019108179731,66.18880891820251,86.00549272563829,82.25851961556468,0,0,,,,87.05033333333334,87.92083666666667,86.17983000000001,,8.829122521054188,10.602640824412246,11.985463694178232,0,66.7284770532908,50.395794397793665,,,,,1.1849922114480111,1.1250761681413053,-0.05991604330670591,0.8369031913219116,66.7284770532908,,,,,,,,,-10.514046205326975,29.05049909301698,-14.52524954650849,0
2023-01-13,78.94,80.26,78.1,79.36,72.7214999999999,79.64997537341804,65.79302462658177,83.85479799298638,84.36694224545624,0,1,,,,87.02442222222223,87.89466644444445,86.154178,,6.517770857940608,9.12866208755334,10.424667445872714,0,64.4205336456152,51.90424144062037,,,,,1.2149769818658958,1.458805184025664,0.24382820215976808,0.8931437278769196,64.4205336456152,,,,,,,,,-8.854427046625707,28.990925831125562,-14.495462915562781,0
2023-01-17,79.31,82.95,79.235,82.55,73.1819999999999,81.3305522640568,65.033447735943,88.59074189907174,86.15034420589878,0,0,,,,87.01686666666666,87.88703533333333,86.14669799999999,,9.126721835920048,12.800961985187765,14.232866223234652,0,69.23101836183957,53.62237741361912,,,,,1.3714351664205713,1.9581221601854821,0.5866869937649108,0.9470618760366578,69.23101836183957,,,,,,,,,-7.2380697470548085,28.933330845626735,-14.466665422813367,0
2023-01-18,83.73,85.84,82.011,83.7,73.7174999999999,83.06470038300601,64.37029961699379,89.78633235578798,87.41062408261534,0,0,,,,87.00771111111109,87.87778822222221,86.13763399999998,,8.810108810108929,13.541560687760867,15.133841371151613,0,70.76555111004367,55.82925169306525,,,,,1.4656488278446231,2.4187480285706897,0.9530992007260666,0.9590953120022738,70.76555111004367,,,,,70.76555111004367,,70.76555111004367,,-5.724584041830482,28.878909233929946,-14.439454616964973,0
2023-01-19,83.21,84.1837,80.51,82.71,74.2529999999999,84.34290406297626,64.16309593702354,87.42761059700226,88.6015616172873,0,1,,,,86.98437777777777,87.85422155555554,86.11453399999999,,6.111923639442773,11.389438810553255,13.01599158289768,0,67.6381967302149,58.185225296435185,,,,,1.3759996815159228,2.67309880262097,1.2970991211050473,0.9570080029674686,67.6381967302149,,,,,,,,,-4.294347704728609,28.828629811145948,-14.414314905572974,0
2023-01-20,83.7,85.17,82.1301,84.58,74.8344999999999,85.85463697737312,63.814363022626694,89.047264114607,88.75373568913238,0,0,,,,86.97677777777777,87.84654555555555,86.10700999999999,,6.73497974584516,13.022736839292183,14.696669032260656,0,70.30747262337721,59.79679929966695,,,,,1.355190782599267,2.991087599354131,1.635896816754864,0.9672602646916929,70.30747262337721,,,,,,,,,-3.3906840871401847,28.781601798707495,-14.390800899353748,0
2023-01-23,84.85,86.87,83.71,86.38,75.4939999999999,87.5696985719283,63.41830142807151,90.6008413354879,89.02523868236568,0,0,,,,86.99033333333333,87.86023666666667,86.12042999999998,,7.0742379730518,14.419688981905999,16.172416111895306,0,72.64627144147845,61.48225067699635,,,,,1.3710644635818778,3.349727396232211,1.9786629326503333,0.9764732335411119,72.64627144147845,,,,,72.64627144147845,,72.64627144147845,,-2.259334362256292,28.739158412078147,-14.369579206039074,0
2023-01-24,86,87.14,84.39,85.32,76.25749999999991,88.78241097773017,63.73258902226965,88.91584694965613,89.52131746658364,0,1,,,,87.02744444444443,87.89771888888887,86.15716999999998,,4.210179179949525,11.884076976035264,13.905799423261467,0,69.1900058257537,62.9514391595032,,,,,1.223454498629704,3.5079810559374636,2.2845265573077596,0.9710130245052678,69.1900058257537,,,,,,,,,-1.1908467002652692,28.70162477502906,-14.35081238751453,0
2023-01-25,84.26,87.03,82.73,85.82,77.01349999999991,89.92467233252137,64.10232766747845,86.97927791596034,88.83198873370144,0,0,,,,87.0916222222222,87.96253844444442,86.22070599999998,,3.4936024987037184,11.435008147922243,13.705520984687913,0,69.9170536405766,64.22311771710697,,,,,1.077881165160611,3.6318780137585236,2.5539968485979125,0.9646895993996335,69.9170536405766,,,,,,,,,-0.6673597484169612,28.66672681231447,-14.333363406157234,0
2023-01-26,87.54,88.35,86.41,87.46,77.97299999999991,90.99421054280525,64.95178945719458,88.97900079658525,88.29137522073388,0,0,,,,87.14842222222221,88.01990644444443,86.27693799999999,,4.3675417661098725,12.16703217780526,15.045644681802317,0,72.23167308899275,65.80702680105694,,,,,1.0115109750817788,3.818385567450136,2.806874592368357,0.9587614338313117,72.23167308899275,,,,,,,,,-0.18908097480415945,28.63432783964742,-14.31716391982371,0
2023-01-27,88.32,94.08,86.58,93.03,79.35549999999992,92.60437236711313,66.10662763288671,92.12191825829343,89.36006565694633,0,0,,,,87.21064444444443,88.08275088888887,86.33853799999999,,9.33001139956058,17.231949896352617,21.35930773579129,0,78.33003801039128,67.74646653993707,,,,,1.2467609965791455,4.365325838092289,3.1185648415131437,0.9532644088387171,78.33003801039128,,,,,78.33003801039128,,78.33003801039128,,2.821675369015414,28.620117968854093,-14.310058984427046,0
2023-01-30,91.69,94.18,91.01,91.76,80.4174999999999,94.0623655178447,66.77263448215511,90.54778159116852,90.54956688201571,0,1,,,,87.26295555555555,88.13558511111111,86.39032599999999,,6.288586950226538,14.104517051636911,18.770871624944686,0,74.32215358225008,69.19057643925746,,,,,1.219374087460975,4.642782450839363,3.4234083633783876,0.9556019203919375,74.32215358225008,,,,,,,,,5.147911521587589,28.623008307992333,-14.311504153996166,0
2023-01-31,92.37,96.29,92.37,95.49,81.63549999999991,96.07270121768998,67.19829878230983,92.46618237434288,91.71196074126824,0,0,,,,87.33139999999999,88.204714,86.45808599999998,,8.975748930099957,16.971170630424393,22.42883212458675,0,77.89891690882328,70.5810104714683,,,,,1.3451162242755328,5.1048036437228035,3.7596874194472707,0.9505485051495172,77.89891690882328,,,,,,,,,8.263831393790086,28.65305687170629,-14.326528435853145,0
2023-02-01,95.65,98.15,93.52,97.42,82.95999999999991,98.0703977446018,67.84960225539801,93.51195341025725,92.17530579192287,0,0,,,,87.4066,88.280666,86.532534,,9.46436396732484,17.430086788814016,23.612708939567973,0,79.49080788472766,71.65129785052677,,,,,1.4423074830513123,5.562571773261411,4.120264290210098,0.9506234180395979,79.49080788472766,,,,,,,,,9.998892900389578,28.699698146603833,-14.349849073301916,0
2023-02-02,99.29,105.46,99.2,105.3,84.60099999999991,101.78825213639647,67.41374786360336,96.89943876499034,94.29252484986347,0,0,,,,87.5337111111111,88.40904822222221,86.658374,,15.389673007802319,24.466613869812548,31.755657693879446,0,84.42383837943792,72.91525223096585,,,,,1.8929364674212739,6.48643487448669,4.593498407065416,0.9275040658083913,84.42383837943792,,,,,84.42383837943792,,84.42383837943792,,15.223112333741085,28.807149887085462,-14.403574943542731,0
2023-02-03,98.06,104.55,96.96,99.89,86.0149999999999,103.34709566094268,68.68290433905712,89.38908761239267,93.26682659588006,0,1,,,,87.67993333333332,88.55673266666666,86.80313399999999,,7.65516721092403,16.130907399872243,23.59768370343456,0,71.67704190216251,73.43357424929066,,,,,1.6890195177296237,6.704772804227446,5.015753286497822,0.9293733191983332,71.67704190216251,,,,,,,,,16.836926973528747,28.933981524316305,-14.466990762158153,0
2023-02-06,99.13,101.08,98.21,99.1,87.3659999999999,104.35150370168844,70.38049629831136,84.86351535812432,90.38401391183577,0,0,,,,87.81766666666665,88.69584333333331,86.93948999999999,,5.359402077419562,13.43085410800553,21.323664439882673,0,70.01462765937808,73.48954634197197,,,,,1.376523510392932,6.736407674488987,5.359884164096055,0.9310873255349056,70.01462765937808,,,,,,,,,17.5719218702421,29.0681742120514,-14.5340871060257,0
2023-02-07,98.32,98.695,93.02,95.12,88.45599999999992,104.46605359141745,72.44594640858239,72.0574936180928,82.10336552953657,0,0,,,,87.89113333333334,88.77004466666668,87.01222200000001,,0.08522816948841605,7.533689065750315,15.271819481809779,0,62.189092279236895,72.8769421397715,,,,,0.805638087229366,6.366931773132762,5.561293685903396,0.8843802383140997,62.189092279236895,,,,,,,,,13.758885536966917,29.149578974320544,-14.574789487160272,0
2023-02-08,95.25,96.2,93.72,94.82,89.43099999999991,104.46790513370576,74.39409486629407,66.4902614706766,74.47042348229787,0,0,,,,87.95126666666667,88.83077933333334,87.071754,,-1.1663661284773919,6.025874696693645,13.799476728834858,0,61.629927512265915,72.44778005277514,,,,,0.3357387319704097,5.980967100866408,5.6452283688959985,0.8055902581290145,61.629927512265915,,,,,,,,,12.019549759560888,29.209152859367514,-14.604576429683757,0
2023-02-09,96.19,96.4788,94.455,95.01,90.24699999999991,104.62045901305848,75.87354098694135,62.88945126906319,67.14573545261084,0,0,,,,87.97940000000001,88.85919400000002,87.09960600000001,,-1.7415765197426047,5.277737764136314,12.820614312855994,0,61.86380047722285,71.8446606137641,,,,,-0.015726172889116263,5.625570652784603,5.641296825673719,0.7143686544920463,61.86380047722285,,,,,,,,,10.506655757964761,29.25137118589275,-14.625685592946375,0
2023-02-10,93.38,93.38,90.1901,91.61,90.82149999999992,104.42798562267501,77.21501437732482,51.17966740552354,60.18646004842108,0,0,,,,87.9882,88.868082,87.10831800000001,,-5.118485375755988,0.8681864976906262,7.665427421913629,0,55.36098795826078,70.60999750782,,,,,-0.5036038575902344,5.011792003685926,5.51539586127616,0.5316642526048291,55.36098795826078,55.36098795826078,,55.36098795826078,,,,,,9.268810799468204,29.280446749283428,-14.640223374641714,0
2023-02-13,92.29,94.31,91.275,93.33,91.51999999999991,104.09657186995187,78.94342813004795,49.128729213326714,54.39928262930445,0,0,,,,87.98291111111111,88.86274022222221,87.103082,,-3.4939871159870517,1.9777097902098806,8.715403969806857,0,57.77883626089295,69.79491396747281,,,,,-0.7235128217231921,4.61100483412217,5.334517655845362,0.3335631341186838,57.77883626089295,,,,,,,,,8.859480573748973,29.30486401788981,-14.652432008944904,0
2023-02-14,92.3,95.695,92.29,94.19,92.10199999999992,104.0246198463288,80.17938015367103,49.17426478932675,49.82755380272564,0,0,,,,87.97304444444444,88.85277488888889,87.09331399999999,,-2.4736226301783293,2.2670517469762563,8.743505868770217,0,58.9753402498118,69.01336301098961,,,,,-0.8171703507495423,4.313054717408434,5.130225068157976,0.08966751948335015,58.9753402498118,,,,,,,,,8.73382312464774,29.327343251928852,-14.663671625964426,0
2023-02-15,94.18,97.92,93.51,97.62,92.79799999999992,104.29504936059985,81.30095063939999,54.26329221050578,50.85542873771973,0,0,,,,87.96073333333334,88.84034066666668,87.081126,,1.056946759283317,5.196232677428503,11.55763963751173,0,63.427026742726085,68.384459700542,,,,,-0.6609123511772115,4.3040846291864625,4.964996980363674,-0.11089882553758763,63.427026742726085,,,,,63.427026742726085,,63.427026742726085,,11.243764785613939,29.37294871621539,-14.686474358107695,0
2023-02-16,95.91,97.29,94.051,94.1,93.36749999999992,103.89699737642134,82.8380026235785,50.447009804047724,51.29485560129339,0,0,,,,87.96539999999999,88.84505399999999,87.08574599999999,,-1.4442966516196254,0.7845342330040639,6.65669239575164,0,56.63502334193282,66.83481579565209,,,,,-0.7982298530848837,3.9672096640075694,4.765439517092453,-0.2868232980111349,56.63502334193282,,,,,,,,,11.683612881886129,29.421864926595322,-14.710932463297661,0
2023-02-17,94,94,90.78,91.34,93.70549999999992,103.4928111220633,83.91818887793653,39.66919477968411,48.12649893141252,0,0,,,,87.95775555555554,88.83733311111109,87.07817799999998,,-3.4705782888061254,-2.524398247701487,2.762381213107412,0,51.938623361763554,65.23599220847449,,,,,-1.0620356296593005,3.437894980018328,4.499930609677628,-0.5993473730036591,51.938623361763554,,,,,,,,,10.683396296346219,29.45961150356912,-14.72980575178456,0
2023-02-21,90,91.5,89.54,90.88,93.93049999999991,103.22851371262044,84.63248628737938,33.441513706851794,41.18590609686118,0,0,,,,87.93126666666664,88.81057933333331,87.05195399999998,,-3.1150721733011144,-3.2476139273185156,1.5290428772518183,0,51.17691706319541,63.32727793378678,,,,,-1.2420914507749972,2.947316296208882,4.189407746983879,-0.7369850903475899,51.17691706319541,,,,,,,,,8.155602277609715,29.473649469024792,-14.736824734512396,0
2023-02-22,91.52,91.66,88.52,90.04,94.16649999999991,102.79374353429708,85.53925646570275,29.333081725583632,34.14793007070649,0,0,,,,87.92411111111109,88.8033522222222,87.04486999999997,,-3.487898471498585,-4.382131649790432,-0.031827568595999,0,49.742322087780344,61.20238609114769,,,,,-1.3816353332295228,2.4623635804469757,3.8439989136764985,-0.7999611320443164,49.742322087780344,,,,,,,,,6.645936413163526,29.47514113852476,-14.73757056926238,0
2023-02-23,90.48,90.99,87.73,89.68,94.35949999999991,102.38279477210399,86.33620522789583,26.033797709960723,29.602797714132024,0,0,,,,87.89997777777778,88.77897755555556,87.020978,,-3.3412373356325853,-4.959225091273167,-0.9578783840497818,0,49.106981900461655,58.679753485506524,,,,,-1.454690491441316,2.0256357993748537,3.4803262908161696,-0.8032381143047294,49.106981900461655,,,,,,,,,6.070176450169822,29.471990939538575,-14.735995469769287,0
2023-02-24,87.76,88.11,86.355,87.16,94.34449999999991,102.42028472967621,86.26871527032361,20.696055456676444,25.35431163074024,0,0,,,,87.86224444444441,88.74086688888886,86.98362199999997,,-5.25572041958794,-7.615176295385451,-4.0401630891524265,0,44.79395284995593,56.75953283892034,,,,,-1.6167727532495437,1.45936034925424,3.0761331025037837,-0.8035374579466563,44.79395284995593,44.79395284995593,,44.79395284995593,,,,,,4.687262759195388,29.45910657828981,-14.729553289144905,0
2023-02-27,87.75,90.69,87.565,89,94.1429999999999,102.53484389750436,85.75115610249544,23.658956040706798,23.462936402447962,0,0,,,,87.80095555555555,88.6789651111111,86.922946,,-2.980356247410898,-5.462965913556939,-2.332676121254007,0,48.3603092240379,55.21279580782461,,,,,-1.5442288924690004,1.1458469869175332,2.6900758793865336,-0.7799046569301491,48.3603092240379,,,,,,,,,4.3592719578766035,29.44393683226299,-14.721968416131496,0
2023-02-28,88.54,94.4,88.37,90.79,94.0944999999999,102.55182930658844,85.63717069341135,30.50735432383872,24.954121940407294,0,0,,,,87.77784444444443,88.65562288888887,86.90006599999998,,-0.7542632269347593,-3.5118949566657953,-0.7831851959786529,0,51.633721100717764,54.45884072364468,,,,,-1.328100065747884,1.0299507972016784,2.3580508629495625,-0.739333837907609,51.633721100717764,,,,,,,,,4.8076891424309975,29.431410309361528,-14.715705154680764,0
2023-03-01,103.11,111.41,101.27,110.98,94.86899999999991,106.0833459907422,83.65465400925763,63.09574704404267,39.08735246952939,0,0,,,,87.8484222222222,88.72690644444442,86.96993799999997,,19.12966004358152,16.982365156162828,20.03764020435288,0,72.67426177785234,55.24772174261513,,,,,0.1439672286309519,2.5380098987382524,2.3940426701073005,0.09236453689232964,72.67426177785234,,,,,,,,,13.61047401160402,29.493769218558814,-14.746884609279407,0
2023-03-02,110.34,121.33,109.87,119.88,95.99199999999992,111.62931255683235,80.35468744316749,72.83178479377696,55.47829538721945,0,0,,,,87.95295555555553,88.83248511111108,87.07342599999998,,25.680138386538886,24.88540711725986,27.99441955149964,0,77.35152271742307,56.35398761691514,,,,,1.6052346679819118,4.4005860050846906,2.7953513371027787,0.43088217406337215,77.35152271742307,,,,,,,,,24.627934697157276,29.700800437827994,-14.850400218913997,0
2023-03-03,116.12,120.3788,111.01,119.27,96.6904999999999,114.95574620693857,78.42525379306123,75.8333992105325,70.58697701611737,0,0,,,,88.06277777777777,88.94340555555554,87.18215,,21.825907540193356,23.352345887134838,25.707480053541598,0,76.38644891080675,57.855806256382714,,,,,2.372566276208733,5.761059182363695,3.388492906154962,0.5720217434254558,76.38644891080675,,,,,,,,,34.17321899081642,30.07436091681246,-15.03718045840623,0
2023-03-06,119.78,127.52,119.61,127.35,98.0634999999999,120.69163140761043,75.43536859238938,83.64451477691765,77.43656626040904,0,0,,,,88.2141111111111,89.0962522222222,87.33196999999998,,25.464271991960928,29.864832480994586,32.23658251244286,0,79.95410735840507,59.43975419191929,,,,,3.2138954985106265,7.405862279293245,4.191966780782619,0.6930474000447724,79.95410735840507,,,,,79.95410735840507,,79.95410735840507,,38.95401828492435,30.537584240099317,-15.268792120049659,0
2023-03-07,127.99,130.495,121.14,123.74,99.29549999999992,124.54629600725632,74.04470399274352,82.151192397155,80.54303546153504,0,0,,,,88.35308888888885,89.23661977777773,87.46955799999996,,18.084913492828527,24.61793334038309,26.847770374166814,0,74.53575612937698,60.55121246903109,,,,,3.3041475157052584,8.322151175414191,5.018003659708933,0.7762048899873025,74.53575612937698,,,,,,,,,38.85972856428583,30.984974642899324,-15.492487321449662,0
2023-03-08,123.45,127.13,122.51,126.5,100.86449999999992,128.65452804964525,73.07447195035459,84.77815494836643,83.5246207074797,0,0,,,,88.50117777777774,89.38618955555552,87.61616599999996,,16.659750080693602,25.415780576912695,27.877668751347585,0,75.88150241211883,61.44081787398771,,,,,3.3178954296163097,9.16537294672932,5.847477517113011,0.8615787981709244,75.88150241211883,,,,,,,,,40.4264117335859,31.45282737603003,-15.726413688015015,0
2023-03-09,125.8,126.7499,120.88,121.41,102.19399999999992,131.21695119384086,73.17104880615896,81.42525389592754,82.78486708048298,0,0,,,,88.64157777777774,89.52799355555553,87.75516199999996,,8.782524550211534,18.803452257471175,21.277807190162456,0,68.67349930203099,62.30070901399472,,,,,2.774440549561401,9.315528204064762,6.541087654503361,0.889479496906969,68.67349930203099,,,,,,,,,37.36831013410398,31.843942095487755,-15.921971047743877,0
2023-03-10,120.94,122.455,116.5235,117.78,103.33249999999991,132.9198228765306,73.74517712346923,75.52055080614242,80.57465321681214,0,0,,,,88.76415555555552,89.65179711111108,87.87651399999996,,2.7121304613238806,13.98156436745468,16.47585863613712,0,64.00410649977471,63.16252923813837,,,,,1.9970808338394104,9.037438696802624,7.040357862963214,0.8718666575173318,64.00410649977471,64.00410649977471,,64.00410649977471,,,,,,34.76952218191156,32.1751000907083,-16.08755004535415,0
2023-03-13,116.83,124.26,114.1101,122.77,104.89049999999993,135.11929585759341,74.66170414240644,75.95763342189167,77.63447937465388,0,0,,,,88.90939999999996,89.79849399999996,88.02030599999996,,4.000948774640678,17.04587164709872,20.23190449608734,0,67.29603397537286,64.31389473186533,,,,,1.659421090355174,9.114634225907182,7.4552131355520075,0.8580038124720635,67.29603397537286,,,,,,,,,32.955047809840636,32.46568721654663,-16.232843608273313,0
2023-03-14,124.44,125,118.935,123.72,106.40999999999993,137.21138892972294,75.6086110702769,75.88868894754388,75.78895772519265,0,0,,,,89.06206666666664,89.9526873333333,88.17144599999997,,1.9614306906214685,16.267268113899156,19.911219950311356,0,67.89795259140112,65.61072548212395,,,,,1.3534519346206082,9.147028053827768,7.7935761192071595,0.8273012322288442,67.89795259140112,,,,,,,,,33.25561122039371,32.754408637702966,-16.377204318851483,0
2023-03-15,121.56,124,119.07,122.91,107.84599999999992,138.91143893139227,76.78056106860757,74.6462502881034,75.49752421917964,0,0,,,,89.22651111111107,90.11877622222218,88.33424599999995,,0.3076722189125247,13.968065574986642,18.080129118617872,0,66.76955556043018,66.87233788640742,,,,,0.9679813550192193,9.003552812981184,8.035571457961964,0.770389757324209,66.76955556043018,,,,,,,,,34.34017600503051,33.0548229841395,-16.52741149206975,0
2023-03-16,122.91,127.8,122.11,127.37,109.33349999999992,141.13812184966318,77.52887815033667,76.83440450733143,75.78978124765956,0,0,,,,89.41037777777774,90.30448155555551,88.51627399999997,,3.3159747570611353,16.49677363296711,21.202413200281445,0,69.7505256069971,68.65495022619608,,,,,0.8870006908877706,9.144322321571678,8.257321630683908,0.7145338724022621,69.7505256069971,,,,,,,,,35.22715739086169,33.36332769039598,-16.68166384519799,0
2023-03-17,127.43,128.9222,125.1,126.32,110.94449999999992,142.76350405418225,79.12549594581758,76.12732130675201,75.8693253673956,0,0,,,,89.57095555555551,90.46666511111107,88.67524599999996,,1.8816488825441846,13.858731167385564,19.407123591540177,0,68.19942035061706,70.0720295923803,,,,,0.647456565419267,9.066642337457992,8.419185772038725,0.6327688822038324,68.19942035061706,,,,,,,,,35.47649967936696,33.66866277515556,-16.83433138757778,0
2023-03-20,125.07,129.86,122.8731,129.42,112.84849999999992,144.3024296591072,81.39457034089264,76.50900321902013,76.49024301103451,0,0,,,,89.76277777777773,90.6604055555555,88.86514999999996,,4.20793275037441,14.6847321851864,21.20966155824915,0,70.2994045156779,71.40529269344889,,,,,0.5844528535181137,9.149751838936368,8.565298985418254,0.6447216192227032,70.2994045156779,,,,,,,,,37.39539968505097,34.00008846885315,-17.000044234426575,0
2023-03-21,130.2,135.7671,129.01,132.125,114.91074999999992,145.7349593613132,84.08654063868664,81.35679696800838,77.9977071645935,0,0,,,,89.95906666666662,90.85865733333328,89.05947599999995,,5.672525143462703,14.980539244587732,22.480289595780057,0,72.03476504487784,71.35961435537928,,,,,0.6088639478875493,9.32637892027769,8.717514972390141,0.6341169890031452,72.03476504487784,,,,,,,,,38.61019436724329,34.344951089514446,-17.172475544757223,0
2023-03-22,131.97,137.47,130.9,136.12,117.21474999999991,147.13387155712593,87.29562844287389,82.99109220025689,80.28563079576179,0,0,,,,90.15368888888885,91.05522577777774,89.25215199999997,,8.036461909051607,16.12872953275941,24.605040529592557,0,74.41261606720002,71.14969245179192,,,,,0.7677223416439638,9.677167899445095,8.909445557801131,0.6852459220762307,74.41261606720002,,,,,74.41261606720002,74.41261606720002,74.41261606720002,,41.527727128186854,34.73456258180377,-17.367281290901886,0
2023-03-23,138.11,139.48,133.02,135.13,119.4872499999999,147.5417604172231,91.43273958277672,82.8976147913325,82.41516798653258,0,0,,,,90.36995555555552,91.27365511111108,89.46625599999996,,6.095401852135374,13.091564162703651,22.19578031345446,0,72.76152489408582,70.89076930774043,,,,,0.6826412298354079,9.762747095095392,9.080105865259984,0.7056355217230749,72.76152489408582,,,,,,,,,42.80628493771082,35.13813174731726,-17.56906587365863,0
2023-03-24,135.6,139.145,134.37,136.51,121.95474999999992,146.68622619431713,97.22327380568271,82.25673042929743,82.71514580696227,0,0,,,,90.57124444444439,91.47695688888884,89.66553199999994,,5.625602079859493,11.934959482923047,21.91858102526143,0,73.63954793298856,70.43972934878211,,,,,0.5988156401041103,9.828625415390121,9.22980977528601,0.8484579718352689,73.63954793298856,,,,,,,,,43.658604777498255,35.547297348423626,-17.773648674211813,0
2023-03-27,136.73,138,133.65,136.6,124.3347499999999,144.6984892133687,103.97101078663108,82.94667474718203,82.70033998927066,0,0,,,,90.79382222222216,91.70176044444439,89.88588399999993,,4.576164137112659,9.864699933043752,20.386541266467372,0,73.6990924753326,70.37996765920751,,,,,0.43648165491971724,9.775411843935657,9.33893018901594,0.8947449927931752,73.6990924753326,,,,,,,,,43.184823157006406,35.93712105616935,-17.968560528084677,0
2023-03-28,137.32,139.22,135.645,136.9,126.6402499999999,140.78053305056534,112.49996694943445,84.64672448158362,83.28337655268768,0,0,,,,90.99062222222217,91.90052844444439,90.08071599999995,,3.758891318435209,8.101492219101058,19.126175997540116,0,73.91064387227598,70.23919204921873,,,,,0.24585682359225913,9.646251218506265,9.400394394914006,0.9639101992897399,73.91064387227598,,,,,,,,,43.202076169487434,36.31744069080344,-18.15872034540172,0
2023-03-29,137.44,138.92,135.87,136.99,127.94074999999991,140.80765260902345,115.07384739097635,86.22737724582643,84.6069254915307,0,0,,,,91.21435555555549,92.12649911111104,90.30221199999993,,2.730814369865442,7.073000588162959,17.742783430575937,0,73.97826576746667,70.618103939607,,,,,0.03353063980348203,9.442307694668358,9.408777054864876,0.9602578744774003,73.97826576746667,,,,,,,,,42.78302225275545,36.680884697536,-18.340442348768,0
2023-03-30,137.24,138.48,135.87,136.01,128.7472499999999,141.51372307403653,115.98077692596326,81.04598533369203,83.9733623537007,0,1,,,,91.46057777777771,92.3751835555555,90.54597199999994,,1.3392940299897127,5.641091363116568,15.628706116393666,0,71.79607394968248,71.17467304317184,,,,,-0.24962836527197751,9.096741598274903,9.34636996354688,0.9347392387745295,71.79607394968248,71.79607394968248,,71.79607394968248,,,,,,41.99657123671478,37.021937861810684,-18.510968930905342,0
2023-03-31,137,146.4013,136.28,142.59,129.9132499999999,143.251364662504,116.5751353374958,86.86988079893382,84.7144144594841,0,0,,,,91.77128888888883,92.68900177777772,90.85357599999995,,4.9694676438002405,9.757857647314738,19.57951351373999,0,76.75420198987331,71.85025647277901,,,,,-0.07930985552538061,9.247232644140155,9.326542499665536,0.9359522120908275,76.75420198987331,,,,,,,,,43.25234698485098,37.37635881221058,-18.68817940610529,0
2023-04-03,142.05,143.815,139.55,143.08,130.6997499999999,145.14930309862865,116.25019690137117,86.55276844784586,84.82287819349057,0,0,,,,92.09822222222216,93.01920444444438,91.17723999999994,,4.281533903524282,9.47228284675381,18.279703226072954,0,77.07736935477955,72.50592909873461,,,,,-0.022157611972705382,9.298845484699655,9.32100309667236,0.9357593239189577,77.07736935477955,,,,,77.07736935477955,,77.07736935477955,,44.64856170244201,37.74643323824089,-18.873216619120445,0
2023-04-04,144.5,144.91,138.58,139.7,131.4977499999999,146.0838956440725,116.91160435592734,78.35480666793808,83.92581863823925,0,1,,,,92.43911111111106,93.36350222222217,91.51471999999995,,1.259033219051453,6.237559197781017,13.952599960030753,0,69.86243988721573,72.72684940779072,,,,,-0.285855664016756,8.963683516651415,9.24953918066817,0.9113227022353807,69.86243988721573,,,,,,,,,45.20092774784171,38.11717648397866,-19.05858824198933,0
2023-04-05,139.07,139.745,134.24,136.63,132.0042499999999,146.5645375229201,117.4439624770797,70.71890904170208,78.54216138582866,0,0,,,,92.74866666666662,93.67615333333329,91.82117999999996,,-1.0027968177141577,3.5042432345929075,10.054276688947294,0,64.00231035167889,72.31626260383942,,,,,-0.7163979791447606,8.35404170673722,9.070439685881981,0.8120350733714417,64.00231035167889,,,,,,,,,42.69782838125133,38.43724354225698,-19.21862177112849,0
2023-04-06,136.63,138.48,132.53,136.73,132.7702499999999,146.6148830666472,118.92561693335257,63.244853502014024,70.77285640388473,0,0,,,,92.95737777777775,93.88695155555553,92.02780399999997,,-1.045059128345427,2.9824075800114036,8.760872706639278,0,64.10792116518496,72.02401266202284,,,,,-1.0250104962578934,7.789176565559615,8.814187061817508,0.6807720779089866,64.10792116518496,,,,,,,,,40.071174680664136,38.70907414428983,-19.354537072144915,0
2023-04-10,134.71,136.18,134,134.7,133.6162499999999,145.64181729431488,121.59068270568493,56.02832861317562,63.33069705229724,0,0,,,,93.1778222222222,94.10960044444442,92.24604399999998,,-2.3863529309457787,0.8110914652971424,5.8123473923316515,0,60.24399980208807,71.305769468195,,,,,-1.3746172177153557,7.095915539673314,8.47053275738867,0.39317214460203714,60.24399980208807,60.24399980208807,,60.24399980208807,,,,,,37.997001753839186,38.94472936083764,-19.47236468041882,0
2023-04-11,135.02,136.96,134.08,135.26,134.2407499999999,145.19823250056072,123.28326749943909,53.17319290311751,57.482125006102386,0,0,,,,93.41777777777774,94.35195555555552,92.48359999999997,,-1.8852595768140024,0.7592701918009981,4.9806159183603205,0,60.94333978879471,70.5135248070462,,,,,-1.5631705702461893,6.516569544580932,8.079740114827121,0.08883218824645076,60.94333978879471,,,,,,,,,37.125275141466375,39.163311966348964,-19.581655983174482,0
2023-04-12,137.36,138,134.345,135.01,134.80524999999992,144.64257152316299,124.96792847683685,50.02251650691634,53.07467934106983,0,0,,,,93.66506666666665,94.60171733333331,92.72841599999998,,-1.9321566063775886,0.15188577596203512,3.6013510661834225,0,60.43225711624773,69.51492773912103,,,,,-1.6890240387125601,5.968460066436421,7.657484105148981,-0.08247130310703432,60.43225711624773,,,,,,,,,36.17622259490992,39.36462234514567,-19.682311172572835,0
2023-04-13,137.09,138.3699,135.65,136.08,135.46374999999992,143.653011795186,127.27448820481385,45.36684589610396,49.52085176871261,0,0,,,,93.91466666666665,94.85381333333332,92.97551999999997,,-1.0895558188386278,0.45491875132652737,3.7562855737741208,0,61.90478585076004,68.73944637888347,,,,,-1.6808920440879662,5.556369050039024,7.23726109412699,-0.2519275021874369,61.90478585076004,,,,,,,,,36.24522381217178,39.56277326670766,-19.78138663335383,0
2023-04-14,136.04,137.8,133.975,134.9,135.8402499999999,143.15180282755216,128.52869717244766,42.55256063452409,45.9806410125148,0,0,,,,94.17439999999998,95.11614399999998,93.23265599999998,,-1.8680711147321616,-0.6921733433204902,2.4654239326517002,0,59.28451211069239,67.7140866772909,,,,,-1.7289655001352093,5.076054218957978,6.805019719093187,-0.3964815574570087,59.28451211069239,59.28451211069239,,59.28451211069239,,,,,,35.74114282379977,39.750414975397355,-19.875207487698678,0
2023-04-17,134.72,136.0771,129.96,135.31,136.2897499999999,142.170209569634,130.40929043036581,38.261342690642444,42.0602497404235,0,0,,,,94.43128888888887,95.37560177777776,93.48697599999998,,-1.0457803130028087,-0.7188728426018143,2.3611424565613603,0,59.919322499765315,66.7298173933218,,,,,-1.7043366062007346,4.674598961342269,6.378935567543004,-0.5055972232375068,59.919322499765315,,,,,,,,,35.40549110107853,39.93007187918096,-19.96503593959048,0
2023-04-18,137.52,139.17,135.62,139.13,136.77524999999991,141.85576914178944,131.6947308582104,44.77830736350585,41.86407022955746,0,0,,,,94.71604444444442,95.66320488888887,93.76888399999997,,2.042612490373652,1.7216199568270474,4.939226060951052,0,65.341333788445,66.11772381590531,,,,,-1.4139276135980658,4.611526050545422,6.0254536641434875,-0.4223918675450546,65.341333788445,,,,,,,,,35.87625699395596,40.11209498469439,-20.056047492347194,0
2023-04-19,138.23,142,138.23,141.88,137.26299999999992,142.33713086154623,132.1888691384536,50.243570635106245,44.42774022975152,0,0,,,,94.99604444444441,95.94600488888885,94.04608399999996,,3.893441122412322,3.363615832380229,6.527579816222007,0,68.63119345992615,65.7357900796524,,,,,-1.0372187966820237,4.728930168290958,5.766148964972982,-0.22012126882680344,68.63119345992615,,,,,68.63119345992615,,68.63119345992615,,37.604059836503794,40.31259266118529,-20.156296330592646,0
2023-04-20,141,142.4,137.461,138.24,137.36899999999991,142.43175379611688,132.30624620388295,46.75380887176076,47.25856229012428,0,0,,,,95.23573333333331,96.18809066666665,94.28337599999998,,1.1088031362452844,0.6340586304043105,3.4904830529092212,0,60.45168324148885,64.92547645763858,,,,,-1.031597460805754,4.47665213896579,5.508249599771544,-0.27395784117618677,60.45168324148885,,,,,,,,,38.05108540878756,40.514905037182395,-20.257452518591197,0
2023-04-21,137.87,142.45,137.14,140.82,137.65349999999992,142.81944337948931,132.48755662051053,51.022358527948654,49.33991267827188,0,0,,,,95.48924444444442,96.44413688888886,94.53435199999998,,2.688630745334808,2.300341073783141,4.913782506174225,0,63.74947379022764,63.99656730052103,,,,,-0.8595641603717681,4.433794399306834,5.293358559678602,0.07073952911637048,63.74947379022764,,,,,,,,,38.185280867673704,40.71494199169704,-20.35747099584852,0
2023-04-24,140.53,144,139.95,141.04,137.8799999999999,143.21984269432147,132.54015730567835,54.06404544355372,50.6134042810877,0,0,,,,95.74448888888887,96.70193377777775,94.78704399999998,,2.375750361116946,2.2918479837540584,4.474203054571535,0,64.0249500192262,63.0642516336958,,,,,-0.7408959003850155,4.367238684197332,5.108134584582348,0.5272787872372623,64.0249500192262,,,,,,,,,37.533270802841976,40.90276648275002,-20.45138324137501,0
2023-04-25,139.13,140.41,136.46,140,138.0499999999999,143.43233406619416,132.66766593380564,49.72550346338619,51.60396914496285,0,0,,,,95.99551111111109,96.9554662222222,95.03555599999997,,1.2724155641234969,1.412531691416219,3.264510815113386,0,61.640272243988655,62.476953944893864,,,,,-0.7406182049619385,4.182361828379925,4.922980033341863,0.7539046102775016,61.640272243988655,,,,,,,,,37.63185449085385,41.088158619121536,-20.544079309560768,0
2023-04-26,140.93,141.35,136.37,136.6,138.0349999999999,143.4317230798053,132.63827692019453,48.93401358674549,50.9078541645618,0,0,,,,96.21106666666664,97.1731773333333,95.24895599999998,,-1.3005780346821094,-1.0395914079761814,0.4385916538911294,0,54.494293156492134,61.79780985952338,,,,,-0.9634816469628431,3.7186279746383093,4.682109621601152,0.6600719730304183,54.494293156492134,,,,,,,,,35.669174487667526,41.24631908783172,-20.62315954391586,0
2023-04-27,137.92,138.655,134.235,134.7,137.9204999999999,143.4952842110823,132.3457157889175,43.266284931822554,47.308600660651415,0,0,,,,96.41266666666664,97.37679333333331,95.44853999999997,,-2.5762682443477125,-2.3350408387439847,-1.243800244141291,0,50.94028874638781,60.85726468675216,,,,,-1.2166002957526043,3.1613592519103975,4.377959547663002,0.4649444287875616,50.94028874638781,50.94028874638781,,50.94028874638781,,,,,,33.02192366290404,41.371752948549954,-20.685876474274977,0
2023-04-28,133.31,137.62,131.28,136.16,137.92799999999988,143.49287771654696,132.3631222834528,42.63321569821161,44.94450473892655,0,0,,,,96.58826666666666,97.55414933333333,95.62238399999998,,-1.6099661820389355,-1.2818282002203252,-0.3873743045370359,0,53.45245104816138,60.37215406147168,,,,,-1.2582131955942417,2.8051930531702,4.063406248764442,0.27919385421385895,53.45245104816138,,,,,,,,,31.282499350254337,41.47662259708802,-20.73831129854401,0
2023-05-01,135.87,139.605,135.37,139.39,137.7679999999999,142.95896368703654,132.57703631296323,48.15355147047941,44.684350700171194,0,0,,,,96.77471111111109,97.7424582222222,95.80696399999998,,0.4279662238104498,1.1773416177923046,1.651654024121374,0,58.51374217059394,60.19861137445734,,,,,-1.0492519852303337,2.7518412672265242,3.801093252456858,0.25021068686086917,58.51374217059394,,,,,,,,,31.80173768398065,41.584782178611604,-20.792391089305802,0
2023-05-02,137.61,137.61,122.31,125.17,136.8724999999999,143.9320237091551,129.8129762908447,26.915911546973874,39.23422623855496,0,0,,,,96.8902222222222,97.85912444444443,95.92131999999998,,-8.90101892285301,-8.549927852563444,-8.624031361441464,0,38.60965758770705,58.639854265275865,,,,,-1.8054166450581697,1.5443224461341458,3.3497390911923155,-0.2990702770457101,38.60965758770705,,,,,,,,,28.275962826707588,41.656898023336325,-20.828449011668162,0
2023-05-03,124.85,125.325,119.24,120.61,135.91799999999986,145.79157199802327,126.04442800197646,20.70762566489175,31.925696227448345,0,0,,,,96.99893333333333,97.96892266666666,96.028944,,-10.839561479378778,-11.262673082299536,-11.70549464493581,0,34.5508956886313,56.686004967980956,,,,,-2.506270559544973,0.2169008917610995,2.7231714513060723,-0.5524403961576686,34.5508956886313,,,,,,,,,22.817048412965246,41.68267550781968,-20.84133775390984,0
2023-05-04,120.59,121.1,116.82,119.66,135.0694999999999,147.2091350439426,122.92986495605719,19.107325705620877,22.243620972495506,0,0,,,,97.11577777777777,98.08693555555554,96.14461999999999,,-10.309935164711648,-11.408571143004087,-12.047687999353307,0,33.754779695290964,54.86245265259514,,,,,-2.8996227861422654,-0.9013570313717594,1.998265754770506,-0.7290528066403135,33.754779695290964,33.754779695290964,,33.754779695290964,,,,,,16.058759322196256,41.66480236300183,-20.832401181500916,0
2023-05-05,121.43,125.86,121.43,123.56,134.4109999999999,147.5097982654945,121.31220173450527,22.243055909363754,20.686002426625464,1,0,,,,97.29057777777776,98.26348355555554,96.31767199999997,,-6.172877005672495,-8.072999977680318,-8.922937817570809,0,39.879231824167476,53.43101760433815,,,,,-2.7634942419874324,-1.4561020477137845,1.307392194273648,-0.837051026209496,39.879231824167476,,,,,,,,,15.224285813759721,41.642412960087675,-20.821206480043838,0
2023-05-08,123,134.025,122.52,131.83,134.26749999999987,147.41328848909907,121.12171151090065,33.44167725949748,24.930686291494037,0,0,,,,97.48826666666672,98.46314933333339,96.51338400000004,,0.8121252905909371,-1.8154058130224082,-2.7151881297230562,0,50.35954050777857,52.36088951286198,,,,,-2.0174517384405264,-1.21442247877701,0.8030292596635163,-0.7953426407413763,50.35954050777857,,,,,,,,,18.40355811466387,41.63737835141223,-20.818689175706115,0
2023-05-09,131.5,137.96,131.5,134.3,134.21949999999987,147.3574503348176,121.08154966518215,39.534751290380434,31.739828153080555,0,0,,,,97.67524444444449,98.65199688888893,96.69849200000004,,3.150586030507352,0.059976381971438286,-0.8363319533939428,0,52.99507695472104,51.24402404820447,,,,,-1.2937800314983736,-0.8141957797094506,0.47958425178892294,-0.6702217853621154,52.99507695472104,,,,,,,,,22.52724474215427,41.65901463751922,-20.82950731875961,0
2023-05-10,144,149.98,136.45,147.7,134.85399999999987,149.2489705105686,120.45902948943115,61.314211658042055,44.76354673597333,0,0,,,,97.92008888888894,98.89928977777784,96.94088800000004,,12.4836262832424,9.525857594138953,8.768760217782834,0,64.1235430889343,51.50629975159343,,,,,0.07840987876123656,0.5775966002404687,0.4991867214792321,-0.3094348150658828,64.1235430889343,,,,,64.1235430889343,64.1235430889343,64.1235430889343,,29.194890909249967,41.733950452716535,-20.866975226358267,0
2023-05-11,148.32,150,140.51,145.32,135.3159999999999,150.4146163604524,120.21738363954736,65.63093470980044,55.493299219407646,0,0,,,,98.14502222222228,99.1264724444445,97.16357200000006,,9.783183500793168,7.393065121641285,6.797710007814439,0,61.34554566668668,51.33459059991193,,,,,0.7779245254255455,1.471592378261164,0.6936678528356185,-0.028245568168595196,61.34554566668668,,,,,,,,,32.442770710148714,41.83822216887116,-20.91911108443558,0
2023-05-12,145,145,139.5,141.45,135.6434999999999,150.97418070896072,120.31281929103909,65.76528853986764,64.23681163590338,0,0,,,,98.33417777777784,99.31751955555562,97.35083600000006,,6.434209437241756,4.2807064105542025,3.8152438502279784,0,57.01982104243594,50.83422424442691,,,,,0.9222882686427611,1.8465281886390699,0.9242399199963087,0.18137687866298777,57.01982104243594,,,,,,,,,33.71237767601038,41.95332719898771,-20.976663599493854,0
2023-05-15,141.67,143.09,138.115,143.09,136.03249999999989,151.70069437587205,120.36430562412772,69.25079841696487,66.88234055554432,0,0,,,,98.53871111111117,99.52409822222228,97.55332400000006,,7.369305689995365,5.188098432360011,5.006054231234791,0,58.359824600522444,50.5999065556079,,,,,1.0606596407817177,2.250064470973456,1.1894048301917381,0.3874393305255685,58.359824600522444,,,,,,,,,31.593721945089232,42.04547231125778,-21.02273615562889,0
2023-05-16,143.09,144.1257,140,143.59,136.2554999999999,152.21788262290758,120.29311737709222,70.00308584551216,68.33972426744822,0,0,,,,98.7332444444445,99.72057688888894,97.74591200000005,,6.275580818734183,5.3829019745992746,5.359833290938454,0,58.78175235662434,50.90615364133163,,,,,1.1128518602220958,2.580469655469358,1.467617795247262,0.527168734281661,58.78175235662434,,,,,,,,,30.254305707916135,42.12349529253829,-21.061747646269144,0
2023-05-17,143.06,145.6699,140.92,142.32,136.2774999999999,152.27201015192722,120.28298984807256,69.07807347379489,69.44398591209064,0,0,,,,98.91364444444451,99.90278088888896,97.92450800000007,,3.6698183301524745,4.433967456109866,4.361088976774274,0,57.196446750466954,51.35302207019443,,,,,0.9927989744785026,2.7086165133453903,1.7158175388668877,0.6087076061869088,57.196446750466954,,,,,,,,,29.719340039049268,42.195263583994176,-21.097631791997088,0
2023-05-18,142.35,151.87,142.35,151.86,136.9584999999999,154.32979502944687,119.58720497055293,78.71199864312347,72.59771932081017,0,0,,,,99.15911111111117,100.15070222222228,98.16752000000007,,8.083870692232109,10.880303157525905,10.943622288081167,0,64.86248305764755,52.16802435658632,,,,,1.4586857205800348,3.539174689591931,2.0804889690118964,0.7508739138029956,64.86248305764755,,,,,,,,,31.39724658496843,42.280783351198124,-21.140391675599062,0
2023-05-19,152.67,152.68,147.2701,150.35,137.4349999999999,155.7034947382131,119.16650526178668,79.08067520391222,75.62358244027685,0,0,,,,99.42080000000006,100.41500800000006,98.42659200000006,,5.006949246059156,9.397169571070041,9.477358174576223,0,62.94099405663741,52.48425663416085,,,,,1.5588956983088784,4.0291085918979945,2.470212893589116,0.8941842155408161,62.94099405663741,,,,,,,,,32.54410476582909,42.37542932018182,-21.18771466009091,0
2023-05-22,151.27,156.11,150.86,155.79,138.17249999999987,158.08089709771033,118.2641029022894,83.16540987830888,80.31936124178152,0,0,,,,99.71408888888892,100.71122977777782,98.71694800000003,,7.015531299587141,12.750366389838884,12.860771965072093,0,66.7612751785073,54.495086462075164,,,,,1.8646331142404318,4.801004286389656,2.936371172149224,0.9079220230342294,66.7612751785073,,,,,66.7612751785073,,66.7612751785073,,35.65095968078185,42.49899361286512,-21.24949680643256,0
2023-05-23,154.96,157.42,149.12,149.27,138.63599999999988,159.11642714398613,118.15557285601363,80.43344103700015,80.89317537307375,0,0,,,,99.98840000000004,100.98828400000004,98.98851600000005,,1.4931259094061566,7.670446348711835,7.772801332328827,0,58.921418399130005,56.23583808425364,,,,,1.5156547508559455,4.830939610719156,3.3152848598632105,0.867862551417253,58.921418399130005,,,,,,,,,34.10035972363889,42.60483940355461,-21.302419701777303,0
2023-05-24,147.94,148.57,146,147.51,139.1814999999999,159.99443182134894,118.36856817865083,75.57561113437647,79.72482068322849,0,0,,,,100.22151111111116,101.22372622222227,99.21929600000004,,0.3094080446091496,5.983913091898074,6.182650571187787,0,56.976380284746874,57.89452384064335,,,,,1.0749248394260245,4.658940909145741,3.5840160697197168,0.8024902238620013,56.976380284746874,,,,,,,,,32.550846571723774,42.69408707139664,-21.34704353569832,0
2023-05-25,150.27,151.1549,142.38,143.02,139.59749999999988,160.36805499980994,118.82694500018982,65.7657384184248,73.92493019660047,0,0,,,,100.4160444444445,101.42020488888895,99.41188400000004,,-2.5915205176230027,2.4516914701195436,2.779447943141311,0,52.23870109370366,58.77734307418165,,,,,0.42311843206671806,4.112914109803114,3.689795677736396,0.638226974941385,52.23870109370366,52.23870109370366,,52.23870109370366,,,,,,28.14493593601851,42.743905296221634,-21.371952648110817,0
2023-05-26,143.69,151.9741,142.37,149.14,140.24649999999988,161.35525957985527,119.1377404201445,64.02824103395827,68.45653019558651,0,0,,,,100.64800000000004,101.65448000000004,99.64152000000004,,1.0474680542569503,6.341334721365666,6.813152184033,0,57.434137109996755,59.282671402911525,,,,,0.3493231758335602,4.1264496475283465,3.7771264716947863,0.5332098635398519,57.434137109996755,,,,,,,,,27.506147014055482,42.78769602190373,-21.393848010951864,0
2023-05-30,152.81,155.7,148.28,150.06,140.7799999999999,162.31033859464608,119.24966140535369,63.71307129388043,64.5023502487545,0,0,,,,100.84253333333338,101.85095866666671,99.83410800000004,,1.192924722336497,6.591845432589949,7.094938575873644,0,58.170762873221065,59.65236325423295,,,,,0.30903455043170336,4.163419659734416,3.8543851093027124,0.4047061684805626,58.170762873221065,,,,,,,,,27.70994596414016,42.83211540434581,-21.416057702172903,0
2023-05-31,149.46,153.04,147.58,149.57,141.9999999999999,162.59903589977273,121.40096410022703,60.982811646400364,62.90804132474634,0,0,,,,101.01800000000004,102.02818000000005,100.00782000000004,,0.4573877183673858,5.330985915493036,6.480778357854633,0,57.59902947300237,59.186326567380675,,,,,0.20117197018635036,4.1058500720356506,3.9046781018493,0.4844685365657783,57.59902947300237,,,,,,,,,29.061708882139627,42.886223782257126,-21.443111891128563,0
2023-06-01,148.62,156.55,148.275,154.14,143.6764999999999,162.41275285376216,124.94024714623762,67.00899439676651,63.90162577901575,0,0,,,,101.28395555555562,102.29679511111118,100.27111600000006,,2.7113832785814918,7.282680187783042,9.415890172398145,0,61.40866486066385,59.19083508123619,,,,,0.3790685461654668,4.378513784556134,3.999445238390667,0.56864398773455,61.40866486066385,,,,,,,,,29.950635926371774,42.9464683150493,-21.47323415752465,0
2023-06-02,155.02,156.28,149.31,155.94,145.4904999999999,161.38405274946712,129.5969472505327,71.76798363446211,66.58659655920964,0,0,,,,101.55097777777783,102.56648755555561,100.53546800000005,,3.629077811521886,7.182255886123201,10.231953175807362,0,62.82541961367062,59.605520693467234,,,,,0.5491088900489647,4.685831350951872,4.136722460902908,0.5747839031882052,62.82541961367062,,,,,,,,,31.036712420056375,43.01459233511515,-21.507296167557573,0
2023-06-05,154.56,161.89,154.56,161.62,147.3934999999999,161.320530229023,133.4664697709768,81.56054945387491,73.4458424950345,0,0,,,,101.8488444444445,102.86733288888894,100.83035600000005,,6.60527947442715,9.652053855834964,13.689867659610243,0,66.94879341249974,60.21901846575132,,,,,0.9516723094295525,5.326312847689849,4.374640538260296,0.6221547616532747,66.94879341249974,,,,,,,,,33.85282055555918,43.10620244894833,-21.553101224474165,0
2023-06-06,161.2,168.395,161.2,167.05,149.1544999999999,163.65928469333875,134.64971530666105,86.50934761446744,79.94596023426814,0,0,,,,102.17408888888895,103.19582977777783,101.15234800000006,,9.374590786475668,11.997961844932693,16.797218214912313,0,70.33621586116665,61.044337287504334,,,,,1.4607501785115904,6.200578261399784,4.739828082888193,0.6669420130500505,70.33621586116665,,,,,70.33621586116665,,70.33621586116665,,36.77769941840698,43.223949121285614,-21.611974560642807,0
2023-06-07,163.82,167,151.47,152.39,150.05899999999988,162.9072977860939,137.21070221390588,70.31336277060896,79.46108661298376,0,1,,,,102.40960000000007,103.43369600000007,101.38550400000007,,-0.4273280886542552,1.5533890003265993,6.240530215004636,0,54.18858888071914,60.82949029680806,,,,,0.7244763267970384,5.645423491384491,4.920947164587453,0.521995979803822,54.18858888071914,54.18858888071914,,54.18858888071914,,,,,,35.045544435972126,43.323060467421975,-21.661530233710987,0
2023-06-08,152.45,159.55,152.43,157.34,150.54099999999988,163.71821806756398,137.36378193243578,68.93840142162895,75.25370393556842,0,0,,,,102.6848444444445,103.71169288888893,101.65799600000005,,2.1509215916690083,4.516377598129506,9.165336848678152,0,57.71829173772644,60.319190916813696,,,,,0.49604999427011176,5.541009657425093,5.044959663154981,0.5834085910354285,57.71829173772644,,,,,,,,,33.143690610610925,43.4032899255454,-21.7016449627727,0
2023-06-09,157.35,161.2,155,155.82,151.06599999999986,164.2059534245812,137.92604657541852,60.255129198073064,66.50229779677032,0,0,,,,102.96026666666673,103.98986933333339,101.93066400000006,,0.3303135080839681,3.1469688745317415,7.585235510998656,0,56.284209295432575,59.84370629101335,,,,,0.18387625075846703,5.274804976603065,5.090928725844598,0.57650164906603,56.284209295432575,,,,,,,,,29.360275488731656,43.45108757182259,-21.725543785911295,0
2023-06-12,156.55,158.23,152.87,157.81,151.88399999999987,164.556201702946,139.21179829705375,57.54931811573603,62.24761624514599,0,0,,,,103.22164444444451,104.25386088888895,102.18942800000006,,1.0475495280904523,3.901661794527489,8.419001206869181,0,57.76379363091995,59.20102903761425,,,,,0.0591568248062746,5.164874756852441,5.105717932046167,0.7032171085629582,57.76379363091995,,,,,,,,,30.281853678275525,43.50506621849382,-21.75253310924691,0
2023-06-13,159.89,161.535,158,159.5,152.70449999999988,165.1152058219958,140.29379417800396,61.88434964819386,59.896265654000956,0,0,,,,103.48257777777783,104.51740355555562,102.44775200000005,,1.516057994628217,4.450098065217545,9.07772899484347,0,59.03192786225242,59.208922570694426,,,,,0.03918800238900122,5.154702935032418,5.115514932643417,0.7139644566215018,59.03192786225242,,,,,,,,,30.35237583195142,43.55854643478091,-21.779273217390454,0
2023-06-14,157.94,158.5,150,154.84,153.26699999999988,164.9741449978267,141.55985500217307,54.06270819738359,57.832125320437804,0,0,,,,103.74653333333339,104.78399866666672,102.70906800000006,,-1.779314282089528,1.026313557386871,5.179499371667173,0,54.19956008617215,59.01057827079622,,,,,-0.3194098550475326,4.716252613834001,5.035662468881534,0.6035581685395826,54.19956008617215,,,,,,,,,29.588551244030583,43.60511313960307,-21.802556569801535,0
2023-06-15,152.89,158.98,152.26,157.43,154.0224999999999,164.71234915703323,143.33265084296656,54.43924934788458,56.79543573115399,0,0,,,,104.01733333333338,105.05750666666671,102.97716000000005,,-0.3443604643802223,2.212339106299477,6.054651974840852,0,56.33883624449923,59.30344506728162,,,,,-0.40804947671015945,4.525600622993835,4.9336500997039945,0.46229713903092584,56.33883624449923,,,,,,,,,28.95479281897633,43.64601321547925,-21.823006607739625,0
2023-06-16,157.9,158.57,150.7,152.79,154.0689999999999,164.72886660329792,143.4091333967019,47.45966341874637,51.98720698800483,0,0,,,,104.27368888888894,105.31642577777784,103.23095200000004,,-3.0883108480962207,-0.8301475313008511,2.1687767475034647,0,51.6815234336004,58.892544090396164,,,,,-0.7833095528166139,3.954513158683227,4.737822711499841,0.20971063136836463,51.6815234336004,,,,,,,,,26.530976742343285,43.66906606419859,-21.834533032099294,0
2023-06-20,152.79,156.3,149.14,150.2,154.0614999999999,164.73202815000704,143.39097184999278,40.08482884102658,47.32791386921915,0,0,,,,104.50760000000007,105.55267600000006,103.46252400000007,,-4.03598331171694,-2.5064665734138125,-0.15599241309638412,0,49.23490036097275,58.25426819666414,,,,,-1.1859344919858206,3.2554045965175646,4.441339088503385,-0.12719363709868275,49.23490036097275,,,,,,,,,24.728277916842075,43.67992264360749,-21.839961321803745,0
2023-06-21,148.52,149.76,140.06,142.3,153.3869999999999,165.1814649730336,141.59253502696617,25.71131176481707,37.75193467486332,0,0,,,,104.71804444444452,105.76522488888897,103.67086400000007,,-7.622596434738593,-7.228122331097087,-5.6263830520990155,0,42.60899720670047,57.18355160621401,,,,,-1.920773742834514,2.0403719099602426,3.9611456527947566,-0.5544682159587978,42.60899720670047,,,,,,,,,20.180087009821698,43.665034720270846,-21.832517360135423,0
2023-06-22,141.17,143.995,139.27,143,153.0734999999999,165.59964429902848,140.54735570097134,24.15390847452211,29.98334969345524,0,0,,,,104.94582222222228,105.9952804444445,103.89636400000005,,-6.598825627192162,-6.5808255511240805,-5.344191906376894,0,43.336659426996405,55.89269407523776,,,,,-2.2721072596650185,1.1210115782134835,3.393118837878502,-0.7365146058126107,43.336659426996405,,,,,,,,,17.14486948632137,43.63616345628198,-21.81808172814099,0
2023-06-23,140.59,142.1933,137.848,140.03,152.6994999999999,166.2708248800597,139.12817511994007,20.374943112247305,23.41338778386215,0,0,,,,105.14857777777783,106.20006355555562,104.09709200000005,,-7.492799196681032,-8.29701472499903,-7.152992348393516,0,40.96350388201591,54.33112866583385,,,,,-2.593681562816265,0.15101688435817096,2.744698447174436,-0.8442588572557235,40.96350388201591,,,,,,,,,14.008790981788868,43.59556765389548,-21.79778382694774,0
2023-06-26,138.23,142.74,136.08,136.26,152.36149999999986,167.16139091176487,137.56160908823486,16.537049419926817,20.3553003355654,0,0,,,,105.31320000000005,106.36633200000006,104.26006800000005,,-8.804947261337482,-10.567958440944658,-9.471418320975944,0,38.11060608817834,52.27125814266804,,,,,-2.924888517142216,-0.9114121992533342,2.0134763178888817,-0.8692757786163668,38.11060608817834,38.11060608817834,,38.11060608817834,,,,,,12.069921264931617,43.54912498642225,-21.774562493211125,0
2023-06-27,138.37,141.97,136.9,140.53,151.93099999999987,167.55843472231246,136.30356527768728,19.650347754571122,18.854113428915067,1,0,,,,105.47302222222227,106.52775244444449,104.41829200000005,,-4.846703862196011,-7.50406434499864,-6.615484122483794,0,42.9564237525557,50.315558706338685,,,,,-2.725010185101014,-1.3927864134873857,1.332223771613628,-0.8538823968157349,42.9564237525557,,,,,,,,,11.111846828759369,43.50025554584368,-21.75012777292184,0
2023-06-28,140,146.03,139.36,143.34,151.59499999999986,167.6519629756116,135.5380370243881,26.313742368699025,20.83371318106564,0,0,,,,105.67151111111116,106.72822622222228,104.61479600000004,,-1.8703105317925628,-5.445430258253814,-4.753466923303629,0,45.95535582717741,49.727470631085716,,,,,-2.289698776594583,-1.5298996991296008,0.7597990774649822,-0.8953108986519605,45.95535582717741,,,,,,,,,11.771250392706094,43.45326071073518,-21.72663035536759,0
2023-06-29,143.39,145.2,136.94,138.58,151.0454999999999,168.06537599837657,134.0256240016232,25.34571066150302,23.76993359492437,0,0,,,,105.82933333333338,106.88762666666672,104.77104000000004,,-4.061033188873364,-8.252811238997449,-7.814093751385965,0,41.93367056749635,48.59999769035499,,,,,-2.2075232486376812,-1.9996049833321194,0.2079182653055619,-0.9042306789836317,41.93367056749635,,,,,,,,,12.158153815548602,43.40745898366094,-21.70372949183047,0
2023-06-30,140.12,146.445,139.975,142.94,150.4854999999999,167.79579806213948,133.1752019378603,30.904774792920676,27.521409274374225,0,0,,,,106.03902222222227,107.0994124444445,104.97863200000005,,-0.039860976104422186,-5.014104348923909,-4.926813910899752,0,46.54791714784907,47.90454825124187,,,,,-1.7639457401577006,-1.9970139098915638,-0.23306816973386324,-0.8709887594461472,46.54791714784907,,,,,46.54791714784907,,46.54791714784907,,12.558089428823722,43.362911403362084,-21.681455701681042,0
2023-07-03,142.7,143.47,140.13,142.36,149.8064999999999,167.27237217977154,132.34062782022824,32.313055329307254,29.521180261243632,0,0,,,,106.23431111111117,107.29665422222229,105.17196800000005,,0.28600814348307413,-4.970745595150994,-5.112732508020679,0,46.0239709419262,47.06598948774233,,,,,-1.4283404078852004,-2.018493679590364,-0.5901532717051634,-0.8125962397787488,46.0239709419262,,,,,,,,,12.019369005516353,43.31697079505221,-21.658485397526103,0
2023-07-05,142.05,142.05,138.09,141.29,148.7899999999999,165.74635574055037,131.83364425944944,30.333344442661193,31.183724854963028,0,0,,,,106.41168888888895,107.47580577777784,105.34757200000006,,0.16092100692595146,-5.040661334767071,-5.635972626039198,0,45.017257316359704,46.06494159160713,,,,,-1.2060181085276773,-2.09767590736476,-0.8916577988370827,-0.739365730522819,45.017257316359704,,,,,,,,,12.457320159874955,43.27237001604554,-21.63618500802277,0
2023-07-06,140.21,140.21,132.44,133.58,147.11649999999992,163.1133400317086,131.11965996829124,23.000648898511244,28.549016223493215,0,0,,,,106.54293333333338,107.60836266666672,105.47750400000004,,-4.715709282336277,-9.201211284933986,-10.341973085140976,0,38.48493119965646,44.94246809971315,,,,,-1.4873544503742817,-2.7508508618049348,-1.263496411430653,-0.7365323398350538,38.48493119965646,38.48493119965646,38.48493119965646,38.48493119965646,,,,,,9.703922142794143,43.22110529408451,-21.610552647042255,0
2023-07-07,134.5,138.25,134.5,135.25,146.2594999999999,162.85955719869983,129.65944280129995,22.37773768087888,25.23724367401709,0,0,,,,106.66220000000004,107.72882200000004,105.59557800000005,,-2.9881792620646497,-7.5273742902169705,-8.935436739585745,0,40.49893525130002,43.81104660019893,,,,,-1.4676264868494613,-3.0980295199924797,-1.6304030331430184,-0.7058989899464542,40.49893525130002,,,,,,,,,7.511083651072553,43.16602136792595,-21.583010683962975,0
2023-07-10,134.33,140.52,133.32,138.91,145.3379999999999,161.4132226734215,129.26277732657832,26.484552994260042,23.954313191216702,0,0,,,,106.81251111111115,107.88063622222226,105.74438600000003,,-0.2828346637569923,-4.422793763502952,-6.290265637965198,0,44.76696129192625,43.31714930436505,,,,,-1.1298892531185571,-3.042764599541215,-1.9128753464226578,-0.5955736631206282,44.76696129192625,,,,,,,,,6.519845262975728,43.10974912126022,-21.55487456063011,0
2023-07-11,139.1,149.9,139.04,149.5,145.0219999999999,160.49789557990366,129.54610442009616,41.375326289467274,30.079205654868716,0,0,,,,107.01837777777781,108.0885615555556,105.94819400000003,,6.308843189123037,3.0878073671581463,0.707082728005437,0,54.85698985858373,43.71872712562299,,,,,-0.16570305714494227,-2.1200041678538355,-1.9543011107088932,-0.018255589894493753,54.85698985858373,,,,,,,,,10.320623953034707,43.060387232962725,-21.530193616481363,0
2023-07-12,151.78,161.09,151.78,154.19,144.84099999999992,159.79011890380465,129.8918810961952,58.60871742436366,42.15619890269698,0,0,,,,107.24882222222226,108.32131044444448,106.17633400000004,,8.589095313886453,6.454664079922168,3.7487439890905527,0,58.47496081073668,44.852010240197004,,,,,0.7644384326554099,-0.9987530698896308,-1.7631915025450406,0.3316450035973729,58.47496081073668,,,,,58.47496081073668,,58.47496081073668,,14.85742366452863,43.02393571105854,-21.51196785552927,0
2023-07-13,156.08,157,152.13,153.89,144.5604999999999,158.5805235021231,130.5404764978767,62.414342294325806,54.13279533605223,0,0,,,,107.49451111111115,108.56945622222226,106.41956600000005,,7.578522044893643,6.453699316203321,3.4580124103898324,0,58.15390058534829,45.910384608650716,,,,,1.3042893540325278,-0.132829810004381,-1.4371191640369088,0.5513178839749706,58.15390058534829,,,,,,,,,18.37818445768528,43.00096590610212,-21.50048295305106,0
2023-07-14,154.62,154.62,147.74,149.51,144.29399999999993,157.71200491876704,130.87599508123282,62.34102131603241,61.12136034490728,0,0,,,,107.73366666666672,108.81100333333339,106.65633000000005,,3.7241053960677117,3.614841919968992,0.5147535032145711,0,53.53251942815776,46.808171433375136,,,,,1.307865023302288,0.1977121150909511,-1.1101529082113368,0.6175988909387959,53.53251942815776,,,,,,,,,18.01231513346635,42.976379520657765,-21.488189760328883,0
2023-07-17,150,159.04,148.875,158.48,144.34649999999993,157.97622673974269,130.71677326025718,70.65066149140381,65.13534170058735,0,0,,,,108.01522222222226,109.09537444444449,106.93507000000004,,8.774434438831502,9.79137007132147,6.44171161066287,0,60.46213537159751,48.40470923933365,,,,,1.824111234461421,1.1699861348654395,-0.6541250995959815,0.6709167471782416,60.46213537159751,,,,,,,,,18.806988979689702,42.95508860156518,-21.47754430078259,0
2023-07-18,158.5,159.86,154.0001,158.65,144.63949999999994,159.2026569036404,130.0763430963595,72.9999790626338,68.66388729002335,0,0,,,,108.29571111111116,109.37866822222227,107.21275400000005,,7.687086373663643,9.686496427324531,6.491280669801958,0,60.582111421424464,49.66368692996713,,,,,2.0688739696740255,1.9319673624965503,-0.13690660717747505,0.7461643528545417,60.582111421424464,,,,,,,,,19.672003116805246,42.937521812582624,-21.468760906291312,0
2023-07-19,160.4,162.2,154.87,160.44,145.1514999999999,161.11346388293396,129.18953611706587,77.87327097825634,73.841303844098,0,0,,,,108.58193333333337,109.6677526666667,107.49611400000003,,7.504690431519645,10.532788155823457,7.721230025513526,0,61.893318461137575,50.80211283239286,,,,,2.2293144877587756,2.6497365025209945,0.42042201476221885,0.8338716036166647,61.893318461137575,,,,,61.893318461137575,,61.893318461137575,,22.072730849639374,42.931354524902254,-21.465677262451127,0
2023-07-20,157.49,159.72,144.35,146.09,145.34099999999992,161.2529639265576,129.42903607344223,66.10967234234774,72.32764079441263,0,0,,,,108.7968666666667,109.88483533333337,107.70889800000003,,-2.9244273743945115,0.5153397871213716,-1.451237171819031,0,48.08425168217627,51.24144005487,,,,,1.2933947639885144,2.037165469747862,0.7437707057593475,0.7206061558137694,48.08425168217627,48.08425168217627,,48.08425168217627,,,,,,18.484381497247053,42.90833149998029,-21.454165749990146,0
2023-07-21,148.34,151.4,144.91,149.5,145.6659999999999,161.63883619148683,129.693163808513,62.23228787307713,68.73841039789373,0,0,,,,109.04677777777782,110.1372455555556,107.95631000000004,,-1.5903525632586568,2.6320486592616543,0.9146444361941564,0,50.88834396042379,51.55147054148248,,,,,0.8498139402128103,1.8060381310253604,0.9562241908125501,0.683009527970731,50.88834396042379,,,,,,,,,15.744964926529548,42.87477471869592,-21.43738735934796,0
2023-07-24,149,151.13,144.63,147.68,146.04849999999993,161.82837994251074,130.26862005748913,56.02180323305659,61.45458781616048,0,0,,,,109.29153333333338,110.38444866666671,108.19861800000004,,-3.346357490199192,1.1170946637589996,-0.09673731422048526,0,49.3560733337421,51.78947785518361,,,,,0.40237156089324233,1.459188641929103,1.0568170810358606,0.6005385626204158,49.3560733337421,,,,,,,,,12.172457865488576,42.830474615368196,-21.415237307684098,0
2023-07-25,147.23,150.3967,147.01,148.53,146.66199999999995,161.81349180774055,131.51050819225935,53.09898525767661,57.11769212127012,0,0,,,,109.54224444444448,110.63766688888893,108.44682200000003,,-2.7282967464766883,1.273676889719244,0.6437186610650958,0,50.111598556562214,52.15335937234094,,,,,0.14544057847142455,1.2386178041251412,1.0931772256537167,0.50379402973571,50.111598556562214,,,,,,,,,12.568598800527349,42.78732801764085,-21.393664008820426,0
2023-07-26,147.52,150.42,146.37,148.21,147.04599999999994,161.94354530115757,132.1484546988423,52.215905409656365,53.77889796679653,0,0,,,,109.78308888888893,110.88091977777782,108.68525800000003,,-2.5562466304619558,0.7915890265631553,0.6451174792882375,0,49.810327969561776,52.962316284477026,,,,,-0.05361095970171004,1.0261635260265791,1.0797744857282892,0.28358862488267406,49.810327969561776,,,,,,,,,12.095368897045693,42.74306934876274,-21.37153467438137,0
2023-07-27,151.13,155.99,144.95,145.53,147.15549999999993,161.9744628179589,132.33653718204096,47.59016740033161,50.968352689221526,0,0,,,,110.0132666666667,111.11339933333336,108.91313400000003,,-3.789451415424927,-1.104613826870171,-0.8612957357573725,0,47.24835429972915,53.44441764507911,,,,,-0.356437669370947,0.6342273990146055,0.9906650683855525,-0.09036542570337996,47.24835429972915,47.24835429972915,,47.24835429972915,,,,,,11.390916361258311,42.697221653370555,-21.348610826685277,0
2023-07-28,148.9,152.65,148.88,150.96,147.77449999999993,162.13611616950018,133.41288383049968,51.848984549399326,50.551685786462436,0,0,,,,110.27157777777782,111.3742935555556,109.16886200000005,,-0.29523073569915903,2.155649317033781,2.9284423686631866,0,52.57123569724877,54.00186581688786,,,,,-0.19006032244686766,0.7530896653269679,0.9431499877738355,-0.43732507072891635,52.57123569724877,,,,,,,,,11.804120676309525,42.65249430606801,-21.326247153034004,0
2023-07-31,151.93,156.1899,151.93,155.19,148.38699999999992,162.91555271525948,133.85844728474035,55.990783794818356,51.80997858151644,0,0,,,,110.55366666666671,111.65920333333338,109.44813000000005,,2.7217728590529067,4.584633424760987,5.866462317888077,0,56.272818610631155,54.102996442034105,,,,,0.18553525104443946,1.175069051579385,0.9895338005349454,-0.3990943316918847,56.272818610631155,,,,,56.272818610631155,,56.272818610631155,,13.288269563588898,42.61176318392101,-21.305881591960507,0
2023-08-01,153.39,153.71,149.33,152.28,148.88299999999992,163.23085433436177,134.53514566563808,54.204787886517806,54.014852076911836,0,0,,,,110.81291111111115,111.92104022222226,109.70478200000004,,1.2224061259895613,2.281657408837856,3.893386700627577,0,53.19693707826563,53.7259947468576,,,,,0.21649442308763378,1.2601518293944878,1.043657406306854,-0.3290211045804374,53.19693707826563,,,,,,,,,14.729048004257782,42.57538534440257,-21.287692672201285,0
2023-08-02,149.16,150.12,139.765,144.15,149.02599999999993,163.12311516587926,134.9288848341206,40.17709222901639,50.12422130345086,0,0,,,,111.0414444444445,112.15185888888894,109.93103000000005,,-3.13281187001051,-3.2719122837625125,-1.517825626544389,0,45.68388787978632,52.83527955360317,,,,,-0.30380239524710473,0.6639044122479731,0.9677068074950779,-0.42556301445375144,45.68388787978632,,,,,,,,,12.78849639602702,42.53347202840573,-21.266736014202866,0
2023-08-03,142,145,140.31,141.24,149.40899999999993,162.1585284618705,136.65947153812937,34.27869790575516,42.886859340429794,0,0,,,,111.22673333333339,112.33900066666672,110.11446600000005,,-4.777956811639172,-5.467542115936741,-3.4826165295017586,0,43.32526781942563,52.10619015297946,,,,,-0.8085203375407796,-0.04294361443089656,0.765576723109883,-0.6189971820074736,43.32526781942563,,,,,,,,,9.12382252121924,42.48367613536051,-21.241838067680256,0
2023-08-04,141.47,143.08,137.01,137.36,149.51449999999994,161.82084710220843,137.20815289779145,26.204142774196022,33.55331096965586,0,0,,,,111.38682222222226,112.50069044444449,110.27295400000004,,-6.629597656223451,-8.129311872761457,-6.013296992781392,0,40.33506201652445,50.66854205618852,,,,,-1.3370759461100494,-0.9057682095276789,0.43130773658237065,-0.6454900912574718,40.33506201652445,,,,,,,,,5.21850073507394,42.42920626328378,-21.21460313164189,0
2023-08-07,137.5,140.93,135.28,140.14,149.57599999999996,161.68038829515984,137.4716117048401,25.515344672897747,28.666061784282988,0,0,,,,111.57077777777783,112.68648555555562,110.45507000000005,,-4.2491408112928175,-6.308498689629339,-4.113525644534555,0,43.35184023566951,49.43780840006317,,,,,-1.424791676121096,-1.3496818585689994,0.07510981755209667,-0.6262720342711897,43.35184023566951,,,,,,,,,3.934048083354545,42.37417560453458,-21.18708780226729,0
2023-08-08,139.1,139.255,130.43,136,148.90099999999995,162.37520186875747,135.42679813124244,20.924706437601017,24.214731294898268,0,0,,,,111.72184444444451,112.83906288888896,110.60462600000007,,-6.27541245710036,-8.66414597618549,-6.94067468010865,0,40.10014134882811,47.881152892041065,,,,,-1.6699701524115937,-2.0123528729623956,-0.34238272055080177,-0.6120193403926604,40.10014134882811,40.10014134882811,,40.10014134882811,,,,,,2.3618708918306224,42.31897078500579,-21.159485392502894,0
2023-08-09,144.23,153.42,141.51,144.91,148.43699999999995,161.7892973304229,135.084702669577,29.873712063496342,25.437921057998377,0,0,,,,111.9128222222223,113.03195044444453,110.79369400000007,,0.09255677736641488,-2.3760922142053276,-0.9428803193672008,0,48.97128241342685,47.94451222998754,,,,,-1.1643638540462917,-1.7978375381086664,-0.6334736840623747,-0.6285930782756001,48.97128241342685,,,,,,,,,3.871897756194256,42.264341358552315,-21.132170679276157,0
2023-08-10,146.5,147.24,139,140.98,147.79149999999996,161.27450749091275,134.30849250908716,32.6809877801017,27.826468760399695,0,0,,,,112.09802222222228,113.21900244444451,110.97704200000005,,-2.3149784161695552,-4.60885774892329,-3.5774863667038526,0,45.752663222467476,47.57767789156208,,,,,-1.031449904348806,-1.922786064498382,-0.8913361601495762,-0.6380466121065838,45.752663222467476,,,,,,,,,3.836334867017356,42.20990808486754,-21.10495404243377,0
2023-08-11,138.25,140.93,137.28,138.81,147.25649999999996,161.26326304504408,133.24973695495584,30.011705264580236,30.855468369392767,0,0,,,,112.27540000000006,113.39815400000006,111.15264600000006,,-3.00197056727185,-5.7359097900601785,-5.066624112343487,0,44.03179972290717,47.19737263364531,,,,,-1.0244298961267433,-2.1718735303080052,-1.147443634181262,-0.6897220255161738,44.03179972290717,,,,,,,,,4.286752242568249,42.15589481587514,-21.07794740793757,0
2023-08-14,137.36,138.98,136,137.45,146.20499999999998,159.83610046914706,132.5738995308529,29.366194514705576,30.686295853129177,0,0,,,,112.45477777777785,113.57932555555563,111.33023000000007,,-2.7467240256983994,-5.988167299339963,-5.878942539020359,0,42.941683094141446,46.68523581490096,,,,,-1.0426585812351017,-2.450766860725139,-1.4081082794900373,-0.7214452023461803,42.941683094141446,,,,,,,,,2.2915436887916525,42.10153732599151,-21.050768662995754,0
2023-08-15,135.76,137.105,130.43,130.59,144.80199999999996,158.79211450989635,130.81188549010358,22.719034183678712,27.365644654321514,0,0,,,,112.6090444444445,113.73513488888895,111.48295400000006,,-6.1604018309464825,-9.81478156379053,-10.335546507556238,0,37.851230257584206,45.83101454975971,,,,,-1.4243778015620248,-3.188580531442568,-1.7642027298805434,-0.779615983955175,37.851230257584206,,,,,,,,,-0.3878268056436191,42.04817832959682,-21.02408916479841,0
2023-08-16,130.45,131.3315,129.0055,130.24,143.29199999999997,156.7122780895177,129.87172191048225,17.720225693276024,23.26848479722011,0,0,,,,112.77664444444451,113.90441088888896,111.64887800000007,,-5.467003454983621,-9.10867319878288,-10.349131759609442,0,37.606286476494326,45.14229541952865,,,,,-1.5952160585066348,-3.7582228030138367,-2.163006744507202,-0.8505504013833124,37.606286476494326,,,,,,,,,-2.606286559370503,41.99699373371869,-20.998496866859345,0
2023-08-17,130.71,130.9899,125.48,126.61,142.31799999999996,157.4969730877953,127.1390269122046,14.244824072159542,18.2280279830381,0,0,,,,112.94286666666673,114.0722953333334,111.81343800000006,,-7.1154509240035635,-11.03725459885605,-12.708243800086017,0,35.071376756179575,43.89230549516657,,,,,-1.8306087065660774,-4.451267627714799,-2.6206589211487215,-0.8620796272661335,35.071376756179575,,,,,,,,,-5.334795126960902,41.95005056624895,-20.975025283124474,0
2023-08-18,123.49,126.89,121.89,123.9,141.03799999999995,157.81226433558345,124.26373566441646,11.96697162936579,14.64400713160046,0,0,,,,113.0919333333334,114.22285266666674,111.96101400000006,,-8.197061416832796,-12.151335101178374,-14.353259967925746,0,33.26843472356576,42.24913521751904,,,,,-2.0312385465221574,-5.159707104301418,-3.128468557779261,-0.8632079786422031,33.26843472356576,33.26843472356576,,33.26843472356576,,,,,,-7.036985659290067,41.906694403777365,-20.953347201888683,0
2023-08-21,124.62,128.35,124.01,126.89,139.99849999999998,157.55593862298826,122.44106137701168,14.9286282107517,13.713474637425685,1,0,,,,113.23757777777784,114.36995355555563,112.10520200000006,,-5.049461979377146,-9.363314606942208,-12.042792116268918,0,37.10990752849258,41.10006167824954,,,,,-1.8311720968054686,-5.417433678786097,-3.586261581980628,-0.8524637422794706,37.10990752849258,,,,,,,,,-7.949095531965992,41.8655838895624,-20.9327919447812,0
2023-08-22,128.8,130.65,126.14,129.99,139.07150000000004,156.68692082948698,121.45607917051309,22.183896129167405,16.35983198976164,0,0,,,,113.37828888888896,114.51207177777785,112.24450600000007,,-2.2903402812751716,-6.5300942321036555,-9.485910049925849,0,40.90803940131015,40.758929644072666,,,,,-1.3792512347506838,-5.310325625418983,-3.9310743906682992,-0.8177337435670902,40.90803940131015,,,,,,,,,-7.21362522337811,41.82286092028794,-20.91143046014397,0
2023-08-23,130.55,136.71,129.41,135.89,138.45550000000003,155.60505331779683,121.30594668220323,34.83835700754429,23.98362711582114,0,0,,,,113.56060000000005,114.69620600000005,112.42499400000005,,2.84179059295413,-1.8529419199670993,-4.974021524024009,0,47.41695365522695,41.05119291805847,,,,,-0.6113302933785922,-4.69523725739154,-4.0839069640129475,-0.6832259614713947,47.41695365522695,,,,,47.41695365522695,,47.41695365522695,,-4.406893188370494,41.774925198932614,-20.887462599466307,0
2023-08-24,137.45,137.4599,130.9,131.3,137.74400000000003,154.84115695663942,120.64684304336065,36.04583519529223,31.022696110667983,0,0,,,,113.72091111111116,114.85812022222228,112.58370200000005,,0.10139745515254095,-4.67824369845512,-7.697715289982455,0,43.41083635770597,41.270891085285726,,,,,-0.3536562569544506,-4.525977285206011,-4.17232102825156,-0.6740167104178676,43.41083635770597,,,,,,,,,-3.4176343412300567,41.72573158983222,-20.86286579491611,0
2023-08-25,131.09,135.33,131.09,135.07,136.9495,152.9584156097463,120.94058439025369,44.54489869406273,38.47636363229976,0,0,,,,113.89011111111117,115.02901222222228,112.75121000000006,,3.270052678660118,-1.3724036962529995,-4.725068538887333,0,47.345763369272824,41.55617130911453,,,,,0.10501892946056213,-4.0410473664258575,-4.14606629588642,-0.5322783876295815,47.345763369272824,,,,,,,,,-2.3113610628378467,41.67540752336557,-20.837703761682786,0
2023-08-28,135.01,138.61,133.87,134.48,135.91400000000004,149.5768275258064,122.25117247419368,48.475827363045504,43.0221870841335,0,0,,,,114.03566666666673,115.17602333333339,112.89531000000007,,3.052967140755225,-1.0550789469812138,-4.602914122760171,0,46.797335049602935,42.03454228774131,,,,,0.3871488578254283,-3.6621302236046347,-4.049279081430063,-0.45654952687845957,46.797335049602935,,,,,,,,,-2.8330026392611565,41.62583994867186,-20.81291997433593,0
2023-08-29,133.21,145.25,133.21,144.63,135.5315,147.68518960439494,123.37781039560507,58.80684824755002,50.6091914348861,0,0,,,,114.22500000000005,115.36725000000006,113.08275000000005,,9.651250947687618,6.71319951450402,2.9385249013057946,0,56.19751581233313,42.550701816234614,,,,,1.2283532404945432,-2.513837530811884,-3.742190771306427,0.03859063730970032,56.19751581233313,,,,,,,,,0.05285572479274444,41.57409825311691,-20.787049126558454,0
2023-08-30,144.24,148.92,143.74,147.24,135.686,148.34217540965562,123.02982459034439,71.67608787205653,59.65292116088403,0,0,,,,114.41588888888896,115.56004777777785,113.27173000000006,,10.20958083832333,8.515248441254064,5.125373645831344,0,58.24073434672606,43.4427068965388,,,,,1.8918924855950658,-1.3773251643125946,-3.2692176499076604,0.4388398290444081,58.24073434672606,,,,,,,,,2.5145486346685533,41.522131117309556,-20.761065558654778,0
2023-08-31,147.04,148.74,145.105,147.16,135.98200000000003,149.3980152057137,122.56598479428636,73.42957973170107,67.97083861710254,0,0,,,,114.63215555555561,115.77847711111117,113.48583400000005,,8.481073310972631,8.220205615449071,5.041506955894803,0,58.15119603680545,44.45123520467439,,,,,2.2333093194038165,-0.47758100065289,-2.7108903200567065,0.6968663050611412,58.15119603680545,,,,,,,,,5.08373376104875,41.471472559964845,-20.735736279982422,0
2023-09-01,149,152.47,145.25,148.92,136.56,151.11169131063366,122.00830868936634,77.95266837478626,74.35277865951463,0,0,,,,114.85713333333338,116.00570466666672,113.70856200000004,,7.7904123569561445,9.050966608084355,6.312450473903741,0,59.62193277590792,45.64268161051485,,,,,2.467262769503737,0.3731881418229648,-2.0940746276807722,0.8761330105142586,59.62193277590792,,,,,,,,,5.655596322303199,41.4214606798752,-20.7107303399376,0
2023-09-05,148.69,155.54,148.19,153.94,137.25,153.61144614635188,120.88855385364812,82.81053441576591,78.06426084075109,0,0,,,,115.11340000000004,116.26453400000004,113.96226600000004,,9.284264031463385,12.160291438979964,9.732713331543309,0,63.55609717058575,47.4787435328721,,,,,2.824018219280643,1.4359481464200314,-1.3880700728606115,0.9299310138109411,63.55609717058575,,,,,,,,,6.921822895334043,41.37292607419032,-20.68646303709516,0
2023-09-06,153.79,157.76,152.43,155.01,138.2005,156.27960780431306,120.12139219568694,84.23189907592695,81.66503395549306,0,0,,,,115.3688666666667,116.52255533333337,114.21517800000004,,8.123378253954904,12.163125314307832,10.325569919360756,0,64.35333989726084,49.38924734864113,,,,,2.980525592355591,2.3375869175838773,-0.6429386747717136,0.9678345105916382,64.35333989726084,,,,,,,,,8.444585034234033,41.32662163921822,-20.66331081960911,0
2023-09-07,151.12,157.39,148.08,156.22,138.76600000000002,158.29833155565282,119.2336684443472,85.24301745411677,84.09515031526989,0,0,,,,115.65353333333339,116.81006866666672,114.49699800000005,,7.443757436535803,12.578009022382997,10.97587542741314,0,65.2783621176637,51.546889160175716,,,,,3.005458227502084,3.113884109605891,0.10842588210380733,0.9760749479924353,65.2783621176637,,,,,,,,,9.9443583971845,41.28303203374827,-20.641516016874135,0
2023-09-08,155.24,160.9,155.24,156.51,139.5425,160.54463596280135,118.54036403719863,87.23794206043435,85.5709528634927,0,0,,,,116.00108888888893,117.16109977777782,114.84107800000004,,5.808623696913107,12.159377967285945,10.893563152151797,0,65.50937262044664,53.849813295667204,,,,,2.881053058053267,3.709742204670391,0.8286891466171241,0.9712485273463934,65.50937262044664,,,,,,,,,10.340924734157406,41.240338947410656,-20.620169473705328,0
2023-09-11,158.98,163.49,156.56,161.38,140.671,163.7201569477061,117.62184305229388,89.62388013378298,87.36827988277804,0,0,,,,116.33202222222228,117.4953424444445,115.16870200000005,,7.1943353991059,14.721584406167576,14.063442400482472,0,69.21366424779536,56.1429387756174,,,,,2.955285767978909,4.52279635659076,1.5675105886118512,0.971026157503274,69.21366424779536,,,,,69.21366424779536,,69.21366424779536,,11.673585037583344,41.200603761279254,-20.600301880639627,0
2023-09-12,159.2,162.02,159.01,160.15,141.80599999999998,166.29930635091952,117.31269364908044,87.63105934696833,88.1642938470619,0,1,,,,116.64753333333339,117.81400866666672,115.48105800000005,,4.5939026620339884,12.935982962639114,13.06195639896075,0,67.2491652688008,58.02444776615245,,,,,2.7541060077773993,5.0101430983336,2.256037090556201,0.964997523419125,67.2491652688008,,,,,,,,,12.39081392523181,41.162664185567685,-20.581332092783843,0
2023-09-13,160.5,163.5,159.535,160.64,143.3085,168.54094361927653,118.07605638072347,87.72811663741615,88.3276853727225,0,0,,,,116.9713555555556,118.14106911111116,115.80164200000004,,3.8282800209414214,12.093839514055315,13.185213020808796,0,67.64317013250746,59.469177514529626,,,,,2.494338439466234,5.373960139888993,2.879621700422759,0.9625455983151981,67.64317013250746,,,,,,,,,13.114293851891667,41.12663789491584,-20.56331894745792,0
2023-09-14,161.59,163.03,158.01,158.01,144.697,169.95633815443247,119.43766184556753,84.89530547203206,86.75149381880551,0,0,,,,117.27931111111117,118.45210422222229,116.10651800000005,,1.4223911062043237,9.200605403014572,10.97091060618116,0,63.245210832687974,60.885918548456914,,,,,2.0066704002753917,5.387959700766999,3.381289300491607,0.9309215079402723,63.245210832687974,63.245210832687974,,63.245210832687974,,,,,,12.028094548209234,41.08800567893937,-20.544002839469684,0
2023-09-15,158.1,160.54,157.48,159.53,146.343,170.95544733869426,121.73055266130571,79.4450977499623,84.02283995313685,0,0,,,,117.62277777777783,118.79900555555561,116.44655000000004,,1.5914055186555531,9.011022050935136,11.560740801174818,0,64.67471507761547,62.12370081333852,,,,,1.6619928226439886,5.458780328796593,3.796787506152604,0.9015805976631404,64.67471507761547,,,,,,,,,11.557558289124358,41.04839901750211,-20.524199508751057,0
2023-09-18,157.19,167.35,156.03,164.87,148.3915,171.9902171473358,124.7927828526642,82.75328593700212,82.36456305299883,0,0,,,,118.01388888888896,119.19402777777785,116.83375000000007,,3.9363030020299172,11.104746565672553,14.560412835324454,0,69.2059872695169,63.72431882904667,,,,,1.6650029222586742,5.878041158975947,4.2130382367172725,0.9355697016024429,69.2059872695169,,,,,,,,,12.195584558770706,41.010354419589724,-20.505177209794862,0
2023-09-19,164.34,166.5651,160.59,162.35,150.1645,172.31919203126006,128.00980796873995,80.65560899599512,80.95133089431987,0,0,,,,118.37526666666672,119.55901933333338,117.19151400000005,,1.807897558742555,8.114767471672724,12.23203607647585,0,64.97057990223107,64.35096626403937,,,,,1.380377411683658,5.938510001321845,4.558132589638187,0.9176939856412704,64.97057990223107,,,,,,,,,12.931201504786898,40.97419555307848,-20.48709777653924,0
2023-09-20,163.55,164.43,156.68,156.85,151.5075,171.78440496599518,131.2305950340048,72.65203800807251,78.68697764702326,0,0,,,,118.70877777777784,119.89586555555562,117.52169000000006,,-1.7544518982029689,3.5262280745177677,7.9114417546531035,0,56.80010188266653,64.24806394517798,,,,,0.7370652151357415,5.479464108557863,4.742398893422122,0.7906606274804664,56.80010188266653,,,,,,,,,12.10070128421348,40.9361069223044,-20.4680534611522,0
2023-09-21,153.41,153.9999,147.0001,152.37,152.3315,171.30001314679075,133.36298685320926,61.07050264145052,71.45938321517274,0,0,,,,119.0195333333334,120.20972866666673,117.82933800000006,,-4.329863247648602,0.025273827146721217,4.650204442328021,0,51.15679042649168,63.74846354444128,,,,,-0.033927262522366775,4.699989815269163,4.73391707779153,0.4510893084357191,51.15679042649168,51.15679042649168,,51.15679042649168,,,,,,9.06958382269977,40.892187785715386,-20.446093892857693,0
2023-09-22,154.23,157.24,151.955,152.67,153.4,169.73388624914406,137.06611375085595,54.24875181553378,62.657097488352285,0,0,,,,119.32851111111118,120.52179622222229,118.13522600000007,,-3.909819866315889,-0.4758800521512452,4.5763721924254375,0,51.50425971292497,63.16862975422822,,,,,-0.5394048069762318,4.05966106907124,4.599065876047471,0.034156992028804414,51.50425971292497,,,,,,,,,6.71317126136928,40.84530690302135,-20.422653451510676,0
2023-09-25,150.78,154.88,150.0012,153.06,154.2995,168.313235369272,140.28576463072798,44.21059433891543,53.17661626529991,0,0,,,,119.64504444444451,120.84149488888896,118.44859400000006,,-3.1572287250870024,-0.8033078525853887,4.503495739567409,0,51.98249307673684,62.341943747524724,,,,,-0.84499176462535,3.5428261702657835,4.3878179348911335,-0.2592774760970456,51.98249307673684,,,,,,,,,5.746135638496592,40.797695064567186,-20.398847532283593,0
2023-09-26,150.93,154.36,148.12,149.42,155.04649999999998,166.0170118841377,144.07598811586226,37.66137661926204,45.37357425790376,0,0,,,,119.94811111111117,121.14759222222229,118.74863000000006,,-4.814081043719787,-3.6289113266020134,1.7410784200240892,0,47.2946825218379,61.1234682207088,,,,,-1.2645310797403013,2.807154085215757,4.071685164956058,-0.5427428913209826,47.2946825218379,47.2946825218379,,47.2946825218379,,,,,,4.992274836629001,40.749708576397346,-20.374854288198673,0
2023-09-27,151.11,154.5,149.99,154.24,155.527,165.41932045578687,145.6346795442131,42.93112817424159,41.601033044139704,0,0,,,,120.27855555555561,121.48134111111116,119.07577000000006,,-1.341333145704482,-0.8275090498755744,4.462314371243981,0,53.300296446312146,60.267892101326545,,,,,-1.1907210227201461,2.5832838865558756,3.7740049092760217,-0.6564353117151798,53.300296446312146,,,,,,,,,5.288445572444091,40.70208676320934,-20.35104338160467,0
2023-09-28,158.58,161.41,155.715,159.14,156.122,165.3587626363329,146.88523736366713,47.72382040285641,42.77210839878669,0,0,,,,120.61984444444451,121.82604288888895,119.41364600000007,,1.7193991690635846,1.9331035984678557,7.082297844088958,0,58.47988485709906,59.76578583251601,,,,,-0.8037390749913631,2.769331065536818,3.573070140528181,-0.6282158269898794,58.47988485709906,,,,,,,,,6.606687659306278,40.655748404671314,-20.327874202335657,0
2023-09-29,162.49,174.7,162.19,165.87,157.0575,166.26393008988737,147.85106991011264,61.938042101251085,50.86433022611638,0,0,,,,121.00220000000007,122.21222200000007,119.79217800000008,,5.593185811412993,5.611002339907367,10.636547568757383,0,64.33142922163563,59.417054759218885,,,,,-0.1221350777535184,3.4204012933362833,3.5425363710898017,-0.259849382017425,64.33142922163563,,,,,,,,,10.248532023312372,40.614748630373704,-20.307374315186852,0
2023-10-02,166,168.39,163,165.95,157.90900000000002,167.09756223791058,148.72043776208946,66.7459769188467,58.80261314098474,0,0,,,,121.39357777777786,122.60751355555564,120.17964200000009,,5.571530357778998,5.092173340341577,9.664629109532473,0,64.39566462302079,59.21323328452031,,,,,0.28429241066671196,3.8979018844231916,3.6136094737564797,0.0031676475421813046,64.39566462302079,,,,,64.39566462302079,64.39566462302079,64.39566462302079,,12.758729328258589,40.57922172437111,-20.289610862185555,0
2023-10-03,163.16,165.685,157.33,158.42,158.13299999999998,167.1402528553386,149.12574714466137,61.576671078335764,63.42023003281119,0,0,,,,121.7487333333334,122.96622066666674,120.53124600000007,,1.0338076135689267,0.18149279404047203,3.966503911377095,0,54.45498552976579,58.271220098610186,,,,,0.010638612319612939,3.626907739155996,3.616269126836383,0.07073834977955153,54.45498552976579,,,,,,,,,12.42091211729359,40.542969395293184,-20.271484697646592,0
2023-10-04,160.25,164.0299,157.81,163.13,158.539,167.67763425244672,149.40036574755325,65.77884445891968,64.70049748536738,0,0,,,,122.13153333333341,123.35284866666674,120.91021800000007,,3.622631441874624,2.8958174329344777,6.287002488912807,0,58.74489149152028,57.94976871709821,,,,,0.10617238067025259,3.7489846026741986,3.642812222003946,0.1778787318332604,58.74489149152028,,,,,,,,,11.654244133070137,40.50508360158388,-20.25254180079194,0
2023-10-05,162.91,164.25,159.18,163.87,158.92149999999998,168.27766219397768,149.56533780602228,66.22593191872593,64.5271491519938,0,0,,,,122.48317777777784,123.70800955555562,121.25834600000006,,3.337810653499562,3.113801468020383,6.124255245660981,0,59.392054142216224,57.57243579314111,,,,,0.17449961178818452,3.860936736739177,3.6864371249509924,0.31365879216343867,59.392054142216224,,,,,,,,,11.065373344079523,40.46607274624845,-20.233036373124225,0
2023-10-06,161.54,166.25,160.77,164.24,159.308,168.8701369996448,149.74586300035517,66.79958896573923,66.26812178112829,0,0,,,,122.88677777777784,124.11564555555562,121.65791000000006,,2.8209398124381835,3.095889723052214,5.612881376276957,0,59.732186886796846,56.89573576580397,,,,,0.1981822305608425,3.9341649131520455,3.735982682591203,0.5837898308177163,59.732186886796846,,,,,,,,,12.262029067664704,40.42972412913591,-20.214862064567956,0
2023-10-09,162.44,174.54,162.44,174.24,159.951,171.50586719958235,148.39613280041763,77.06601893919634,70.03051327455384,0,0,,,,123.33473333333339,124.56808066666673,122.10138600000005,,7.6539060376145995,8.933360841757798,11.110402571149791,0,67.62497572768811,57.08533546762235,,,,,0.8067533943881102,4.744424425576341,3.9376710311882306,0.8114957331796715,67.62497572768811,,,,,,,,,14.588331199235526,40.399359985874746,-20.199679992937373,0
2023-10-10,175,179.02,173.03,175.59,160.72299999999998,174.14085243621335,147.30514756378662,82.5393106460611,75.46830618366556,0,0,,,,123.7870444444445,125.02491488888894,122.54917400000006,,6.761760574941178,9.250076218089532,11.00130225344631,0,68.52198760521604,57.922613019233026,,,,,1.1961575148594985,5.432867924762604,4.236710409903106,0.8873424456386387,68.52198760521604,,,,,68.52198760521604,,68.52198760521604,,17.020206243123326,40.37651185616333,-20.188255928081666,0
2023-10-11,178,179.84,171.5966,173,161.34099999999998,175.78588269249673,146.89611730750323,81.688717048453,80.43134887790349,0,0,,,,124.24188888888895,125.48430777777784,122.99947000000006,,4.000721392287088,7.226309493557137,8.714094499569502,0,64.81182437966041,58.89797258731651,,,,,1.1736108906959588,5.703724023273054,4.530113132577095,0.8984759810971723,64.81182437966041,,,,,,,,,18.76978347732264,40.35984166873938,-20.17992083436969,0
2023-10-12,174.58,177.5,170.18,175.12,162.1965,177.73613226720593,146.65686773279404,82.41201045983482,82.21334605144965,0,0,,,,124.7123333333334,125.95945666666674,123.46521000000007,,4.273473738113531,7.967804484067176,9.407376709490256,0,66.414817143493,59.96301240378565,,,,,1.1919497518668134,6.020050322410611,4.828100570543798,0.9048888941246704,66.414817143493,,,,,,,,,18.762544164756264,40.343074048921835,-20.171537024460918,0
2023-10-13,174.86,174.935,159.75,160.1,162.225,177.74704690110082,146.70295309889917,65.1077969013991,76.40284146989565,0,0,,,,125.12300000000006,126.37423000000007,123.87177000000005,,-4.341383554604894,-1.3099090768993737,-0.2452848606695035,0,49.284543387070364,59.77030171166662,,,,,0.1384020373297732,5.001103117206014,4.862701079876241,0.7158254237199179,49.284543387070364,49.284543387070364,,49.284543387070364,,,,,,15.064753847737174,40.3140848345453,-20.15704241727265,0
2023-10-16,161.64,167.6,160.65,167.2,162.3415,177.97577551887025,146.70722448112974,63.89919320817528,70.47300018980307,0,0,,,,125.55748888888895,126.81306377777784,124.30191400000007,,-0.17374067860363995,2.99276525102945,3.7845353593663367,0,55.17073074034016,60.33287658441678,,,,,-0.12042342745830492,4.71217179555336,4.832595223011665,0.5905153367402218,55.17073074034016,,,,,,,,,13.563947643579779,40.281105720376836,-20.140552860188418,0
2023-10-17,166.48,172.89,165.2168,170.8,162.76399999999998,178.82718075600158,146.70081924399838,63.56898638765095,64.1919921657418,0,0,,,,126.01317777777784,127.27330955555563,124.75304600000005,,1.2274120038642033,4.937209702391221,5.650573717254814,0,57.842491187127834,60.65731906590361,,,,,-0.09065167789072959,4.719280625648253,4.809932303538982,0.5021297815299203,57.842491187127834,,,,,,,,,12.411273998371165,40.24546187910446,-20.12273093955223,0
2023-10-18,169.64,171.39,164.3308,166.4,163.2415,179.1400147419484,147.3429852580516,56.07601537724379,61.18139832435668,0,0,,,,126.4479333333334,127.71241266666674,125.18345400000005,,-1.571077039560842,1.934863377266205,2.687736303159194,0,53.63503785987673,60.31125856610202,,,,,-0.3918881667604497,4.32007209508842,4.71196026184887,0.33618430686923917,53.63503785987673,,,,,,,,,13.69543681141152,40.212947242362546,-20.106473621181273,0
2023-10-19,167,168.89,149.2806,152.96,163.27100000000002,179.0907103639713,147.45128963602872,36.91371789769272,52.18623988752916,0,0,,,,126.81802222222228,128.0862024444445,125.54984200000006,,-8.933408745869675,-6.315267255054479,-5.5429305404604445,0,43.27924664244911,58.80753123901727,,,,,-1.4608213807799961,2.8859335358738747,4.346754916653871,-0.012814091035091573,43.27924664244911,43.27924664244911,,43.27924664244911,,,,,,10.376856024051255,40.17342086425654,-20.08671043212827,0
2023-10-20,151.63,153.83,148.14,153.63,163.31900000000002,179.01510002516358,147.62289997483646,33.6252514638574,42.20499491293131,0,0,,,,127.20500000000007,128.47705000000008,125.93295000000006,,-7.953074821454253,-5.932561428860095,-5.072911517548217,0,43.86116002665929,57.34078091070573,,,,,-2.051100040071281,1.7828798665647696,3.8339799066360505,-0.2245533150073367,43.86116002665929,,,,,,,,,6.42488509112227,40.12888766778965,-20.064443833894824,0
2023-10-23,150.5,162.97,150.5,159.16,163.624,178.73709022006958,148.51090977993042,35.15610300152134,35.231690787690496,0,0,,,,127.61642222222228,128.8925864444445,126.34025800000006,,-3.770345111127227,-2.7282061311299066,-1.610968930430401,0,48.55268548966418,56.91918805069847,,,,,-1.995595196789263,1.339485910649472,3.335081107438735,-0.4607733054741123,48.55268548966418,,,,,,,,,4.701766817728607,40.08338993361759,-20.041694966808794,0
2023-10-24,159.98,163.25,157.8,160.77,164.19150000000002,177.91722806811873,150.4657719318813,36.47571009704875,35.08568818747584,0,0,,,,128.02131111111117,129.3015242222223,126.74109800000006,,-1.918078992642469,-2.08384721498982,-0.6283995384869012,0,49.866293787776314,56.28500250043104,,,,,-1.7838522976463387,1.1052657353808115,2.88911803302715,-0.5786173281100674,49.866293787776314,,,,,,,,,6.366346661937605,40.0391068430636,-20.0195534215318,0
2023-10-25,159.89,161.34,151.34,151.85,164.07200000000003,178.17854259554514,149.96545740445492,29.122859745784602,33.584890948118236,0,0,,,,128.38220000000007,129.66602200000008,127.09837800000007,,-6.148987323778254,-7.449168657662508,-5.971544807742735,0,43.27377181958559,55.133696620243136,,,,,-2.1532165643630075,0.19759732757339066,2.350813891936398,-0.7417044299021595,43.27377181958559,,,,,,,,,5.8869950483940015,39.99460134412794,-19.99730067206397,0
2023-10-26,150,151.7,140.16,142.04,163.217,180.19602600268732,146.2379739973127,21.067515526536823,28.8886951231234,0,0,,,,128.69926666666674,129.9862593333334,127.41227400000008,,-10.379769198251,-12.974751404571839,-11.755204148408327,0,37.415320792750855,53.53963475638271,,,,,-2.9193349642136703,-1.2983548133306897,1.6209801508829806,-0.8684784944782811,37.415320792750855,37.415320792750855,,37.415320792750855,,,,,,2.003471363407799,39.9491904452104,-19.9745952226052,0
2023-10-27,144.53,148.02,141.75,143.57,162.102,181.05213625280706,143.15186374719295,20.765803239524384,23.652059503948617,0,0,,,,129.03460000000007,130.32494600000007,127.74425400000007,,-8.45968451523228,-11.43230805295432,-10.508884493276405,0,38.80677369547162,51.48119175408153,,,,,-3.1636239132405723,-2.333549740667735,0.8300741725728376,-0.8868406982233773,38.80677369547162,,,,,,,,,-1.866799205430146,39.90628660006646,-19.95314330003323,0
2023-10-30,145.45,146.3515,141.13,143.36,160.97250000000003,181.49798842293268,140.44701157706737,18.6973387193746,20.176885828478618,0,0,,,,129.37024444444452,130.66394688888897,128.07654200000007,,-7.182721069056141,-10.94130985106152,-10.23861651260496,0,38.679659028229835,49.34959685572538,,,,,-3.171866437840369,-3.1347588747276234,0.03710756311274532,-0.8881418284586801,38.679659028229835,,,,,,,,,-3.7691468323841053,39.86591423777847,-19.932957118889234,0
2023-10-31,144,146.725,141.5,146.05,160.354,181.87140356083773,138.8365964391623,20.35586581322861,19.93966925737588,1,0,,,,129.7171333333334,131.01430466666673,128.41996200000008,,-3.9011968758841498,-8.920263916085657,-8.242182837110246,0,41.33070153192339,47.67237379517274,,,,,-2.839426999543062,-3.5121761863160827,-0.6727491867730204,-0.8722533407489436,41.33070153192339,,,,,,,,,-2.9817270781678786,39.824575465001345,-19.912287732500673,0
2023-11-01,147.67,149,144.16,148.62,159.62850000000003,181.6940698090923,137.56293019090776,28.045281496886936,22.366162009830063,0,0,,,,130.07166666666674,131.3723833333334,128.77095000000008,,-1.052589530029735,-6.896324904387385,-6.466338286999362,0,43.829250553733644,46.05911903876135,,,,,-2.312068222863102,-3.562834465351898,-1.2507662424887958,-0.8190884473997851,43.829250553733644,,,,,,,,,-2.0438150731764257,39.78225671123149,-19.891128355615745,0
2023-11-02,153.99,154.95,149.1625,150.1,158.94000000000003,181.29069663343688,136.58930336656317,32.31913818916505,26.90676183309355,0,0,,,,130.43357777777786,131.73791355555562,129.1292420000001,,0.12340326184840933,-5.561847237951445,-5.489897304478697,0,45.27462055435146,45.77269597928143,,,,,-1.754474381990643,-3.4438592199770994,-1.6893848379864564,-0.8048131617573536,45.27462055435146,,,,,,,,,-0.7953176203917621,39.73891114693838,-19.86945557346919,0
2023-11-03,152,163.17,152,159.33,158.69450000000003,180.91442301966683,136.47457698033324,44.69774681728276,35.02072216777827,0,0,,,,130.82584444444453,132.13410288888898,129.51758600000008,,5.877662225471014,0.40045496220724175,0.1817141491816443,0,53.338629129437656,45.64183157850268,,,,,-0.708574082554386,-2.575102441179439,-1.866528358625053,-0.5847500683164689,53.338629129437656,,,,,,,,,1.9319726055765836,39.69440095020745,-19.847200475103726,0
2023-11-06,160.81,161.89,151.1072,157.34,157.84950000000003,178.894767852891,136.80423214710908,48.20632476710492,41.741069924517596,0,0,,,,131.19628888888894,132.50825177777784,129.88432600000004,,4.681875943926639,-0.32277580860251565,-1.158200904196649,0,51.57409574159578,45.19408904667897,,,,,-0.12585978129348585,-2.0238530852419103,-1.8979933039484245,-0.3113475244368597,51.57409574159578,,,,,,,,,3.6602065086902087,39.65008105838981,-19.825040529194904,0
2023-11-07,157.5,166.86,157.5,164.53,157.29650000000004,176.98560386482643,137.60739613517364,57.010981774052595,49.97168445281344,0,0,,,,131.59988888888896,132.91588777777784,130.28389000000007,,9.192389118589862,4.5986401477464245,3.0325928585443807,0,57.096647081492115,45.44134684822292,,,,,0.7221246768998066,-0.9953374578236662,-1.7174621347234729,0.1462686767216693,57.096647081492115,,,,,,,,,6.625955315861373,39.60754387777298,-19.80377193888649,0
2023-11-08,166.25,167.5,162.1,167.27,157.01000000000005,175.92842065289582,138.09157934710427,64.70608386871741,56.64113013662499,0,0,,,,132.01735555555564,133.3375291111112,130.69718200000008,,9.886283758482772,6.534615629577711,4.464313594870539,0,59.01485151958402,46.56531862516113,,,,,1.4062881115968908,0.04039800477264066,-1.3658901068242502,0.354937263717079,59.01485151958402,,,,,,,,,8.139271973482314,39.566734494015435,-19.783367247007718,0
2023-11-09,185,203.51,184,203.02,158.40500000000003,185.01161834957506,131.798381650425,86.35697357906092,69.35801307394365,0,0,,,,132.59526666666673,133.9212193333334,131.26931400000007,,28.234766515705665,28.16514630220004,25.64336889096093,0,74.82829515696143,48.77725684875414,,,,,4.0553225922858225,3.703263133533028,-0.35205945875279454,0.5688700027874369,74.82829515696143,,,,,,,,,17.33014953772612,39.54671116791171,-19.773355583955855,0
2023-11-10,203.45,217.16,198.2201,211.53,160.97650000000004,196.26587816113982,125.68712183886026,90.10559362299801,80.38955035692545,0,0,,,,133.21540000000007,134.54755400000008,131.88324600000007,,28.1107107167732,31.404273294549178,29.688403679399265,0,77.09392434154572,50.81591676674568,,,,,6.04939735103658,7.209687230042931,1.1602898790063507,0.7345849755883981,77.09392434154572,,,,,,,,,26.424061188361918,39.565592298506594,-19.782796149253297,0
2023-11-13,207.07,214.72,202.6,213.32,163.28250000000006,205.28597217790337,121.27902782209674,92.20161474248827,89.55472731484907,0,0,,,,133.83926666666673,135.1776593333334,132.50087400000007,,23.943269169315172,30.644741475663295,29.531874929157766,0,77.55161232251814,52.79343951922725,,,,,7.085780849763834,10.017515941211144,2.9317350914473095,0.8599731447404132,77.55161232251814,,,,,,,,,35.04129825599626,39.637763832247025,-19.818881916123512,0
2023-11-14,218,223,212.59,219.31,165.70800000000006,214.25975654906728,117.15624345093283,94.48209773690746,92.26310203413128,0,0,,,,134.48868888888896,135.83357577777784,133.14380200000008,,22.221169546971954,32.347261447847984,31.54785112317424,0,79.05948492931903,55.3495618842082,,,,,7.719457344896909,12.581056772568445,4.861599427671536,0.9206791675106208,79.05948492931903,,,,,79.05948492931903,,79.05948492931903,,37.486386955360786,39.72708965856253,-19.863544829281263,0
2023-11-15,219.64,219.98,204.09,205.06,167.64100000000005,219.13806123653958,116.14393876346051,88.35076168697958,91.67815805545847,0,1,,,,135.0887333333334,136.43962066666674,133.73784600000008,,10.794733116851575,22.32091194874759,21.97772129008715,0,67.45179646110685,57.49502443194791,,,,,6.7582428024884384,13.309402930782085,6.551160128293646,0.9280179449751391,67.45179646110685,,,,,,,,,35.231237481168165,39.798599411274836,-19.899299705637418,0
2023-11-16,204.25,209.18,199.07,207.94,170.39000000000004,224.27334473656865,116.50665526343144,84.24091457073203,89.02459133153972,0,0,,,,135.69868888888897,137.05567577777785,134.34170200000008,,8.946113745317374,22.037678267503935,22.61938692272154,0,68.45970206854719,59.613090744310455,,,,,5.925563089365413,13.958113990000413,8.032550900635,0.9270269911765493,68.45970206854719,,,,,,,,,33.37273166270823,39.856369029102716,-19.928184514551358,0
2023-11-17,208.43,214.2,205,211.65,173.29100000000003,229.45192623879993,117.13007376120012,84.48047991394962,85.69071872388709,0,0,,,,136.3359333333334,137.69929266666674,134.97257400000007,,7.931278907887429,22.1355985019418,23.654783187857078,0,69.75884609820233,61.83303267787992,,,,,5.25656006767473,14.603250985228414,9.346690917553683,0.9167704706029685,69.75884609820233,,,,,,,,,31.12274221202342,39.89896702398155,-19.949483511990774,0
2023-11-20,210.93,219.32,210.93,216.41,176.15350000000004,234.9173205956685,117.38967940433156,84.12467783635446,84.28202410701208,0,0,,,,137.00717777777785,138.37724955555564,135.63710600000007,,7.131541949664366,22.85307984229661,25.40587943280217,0,71.38727377955513,63.979930695567894,,,,,4.7802444524230765,15.321996483082529,10.541752030659453,0.9034464372292879,71.38727377955513,,,,,,,,,33.03270122156304,39.95303855792808,-19.97651927896404,0
2023-11-21,214,217.88,210.02,214.93,178.86150000000004,239.50180450945913,118.22119549054094,82.97118076785837,83.85877950605418,0,0,,,,137.64900000000006,139.02549000000005,136.27251000000007,,3.8088522246479073,20.165602994495725,23.60894645126781,0,70.12291729721701,65.85804974867385,,,,,4.0405534559043765,15.592443850539922,11.551890394635546,0.8739871200801973,70.12291729721701,,,,,,,,,34.079615663549326,40.01329610054015,-20.006648050270076,0
2023-11-22,216.99,219.965,212.5,218.57,182.19750000000005,243.85915514320797,120.53584485679212,83.37127831036344,83.48904563819212,0,0,,,,138.30428888888898,139.68733177777787,136.92124600000008,,3.014506961267638,19.963226718258987,24.61373561842204,0,71.46167379587186,67.72855355163959,,,,,3.49209689725598,15.91701151620552,12.42491461894954,0.8395482763957277,71.46167379587186,,,,,,,,,35.04212214180193,40.07928369979001,-20.039641849895006,0
2023-11-24,217.16,222.49,217.16,221.46,186.16850000000005,247.20019808386377,125.13680191613633,82.32576590718834,82.88940832847008,0,0,,,,138.9733111111112,140.36304422222233,137.58357800000007,,3.4772776121634763,18.95675154497132,25.15918527281904,0,72.5147136571029,69.09827387504426,,,,,3.0364309354531347,16.220453288265958,13.184022352812823,0.8029604641665736,72.5147136571029,,,,,,,,,35.644273434789895,40.14856652157543,-20.074283260787716,0
2023-11-27,220.78,226.7948,220.55,221.74,190.07700000000006,249.69161703307233,130.46238296692778,85.79269404241049,83.82991275332078,0,0,,,,139.63668888888898,141.03305577777786,138.2403220000001,,3.116178925683255,16.657985974105195,23.878940468386833,0,72.62012628152772,70.60156177075368,,,,,2.4893263418976925,16.29568028018494,13.806353938287247,0.7535665817532666,72.62012628152772,,,,,72.62012628152772,72.62012628152772,72.62012628152772,,36.55327368146623,40.22333794568939,-20.111668972844694,0
2023-11-28,220.48,222.58,217.69,221.24,193.97100000000006,250.98837030063646,136.95362969936366,84.53446150505307,84.217640484884,0,0,,,,140.3017111111112,141.70472822222231,138.89869400000006,,2.5061274793704458,14.058287063530095,22.36815905722016,0,72.08844098549667,71.67240419246829,,,,,1.8581384562121332,16.129027008552413,14.27088855234028,0.6920369469809015,72.08844098549667,,,,,,,,,36.723811445078404,40.2983503009578,-20.1491751504789,0
2023-11-29,222.34,226,216.55,219.51,197.64400000000006,251.19939614268446,144.08860385731566,82.14308085253118,84.15674546666494,0,0,,,,140.95695555555565,142.3665251111112,139.5473860000001,,1.695150821631608,11.06332598004489,20.33066126771754,0,70.17403140432113,72.46948846994951,,,,,1.1246059040394254,15.676645932389562,14.552040028350136,0.7515931132879512,70.17403140432113,,,,,,,,,35.91211214178086,40.366713038142045,-20.183356519071022,0
2023-11-30,220.05,221.39,208.727,212.29,200.82750000000004,249.7138203258325,151.94117967416759,71.19673008144537,79.29142414634323,0,0,,,,141.5746000000001,142.9903460000001,140.15885400000008,,-1.9780767774525088,5.707634661587657,15.405105679742492,0,62.69142124609238,71.60256890488743,,,,,0.012456507449574161,14.567610662662105,14.55515415521253,0.5223090177237864,62.69142124609238,62.69142124609238,,62.69142124609238,,,,,,33.57147413617844,40.418691944920745,-20.209345972460373,0
2023-12-01,212.5,215.52,206.6286,213.3,203.98750000000004,247.18919805690348,160.7858019430966,64.98556758974853,72.77512617457505,0,0,,,,142.18784444444455,143.609722888889,140.7659660000001,,-1.754870802818831,4.565230712666213,14.700030471956804,0,63.2812600247362,70.61595002511532,,,,,-0.7535109007656011,13.613265529255528,14.36677643002113,0.38110833178094805,63.2812600247362,,,,,,,,,31.52358889193074,40.457438369970106,-20.228719184985053,0
2023-12-04,212.68,220.985,208.89,216.98,206.87000000000003,245.18519333110396,168.5548066688961,60.22298551250252,65.46842772789883,0,0,,,,142.8024666666668,144.23049133333345,141.37444200000013,,-0.3046273025091417,4.887127181321582,15.368868802339474,0,65.42604987536386,69.74983842174717,,,,,-1.090234301931762,13.003983552606428,14.09421785453819,0.3599405811114548,65.42604987536386,,,,,,,,,30.57953512810253,40.490179492677086,-20.245089746338543,0
2023-12-05,215.1,220.7,211.01,219.31,209.96850000000003,241.11264505167708,178.824354948323,61.188783514767394,62.13244553900617,0,0,,,,143.421088888889,144.85529977777787,141.9868780000001,,0.6318455672156276,4.449000683435833,15.377735690235683,0,66.75032190687443,68.87061249157254,,,,,-1.2239332598677528,12.5643012797035,13.788234539571253,0.5379596120182851,66.75032190687443,,,,,,,,,31.693945606348663,40.52885100087992,-20.26442550043996,0
2023-12-06,221.92,225,211.5,212.85,212.38450000000003,235.52188747136114,189.24711252863892,59.11373514537948,60.175168057549826,0,0,,,,144.0143777777779,145.4545215555557,142.5742340000001,,-2.239063038236311,0.2191779531933724,10.96571714559782,0,59.89992457862997,68.33119307139563,,,,,-1.7815393832038602,11.561310310566427,13.342849693770287,0.22455360528228102,59.89992457862997,,,,,,,,,31.2638975726195,40.56447543907005,-20.282237719535026,0
2023-12-07,214.67,214.67,209.343,211.42,214.592,225.03081717436996,204.15318282563007,54.82642234007935,58.3763136667421,0,0,,,,144.58713333333344,146.03300466666678,143.1412620000001,,-2.575918160453461,-1.478153892036993,9.090909090909062,0,58.46945172202918,67.61760376093007,,,,,-2.250548333355024,10.529664277076506,12.78021261043153,-0.20430212883305868,58.46945172202918,58.46945172202918,,58.46945172202918,,,,,,29.8365222944477,40.591616256114065,-20.295808128057033,0
2023-12-08,209,219,208.02,214.75,215.17850000000004,224.1682570044965,206.1887429955036,53.32354576782466,55.75456775109453,0,0,,,,145.16957777777787,146.62127355555566,143.7178820000001,,-0.7344953984256275,-0.1991369955641642,9.440507172026692,0,60.81612999440856,66.9788383249448,,,,,-2.3305385329359503,9.867039444261593,12.197577977197543,-0.46487959408583945,60.81612999440856,,,,,,,,,28.580978239938748,40.61170350247825,-20.305851751239125,0
2023-12-11,214.65,219.76,210.5,216.13,215.4085,224.24721546096762,206.56978453903238,48.082335642473176,52.07743458345909,0,0,,,,145.76255555555568,147.22018111111123,144.30493000000013,,0.16313062499420106,0.3349449998491183,8.802682185215716,0,61.77995159812738,66.29260102627138,,,,,-2.2816387734738814,9.345529510355192,11.627168283829073,-0.4994993750511299,61.77995159812738,,,,,,,,,28.931659830018287,40.63323555170264,-20.31661777585132,0
2023-12-12,216.73,231,215.31,226.28,216.0565,226.0168619914103,206.0961380085897,63.03362056256651,54.813167324288145,0,0,,,,146.39233333333343,147.85625666666675,144.9284100000001,,4.622668553092724,4.731864118876317,12.349062599300908,0,68.01220703724601,66.14183600770203,,,,,-1.5896354629174159,9.640123955182304,11.22975941809972,-0.2083194760521945,68.01220703724601,,,,,,,,,31.37359119916798,40.667627301737845,-20.333813650868922,0
2023-12-13,227.5,234.7,225.33,233.07,216.74450000000002,229.11746322632206,204.37153677367797,72.80382016754162,61.3065921241938,0,0,,,,147.044288888889,148.5147317777779,145.57384600000012,,7.090673503707956,7.532140377264462,14.077392703197411,0,71.37491542034047,66.13563898087835,,,,,-0.741627512198944,10.30272502785104,11.044352540049983,0.18057365066890227,71.37491542034047,,,,,,,,,34.33724355410493,40.719153190315815,-20.359576595157908,0
2023-12-14,234.55,239.75,227.62,234.69,218.22600000000003,231.69498422301848,204.75701577698158,77.97980204847504,71.27241425952775,0,0,,,,147.70815555555563,149.1852371111112,146.23107400000006,,6.736462947634592,7.544472244370493,13.279584511200483,0,72.12776236100899,66.10799960258593,,,,,-0.16853985620358358,10.833677719795503,11.002217575999087,0.4610978629718955,72.12776236100899,,,,,,,,,37.24357347455382,40.7889509589799,-20.39447547948995,0
2023-12-15,236.3,237.61,228.89,231.49,219.40350000000004,233.18369923658108,205.623300763419,78.51567656225087,76.43309959275588,0,0,,,,148.35557777777788,149.83913355555566,146.8720220000001,,4.417290265542606,5.5087999963537415,10.29075455157602,0,68.30621055821794,65.79986276520667,,,,,-0.10502611993597633,10.870934926079116,10.975961046015092,0.638975073464887,68.30621055821794,,,,,,,,,37.581805545018604,40.86016855111598,-20.43008427555799,0
2023-12-18,231.27,241.75,229.16,240.2,220.83100000000005,236.8378234200252,204.8241765799749,85.0989361589423,80.53147158988942,0,0,,,,149.03442222222233,150.52476644444457,147.5440780000001,,7.223048045031866,8.770960598828935,12.989389408851926,0,72.56677397174647,65.83402940708164,,,,,0.39607481236729036,11.471054561474205,11.074979749106914,0.7934495884871664,72.56677397174647,,,,,,,,,38.32712039527624,40.93561701135235,-20.467808505676174,0
2023-12-19,243.92,245.8699,240.58,241.21,222.071,240.2154117016761,203.9265882983239,86.29593191509319,83.30351487876214,0,0,,,,149.6930000000001,151.1899300000001,148.1960700000001,,6.631477969488397,8.618414831292709,11.99171704227835,0,73.01970026962377,66.03729146888898,,,,,0.6528796367604865,11.891079295057523,11.238199658297036,0.8875397321269097,73.01970026962377,,,,,73.01970026962377,,73.01970026962377,,38.95605013453315,41.01450837763758,-20.50725418881879,0
2023-12-20,239.69,241.11,233.26,234.75,223.06199999999998,241.69648373312154,204.42751626687843,80.98402257205166,84.12629688202907,0,1,,,,150.32851111111123,151.83179622222235,148.8252260000001,,2.7806601605085746,5.239798800333539,7.820652573304243,0,65.56363798980553,66.24244980772563,,,,,0.26489626679911993,11.569319991795936,11.304423724996816,0.8829948696977025,65.56363798980553,65.56363798980553,,65.56363798980553,,,,,,39.01898882959815,41.09285334889531,-20.546426674447655,0
2023-12-21,239.47,241.925,234.72,238.58,224.0625,243.74411667648153,204.38088332351847,82.94966456245456,83.40987301653315,0,0,,,,150.96446666666677,152.47411133333344,149.4548220000001,,3.229993726067115,6.479218967921896,8.396347715201745,0,67.67133505412876,66.55602659553938,,,,,0.14919088611367748,11.490912332638914,11.341721446525236,0.8856675716791527,67.67133505412876,,,,,,,,,38.078750084749544,41.16375218476823,-20.581876092384114,0
2023-12-22,239.06,239.06,234.99,238.25,224.90200000000004,245.47988677196656,204.32411322803353,75.17571359393332,79.70313357614653,0,0,,,,151.59037777777786,153.10628155555565,150.07447400000007,,2.049557749555597,5.935029479506615,7.671936151558678,0,67.28918314681391,66.6891075435001,,,,,-0.0556119762343954,11.272206476232242,11.327818452466637,0.8891408875483781,67.28918314681391,,,,,,,,,37.00263587455493,41.22662152980092,-20.61331076490046,0
2023-12-26,239.28,244.47,228.3801,233.67,225.4985,246.36479078202302,204.632209217977,65.83141813830404,74.652265431564,0,0,,,,152.1609111111112,153.6825202222223,150.6393020000001,,-0.6585352373745357,3.6237491601939675,5.2510675098643045,0,62.05171608014479,66.35349284159084,,,,,-0.5766216298006661,10.607041415215804,11.18366304501647,0.8566625809759785,62.05171608014479,,,,,,,,,36.349252047263015,41.28449811676316,-20.64224905838158,0
2023-12-27,235.31,239.04,234.48,236.31,226.25200000000004,247.5330193364858,204.97098066351427,64.71493755178052,68.57402309467265,0,0,,,,152.76722222222233,154.29489444444457,151.2395500000001,,0.03725309242998964,4.44548556476847,6.07404969064913,0,63.80075200423597,66.63212337199127,,,,,-0.8064336170949531,10.175621023647778,10.982054640742732,0.798207852604503,63.80075200423597,,,,,,,,,35.59525148634261,41.336925233365804,-20.668462616682902,0
2023-12-28,236.28,237,232.69,233.09,226.93100000000004,248.17478393789276,205.68721606210732,58.45667129003543,63.001008993373354,0,0,,,,153.3627333333334,154.89636066666674,151.82910600000008,,-1.326706854510984,2.714040831794673,4.413383046170494,0,60.15873545059811,66.75278649546047,,,,,-1.2138149091193675,9.464786004343523,10.67860091346289,0.6731829785164276,60.15873545059811,,,,,,,,,34.29916964194655,41.380883167045724,-20.690441583522862,0
2023-12-29,233.1,236,225.39,226.85,227.65900000000005,247.81608203088584,207.50191796911426,50.625551443937454,57.932386761917826,0,0,,,,153.9482000000001,155.4876820000001,152.4087180000001,,-3.6484879374787615,-0.35535603687973927,1.2885999535639403,0,53.75480232262837,66.24840594747619,,,,,-1.901100415787905,8.302225393728008,10.203325809515913,0.3609919501106439,53.75480232262837,,,,,,,,,32.68825522259309,41.41508350176188,-20.70754175088094,0
2024-01-02,224.65,226.19,209.52,214.35,227.71150000000006,247.7236625767899,207.6993374232102,33.53792987917274,47.54005087104856,0,0,,,,154.47944444444454,156.024238888889,152.9346500000001,,-8.290049031772263,-5.867731757069827,-4.383874099858332,0,43.715685856060546,64.95810125161425,,,,,-3.122961402702524,6.299624056137759,9.422585458840283,-0.3198684290917845,43.715685856060546,,,,,,,,,28.148439046513687,41.42583794922619,-20.712918974613096,0
2024-01-03,210.85,211.71,203.92,206.26,227.17550000000006,248.81661408869388,205.53438591130623,25.0159913924155,36.39315757184191,0,0,,,,154.97388888888898,156.52362777777788,153.42415000000008,,-10.451001163537866,-9.206758651351077,-7.918820703756301,0,38.68072579483391,62.86299544858482,,,,,-4.3272782140409465,4.0134876912891,8.340765905330047,-0.6431188378577319,38.68072579483391,,,,,,,,,22.69386243849213,41.41424366918245,-20.707121834591224,0
2024-01-04,206.12,211.01,204.03,205.68,226.49400000000006,249.87172734890746,203.11627265109266,21.745876608913168,26.76659929350048,0,0,,,,155.48086666666677,157.03567533333344,153.9260580000001,,-9.30377151323537,-9.189647407878375,-8.030900806503317,0,38.339789985656296,60.50334363182167,,,,,-4.968333001086945,2.130349653971365,7.09868265505831,-0.7683781806413817,38.339789985656296,,,,,,,,,18.326939887236694,41.389188918516304,-20.694594459258152,0
2024-01-05,204.01,211.02,203.38,204.135,226.05825000000004,250.7262830133938,201.39021698660628,18.013712655266502,21.59186021886507,0,0,,,,155.97333333333344,157.53306666666677,154.41360000000012,,-8.753226725669672,-9.698053488426128,-8.574640418666213,0,37.39427525771184,58.02238026730045,,,,,-5.273001121959633,0.5074312526087681,5.780432374568401,-0.8467329747574416,37.39427525771184,37.39427525771184,,37.39427525771184,,,,,,16.112931627810138,41.35882876983373,-20.679414384916864,0
2024-01-08,204,215.16,203.99,210.4,226.00725000000006,250.80002989153002,201.2144701084701,21.838106069395582,20.53256511119176,1,0,,,,156.4898222222223,158.0547204444445,154.9249240000001,,-4.753066439715791,-6.905641301329957,-5.653679349560448,0,43.481084144846896,56.24915695205966,,,,,-4.840423200439826,-0.27009662598138107,4.570326574458445,-0.9109769989212341,43.481084144846896,,,,,,,,,16.5825824214682,41.329565735918344,-20.664782867959172,0
2024-01-09,208.28,214.54,207.3044,210.69,225.80425000000005,251.02518560417337,200.58331439582673,25.743107990085846,21.864975571582658,0,0,,,,156.99235555555563,158.5622791111112,155.42243200000007,,-3.416787573317559,-6.693518833237222,-5.371305379539559,0,43.75368755199391,54.19107935064876,,,,,-4.338708429544724,-0.8530589624724598,3.485649467072264,-0.9068752660421108,43.75368755199391,,,,,,,,,17.24106449023791,41.3018808900488,-20.6509404450244,0
2024-01-10,212.49,218.99,210.1,215.73,225.78425000000007,251.0364553046822,200.53204469531795,30.394320719795964,25.991844926425813,0,0,,,,157.5329333333334,159.10826266666675,155.95760400000006,,-0.28634223790674485,-4.453034257261113,-3.0203949522474516,0,48.410768013562524,52.433298475215814,,,,,-3.506938040923876,-0.8980230840825811,2.608914956841295,-0.8540801749473798,48.410768013562524,,,,,48.410768013562524,,48.410768013562524,,19.080816698452548,41.2789506346123,-20.63947531730615,0
2024-01-11,216.2,218.6982,209.19,214.69,225.20475000000005,250.91268485968666,199.49681514031343,33.43362557628588,29.85701809538924,0,0,,,,158.08115555555563,159.66196711111118,156.50034400000007,,0.23460752845050337,-4.668973456376935,-3.3930986070769054,0,47.53612476738424,51.14561895932858,,,,,-2.891916338394849,-1.0059804661522662,1.8859358722425827,-0.8132505204872548,47.53612476738424,,,,,,,,,19.596410450410698,41.257460285636625,-20.628730142818313,0
2024-01-12,214.63,216.49,210.0017,212.01,224.15175000000008,250.20766166606563,198.09583833393452,32.76660385116049,32.19818338241412,0,0,,,,158.6195111111112,160.20570622222232,157.03331600000007,,-0.03277072984426699,-5.416754497790044,-4.491610749592889,0,45.26651011909851,49.54527432111213,,,,,-2.5430586734612906,-1.2928874695840307,1.2501712038772599,-0.7551401731610136,45.26651011909851,,,,,,,,,19.554748763063785,41.2358454025964,-20.6179227012982,0
2024-01-16,210.49,214.38,209.51,210.37,222.9357500000001,249.18022166070955,196.69127833929065,30.03362262304435,32.077950683496915,0,0,,,,159.15431111111118,160.7458542222223,157.56276800000006,,-0.029225662507781358,-5.636489436979075,-5.203083141632092,0,43.88566560647176,47.87359449680198,,,,,-2.307148650599005,-1.6337646093714966,0.6733840412275086,-0.6845565439492383,43.88566560647176,,,,,,,,,18.3314851365827,41.21093443490391,-20.605467217451956,0
2024-01-17,206.41,206.69,188.01,201.58,221.4402500000001,248.94306412419084,193.93743587580937,23.422741695778626,28.7409893899945,0,0,,,,159.6516444444445,161.24816088888895,158.05512800000008,,-3.6214855525461,-8.96867213616318,-9.00384078606331,0,37.3153659059488,46.106712341502266,,,,,-2.605436652682216,-2.5834117746252616,0.022024878056954522,-0.6650687999426447,37.3153659059488,,,,,,,,,15.657252427555422,41.17989143420976,-20.58994571710488,0
2024-01-18,205.2,207.1896,196.01,199.81,219.42075000000006,247.04825735679668,191.79324264320343,21.74328236111009,25.066548893311033,0,0,,,,160.1523111111112,161.7538342222223,158.5507880000001,,-4.172231960654093,-8.937509328538917,-9.56920800077845,0,36.141973094124175,44.13108527649428,,,,,-2.7689745605418703,-3.4391933226203832,-0.670218762078513,-0.6284792578485413,36.141973094124175,,,,,,,,,13.182911570378929,41.144480071722626,-20.572240035861313,0
2024-01-19,191.61,194.67,182.7001,194.6,217.09025000000005,244.83577008432883,189.34472991567128,18.321350060556895,21.16245803914855,0,0,,,,160.6216444444445,162.22786088888896,159.01542800000007,,-6.172327586830417,-10.35986185468949,-11.597625340802676,0,32.86592191181791,42.181598595152835,,,,,-3.0527025029250403,-4.486096890734814,-1.4333943878097732,-0.6113469878542893,32.86592191181791,,,,,,,,,10.012647838608785,41.10524756463028,-20.55262378231514,0
2024-01-22,199.8,203.51,192.33,196.64,215.18475000000004,243.05156457845368,187.3179354215464,19.809344788413387,19.957992403360137,0,0,,,,161.09208888888895,162.70300977777785,159.48116800000005,,-4.844859957803482,-8.61805959762485,-10.451091696096594,0,35.33746767328917,40.86607469162861,,,,,-2.927253953721319,-5.092461829961422,-2.1652078762401032,-0.5753906162904203,35.33746767328917,,,,,,,,,8.862356632481648,41.06519698648638,-20.53259849324319,0
2024-01-23,199,199,190.1,192.55,212.88325,240.23961274708282,185.5268872529172,17.947109099462565,18.692601316144295,0,0,,,,161.4546222222223,163.06916844444453,159.84007600000007,,-6.01219327661362,-9.551362072873271,-12.061764564841603,0,32.735386039486656,40.08176756187333,,,,,-2.936448202219128,-5.8357681290140135,-2.8993199267948855,-0.6195981380990202,32.735386039486656,,,,,,,,,7.305008297662354,41.02441908498445,-20.512209542492226,0
2024-01-24,196,196.67,189.62,190.57,210.49925000000002,236.8908885006685,184.10761149933154,18.86859326985796,18.875015719244647,0,0,,,,161.76880000000008,163.3864880000001,160.15111200000007,,-6.056049887850968,-9.467610929730164,-12.644479027478239,0,31.525152311061163,39.57065517017528,,,,,-2.888203940062285,-6.509574851872742,-3.6213709118104567,-0.7434750870368567,31.525152311061163,31.525152311061163,,31.525152311061163,,,,,,6.419323669402502,40.983494331163975,-20.491747165581987,0
2024-01-25,193,193,187.23,191.97,208.41425000000004,233.72076245726944,183.10773754273063,19.761245593914005,18.858982654411523,1,0,,,,162.09191111111122,163.71283022222232,160.4709920000001,,-4.244334818110673,-7.890175455852965,-11.67667999647266,0,33.400031708091944,39.2178152932064,,,,,-2.584200871431382,-6.851622001099685,-4.2674211296683024,-0.8350967610114981,33.400031708091944,,,,,,,,,5.457061586812294,40.94257429458968,-20.47128714729484,0
2024-01-26,192.73,194.4,191.24,192.89,206.24325000000005,228.91774013208266,183.56875986791744,20.999075538085656,19.87630480061922,0,0,,,,162.38320000000007,164.00703200000007,160.75936800000008,,-2.727699080681234,-6.474514923518737,-10.79660587151241,0,34.66600902695748,39.02293913386681,,,,,-2.1605720430892834,-6.968136183529907,-4.807564140440624,-0.9178185582912497,34.66600902695748,,,,,,,,,5.36786074554249,40.9017748238711,-20.45088741193555,0
2024-01-29,192.76,194.73,190.24,192.77,204.22725000000003,223.9764670667584,184.47803293324165,23.323567335503608,21.361296155834438,0,0,,,,162.69000000000008,164.3169000000001,161.06310000000008,,-1.8357733927435005,-5.61004958936675,-10.294821372203366,0,34.573693281819246,38.386696929364824,,,,,-1.7456174189368383,-6.989585914111672,-5.243968495174833,-0.9211333045876573,34.573693281819246,,,,,,,,,5.6002553396162105,40.86110488838237,-20.430552444191186,0
2024-01-30,192,193.9699,184.375,187.18,202.24375000000003,220.41126135268536,184.0762386473147,20.24332255254206,21.521988475377125,0,0,,,,162.95968888888896,164.58928577777786,161.33009200000006,,-3.5433070866142224,-7.448314224790642,-12.249434506252687,0,30.499183275801286,37.439946623922495,,,,,-1.7029562308840296,-7.3726637837798705,-5.669707552895841,-0.9334566585724028,30.499183275801286,,,,,,,,,4.558493150754314,40.820602987112714,-20.410301493556357,0
2024-01-31,184.96,186.18,178.71,178.89,200.47075,220.40192213688115,180.53957786311886,13.032343021703213,18.86641096991631,0,0,,,,163.21515555555564,164.8473071111112,161.58300400000007,,-6.7246476559934205,-10.765036794644612,-15.440762288915078,0,25.668041780465202,35.815466178701264,,,,,-2.0643040366129437,-8.25008759866202,-6.185783562049076,-0.9324792553360532,25.668041780465202,25.668041780465202,,25.668041780465202,,,,,,1.9185381172518738,40.781281435555634,-20.390640717777817,0
2024-02-01,182,182.08,174.71,181.44,199.22975000000002,220.60314712703482,177.85635287296523,15.454573021107635,16.24341286511765,0,0,,,,163.498088888889,165.13306977777788,161.8631080000001,,-4.480126349039271,-8.929263827314958,-13.433944320176106,0,29.373967342990852,34.518169219816016,,,,,-1.96344596136543,-8.640091013755864,-6.676645052390434,-0.9297115143810983,29.373967342990852,,,,,,,,,-0.23735475283447252,40.743936287119105,-20.371968143559553,0
2024-02-02,178.86,183.63,178.14,178.89,197.89025000000004,220.7827161133298,174.99778388667028,14.816763031226223,14.434559691345704,1,0,,,,163.74751111111118,165.3849862222223,162.11003600000006,,-5.037185673562384,-9.601407851068988,-13.79619136805399,0,27.87719786442736,33.276075487339504,,,,,-1.8991683362622265,-9.050605472718217,-7.151437136455991,-0.9306117192667365,27.87719786442736,,,,,,,,,-1.8352136131497645,40.708648724980165,-20.354324362490082,0
2024-02-05,179,180.2,175.4805,178.25,196.59600000000006,220.81816290920167,172.37383709079845,15.08399140683569,15.118442486389862,0,0,,,,163.98986666666673,165.6297653333334,162.34996800000005,,-4.444087059075841,-9.331827707583095,-13.317917782105827,0,27.49847166923159,32.10556163467949,,,,,-1.7349678412577116,-9.320146938028131,-7.585179096770419,-0.9392161768436351,27.49847166923159,,,,,,,,,-2.084081162704262,40.6737983663514,-20.3368991831757,0
2024-02-06,179,185.77,178.18,178.99,195.02550000000005,219.53532372437522,170.51567627562488,20.884659458904327,16.928471298988764,1,0,,,,164.23911111111119,165.8815022222223,162.59672000000006,,-3.3447814066010384,-8.222258114964475,-12.109082487042732,0,28.704547149422794,31.49050315207049,,,,,-1.4247225697767805,-9.366082308991395,-7.941359739214614,-0.9319927821559362,28.704547149422794,,,,,,,,,-2.672110853691782,40.63990194110022,-20.31995097055011,0
2024-02-07,178.26,182.59,175.65,182.47,193.61450000000008,217.59825656564047,169.6307434343597,24.725677411543828,20.23144275909463,0,0,,,,164.48400000000007,166.12884000000008,162.83916000000005,,-1.0326835670973589,-5.756025504288198,-9.574683356115454,0,34.24432999983573,31.354957216764173,,,,,-0.8610952017563278,-9.017728741410025,-8.156633539653697,-0.8887776676622485,34.24432999983573,,,,,,,,,-2.2611013210432778,40.60547523402018,-20.30273761701009,0
2024-02-08,184.12,187.97,182.54,185.26,192.09100000000007,214.04724822231495,170.13475177768518,31.988159264967436,25.86616537847188,0,0,,,,164.74595555555564,166.3934151111112,163.09849600000007,,0.8475637305868089,-3.556127043953161,-7.451982119172785,0,38.37836161317911,31.74870290971855,,,,,-0.21027070032124584,-8.419471915055254,-8.209201214734009,-0.8077492794677898,38.37836161317911,,,,,,,,,-1.28987542717764,40.569822098451475,-20.284911049225737,0
2024-02-09,185.96,194.47,185.355,191.74,190.94350000000006,210.30044942391285,171.58655057608726,43.5052423766421,33.40635968438447,0,0,,,,165.0229333333334,166.67316266666674,163.37270400000008,,4.440377366712367,0.417139101357189,-3.498639851226637,0,46.751752926196566,32.56400899921193,,,,,0.6970564081937933,-7.337880704491766,-8.03493711268556,-0.5294064691533089,46.751752926196566,,,,,46.751752926196566,,46.751752926196566,,0.7015310049229481,40.532148361347325,-20.266074180673662,0
2024-02-12,193.13,197.56,188.83,189.34,189.81000000000003,206.58220796436564,173.03779203563442,48.71271474231529,41.40203879464162,0,0,,,,165.2772222222223,166.9299944444445,163.62445000000008,,3.3261480531528553,-0.24761603708973734,-4.001946934212386,0,44.34814029081998,33.39349144573574,,,,,1.1493012079747853,-6.598310602717078,-7.747611810691863,-0.32401668021653834,44.34814029081998,,,,,,,,,1.7137064016184358,40.49380007350631,-20.246900036753154,0
2024-02-13,182.14,187.805,178.449,183.13,188.44800000000004,202.5287863416772,174.36721365832287,49.446327393294276,47.22142817075056,0,0,,,,165.48615555555563,167.14101711111118,163.83129400000007,,0.15860861955803163,-2.821998641535084,-6.459343381673754,0,38.79087424292284,33.91247158372586,,,,,1.046837024269097,-6.439065530355492,-7.485902554624589,-0.27024918768983136,38.79087424292284,,,,,,,,,1.1894811124297249,40.4559380724256,-20.2279690362128,0
2024-02-14,186.26,191.27,184,189.56,187.84700000000004,200.5977319005595,175.09626809944058,58.23117097909207,52.13007103823389,0,0,,,,165.72806666666673,167.3853473333334,164.07078600000006,,3.0738362324435275,0.9119123542031371,-2.764562104545021,0,46.295067456583716,34.833545565760986,,,,,1.4063326553602469,-5.727986735424281,-7.134319390784528,-0.01568407854696801,46.295067456583716,,,,,,,,,0.6417441077491779,40.418631650724805,-20.209315825362403,0
2024-02-15,189.69,190.805,183.6,188.43,187.27800000000002,198.79891246386066,175.75708753613938,57.12304030189463,54.93351289142701,0,0,,,,165.9588222222223,167.61841044444452,164.29923400000007,,2.071438631463751,0.615128311921298,-3.0486283273491344,0,45.24525192060115,35.58920577244982,,,,,1.550863538642103,-5.195739967481899,-6.746603506124002,0.2732383362945238,45.24525192060115,,,,,,,,,0.3218480917188749,40.38171633667728,-20.19085816833864,0
2024-02-16,187,187,182.475,184.9,186.79300000000003,197.8473730713204,175.73862692867968,54.626012722895055,56.6600746679606,0,0,,,,166.17348888888898,167.83522377777788,164.51175400000008,,-0.16576047341627653,-1.0134212738164838,-4.524624023752644,0,42.038218246437374,36.122386127065404,,,,,1.396385009954348,-5.001122243681067,-6.397507253635415,0.5527856016007943,42.038218246437374,,,,,,,,,0.466296287545039,40.34476918438309,-20.172384592191545,0
2024-02-20,182.15,183,176.65,180.03,185.96250000000003,196.41215047262108,175.512849527379,45.89599108908888,52.548348037959535,0,0,,,,166.36517777777786,168.02882955555563,164.7015260000001,,-2.8885832187070526,-3.1901593063117684,-6.652010017681298,0,38.03296790966855,36.66051360091306,,,,,0.9738928809434162,-5.1801411524561445,-6.154034033399561,0.5305618564562524,38.03296790966855,,,,,,,,,-1.4027753746274225,40.30993775085597,-20.154968875427986,0
2024-02-21,176.59,178.24,171.64,174.26,185.04800000000003,196.2086730979788,173.88732690202127,32.91178037130418,44.47792806109606,0,0,,,,166.5308222222223,168.19613044444452,164.86551400000008,,-5.760578004672546,-5.829838744541982,-9.075888361511964,0,33.9105523878565,37.249264358583865,,,,,0.34590715876426437,-5.72165008494423,-6.067557243708494,0.12911626117612882,33.9105523878565,33.9105523878565,33.9105523878565,33.9105523878565,,,,,,-4.09437820878612,40.27925873860849,-20.139629369304245,0
2024-02-22,178.86,179.76,175,177.03,184.37100000000004,195.75021245077895,172.99178754922113,33.26677616004919,37.35818254014743,0,0,,,,166.71313333333342,168.38026466666676,165.04600200000007,,-3.980083311637639,-3.9816457035000252,-7.086636213975939,0,37.41752918469368,37.82380449013407,,,,,0.16625653933175677,-5.859736569543799,-6.025993108875555,-0.06612158397742837,37.41752918469368,,,,,,,,,-5.634146041392249,40.2515812144872,-20.1257906072436,0
2024-02-23,177.56,180.76,176.26,177.13,183.62900000000002,194.86384205496395,172.39415794503608,32.269391295999895,32.815982609117775,0,0,,,,166.86664444444452,168.53531088888897,165.19797800000006,,-3.5003132576067575,-3.5392013244095577,-6.402084063571689,0,37.54637293289236,38.51445985216729,,,,,0.10625916425924675,-5.893169153551497,-5.999428317810744,-0.2965882818372992,37.54637293289236,,,,,,,,,-6.259347063977572,40.225266479197025,-20.112633239598512,0
2024-02-26,179.9,186.21,177.25,183.74,183.1715,193.57504223329593,172.7679577667041,43.22266642417557,36.25294462674157,0,0,,,,167.04735555555564,168.7178291111112,165.37688200000008,,0.5389729419167599,0.31036487663200774,-2.377081407334203,0,45.52926124531423,39.802373393316046,,,,,0.5396140915489163,-5.324910703374599,-5.864524794923515,-0.4069573292571731,45.52926124531423,,,,,,,,,-4.673138433729534,40.19580028283145,-20.097900141415725,0
2024-02-27,188,198.075,187.5,194.57,183.2615,194.0206919306245,172.50230806937552,61.5862069505816,45.69275489025237,0,0,,,,167.29122222222233,168.96413444444457,165.6183100000001,,6.1611322690120485,6.170690516011268,3.697295069444184,0,55.553504399387116,41.72015605402778,,,,,1.5275561544064002,-3.9550796019155143,-5.482635756321915,-0.2372193974230623,55.553504399387116,,,,,,,,,-1.686057889948273,40.161702426531484,-20.080851213265742,0
2024-02-28,194.54,197.81,188.985,195.51,183.67800000000003,195.59439811352206,171.761601886478,67.46954498303283,57.426139452596686,0,0,,,,167.5529111111112,169.2284402222223,165.8773820000001,,5.958290879923633,6.441707771208294,4.4740760795993095,0,56.30513220378352,43.295927640024054,,,,,2.1766748296423,-2.76179221926904,-4.93846704891134,-0.05292468829243083,56.30513220378352,,,,,,,,,1.4151823740564449,40.124626856281886,-20.062313428140943,0
2024-02-29,240.61,240.77,221.95,239,186.68350000000004,213.39282741571645,159.97417258428362,80.8518490427472,69.9692003254539,0,0,,,,168.00744444444456,169.687518888889,166.32737000000012,,26.14799957774723,28.024169249023046,26.868074896399907,0,76.28605042188583,46.00361969778883,,,,,5.289878209251962,1.673880712653613,-3.6159974965983492,0.38342534002668704,76.28605042188583,,,,,76.28605042188583,,76.28605042188583,,10.513129596420157,40.08921690792737,-20.044608453963686,0
2024-03-01,238.58,241.86,230.2,236.49,189.436,223.6956231152653,155.1763768847347,82.17751466797479,76.83296956458496,0,0,,,,168.45984444444457,170.14444288888902,166.77524600000012,,21.735146654586956,24.83899575582256,24.726188508883283,0,74.17777279919073,47.9626211172884,,,,,6.836653640742004,4.929819554329157,-1.9068340864128477,0.5957799611797608,74.17777279919073,,,,,,,,,17.089430271098177,40.0647807075733,-20.03239035378665,0
2024-03-04,238,238.03,223,224.77,191.73000000000002,228.88005679672645,154.5799432032736,77.49225761000241,80.17387377357483,0,0,,,,168.85766666666674,170.54624333333342,167.16909000000007,,13.375333538458388,17.232566630156974,17.919554280138318,0,65.127061250271,49.44682975724919,,,,,6.717195056738243,6.4896597345099565,-0.22753532222828654,0.706024246780075,65.127061250271,,,,,,,,,21.408073268266957,40.05193665566091,-20.025968327830455,0
2024-03-05,221.3,221.3,199.36,211.01,193.36800000000002,230.8832788074402,155.85272119255984,72.31590840596058,77.32856022797928,0,0,,,,169.19544444444455,170.88739888888898,167.5034900000001,,4.797095619092984,9.123536469322735,10.423251627488339,0,56.42267572851759,50.70624414907739,,,,,5.414137608038284,6.540136687819569,1.1259990797812847,0.7160839462279087,56.42267572851759,,,,,,,,,16.084059519937806,40.025341887387654,-20.012670943693827,0
2024-03-06,215.07,217.74,207.1101,212.26,195.03150000000002,232.7987261491357,157.26427385086436,69.35531079025752,73.05449226874019,0,0,,,,169.53402222222232,171.22936244444455,167.8386820000001,,3.465252423824361,8.833701222622992,10.696796332705794,0,56.98510992204192,51.469818610895835,,,,,4.383094964855396,6.60486778585053,2.2217728209951337,0.7449887410773297,56.98510992204192,,,,,,,,,11.561246280833688,39.991379721518314,-19.995689860759157,0
2024-03-07,213.54,215,208.97,211.87,196.50150000000002,234.48660933247302,158.51639066752702,66.29554482919154,69.32225467513656,0,0,,,,169.87611111111121,171.57487222222233,168.1773500000001,,1.550554796654402,7.821059890128046,10.085784504751683,0,56.73905473238061,52.29080452602294,,,,,3.4619439623461012,6.54920277392776,3.087258811581659,0.7520660144897919,56.73905473238061,,,,,,,,,9.089090700994948,39.95509288238237,-19.977546441191183,0
2024-03-08,212.59,216.53,208.18,213.53,197.91500000000002,236.2242195169772,159.60578048302284,65.43617846201232,67.02901136048713,0,0,,,,170.22375555555567,171.92599311111124,168.5215180000001,,0.5912142268283738,7.8897506505317905,10.535551901272244,0,57.578676173850816,53.4008372351239,,,,,2.7808949091943447,6.56337744807459,3.782482538880245,0.7356477121197991,57.578676173850816,,,,,,,,,9.35544938633137,39.91910808525701,-19.959554042628504,0
2024-03-11,218.88,225.96,215.91,222.64,199.46,239.11712041991902,159.802879580081,70.00839913311815,67.24670747477401,0,0,,,,170.59491111111123,172.30086022222235,168.8889620000001,,2.995397034672531,11.621377719843572,14.662802914294737,0,61.94390226218099,55.10876111744623,,,,,2.7551421965248775,7.2264102845363425,4.471268088011465,0.7192916335061532,61.94390226218099,,,,,,,,,10.961262856432624,39.88472709147611,-19.942363545738054,0
2024-03-12,224.66,231.89,224,229.64,201.475,242.92533051737945,160.02466948262054,73.31671343866697,69.58709701126581,0,0,,,,170.98495555555567,172.69480511111124,169.2751060000001,,4.537674350850307,13.979401910907052,17.524032105357424,0,64.93011797395215,57.32444437359591,,,,,3.0005317375933416,8.221932760003142,5.2214010224098,0.6903009503764246,64.93011797395215,,,,,,,,,13.806170906015085,39.85428492893031,-19.927142464465156,0
2024-03-13,227.59,230.08,223.13,225.57,203.59700000000004,245.41714304136133,161.77685695863875,72.33573818556789,71.886950252451,0,0,,,,171.373088888889,173.0868197777779,169.65935800000008,,1.2987362918653655,10.792398709214757,14.690000915201518,0,61.889279164964115,59.0724265150438,,,,,2.6897039079398555,8.58353090733462,5.893826999394764,0.6252347644818381,61.889279164964115,,,,,,,,,15.6483412398925,39.82720313321317,-19.913601566606584,0
2024-03-14,226.7,229.39,221.3806,228.24,205.531,248.14568005277036,162.91631994722965,72.64575610030731,72.76606924151405,0,0,,,,171.76162222222234,173.47923844444458,170.0440060000001,,2.995460329780375,11.04894152220346,15.084987621203805,0,63.10983959578733,60.898388419536296,,,,,2.4705445893417712,8.982007736071978,6.511463146730207,0.5396028719654231,63.10983959578733,,,,,,,,,16.38227771386568,39.801651910905704,-19.900825955452852,0
2024-03-15,227.24,228.24,215.0001,216.34,206.92649999999998,249.03468603312191,164.81831396687804,65.05623895647341,70.01257774744953,0,0,,,,172.09628888888898,173.81725177777787,170.3753260000001,,-1.4786849859053874,4.549199836656981,8.448531979634378,0,54.70113921697401,61.55352256036914,,,,,1.3848757785013168,8.242557869856853,6.857682091355536,0.3227004435507782,54.70113921697401,54.70113921697401,,54.70113921697401,,,,,,13.92138039098028,39.77156726953563,-19.885783634767815,0
2024-03-18,219.07,220.76,213.605,216.53,208.50799999999998,249.55074435268668,167.46525564731328,61.26496257409592,66.3223192102922,0,0,,,,172.43642222222232,174.16078644444454,170.7120580000001,,-1.0207393389193298,3.8473343948433714,7.865358845477521,0,54.80468122386466,61.50003519068896,,,,,0.5814073015735,7.584441218322411,7.003033916748911,0.06484170111730246,54.80468122386466,,,,,,,,,12.149180733873658,39.7389659736846,-19.8694829868423,0
2024-03-19,216.2,227.59,212.02,227.18,210.86550000000003,250.4862655024477,171.24473449755234,63.84946005213247,63.39022052756726,0,0,,,,172.8390000000001,174.5673900000001,171.11061000000012,,3.085579453670917,7.736922350977271,12.258612851580274,0,60.28454243174795,61.78427877840071,,,,,0.6631432907282893,7.831963030159272,7.168819739430983,-0.2001102240444512,60.28454243174795,,,,,,,,,11.706321872360858,39.70589144815236,-19.85294572407618,0
2024-03-20,227.43,239.96,227.055,234,213.85250000000002,250.90873935317722,176.79626064682282,64.40168351423497,63.172035380154455,0,0,,,,173.28033333333343,175.01313666666675,171.5475300000001,,5.143021468946829,9.421213219391866,14.590355801422428,0,63.34918084537154,60.86021666579255,,,,,1.0494904642282252,8.480682819716264,7.431192355488039,0.21218828605114387,63.34918084537154,,,,,,,,,14.396776518491444,39.67680199298519,-19.838400996492595,0
2024-03-21,237.4,245.585,235.39,235.62,216.782,250.87631776704086,182.68768223295916,73.29792637901203,67.18302331512648,0,0,,,,173.7223777777779,175.45960155555568,171.9851540000001,,4.753055408595563,8.689835871981977,14.391227513707028,0,64.05864336919944,60.13742170650745,,,,,1.2722652166231434,9.021523876266969,7.749258659643825,0.640019020449993,64.05864336919944,,,,,64.05864336919944,64.05864336919944,64.05864336919944,,17.317258283354636,39.65352161669359,-19.826760808346794,0
2024-03-22,234.52,236,226.0766,232.09,219.52999999999997,248.9345445467198,190.12545545328015,73.01619189717434,70.2386005968071,0,0,,,,174.13437777777787,175.87572155555566,172.39303400000009,,2.3392199660471125,5.72131371566531,11.829943062727377,0,61.275246005373084,59.86229204615761,,,,,1.0492770053130496,9.060854916285138,8.011577910972088,0.7884952202637984,61.275246005373084,,,,,,,,,17.856081006463583,39.63149494963238,-19.81574747481619,0
2024-03-25,229.38,231.84,226.325,226.5,221.66799999999998,246.16033398433143,197.17566601566853,68.95317094226047,71.75576307281561,0,0,,,,174.58473333333345,176.33058066666678,172.83888600000012,,-0.2953722086006194,2.1798365122615904,8.530549073537252,0,57.04798041207743,59.90695666641188,,,,,0.4247267127173622,8.542486301868792,8.11775958915143,0.7095532104445912,57.04798041207743,,,,,,,,,16.343904082230818,39.60617649264386,-19.80308824632193,0
2024-03-26,227.35,229.01,218.39,223.44,223.11149999999998,244.21380629575938,202.00919370424057,60.48637292416956,67.48524525453479,0,0,,,,175.04175555555568,176.79217311111125,173.2913380000001,,-1.3732007362580956,0.1472357991407991,6.484342360059836,0,54.81853818082063,59.752201542038925,,,,,-0.25828430315254636,7.7949042102107455,8.053188513363292,0.5599803963020993,54.81853818082063,,,,,,,,,14.107891386167084,39.57679623092379,-19.788398115461895,0
2024-03-27,225.83,226.63,215.675,222.55,224.4635,241.36587293991525,207.56112706008477,53.47938575139004,60.97297653927336,0,0,,,,175.49904444444456,177.254034888889,173.74405400000012,,-1.6349243532568392,-0.8524771287982236,5.400170181058139,0,54.155630834601,59.5676712636261,,,,,-0.8030597890674667,7.049363777028958,7.852423566096425,0.33737871662348806,54.155630834601,,,,,,,,,12.345757116697854,39.54490933682091,-19.772454668410454,0
2024-03-28,221.72,225.4,217.61,220.58,223.54250000000002,239.132612090681,207.95238790931904,46.95759591155553,53.64111819570504,0,0,,,,175.93024444444455,177.689546888889,174.1709420000001,,-2.174443306147278,-1.3252513504143582,3.9580862311384246,0,52.638273321950166,59.21478534563321,,,,,-1.2997266329248687,6.227765274940339,7.527491907865207,0.01044149574531794,52.638273321950166,,,,,,,,,11.19466898720331,39.511735845164964,-19.755867922582482,0
2024-04-01,220.08,221.6299,215.5501,218.21,222.62849999999997,237.18424013920438,208.07275986079557,38.00192131636315,46.1463009931029,0,0,,,,176.3141555555557,178.07729711111125,174.55101400000012,,-3.305711880179052,-1.984696478662873,2.3622293490617396,0,50.79441697249158,58.41839353922682,,,,,-1.7627685409248066,5.324031231709199,7.086799772634006,-0.205507159631197,50.79441697249158,,,,,,,,,10.157117873101589,39.47763104411894,-19.73881552205947,0
2024-04-02,215.16,215.16,208.5299,212.5,222.01500000000001,237.1795685728278,206.85043142717223,28.289876083044305,37.74979777032099,0,0,,,,176.66171111111123,178.42832822222235,174.8950940000001,,-5.667496792694937,-4.285746458572626,-0.7446873107337271,0,46.56252639071096,57.10642271185244,,,,,-2.3895948596695202,4.099806198047105,6.489401057716625,-0.32292435097132616,46.56252639071096,46.56252639071096,,46.56252639071096,,,,,,8.30177358564175,39.44230263222684,-19.72115131611342,0
2024-04-03,211.9,221.14,210.9,220.03,222.46600000000004,236.80882315306084,208.12317684693923,32.209848364425476,32.83388192127763,0,0,,,,176.98317777777788,178.75300955555565,175.21334600000012,,-2.0137874523496024,-1.0949987863314137,2.13637059925762,0,52.21633914365728,56.415498424616246,,,,,-2.235826563631387,3.694617853177391,5.930444416808778,-0.3648456996650109,52.21633914365728,,,,,,,,,8.002923651404856,39.40691761232969,-19.703458806164846,0
2024-04-04,221.43,225.87,214.5643,216.18,222.66199999999998,236.54123571383033,208.78276428616962,29.689791408196882,30.063171951888876,0,0,,,,177.29811111111124,179.07109222222235,175.52513000000013,,-2.9582080172375402,-2.9111388562035656,-0.29747492217223614,0,49.34184564601974,55.43207028534713,,,,,-2.3220065870917406,3.027936182944103,5.3499427700358435,-0.3999198852919001,49.34184564601974,,,,,,,,,7.45527114786794,39.37139404457401,-19.685697022287005,0
2024-04-05,214.94,218.68,211.92,215.01,222.81900000000002,236.27083095344256,209.36716904655748,27.814174357622974,29.90460471008177,0,0,,,,177.62504444444454,179.401294888889,175.84879400000008,,-2.582133034901213,-3.5046382938618503,-1.412713041803637,0,48.468622176038586,54.98689049670888,,,,,-2.3777402076698237,2.377767510448564,4.755507718118388,-0.6502913191885894,48.468622176038586,,,,,,,,,7.6881190355970475,39.336058653551575,-19.668029326775788,0
2024-04-08,215.35,220.65,212.7,219.06,223.0955,235.98793417668008,210.2030658233199,34.26038203221248,30.588115932677436,0,0,,,,177.962688888889,179.7423157777779,176.18306200000012,,-0.157698513258564,-1.8088666064532855,-0.19530241500698153,0,51.65787942706613,54.76211893979471,,,,,-2.0729214082510854,2.1643559578045313,4.237277366055617,-0.8492573262325379,51.65787942706613,,,,,,,,,7.37283676044652,39.30069598787381,-19.650347993936904,0
2024-04-09,221,223.59,218.2,222.08,223.06750000000002,235.96620051594337,210.16879948405668,38.1758903178346,33.41681556922334,0,0,,,,178.31153333333344,180.09464866666679,176.5284180000001,,1.423064978717914,-0.4426911136763634,0.5948965725502298,0,53.94671710637931,54.3094171308398,,,,,-1.6191020287281122,2.2133998301454767,3.832501858873589,-0.7972638596605326,53.94671710637931,,,,,53.94671710637931,,53.94671710637931,,8.202152013942152,39.265788430720654,-19.632894215360327,0
2024-04-10,217.33,221.2,216.1201,217.88,222.4795,235.19704610764273,209.76195389235727,35.38699733678486,35.94108989561064,0,0,,,,178.6473555555557,180.43382911111124,176.86088200000015,,-0.24174938646942534,-2.0673814890810216,-1.6536995716419867,0,50.374582715830904,53.3826601215869,,,,,-1.5527552057217155,1.8915578517214442,3.4443130574431597,-0.7312403979498613,50.374582715830904,,,,,,,,,8.516635714449444,39.2311428431809,-19.61557142159045,0
2024-04-11,218,219,212.0205,216.4,222.02100000000002,234.91971761067663,209.1222823893234,33.186665991905784,35.583184548841736,0,0,,,,178.9342000000001,180.7235420000001,177.14485800000008,,-0.6395981505374904,-2.5317424928272603,-2.6277897768178238,0,49.13979245708846,52.31702791357896,,,,,-1.5556235958559848,1.499783562623179,3.0554071584791638,-0.6621065249197632,49.13979245708846,,,,,,,,,7.925656022792296,39.19628674169405,-19.598143370847026,0
2024-04-12,213.01,216.385,209.3501,211.04,221.161,234.56994462662914,207.75205537337087,27.814168700942417,32.12927734321101,0,0,,,,179.20393333333345,180.9959726666668,177.4118940000001,,-2.6743344140122804,-4.576304140422593,-4.6396876750953275,0,44.85184186102833,51.14392761755435,,,,,-1.8457913296819646,0.7481679963767078,2.5939593260586724,-0.6486135649737138,44.85184186102833,,,,,,,,,5.981366191705916,39.16098511710081,-19.580492558550404,0
2024-04-15,210.77,211.9,195.03,195.56,220.122,237.4977170787277,202.74628292127232,16.49212801931409,25.830987570720755,0,0,,,,179.380688888889,181.1744957777779,177.58688200000012,,-8.861278626487856,-11.158357638037097,-11.086323619229754,0,35.27756631910488,49.58889803948488,,,,,-2.9424494801633094,-1.0841025241454645,1.858346956017845,-0.6342460094248344,35.27756631910488,35.27756631910488,,35.27756631910488,,,,,,2.2348373047021384,39.1266997910755,-19.56334989553775,0
2024-04-16,194.27,201.7992,194,198.17,219.204,239.01163024695256,199.39636975304745,17.65572925203663,20.65400865743104,0,0,,,,179.59802222222234,181.39400244444457,177.8020420000001,,-7.023988814915983,-9.595627817010644,-9.534961220139039,0,37.692580253613215,48.365615330398626,,,,,-3.3259435910754327,-2.2990825328264464,1.0268610582489865,-0.6896719949363421,37.692580253613215,,,,,,,,,-0.8628188553604774,39.095205563641976,-19.547602781820988,0
2024-04-17,198.58,200.75,194.36,194.66,217.57800000000003,239.70321150181306,195.452788498187,15.13756378227869,16.42847368454313,0,0,,,,179.8075777777779,181.60565355555568,178.00950200000014,,-7.570606446221384,-10.533234058590502,-10.91564765321812,0,35.76010103872511,47.051648916407494,,,,,-3.6253205076317756,-3.504789576290733,0.12053093134104265,-0.7379584129681984,35.76010103872511,,,,,,,,,-3.652769223575568,39.06771486367024,-19.53385743183512,0
2024-04-18,208.88,217.79,204.94,205.06,216.131,237.54485990427702,194.71714009572298,24.448905690637382,19.080732908317557,1,0,,,,180.08331111111121,181.88414422222232,178.2824780000001,,-2.115593912894098,-5.122356348695933,-6.052998094121065,0,44.79187155548331,46.491191647374144,,,,,-2.9603140212564245,-3.579861595229488,-0.6195475739730635,-0.7256230932214908,44.79187155548331,,,,,,,,,-2.2217482934213515,39.03808961563779,-19.519044807818894,0
2024-04-19,203.99,210.19,196.75,200.15,214.3575,234.8778907126554,193.8371092873446,23.30165438325092,20.962707952055656,0,0,,,,180.31002222222233,182.11312244444454,178.50692200000012,,-3.776814130361661,-6.627946304654597,-8.13806904063984,0,41.80363529404132,45.84899295605627,,,,,-2.6960127186057106,-3.989563472230202,-1.2935507536244912,-0.7528898565354053,41.80363529404132,,,,,,,,,-1.9396302583504113,39.00814297929739,-19.504071489648695,0
2024-04-22,201.74,207.0499,198.07,205.57,213.0315,232.1785376559928,193.88446234400718,27.8737481269575,25.20810273361526,0,0,,,,180.55673333333343,182.36230066666675,178.7511660000001,,-0.5259923448032611,-3.502533662862062,-5.5354385706933185,0,46.07993930557829,45.81452244997537,,,,,-2.0313395476168092,-3.8327251881455027,-1.8013856405286934,-0.7748954346896627,46.07993930557829,,,,,,,,,-0.30635619448404106,38.97632099415115,-19.488160497075576,0
2024-04-23,206.1,221.34,206.1,220.53,212.733,231.20508824145173,194.26091175854827,43.86422429716026,31.67987560245623,0,0,,,,180.8721111111112,182.6808322222223,179.06339000000008,,6.793154545718627,3.6651577329328333,1.3718192502110815,0,55.74586701272434,46.06663158348016,,,,,-0.5371139654418695,-2.4727780973310303,-1.9356641318891608,-0.49410916595807247,55.74586701272434,,,,,55.74586701272434,,55.74586701272434,,1.9812302138015438,38.942681198846515,-19.471340599423257,0
2024-04-24,223.2,229.84,215.24,216.38,212.38000000000002,230.2811664424408,194.47883355755926,53.86729826213478,41.86842356208418,0,0,,,,181.14873333333344,182.96022066666677,179.3372460000001,,4.859657284639796,1.8834165175628526,-0.3333277036622784,0,52.91219156822809,46.32165629220932,,,,,0.18039785867397784,-1.7101668085466883,-1.8905646672206662,-0.32278962199462347,52.91219156822809,,,,,,,,,4.297807611798722,38.9081858717474,-19.4540929358737,0
2024-04-25,211.65,217.84,207.5301,214.84,211.99450000000002,229.32602788994546,194.66297211005457,55.38686707198152,51.03946321042552,0,0,,,,181.41051111111122,183.22461622222232,179.59640600000012,,4.192127878329321,1.3422518037024433,-0.8793703228663907,0,51.85873494457859,46.563807204247894,,,,,0.5396203305856209,-1.2160392539886402,-1.755659584574261,-0.18796296321775074,51.85873494457859,,,,,,,,,5.5722426529377875,38.873681244907054,-19.436840622453527,0
2024-04-26,218.5,227.65,218.49,222.66,212.0985,229.65831238510268,194.53868761489733,63.57716791573071,57.61044441661568,0,0,,,,181.68180000000012,183.49861800000014,179.8649820000001,,7.379507904204274,4.97952602210765,2.8167713335796263,0,56.585523667192064,46.91578179282832,,,,,1.2515463716352546,-0.19122662003019286,-1.4427729916654475,0.09775809297598806,56.585523667192064,,,,,,,,,5.715864725713381,38.83927542360186,-19.41963771180093,0
2024-04-29,224,229.06,218.7401,228.94,212.635,231.51495815673343,193.75504184326655,69.69367942760174,62.885904805104666,0,0,,,,181.9568666666668,183.77643533333347,180.13729800000013,,8.658920909746692,7.6680696968984385,5.512028758410925,0,59.98353618506499,47.34698315559158,,,,,2.0460881077211845,1.1148371429860333,-0.9312509647351513,0.45272517967873993,59.98353618506499,,,,,59.98353618506499,,59.98353618506499,,7.45856883291373,38.8053463318184,-19.4026731659092,0
2024-04-30,225.94,234.21,224.1473,225.75,213.29749999999999,233.02297071681718,193.5720292831828,70.60590054226898,67.95891596186715,0,0,,,,182.28291111111125,184.10574022222235,180.46008200000014,,5.760491721869765,5.838089991678297,3.894689366767823,0,57.52072845737781,47.85742213713064,,,,,2.2417438451684424,1.8709288417254015,-0.37081500344304075,0.6766628076937627,57.52072845737781,,,,,,,,,8.896647567468454,38.77223829441124,-19.38611914720562,0
2024-05-01,223.61,231.92,218.76,223.03,213.4475,233.41956035941286,193.47543964058713,69.83963191644794,70.04640396210623,0,0,,,,182.57486666666676,184.40061533333343,180.7491180000001,,3.115709853854254,4.489394347556197,2.708278647380391,0,55.43088776546811,48.306786087729186,,,,,2.0766577582690493,2.225007194393271,0.1483494361242217,0.838234852154894,55.43088776546811,,,,,,,,,8.628247637785021,38.739049990436456,-19.369524995218228,0
2024-05-02,226.55,230.985,218.675,228.89,214.083,235.1416942615157,193.0243057384843,73.24312627636539,71.22955291169411,0,0,,,,182.89962222222232,184.72861844444455,181.0706260000001,,4.671794543475638,6.9164763199319745,5.489633389457671,0,58.895771750460064,49.309923936974315,,,,,2.236942202526574,2.9445271892824394,0.7075849867558652,0.9380110918247974,58.895771750460064,,,,,,,,,8.361947975846354,38.705796558532924,-19.352898279266462,0
2024-05-03,235.55,243.99,234.6,240,215.33249999999998,239.23626361579983,191.42873638420014,79.3879514938044,74.15690322887258,0,0,,,,183.26491111111122,185.09756022222234,181.4322620000001,,7.788142406100751,11.455539688621098,10.535575567953304,0,64.52644755513856,51.399129739548144,,,,,2.922704508089359,4.360965621867564,1.4382611137782049,0.9410206351637181,64.52644755513856,,,,,,,,,10.391166872927675,38.67409345625778,-19.33704672812889,0
2024-05-06,242.245,251.3,241.1558,248.2,216.7895,244.64940270980796,188.92959729019205,83.18610966420572,78.60572914479184,0,0,,,,183.65913333333344,185.49572466666677,181.8225420000001,,9.376790262733415,14.488939731859695,14.030184460592544,0,68.00964114868984,53.564634089196474,,,,,3.7095065272086845,6.0751442727890606,2.365637745580376,0.9421067922465656,68.00964114868984,,,,,,,,,14.116306228719955,38.64708764142787,-19.323543820713937,0
2024-05-07,246.19,249.93,243.08,248.84,218.1275,249.25405192918063,187.00094807081936,84.21217928771841,82.26208014857617,0,0,,,,184.0769111111112,185.91768022222232,182.2361420000001,,8.307617310764126,14.08006785022522,13.934424978518646,0,68.27150359881904,55.886877129203185,,,,,4.027476565156721,7.399983452026277,3.372506886869556,0.9420470683086892,68.27150359881904,,,,,68.27150359881904,,68.27150359881904,,16.949734289633174,38.6253150146456,-19.3126575073228,0
2024-05-08,244.55,248,242.3,244.64,219.46550000000002,252.66597498154175,186.2650250184583,80.80441364682761,82.73423419958392,0,0,,,,184.4645111111112,186.3091562222223,182.6198660000001,,5.18576483689408,11.47082343238457,11.6501531173413,0,64.53794276028358,57.29731078668892,,,,,3.716866358637324,8.01858983516621,4.3017234765288865,0.9418165422942518,64.53794276028358,,,,,,,,,17.289256794395612,38.60428036381371,-19.302140181906854,0
2024-05-09,201,208.98,192.22,200.58,218.67450000000002,252.86838511122943,184.48061488877062,50.59031179113253,71.86896824189286,0,0,,,,184.6769111111112,186.5236802222223,182.83014200000008,,-13.226304655358167,-8.274627357099252,-8.151209966694207,0,39.89185879634982,57.1607553225681,,,,,0.4763133627453424,4.897115179960565,4.420801817215223,0.4981770176997023,39.89185879634982,,,,,,,,,9.502756505462477,38.572115002608186,-19.286057501304093,0
2024-05-10,202.21,205.25,186.91,188.12,217.52850000000004,254.121216365418,180.93578363458207,39.172513316801734,56.8557462515873,0,0,,,,184.84544444444452,186.69389888888898,182.99699000000007,,-17.382158024409446,-13.519377920594323,-13.42790874618035,0,35.73568971135094,56.42188035155186,,,,,-2.4152433061601655,1.4017476845150156,3.816990990675181,0.0006572286158426457,35.73568971135094,,,,,,,,,-0.22017768760368975,38.5414694363534,-19.2707347181767,0
2024-05-13,188.2,189.302,176.81,180.99,216.8,255.62516503506438,177.97483496493564,31.31732197415875,40.36004902736434,0,0,,,,185.0174000000001,186.8675740000001,183.16722600000008,,-18.803610522915726,-16.517527675276757,-16.230826907589602,0,33.57972223617365,54.83858429608396,,,,,-4.590822683641728,-1.921537363876979,2.6692853197647493,-0.2807232978999569,33.57972223617365,,,,,,,,,-10.231101612493772,38.53013525061704,-19.26506762530852,0
2024-05-14,180.98,182.62,176.66,178.4,215.81150000000002,257.39252368869654,174.23047631130353,24.91389160085655,31.801242297272353,0,0,,,,185.17473333333342,187.02648066666677,183.32298600000007,,-18.22852925942734,-17.335267119685472,-16.992884218101466,0,32.80547217754523,53.40239005389232,,,,,-5.903398292445669,-4.709962545792337,1.193435746653332,-0.4970424511387,32.80547217754523,,,,,,,,,-13.648523171026206,38.52942128804973,-19.264710644024866,0
2024-05-15,182,182.49,173.18,177.3,214.9435,258.91073519849743,170.97626480150257,21.83059227284643,26.02060194928725,0,0,,,,185.34037777777786,187.19378155555563,183.4869740000001,,-16.99282758104087,-17.513206959038065,-16.954336594893572,0,32.46312084676134,52.01698904690537,,,,,-6.497709117930455,-6.928700650759737,-0.4309915328292817,-0.6643988545139321,32.46312084676134,,,,,,,,,-15.2037287771975,38.53412324165493,-19.267061620827466,0
2024-05-16,176.505,179.67,175.3,176.08,213.49450000000002,260.4759535641456,166.51304643585442,19.36229347448654,22.035592449396514,0,0,,,,185.51735555555564,187.3725291111112,183.6621820000001,,-15.474161726231927,-17.52480743063639,-17.006163577545873,0,32.06346332869545,50.265413308441325,,,,,-6.603519263034935,-8.68539061162295,-2.0818713485880154,-0.759164790340016,32.06346332869545,32.06346332869545,,32.06346332869545,,,,,,-15.807517592167137,38.5409314122066,-19.2704657061033,0
2024-05-17,177.25,179.88,175.64,179.14,212.44400000000002,261.4671983452729,163.42080165472711,20.671293401246846,20.62139304952661,1,0,,,,185.68895555555565,187.54584511111122,183.83206600000008,,-11.417254696408563,-15.676601833895065,-15.085306544223819,0,34.24991711500205,48.42729766057969,,,,,-6.109409545563899,-9.718633280542889,-3.60922373497899,-0.8002968539009098,34.24991711500205,,,,,,,,,-15.546947817502959,38.54659975159659,-19.273299875798294,0
2024-05-20,177.97,178.14,174.34,177.55,211.04299999999998,262.3215593011346,159.7644406988654,20.07983199168096,20.037806289138118,0,0,,,,185.8410000000001,187.69941000000009,183.9825900000001,,-9.025230062921462,-15.87022549906889,-15.283351067129146,0,33.6440113959752,46.721817870479505,,,,,-5.548011285068361,-10.544237841314441,-4.99622655624608,-0.8348166079550094,33.6440113959752,,,,,,,,,-15.408165683800602,38.551600445010585,-19.275800222505293,0
2024-05-21,177.53,183.8,177.45,180.89,209.06099999999998,261.76410613237124,156.35789386762875,23.633031071355575,21.461385488094464,0,0,,,,186.02904444444454,187.88933488888898,184.1687540000001,,-3.9703985262968255,-13.475014469461065,-13.120533312840987,0,36.19740573166626,45.34799772520794,,,,,-4.6466011712955195,-10.80447802036548,-6.15787684906996,-0.8517816835108144,36.19740573166626,,,,,36.19740573166626,,36.19740573166626,,-14.556366979556572,38.55338567039283,-19.276692835196414,0
2024-05-22,180.02,181.45,174.72,176.76,207.07999999999998,261.4847545716365,152.6752454283635,22.31190620608912,22.00825642304189,0,0,,,,186.17935555555565,188.0411491111112,184.3175620000001,,-2.6550134650652035,-14.6416843731891,-14.541539889639509,0,34.4329905793974,43.60065621298917,,,,,-4.045459027424048,-11.21470063335002,-7.169241605925972,-0.8463290303479446,34.4329905793974,,,,,,,,,-14.820241581699781,38.55597816888021,-19.277989084440105,0
2024-05-23,179.14,180,171.93,175.78,205.12699999999995,261.0601293957352,149.19387060426473,19.28244965021779,21.74246230922083,0,0,,,,186.32788888888896,188.19116777777785,184.46461000000008,,-1.8542610035678475,-14.306746552135973,-14.455349176737741,0,34.00936462649641,41.42086457522902,,,,,-3.4537858339901764,-11.486473898413692,-8.032688064423516,-0.8043907214750807,34.00936462649641,,,,,,,,,-14.967718844733811,38.558964722150826,-19.279482361075413,0
2024-05-24,177.05,180.6,175.78,178.4,202.91399999999996,259.39683611859493,146.43116388140498,21.67719441160476,21.090516755970558,1,0,,,,186.49282222222232,188.35775044444455,184.62789400000008,,0.15213693446880505,-12.080980119656582,-12.718163819787131,0,36.26689092918546,39.15352527383585,,,,,-2.6614486154516346,-11.359498833738058,-8.698050218286424,-0.7242887063584681,36.26689092918546,,,,,,,,,-15.235651273670664,38.562778291780596,-19.281389145890298,0
2024-05-28,185.9,196,184.51,194.16,201.17499999999995,256.4748215186996,145.8751784813003,32.79662168492511,24.585421915582554,0,0,,,,186.76206666666675,188.62968733333344,184.89444600000007,,8.19968124115329,-3.4870137939604584,-4.985922752941862,0,47.82861238716031,37.69331875871736,,,,,-0.9402446174422288,-9.873355990089209,-8.93311137264698,-0.5138263764313725,47.82861238716031,,,,,,,,,-12.335608028990562,38.55676901389309,-19.278384506946544,0
2024-05-29,191,196.85,188.02,196.1,199.69249999999997,253.85562430981065,145.52937569018928,39.90260682590882,31.458807640812903,0,0,,,,187.0325111111112,188.9028362222223,185.1621860000001,,8.213402790040568,-1.7990159870801214,-4.004151171841219,0,49.05379117429121,36.58730793114648,,,,,0.3931096187842087,-8.44172434916672,-8.834833967950928,-0.025785042348678386,49.05379117429121,,,,,49.05379117429121,,49.05379117429121,,-8.979142626309386,38.54136464722269,-19.270682323611346,0
2024-05-30,196.88,196.88,192.34,194.38,198.25999999999996,251.38393584816558,145.13606415183435,45.076307229035976,39.25851191328997,0,0,,,,187.27904444444457,189.151834888889,185.40625400000013,,6.2627101965843535,-1.9570261273075595,-4.841786456183062,0,47.97801782106013,37.164890718625784,,,,,1.1790018799854458,-7.36108161796912,-8.540083497954566,0.48602880302976487,47.97801782106013,,,,,,,,,-6.32648630319926,38.520003437321925,-19.260001718660963,0
2024-05-31,195.02,196.9799,185.445,191.4,196.38549999999998,247.66775910585415,145.1032408941458,48.534289682840864,44.504401245928555,0,0,,,,187.46526666666676,189.33991933333343,185.5906140000001,,3.764583423689105,-2.5386293794602777,-6.091308294286479,0,46.09199805416396,37.904627028826724,,,,,1.49746037020196,-6.668258035202115,-8.165718405404075,0.7132272832772208,46.09199805416396,,,,,,,,,-6.684393118604459,38.499391790683035,-19.249695895341517,0
2024-06-03,192.31,200.7967,191.69,200.54,194.41249999999997,241.71267161702505,147.11232838297488,61.988959524837156,51.866518812238006,0,0,,,,187.67126666666678,189.54797933333344,185.79455400000012,,7.4728289995497965,3.151803510576756,-1.613124791490872,0,52.28717461884758,39.240873627589146,,,,,2.2763033785586657,-5.320339182205743,-7.596642560764408,0.819038268262819,52.28717461884758,,,,,52.28717461884758,,52.28717461884758,,-5.897401939170368,38.4772325177035,-19.23861625885175,0
2024-06-04,199.75,201.44,191.49,192.67,191.636,231.990165286869,151.281834713131,59.835963503315455,56.78640423699783,0,0,,,,187.84362222222234,189.72205844444457,185.9651860000001,,2.4252025432198288,0.5395645912041447,-5.274388145409514,0,47.2517974469671,40.27275400397643,,,,,2.212151628893264,-4.831453024647828,-7.0436046535410926,0.835744548264408,47.2517974469671,,,,,,,,,-6.106267823957263,38.4555038527041,-19.22775192635205,0
2024-06-05,194.1,197.5,191.975,195.96,188.992,219.81042929157792,158.17357070842206,61.647529059628226,61.15748402926028,0,0,,,,188.05006666666677,189.93056733333344,186.1695660000001,,3.3462542520369842,3.686928547240109,-3.267367298683488,0,49.44368413563771,41.485651381753314,,,,,2.3301532243158,-4.1309131231463425,-6.461066347462142,0.8478243711633732,49.44368413563771,,,,,,,,,-5.321745798807062,38.43232718623822,-19.21616359311911,0
2024-06-06,194.7,197.36,190.45,194.1,186.46499999999997,204.07496933557755,168.8550306644224,61.345473395860026,60.94298865293457,0,0,,,,188.20837777777788,190.09046155555566,186.3262940000001,,1.437687158020129,4.094602204167019,-3.832973580904675,0,48.2236492872189,42.639950378790694,,,,,2.222167309721561,-3.6833572103101915,-5.9055245200317525,0.8196067097869426,48.2236492872189,,,,,,,,,-6.30496745878726,38.41104110564325,-19.205520552821625,0
2024-06-07,191.59,192,188.6034,188.98,185.88499999999996,202.32226923792405,169.44773076207588,58.26040006309812,60.41780083952879,0,0,,,,188.34317777777787,190.22660955555565,186.45974600000008,,-1.914682694154246,1.665007935013607,-5.968092111264644,0,44.93662040953965,43.40328632840053,,,,,1.7650872491930425,-3.699165458540449,-5.4642527077334915,0.7329089779107638,44.93662040953965,44.93662040953965,,44.93662040953965,,,,,,-6.846470938128146,38.39086993857263,-19.195434969286314,0
2024-06-10,187.48,198.58,186,197.86,186.37199999999999,203.60325717990293,169.14074282009705,64.87556054240353,61.49381133378723,0,0,,,,188.509488888889,190.39458377777788,186.6243940000001,,1.667394599594063,6.164016053913701,-1.1429894261403617,0,51.1551780773933,44.65408394850182,,,,,2.0025869356982398,-2.961019038110692,-4.9636059738089315,0.7120125940290382,51.1551780773933,,,,,,,,,-6.489573424551545,38.36999146368984,-19.18499573184492,0
2024-06-11,196.62,197.86,192.09,193.85,187.015,204.3543581196064,169.67564188039358,63.722807560392795,62.28625605529816,0,0,,,,188.72175555555563,190.6089731111112,186.83453800000007,,-0.3772149817045767,3.654787049167174,-2.5771693353034086,0,48.491925695811545,45.53226394594077,,,,,1.8358116380642908,-2.6688414262285676,-4.504653064292858,0.649023996561866,48.491925695811545,,,,,,,,,-6.4807345631262985,38.3491159568354,-19.1745579784177,0
2024-06-12,199,203.58,197.56,201.04,188.147,206.03621809358728,170.2577819064127,72.62392816670032,67.07409875649888,0,0,,,,188.9508222222223,190.84033044444453,187.0613140000001,,3.0562134120710516,6.85262055733018,1.4562722995375532,0,53.19699143138557,46.872549721082784,,,,,2.134960897853129,-1.8359519419764467,-3.970912839829576,0.6118506939703076,53.19699143138557,,,,,53.19699143138557,,53.19699143138557,,-4.493390689690654,38.3246631545343,-19.16233157726715,0
2024-06-13,200.9,201.04,195.47,197.92,189.17799999999997,206.82291722848169,171.53308277151825,72.70000559049602,69.68224710586304,0,0,,,,189.1741111111112,191.0658522222223,187.28237000000007,,1.273077080519025,4.62104473035978,0.30543017001376516,0,51.01911281301243,48.08753173440535,,,,,2.0476346235525704,-1.411369560388863,-3.4590041839414334,0.5012346830081892,51.01911281301243,,,,,,,,,-4.398872951688979,38.30009740823193,-19.150048704115964,0
2024-06-14,199.01,201.6,197.5,199.14,190.33099999999996,207.4061935860182,173.25580641398173,73.96424836978758,73.09606070899464,0,0,,,,189.3990444444445,191.29303488888897,187.50505400000006,,1.4953671141554992,4.628252885762185,1.4335024967018883,0,51.84923065886062,49.20055600081072,,,,,1.994952446826439,-0.9653136254083847,-2.9602660722348237,0.3593199228023706,51.84923065886062,,,,,,,,,-3.4282931700185735,38.274090584307295,-19.137045292153648,0
2024-06-17,199.01,213.36,198.56,211.87,191.96749999999997,210.63800387643414,173.2969961235658,81.09190411207533,75.91871935745299,0,0,,,,189.68197777777786,191.57879755555564,187.78515800000008,,7.363470981407594,10.367640355789408,8.43552316416567,0,59.552246114671775,50.03795840991869,,,,,2.6967406164269794,0.41065969829890037,-2.286080918128079,0.5422151102632502,59.552246114671775,,,,,59.552246114671775,,59.552246114671775,,-1.5343246382687472,38.2457194912065,-19.12285974560325,0
2024-06-18,211.02,213.97,208.12,211.83,193.68149999999997,213.02490846386584,174.3380915361341,80.84446750513627,78.6335399956664,0,0,,,,189.97664444444453,191.87641088888898,188.07687800000008,,6.311008506687399,9.370280589524583,9.091939086085276,0,59.520025270343595,50.785546559636714,,,,,3.013529302774214,1.4808307103396885,-1.5326985924345253,0.687688116821693,59.520025270343595,,,,,,,,,0.8368498450210184,38.215274704479924,-19.107637352239962,0
2024-06-20,211,211.41,198.4208,199.1,194.59199999999998,213.13920852311563,176.04479147688434,71.94813799734916,77.9615032048536,0,0,,,,190.19060000000007,192.09250600000007,188.28869400000008,,-0.23500643887580663,2.3166419996711207,3.419080153682863,0,50.209435266252385,50.94493352000758,,,,,2.2556865885893878,1.2869096433022094,-0.9687769452871784,0.6420060067677351,50.209435266252385,,,,,,,,,0.945251884112777,38.18482823817292,-19.09241411908646,0
2024-06-21,198.99,207.29,196.5,206.52,196.07999999999998,213.40055888243666,178.7594411175633,74.94076704165356,75.91112418137966,0,0,,,,190.41873333333342,192.32292066666676,188.51454600000008,,2.842971749555545,5.324357405140767,7.986007623648983,0,54.66131291882018,51.55702743891161,,,,,2.144797858886298,1.7122203783206942,-0.43257748056560386,0.6445190922599516,54.66131291882018,,,,,,,,,0.19722265700007033,38.155005605167894,-19.077502802583947,0
2024-06-24,205.89,207.27,202.8,205.29,197.5555,212.58347987089195,182.52752012910804,69.19863056833805,72.02917853578026,0,0,,,,190.65433333333343,192.56087666666676,188.7477900000001,,1.4068226948952933,3.915102338330234,7.254811811665363,0,53.802527356021834,51.665266920138336,,,,,1.8883091033296682,1.9278088985964814,0.03949979526681324,0.7525605149717266,53.802527356021834,,,,,,,,,-0.7516515976474807,38.12608950189373,-19.063044750946865,0
2024-06-25,205.6,210.24,204.62,205,198.88549999999998,211.39397948393108,186.37702051606888,67.65200111016664,70.59713290671941,0,0,,,,190.92477777777785,192.83402555555563,189.01553000000007,,0.9076768591623985,3.0743819936596806,6.7893731550616065,0,53.58875285773952,52.117906592336375,,,,,1.6096914022795945,2.0516140481163063,0.4419226458367118,0.7224231511155802,53.58875285773952,,,,,,,,,0.2923842566852563,38.09632831122259,-19.048164155611296,0
2024-06-26,205,208.65,203.425,203.89,199.37199999999999,211.86432820574026,186.8796717942597,65.8882843676996,67.5796386820681,0,0,,,,191.2032222222223,193.11525444444453,189.29119000000009,,-0.13224921630096143,2.2661156029933904,5.790484096923132,0,52.72521527279079,52.35230167356159,,,,,1.2758100105427277,2.0366851590151214,0.7608751484723937,0.6947392082645127,52.72521527279079,,,,,,,,,-0.07073186351296724,38.06693073248521,-19.033465366242606,0
2024-06-27,205.68,210.465,203.94,208.65,199.99949999999998,213.02095533340906,186.9780446665909,69.24699135990447,67.59575894592358,0,0,,,,191.52006666666676,193.43526733333343,189.6048660000001,,1.8197256503725612,4.325260813152054,7.696807549701901,0,55.99962224933347,52.90772831371263,,,,,1.296494879912507,2.3814937483630274,1.0849988684505205,0.6880478164199402,55.99962224933347,,,,,,,,,0.5304454884586091,38.03712697525706,-19.01856348762853,0
2024-06-28,209.24,215.04,207.37,208.67,200.714,213.98939136899259,187.4386086310074,72.61140326061782,69.24889299607396,0,0,,,,191.82464444444454,193.74289088888898,189.9063980000001,,1.2980834579311873,3.9638490588598696,7.128922293412154,0,56.013408022812165,53.69892742894638,,,,,1.2328799770404704,2.6260988397511085,1.393218862710638,0.6246868858399425,56.013408022812165,,,,,56.013408022812165,56.013408022812165,56.013408022812165,,1.1452542782863318,38.006974177250044,-19.003487088625022,0
2024-07-01,207.34,208.37,195.0019,195.23,200.90550000000002,213.74115576820725,188.06984423179279,56.304890426026475,66.05442834884958,0,0,,,,192.08788888888898,194.00876777777788,190.1670100000001,,-5.046083509642285,-2.8249599936288616,-0.09841932088966443,0,45.660364036067264,53.30644071170881,,,,,0.2579666705730588,1.7156772009269616,1.4577105303539029,0.291125428788947,45.660364036067264,,,,,,,,,-0.24145150486359515,37.97792733855145,-18.988963669275726,0
2024-07-02,195,197.185,189.4,193.89,200.573,213.7687782642755,187.3772217357245,42.29407294015838,57.070122208934215,0,0,,,,192.30557777777787,194.22863355555566,190.38252200000008,,-4.865878012040836,-3.3319539519277352,-1.0331063629960502,0,44.77183591291297,53.04072001293034,,,,,-0.4654184800209884,0.8759374303276672,1.3413559103486556,-0.1299027518650648,44.77183591291297,,,,,,,,,-2.6113876414165085,37.95147742024155,-18.975738710120776,0
2024-07-03,194.03,194.91,190.88,193.82,200.6305,213.697422323174,187.56357767682601,36.71205570736805,45.10367302451763,0,0,,,,192.54042222222233,194.46582644444456,190.6150180000001,,-4.052354880548115,-3.3945486852696938,-1.3419436719610767,0,44.722876132755836,52.43542606302822,,,,,-0.9111203945834194,0.2024554171193813,1.1135758117028007,-0.3515515393377484,44.722876132755836,,,,,,,,,-4.9610119240015855,37.92853765809892,-18.96426882904946,0
2024-07-05,193.6,196.215,190.62,193.09,200.487,213.81633621752883,187.15766378247116,32.84910991891817,37.2850795221482,0,0,,,,192.78166666666675,194.70948333333342,190.85385000000008,,-4.128497306422396,-3.689516028470674,-1.9165612634167495,0,44.180285147929965,51.94693837266518,,,,,-1.1994544360103523,-0.3857422333101397,0.8137122027002126,-0.6053844656544464,44.180285147929965,,,,,,,,,-5.255043661362037,37.906130786749664,-18.953065393374832,0
2024-07-08,194.22,198.79,192.13,196.71,200.6175,213.74371327725112,187.4912867227489,35.645414434793594,35.068860020359935,0,0,,,,193.04504444444456,194.97549488888902,191.1145940000001,,-1.8530714884445132,-1.9477363639762268,-0.41411850471836376,0,47.576823883033434,51.6417664601061,,,,,-1.093697759486062,-0.5534099966573649,0.5402877628286971,-0.7645706624236517,47.576823883033434,,,,,,,,,-4.7599116982625675,37.8829275801436,-18.9414637900718,0
2024-07-09,195.04,196.05,184.2601,186.77,200.507,214.05369716203515,186.96030283796486,25.72336684061075,31.405963731440835,0,0,,,,193.29473333333345,195.2276806666668,191.3617860000001,,-5.943436133996749,-6.851132379418168,-5.6213501144550815,0,40.321622739871174,50.26815050476319,,,,,-1.6093513584352532,-1.4714014352153697,0.13794992321988364,-0.7797683371503064,40.321622739871174,40.321622739871174,,40.321622739871174,,,,,,-5.876884174701698,37.86168388147627,-18.930841940738134,0
2024-07-10,189.2,190.46,184.8175,188.1,200.019,214.57735966034332,185.4606403396567,25.986954075681936,29.118578450362094,0,0,,,,193.55188888888895,195.48740777777783,191.61637000000007,,-4.460539815727193,-5.958933901279384,-5.104321343708074,0,41.60478394478901,48.988490410080715,,,,,-1.764568357090302,-2.0677605231429936,-0.30319216605269184,-0.7779028513871986,41.60478394478901,,,,,,,,,-6.64441977468401,37.84190808329808,-18.92095404164904,0
2024-07-11,189.74,194.475,188.43,192.57,199.955,214.63204534298072,185.2779546570193,30.24589679625,27.318739237514226,0,0,,,,193.8450444444445,195.78349488888895,191.90659400000007,,-1.6245210727969361,-3.6933309994748864,-2.823241277456201,0,45.82111626552374,48.67503905288582,,,,,-1.4813246733361018,-2.154848007722819,-0.6735233343867173,-0.8545055006275163,45.82111626552374,,,,,,,,,-7.26567946701973,37.823388254695125,-18.911694127347562,0
2024-07-12,194,194,188.455,190.3,199.41800000000003,214.67154201488458,184.1644579851155,29.00012698922462,28.410992620385514,0,0,,,,194.14015555555562,196.08155711111118,192.19875400000006,,-1.8642188587783326,-4.572305408739441,-3.8749717972636155,0,44.080484361947434,47.91926558453776,,,,,-1.3648652457425197,-2.379604891564867,-1.0147396458223472,-0.8460373268233032,44.080484361947434,,,,,,,,,-6.634900716417011,37.80362718475701,-18.901813592378506,0
2024-07-15,189.46,194.96,186.26,192.05,199.12450000000004,214.70444412698055,183.54455587301953,31.912057819951116,30.386027201808577,0,0,,,,194.42975555555566,196.3740531111112,192.4854580000001,,-0.10559002980448096,-3.5528023924730645,-2.9529326355400065,0,45.79016973691194,47.34695432602991,,,,,-1.0993901418710479,-2.388977323161157,-1.2895871812901092,-0.810007771711407,45.79016973691194,,,,,,,,,-5.936875078370011,37.782581239172735,-18.891290619586368,0
2024-07-16,192.5,193.495,185.15,187.3,198.53250000000006,214.94275639652903,182.12224360347108,28.437764327496666,29.7833163788908,0,0,,,,194.68446666666676,196.63131133333343,192.7376220000001,,-2.172777603677012,-5.657763842192109,-5.287802707363132,0,42.03361451810459,46.521587301770275,,,,,-1.1667406249415024,-2.748012962466987,-1.5812723375254847,-0.8035328043734548,42.03361451810459,,,,,,,,,-6.7400237937319405,37.76306365293469,-18.881531826467345,0
2024-07-17,184.72,184.77,175.44,180.95,196.98650000000004,213.8976540410422,180.07534595895788,22.214336898508662,27.521386348652147,0,0,,,,194.8847333333334,196.83358066666673,192.93588600000007,,-4.8462921868262505,-8.140913209788515,-8.195673350109656,0,37.59349165917352,45.440749900797606,,,,,-1.538618138606721,-3.504545010783886,-1.965926872177165,-0.8194368317925167,37.59349165917352,,,,,,,,,-8.198897282590293,37.74656721027947,-18.873283605139736,0
2024-07-18,182.11,183.095,175.0501,178.57,195.32350000000002,212.60622116883985,178.0407788311602,18.602669608764945,23.08492361159009,0,0,,,,195.09482222222232,197.04577044444454,193.1438740000001,,-5.338712156954228,-8.577308925961303,-9.186610657363481,0,36.056166563917145,44.0162173518393,,,,,-1.8250099142905345,-4.247189265040333,-2.422179350749799,-0.8190128409031646,36.056166563917145,,,,,,,,,-10.338744408160249,37.73512064278012,-18.86756032139006,0
2024-07-19,179.21,179.86,175.1301,175.24,194.13050000000004,213.38709520787305,174.87390479212704,13.918804247419622,18.245270251564406,0,0,,,,195.27335555555564,197.2260891111112,193.32062200000007,,-6.216551783191326,-9.73082539837894,-10.565979960192628,0,33.9634209527337,42.44121827540512,,,,,-2.099274969290799,-5.046273062363298,-2.946998093072499,-0.8326706024559553,33.9634209527337,33.9634209527337,,33.9634209527337,,,,,,-12.25150810135124,37.72880494534165,-18.864402472670825,0
2024-07-22,178.19,181.89,177.09,177.39,192.67400000000004,212.36358648625975,172.98441351374032,16.049055349936847,16.190176402040468,0,0,,,,195.46406666666678,197.41870733333346,193.5094260000001,,-4.074106119270626,-7.932570040586717,-9.210640798827685,0,36.52506092240988,41.7886966244296,,,,,-1.9970563333001303,-5.4433185096976615,-3.446262176397531,-0.8574216403709007,36.52506092240988,,,,,,,,,-12.80075468023343,37.72402279796739,-18.862011398983697,0
2024-07-23,176.95,180.865,175.6,179.1,191.36450000000005,211.00727625489475,171.72172374510535,19.389367582404766,16.45240905992041,1,0,,,,195.61726666666678,197.57343933333345,193.6610940000001,,-2.7460264882681606,-6.408973451188727,-8.180685645734398,0,38.566248399347714,41.345440373460654,,,,,-1.6877515600376292,-5.555951626444568,-3.8682000664069385,-0.8675006313648199,38.566248399347714,,,,,,,,,-12.68623532118658,37.71883877309156,-18.85941938654578,0
2024-07-24,176,176.67,163.37,163.8,189.30450000000005,211.29629890322371,167.31270109677638,12.294958514712658,15.91112714901809,0,0,,,,195.69086666666675,197.6477753333334,193.7339580000001,,-9.864797195793674,-13.472738365965963,-15.53290417952271,0,29.443109606351612,40.2540284787175,,,,,-2.3465552095107025,-6.801394078295317,-4.4548388687846145,-0.8728963975439048,29.443109606351612,29.443109606351612,,29.443109606351612,,,,,,-14.520038107558358,37.7192050704593,-18.85960253522965,0
2024-07-25,163.9,171.12,162.14,168.31,187.52550000000002,210.25403490658545,164.7969650934146,14.550591929477203,15.411639342198207,0,0,,,,195.78486666666677,197.74271533333345,193.8270180000001,,-6.129915616756176,-10.24687309192618,-12.824514727793568,0,34.37143728065844,39.55339648819811,,,,,-2.308038692841107,-7.339887234835999,-5.031848541994892,-0.8960173542248888,34.37143728065844,,,,,,,,,-15.929212172568922,37.72415887968905,-18.862079439844525,0
2024-07-26,175.88,179.45,168.75,173.28,185.75700000000003,207.09742839307341,164.41657160692665,19.562249081549048,15.469266508579635,1,0,,,,195.89313333333345,197.8520646666668,193.9342020000001,,-2.4318830624046273,-6.716839742243918,-9.818106117775693,0,39.3952275291665,38.96899674863619,,,,,-1.7998578924138418,-7.2816709075121935,-5.481813015098352,-0.8665864197136909,39.3952275291665,,,,,39.3952275291665,,39.3952275291665,,-16.790551878952282,37.73200399015507,-18.866001995077536,0
2024-07-29,174.96,175.27,169.6729,169.92,183.81950000000003,203.4551629376216,164.18383706237847,19.564738903268406,17.892526638098218,0,0,,,,195.96415555555564,197.92379711111118,194.00451400000009,,-3.1165543429920173,-7.561493747942983,-11.135129481290429,0,37.31554988547646,38.75427725903656,,,,,-1.551439194514332,-7.421112008241266,-5.869672813726934,-0.8960705715579721,37.31554988547646,,,,,,,,,-15.71210551054608,37.73595404076573,-18.867977020382867,0
2024-07-30,170.32,171.285,165.73,168.19,182.46750000000003,202.49408220965046,162.4409177903496,25.1369101163383,21.421299367051915,0,0,,,,196.02273333333343,197.98296066666677,194.0625060000001,,-3.0465484940192966,-7.824681107594522,-11.562730045220404,0,36.25433374287682,38.37210224461426,,,,,-1.3712980329163669,-7.583795354872393,-6.212497321956026,-0.906864662114392,36.25433374287682,,,,,,,,,-15.692847467891289,37.73971829718013,-18.869859148590066,0
2024-07-31,171.75,175.91,168.31,171.94,181.37000000000006,201.17699169484956,161.56300830515056,30.697561582516165,25.13307020070762,0,0,,,,196.0926000000001,198.0535260000001,194.1316740000001,,-0.36737863177535024,-5.199316314715807,-8.9537143432055,0,40.22277194872741,37.972220507700236,,,,,-0.8905489423537762,-7.325683499898247,-6.435134557544471,-0.8543306565408652,40.22277194872741,,,,,40.22277194872741,,40.22277194872741,,-15.882242915961513,37.744002473664004,-18.872001236832002,0
2024-08-01,172,173.58,162.6,164.5,179.90400000000005,200.14354485653863,159.66445514346148,25.73677368732649,27.190415128726983,0,0,,,,196.1281111111112,198.0893922222223,194.1668300000001,,-3.89502649459299,-8.562344361437235,-12.159540346093268,0,35.500703596866856,37.35937902448019,,,,,-0.9586762043275048,-7.633479812953851,-6.6748036086263465,-0.844643971560772,35.500703596866856,,,,,,,,,-16.75167259732177,37.751166083897125,-18.875583041948563,0
2024-08-02,157.56,163.96,153.84,162.01,178.35000000000008,199.0682151740876,157.63178482591255,21.900553894041845,26.111629721294833,0,0,,,,196.1309111111112,198.09222022222232,194.16960200000008,,-4.612467911730766,-9.161760583123113,-12.91423656838775,0,34.05954998994994,36.52147761398291,,,,,-1.0491747340340236,-7.986272026168876,-6.937097292134853,-0.8421576771182947,34.05954998994994,,,,,,,,,-17.732941163858357,37.761716747113425,-18.880858373556713,0
2024-08-05,145.84,161.55,145.05,158.85,176.45700000000005,197.03715364373713,155.87684635626297,20.692964924981855,22.776764168783398,0,0,,,,196.12513333333342,198.08638466666676,194.1638820000001,,-5.440800047621863,-9.97806831125999,-13.877232360691016,0,32.269215654161,35.82402055227265,,,,,-1.189317611795774,-8.42374430687957,-7.234426695083796,-0.8424031009530523,32.269215654161,32.269215654161,32.269215654161,32.269215654161,,,,,,-19.829835753278832,37.78015482920919,-18.890077414604594,0
2024-08-06,161.78,165.92,160.14,165.06,175.37150000000003,195.95149540815922,154.79150459184083,25.805653000421145,22.799723939814942,0,0,,,,196.14477777777788,198.10622555555565,194.1833300000001,,-0.9160433649886279,-5.879803730936906,-9.855001228803207,0,39.04969390411122,35.928034998339626,,,,,-0.7525478785372925,-8.175111543255412,-7.422563664718119,-0.7988326346376127,39.04969390411122,,,,,,,,,-19.657136407959484,37.79768565536032,-18.89884282768016,0
2024-08-07,169.74,171.57,161.085,161.4,174.03650000000005,194.60455608218297,153.46844391781713,27.16818458959458,24.555600838332523,0,0,,,,196.15984444444453,198.12144288888896,194.1982460000001,,-2.973320668967061,-7.260833216020801,-11.148626950849216,0,36.71670794067889,35.975216525251184,,,,,-0.6052418215314734,-8.17911594163246,-7.573874120100987,-0.7861096137513461,36.71670794067889,,,,,,,,,-19.64812091274317,37.81496881479655,-18.907484407398275,0
2024-08-08,174.99,185.1,170.4263,178.99,173.35750000000004,192.26279224846442,154.45220775153567,50.832858608472215,34.60223206616264,0,0,,,,196.2463333333334,198.20879666666676,194.28387000000006,,6.914594956216358,3.249066235957465,-1.0129685786180564,0,51.66326701608358,37.23949124406188,,,,,0.710416808787004,-6.685853109117232,-7.396269917904236,-0.4122436502742627,51.66326701608358,,,,,,,,,-16.194312761081704,37.819418877369934,-18.909709438684967,0
2024-08-09,178.87,187.71,178.87,187.38,173.21150000000006,191.63000295219027,154.79299704780985,61.633555247754714,46.54486614860716,0,0,,,,196.34637777777786,198.30984155555564,194.38291400000008,,10.991328247168664,8.17988413009525,4.034881870236684,0,56.89301340451214,38.69434499278348,,,,,2.1006655071507465,-4.770438033965803,-6.8711035411165495,0.08437247876420664,56.89301340451214,,,,,,,,,-12.394930908601177,37.812184296489484,-18.906092148244742,0
2024-08-12,187.5,188.53,180.1,181.75,172.69650000000007,189.48291507290395,155.9100849270962,62.612767278034724,58.359727044753875,0,0,,,,196.4326000000001,198.3969260000001,194.4682740000001,,6.90736263800904,5.242433981001304,1.4143135074006885,0,52.767297629671305,39.7087056520923,,,,,2.565275192734858,-3.6645095501979768,-6.229784742932835,0.41818277594825365,52.767297629671305,,,,,,,,,-8.971874589423875,37.79655623875128,-18.89827811937564,0
2024-08-13,186,193.77,185.1,191.54,172.90850000000006,190.514380012082,155.30261998791812,71.50360405535604,65.24997552704849,0,0,,,,196.58677777777788,198.55264555555567,194.6209100000001,,11.139478478838605,10.77535228169808,6.9504184992098095,0,58.414590730495945,41.77809716095975,,,,,3.403578265269231,-1.9753119113462958,-5.378890176615527,0.53072224881824,58.414590730495945,,,,,,,,,-6.877503133746026,37.77678928342976,-18.88839464171488,0
2024-08-14,193.55,197.69,192.71,197.07,173.71450000000004,193.99234354905283,153.43665645094725,76.36215860540581,70.15950997959885,0,0,,,,196.78544444444452,198.75329888888896,194.81759000000008,,12.704812558977462,13.444761375705516,9.973121029771391,0,61.23410606388237,43.69685921690432,,,,,4.152539189604794,-0.188216189609534,-4.340755379214328,0.6564434779630032,61.23410606388237,,,,,,,,,-5.27439861169554,37.75437347520811,-18.877186737604056,0
2024-08-15,200,202.58,195.94,202.34,174.90300000000008,198.66661681225747,151.13938318774268,80.12582285849851,75.99719517308678,0,0,,,,197.0062000000001,198.9762620000001,195.03613800000008,,13.267539563029374,15.686980783634308,12.73532956818395,0,63.756070320690114,45.43691941629886,,,,,4.780183347663432,1.6344738053649621,-3.14570954229847,0.7901294794103311,63.756070320690114,,,,,,,,,-1.877844886404132,37.7277510601734,-18.8638755300867,0
2024-08-16,198.328,206.425,198.328,203.16,176.29900000000006,203.06807013700396,149.52992986299617,82.21360997191566,79.56719714527333,0,0,,,,197.22886666666673,199.2011553333334,195.25657800000008,,11.16582947568865,15.236047850526614,12.980902912945202,0,64.14691444009794,47.35344545591469,,,,,5.004002754248171,3.1092939005117444,-1.8947088537364272,0.8644239275686888,64.14691444009794,,,,,,,,,0.014538885584365483,37.69965153274257,-18.849825766371286,0
2024-08-19,201.73,208.195,201.22,207.18,177.78850000000006,207.75844913241986,147.81855086758026,85.16907005838547,82.50283429626654,0,0,,,,197.48557777777788,199.46043355555565,195.5107220000001,,10.444753634313697,16.531721680536116,14.993311760755201,0,66.07818983033343,49.48372089073302,,,,,5.155791036591286,4.550029942002681,-0.6057610945886056,0.9118817114381089,66.07818983033343,,,,,,,,,1.6520081574128234,37.67076765377846,-18.83538382688923,0
2024-08-20,206.35,208.31,201.0209,203.83,179.02500000000006,211.07761393396558,146.97238606603455,83.704825306383,83.69583511222804,0,0,,,,197.70597777777786,199.68303755555564,195.72891800000008,,6.458655413028058,13.85560675883253,12.777961184565957,0,63.03116200755217,51.112891609220505,,,,,4.7723873401379855,5.359723080583876,0.5873357404458908,0.9539105506857971,63.03116200755217,,,,,,,,,1.850494931762622,37.64187760391743,-18.820938801958714,0
2024-08-21,205.5,210.28,203,210.01,181.33550000000005,215.2717687842942,147.3992312157059,86.64941593702427,85.17443710059757,0,0,,,,197.93206666666674,199.9113873333334,195.95274600000008,,6.970584490003828,15.812954440801686,15.72966836762797,0,66.133682178533,53.30096150791094,,,,,4.6709394351588145,6.426010034394409,1.7550705992355944,0.96368875776682,66.133682178533,,,,,,,,,2.9252286842726107,37.61277520274356,-18.80638760137178,0
2024-08-22,211,213.88,207.71,208.67,183.35350000000005,218.72132847447472,147.9856715255254,86.07803708729399,85.47742611023375,0,0,,,,198.122288888889,200.10351177777787,196.1410660000001,,4.705132643896204,13.80748117707049,14.652166268625999,0,64.86259843845548,55.50117925423276,,,,,4.260979176982471,7.081294570463683,2.820315393481212,0.9530873136413798,64.86259843845548,,,,,,,,,3.0996190606295566,37.5837129711614,-18.7918564855807,0
2024-08-23,210.46,215.24,209.515,212.57,185.31800000000004,222.54530105715253,148.09069894284755,87.85272164819425,86.86005822417083,0,0,,,,198.32948888888896,200.31278377777784,196.34619400000008,,5.330703823360383,14.705533191594956,16.32055596596338,0,66.85905922269376,57.971882366270826,,,,,4.00383307181322,7.825106733247736,3.8212736614345166,0.9423050191996928,66.85905922269376,,,,,66.85905922269376,,66.85905922269376,,4.47237078978161,37.55467869976575,-18.777339349882876,0
2024-08-26,212.7,214.44,208.12,209.99,187.32150000000004,225.32331220678668,149.3196877932134,86.31119895918819,86.74731923155882,0,1,,,,198.55868888888895,200.54427577777784,196.57310200000006,,2.616352938876876,12.10138718726892,14.533960936605062,0,64.25795459562751,59.772472415664836,,,,,3.433283933992164,8.112878578924722,4.679594644932558,0.9161610933212773,64.25795459562751,,,,,,,,,4.389451633088773,37.52570521334474,-18.76285260667237,0
2024-08-27,207.32,212,205.94,207.37,189.28050000000002,227.17472936279205,151.38627063720799,78.97297163015571,84.37896407917938,0,0,,,,198.7553111111112,200.74286422222232,196.7677580000001,,0.5581444968698612,9.556980248889868,12.69373736495436,0,61.63557659921876,61.55239160556055,,,,,2.6858311204027636,8.036883545436012,5.351052425033249,0.9066561613762832,61.63557659921876,,,,,,,,,4.10438203322781,37.49678533580877,-18.748392667904383,0
2024-08-28,206.48,207.37,202.38,202.82,190.82450000000003,228.2806329958113,153.36836700418877,73.09545273276055,79.45987444070148,0,0,,,,198.9284222222223,200.91770644444455,196.93913800000007,,-1.9217191988161852,6.286142502666037,9.78613301865845,0,57.264871786272636,61.95250623200262,,,,,1.7373915780518328,7.52279189759804,5.785400319546207,0.8046217753016472,57.264871786272636,57.264871786272636,,57.264871786272636,,,,,,2.4289440452407223,37.46812322418543,-18.734061612092717,0
2024-08-29,204.23,212.09,204.23,207.55,192.97700000000003,229.0572090348697,156.89679096513038,71.42447289996024,74.49763242095884,0,0,,,,199.1209111111112,201.11212022222233,197.1297020000001,,0.11335407471726455,7.5516771428719265,11.762076819936663,0,60.40799855405949,62.203576599827436,,,,,1.3009642692885723,7.411605656156922,6.11064138686835,0.7342307158394238,60.40799855405949,,,,,,,,,2.212980018066093,37.4395847203436,-18.7197923601718,0
2024-08-30,209.71,214.44,207.97,212.57,195.50500000000005,229.58145022592385,161.42854977407626,73.58812812266666,72.70268458512915,0,0,,,,199.29126666666676,201.28417933333344,197.29835400000007,,2.071488936693333,8.728677015933073,13.703388047513144,0,63.478131187185184,62.96863613964985,,,,,1.2238765116794088,7.640487026467611,6.416610514788202,0.7190853835369307,63.478131187185184,,,,,,,,,3.362066936501151,37.41089132334511,-18.705445661672556,0
2024-09-03,209.81,213.91,204.73,206.36,197.88050000000004,227.77165017860403,167.98934982139605,67.1373947159595,70.71666524619546,0,0,,,,199.42802222222232,201.42230244444454,197.4337420000001,,-0.8713864363464774,4.285162004340992,9.81443935354429,0,57.5345156540449,62.90577363418907,,,,,0.6565950639978393,7.237354344785501,6.580759280787662,0.5607248285453575,57.5345156540449,,,,,,,,,4.294681694206366,37.382244338272976,-18.691122169136488,0
2024-09-04,202.44,211.08,202.44,206.8,199.96750000000003,225.9777486531735,173.95725134682655,64.5608910485471,68.42880462905775,0,0,,,,199.57824444444455,201.574026888889,197.5824620000001,,-0.801550335538237,3.416805230849995,9.510503582391383,0,57.83575842177369,62.66303451689559,,,,,0.23469849030544587,6.87413239366947,6.639433903364024,0.34258508999384235,57.83575842177369,,,,,,,,,4.3194134776778785,37.35366447864989,-18.676832239324945,0
2024-09-05,204.84,212.59,204.84,210.26,202.4105,221.8104159534242,183.01058404657581,64.7559385360052,65.48474143350394,0,0,,,,199.73442222222232,201.73176644444456,197.73707800000008,,0.8460593968229846,3.8780102810871853,10.437052560809622,0,60.22520125079604,62.410829583331726,,,,,0.11823727399573603,6.787230495858694,6.668993221862958,0.26784957004776383,60.22520125079604,,,,,,,,,4.019897395454107,37.32513966278702,-18.66256983139351,0
2024-09-06,211,212,204,208.26,203.87400000000002,220.1506328213156,187.59736717868444,61.4376472475067,63.584825610686345,0,0,,,,199.94846666666675,201.9479513333334,197.9489820000001,,-0.09354536950417769,2.151328761882332,8.626786887868043,0,58.17303448679922,61.984123872381815,,,,,-0.14939181927952294,6.482253447763554,6.631645267043077,0.09021141380901374,58.17303448679922,,,,,,,,,4.378516524870429,37.2966942705558,-18.6483471352779,0
2024-09-09,208.51,217.26,208.51,217.1,205.35999999999999,220.74411518417622,189.97588481582375,71.47594900697992,65.88984493016393,0,0,,,,200.17024444444453,202.17194688888898,198.1685420000001,,3.9213433664579744,5.716790027269192,12.381458526013468,0,64.01041705026583,61.836425816662704,,,,,0.1943835200356876,6.874624667087687,6.680241147052,0.3226956384072128,64.01041705026583,,,,,,,,,6.12097266409953,37.268681034978464,-18.634340517489232,0
2024-09-10,217.99,219.69,213.14,217.11,207.12800000000001,218.97256770000286,195.28343229999717,74.79911421670539,69.237570157064,0,0,,,,200.37606666666676,202.37982733333342,198.3723060000001,,3.5731323347009125,4.819242207716967,11.47890590367686,0,64.01653487736894,61.906809593078194,,,,,0.33940103060584903,7.104492435309311,6.765091404703462,0.37119173357814733,64.01653487736894,,,,,,,,,7.292933655030467,37.2412553263108,-18.6206276631554,0
2024-09-11,217.11,223.19,212.855,223.18,208.70999999999998,220.2520570090422,197.16794299095776,78.6871831718464,74.98741546517722,0,0,,,,200.62842222222233,202.63470644444456,198.6221380000001,,5.671848144658442,6.93306501844666,13.52715163065772,0,67.61515185476398,62.012628855666115,,,,,0.7382004062959879,7.687841912573447,6.949641506277459,0.5796022042247233,67.61515185476398,,,,,,,,,9.808533350279616,37.21576821712269,-18.607884108561343,0
2024-09-12,224,229.9,223.2,228.96,210.30450000000002,223.64481255255743,196.9641874474426,84.17749573857863,79.22126437571013,0,0,,,,200.96620000000013,202.97586200000012,198.95653800000014,,7.08322615345045,8.87070890066546,15.352061585586952,0,70.62745106979433,62.4244040436189,,,,,1.2549699856574987,8.518353988349332,7.263384002691834,0.6950912843330299,70.62745106979433,,,,,,,,,11.818265111643782,37.192568742573485,-18.596284371286742,0
2024-09-13,228.38,230.05,225.26,228.73,211.62400000000002,226.66437153796122,196.58362846203883,84.86794757797196,82.57754216279899,0,0,,,,201.29997777777788,203.31297755555568,199.2869780000001,,5.926375310860332,8.083204173439661,14.006449715644198,0,70.34704540291497,62.673545913634705,,,,,1.4321865979504445,9.05361725012989,7.621430652179445,0.8319736933870537,70.34704540291497,,,,,,,,,13.776885190460218,37.1722151113869,-18.58610755569345,0
2024-09-16,228.73,234.61,227.65,234,213.166,230.5588415159794,195.7731584840206,88.32866800191702,85.7913704394892,0,0,,,,201.63260000000014,203.64892600000013,199.61627400000015,,7.302041490122746,9.77360367037896,15.254660261440844,0,72.9928594646199,63.29746768999131,,,,,1.7350209091048292,9.790206788560482,8.055185879455653,0.9025102690534704,72.9928594646199,,,,,,,,,15.587606482163075,37.155028827557416,-18.577514413778708,0
2024-09-17,235.86,242.66,235.86,242.48,214.93099999999998,236.25576766579192,193.60623233420804,92.56909566196344,88.58857041395079,0,0,,,,201.99575555555563,204.01571311111118,199.97579800000008,,9.378946988560521,12.817601928060629,17.813778951783775,0,76.60946702466282,64.36703129180874,,,,,2.301615122529821,10.93220478261793,8.63058966008811,0.9285939671459895,76.60946702466282,,,,,,,,,17.780894424428897,37.142359231116494,-18.571179615558247,0
2024-09-18,242.48,258,241.49,250.23,217.25099999999998,242.89809644384718,191.60390355615277,93.86909022443218,91.58895129610421,0,0,,,,202.4330000000001,204.4573300000001,200.40867000000011,,10.706053594418474,15.180137260588001,19.92504385222191,0,79.33332203906659,65.94334916700832,,,,,2.9519943868793206,12.32058264368726,9.36858825680794,0.92806427223295,79.33332203906659,,,,,,,,,21.208996656779707,37.13825932631122,-18.56912966315561,0
2024-09-19,257,265.6,256.2205,264,219.9505,252.43483066879975,187.46616933120026,96.02123182479744,94.15313923706435,0,0,,,,202.97504444444456,205.00479488888902,200.9452940000001,,14.085693913268994,20.027006076367183,24.484066982487327,0,83.09921284284968,67.56415018763617,,,,,3.9982486860716904,14.366399114397552,10.368150428325862,0.9305063601982968,83.09921284284968,,,,,,,,,25.97096753941265,37.14913396480446,-18.57456698240223,0
2024-09-20,260.46,270.28,260.46,268.34,222.93400000000003,261.17645619726693,184.69154380273312,97.16099945646178,95.68377383523045,0,0,,,,203.52957777777786,205.56487355555564,201.49428200000008,,13.026666610505778,20.367463015959864,24.778156150170226,0,84.08363507122493,69.03597189363902,,,,,4.626870021194076,16.151737954818458,11.524867933624382,0.9622620480496823,84.08363507122493,,,,,,,,,29.998869071315053,37.17538019825608,-18.58769009912804,0
2024-09-23,270,270.94,266.1,270.27,225.81900000000002,268.8985709820784,182.73942901792162,98.0703767438905,97.0842026750499,0,0,,,,204.09362222222234,206.13455844444456,202.0526860000001,,11.345939933259208,19.684348969750086,24.081414033208336,0,84.51557352204384,70.9631903127818,,,,,4.796427593699363,17.520402425748586,12.723974832049223,0.973912422597818,84.51557352204384,,,,,,,,,33.08494142588665,37.214977774420156,-18.607488887210078,0
2024-09-24,271.06,273.22,266,269.79,228.80900000000003,275.2489327734215,182.36906722657858,96.88136175349325,97.37091265128184,0,1,,,,204.64357777777786,206.69001355555565,202.59714200000008,,8.787167638448711,17.91057169953978,22.214437360891747,0,83.90570240311673,72.82532916859202,,,,,4.5046318067037525,18.354764590428914,13.850132783725162,0.9791499028856988,83.90570240311673,,,,,,,,,33.80777023961458,37.25760847443829,-18.628804237219146,0
2024-09-25,274.38,297.56,270.58,287.54,232.81749999999997,284.68593929597245,180.9490607040275,97.86793166430752,97.60655672056374,0,0,,,,205.26100000000008,207.3136100000001,203.20839000000007,,13.011625804727412,23.504461649145814,28.393966546303197,0,87.49832329855921,74.77340931486083,,,,,5.092094133511987,20.215250450615144,15.123156317103158,0.9833283713947892,87.49832329855921,,,,,87.49832329855921,,87.49832329855921,,36.500417845274065,37.31318051033965,-18.656590255169824,0
2024-09-26,292,293.73,277.58,277.96,236.5745,290.0672458539934,183.08175414600657,92.63562065409741,95.79497135729939,0,1,,,,205.82926666666677,207.88755933333343,203.7709740000001,,7.182243747445383,17.49364365136563,22.639691856523235,0,77.44961043492842,76.15030759687004,,,,,4.444120001393646,20.678306318845216,16.23418631745157,0.9781892881383368,77.44961043492842,77.44961043492842,,77.44961043492842,,,,,,37.21429482355782,37.37196690328275,-18.685983451641373,0
2024-09-27,279.5,279.5,273.24,278.03,240.09849999999997,294.75220006687533,185.4447999331246,89.75826026524952,93.42060419455147,0,0,,,,206.3568222222223,208.4203904444445,204.29325400000008,,5.209184754639318,15.79830777784952,21.320064231606107,0,77.46997099269078,77.11170430704325,,,,,3.6614775133380277,20.811033209124105,17.149555695786077,0.969436270935572,77.46997099269078,,,,,,,,,38.017311096175696,37.43448028945751,-18.717240144728756,0
2024-09-30,276.97,286.96,276.63,282.02,243.57099999999997,299.59521508597834,187.5467849140216,88.169224517607,90.18770181231798,0,0,,,,206.91095555555563,208.9800651111112,204.84184600000006,,4.814432146759562,15.785540971626343,21.66557856076661,0,78.65309451378488,78.15717285250153,,,,,3.0772749154913868,20.99614934015031,17.918874424658924,0.9577084527602828,78.65309451378488,,,,,,,,,36.810110407995246,37.49011311741691,-18.745056558708455,0
2024-10-01,282.99,284.35,278.8,280.66,247.28599999999997,302.79901519463715,191.7729848053628,81.47477935658124,86.46742137981259,0,0,,,,207.427088888889,209.50135977777788,205.3528180000001,,2.8495624514446094,13.49611381153808,19.81284845449136,0,77.1656423447348,78.83935074464232,,,,,2.2996372285107327,20.79342096029734,18.493783731786607,0.9352682900046431,77.1656423447348,,,,,,,,,37.045703018256845,37.546461947321426,-18.773230973660713,0
2024-10-02,280.48,287.19,275.8059,285.42,251.21699999999996,305.83294056683445,196.60105943316543,81.49190884842005,83.7119709075361,0,0,,,,207.95220000000012,210.03172200000012,205.87267800000012,,3.2622656049319687,13.614922556992592,20.446473157454225,0,78.68501711724083,79.41489117660278,,,,,1.826845991809705,20.77734122154874,18.950495229739033,0.9169813405229933,78.68501711724083,,,,,,,,,38.05138585016532,37.60755293942042,-18.80377646971021,0
2024-10-03,284.31,288.84,280.56,283.66,254.887,307.84018539993565,201.93381460006438,78.97958529089668,80.648757831966,0,0,,,,208.3106000000001,210.39370600000012,206.2274940000001,,1.9007145192173391,11.28853178074991,18.476338981163074,0,76.65405581222976,79.86539192012526,,,,,1.1496561825256997,20.38756545789616,19.23790927537046,0.8881151643152952,76.65405581222976,,,,,,,,,38.149651629357784,37.668620198690746,-18.834310099345373,0
2024-10-04,287.94,291.55,279.46,283.49,258.64849999999996,308.41048560146123,208.88651439853868,76.54655278017952,79.00601563983209,0,0,,,,208.63042222222228,210.7167264444445,206.54411800000005,,1.2883909048034603,9.604347212529763,17.184658120129193,0,76.44879728910475,80.11224462187418,,,,,0.4787025030893872,19.836287404232195,19.357584901142808,0.8574616905289741,76.44879728910475,,,,,,,,,38.41335578760886,37.73053854242603,-18.865269271213016,0
2024-10-07,280.91,282.045,276.28,279.75,261.781,308.4800800337645,215.0819199662355,71.73327539431409,75.75313782179677,0,0,,,,208.92566666666673,211.0149233333334,206.83641000000006,,-0.38528372835002767,6.864134524659926,14.578071456851482,0,71.88810806463493,79.77500469615791,,,,,-0.38209011006301097,18.879972263564042,19.262062373627053,0.7926515016926748,71.88810806463493,71.88810806463493,,71.88810806463493,,,,,,37.32176396058289,37.786242660721804,-18.893121330360902,0
2024-10-08,288.34,291.49,284.205,284.95,265.173,308.10366833861275,222.24233166138725,70.70544388068637,72.99509068505999,0,0,,,,209.21740000000005,211.30957400000005,207.12522600000005,,0.9215577939280628,7.458149962477312,15.525578202241718,0,74.19330793540706,79.4078608316108,,,,,-0.7453451427239273,18.330380945222146,19.075726087946073,0.7720530667867931,74.19330793540706,,,,,,,,,37.33619244851703,37.84152863280889,-18.920764316404444,0
2024-10-09,284.81,292.755,284.28,291.97,268.6125,308.4453391531405,228.77966084685957,72.24853549668545,71.56241825722863,0,0,,,,209.60366666666675,211.69970333333342,207.5076300000001,,3.245860016761526,8.695611708315898,17.03361454572665,0,76.94218384849206,78.96807304629955,,,,,-0.6598638892786362,18.250896226347777,18.910760115626413,0.7674773381275357,76.94218384849206,,,,,,,,,38.5235448322318,37.90244843416448,-18.95122421708224,0
2024-10-10,290.84,293.48,288.845,290.28,271.6785,308.12689654909366,235.23010345090634,71.1923055837374,71.38209498703641,0,0,,,,209.96962222222228,212.06931844444452,207.86992600000005,,2.2029906028737445,6.846879675793249,15.012176889795171,0,74.87446816159296,78.31027540989726,,,,,-0.8519523822966093,17.845819637755653,18.697772020052263,0.7500780240080007,74.87446816159296,,,,,,,,,40.05101854233262,37.97098944057097,-18.985494720285484,0
2024-10-11,289.86,292.64,286.965,289.75,274.72950000000003,306.1564358830907,243.30256411690937,69.90242455370097,71.11442187804128,0,0,,,,210.31673333333342,212.41990066666676,208.21356600000007,,1.597152825259962,5.467377911727711,13.569256015218345,0,74.20101098575927,77.5735209430198,,,,,-1.1319763569229693,17.282801573898553,18.414777930821522,0.7174584076418735,74.20101098575927,,,,,,,,,40.663733935511345,38.042281685830794,-19.021140842915397,0
2024-10-14,284.4,289.63,280.54,288.26,277.4425,303.19220436723424,251.69279563276578,64.39332886580598,68.49601966774812,0,0,,,,210.63606666666675,212.7424273333334,208.5297060000001,,0.8540369954411764,3.8990061003631338,11.878865815998484,0,72.23397268184476,76.73982596292895,,,,,-1.5111222225327836,16.525875152655544,18.036997375188328,0.6508949849188549,72.23397268184476,,,,,,,,,39.88069973816678,38.10868269024277,-19.054341345121387,0
2024-10-15,288.26,295.58,281.455,290.59,279.848,300.5843840627988,259.11161593720124,61.46304718699909,65.25293353550202,0,0,,,,210.9723333333334,213.08205666666674,208.86261000000007,,1.3172391671199435,3.8385123352677075,11.567423955443147,0,73.42056903524629,75.73427208697801,,,,,-1.6852926873195955,15.930381516038835,17.61567420335843,0.85767174210977,73.42056903524629,,,,,,,,,39.65686243643189,38.17330443154375,-19.086652215771874,0
2024-10-16,290.61,293.4126,283.25,286.5,281.6615,297.4807013388805,265.84229866111946,62.9800729436532,62.945482998819436,0,0,,,,211.27424444444452,213.38698688888897,209.16150200000007,,-0.14638226683394429,1.7178421616017792,8.886507194490667,0,67.93250742735648,75.0544790150086,,,,,-2.127726517112073,14.956016056968338,17.08374257408041,0.7702682435249503,67.93250742735648,,,,,,,,,38.84409653828521,38.23310423461358,-19.11655211730679,0
2024-10-17,288.12,296.9731,282.33,287.65,282.844,296.60774280491967,269.0802571950803,63.45833002738442,62.63381671934557,0,0,,,,211.5684222222223,213.68410644444452,209.45273800000007,,0.11520296256080087,1.6991698604177596,8.262147578764312,0,68.64225716677264,74.42392802744301,,,,,-2.3758554369882816,14.11392327784506,16.489778714833342,0.6813080199685493,68.64225716677264,,,,,,,,,38.44615836239407,38.2903439658637,-19.14517198293185,0
2024-10-18,288.98,290.38,285.55,286.12,283.733,295.83062637875474,271.63537362124526,58.08659167022246,61.5083315470867,0,0,,,,211.85455555555563,213.9731011111112,209.73601000000008,,-0.5083767412424889,0.8412838830872627,6.644601238198544,0,66.53240636985817,73.55816458859111,,,,,-2.654806759551372,13.171270265394128,15.8260770249455,0.564543347301312,66.53240636985817,,,,,,,,,37.359078434047454,38.3416649966816,-19.1708324983408,0
2024-10-21,286.04,290.92,285.3404,288.06,284.6225,295.143043474552,274.10195652544803,57.047284774802065,59.53073549080299,0,0,,,,212.15153333333345,214.2730486666668,210.0300180000001,,-0.12239392815163175,1.20774007676836,6.429385141168131,0,67.88051158901995,72.8949409631829,,,,,-2.7109557426509987,12.43738234663175,15.148338089282749,0.45135244033791494,67.88051158901995,,,,,,,,,37.229550086522984,38.391907366010884,-19.195953683005442,0
2024-10-22,285.34,288.84,273.06,281.3,285.198,293.4177459814784,276.97825401852157,42.34066988780714,52.49151544427722,0,0,,,,212.42615555555562,214.5504171111112,210.30189400000006,,-2.342665111370301,-1.366769752943553,3.1165917638692475,0,58.967193405697095,71.48652498378692,,,,,-3.173547972003794,11.181403124278006,14.3549510962818,0.1724042032181979,58.967193405697095,,,,,,,,,35.873099568597354,38.43528175650326,-19.21764087825163,0
2024-10-23,281.87,282.3,276.01,279.93,284.8175,293.2696284301632,276.3653715698368,37.649192414380906,45.679049025663375,0,0,,,,212.72677777777787,214.85404555555564,210.5995100000001,,-2.410369399394774,-1.7160111299340808,1.907728600396319,0,57.32436534216956,70.10583280735405,,,,,-3.5154307391857333,9.960662672299634,13.476093411485367,-0.14519452392350937,57.32436534216956,57.32436534216956,,57.32436534216956,,,,,,34.70409182733104,38.472977366717714,-19.236488683358857,0
2024-10-24,282.43,284,277.46,281.4,284.9895,293.0051683439332,276.97383165606686,36.76571438115245,38.918525561113505,0,0,,,,213.02944444444455,215.159738888889,210.8991500000001,,-1.5932521087160256,-1.2595200875821888,1.795100281799522,0,58.65537784098387,68.83487427534541,,,,,-3.574478551424331,9.007995222204954,12.582473773629285,-0.3775622709187333,58.65537784098387,,,,,,,,,33.48525961583149,38.505052843845164,-19.252526421922582,0
2024-10-25,282.64,292.6,282.5,291.61,285.6685,293.50980416448414,277.82719583551585,50.470712898908836,41.6285398981474,0,0,,,,213.36113333333344,215.49474466666678,211.2275220000001,,1.9109393238322392,2.0798582972921587,4.694704769381564,0,66.47614256516684,68.44830531109768,,,,,-2.887242168010946,8.973421063615604,11.86066323162655,-0.45842121554677395,66.47614256516684,,,,,,,,,34.94816759911268,38.543182074841226,-19.271591037420613,0
2024-10-28,295.18,296.84,289.983,290.24,286.0795,293.9742944241713,278.1847055758287,51.22044798766854,46.15229175590995,0,0,,,,213.6763777777779,215.8131415555557,211.5396140000001,,1.3620171823706118,1.454316020546731,3.5061963208416147,0,64.7074038668043,67.7707407347689,,,,,-2.5007033135917283,8.73478408963689,11.235487403228618,-0.42916139333279296,64.7074038668043,,,,,,,,,36.411483616098316,38.58761588074628,-19.29380794037314,0
2024-10-29,289.71,296.42,289.53,294.81,286.78700000000003,295.1353940970621,278.438605902938,57.61655772174828,53.10257286944189,0,0,,,,214.04064444444455,216.181050888889,211.90023800000012,,2.806508533208718,2.7975466112480474,4.485987491405363,0,67.7864537226852,67.11676001149699,,,,,-1.9381223185718337,8.812834505013825,10.750956823585659,-0.04278381835393131,67.7864537226852,,,,,,,,,38.35814854979556,38.64095662262335,-19.320478311311675,0
2024-10-30,294.98,311.91,292.1073,299.97,287.5145,297.61218384333597,277.416816156664,68.69689001479374,59.17796524140352,0,0,,,,214.43420000000012,216.5785420000001,212.28985800000012,,4.116844666428343,4.332129336085666,5.693701904556114,0,70.87604899180602,66.83115864222648,,,,,-1.2526231512481267,9.185177884525501,10.437801035773628,0.30943768438332214,70.87604899180602,,,,,70.87604899180602,70.87604899180602,70.87604899180602,,39.41939743839425,38.699118789387214,-19.349559394693607,0
2024-10-31,297.49,298.7625,285.33,292.97,287.98,298.18183904989075,277.7781609501093,62.456896347269534,62.923448027937184,0,0,,,,214.78184444444454,216.929662888889,212.6340260000001,,1.4997869325563906,1.7327592193902452,2.8772287959322407,0,62.16550036824657,65.97147931240416,,,,,-1.2991840644113246,8.813820955259473,10.113005019670798,0.43952672351447797,62.16550036824657,,,,,,,,,39.55449460274111,38.75746147358025,-19.378730736790125,0
2024-11-01,292.98,297.66,290.63,293.68,288.4895,298.76106945164173,278.2179305483583,61.988512968291374,64.38076644345155,0,0,,,,215.12651111111123,217.27777622222234,212.9752460000001,,1.4799738767161008,1.7991989309836143,2.821571243010834,0,62.666673397684015,65.28810079210696,,,,,-1.3071499623420344,8.479067566743254,9.786217529085288,0.5284466219399168,62.666673397684015,,,,,,,,,39.099226779860764,38.8130272691267,-19.40651363456335,0
2024-11-04,289.7,295.8052,285.85,290.65,289.03450000000004,298.52000573242566,279.5489942675744,54.83726477896283,59.76089136484126,0,0,,,,215.4126000000001,217.5667260000001,213.25847400000012,,0.3431656861932808,0.558929816336784,1.5192670633751515,0,59.07051028140681,64.26309659540414,,,,,-1.5262064704068248,7.878459441076757,9.404665911483582,0.6054408767228026,59.07051028140681,59.07051028140681,,59.07051028140681,,,,,,37.5004392289028,38.86040125059346,-19.43020062529673,0
2024-11-05,295.05,303.735,293.6297,303,289.937,300.9998750331896,278.8741249668104,66.86776411199851,61.23118061975091,0,0,,,,215.72340000000014,217.88063400000016,213.56616600000012,,3.8289939895691516,4.505461531298183,5.4252849034239325,0,67.30585432336514,64.21833565940474,,,,,-0.8810929764909066,8.303299690869949,9.184392667360855,0.7093001630713665,67.30585432336514,,,,,,,,,38.91871153752402,38.914164729341046,-19.457082364670523,0
2024-11-06,310,319.44,304,318.85,291.28100000000006,308.05978291175364,274.5022170882465,79.30646656999076,67.00383182031737,0,0,,,,216.0974444444446,218.25841888888903,213.93647000000016,,7.8223172076099745,9.464743666768506,10.538705014023186,0,74.41961801673489,64.63100429154491,,,,,0.49721763004293784,9.805914704914528,9.30869707487159,0.7757877291850162,74.41961801673489,,,,,,,,,42.50745878755776,38.98590640561221,-19.492953202806106,0
2024-11-07,304.42,324,299.125,315.82,292.55800000000005,312.4385619638852,272.6774380361149,79.04015995246372,75.07146354481768,0,0,,,,216.47224444444456,218.636966888889,214.30752200000012,,5.568926327049084,7.951243855919143,9.011331904332899,0,71.22893305398097,64.96647048326797,,,,,1.0568179103992392,10.62971946287064,9.5729015524714,0.8375283429957572,71.22893305398097,,,,,,,,,45.6422079979935,39.074590022855304,-19.537295011427652,0
2024-11-08,318.7,330.61,314.63,326.89,294.4150000000001,319.2263526434929,269.6036473565073,85.72326739758795,81.35663130668081,0,0,,,,216.85753333333346,219.0261086666668,214.68895800000013,,7.995691933608207,11.030348317850613,12.201596064185804,0,75.38175453600643,65.50227355090986,,,,,1.9713516060093017,12.037091059983027,10.065739453973725,0.8909459295727252,75.38175453600643,,,,,75.38175453600643,,75.38175453600643,,48.28740137367917,39.17833813323743,-19.589169066618716,0
2024-11-11,325.8,328.97,306.74,318.23,295.91350000000006,322.6057320348047,269.2212679651954,82.39425646514644,82.38589460506604,0,0,,,,217.19984444444458,219.37184288888903,215.02784600000012,,4.171372267887041,7.541561976726285,8.778482440528412,0,67.20897940230199,66.09097255066736,,,,,1.796793706382319,12.311731586951623,10.514937880569304,0.8978937953933221,67.20897940230199,,,,,,,,,47.002728251524765,39.27336458048167,-19.636682290240834,0
2024-11-12,317.63,322.85,313.19,314.33,297.10050000000007,324.83143830002473,269.3695616999754,76.06258139093326,81.39336841788922,0,0,,,,217.55353333333346,219.7290686666668,215.37799800000013,,2.241420249220183,5.799216090178216,7.034742960660045,0,63.85155542374826,66.55720041363726,,,,,1.2484417310740596,12.075490044411879,10.82704831333782,0.8719875343845929,63.85155542374826,,,,,,,,,45.819936867520404,39.36062764878422,-19.68031382439211,0
2024-11-13,317,329.19,315.925,323.43,298.947,328.46887466947027,269.42512533052974,78.74131803687104,79.06605196431691,0,0,,,,217.9306444444446,220.10995088888905,215.75133800000015,,4.4046677534419265,8.189746008489806,9.660335392523155,0,67.88312069648913,67.21632490331622,,,,,1.321332565768472,12.47871402054841,11.157381454779937,0.8665776279082645,67.88312069648913,,,,,,,,,44.37462080593671,39.43898690330862,-19.71949345165431,0
2024-11-14,322.65,324.08,316.2,322.57,300.6930000000001,331.4408747883435,269.9451252116567,75.51827440818438,76.77405794532957,0,0,,,,218.30540000000013,220.48845400000013,216.12234600000014,,3.1415370349646254,7.275526866272197,8.889901598393157,0,67.12124203997513,67.26240343723109,,,,,1.1411497844788077,12.583818685378446,11.442668900899639,0.8717240930724707,67.12124203997513,,,,,,,,,44.29017235100881,39.51620491748387,-19.758102458741934,0
2024-11-15,319.01,320.5,306.5,307.32,301.75300000000004,331.8735306062126,271.63246939378746,61.12721970166905,71.79560404890816,0,0,,,,218.63273333333345,220.8190606666668,216.4464060000001,,-2.1613516327134596,1.8448863805827775,3.4645287558580096,0,55.274365787729,66.58861500301143,,,,,-0.10914625085168161,11.306236087335037,11.415382338186719,0.7464264039933217,55.274365787729,,,,,,,,,42.552948590189835,39.58348239418638,-19.79174119709319,0
2024-11-18,307.82,316.99,301.11,306.92,302.696,332.21767502022624,273.1743249797738,55.61439729528102,64.08663046837816,0,0,,,,218.94655555555568,221.13602111111123,216.75709000000012,,-2.7922061469075166,1.3954594708882828,3.0157584708073726,0,55.000156208894595,65.67530803774066,,,,,-1.0166848840118874,10.14452623317186,11.161211117183747,0.6083237068827061,55.000156208894595,55.000156208894595,,55.000156208894595,,,,,,39.51990796960814,39.6350922610288,-19.8175461305144,0
2024-11-19,303.33,322.79,303.33,322.07,304.7345000000001,333.68998271052845,275.7790172894717,58.70922345743027,58.483613484793445,0,0,,,,219.34202222222237,221.53544244444458,217.14860200000015,,1.3937029936123446,5.688722478091557,7.653671183944133,0,62.57332192258097,65.08225610422458,,,,,-0.6671332401498429,10.327294566996443,10.994427807146286,0.6169919010780558,62.57332192258097,,,,,,,,,38.765202449028116,39.68272683818289,-19.841363419091444,0
2024-11-20,323,331.8399,322.34,331.14,307.2950000000001,336.0802875615266,278.50971243847357,67.18935406691845,60.504324939876575,0,0,,,,219.80553333333344,222.0035886666668,217.6074780000001,,3.8473117740033924,7.759644641142849,10.204407643820845,0,66.23676800673245,65.37306093554501,,,,,0.06552329627620068,11.076331927491537,11.010808631215337,0.6124799428214879,66.23676800673245,,,,,,,,,41.55196655321037,39.74337163973724,-19.87168581986862,0
2024-11-21,338.15,342.51,330,341.6,310.3050000000001,340.1982898825082,280.411710117492,74.51181954029258,66.80346568821376,0,0,,,,220.371088888889,222.57479977777788,218.16737800000013,,6.268470990822861,10.085238716746382,13.041962747334424,0,69.89638965086013,65.8894692393433,,,,,1.0884527029495672,12.371374509902296,11.282921806952729,0.6244014298228648,69.89638965086013,,,,,,,,,45.797031083442214,39.82594881574363,-19.912974407871815,0
2024-11-22,342.45,352.39,340.69,351.97,313.3230000000001,347.0048842109482,279.641115789052,81.41285978919338,74.37134446546814,0,0,,,,221.018688888889,223.2288757777779,218.8085020000001,,8.646799893813428,12.334555714071405,15.679653983181208,0,73.01876915505925,66.8857734446042,,,,,2.23147147774049,14.072261154128341,11.840789676387852,0.6285701858792976,73.01876915505925,,,,,73.01876915505925,73.01876915505925,73.01876915505925,,49.32205265588334,39.92827642049005,-19.964138210245025,0
2024-11-25,359.525,364.95,341.1,348,316.2110000000001,351.35415062710814,281.0678493728921,80.63863479689802,78.854438042128,0,0,,,,221.65122222222232,223.86773444444455,219.43471000000008,,6.443176778258719,10.053097457077676,13.631168899018453,0,70.02434979382924,67.07995169249448,,,,,2.469609735003022,14.92780184514163,12.458192110138608,0.6438172653979254,70.02434979382924,,,,,,,,,50.69929510422967,40.03811383951519,-20.019056919757595,0
2024-11-26,348.47,358.73,346.98,353.53,319.14700000000005,356.3961831319799,281.8978168680202,83.37785203105078,81.80978220571406,0,0,,,,222.3152000000001,224.5383520000001,220.0920480000001,,6.853455441205392,10.773405358659161,14.651437318389359,0,71.76150630641457,66.89008657032875,,,,,2.728741879508018,15.869119459523631,13.140377580015613,0.7339735801634135,71.76150630641457,,,,,,,,,51.25210927749816,40.15039510650029,-20.075197553250145,0
2024-11-27,352.88,353.23,340.2938,347.64,321.5305000000001,359.6565553821094,283.40444461789076,80.81869763326279,81.6117281537372,0,0,,,,222.92515555555565,225.1544071111112,220.6959040000001,,4.309941309905341,8.120380492674851,12.001030961048986,0,67.2886301804491,66.60863636507648,,,,,2.2524313750980323,15.955916798888154,13.703485423790122,0.7623894049172326,67.2886301804491,,,,,,,,,49.49146635998275,40.25092454969981,-20.125462274849905,0
2024-11-29,346.48,353.66,345.58,348.27,324.29550000000006,361.7504721532364,286.84052784676373,75.458593340539,79.88504766828419,0,0,,,,223.53662222222232,225.77198844444453,221.3012560000001,,3.6993145667955307,7.392794534614233,11.478267920856311,0,67.52181326194196,66.04721198835759,,,,,1.7510860713142087,15.892343012932884,14.141256941618675,0.8390052494151387,67.52181326194196,,,,,,,,,48.74774738654952,40.34618283213969,-20.173091416069845,0
2024-12-02,347.39,349.7815,340,346.52,326.9375000000001,362.80222075730717,291.07277924269306,73.05808712790417,76.44512603390199,0,0,,,,224.1179111111112,226.3590902222223,221.8767320000001,,1.9878386889800925,5.989676926017928,10.20787217260768,0,66.11200256605345,65.96885650005412,,,,,1.1044536702947916,15.521824029487163,14.417370359192372,0.8403208464617073,66.11200256605345,66.11200256605345,,66.11200256605345,,,,,,47.12244547754841,40.43134388640197,-20.215671943200984,0
2024-12-03,341.52,361.1,341.29,360.98,330.45400000000006,365.17052252170015,295.7374774783,78.26012154552889,75.59226733799069,0,0,,,,224.768088888889,227.01576977777788,222.52040800000012,,4.579745749944997,9.237594339908117,13.926048114593016,0,71.42168194729479,66.50957982316459,,,,,1.432622727539549,16.20814876861681,14.77552604107726,0.853251426199785,71.42168194729479,,,,,,,,,48.3625135351551,40.52277648701225,-20.261388243506126,0
2024-12-04,363,370.17,361.9181,364.65,333.5365000000001,368.8969096554266,298.1760903445736,82.752004930835,78.02340453475603,0,0,,,,225.44648888888898,227.70095377777787,223.1920240000001,,4.355664940045245,9.32836436192137,14.08396504741376,0,72.59530807887823,66.84616463619237,,,,,1.662717459948837,16.853922866013306,15.19120540606447,0.8879574470323586,72.59530807887823,,,,,,,,,49.950764142936656,40.62264656650523,-20.311323283252616,0
2024-12-05,366.53,378.4815,362.61,373.03,336.2455000000001,374.84358931799227,297.64741068200794,85.53695736178105,82.18302794604831,0,0,,,,226.16942222222232,228.43111644444454,223.9077280000001,,5.489241245521348,10.939774658694269,15.583515542615277,0,75.1089266055516,67.41671353373356,,,,,2.1160706866371015,17.836293764360846,15.720223077723745,0.9134146381121817,75.1089266055516,,,,,75.1089266055516,,75.1089266055516,,52.88922588897234,40.739526969576794,-20.369763484788397,0
2024-12-06,374.79,374.79,366,368.5,338.8795000000001,378.71279033609477,299.0462096639055,84.01621860582807,84.10172696614804,0,1,,,,226.91128888888898,229.18040177777786,224.6421760000001,,3.4214684445243115,8.740717570699875,13.161889573239938,0,71.30166280740838,68.56152046371065,,,,,1.8568834940119814,18.04132744523872,16.18444395122674,0.9009112583214465,71.30166280740838,,,,,,,,,53.14263694368268,40.85693733130946,-20.42846866565473,0
2024-12-09,365.36,369.885,350,360.61,340.56550000000004,381.0749302477805,300.05606975221957,74.33285812257832,81.29534469672915,0,0,,,,227.62595555555563,229.9022151111112,225.34969600000008,,0.9622787836707003,5.885651952414439,9.962299975910183,0,65.11097247766625,69.28372162576578,,,,,0.9460172281678751,17.366965486436584,16.42094825826871,0.8730053907785233,65.11097247766625,,,,,,,,,51.78569265286805,40.96492826313697,-20.482464131568484,0
2024-12-10,361.47,370.81,358.7,361.825,342.74525000000006,382.9027779960037,302.5877220039964,69.18852116272963,75.84586596371201,0,0,,,,228.36917777777785,230.65286955555564,226.08548600000006,,0.9118532556327219,5.566743813371566,9.535786634913501,0,65.60619861646546,69.50035567532896,,,,,0.2533439235797239,16.737628162743363,16.48428423916364,0.8284551456333341,65.60619861646546,,,,,,,,,49.529868162857035,41.05868856872105,-20.529344284360526,0
2024-12-11,351.16,352.72,318.03,344.35,344.24625000000003,382.22841435051913,306.26408564948093,51.29772596770757,64.93970175100517,0,0,,,,229.02566666666675,231.31592333333342,226.7354100000001,,-3.7153542343853374,0.03013830942240059,3.7270133538300776,0,53.78187686229651,68.61072059358354,,,,,-1.4595887395786669,14.659798314690306,16.119387054268973,0.5208235309473552,53.78187686229651,,,,,,,,,45.40235488669614,41.12923409065989,-20.564617045329946,0
2024-12-12,341.12,344.7397,336.21,339.52,345.0507500000001,381.89990416599954,308.20159583400067,44.76517029104012,55.083805807159116,0,0,,,,229.67886666666675,231.9756553333334,227.3820780000001,,-4.849849576333487,-1.602880156035058,1.8675619682833933,0,51.04354055265721,67.26408851514047,,,,,-2.911904385334381,12.479506572600997,15.391410957935378,0.13593557735915884,51.04354055265721,,,,,,,,,41.80845738784205,41.18161706213202,-20.59080853106601,0
2024-12-13,340.5,344.88,333.965,338.07,345.8257500000001,381.38031388073995,310.2711861192602,40.25073634860244,45.43787753578338,0,0,,,,230.3344222222223,232.6377664444445,228.03107800000006,,-4.984605353205573,-2.242675682768014,0.9770543804165088,0,50.216919515028444,65.63538496942398,,,,,-3.9023970247688453,10.513414676974321,14.415811701743166,-0.09776235527958772,50.216919515028444,50.216919515028444,,50.216919515028444,,,,,,37.8422761073655,41.21624342936053,-20.608121714680266,0
2024-12-16,341.42,350.86,337.865,348.72,347.89575,378.75225973052375,317.0392402694763,42.76326191060874,42.593056183417104,0,0,,,,231.03108888888897,233.34139977777787,228.72077800000008,,-2.0519597613091856,0.2369244234803114,3.590403212989801,0,55.86977743233564,64.62434408646016,,,,,-3.7704166055819766,9.702790944765695,13.473207550347672,-0.2305990968954717,55.86977743233564,,,,,,,,,37.85297294630749,41.250616068184144,-20.625308034092072,0
2024-12-17,352.3,360.2129,348.65,354.04,350.25175,374.78069601791594,325.7228039820841,47.46318921076988,43.49239582332702,0,0,,,,231.7473111111112,234.06478422222233,229.42983800000007,,-0.3634634137417603,1.0815791784052564,4.5147329935512515,0,58.41027652424848,63.67068481630543,,,,,-3.2733650568563277,9.381501229277262,12.65486628613359,-0.23647242513277894,58.41027652424848,,,,,,,,,39.18881046759275,41.29025645621117,-20.645128228105584,0
2024-12-18,352.44,352.875,331.32,332.81,350.78875000000005,373.2056284345577,328.3718715654424,38.512814820110364,42.913088647163,0,0,,,,232.3697111111112,234.6934082222223,230.0460140000001,,-5.491306909746585,-5.1252356297059265,-2.0398431938917994,0,46.82548429431446,62.20903153872439,,,,,-4.260448573522529,7.329305569230428,11.589754142752957,-0.4908530708484623,46.82548429431446,46.82548429431446,,46.82548429431446,,,,,,37.86709924757138,41.32407890800416,-20.66203945400208,0
2024-12-19,345.16,345.74,332.8682,335.22,350.99275000000006,372.7553898846688,329.23011011533134,36.227356610488414,40.73445354712289,0,0,,,,233.02766666666676,235.35794333333342,230.6973900000001,,-3.773755513230992,-4.493753788361731,-1.4886994511966511,0,48.08426400439524,60.82063516318533,,,,,-4.607654650931504,5.8301858290885775,10.437840480020082,-0.6707910760826313,48.08426400439524,,,,,,,,,35.46004834053941,41.3482500487269,-20.67412502436345,0
2024-12-20,327.72,345.53,324.83,342.12,351.01875000000007,372.73763990601856,329.2998600939816,37.37454843775209,37.37157328945029,0,0,,,,233.75313333333344,236.09066466666678,231.4156020000001,,-1.0437380777112204,-2.535120987126771,0.28065804418715423,0,51.615821597575575,59.785193665436914,,,,,-4.238553742067992,5.139648302435091,9.378202044503084,-0.8078760717651331,51.615821597575575,,,,,,,,,33.14760091330282,41.363953621614655,-20.681976810807328,0
2024-12-23,342.12,344.12,336.14,337.73,350.30675,372.7749409095912,327.83855909040886,35.1271962851437,36.24303377779473,0,0,,,,234.44775555555566,236.79223311111122,232.1032780000001,,-1.6627334283521589,-3.5902105797276262,-1.1108546353280402,0,49.317208499704506,58.20630270489475,,,,,-4.150675274086177,4.1898579518953625,8.34053322598154,-0.8251692663099924,49.317208499704506,,,,,,,,,33.17521108851505,41.379582065795546,-20.689791032897773,0
2024-12-24,336.34,342.49,335,340.39,349.92625000000004,372.7920464818579,327.0604535181422,36.472220275166386,36.32465499935406,0,0,,,,235.16553333333343,237.51718866666675,232.8138780000001,,-0.26575094419226675,-2.7252170993173674,-0.5470947007048643,0,50.7484237859108,56.64581096968279,,,,,-3.7842935599094023,3.6101662760947875,7.39445983600419,-0.7893674225323739,50.7484237859108,,,,,,,,,33.35442239586867,41.39565267723627,-20.697826338618135,0
2024-12-26,339.51,345,336.5428,341.88,349.34375000000006,372.405372855944,326.2821271440561,38.85962471043266,36.81968042358091,0,0,,,,235.89277777777787,238.25170555555565,233.5338500000001,,0.24336607535555554,-2.136505948653744,-0.3790518604137483,0,51.573355746291135,54.9646987654499,,,,,-3.328599237556115,3.233710789059046,6.562310026615161,-0.6964674572198865,51.573355746291135,,,,,,,,,33.0212760094502,41.41042451429062,-20.70521225714531,0
2024-12-27,339.46,339.46,326.4277,333.34,348.62875,372.7210101420022,324.5364898579978,34.12731911642027,36.48638803400644,0,0,,,,236.57877777777784,238.9445655555556,234.21299000000008,,-2.0832354185269963,-4.385395639344159,-2.960942075148476,0,46.74106673044969,53.210370474238566,,,,,-3.473318369169802,2.220662065152908,5.69398043432271,-0.6496882854830918,46.74106673044969,,,,,,,,,31.765860119346105,41.420926978478676,-20.710463489239338,0
2024-12-30,328.23,329.4,321.245,325.2,347.4752500000001,373.6452762657446,321.30522373425555,30.44801316632627,34.4783189977264,0,0,,,,237.21313333333342,239.58526466666675,234.8410020000001,,-4.111810582494169,-6.410600467227545,-5.354742667442125,0,42.640007855468646,51.60530157265301,,,,,-3.953335145101743,0.7523115029455312,4.705646648047274,-0.6456488690979628,42.640007855468646,,,,,,,,,29.000677842754328,41.423001605651066,-20.711500802825533,0
2024-12-31,326.37,328.77,320.905,324.23,346.36075,374.42830533975115,318.29319466024884,28.135160415635575,30.90349756612737,0,0,,,,237.83077777777785,240.20908555555565,235.45247000000006,,-3.702449687551912,-6.389508626482643,-5.7915955398975765,0,42.165237117189896,49.93094717984763,,,,,-4.151763616067282,-0.4840578720368285,3.667705744030454,-0.628551527906503,42.165237117189896,42.165237117189896,,42.165237117189896,,,,,,25.85965797561177,41.41680877351052,-20.70840438675526,0
2025-01-02,327.3,328.95,319.04,325.88,344.60575,373.1822314620336,316.0292685379664,30.308836457544082,29.63067001316864,0,0,,,,238.42695555555562,240.81122511111118,236.04268600000006,,-2.396070444470999,-5.433963304442835,-5.4857313559236065,0,43.321305176322205,49.18376348799232,,,,,-3.986631056117674,-1.3155830761166385,2.6710479800010356,-0.6746474580780468,43.321305176322205,,,,,,,,,24.43876865724515,41.40730492912572,-20.70365246456286,0
2025-01-03,328.34,341.968,326.58,340.06,343.37624999999997,370.4750874058748,316.27741259412517,32.93286216423521,30.45895301247162,0,0,,,,239.0968222222223,241.48779044444453,236.70585400000007,,1.630280479969004,-0.965777336085405,-1.5443708034057702,0,52.16987236178991,49.264215760073235,,,,,-2.793560340774446,-0.8209024459670218,1.972657894807424,-0.5930913630032856,52.16987236178991,,,,,52.16987236178991,,52.16987236178991,,25.93734928744182,41.40121962135976,-20.70060981067988,0
2025-01-06,344.1,347.04,332.27,336.72,341.56075,365.10124665470147,318.0202533452985,35.236594002232934,32.826097541337404,0,0,,,,239.77944444444452,242.17723888888898,237.38165000000006,,0.5869964600977662,-1.4172442237581295,-2.563852767399344,0,50.182583285943565,49.261763172281455,,,,,-2.1304590234457104,-0.6904158844997141,1.4400431389459962,-0.5836957180032221,50.182583285943565,,,,,,,,,27.12170774494314,41.39801352000538,-20.69900676000269,0
2025-01-07,336,336.73,311.671,320.35,339.15325,360.96621180599766,317.34028819400237,26.832664310226185,31.667373492231437,0,0,,,,240.3607333333334,242.76434066666673,237.95712600000007,,-3.6767314735189127,-5.54417508899,-7.110419281365865,0,41.78187196682363,48.255484210459166,,,,,-2.660981536838643,-1.8861837821023073,0.7747977547363355,-0.6021934139760013,41.78187196682363,,,,,,,,,25.945380411072232,41.39185279496196,-20.69592639748098,0
2025-01-08,318.37,325.205,314.2323,323.14,337.27975000000004,357.79734500404123,316.76215499595884,27.435373015532853,29.83487710933065,0,0,,,,240.9594444444445,243.36903888888895,238.54985000000005,,-2.4097076881724577,-4.192291413878257,-6.039598442425731,0,43.517346888725584,47.19170352220754,,,,,-2.6830221222624644,-2.5789798980917453,0.10404222417071929,-0.5499665387951981,43.517346888725584,,,,,,,,,23.290761632119573,41.37979146981703,-20.689895734908514,0
2025-01-10,316.91,319.36,305.82,318.67,335.122,353.86016597215166,316.38383402784837,23.752932296990142,26.006989874249722,0,0,,,,241.55397777777782,243.9695175555556,239.13843800000004,,-3.1242114991168135,-4.909256927327954,-7.07518811974539,0,41.38857753523337,46.80335303941603,,,,,-2.8424017714389778,-3.448959990128003,-0.6065582186890252,-0.6910987570216578,41.38857753523337,,,,,,,,,20.533594572294273,41.36261677318587,-20.681308386592935,0
2025-01-13,311.56,317.245,305.01,316.38,333.72350000000006,353.6362338906498,313.8107661093503,26.029786907417034,25.73936407331334,0,0,,,,242.15997777777784,244.5815775555556,239.73837800000007,,-3.0689620309009458,-5.196966950184823,-7.408608753717383,0,40.300916026474354,46.24739961242168,,,,,-2.9339070247852805,-4.273941999670626,-1.3400349748853455,-0.7734821415328171,40.300916026474354,,,,,,,,,19.635144872195042,41.34400759358309,-20.672003796791547,0
2025-01-14,320,325,311.78,312.52,332.37350000000004,354.1088346190008,310.6381653809993,25.124442283352984,24.969053829253383,0,0,,,,242.77446666666674,245.20221133333342,240.34672200000006,,-3.6368962274331396,-5.973249973298122,-8.223841186014713,0,38.465957260951996,45.308123588377136,,,,,-3.071579829800961,-5.179509762136547,-2.107929932335586,-0.7889475423207155,38.465957260951996,38.465957260951996,,38.465957260951996,,,,,,17.901403614366572,41.3229297163728,-20.6614648581864,0
2025-01-15,316.91,323.72,315.98,319.98,331.46900000000005,353.6812046632006,309.2567953367995,29.4011798653789,26.8518030187163,0,0,,,,243.40980000000008,245.84389800000008,240.97570200000007,,-1.1776042100971162,-3.466085817979969,-5.77215952788902,0,43.792460240664504,44.913498712731425,,,,,-2.5015558196916636,-5.2348747069501655,-2.733318887258502,-0.7711974997922814,43.792460240664504,,,,,,,,,17.655341664441167,41.301559269866786,-20.650779634933393,0
2025-01-16,327.67,355.78,327.4,341.8,331.12300000000005,352.4473917615477,309.7986082384524,50.492168643170196,35.00593026396736,0,0,,,,244.14166666666677,246.58308333333343,241.7002500000001,,4.9915527568730855,3.22448153707231,0.7000588742785974,0,55.834727075908454,45.2768060905884,,,,,-0.5957195526101855,-3.477968328021234,-2.8822487754110484,-0.39281267361727523,55.834727075908454,,,,,,,,,20.1917454104117,41.28389051736241,-20.641945258681204,0
2025-01-17,351.81,356,340.54,351.13,330.9775000000001,351.70581963763277,310.2491803623674,61.296070716852014,47.06313974180037,0,0,,,,244.88562222222228,247.3344784444445,242.43676600000006,,7.027356549569563,6.088782470107468,3.5490002079060057,0,59.80065009890321,45.86446997291783,,,,,1.2517460160714724,-1.317566255321708,-2.5693122713931804,0.09282093815904673,59.80065009890321,,,,,59.80065009890321,,59.80065009890321,,24.266422082153383,41.27386478172073,-20.636932390860366,0
2025-01-21,353,353.01,325.73,337.28,331.2010000000001,352.09923236543875,310.3027676345614,60.10447232423546,57.29757056141923,0,0,,,,245.51988888888897,247.97508777777787,243.06469000000007,,2.8929489897711935,1.83544131811193,-0.26706434727927775,0,52.29366951131955,46.261084457265675,,,,,1.483632334255839,-0.7147718535733816,-2.1984041878292206,0.25836862537357563,52.29366951131955,,,,,,,,,25.657330651541397,41.26690570405571,-20.633452852027855,0
2025-01-22,338.8,343.5027,328.88,336.04,331.2420000000001,352.1747997171849,310.30920028281525,61.97203630770289,61.124193116263456,0,0,,,,246.14446666666674,248.6059113333334,243.68302200000008,,2.5359367038011005,1.448487812535837,-0.2701190729984315,0,51.66829509010339,46.90596211688244,,,,,1.4921082557695584,-0.33326886811727263,-1.825377123886831,0.30276742278262986,51.66829509010339,,,,,,,,,24.368903594562102,41.2570460865633,-20.62852304328165,0
2025-01-23,335.85,337.86,330,335.99,330.9355000000001,351.39641051248157,310.47458948751864,60.41931691156347,60.83194184783394,0,0,,,,246.5755333333334,249.04128866666673,244.10977800000006,,2.033751097047376,1.5273368979755508,0.03677056211321972,0,51.64147732043759,47.58283641711443,,,,,1.4326527504228181,-0.03456118585830836,-1.4672139362811265,0.3193601200662321,51.64147732043759,,,,,,,,,22.036393759725996,41.24253756500331,-20.621268782501655,0
2025-01-24,330.5,335.52,325,328.6,330.4790000000001,350.71938428488465,310.23861571511554,51.58460373907307,57.99198565277981,0,0,,,,246.9849111111112,249.4547602222223,244.51506200000009,,-0.3756378111744674,-0.5685686533789092,-1.85170527435079,0,47.70069581166094,47.89565003392433,,,,,0.8620489407704781,-0.38965276031802887,-1.251701701088507,0.26318807701950664,47.70069581166094,,,,,,,,,20.488416881293613,41.22535215145116,-20.61267607572558,0
2025-01-27,320,334.23,311.58,326.82,329.80050000000006,349.5707751371824,310.0302248628177,46.83245059964604,52.94545708342753,0,0,,,,247.43846666666676,249.91285133333344,244.96408200000008,,-1.1595202235568647,-0.9037281629348803,-2.04196631424981,0,46.77481303277325,47.510288653280284,,,,,0.35703158125420487,-0.8054122245207509,-1.1624438057749558,0.3643479302834913,46.77481303277325,46.77481303277325,46.77481303277325,46.77481303277325,,,,,,18.74365847779205,41.20553861895766,-20.60276930947883,0
2025-01-28,327,351.505,325.03,350.72,330.24250000000006,351.41853728273827,309.06646271726186,61.442221286368024,53.286425208362374,0,0,,,,248.05940000000007,250.53999400000006,245.57880600000007,,4.978329063001463,6.200746421190484,5.05474097260703,0,58.439532496464864,48.100070739746094,,,,,1.5576202421938432,0.7845814969673484,-0.7730387452264949,0.6212820396038278,58.439532496464864,,,,,,,,,19.751365329529538,41.187221457868546,-20.593610728934273,0
2025-01-29,354.77,363.96,346.19,358.48,331.4995,355.9873896395749,307.01161036042515,70.90363380647894,59.726101897497664,0,0,,,,248.70926666666674,251.19635933333342,246.22217400000005,,5.844976438213889,8.138926303056259,7.176278189531704,0,61.39767485904427,49.50119951776185,,,,,2.730745646567329,2.640393312982667,-0.09035233358466244,0.6900070861936263,61.39767485904427,,,,,,,,,22.609713825792685,41.17380133077983,-20.586900665389916,0
2025-01-30,360,370.77,359.44,363.28,333.4035,361.31799750577653,305.4890024942235,75.76110996800753,69.36898835361815,0,0,,,,249.38220000000007,251.87602200000006,246.88837800000007,,5.90821365891776,8.961063696091953,8.339165288204576,0,63.145098092814806,50.903181746625364,,,,,3.6300362349798214,4.447192960140114,0.8171567251602929,0.7560806090151857,63.145098092814806,,,,,,,,,26.36864046200653,41.16837562023025,-20.584187810115125,0
2025-01-31,368.44,368.44,361.0001,363.99,335.39150000000006,365.9477885671651,304.835211432835,78.79543010368226,75.1533912927229,0,0,,,,250.0509111111112,252.5514202222223,247.55040200000008,,5.433142254651302,8.526900651924674,8.38637827686728,0,63.40895064565039,52.47606554022658,,,,,4.041262335283564,5.868734644264748,1.827472308981184,0.7800983681172204,63.40895064565039,,,,,,,,,27.393229592081383,41.165394915295806,-20.582697457647903,0
2025-02-03,354.96,365.84,352,364.44,337.31950000000006,370.0225178882614,304.6164821117387,79.85259545634635,78.13637850934538,0,0,,,,250.6811333333334,253.18794466666674,248.17432200000007,,5.158066042635778,8.04000361674908,8.408468258902403,0,63.586886188568286,54.13934912323329,,,,,4.099218471206247,6.951495397988992,2.8522769267827455,0.7796200298756821,63.586886188568286,,,,,,,,,27.499436500092017,41.16262291659712,-20.58131145829856,0
2025-02-04,367.59,387.88,366.7369,386.16,339.62450000000007,378.6605359027374,300.5884640972627,82.73903644464687,80.46235400155848,0,0,,,,251.37677777777787,253.89054555555566,248.8630100000001,,9.875601789149124,13.702044463812225,14.26497306318264,0,70.93384248891232,56.458483782373314,,,,,5.280772442337585,9.453242479704727,4.172470037367142,0.7814024120019347,70.93384248891232,,,,,,,,,29.363015613823197,41.1646668725739,-20.58233343628695,0
2025-02-05,389.41,411.69,385.93,392,342.3885000000001,387.55712507316076,297.2198749268394,83.78543207800531,82.1256879929995,0,0,,,,252.11646666666675,254.63763133333342,249.5953020000001,,9.789160000896334,14.489826615087797,15.347041583785458,0,72.53825303805458,58.5117546964726,,,,,6.079176307267238,11.771440421451189,5.692264114183951,0.7909604918496682,72.53825303805458,,,,,72.53825303805458,,72.53825303805458,,31.611174806515354,41.173081300698165,-20.586540650349082,0
2025-02-06,390,392.7099,380.1695,389.36,345.83900000000006,394.1784885781786,297.4995114218215,82.34370104750268,82.95605652338493,0,0,,,,252.83255555555564,255.3608811111112,250.30423000000008,,7.443740772934948,12.58417934356737,14.041802049487618,0,70.63999899444963,59.56927411922555,,,,,6.04054599691231,13.242946610324339,7.202400613412029,0.8522801887187997,70.63999899444963,,,,,,,,,33.43240057627745,41.18706293337099,-20.593531466685494,0
2025-02-07,394.81,400.2,391.76,393.8,349.372,400.78970496628494,297.9542950337151,83.76004502444071,83.29639271664956,0,0,,,,253.62126666666674,256.1574793333334,251.08505400000007,,6.748349846166457,12.716531376298047,14.71428724014745,0,71.96860344673553,60.43841364407071,,,,,5.917365379863334,14.599107338241197,8.681741958377863,0.9364739488049323,71.96860344673553,,,,,,,,,33.09494885906716,41.199813446485884,-20.599906723242942,0
2025-02-10,398.08,403.63,394,401.45,353.511,407.63267916833155,299.3893208316685,85.92018474334452,84.0079769384293,0,0,,,,254.4431333333334,256.98756466666674,251.89870200000007,,6.664222250563379,13.560822718387811,16.25347862725619,0,74.1399638481789,61.998863239560656,,,,,5.939015428276258,16.105511243723186,10.166495815446927,0.9589174569873747,74.1399638481789,,,,,74.1399638481789,,74.1399638481789,,32.82224198961644,41.21156104336066,-20.60578052168033,0
2025-02-11,399,399.98,381.24,383.66,356.87500000000006,409.69488621721706,304.05511378278305,76.13326236270535,81.93783071016352,0,1,,,,255.13860000000008,257.6899860000001,252.58721400000007,,1.0530419162308347,7.5054290718038486,10.655513114973147,0,62.09412878061443,62.743565646025736,,,,,4.41325001562986,15.683058334984253,11.269808319354393,0.9327029049680322,62.09412878061443,62.09412878061443,,62.09412878061443,,,,,,30.925597174702872,41.21746147862985,-20.608730739314925,0
2025-02-12,377.7,399.73,373.3,398.11,361.15450000000004,412.7614349893969,309.5475650106032,77.95696457942466,80.00347056182484,0,0,,,,255.86797777777784,258.4266575555556,253.30929800000007,,3.775822743564783,10.232601282830478,14.112613507811744,0,66.81101210375249,63.82710384483395,,,,,4.045000506536658,16.326058952525216,12.281058445988558,0.9257022913700721,66.81101210375249,,,,,,,,,30.25421627149257,41.22135244686858,-20.61067622343429,0
2025-02-13,400.98,431.37,399.14,430.32,366.67150000000004,422.87854556370013,310.46445443629995,86.6193475034529,80.2365248151943,0,0,,,,256.73331111111116,259.3006442222223,254.16597800000005,,10.245459599466189,17.358453002210418,22.118629958680792,0,74.44473783863226,65.73739256104618,,,,,5.545746123778956,19.213241100712253,13.667494976933297,0.9206616169713504,74.44473783863226,,,,,,,,,32.137756173201666,41.23063281467705,-20.615316407338526,0
2025-02-14,432,436.98,417.737,432.69,371.216,433.05928755814944,309.3727124418506,88.27002786571835,84.28211331619862,0,0,,,,257.6248666666667,260.2011153333334,255.04861800000006,,8.935319575326295,16.560169820266356,21.544183328932487,0,74.90216413041702,67.74648906802074,,,,,6.222311147111135,21.445383910822216,15.22307276371108,0.9248396962697911,74.90216413041702,,,,,,,,,36.194466504145176,41.253082937413005,-20.626541468706503,0
2025-02-18,435,441.765,426.4,441.39,375.72900000000004,443.90019711432296,307.5578028856771,90.88370255118353,88.59102597345158,0,0,,,,258.57993333333343,261.16573266666677,255.9941340000001,,9.01371717042001,17.475627380372536,22.66137301962974,0,76.5607575710896,69.04086228763678,,,,,6.736612990935491,23.643839002380446,16.907226011444955,0.9267663391212314,76.5607575710896,,,,,76.5607575710896,,76.5607575710896,,39.51554709243148,41.28772134785021,-20.643860673925104,0
2025-02-19,439.43,440.71,429.205,432.52,380.49100000000004,450.5337295013548,310.4482704986453,87.42040750653379,88.85804597447856,0,1,,,,259.50917777777784,262.1042695555556,256.91408600000005,,5.613752350255252,13.674173633541908,19.17570048650823,0,71.38137902932174,69.75398401408519,,,,,5.985620407948357,24.3892515213804,18.403631113432045,0.9269025776634542,71.38137902932174,,,,,,,,,38.66433642977709,41.318785021552394,-20.659392510776197,0
2025-02-20,430.43,430.95,415.99,421.78,384.778,453.9028761590212,315.6531238409788,79.04683278108247,85.78364761293325,0,0,,,,260.39464444444445,262.9985908888889,257.790698,,2.2477139837288718,9.6164541631798,15.315528782403831,0,65.59499223538492,69.92897645284019,,,,,4.347952592203669,23.83857185368663,19.490619261482962,0.8975867953410562,65.59499223538492,,,,,,,,,36.40887623307024,41.34132941584895,-20.670664707924477,0
2025-02-21,418.92,420.48,383.43,385.35,387.246,452.65162709736853,321.84037290263143,64.35608481958688,76.9411083690677,0,0,,,,261.1269555555556,263.73822511111115,258.515686,,-6.492731256688112,-0.4896112548612441,4.7350706885851634,0,50.6088841084875,69.01468598589999,,,,,0.5909975244055552,20.229366166989905,19.63836864258435,0.6598820529808722,50.6088841084875,50.6088841084875,,50.6088841084875,,,,,,29.641594619920784,41.342774794641684,-20.671387397320842,0
2025-02-24,390.26,397.3,372.01,389.9,390.31100000000004,449.9252368566427,330.6967631433574,58.40992775110362,67.27094845059098,0,0,,,,261.8900222222223,264.5089224444445,259.27112200000005,,-5.2990282159832365,-0.10530064487038748,5.334631292769343,0,52.081397421898515,68.19286535970929,,,,,-1.6834390824916312,17.53406978946981,19.217508871961442,0.3996388790033983,52.081397421898515,,,,,,,,,24.406859000392938,41.33194657244679,-20.665973286223394,0
2025-02-25,382.95,389.74,370.19,385.81,393.2605,445.38428937682994,341.13671062317,51.38593066951085,58.05064774673377,0,0,,,,262.66028888888894,265.28689177777784,260.03368600000005,,-5.935102266715031,-1.894545727323227,3.603285071721052,0,50.62045522572351,66.74190912662438,,,,,-3.4569798311805577,14.896284082985744,18.353263914166302,0.16024253520389634,50.62045522572351,,,,,,,,,20.0799766406341,41.313630875276296,-20.656815437638148,0
2025-02-26,388.75,400.913,383.78,386.56,395.05249999999995,443.54048691428807,346.56451308571184,42.03415721202645,50.6100052108803,0,0,,,,263.4004222222223,266.03442644444453,260.76641800000004,,-5.8188347712105575,-2.1497142784819623,3.156664380582308,0,50.89248784054251,65.1957830410878,,,,,-4.506840174038608,12.719713696618044,17.22655387065665,-0.0354819037171835,50.89248784054251,,,,,,,,,19.694573528834084,41.29478198513806,-20.64739099256903,0
2025-02-27,391.32,412.88,372.84,375.78,395.91749999999996,442.3380587536398,349.4969412463601,35.28251705804214,42.90086831319314,0,0,,,,264.10975555555564,266.7508531111112,261.46865800000006,,-7.9444403615785415,-5.086286915834737,-0.28119828149728576,0,46.893681225758655,63.4996174861813,,,,,-5.773621907977503,10.009526485684773,15.783148393662277,-0.287142577332364,46.893681225758655,,,,,,,,,17.751255665738956,41.27346519852446,-20.63673259926223,0
2025-02-28,325.06,329.61,303.68,312.07,393.35699999999997,450.9910437935773,335.7229562064226,21.565448527783584,32.96070759928405,0,0,,,,264.5411333333334,267.18654466666675,261.89572200000003,,-21.270986540862978,-20.664943041562744,-17.129609959211443,0,31.26052866138086,60.59189785865596,,,,,-10.47466866928659,2.68981255705404,13.16448122634063,-0.5665365060167324,31.26052866138086,,,,,,,,,9.856197556974971,41.24694386313085,-20.623471931565426,0
2025-03-03,312.33,324.25,291.77,295.23,389.919,460.8252840374529,319.0127159625471,16.962048497555077,24.603338027793594,0,0,,,,264.8796666666667,267.5284633333334,262.23087000000004,,-22.843724764072594,-24.284274426226983,-21.276968298000764,0,28.551119775795954,57.335551853485754,,,,,-14.066801785803458,-4.419021005913692,9.647780779889766,-0.7126466273485691,28.551119775795954,,,,,,,,,0.3367557618384905,41.224519213828124,-20.612259606914062,0
2025-03-04,288.87,301.96,276.67,294.15,386.4045,468.15288627765125,304.6561137223487,15.798845685827295,18.108780903721982,0,0,,,,265.1999777777778,267.8519775555556,262.547978,,-20.049467947759613,-23.875110150114708,-21.165688291570394,0,28.38122667362211,54.92748741727202,,,,,-15.73775629084783,-10.024414583670023,5.7133417071778085,-0.8601132350677193,28.38122667362211,,,,,,,,,-7.9679704360450385,41.214878738980254,-20.607439369490127,0
2025-03-05,293.11,295.85,284.99,292.74,381.7335,473.1124989603737,290.35450103962626,14.68805206268797,15.816315415356778,0,0,,,,265.5326888888889,268.1880157777778,262.877362,,-17.290365234490825,-23.312991917135907,-21.230152145581894,0,28.145751304176798,52.16568307444518,,,,,-16.102149364412313,-14.414344998337583,1.6878043660747304,-0.9397397441104917,28.145751304176798,,,,,,,,,-9.92987131086784,41.209475283226915,-20.604737641613458,0
2025-03-06,282.8,286.68,268.11,272.77,375.77200000000005,478.54112077078287,273.0028792292172,10.781744077440639,13.7562139419853,0,0,,,,265.78322222222226,268.4410544444445,263.12539000000004,,-19.54541700586362,-27.410770360750682,-26.184746056258767,0,24.984050244098285,48.632776817692765,,,,,-16.776268742903596,-19.282531562554766,-2.5062628196511687,-0.9596563151236884,24.984050244098285,24.984050244098285,,24.984050244098285,,,,,,-12.207120418231602,41.209560897154645,-20.604780448577323,0
2025-03-07,271.45,296.905,268.03,295.56,371.082,479.35653081865513,262.80746918134486,18.047731430439914,14.505842523522839,1,0,,,,266.1588666666667,268.82045533333337,263.49727800000005,,-10.451831047364468,-20.351835982343523,-19.724702118240124,0,34.08419798640561,45.71720780740623,,,,,-14.842100302378732,-21.058888197624583,-6.216787895245852,-0.9546363149280813,34.08419798640561,,,,,,,,,-12.040773197718623,41.20915365719263,-20.604576828596315,0
2025-03-10,286.55,289,263.68,277.18,365.25100000000003,480.3495117019325,250.15248829806757,15.295244498575734,14.70824000215209,0,0,,,,266.5216222222222,269.18683844444445,263.856406,,-13.051115955894964,-24.112459651034502,-24.36468023216153,0,30.83534873136807,42.45110717599755,,,,,-13.968044964076698,-23.676844100341725,-9.708799136265027,-0.9464050358400558,30.83534873136807,,,,,,,,,-13.530279900537893,41.21259609740896,-20.60629804870448,0
2025-03-11,277.45,282.22,269.445,274.91,358.92400000000004,479.16446496916063,238.68353503083944,15.61424055559942,16.319072161538354,0,0,,,,266.86268888888895,269.5313157777778,264.1940620000001,,-10.655031768471934,-23.40718369348386,-24.62822696798439,0,30.449320453177833,39.52738870627298,,,,,-12.744328841565233,-25.63921018822157,-12.894881346656335,-0.9319509859809181,30.449320453177833,,,,,,,,,-13.220109868041177,41.21511754552738,-20.60755877276369,0
2025-03-12,294.66,295.5,280.22,291.02,354.29200000000003,477.46571644957305,231.118283550427,21.713885881540826,17.541123645238656,1,0,,,,267.2909555555556,269.9638651111112,264.61804600000005,,-2.3884672017601583,-17.858715409887903,-19.77365411864599,0,36.522861395810885,37.450807932017696,,,,,-10.163585770492237,-25.599363559771632,-15.435777789279395,-0.8886208287689247,36.522861395810885,,,,,,,,,-13.61539369946594,41.21862312895936,-20.60931156447968,0
2025-03-13,288.62,288.9,269.77,272.49,348.01099999999997,474.3766226827537,221.64537731724627,20.34508608708658,19.224404174742272,0,0,,,,267.5906444444445,270.2665508888889,264.91473800000006,,-5.323614025822321,-21.70075083833556,-24.2835852829675,0,32.95782704792805,36.19001814197774,,,,,-9.05505032109393,-26.754590690646808,-17.699540369552878,-0.8693535854025807,32.95782704792805,,,,,,,,,-14.080683142876909,41.22331777677747,-20.611658888388735,0
2025-03-14,280.5,286.74,280.1,283.54,340.67199999999997,464.0785419011494,217.2654580988506,26.682251406235046,22.913741124954146,0,0,,,,267.9612666666667,270.6408793333334,265.281654,,-0.49796637410985944,-16.770383242532393,-20.62690764813523,0,36.91252750267077,35.106527433461466,,,,,-7.019012560528893,-26.473306070213994,-19.4542935096851,-0.8114269326174702,36.91252750267077,,,,,,,,,-13.219788096415613,41.22559068851719,-20.612795344258593,0
2025-03-17,286.79,301.855,285,294.18,333.7465,451.11840094311333,216.3745990568867,31.01920273879478,26.015513410705466,0,0,,,,268.35508888888893,271.0386397777778,265.67153800000006,,3.273957887198442,-11.855255410918176,-17.10842196616489,0,40.549066296206796,34.38714250992455,,,,,-4.518534276571518,-25.102461355399498,-20.58392707882798,-0.7018610883803369,40.549066296206796,,,,,,,,,-12.925976249491635,41.22701278216765,-20.613506391083824,0
2025-03-18,294.91,304.66,283.87,288.81,326.1175,433.95900293370346,218.27599706629653,31.154862828373453,29.618772324467756,0,0,,,,268.65855555555555,271.3451411111111,265.97197,,1.5792065278560141,-11.43989512982284,-18.03933105609631,0,39.3172510277571,33.560339880439884,,,,,-2.869455017848477,-24.170745851138577,-21.3012908332901,-0.5695393070569985,39.3172510277571,,,,,,,,,-11.314419114602748,41.224324007986546,-20.612162003993273,0
2025-03-19,289.94,304.62,287.14,301.12,319.5475,416.07628718289186,223.01871281710817,36.57212333504467,32.91539630073763,0,0,,,,269.0351777777778,271.72552955555557,266.344826,,5.597598524326952,-5.766748292507373,-13.85290261056149,0,43.550676483301295,33.321553827407214,,,,,-0.7056272688057312,-22.183324919297263,-21.477697650491532,-0.23419046024895795,43.550676483301295,,,,,,,,,-9.579035874099466,41.21760234787701,-20.608801173938506,0
2025-03-20,296.65,314.82,293.2949,306.17,313.76699999999994,398.20422356875656,229.32977643124332,45.50177949209738,37.74292188517183,0,0,,,,269.4410888888889,272.1354997777778,266.746678,,6.125519067723273,-2.421223391879934,-11.685297324531174,0,45.238473537292236,34.319978461400886,,,,,1.20569546343647,-19.970578321195944,-21.176273784632414,0.2359464058209571,45.238473537292236,,,,,,,,,-8.463553831062661,41.2084902300796,-20.6042451150398,0
2025-03-21,300.7,312,294.8164,309.3,309.9645,387.7525089666782,232.17649103332178,51.497930069439974,44.52394429886067,0,0,,,,269.82615555555554,272.5244171111111,267.12789399999997,,6.70226858751457,-0.2143793886073997,-10.090345685615675,0,46.30997491171282,35.58846811396638,,,,,2.7332803086696806,-17.759673398795314,-20.492953707464995,0.49468664924543865,46.30997491171282,,,,,,,,,-6.532013175953086,41.19564467922562,-20.59782233961281,0
2025-03-24,319.16,331.73,315.255,330,306.9695,376.3772924947917,237.5617075052083,67.02223648445742,54.67398201533158,0,0,,,,270.27531111111114,272.97806422222226,267.572558,,11.806040236622305,7.502536896988143,-3.476409244425094,0,52.87689560677386,37.33815875204865,,,,,5.05531381332975,-14.173811440802808,-19.22912525413256,0.7056180491682036,52.87689560677386,,,,,,,,,-3.797073050558396,41.178332290205965,-20.589166145102983,0
2025-03-25,333.15,341.09,327.79,340.5,304.70399999999995,366.1743643717861,243.2336356282138,72.25257517939845,63.59091391109862,0,0,,,,270.7853111111111,273.4931642222222,268.07745800000004,,12.855594555090487,11.747794580970394,0.1901798911491781,0,55.82821843795019,39.31547783303246,,,,,7.091105259692089,-10.365243679517448,-17.456348939209537,0.8341280887027053,55.82821843795019,,,,,55.82821843795019,,55.82821843795019,,-0.5449762268644468,41.156931739974134,-20.578465869987067,0
2025-03-26,340,341.7525,323.43,331.22,301.937,352.4198608935748,251.4541391064252,72.02583736982675,70.43354967789419,0,0,,,,271.26615555555554,273.9788171111111,268.553494,,8.336358849061188,9.698380788045192,-2.0365428164962895,0,52.687467427459666,41.2942933461297,,,,,7.562290724155995,-8.003485534014544,-15.565776258170539,0.8503249953803609,52.687467427459666,,,,,,,,,1.484206439027466,41.133663282270106,-20.566831641135053,0
2025-03-27,330.63,340.36,324.2,332.94,299.79499999999996,340.1911144171085,259.3988855828914,74.37137768647061,72.8832634118986,0,0,,,,271.7286,274.445886,269.01131399999997,,6.7875218905760315,11.055888190263353,-0.8910498114706011,0,53.21284500156553,42.66062527578398,,,,,7.7128694617165205,-5.924689431024888,-13.637558892741408,0.9344775347254427,53.21284500156553,,,,,,,,,1.6075371005692733,41.11033456348711,-20.555167281743554,0
2025-03-28,330.23,330.23,307.4,315,299.9415,340.5353848966199,259.3476151033801,69.72467370044323,72.04062958558019,0,0,,,,272.06193333333334,274.7825526666667,269.341314,,0.02413280664546047,5.020478993403699,-5.146004890250477,0,47.3116241620584,43.83750209226186,,,,,6.382370067484349,-5.6595963083859715,-12.04196637587032,0.8871350844332001,47.3116241620584,,,,,,,,,-1.125389093434858,41.089669997420124,-20.544834998710062,0
2025-03-31,307.53,317.345,298.696,310.54,300.707,341.49358509853613,259.92041490146386,65.36262903075038,69.81956013922141,0,0,,,,272.339,275.06239,269.61561,,-1.9016932019205846,3.269960459849619,-5.328269920421002,0,45.947407028819796,44.944508276236284,,,,,5.03902196614529,-5.743188918188707,-10.782210884333997,0.7917052696546656,45.947407028819796,45.947407028819796,,45.947407028819796,,,,,,-3.367949462523802,41.0718648656692,-20.5359324328346,0
2025-04-01,310.86,328.27,307,327.38,302.3684999999999,344.63188996105555,260.1051100389443,68.95153353129524,68.01294542082962,0,0,,,,272.68806666666666,275.4149473333333,269.961186,,2.173105671671638,8.271860329366355,0.9754773546961637,0,51.619904085127025,46.022868468330294,,,,,5.1058723603281955,-4.399870433923752,-9.505742794251947,0.7936735999221561,51.619904085127025,,,,,,,,,-4.077462680813556,41.05509813680493,-20.527549068402465,0
2025-04-02,318.56,342.28,317.52,337.56,304.60949999999997,349.27774978662336,259.9412502133766,75.44377704790324,69.91931320331629,0,0,,,,273.1010444444444,275.8320548888889,270.370034,,4.165573765433095,10.817292303752858,5.141846180680942,0,54.713855362311456,47.57687049078625,,,,,5.616440486344757,-2.485192186321001,-8.101632672665758,0.7713486081052882,54.713855362311456,,,,,,,,,-1.9135749569867684,41.035427187566455,-20.517713593783228,0
2025-04-03,315.555,318,302.0109,313.9,306.66599999999994,349.0080322611024,264.32396773889747,67.5867507937095,70.66068712430267,0,0,,,,273.6046888888889,276.3407357777778,270.868642,,-3.366026955306378,2.358918171561264,-1.120155234111253,0,47.16444370685267,48.30915021965639,,,,,4.205966718046841,-2.844174275107207,-7.050140993154048,0.6087541399167011,47.16444370685267,,,,,,,,,-1.6404708122108058,41.01545403549952,-20.50772701774976,0
2025-04-04,295.03,300,275,292.88,306.532,349.030446842209,264.03355315779095,49.321066040400495,64.11719796067108,0,0,,,,274.0702888888889,276.8109917777778,271.329586,,-9.378945023391639,-4.453694883405312,-6.836980620726363,0,41.664204939069464,48.38880297986087,,,,,1.8242528563388438,-4.769824922730493,-6.594077779069337,0.23888488943987088,41.664204939069464,41.664204939069464,,41.664204939069464,,,,,,-5.098624041607267,41.000308311522815,-20.500154155761408,0
2025-04-07,285.31,319.1224,274.97,296.51,307.4985,348.1206812683671,266.87631873163286,44.71306278117105,53.873626538427025,0,0,,,,274.5837111111111,277.3295482222222,271.837874,,-7.295141678886163,-3.573513366731862,-4.739007605629652,0,42.90255128288225,48.64489585522694,,,,,0.5275854681924663,-5.934595943828754,-6.46218141202122,-0.15105874369655886,42.90255128288225,,,,,,,,,-9.14415842111488,40.99261869123477,-20.496309345617384,0
2025-04-08,317.81,319.9482,288.765,293.27,308.4165,346.82064939821095,270.012350601789,39.76416593076662,44.59943158411272,0,0,,,,275.0942444444444,277.84518688888886,272.343302,,-6.933866463569405,-4.911053721185477,-4.836846477337719,0,42.04464322858079,48.537322051318334,,,,,-0.46065218846987666,-7.037996647608566,-6.577344459138689,-0.4581122000915037,42.04464322858079,,,,,,,,,-11.126723187404394,40.98926987141143,-20.494634935705715,0
2025-04-09,296.3,338.9525,289.31,337.4,310.73549999999994,350.24307723526186,271.227922764738,53.75429070910792,46.07717314034854,0,0,,,,275.8058,278.563858,273.04774199999997,,6.860751635850004,8.581092279446679,10.068159180175895,0,55.188450629173495,49.24803470073844,,,,,1.8203256407933415,-4.301937408147012,-6.122263048940353,-0.3869937579103486,55.188450629173495,,,,,55.188450629173495,,55.188450629173495,,-6.62175932097898,40.976662972516976,-20.488331486258488,0
2025-04-10,324.04,329.705,309.4184,316.94,312.95799999999997,348.4015628006002,277.51443719939977,52.86219678905398,48.793551142976185,0,0,,,,276.43184444444444,279.19616288888886,273.667526,,0.8919646779441237,1.2723752068967809,4.059413742382767,0,49.57480489218831,49.481236842200964,,,,,1.9046799781263974,-3.741413076282356,-5.6460930544087535,-0.489380913154261,49.57480489218831,,,,,,,,,-4.589975982924088,40.960710516407616,-20.480355258203808,0
2025-04-11,316.94,333.75,316,329.35,315.2484999999999,348.6538344692165,281.8431655307833,60.61749637923069,55.7446612924642,0,0,,,,277.09944444444443,279.8704388888889,274.32845,,4.365709360433301,4.473137857912124,7.929818582214687,0,52.71645398321569,49.469776726232524,,,,,2.7011567313738754,-2.2696471401914096,-4.970803871565285,-0.33644441565788774,52.71645398321569,,,,,,,,,-1.0097375465262335,40.9401096444784,-20.4700548222392,0
2025-04-14,338.94,340.135,318.895,326.67,316.87299999999993,349.16346552777054,284.5825344722293,63.36635951988623,58.9486842293903,0,0,,,,277.7622,280.539822,274.984578,,2.9900436967584154,3.0917749382244786,6.685173089483931,0,51.96352094606621,49.19372690538366,,,,,2.933060361704876,-1.30447841943419,-4.237538781139066,-0.12126441763038236,51.96352094606621,,,,,,,,,-2.1239998371567967,40.920818359070886,-20.460409179535443,0
2025-04-15,327.21,331.82,324.0057,325.17,318.6909999999999,348.4519696750653,288.93003032493453,62.15655648652154,62.04680412854615,0,0,,,,278.40344444444446,281.1874788888889,275.61941,,2.5886138848138396,2.033003755989382,5.8378955454148285,0,51.519986804650074,49.11033543232583,,,,,2.8675635301296216,-0.6530843684770389,-3.5206478986066605,0.03833634117934808,51.519986804650074,,,,,,,,,-1.328748223458503,40.90062310607448,-20.45031155303724,0
2025-04-16,320.53,332.7339,318,326.4,319.9549999999999,348.75538645574346,291.1546135442564,63.34831481623846,62.957076940882075,0,0,,,,279.0685111111111,281.8591962222222,276.277826,,3.3405203119212468,2.01434576737356,5.851677930703403,0,51.88267091865027,49.015322997831895,,,,,2.7867817676640976,-0.03717068902653864,-2.823952456690636,0.23814036196931268,51.88267091865027,,,,,,,,,-1.658819191489906,40.88083008993799,-20.440415044968994,0
2025-04-17,329.27,332.91,320.54,326.5,320.9714999999999,349.1830460583118,292.75995394168797,64.3875223706094,63.2974645577898,0,0,,,,279.73837777777777,282.53576155555555,276.940994,,2.9614422800993134,1.7224270690700427,5.272661028479986,0,51.914167434581195,49.344076088726375,,,,,2.622188820638407,0.4537835691073724,-2.1684052515310346,0.2789904627909041,51.914167434581195,,,,,,,,,-1.7262508076357435,40.861140875696535,-20.430570437848267,0
2025-04-21,324.79,326.295,308.5683,316.07,321.3099999999999,349.11275453979766,293.5072454602021,59.220417346674,62.31875151117396,0,0,,,,280.3502444444444,283.15374688888886,277.54674199999994,,-1.0512541167336242,-1.6308238150072873,1.6855908683398368,0,48.35863969575284,49.51630699350731,,,,,1.735716382346374,0.0012402264019328868,-1.734476155944441,0.18800978171412638,48.35863969575284,48.35863969575284,,48.35863969575284,,,,,,-2.6881458341302147,40.84264822010183,-20.421324110050914,0
2025-04-22,322.5,337.8,321.88,336.34,321.6269999999999,349.95839890651814,293.29560109348165,66.91409875360345,63.507346156962285,0,0,,,,280.98215555555555,283.7919771111111,278.172334,,3.997699521661313,4.5745537532607905,7.524658783812521,0,54.83295674164433,49.74581075468711,,,,,2.3985004445674396,1.2636493997648586,-1.134851044802581,0.3875922323524544,54.83295674164433,,,,,,,,,-1.7486177555136662,40.8230333785263,-20.41151668926315,0
2025-04-23,364.45,378.52,362.135,370,323.10199999999986,357.6087683795557,288.595231620444,80.19014928755234,68.77488846260994,0,0,,,,281.7550444444444,284.5725948888889,278.93749399999996,,11.754116780031708,14.51492098470457,17.098859921279974,0,63.10493859531524,50.34517384275881,,,,,4.846636082322352,4.923444058100358,0.07680797577800691,0.7193459699649478,63.10493859531524,,,,,,,,,2.513387958031968,40.79960571802873,-20.399802859014365,0
2025-04-24,370,381.18,366.98,375.02,325.29199999999986,366.4920973785289,284.0919026214708,82.51079315699089,76.5383470660489,0,0,,,,282.55788888888884,285.38346777777775,279.7323099999999,,11.997754191479126,15.287188126360363,17.645090487777537,0,64.15918016224597,51.559083589572616,,,,,6.446675828387438,8.135152761262304,1.6884769328748666,0.8074433885145343,64.15918016224597,,,,,,,,,8.28210823128324,40.77451756785793,-20.387258783928964,0
2025-04-25,377.68,386.3673,362.9,381.83,327.73649999999986,375.70687013616094,279.7661298638388,86.86191089968744,83.18761778141022,0,0,,,,283.40424444444443,286.23828688888887,280.570202,,11.86371160297075,16.505180228628834,18.42737820896534,0,65.59538593130549,53.26845366044662,,,,,7.530809112452355,11.10198832344031,3.571179210987955,0.819620665367494,65.59538593130549,,,,,,,,,12.620337358017915,40.75083775829491,-20.375418879147453,0
2025-04-28,383.79,389.95,374.345,384.34,331.2034999999999,384.6957761807732,277.71122381922663,88.20068405839324,85.8577960383572,0,0,,,,284.22113333333334,287.0633446666667,281.378922,,10.81381871442828,16.043459685661567,17.976407174232612,0,66.13404423765397,54.92784601435888,,,,,7.9431699709994135,13.500141674737222,5.556971703737808,0.8285442897755474,66.13404423765397,,,,,,,,,13.842400815052075,40.72799047821713,-20.363995239108565,0
2025-04-29,383.21,396.858,372.685,385.13,334.9329999999999,392.39606956646287,277.4699304335369,88.74730386301688,87.93663294036587,0,0,,,,285.07651111111113,287.92727622222225,282.225746,,9.200975388454168,14.987176539785608,17.12890779440115,0,66.31281620927487,56.66128694155132,,,,,7.784989777158904,15.288208925186439,7.503219148027535,0.8236600808032204,66.31281620927487,,,,,,,,,14.584701561414072,40.70574860746366,-20.35287430373183,0
2025-04-30,371.31,390.41,371.31,389.48,338.0379999999999,400.0630412656058,276.012958734394,89.0307014417875,88.65956312106589,0,0,,,,285.9366,288.795966,283.077234,,8.45671672546937,15.217815748525364,17.255214035622892,0,67.33531183487126,57.52891988481544,,,,,7.486944888787688,16.861900259012145,9.374955370224457,0.9005815236995851,67.33531183487126,,,,,,,,,15.091337426901282,40.68396698669288,-20.34198349334644,0
2025-05-01,396.18,406,390,400,341.15999999999985,408.80562365741207,273.51437634258764,88.35013279239725,88.70937936573388,0,1,,,,286.8517111111111,289.7202282222222,283.983194,,9.14915504910352,17.24703951225237,19.239135079060453,0,69.72832133958643,58.968456773915314,,,,,7.493550248958375,18.741893181422427,11.248342932464052,0.9139425604385445,69.72832133958643,,,,,,,,,16.320019513315824,40.66337501489965,-20.331687507449825,0
2025-05-02,436.925,487,433,486.42,349.7859999999999,441.16308080257426,258.4089191974255,95.86797865331528,91.08293762916668,0,0,,,,288.17366666666663,291.0554033333333,285.29193,,27.18092992001846,39.06216944074381,42.4493804214344,0,81.63249542394067,61.03388830539567,,,,,12.517439585918035,26.895142414861596,14.37770282894356,0.8802325868629189,81.63249542394067,,,,,,,,,25.439978939682916,40.657034374568575,-20.328517187284287,0
2025-05-05,480.66,504.31,475.53,494.13,359.8484999999999,466.91919987162817,252.7778001283716,96.75783215185615,93.65864786585622,0,0,,,,289.4904222222222,292.38532644444444,286.59551799999997,,23.449480224549045,37.31612053405813,42.14264413566538,0,82.30119568338323,63.20086507234688,,,,,15.371086642036545,33.59156113148924,18.220474489452698,0.902598332365549,82.30119568338323,,,,,82.30119568338323,,82.30119568338323,,34.52160147177424,40.67468318093375,-20.337341590466874,0
2025-05-06,480.65,493.63,473.52,490.55,369.5504999999999,486.60537114597275,252.495628854027,94.51709063960762,95.71430048159301,0,1,,,,290.8090888888889,293.71717977777774,287.900998,,18.00861218696632,32.742345092213434,38.97335458721134,0,80.8296778994173,65.29441443625883,,,,,15.959339746784032,38.169649172932736,22.210309426148704,0.9256354314134381,80.8296778994173,,,,,,,,,42.01376733434796,40.71934228171125,-20.359671140855625,0
2025-05-07,491.31,504.5,491.06,495.56,379.66499999999985,503.3766255652647,255.953374434735,95.53484822139663,95.60325700428679,0,0,,,,292.11806666666666,295.0392473333333,289.196886,,15.718535608038419,30.525594932374656,38.366606170598835,0,81.33269232330657,67.39798739373428,,,,,15.608669779661323,41.72114665072536,26.112476871064036,0.9403315004874894,81.33269232330657,,,,,,,,,41.885592567008466,40.763156425568226,-20.381578212784113,0
2025-05-08,505.07,509.005,492.75,503.57,387.9734999999999,521.1713429667698,254.77565703322995,96.4214385701493,95.49112581038452,0,0,,,,293.4765111111111,296.4112762222222,290.541746,,14.162062656851893,29.79494733532062,38.38332486019311,0,82.13959615322436,69.55694658792308,,,,,14.84376139590016,44.667178615939235,29.823417220039076,0.9461187089370756,82.13959615322436,,,,,,,,,42.0233563611227,40.80720716237646,-20.40360358118823,0
2025-05-09,505,513.87,500.26,512.75,397.7639999999999,537.2736167868015,258.25438321319825,97.14924905005002,96.36851194719866,0,0,,,,294.8703333333334,297.81903666666676,291.92163000000005,,12.892536873091466,28.908096258082704,38.62279280432131,0,83.04418970697745,72.03448587443911,,,,,13.900148891010886,47.19860333380268,33.298454442791794,0.9420870453966522,83.04418970697745,,,,,,,,,43.525657675379136,40.85712587035367,-20.428562935176835,0
2025-05-12,532.72,533.2574,503.0002,517.83,407.18799999999993,552.2905839328856,262.08541606711424,96.75180246381292,96.77416336133741,0,1,,,,296.23015555555565,299.1924571111112,293.2678540000001,,10.755825145120724,27.172215291216872,37.483196144250776,0,83.54097866750959,74.08505886914377,,,,,12.600660159138592,49.04927964171503,36.44861948257644,0.9358228307168518,83.54097866750959,,,,,,,,,44.99952885080643,40.91299052537153,-20.456495262685763,0
2025-05-13,519.36,536.8709,514.805,531.46,417.4274999999999,567.1854605730534,267.6695394269463,97.4891958116313,97.1300824418314,0,0,,,,297.6507333333334,300.62724066666675,294.67422600000003,,10.22139264789761,27.31791748267667,38.396116110450926,0,84.82561803395453,75.63653597190373,,,,,11.663158021576493,51.027567009547056,39.36440898797056,0.9392240875992944,84.82561803395453,,,,,,,,,46.91527919485352,40.976999493025744,-20.488499746512872,0
2025-05-14,536.15,544.93,532.5622,540.68,428.20299999999986,580.8429280791247,275.563071920875,97.27550242225513,97.17216689923312,0,0,,,,299.1688666666667,302.1605553333334,296.177178,,8.724197910696896,26.267214381963733,38.23760771316147,0,85.64199557704231,77.17102278724632,,,,,10.693668885900777,52.73149509534653,42.037826209445754,0.93767484507745,85.64199557704231,,,,,85.64199557704231,,85.64199557704231,,48.760047815840494,41.049147212809395,-20.524573606404697,0
2025-05-15,536,541.46,527,530.52,438.4089999999998,589.7473012855653,287.07069871443434,94.51893431266222,96.42787751551623,0,1,,,,300.6088666666667,303.61495533333334,297.60277800000006,,3.9528007414563415,21.01028947854633,33.445462983380914,0,80.50231779800605,78.23580363486778,,,,,8.493793782711428,52.65506843783504,44.16127465512361,0.9182553070105335,80.50231779800605,,,,,,,,,49.23221757798927,41.123019000857965,-20.561509500428983,0
2025-05-16,525,536,522.26,529.05,448.5364999999998,595.6128398069202,301.46016019307945,89.23521705755715,93.67655126415816,0,0,,,,302.0478,305.068278,299.02732199999997,,2.8060084335710833,17.95026714659791,30.71763541215402,0,79.75651570586896,79.20883731116885,,,,,6.173274104079084,51.877867285222464,45.70459318114338,0.883828766703861,79.75651570586896,,,,,,,,,48.36794684358468,41.19224818709593,-20.596124093547964,0
2025-05-19,517.79,531.0194,515.2,520.23,458.7444999999999,595.6136109746842,321.87538902531566,81.46427386700965,88.406141745743,0,0,,,,303.4488222222223,306.48331044444456,300.41433400000005,,0.5819573875720518,13.402994477318009,26.17580646074067,0,75.25179362571924,79.84733569805773,,,,,3.4156522493958477,49.97415849288819,46.558506243492346,0.8222154518666069,75.25179362571924,,,,,,,,,45.89405459677574,41.24977372604544,-20.62488686302272,0
2025-05-20,517.58,526.9199,514.04,525.73,468.2139999999998,595.7887111930909,340.6392888069088,79.029000011587,83.24283031205125,0,0,,,,304.87922222222227,307.9280144444445,301.83043000000004,,0.9586394693685163,12.284126489169523,25.1898059990205,0,76.15618489790691,80.47739805970313,,,,,1.4347062966939461,48.35188911435978,46.91718281766583,0.7669542256753078,76.15618489790691,,,,,,,,,44.905881877946804,41.302626636798536,-20.651313318399268,0
2025-05-21,522.77,531.94,510.72,514.3,475.4289999999998,596.1048797606242,354.75312023937545,72.9566556457575,77.81664317478472,0,0,,,,306.23766666666677,309.30004333333346,303.1752900000001,,-1.590472472886173,8.17598421636041,20.356459184580867,0,70.39854448593076,80.52527114158488,,,,,-1.0392928214545947,45.61806679084759,46.65735961230219,0.7701106289017274,70.39854448593076,70.39854448593076,,70.39854448593076,,,,,,42.993350037244376,41.34721124078976,-20.67360562039488,0
2025-05-22,511.11,526.3,510.9824,517.8,482.56799999999987,595.268814300521,369.8671856994788,69.06405800465126,73.68323788733191,0,0,,,,307.6115777777779,310.68769355555565,304.5354620000001,,-1.1898060244067477,7.300939971154352,19.4939622240923,0,71.11859695331442,79.77427839368299,,,,,-2.7374705104496684,43.2355214742401,45.97299198468977,0.6507254124496497,71.11859695331442,,,,,,,,,42.25465495315637,41.38855174043561,-20.694275870217805,0
2025-05-23,512.31,524.415,510,520.21,489.4869999999999,593.2354380798105,385.73856192018934,65.39161740291064,69.13744368443979,0,0,,,,309.0559333333334,312.14649266666675,305.9653740000001,,-0.8710300106138935,6.276571185751645,18.2018754700604,0,71.63032488281621,79.01207333649964,,,,,-3.9236790817820264,41.06839313246223,44.99207221424426,0.5331757590767242,71.63032488281621,,,,,,,,,41.28151782255904,41.425852020619764,-20.712926010309882,0
2025-05-27,528.024,529.77,512.1,525,496.51999999999987,589.2936081005823,403.74639189941746,65.23253539153555,66.56273693303247,0,0,,,,310.52753333333345,313.6328086666668,307.4222580000001,,-0.09476724935201242,5.735922017240025,17.54836648819216,0,72.66692782231887,78.42901975956404,,,,,-4.565983417035284,39.284592942950155,43.85057635998544,0.39007714060638427,72.66692782231887,,,,,,,,,41.861666478586244,41.465091464401766,-20.732545732200883,0
2025-05-28,524.42,530,521.31,524.4,503.48349999999994,581.5020458144426,425.4649541855573,62.954723838796994,64.52629221108106,0,0,,,,311.9967777777779,315.11674555555567,308.8768100000001,,-0.07469626061369361,4.15435659758463,15.70650323208891,0,72.31050958660211,77.78457813551371,,,,,-5.167278867845013,37.39147777517917,42.55875664302418,0.17512235221316919,72.31050958660211,,,,,,,,,42.10200202988129,41.50497119508857,-20.752485597544286,0
2025-05-29,530.47,531.69,512.54,513.39,509.6789999999998,567.5894891707943,451.76851082920535,56.72483860955411,61.637365946628876,0,0,,,,313.4203333333335,316.5545366666668,310.2861300000001,,-1.6612937519034587,0.7281053368885404,11.730477798194961,0,65.9209982679675,76.62610685799538,,,,,-6.363914449803666,34.6038635807696,40.967778030573264,-0.2563612373997935,65.9209982679675,65.9209982679675,,65.9209982679675,,,,,,41.13235880267436,41.54088875786876,-20.77044437893438,0
2025-05-30,506.76,521.61,496.2648,519.61,515.6594999999999,544.3716503722823,486.9473496277175,47.78791604151425,55.82249282995512,0,0,,,,314.8554444444445,318.003998888889,311.70689000000004,,-0.2614343957064613,0.766106316280446,11.521043933638087,0,67.65959715068135,75.52720738968851,,,,,-6.756885081861597,32.521671678246264,39.27855676010786,-0.5182069671559791,67.65959715068135,,,,,,,,,40.179344130725895,41.57304996205829,-20.786524981029146,0
2025-06-02,519.76,528.07,513.21,526.85,517.6809999999998,543.4122556242545,491.9497443757452,49.127602958804374,51.21345253662423,0,0,,,,316.3669111111112,319.53058022222234,313.2032420000001,,1.1709988631825263,1.7711679586463802,11.47708638231093,0,69.60347652468553,74.53167152234393,,,,,-6.545039598040617,31.097257262557093,37.64229686059771,-0.5832652066396373,69.60347652468553,,,,,,,,,39.88257753254201,41.60391049336784,-20.80195524668392,0
2025-06-03,529.57,534.4999,512,513.37,518.6429999999998,542.1202818699422,495.1657181300574,42.39332339257309,46.436280797630566,0,0,,,,317.8125555555556,320.99068111111114,314.63443000000007,,-1.2875288905638271,-1.0166916356722844,7.13398791698403,0,62.117109205699876,72.9096351774686,,,,,-7.272596905474678,28.551550728754364,35.82414763422904,-0.6062187976314345,62.117109205699876,62.117109205699876,,62.117109205699876,,,,,,39.366953489195936,41.63272385088338,-20.81636192544169,0
2025-06-04,515,523.325,510.67,518.79,520.0549999999998,539.6858120056353,500.4241879943644,42.57124134057844,44.697389230651964,0,0,,,,319.26242222222226,322.45504644444446,316.06979800000005,,-0.11205840900156971,-0.24324350309099518,6.908229152356071,0,63.802916235034026,71.34970093875373,,,,,-7.328084361327349,26.664042182569858,33.99212654389721,-0.46788179056123136,63.802916235034026,,,,,,,,,38.894522600363295,41.659686942306244,-20.829843471153122,0
2025-06-05,530.18,531.8728,518,522.99,521.4264999999998,537.5375698279317,505.3154301720679,44.764556564319776,43.24304043249043,0,0,,,,320.7410444444445,323.948454888889,317.53363400000006,,0.528408948929493,0.2998505062554724,6.652917308760298,0,65.09901218833403,70.24946482377713,,,,,-7.020578073520035,25.216403951997165,32.2369820255172,-0.2366060402313517,65.09901218833403,,,,,,,,,38.1511940690694,41.68393291262515,-20.841966456312576,0
2025-06-06,524.8,540.3,510.8834,512.95,521.8954999999999,536.3622210867029,507.42877891329687,45.162467093816026,44.16608833290474,0,0,,,,322.1672666666667,325.3889393333334,318.945594,,-1.309460593047429,-1.714040454458754,3.6337996298720476,0,59.60470171941265,68.81004953903026,,,,,-7.394436542498038,22.99393634739465,30.38837288989269,-0.20654093236485863,59.60470171941265,,,,,,,,,37.696734026349844,41.70649021666499,-20.853245108332494,0
2025-06-09,509.48,509.48,485.53,497.93,521.1544999999999,538.6253528412375,503.6836471587622,34.31549744466988,41.41417370093523,0,0,,,,323.5478444444445,326.7833228888889,320.31236600000005,,-3.786848247824237,-4.456356032616027,-0.1812226111291615,0,52.470073116690585,67.18278378838535,,,,,-8.476721511275478,19.792471000798344,28.269192512073822,-0.4662452709594516,52.470073116690585,,,,,,,,,35.407720481445615,41.7216865322586,-20.8608432661293,0
2025-06-10,499.6,503.49,475.41,486.02,519.5639999999999,542.7973401817395,496.33065981826013,28.365016677528743,35.94766040533822,0,0,,,,324.9037111111112,328.15274822222233,321.65467400000006,,-5.3754648287677504,-6.456182491473594,-3.2263202957515724,0,47.60418114457192,65.14335494886141,,,,,-9.728506221709058,16.1085597349375,25.83706595664656,-0.5683091018260638,47.60418114457192,,,,,,,,,31.70891864725074,41.72642248085254,-20.86321124042627,0
2025-06-11,486.94,487.9,471.92,473.78,516.6799999999998,546.6374738587948,486.72252614120487,23.116417721409853,28.598977281202824,0,0,,,,326.21575555555563,329.4779131111112,322.95359800000006,,-6.840383193594501,-8.303011535186167,-6.215296908352519,0,43.17301983019522,63.19867461630887,,,,,-11.0197960589661,12.062320882938934,23.082116941905035,-0.7260484272304376,43.17301983019522,43.17301983019522,,43.17301983019522,,,,,,27.881682011638077,41.72204711905542,-20.86102355952771,0
2025-06-12,475.36,482.57,470.15,481.48,513.7199999999998,545.2638082672416,482.17619173275796,25.102902519469602,25.528112306136066,0,0,,,,327.5768222222223,330.8525904444445,324.3010540000001,,-4.728549182095676,-6.2757922603752565,-5.266161005027126,0,46.54404901392724,61.4433497634955,,,,,-10.970514836532079,9.368973396239937,20.339488232772016,-0.8140434938643353,46.54404901392724,,,,,,,,,26.11753026298001,41.714037363247606,-20.857018681623803,0
2025-06-13,471.94,485,471.05,478.48,511.1179999999998,545.1746255521673,477.06137444783235,23.593185058090274,23.93750176632324,0,0,,,,328.91500000000013,332.20415000000014,325.6258500000001,,-4.545309457690894,-6.385609585262076,-6.338514781907422,0,45.413706414157616,59.5707341585913,,,,,-10.741418028603825,6.912715697017234,17.654133725621058,-0.8678055214605339,45.413706414157616,,,,,,,,,25.21087912767305,41.70429804634315,-20.852149023171574,0
2025-06-16,482.57,489,471.79,474.9,508.41049999999984,544.8600390780208,471.9609609219788,22.125001080083305,23.607029552547726,0,0,,,,330.22966666666673,333.5319633333334,326.92737000000005,,-4.2673499049526775,-6.591228938033322,-6.96936394783706,0,44.03924591420954,57.5258997365835,,,,,-10.424158309092338,4.623935839255637,15.048094148347975,-0.8896957874487924,44.03924591420954,,,,,,,,,25.0518963701511,41.69425515284303,-20.847127576421514,0
2025-06-17,470.71,478.965,466,476.3,506.21399999999994,544.7827331396815,467.6452668603185,24.190731418355405,23.302972518842996,0,0,,,,331.61855555555564,334.9347411111112,328.3023700000001,,-3.262233884824506,-5.909358492653293,-6.586351892723052,0,44.74354644466839,55.556830940731096,,,,,-9.726700332154739,2.8897187331545524,12.616419065309291,-0.8950233922222198,44.74354644466839,,,,,,,,,24.35847722280992,41.682973583733485,-20.841486791866743,0
2025-06-18,478.84,482.684,473.18,478.73,503.8639999999999,543.1113741287232,464.6166258712766,26.33458162882704,24.216771375755247,0,0,,,,332.99820000000005,336.3281820000001,329.668218,,-1.9711030477765346,-4.988250797834315,-6.037164058605193,0,46.0135991779724,54.13487386287431,,,,,-8.73960204147402,1.691916513466765,10.431518554940785,-0.9119224779008948,46.0135991779724,,,,,,,,,24.12900108981681,41.67129148435084,-20.83564574217542,0
2025-06-20,477.42,483.03,465.8,471.57,501.72749999999985,543.0662991480202,460.3887008519795,22.537699563778794,24.354337536987078,0,0,,,,334.3239333333334,337.6671726666667,330.9806940000001,,-2.4096983945000816,-6.010732917769079,-7.296992858111773,0,42.885767561806915,52.365314606526134,,,,,-8.214800212023686,0.16301828991117873,8.377818501934865,-0.9118898251291203,42.885767561806915,,,,,,,,,23.56561452193108,41.658666017353546,-20.829333008676773,0
2025-06-23,470,472.12,446.75,448.54,498.26449999999994,544.9018650520684,451.6271349479315,17.62316459247992,22.165148595028587,0,0,,,,335.5622444444445,338.91786688888897,332.20662200000004,,-5.921686001514259,-9.979538979798864,-11.505204647749157,0,34.71230295059489,49.87308792266252,,,,,-9.001330960815343,-2.8738451990843146,6.1274857617310285,-0.9115829522775117,34.71230295059489,,,,,,,,,20.86083633723637,41.64204380039651,-20.821021900198254,0
2025-06-24,454.65,455.755,417.28,422.79,493.39349999999996,549.2781695525675,437.5088304474324,13.482704378488105,17.881189511582274,0,0,,,,336.69380000000007,340.0607380000001,333.32686200000006,,-9.902633726790445,-14.309775057839214,-16.089120701152737,0,28.23312474628038,47.45280331841827,,,,,-10.721616514925625,-7.274534881926002,3.4470816329996223,-0.9077228427934103,28.23312474628038,,,,,,,,,15.722329842911153,41.620124310307055,-20.810062155153528,0
2025-06-25,435.04,437.4,396.51,397.68,487.0275,554.8022232749775,419.2527767250225,9.286275624948761,13.46404819863893,0,0,,,,337.69708888888897,341.07405977777785,334.3201180000001,,-13.627626649291336,-18.34547330489551,-20.440291206779648,0,23.605983475834805,44.58159383561832,,,,,-12.871701242148522,-12.642544919686031,0.22915632246249107,-0.8909779248919478,23.605983475834805,23.605983475834805,,23.605983475834805,,,,,,9.15535795093342,41.595778088001005,-20.797889044000502,0
2025-06-26,402,408.3699,383.595,398.66,480.7404999999999,556.3561723107048,405.12482768929493,10.078219532989031,10.949066512141968,0,0,,,,338.7378,342.125178,335.350422,,-11.978680232185779,-17.073764328156226,-19.531606912054535,0,24.12861532073245,41.65513691650392,,,,,-13.484124710425945,-16.62599956556994,-3.1418748551439952,-0.8920734240115892,24.12861532073245,,,,,,,,,4.695736229827451,41.57256493601342,-20.78628246800671,0
2025-06-27,402.43,412.59,389.335,411.26,475.6339999999999,555.4195534291762,395.8484465708236,14.039550443189068,11.13468186704229,1,0,,,,339.84557777777786,343.24403355555563,336.4471220000001,,-7.766696345070779,-13.534356248712232,-16.25914339683345,0,30.693673197700534,39.590063450667344,,,,,-12.32837333952208,-18.552341529546595,-6.223968190024515,-0.8896863279904491,30.693673197700534,,,,,,,,,3.5662229622424397,41.55002000294091,-20.775010001470456,0
2025-06-30,416.35,426.8,409.1,410.02,470.1544999999998,552.1294750777649,388.1795249222347,15.952955925770116,13.35690863398274,0,0,,,,340.96188888888895,344.3715077777778,337.5522700000001,,-6.610939653110625,-12.790369974125493,-15.823171587121198,0,30.414752553299323,38.014683410425114,,,,,-10.980088241931917,-19.949078492439412,-8.968990250507495,-0.8894308200466183,30.414752553299323,,,,,,,,,4.4997941402936705,41.526981862201666,-20.763490931100833,0
2025-07-01,409.24,413.72,394.15,403.06,463.96499999999986,546.573203829886,381.3567961701137,17.748933116014857,15.913813161658014,0,0,,,,342.01966666666675,345.43986333333345,338.59947000000005,,-6.669043974797351,-13.127067774508827,-16.532406697950297,0,28.831081541275083,36.673747724475334,,,,,-9.921817262094276,-21.37126182812534,-11.449444566031065,-0.8981025248217598,28.831081541275083,,,,,,,,,4.7938781613803885,41.5038355552366,-20.7519177776183,0
2025-07-02,400,406.03,395.55,397,458.14649999999983,542.3924910678243,373.9005089321754,18.38482159438923,17.362236878724733,0,0,,,,343.0667777777778,346.4974455555556,339.63611000000003,,-6.352684752943194,-13.34649506216895,-17.08201083433879,0,27.48897411309234,35.55345874468227,,,,,-9.020748100276283,-22.725379691376418,-13.704631591100135,-0.9181227396925873,27.48897411309234,,,,,,,,,3.517881954978616,41.48143169374484,-20.74071584687242,0
2025-07-03,397.11,402.2699,388.26,391.86,451.7999999999999,535.9399308295397,367.6600691704601,17.263830641780114,17.799195117394735,0,0,,,,344.0128666666667,347.4529953333334,340.572738,,-5.631387810540211,-13.26693227091631,-17.385584537151843,0,26.367794160763623,34.11229768374201,,,,,-8.186173166553889,-23.937348049292495,-15.751174882738606,-0.916864946026249,26.367794160763623,,,,,,,,,1.9008647556363767,41.46021584278101,-20.730107921390506,0
2025-07-07,390.75,397.54,382.33,396.45,445.47299999999984,526.2103861603156,364.7356138396841,15.724216544913098,17.124289593694147,0,0,,,,344.94206666666673,348.39148733333343,341.49264600000004,,-2.7670136265977696,-11.004707356001342,-15.719886875375144,0,29.146929624061855,32.95038505587803,,,,,-6.797421510404959,-24.247951770744805,-17.450530260339846,-0.8966184763413151,29.146929624061855,,,,,,,,,1.2681138199900401,41.43956124342107,-20.719780621710534,0
2025-07-08,400.3,406.679,373.11,389.45,439.29799999999994,517.2921614737901,361.3038385262098,14.616475901058923,15.868174362584048,0,0,,,,345.86517777777783,349.3238295555556,342.40652600000004,,-3.079216470933621,-11.34719484268082,-16.44807602091607,0,27.44561398688164,31.76512563249747,,,,,-5.858277302492446,-24.773376888455402,-18.915099585962956,-0.8759526377833015,27.44561398688164,,,,,,,,,0.5510798391492323,41.4195893935793,-20.70979469678965,0
2025-07-09,390,400.43,383.68,390.75,433.93899999999985,509.78129081455836,358.09670918544134,17.310284848731566,15.883659098234531,1,0,,,,346.7505555555556,350.2180611111111,343.28305000000006,,-1.9740654610040154,-9.952781381714914,-15.38581469980641,0,28.282844661977748,30.589361219448136,,,,,-4.707131015365057,-24.79901335516928,-20.091882339804222,-0.8369251413779921,28.282844661977748,,,,,,,,,0.3989766316128105,41.39979046460554,-20.69989523230277,0
2025-07-10,390.75,391.81,378.95,380.44,428.65999999999985,503.9628830789356,353.3571169210641,15.495338363359878,15.807366371050124,0,0,,,,347.56553333333346,351.0411886666668,344.0898780000001,,-4.145932803386199,-11.249008538235405,-16.74969911375325,0,25.745482323230988,29.141638586966604,,,,,-4.213645495883242,-25.358939209658274,-21.145293713775033,-0.8174663977577211,25.745482323230988,,,,,,,,,-1.0196507196034215,41.3814984490011,-20.69074922450055,0
2025-07-11,381.38,383.8,368.43,370.82,423.51199999999983,499.84316548304395,347.1808345169557,12.15327107463549,14.986298095575648,0,0,,,,348.3143333333334,351.79747666666674,344.8311900000001,,-5.909756388428544,-12.441678157879787,-17.935485013189822,0,23.616482144171755,27.765261057135525,,,,,-4.104600392480574,-26.27604420437575,-22.171443811895177,-0.8463108158735672,23.616482144171755,23.616482144171755,23.616482144171755,23.616482144171755,,,,,,-2.661380508457041,41.36521738098757,-20.682608690493787,0
2025-07-14,371.36,386.93,368,376.42,418.25899999999984,492.3369607980664,344.1810392019333,14.529913593943533,14.05950767731297,1,0,,,,349.08437777777783,352.57522155555563,345.59353400000003,,-3.6369733786962066,-10.0031320306317,-15.845874677228855,0,27.381108836098278,27.24160433467148,,,,,-3.261571360662092,-26.24840801272279,-22.9868366520607,-0.8752507184014003,27.381108836098278,,,,,,,,,-3.933730802247323,41.35069547621942,-20.67534773810971,0
2025-07-15,377.8,382.59,372.1357,378.31,413.2504999999998,483.8272294439174,342.6737705560822,16.868005670386754,14.517063446321929,0,0,,,,349.84495555555566,353.3434051111112,346.3465060000001,,-2.360526098447213,-8.455041191722657,-14.523277839075444,0,28.65907529594385,27.272029373933155,,,,,-2.2320181489161115,-25.77685933820584,-23.544841189289727,-0.8592056495213821,28.65907529594385,,,,,,,,,-4.170754475359677,41.336524878261955,-20.668262439130977,0
2025-07-16,378.31,378.31,355.06,361.35,407.5729999999998,475.62253287128283,339.5234671287168,14.492974618876392,15.296964627735562,0,0,,,,350.54504444444456,354.050494888889,347.03959400000014,,-5.722895495518898,-11.341035838978497,-17.324771299901244,0,24.493545669535138,27.335426673483177,,,,,-2.3374018174919122,-26.466593461154616,-24.129191643662704,-0.9212086915871055,24.493545669535138,,,,,,,,,-5.005945458432368,41.3236209162045,-20.66181045810225,0
2025-07-17,361.51,366,358.1701,361.95,401.8554999999998,464.87606187467725,338.8349381253223,16.95542860827962,16.10546963251426,1,0,,,,351.2203333333334,354.7325366666667,347.70813000000004,,-4.694823318763408,-9.930310770911388,-16.219996867460416,0,24.90936427835973,27.39119445617084,,,,,-2.022651961039209,-26.657506594961717,-24.634854633922508,-0.9655570938812548,24.90936427835973,,,,,,,,,-6.26277460110106,41.3127575357783,-20.65637876788915,0
2025-07-18,358.34,371.8661,352.81,370.49,396.44349999999974,450.0089124505739,342.8780875494256,19.283186769990767,16.91052999904893,0,0,,,,351.93953333333343,355.4589286666668,348.42013800000007,,-1.894116930540124,-6.546582299873693,-13.250648003540322,0,30.754600576741993,27.39554641181666,,,,,-0.9497479743404078,-25.82203960184802,-24.87229162750761,-0.9434627090330645,30.754600576741993,,,,,30.754600576741993,,30.754600576741993,,-6.932476638229294,41.30304300226945,-20.651521501134724,0
2025-07-21,371,372.005,354.05,355.85,390.65749999999974,434.6587553798207,346.65624462017877,15.658153344687367,17.29892290765259,0,0,,,,352.5763333333334,356.10209666666674,349.0505700000001,,-4.746736334362012,-8.909978689772945,-15.577262364089716,0,26.89023053678575,27.143794839208546,,,,,-0.935019846107874,-26.041066435142454,-25.10604658903458,-0.9436903470056438,26.89023053678575,,,,,,,,,-7.418839521137278,41.29418556940117,-20.647092784700586,0
2025-07-22,357.53,363.14,351.29,356.23,386.0419999999997,423.6966531520399,348.38734684795946,16.708806971851374,17.216715695509837,0,0,,,,353.2262888888889,356.7585517777778,349.694026,,-3.789489036112259,-7.722475792789307,-14.426551638818541,0,27.146117710996535,27.02344027990294,,,,,-0.623635508602316,-25.885590974787476,-25.26195546618516,-0.9417974782019043,27.146117710996535,,,,,,,,,-7.923500507824798,41.286240297896,-20.643120148948,0
2025-07-23,358,366.64,357.65,359.79,382.8919999999997,418.18978044013926,347.59421955986016,22.02431138723119,18.13042390125665,1,0,,,,353.90371111111114,357.44274822222224,350.36467400000004,,-2.0086337205342586,-6.033555153933667,-12.604662347788686,0,29.630998603931758,27.176442029248612,,,,,0.061725474592279284,-25.18479862294481,-25.24652409753709,-0.9280797461865962,29.630998603931758,,,,,,,,,-8.857526544382049,41.28006349121472,-20.64003174560736,0
2025-07-24,360.85,364.015,356,360.95,381.05549999999965,416.9023361086505,345.2086638913488,23.73754112094102,20.823553160007865,0,0,,,,354.60651111111116,358.15257622222225,351.06044600000007,,-1.1680758783842116,-5.276265530874024,-11.425921199866506,0,30.463260241099192,27.468975320701155,,,,,0.7922569409239841,-24.256202921382112,-25.048459862306096,-0.9049007322557665,30.463260241099192,,,,,,,,,-8.438273314829265,41.273047406154134,-20.636523703077067,0
2025-07-25,362.42,365.36,360.11,364.09,379.32699999999966,414.94478718562516,343.70921281437415,32.21253287098058,25.99146179305093,0,0,,,,355.30224444444445,358.8552668888889,351.74922200000003,,-0.12426517585022445,-4.016850896456015,-9.84650456805113,0,32.78080503786923,27.728537850258824,,,,,1.6373579849107323,-23.00176238116768,-24.639120366078412,-0.8419056462994603,32.78080503786923,,,,,32.78080503786923,,32.78080503786923,,-7.782721432145062,41.2647792574726,-20.6323896287363,0
2025-07-28,362.25,364.06,335.1,340.49,375.78849999999966,412.068825949481,339.50817405051833,24.81213551967008,26.920736503863893,0,0,,,,355.8707777777778,359.4294855555556,352.31207,,-5.668375121207825,-9.39318260138341,-14.697511749792069,0,25.81649457482142,27.61217217796881,,,,,0.7997512268656308,-23.639431332496372,-24.439182559362003,-0.8411602330049118,25.81649457482142,,,,,,,,,-9.389153722607174,41.25958342123645,-20.629791710618225,0
2025-07-29,342.5,342.75,331.22,333.71,371.9729999999997,409.09160455351935,334.85439544648,19.971101558810396,25.66525664982035,0,0,,,,356.4367777777778,360.0011455555556,352.87241000000006,,-6.390081068192577,-10.286499288926809,-15.372982550163117,0,24.224245029582363,27.322272204226277,,,,,0.02295485890468285,-24.41048898573115,-24.433443844635832,-0.8371093748211982,24.224245029582363,24.224245029582363,24.224245029582363,24.224245029582363,,,,,,-11.664167743972818,41.25920994457706,-20.62960497228853,0
2025-07-30,335.08,341.89,331.51,341.34,368.8869999999997,405.41223845234174,332.3617615476577,22.63322856048509,22.472155212988522,1,0,,,,357.03473333333335,360.6050806666667,353.464386,,-3.7092829396679905,-7.467598478666848,-12.449610348527552,0,29.494327911966522,27.59004688913596,,,,,0.2445544314049357,-24.127750805379662,-24.372305236784598,-0.8366984407779313,29.494327911966522,,,,,,,,,-13.543809507570197,41.263214628994454,-20.631607314497227,0
2025-07-31,342.82,357.26,338.0464,346.55,366.36449999999974,401.7249465328187,331.00405346718077,25.679822887033446,22.761384335442973,0,0,,,,357.6404666666667,361.2168713333334,354.06406200000004,,-1.813009811615729,-5.408411568260496,-10.116196635139119,0,32.92474836230555,28.25492304757409,,,,,0.9253164860201188,-23.21565962925945,-24.140976115279567,-0.8352425810222965,32.92474836230555,,,,,,,,,-12.988062361572174,41.265800441239776,-20.632900220619888,0
2025-08-01,342.23,344.33,330.32,338.99,363.7209999999997,398.9669551721948,328.47504482780465,22.52060347946676,23.611218308995095,0,0,,,,358.2214888888889,361.8037037777778,354.63927400000006,,-3.09006029176746,-6.799442429774394,-11.001797519178524,0,30.598320249725916,28.484723862833203,,,,,1.041125466765024,-22.839569281823287,-23.88069474858831,-0.8274433910601267,30.598320249725916,,,,,,,,,-12.47990143658535,41.267122038232536,-20.633561019116268,0
2025-08-04,343.29,352.87,341.2522,352.36,361.5164999999997,393.6788234701778,329.35417652982164,35.57772394469275,27.926050103730983,0,0,,,,358.82264444444445,362.4108708888889,355.234418,,0.8327371583918719,-2.5328027904673034,-6.51638492524973,0,38.830191826802015,29.21123218646593,,,,,2.1300926757988563,-21.21807890383974,-23.348171579638596,-0.7055927315924552,38.830191826802015,,,,,38.830191826802015,,38.830191826802015,,-11.474822525552705,41.26610155714013,-20.633050778570066,0
2025-08-05,354.6,356.47,338.5001,340.31,359.05949999999973,389.78660040013995,328.3323995998595,33.60574793699019,30.56802512038323,0,0,,,,359.37020000000007,362.9639020000001,355.77649800000006,,-2.1698509161783286,-5.221836492280452,-8.840814970775291,0,34.821386331048544,29.948935090859745,,,,,2.144831222259217,-20.667132551814575,-22.811963774073792,-0.7271632181189713,34.821386331048544,,,,,,,,,-11.934915807458312,41.26606178574278,-20.63303089287139,0
2025-08-06,343.8,347.25,334.01,343.61,356.7024999999997,384.4299729284948,328.9750270715046,34.55112741885886,34.57819976684726,0,0,,,,359.90544444444447,363.5044988888889,356.30639,,-0.7595887245840038,-3.670425634807639,-7.301461119544195,0,36.747296894569736,30.79450170630332,,,,,2.4602040707172037,-19.736708685677286,-22.19691275639449,-0.7005089999242575,36.747296894569736,,,,,,,,,-11.40438217334279,41.26478753549276,-20.63239376774638,0
2025-08-07,446,468,378.0001,390.84,357.2224999999997,387.02369385193214,327.42130614806723,57.47556337621185,41.87747957735363,0,0,,,,360.62491111111115,364.2311602222223,357.018662,,11.915104415727317,9.410801391289825,5.505065956412958,0,56.54013456057035,32.636325562291056,,,,,5.745378978352601,-15.015189033453737,-20.76056801180634,-0.011928679597178561,56.54013456057035,,,,,56.54013456057035,,56.54013456057035,,-7.990707014641585,41.25661449261455,-20.628307246307276,0
2025-08-08,404.5,415.76,362.58,370.34,357.1984999999996,386.95659488190717,327.4404051180921,55.241685317043014,49.0894587040379,0,0,,,,361.25428888888894,364.8668317777778,357.64174600000007,,5.85558547279732,3.6790468045079683,0.22661090402593675,0,49.32540246215447,34.23883784267454,,,,,6.384288733668505,-12.780207094720708,-19.164495828389214,0.16768438576995973,49.32540246215447,,,,,,,,,-5.293739072662189,41.243921609303506,-20.621960804651753,0
2025-08-11,371.44,373.5,336.395,340.59,355.40699999999964,384.6299629572441,326.18403704275516,48.33713554527561,53.68479474617683,0,0,,,,361.72802222222225,365.3453024444445,358.110742,,-2.650744289209428,-4.169023119972226,-7.233342503139073,0,41.12418279024429,35.23727106262081,,,,,4.726213577317612,-13.2567288567422,-17.98294243405981,0.10166837205734802,41.12418279024429,,,,,,,,,-5.44498036862392,41.231460590831276,-20.615730295415638,0
2025-08-12,342.9,344.4075,317.79,322.93,352.6379999999997,383.12330373803667,322.1526962619627,37.22761695557379,46.9354792726308,0,0,,,,362.0855777777778,365.7064335555556,358.46472200000005,,-7.413141582517535,-8.424503315014187,-11.34239685485553,0,37.17302705660144,35.775987380668646,,,,,2.476135376659901,-14.887773213234937,-17.363908589894837,-0.041437281943990247,37.17302705660144,,,,,,,,,-11.06228096770389,41.229330047446446,-20.614665023723223,0
2025-08-13,324.02,328.925,307.05,327.93,350.96699999999964,382.9842148070465,318.9497851929528,34.270873868432645,39.94520878976068,0,0,,,,362.4309111111112,366.0552202222223,358.80660200000005,,-5.616716314812309,-6.563864978758593,-9.346408420788798,0,38.961149289150406,36.382979455529444,,,,,1.4134186029061802,-15.597135336262113,-17.010553939168293,-0.09016796724238928,38.961149289150406,,,,,,,,,-14.460023617247268,41.235058568371976,-20.617529284185988,0
2025-08-14,327.5,339.14,321.17,329.88,349.36349999999965,382.2211361140071,316.5058638859922,32.684533297638886,34.72767470721511,0,0,,,,362.72371111111113,366.35094822222226,359.096474,,-4.597747687822739,-5.576856197055413,-8.239816709580927,0,39.68216725536294,36.87593389963614,,,,,0.9527609963136925,-15.819602693776176,-16.77236369008987,-0.06958541924391881,39.68216725536294,,,,,,,,,-15.150354533374356,41.242463404331936,-20.621231702165968,0
2025-08-15,329.51,333.95,322.3837,326.93,347.1854999999997,379.92746235720074,314.4435376427987,30.112270837361443,32.35589266781099,0,0,,,,362.9841111111112,366.6139522222223,359.3542700000001,,-5.119974925414628,-5.834201025100338,-8.50959035982738,0,38.93291383303342,37.81282098950842,,,,,0.5787327570708669,-16.048947743751285,-16.62768050082215,-0.20982491706354145,38.93291383303342,,,,,,,,,-14.600135753633273,41.2483822997564,-20.6241911498782,0
2025-08-18,338.51,371.63,338.51,369.19,347.8524999999997,381.7948251266083,313.91017487339104,44.781993184304746,35.85959910643502,0,0,,,,363.42375555555554,367.0579931111111,359.789518,,6.623731065255489,6.134065444405423,3.580139307651442,0,52.70846349233905,39.847408022562476,,,,,3.162486837524124,-12.674571953916995,-15.83705879144112,-0.1067906852506456,52.70846349233905,,,,,52.70846349233905,,52.70846349233905,,-10.83623169451676,41.245551712667265,-20.622775856333632,0
2025-08-19,367.01,368.3944,338,340.66,347.0739999999997,380.9261357671898,313.22186423280965,42.82178910990293,39.238684377189706,0,0,,,,363.73873333333336,367.3761206666667,360.10134600000004,,-1.6258049611596048,-1.848020883154522,-3.9861556976688584,0,45.28196693233935,40.97509652401767,,,,,2.939816546988194,-12.162288107705876,-15.10210465469407,-0.17120853302683828,45.28196693233935,,,,,,,,,-9.721006977483848,41.24041305007705,-20.620206525038526,0
2025-08-20,338.28,340.75,322.71,338.88,346.0284999999997,379.5349741654549,312.52202583454454,42.52383486716718,43.37587238712496,0,0,,,,363.96691111111113,367.60658022222225,360.327242,,-2.0059742580612383,-2.0658702968107345,-4.020120428012264,0,44.857308498482965,41.82742224803035,,,,,2.6702286453144986,-11.764318848050948,-14.434547493365447,-0.20782307968513247,44.857308498482965,,,,,,,,,-8.521017753401113,41.23295934415596,-20.61647967207798,0
2025-08-21,336.58,346.91,331.455,345.52,345.2569999999997,378.05676286499926,312.4572371350002,44.86609989852954,43.40390795853322,0,0,,,,364.2671777777778,367.9098495555556,360.62450600000005,,1.2408983693981357,0.07617513909936591,-1.8158051774601613,0,46.85935451899492,42.98892469583528,,,,,2.9166246753338125,-10.78876664919818,-13.705391324531993,-0.2518814254195354,46.85935451899492,,,,,,,,,-10.414576276653856,41.22915676402636,-20.61457838201318,0
2025-08-22,343.95,355,329.3501,331.87,343.64599999999973,375.7450519486198,311.5469480513797,40.09574367825864,42.49522614798513,0,0,,,,364.50646666666665,368.1515313333333,360.861402,,-1.6500809037510833,-3.426782211927315,-5.345420146696012,0,43.3731243347264,43.31341987497274,,,,,2.172004973956602,-10.99038510708624,-13.162390081042842,-0.2867531154307571,43.3731243347264,,,,,,,,,-11.03094705277463,41.226595243409605,-20.613297621704803,0
2025-08-25,331.83,339.49,317.19,321.44,342.69349999999974,376.20990390913323,309.17709609086626,33.08552625058265,39.349123275790284,0,0,,,,364.68166666666673,368.3284833333334,361.03485000000006,,-4.197327753983959,-6.201897614048635,-7.838487982361341,0,40.8709865668576,43.74553417753052,,,,,1.0458124452829658,-11.855124524439134,-12.9009369697221,-0.43406907676204515,40.8709865668576,,,,,,,,,-12.411116007915957,41.226992994192614,-20.613496497096307,0
2025-08-26,321.39,322,307.8101,316.02,341.80899999999974,377.113028608647,306.50497139135246,28.489466616387617,33.89024551507631,0,0,,,,364.8388222222223,368.48721044444454,361.19043400000004,,-5.6183399436133925,-7.544856923018351,-8.849850207863053,0,39.59276538817587,43.94878192707382,,,,,0.05683721166958833,-12.829890455135114,-12.886727666804703,-0.5536311325549144,39.59276538817587,39.59276538817587,39.59276538817587,39.59276538817587,,,,,,-14.823877303778985,41.23306236932261,-20.616531184661305,0
2025-08-27,317,324.4,316.0301,317.93,340.63849999999974,377.44735071555795,303.82964928444153,25.9978810299953,29.19095796565519,0,0,,,,364.98331111111116,368.63314422222226,361.33347800000007,,-4.763473843130539,-6.666451384678995,-7.914528957312772,0,40.301321695352705,42.78886672241542,,,,,-0.32663523150957907,-13.295021706191676,-12.968386474682097,-0.46228408080231376,40.301321695352705,,,,,,,,,-15.886443410989495,41.24176651846081,-20.620883259230403,0
2025-08-28,317.22,325.9,316.2761,322.78,339.4499999999997,376.94716522619063,301.9528347738088,26.771652887709145,27.08633351136403,0,0,,,,365.1571777777778,368.8087495555556,361.505606,,-3.1045682962997367,-4.910885255560393,-6.154873435938802,0,42.156696093198896,42.27681626749001,,,,,-0.12211959766529645,-13.121035971763717,-12.998916374098421,-0.3294992800480886,42.156696093198896,,,,,,,,,-15.636491348905658,41.24973160544231,-20.624865802721153,0
2025-08-29,319.78,320.055,293.66,297.86,337.3934999999998,379.04711846226655,295.739881537733,16.496221190232017,23.088585035978827,0,0,,,,365.22104444444443,368.8732548888889,361.568834,,-9.798161803673244,-11.717327097291385,-12.786237563269475,0,35.97073556065109,41.908712893947644,,,,,-1.4593589924234553,-14.82311511462774,-13.363756122204284,-0.46037895990320943,35.97073556065109,,,,,,,,,-17.202126578026,41.26176678204238,-20.63088339102119,0
2025-09-02,291.245,298.4156,287.209,289.98,334.27449999999976,380.1102945169512,288.4387054830483,15.323346952018081,19.530407009986423,0,0,,,,365.2665111111112,368.9191762222223,361.6138460000001,,-10.026249325150193,-13.250935982254042,-14.544120377328461,0,34.258844397249064,41.70055698970818,,,,,-2.602061105799926,-16.616332504454192,-14.014271398654266,-0.6738823686711777,34.258844397249064,,,,,,,,,-19.686153377072703,41.28081322234583,-20.640406611172914,0
2025-09-03,286.44,292,277.24,282.515,331.3847499999998,382.3361106761386,280.43338932386104,13.138042179411734,14.985870107220618,0,0,,,,365.25568888888887,368.9082457777778,361.60313199999996,,-10.731974740859872,-14.747133053044791,-16.136756619031267,0,32.67250001068713,41.251367755532236,,,,,-3.5305137329236054,-18.427413564808774,-14.896899831885168,-0.8024808476117525,32.67250001068713,,,,,,,,,-23.24866984074335,41.31104927734057,-20.655524638670286,0
2025-09-04,275.13,278.28,267.39,272.7,327.83924999999977,384.44885609958465,271.2296439004149,10.246380880077176,12.90259000383567,0,0,,,,365.1700444444445,368.82174488888893,361.51834400000007,,-11.992938780713192,-16.818989794541018,-18.346651948237312,0,30.662146223830717,40.607080538994225,,,,,-4.417932666881946,-20.419315665487602,-16.001382998605656,-0.8902954371165359,30.662146223830717,,,,,,,,,-25.374149891320176,41.348465259721124,-20.674232629860562,0
2025-09-05,273.25,273.3,263.68,271.18,321.85624999999976,375.7978625894491,267.9146374105504,8.787146770547142,10.723856610012026,0,0,,,,365.08515555555556,368.7360071111111,361.434304,,-10.332228385315357,-15.744994854069105,-18.06768072439313,0,30.350690249871477,39.994064568768366,,,,,-4.693675626439433,-21.868477531654946,-17.174801905215514,-0.9665476691755545,30.350690249871477,30.350690249871477,,30.350690249871477,,,,,,-26.888054302973455,41.39116935231911,-20.695584676159555,0
2025-09-08,265.83,276.49,264.815,271.28,316.90324999999973,370.31696867554456,263.4895313244549,10.065736312641473,9.69975465442194,1,0,,,,365.00306666666665,368.65309733333333,361.353036,,-8.465305860777894,-14.396586339837093,-17.26413737259961,0,30.40077893019503,38.400658528615224,,,,,-4.457494582221411,-22.74667013299228,-18.289175550770867,-0.9666714059371321,30.40077893019503,,,,,,,,,-27.748955378886592,41.43683812666967,-20.718419063334835,0
2025-09-09,272.16,287.5,256.63,273.49,313.5482499999997,368.98046872476607,258.11603127523335,12.636450214279982,10.496444432489541,0,0,,,,364.93742222222227,368.5867964444445,361.28804800000006,,-6.20203825107547,-12.775784907107512,-16.018098991719743,0,31.571985947376433,37.42137417254644,,,,,-3.768015688194893,-22.999195161014484,-19.23117947281959,-0.9643519407649915,31.571985947376433,,,,,,,,,-27.553279015882396,41.48146296489805,-20.740731482449025,0
2025-09-10,274.1,286.83,272,285.91,311.69724999999977,368.2144791850031,255.18002081499648,23.93439691644654,15.545527814456008,0,0,,,,364.91662222222226,368.5657884444445,361.26745600000004,,-0.919211609269921,-8.273172124553474,-11.772556639430643,0,37.896925683290384,36.92420397146126,,,,,-2.170395689158873,-21.944174084268184,-19.77377839510931,-0.9200526760315665,37.896925683290384,,,,,,,,,-26.118584511477007,41.52049092091708,-20.76024546045854,0
2025-09-11,296.22,315.48,291,309.34,310.76774999999975,366.7958876162929,254.73961238370663,36.74225631327066,24.437701147999064,0,0,,,,365.01813333333337,368.66831466666673,361.367952,,7.520415983816853,-0.45942669405039105,-4.227174850267923,0,47.71516424356358,36.98533323750188,,,,,0.6202589300229029,-18.998454732580683,-19.618713662603586,-0.7252683289818416,47.71516424356358,,,,,47.71516424356358,,47.71516424356358,,-22.537151918567844,41.54701230879187,-20.773506154395935,0
2025-09-12,314.25,319.68,300.5,307.91,309.6692499999998,365.01275117900104,254.32574882099857,42.32320403141051,34.33328575370924,0,0,,,,365.10817777777777,368.75925955555556,361.457096,,7.579402305597527,-0.568106132591395,-4.288238777391129,0,47.22444199608131,37.26042735617009,,,,,2.424472991640883,-16.588122423052482,-19.012595414693365,-0.49894142259145685,47.22444199608131,,,,,,,,,-19.338419255455648,41.563583530180594,-20.781791765090297,0
2025-09-15,308,309.99,284.68,285.11,307.5782499999998,363.31386386357957,251.84263613642003,41.51660105419214,40.19402046629111,0,0,,,,365.1036888888889,368.75472577777776,361.452652,,0.059134945243299875,-7.304889081071176,-10.877920161795762,0,40.13674744263179,37.20798170443966,,,,,2.146515999722862,-16.329450415039787,-18.47596641476265,-0.41124659558208015,40.13674744263179,,,,,,,,,-19.268811628437636,41.57982542436419,-20.789912712182094,0
2025-09-16,289.5,296.7999,271,280.74,303.1557499999998,352.2788750303769,254.03262496962265,41.2696068139464,41.703137299849686,0,0,,,,365.0711555555556,368.7218671111112,361.42044400000003,,-1.1539781879636224,-7.394136512337235,-11.58412562272556,0,38.93070740154995,37.1606918482521,,,,,1.7493326946241794,-16.289300546482423,-18.038633241106602,-0.3392322019927589,38.93070740154995,,,,,,,,,-21.699116246972967,41.60320712373897,-20.801603561869484,0
2025-09-17,267.79,281.939,264.85,279.16,300.0807499999998,347.0818602289084,253.07963977109117,38.98863997967594,40.5916159492715,0,0,,,,365.0616444444445,368.7122608888889,361.41102800000004,,-1.5940383951041914,-6.971706782257703,-11.513690875866356,0,38.48049184342199,37.0306325731142,,,,,1.4723058503756015,-16.1982509281371,-17.6705567785127,-0.22465805173754805,38.48049184342199,,,,,,,,,-24.095710565687437,41.63417674250053,-20.817088371250264,0
2025-09-18,283.75,291.24,281.64,289.67,297.6202499999998,341.2721515021103,253.96834849788934,42.77429799338942,41.010848262337255,0,0,,,,365.10493333333335,368.7559826666667,361.453884,,1.5036144916060534,-2.6712732080561796,-7.6560146431009946,0,43.187074291246525,37.104231015831886,,,,,2.0533128256167714,-15.103915746491737,-17.157228572108508,0.11401305034654477,43.187074291246525,,,,,,,,,-23.53009221044621,41.66305970909243,-20.831529854546215,0
2025-09-19,290.3,291.476,285.46,290.9,294.88924999999983,332.64915204899694,257.1293479510027,46.772316283847516,42.845084752304295,0,0,,,,365.14715555555557,368.7986271111111,361.49568400000004,,1.2350748735868056,-1.3527960073145606,-6.268476854693617,0,43.72964896685457,37.658439116274984,,,,,2.544753594826023,-13.97628657857598,-16.521040173402003,0.3112827165458044,43.72964896685457,,,,,,,,,-22.485367701553912,41.688374903734655,-20.844187451867327,0
2025-09-22,289.45,310.9197,288.54,309.34,293.7627499999998,328.24439518624257,259.28110481375705,58.67150209336839,49.406038790201784,0,0,,,,365.22595555555563,368.87821511111116,361.5736960000001,,6.245084267251166,5.3026634588627,0.3304454716321015,0,51.24684054784514,38.87186741274614,,,,,4.046795850199615,-11.462545360652484,-15.5093412108521,0.5364010476673371,51.24684054784514,,,,,51.24684054784514,,51.24684054784514,,-19.6691984364361,41.70501745769052,-20.85250872884526,0
2025-09-23,305.46,305.485,293.5,299.5,292.6657499999998,324.8767324865677,260.4547675134319,59.832881243927474,55.0922332070478,0,0,,,,365.26711111111115,368.91978222222224,361.61444000000006,,1.954670170684869,2.335172462100621,-2.427582207612622,0,47.59309102891938,39.937623914048444,,,,,4.289537002374084,-10.147419957884495,-14.436956960258579,0.5954020235153971,47.59309102891938,,,,,,,,,-18.688360661869208,41.71877336356208,-20.85938668178104,0
2025-09-24,302.06,304.2369,293.83,301.17,291.9232499999998,322.5944485867833,261.25205141321635,63.64059404284036,60.71499246004541,0,0,,,,365.2953777777778,368.94833155555557,361.642424,,1.9933352298128204,3.1675277662879475,-1.6511216927358352,0,48.267220853646286,41.19512924474956,,,,,4.4550123155009445,-8.868191565882398,-13.323203881383343,0.5756291539225876,48.267220853646286,,,,,,,,,-17.670517122800273,41.729666400567304,-20.864833200283652,0
2025-09-25,295.58,315.205,294.4501,313.49,291.7012499999998,321.67256993673357,261.729930063266,69.65816097938877,64.37721208871888,0,0,,,,365.3554666666667,369.00902133333335,361.70191200000005,,6.016591195776977,7.469542897056569,2.533212608117097,0,53.06390248271257,42.81750154709535,,,,,5.232888653686455,-6.782093064275273,-12.014981717961728,0.5861432683374256,53.06390248271257,,,,,,,,,-17.20834422773776,41.73925019082741,-20.869625095413706,0
2025-09-26,311.84,327.71,309.79,326.39,291.8817499999998,322.63290986023964,261.13059013975993,80.01023435955584,71.102996460595,0,0,,,,365.504,369.15904,361.84896000000003,,9.693594625387082,11.822681616784948,6.793051040724252,0,57.506725088013226,44.753640558368076,,,,,6.378915960439903,-4.041336767411849,-10.420252727851752,0.6106334089413392,57.506725088013226,,,,,,,,,-14.694440007523738,41.74256544579957,-20.871282722899785,0
2025-09-29,320.08,336.22,314.68,328.78,293.42774999999983,328.0863945890475,258.7691054109522,82.40113686666704,77.35651073520388,0,0,,,,365.66,369.31660000000005,362.0034,,8.898560517233566,12.048025450898958,7.553345135406642,0,58.294386168782765,46.66238343132567,,,,,7.010354030362411,-1.6573101898987375,-8.667664220261148,0.6254422947174846,58.294386168782765,,,,,58.294386168782765,,58.294386168782765,,-12.137882711144279,41.74022314461793,-20.870111572308964,0
2025-09-30,331.2,332,312.09,321.84,295.0207499999998,331.76506714904923,258.27643285095036,78.20053237258361,80.20396786626883,0,0,,,,365.7986222222222,369.45660844444444,362.140636,,5.168222100227582,9.090631760647415,5.829489261351739,0,55.10048927401542,47.89120940209175,,,,,6.674759690559315,-0.3242146070620038,-6.998974297621319,0.6444121757358998,55.10048927401542,,,,,,,,,-11.333207867700922,41.73622501226896,-20.86811250613448,0
2025-10-01,320.57,322.05,293.03,303.72,296.0809999999998,332.5433772675335,259.61862273246606,68.2462958380188,76.28265502575648,0,0,,,,365.80182222222226,369.45984044444447,362.14380400000005,,-1.5430497925309372,2.5800372195447396,0.27717201998804786,0,47.74508958069322,47.893346926172434,,,,,5.0219459717257475,-0.7215418329641352,-5.743487804689883,0.7055294111986453,47.74508958069322,,,,,,,,,-13.308910773772881,41.73627613203253,-20.868138066016265,0
2025-10-02,304.01,313.3,299,313,298.09599999999983,333.6091009065641,262.58289909343557,68.24482358772867,71.56388393277705,0,0,,,,365.7758222222223,369.43358044444454,362.11806400000006,,0.703638522198391,4.999731630078963,3.636264304480896,0,51.32852664563517,48.186495829711994,,,,,4.3673258490814915,-0.2843304933380182,-4.65165634241951,0.8160190700301014,51.32852664563517,,,,,,,,,-14.638276548608111,41.73924557760175,-20.869622788800875,0
2025-10-03,315.55,330.33,315.34,322.63,300.6684999999998,335.45640782728697,265.8805921727127,71.214857536989,69.2353256542455,0,0,,,,365.80608888888895,369.46414977777783,362.14802800000007,,2.7529889867702773,7.3042237547332745,7.0953771696055545,0,54.79303060321623,49.23337319832517,,,,,4.38505256614961,0.8296593652675028,-3.555393200882107,0.812341750397586,54.79303060321623,,,,,,,,,-14.4729905358466,41.74177514468991,-20.870887572344955,0
2025-10-06,322.63,330,315.48,320.31,303.1199999999998,336.1439313226024,270.09606867739717,69.72599136862017,69.72855749777929,0,0,,,,365.77684444444446,369.4346128888889,362.119076,,1.6589279650125688,5.671021377672281,6.461439261872637,0,53.79947767197755,50.29542821764142,,,,,4.050648488601643,1.5079174098699468,-2.542731078731696,0.7682662050073337,53.79947767197755,,,,,,,,,-12.949466364304556,41.74090071548233,-20.870450357741166,0
2025-10-07,321.22,323.57,314,319.98,305.4444999999998,336.2703232493462,274.6186767506534,71.25164873034916,70.73083254531946,0,0,,,,365.78462222222225,369.4424684444445,362.126776,,0.8983669209255751,4.758802335612611,6.368962699281133,0,53.65045589349661,51.378997078361046,,,,,3.6308305689466844,1.9958071324516595,-1.635023436495025,0.6990899076932974,53.65045589349661,,,,,,,,,-12.36014867221305,41.73875479644226,-20.86937739822113,0
2025-10-08,321.55,350,320.6,347.27,308.5124999999998,342.9528257098397,274.0721742901599,81.34429017819247,74.10731009238728,0,0,,,,365.9310222222223,369.5903324444445,362.27171200000004,,7.934643082479553,12.562700052672149,15.042444821731715,0,62.82182258124025,52.78147909907488,,,,,4.933852934200461,4.532292731255552,-0.40156020294490924,0.7091796878184914,62.82182258124025,,,,,62.82182258124025,,62.82182258124025,,-10.190548936167179,41.73237141153281,-20.866185705766405,0
2025-10-09,348,353,332.21,337.19,309.90499999999986,346.5481802659074,273.26181973409234,78.70568712556074,77.10054201136747,0,0,,,,365.99217777777784,369.6520995555556,362.3322560000001,,4.035345915442723,8.80431099853185,11.466110421497833,0,58.23791269153587,53.81778365083783,,,,,4.852300281824286,5.6638151493354485,0.8115148675111623,0.6910536762536139,58.23791269153587,,,,,,,,,-8.705155064184856,41.72337709946281,-20.861688549731404,0
2025-10-10,340.45,347.6,323.1073,325,310.75949999999983,347.9694150630562,273.54958493694346,72.77007078634374,77.606682696699,0,0,,,,366.00297777777786,369.6630075555556,362.3429480000001,,0.3173113725879251,4.58248259506151,7.410143152933868,0,53.18392922921816,53.95614712807876,,,,,3.761483312353177,5.513369007952633,1.7518856955994564,0.6575432495815053,53.18392922921816,,,,,,,,,-8.262431633856602,41.71364496960021,-20.856822484800105,0
2025-10-13,330.16,331.6383,323.0001,330,313.00399999999985,349.15488734733634,276.85311265266336,69.76336723016726,73.74637504735726,0,0,,,,366.1037777777778,369.7648155555556,362.44274,,1.8223108110611452,5.429962556389101,8.677813643895727,0,54.912300636920605,54.47894781436457,,,,,3.1837139093421785,5.73152808227718,2.5478141729350012,0.5862705758447505,54.912300636920605,,,,,,,,,-9.829789819550058,41.70656120743186,-20.85328060371593,0
2025-10-14,323.82,336,320.63,332.6,315.59699999999987,349.48799532323875,281.706004676761,67.76719734489014,70.10021178713372,0,0,,,,366.21791111111116,369.8800902222223,362.55573200000003,,2.2849586370208064,5.38756705545369,9.023979703052243,0,55.82557454237958,55.01883022070265,,,,,2.797381687268925,6.044541282021157,3.2471595947522323,0.5065316505453984,55.82557454237958,,,,,,,,,-10.243179502776167,41.70020002087798,-20.85010001043899,0
2025-10-15,334.03,343.998,333.33,341.08,318.69299999999987,349.9116541029515,287.47434589704824,71.44867354320955,69.65974603942232,0,0,,,,366.3024000000001,369.9654240000001,362.6393760000001,,3.701361483220289,7.024628717919801,11.09277490912719,0,58.75965772426492,55.42566988081353,,,,,2.9201628194482177,6.897363119062504,3.9772002996142866,0.5330303382823882,58.75965772426492,,,,,,,,,-8.78180939215078,41.691280048471775,-20.845640024235887,0
2025-10-16,340.59,343.25,320.21,330.56,320.7374999999999,349.3309026481585,292.1440973518413,66.36528754350121,68.52705281053365,0,0,,,,366.2998222222223,369.9628204444445,362.6368240000001,,-0.03084720953706599,3.0624732062824345,6.99419757588573,0,53.97046571808801,55.17307992581887,,,,,2.136418694783898,6.647723668094159,4.511304973310261,0.5741526724887112,53.97046571808801,,,,,,,,,-8.708057796733058,41.68222654103702,-20.84111327051851,0
2025-10-17,326.01,334.29,322,324.02,322.3934999999999,347.50750029863144,297.27949970136837,60.36083692910174,66.05826600527085,0,0,,,,366.221688888889,369.8839057777779,362.5594720000001,,-2.0498728843019065,0.5045076901364576,4.282842240097495,0,51.17784669252546,54.66475567751478,,,,,1.0746922351691746,5.854670267271729,4.779978032102554,0.5706878422188217,51.17784669252546,,,,,,,,,-9.460075492155084,41.67442978624475,-20.837214893122376,0
2025-10-20,326.02,328.53,304.23,312.73,322.56299999999993,347.36614423615805,297.7598557638418,49.40574590231894,58.7106234583073,0,0,,,,366.04728888888894,369.7077617777778,362.38681600000007,,-5.2456801083493705,-3.0483967473020512,0.20367773418934476,0,46.686772255794445,54.063775890498995,,,,,-0.4111940552726363,4.265985463011759,4.677179518284396,0.353846490102305,46.686772255794445,,,,,,,,,-11.985252871755101,41.671289287189786,-20.835644643594893,0
2025-10-21,312.48,325.93,311.35,317.61,323.4684999999999,346.0614699464167,300.8755300535831,46.07148758570717,51.94602347237596,0,0,,,,365.9122222222223,369.5713444444445,362.2531000000001,,-3.6979315112519062,-1.8111500810743197,1.2900036675011606,0,48.779082869643545,54.137632553995445,,,,,-1.0521740773202097,3.3619619216341334,4.414135998954343,0.016748833922545343,48.779082869643545,,,,,,,,,-13.117583712835886,41.670416756498724,-20.835208378249362,0
2025-10-22,318.95,320.345,301.7439,307.57,323.7884999999999,345.26268289480987,302.3143171051899,37.50242516184993,44.32655288329202,0,0,,,,365.70795555555566,369.36503511111124,362.0508760000001,,-5.605887624448968,-5.008979627133114,-2.1372185295605695,0,44.87685877903117,53.676799134952304,,,,,-2.0797434135721176,1.8144567319891962,3.8942001455613138,-0.3663513516700519,44.87685877903117,44.87685877903117,,44.87685877903117,,,,,,-14.552281676095832,41.67259943356476,-20.83629971678238,0
2025-10-23,303.76,317.6,303.76,313.45,323.7864999999999,345.2645262361268,302.30847376387294,31.161361026173907,38.24509125791034,0,0,,,,365.5560000000001,369.2115600000001,361.9004400000001,,-3.095263122097669,-3.1923813994715333,-0.3097727908811132,0,47.52452509005865,53.15762016972676,,,,,-2.275035195998021,1.0504061505637878,3.3254413465618087,-0.529341894571295,47.52452509005865,,,,,,,,,-14.432787323561946,41.674459904312755,-20.837229952156378,0
2025-10-24,318,322.09,311.12,312,323.0669999999999,345.10477584058225,301.02922415941754,29.603405803322303,32.75573066378205,0,0,,,,365.3948000000001,369.0487480000001,361.7408520000001,,-3.154313668278552,-3.425605215017291,-0.8139403039798321,0,46.9259512453575,52.66665399639675,,,,,-2.401032224021792,0.3241510665345686,2.7251832905563607,-0.7056898315564657,46.9259512453575,,,,,,,,,-14.877119078711381,41.677257843365695,-20.838628921682847,0
2025-10-27,317.35,318.84,305.16,306.73,321.96449999999993,344.93520697648796,298.9937930235119,25.563049258463117,28.775938695986444,0,0,,,,365.2179555555556,368.87013511111115,361.565776,,-4.097425234886575,-4.731732846323089,-2.712183734509843,0,44.721291445816895,52.0288565358482,,,,,-2.715302707705554,-0.6689450940755819,2.046357613629972,-0.8800372141858488,44.721291445816895,,,,,,,,,-14.881329370129547,41.68000613174356,-20.84000306587178,0
2025-10-28,307.1,309.24,293.51,293.88,320.5664999999999,346.5968763130631,294.5361236869367,17.478548582878993,24.215001214888137,0,0,,,,364.91973333333334,368.5689306666667,361.270536,,-6.989109484338218,-8.32479376354046,-6.917227027831707,0,39.80997820876027,50.385153366385346,,,,,-3.6086539354897296,-2.46445980573219,1.1441941297575395,-0.8778285822916189,39.80997820876027,,,,,,,,,-16.568293730196782,41.6866311109774,-20.8433155554887,0
2025-10-29,290,290.34,272.21,272.76,319.0184999999999,351.7037665737891,286.3332334262107,11.160123692976551,18.067240511439554,0,0,,,,364.51133333333337,368.1564466666667,360.86622000000006,,-11.765562172670997,-14.50025625473128,-13.548303939601746,0,33.33099261570021,48.606087646682795,,,,,-5.337678034961905,-5.527903413944841,-0.19022537898293668,-0.8601729435565945,33.33099261570021,,,,,,,,,-19.98834532237684,41.70202645297162,-20.85101322648581,0
2025-10-30,272.59,277.49,262.3,262.82,316.5094999999999,357.3452213600996,275.6737786399002,8.826612740342611,12.488428338732717,0,0,,,,364.0215111111112,367.6617262222223,360.3812960000001,,-13.076264151317673,-16.962997951088333,-16.46182795243223,0,30.791088778542616,47.00659904306311,,,,,-6.774200270938656,-8.657975717656257,-1.8837754467176007,-0.9048638346921773,30.791088778542616,30.791088778542616,,30.791088778542616,,,,,,-23.803982801386297,41.728546663633416,-20.864273331816708,0
2025-10-31,267.055,270.865,259.7099,270.64,313.90999999999985,359.22927448668776,268.59072551331195,12.384571497600305,10.790435976973157,1,0,,,,363.58657777777785,367.2224435555556,359.95071200000007,,-8.881250021042275,-13.784205664043803,-13.791162935891277,0,34.988343359656724,45.58345923754426,,,,,-6.803241654129902,-10.387827514379978,-3.584585860250076,-0.9338705308927765,34.988343359656724,,,,,,,,,-25.560736862268353,41.76054744693152,-20.88027372346576,0
2025-11-03,278.82,279.98,260.4,264.93,311.1409999999999,361.0888055173557,261.1931944826441,11.114736441694546,10.775306893212488,0,0,,,,363.1613333333334,366.79294666666675,359.52972000000005,,-9.344748647510958,-14.85210885097108,-15.210190267398517,0,33.39573728051644,43.98132800455404,,,,,-6.796525936503881,-12.080243280879927,-5.283717344376046,-0.9477826605470233,33.39573728051644,,,,,,,,,-25.856410160269686,41.79332188138421,-20.896660940692104,0
2025-11-04,261,268.0099,257.29,262.04,308.2439999999999,362.35286152932474,254.13513847067512,9.459666454927763,10.986324798074206,0,0,,,,362.7178444444445,366.34502288888893,359.09066600000006,,-8.595586747685447,-14.989423962834604,-15.79862877683511,0,32.58723923181975,42.11186954080796,,,,,-6.572293940460029,-13.499084769951082,-6.926790829491053,-0.9454201204176356,32.58723923181975,,,,,,,,,-25.440141653009302,41.824513037162035,-20.912256518581017,0
2025-11-05,262.78,268.97,260,260.02,303.88149999999985,358.7645426543557,248.998457345644,9.886146579103528,10.153516491908613,0,0,,,,362.3430444444445,365.96647488888897,358.71961400000004,,-7.770451216094809,-14.433751314245812,-16.07782215030815,0,32.004021520816764,40.542837812431436,,,,,-6.152980612002819,-14.618016594494577,-8.465035982491758,-0.9429174637432364,32.004021520816764,,,,,,,,,-25.937920823633974,41.857142233006115,-20.928571116503058,0
2025-11-06,194.24,195.9899,182,193.74,296.7089999999999,367.4953554366213,225.92264456337847,5.33197192681185,8.225928320281048,0,0,,,,361.69513333333344,365.3120846666668,358.0781820000001,,-28.23274904058427,-34.703699584441296,-36.6537733412241,0,19.605378081382455,38.287661483064085,,,,,-9.72027437079083,-20.615378945980297,-10.895104575189466,-0.8887811246208324,19.605378081382455,19.605378081382455,,19.605378081382455,,,,,,-31.70851993494946,41.91032160812071,-20.955160804060355,0
2025-11-07,191,202.09,189.5001,201.21,290.5194999999999,371.2747112188414,209.7642887811584,9.411577629786592,8.209898711900657,1,0,,,,361.08686666666677,364.6977353333334,357.4759980000001,,-22.275829834245485,-30.741309963702925,-33.301363187850775,0,23.215850094338975,36.61116704296012,,,,,-10.870585606888243,-24.48333658379977,-13.612750976911526,-0.9153007940214503,23.215850094338975,,,,,,,,,-36.3935512588019,41.98240629002573,-20.991203145012864,0
2025-11-10,202.79,203.7721,190.1,192.8,283.65949999999987,372.7170313996502,194.60196860034955,8.587084017818071,7.776877858138838,0,0,,,,360.39388888888897,363.99782777777784,356.7899500000001,,-22.095973881139642,-32.03118527671377,-35.11425119445195,0,22.01702533140289,34.69959150451435,,,,,-11.434326044633451,-27.90565853270334,-16.47133248806989,-0.9296299039647341,22.01702533140289,,,,,,,,,-41.73204437919093,42.078521548605906,-21.039260774302953,0
2025-11-11,192,196.4,186,194.89,276.7739999999999,370.78768930107805,182.76031069892173,11.88281398591856,9.960491877841074,0,0,,,,359.6865555555556,363.2834211111112,356.0896900000001,,-17.970410589894005,-29.58514889404349,-33.463295391695645,0,23.080054197004088,33.14267689151242,,,,,-10.90471645238522,-30.102228053551414,-19.197511601166195,-0.9459484647223629,23.080054197004088,,,,,,,,,-41.03250044707662,42.17061213272548,-21.08530606636274,0
2025-11-12,194.89,195.2283,186.43,186.58,269.04899999999986,366.001619747997,172.09638025200275,10.94262581332232,10.470841272352983,0,0,,,,359.0366444444445,362.62701088888895,355.44627800000006,,-18.51227469460648,-30.652037361224128,-35.439744222633365,0,21.80718358131277,31.305723926602006,,,,,-10.356428902122449,-32.143047728819255,-21.786618826696806,-0.9490539790033813,21.80718358131277,,,,,,,,,-41.99597444130337,42.266687664345284,-21.133343832172642,0
2025-11-13,185.9,188.8,182.59,186.54,261.84799999999984,360.8289035319424,162.86709646805727,10.965542822552724,11.263660873931201,0,0,,,,358.3758444444445,361.959602888889,354.79208600000004,,-15.722037236998275,-28.76019675536948,-34.49818460177118,0,21.800951020471743,29.511081053395884,,,,,-9.273800032885156,-33.37886886780325,-24.105068834918093,-0.9425654861078939,21.800951020471743,,,,,,,,,-42.207627434515615,42.3631199418594,-21.1815599709297,0
2025-11-14,184.34,192.8,183.58,185.07,254.90049999999988,354.95073227858916,154.8502677214106,11.472543514081657,11.126904049985567,1,0,,,,357.67784444444453,361.254622888889,354.10106600000006,,-13.023658016185403,-27.395199303257513,-33.950906612166065,0,21.557114028128524,27.85649695213243,,,,,-7.9831319641984635,-34.08398379016617,-26.10085182596771,-0.9291411239444405,21.557114028128524,,,,,,,,,-42.8348444003418,42.46192604214366,-21.23096302107183,0
2025-11-17,181.68,181.93,175.5,178.27,248.17749999999987,349.83796702135305,146.5170329786467,8.500468688767945,10.312851675134109,0,0,,,,356.96913333333345,360.53882466666676,353.39944200000014,,-12.662407650551454,-28.16834725146312,-35.28420930350752,0,20.419374494095862,26.471453829656404,,,,,-6.951680884154531,-34.79045293116087,-27.83877204700634,-0.9161899906964177,20.419374494095862,,,,,,,,,-43.30821224002395,42.56235549914312,-21.28117774957156,0
2025-11-18,178.23,181.85,172.88,175.45,241.0694999999999,342.1953589036432,139.9436410963566,8.371723103833897,9.448245102227833,0,0,,,,356.2360666666668,359.79842733333345,352.6737060000001,,-10.236010989629241,-27.22015850200873,-35.17418051715325,0,19.949153959153904,25.51560821133167,,,,,-5.866933771822541,-35.17243926178452,-29.305505489961977,-0.9050746752713323,19.949153959153904,,,,,,,,,-44.04883611800557,42.665727258385736,-21.332863629192868,0
2025-11-19,175.85,177.97,168.84,174.48,234.41499999999988,334.67306132176867,134.15693867823109,9.541349887275718,8.80451389329252,1,0,,,,355.4920666666667,359.04698733333333,351.93714600000004,,-6.646763294328927,-25.567903077874675,-34.13081722383996,0,19.78042020100591,24.72913188436476,,,,,-4.674211368168855,-35.148269700173046,-30.47405833200419,-0.8886859569987348,19.78042020100591,,,,,,,,,-44.72820151633184,42.77174657137391,-21.385873285686955,0
2025-11-20,176.1,177.63,166.27,168.01,227.14299999999986,324.4711536041834,129.8148463958163,9.332608091446158,9.081893694185258,0,0,,,,354.7572666666667,358.30483933333335,351.209694,,-8.853686323441446,-26.033379853220172,-35.193661700190816,0,18.647460596674946,23.561925972723202,,,,,-3.8166803008169055,-35.24490870802532,-31.428228407208415,-0.8639677567529735,18.647460596674946,18.647460596674946,,18.647460596674946,,,,,,-45.433058456137836,42.8805484261716,-21.4402742130858,0
2025-11-21,167.755,176.34,166.32,172.78,220.18199999999987,311.9963369196748,128.36766308032497,10.977020679240937,9.950326219320937,0,0,,,,354.0798444444446,357.62064288888905,350.5390460000001,,-4.797588808013575,-21.528553651070435,-32.02330150053899,0,22.18608883407566,22.761236797977432,,,,,-2.4881843371259293,-34.53845882861583,-32.0502744914899,-0.8191485139102709,22.18608883407566,,,,,,,,,-45.36282667868013,42.988224972541126,-21.494112486270563,0
2025-11-24,175,175,167.88,172.47,213.46899999999988,298.3618189895914,128.57618101040833,12.963451986501777,11.091026919062957,0,0,,,,353.4053555555556,356.93940911111116,349.87130200000007,,-3.891805142264626,-19.206067391518168,-30.713884942278302,0,22.118752038856556,22.013487712765773,,,,,-1.252661310949577,-33.61610113017687,-32.363439819227295,-0.7728630979346292,22.118752038856556,,,,,,,,,-45.253255422288284,43.09459370205236,-21.54729685102618,0
2025-11-25,171.16,177.55,167.47,175.76,207.56299999999987,285.39920830949785,129.7267916905019,20.57690306850292,14.839125244748544,0,0,,,,352.7381555555556,356.26553711111114,349.210774,,-1.0031485684994235,-15.322094978392053,-27.877454044582805,0,24.729793048638513,21.49389996475304,,,,,0.0924185787991263,-32.247916595728384,-32.34033517452751,-0.9166991886630446,24.729793048638513,,,,,,,,,-44.12697611703124,43.19469033623673,-21.597345168118366,0
2025-11-26,178.26,191.97,177.82,188.43,203.34649999999988,275.52990814203486,131.16309185796493,33.69149936923411,22.410618141412936,0,0,,,,352.0642444444445,355.58488688888895,348.5436020000001,,6.022754127139818,-7.335508602311758,-21.029470931402138,0,33.917974023530675,22.516228246335057,,,,,2.034054323680323,-29.797767269927107,-31.83182159360743,-0.7258368772475743,33.917974023530675,,,,,,,,,-42.11216298927182,43.284558677954735,-21.642279338977367,0
2025-11-28,192.35,194.2,187.3325,191.41,199.7759999999999,266.71273950828163,132.83926049171814,40.74305112933968,31.670484522358905,0,0,,,,351.4184222222223,354.93260644444456,347.9042380000001,,7.405183684692207,-4.187690213038553,-18.19024973322755,0,35.89990903189725,23.422232456160646,,,,,3.6247867835597845,-27.3008381141577,-30.925624897717483,-0.39932234229430547,35.89990903189725,,,,,35.89990903189725,,35.89990903189725,,-39.72045763209042,43.363050075309985,-21.681525037654993,0
2025-12-01,189.53,192.1199,185.01,185.45,195.5164999999999,254.20771987997472,136.82528012002507,44.358305370669015,39.59761862308094,0,0,,,,350.81886666666674,354.3270553333334,347.31067800000005,,4.038687019988951,-5.148670316827431,-19.141285833047515,0,33.721555622630746,24.258270334105493,,,,,4.333399501590179,-25.50887552072976,-29.84227502231994,-0.1810145799639972,33.721555622630746,,,,,,,,,-38.30540590488775,43.434935215614054,-21.717467607807027,0
2025-12-02,186.205,187.4199,182.53,182.61,191.40049999999988,240.8632356602884,141.93776433971135,45.13366734138617,43.41167461379829,0,0,,,,350.19428888888893,353.6962317777778,346.69234600000004,,2.19660296051738,-4.592725724331892,-18.84480919649206,0,32.70323970387304,24.945640727453277,,,,,4.641204422413125,-24.040769494303532,-28.681973916716657,0.08286237813303171,32.70323970387304,,,,,,,,,-38.62640587592156,43.50771913449036,-21.75385956724518,0
2025-12-03,183.35,186.36,181.2,185.34,187.5654999999999,224.94318664590568,150.18781335409412,46.2037234419115,45.23189871798889,0,0,,,,349.6017111111112,353.09772822222226,346.1056940000001,,3.153489096920259,-1.1865188427508833,-15.985331203829467,0,34.74323635164892,25.869644496762998,,,,,5.026541282077346,-22.398797314119975,-27.42533859619732,0.29227659795704414,34.74323635164892,,,,,,,,,-39.01024622324221,43.58166874988923,-21.790834374944616,0
2025-12-04,186.55,189.3,183.88,188.38,183.9834999999999,201.18728827466558,166.77971172533424,54.4640942275385,48.60049500361206,0,0,,,,349.03282222222225,352.52315044444447,345.54249400000003,,4.040560243891922,2.3896164601717507,-13.041203642440157,0,37.0322536063199,26.957594681466443,,,,,5.448600635478307,-20.61458780184944,-26.063188437327746,0.5433682124591422,37.0322536063199,,,,,,,,,-38.42402808009671,43.65266204078742,-21.82633102039371,0
2025-12-05,188.6,201.79,187.9,199.75,184.2839999999999,202.347437546588,166.22056245341182,68.78512689502615,56.484314854825385,0,0,,,,348.53162222222227,352.0169384444445,345.046306,,8.419544285109737,8.392481170367528,-6.150747661795009,0,44.82730994976228,28.619751533011712,,,,,6.39073456440952,-18.074770231815847,-24.465504796225368,0.7803513352488074,44.82730994976228,,,,,,,,,-36.202393359076254,43.71412985201165,-21.857064926005826,0
2025-12-08,198.87,210.31,197.08,207.92,184.6194999999999,204.1200574022775,165.1189425977223,73.89722884716234,65.71548332324234,0,0,,,,348.0335777777778,351.5139135555556,344.553242,,10.741829647620516,12.620822827491196,-0.6935024740652995,0,49.650582811106055,30.707694984226723,,,,,7.390670643405684,-15.227166491968262,-22.617837135373946,0.8572108438231866,49.650582811106055,,,,,,,,,-33.291549910750014,43.764067273939155,-21.882033636969577,0
2025-12-09,205.36,213.37,202.09,209.08,185.4334999999999,207.4312374063674,163.4357625936324,76.10922974395507,72.93052849538118,0,0,,,,347.44371111111116,350.91814822222227,343.96927400000004,,9.229780631409824,12.752010828679893,1.4375330516163354,0,50.314732420003544,32.876664874287414,,,,,7.910211031934729,-12.730073345455537,-20.640284377390266,0.9010692899371617,50.314732420003544,,,,,50.314732420003544,,50.314732420003544,,-30.539927245831382,43.803923390617655,-21.901961695308827,0
2025-12-10,210.18,210.5,194.91,197.44,185.56099999999992,207.8046857557257,163.31731424427414,72.02311939466654,74.00985932859466,0,0,,,,346.76064444444444,350.2282508888889,343.29303799999997,,1.9934807651579733,6.401668454039422,-2.692099811567794,0,44.03742921968771,34.60930837562182,,,,,7.266518474944526,-11.55713628370961,-18.823654758654136,0.8936840927888914,44.03742921968771,,,,,,,,,-30.383064335168523,43.8429991540947,-21.92149957704735,0
2025-12-11,197.77,204.23,197.61,200.96,186.27999999999992,209.5164343219757,163.04356567802412,72.0634875364577,73.39861222502644,0,0,,,,346.15477777777784,349.61632555555565,342.69323,,3.1442150753977716,7.880609834657548,0.22492755936143194,0,46.22243910385424,36.5789496975632,,,,,6.878391388764641,-10.225665522698336,-17.104056911462976,0.8675628074056836,46.22243910385424,,,,,,,,,-30.807045323805085,43.88327844592663,-21.941639222963314,0
2025-12-12,200.96,208.8474,192.1369,196.28,186.76699999999988,210.40953971128187,163.1244602887179,66.56292665210873,70.216511194411,0,0,,,,345.5336222222223,348.9889584444445,342.07828600000005,,0.4909866322619916,5.093512237172582,-1.0141660488877768,0,43.7752247745201,38.121030836166376,,,,,6.131811963134556,-9.439291957544782,-15.571103920679338,0.7999732567039767,43.7752247745201,,,,,,,,,-31.94291637236347,43.92725143431645,-21.963625717158227,0
2025-12-15,197.75,197.75,185.58,185.97,186.81199999999993,210.44487252958282,163.17912747041703,58.45509032180375,65.69383483679006,0,0,,,,344.86686666666674,348.3155353333334,341.4181980000001,,-4.812845173078961,-0.450720510459679,-4.859431861202001,0,38.890299433516375,39.31899850721351,,,,,4.826429395572964,-9.538067176213133,-14.364496571786097,0.5670896781851982,38.890299433516375,,,,,,,,,-32.97611362300044,43.97463305713685,-21.987316528568424,0
2025-12-16,185.55,189.18,183.57,186.77,187.2369999999999,210.54359486067244,163.93040513932738,56.15424366799999,60.390753547304165,0,0,,,,344.23651111111116,347.67887622222224,340.79414600000007,,-4.606489639356437,-0.24941651489818195,-3.1594047598472175,0,39.45487841581135,40.37079031915442,,,,,3.9372439918339914,-9.442941581993608,-13.3801855738276,0.2920631251282315,39.45487841581135,,,,,,,,,-34.338623171427365,44.026711257070225,-22.013355628535113,0
2025-12-17,186.61,193.64,183.72,183.95,187.6619999999999,210.39631468066648,164.9276853193333,51.165270076965825,55.25820135558987,0,0,,,,343.6015333333334,347.03754866666674,340.1655180000001,,-5.980066445182519,-1.978024320320526,-3.3166836317256587,0,38.11801026113257,40.670792907554564,,,,,3.115541756973389,-9.485758377610864,-12.601300134584253,0.0838394788254177,38.11801026113257,,,,,,,,,-35.50880201093819,44.08287576589558,-22.04143788294779,0
2025-12-18,186.385,187.96,179.08,182.89,188.08249999999992,210.12661837655315,166.0383816234467,40.686031084104535,49.33518160969013,0,0,,,,342.8556222222223,346.2841784444445,339.4270660000001,,-6.258809539674126,-2.7607565828824843,-2.5570623796770664,0,37.602255547671895,40.792389087252744,,,,,2.484429792395124,-9.495762894090348,-11.980192686485472,-0.07134879921094064,37.602255547671895,37.602255547671895,,37.602255547671895,,,,,,-35.58424904504562,44.13898123970944,-22.06949061985472,0
2025-12-19,186.5159,188.2999,182.147,185.96,188.97999999999993,209.05588304407652,168.90411695592334,40.69437204070494,44.18189106725845,0,0,,,,342.0888666666667,345.5097553333334,338.66797800000006,,-4.006772591651742,-1.5980527039898051,-0.7842928026463247,0,40.128918317869136,41.25005785119834,,,,,2.26376448245059,-9.150487083422234,-11.414251565872824,-0.25573583162016517,40.128918317869136,,,,,,,,,-35.328807741891815,44.19377286220564,-22.09688643110282,0
2025-12-22,185.68,191.815,183.36,185.37,189.6094999999999,208.35981783729315,170.85918216270667,40.19138391623668,40.52392901368207,0,0,,,,341.29815555555564,344.7111371111112,337.88517400000006,,-3.1843607514608574,-2.2359111753366356,-0.8196809022910312,0,39.79540769773448,41.756641279331305,,,,,2.0731945973961903,-8.822758319127587,-10.895952916523777,-0.5011437409383167,39.79540769773448,,,,,,,,,-34.76416279933136,44.24611605379737,-22.123058026898686,0
2025-12-23,184.24,184.515,177.62,179.26,189.9489999999999,207.66292999871982,172.23507000127998,33.25773045209305,38.047828803011576,0,0,,,,340.4771333333334,343.88190466666674,337.0723620000001,,-4.894288670185743,-5.6272999594627615,-3.856605500650745,0,36.41971688399464,41.87638988878457,,,,,1.5544791957688808,-8.952853921812675,-10.507333117581556,-0.7443869333894393,36.41971688399464,36.41971688399464,,36.41971688399464,,,,,,-34.827826902503965,44.298374504234005,-22.149187252117002,0
2025-12-24,179.65,181.673,177.22,180.69,190.1954999999999,207.2372293429838,173.153770657016,32.09503486641447,35.18138307824808,0,0,,,,339.6604666666667,343.0570713333334,336.263862,,-3.2760558856589905,-4.997752312751825,-2.8429987883828223,0,37.750613406733144,41.9277013030998,,,,,1.3349226727378358,-8.838679776659262,-10.173602449397098,-0.8995006387175993,37.750613406733144,,,,,,,,,-35.141424845665945,44.35147672854938,-22.17573836427469,0
2025-12-26,180.5,182.1699,179.12,181.66,189.85699999999989,207.29000788734268,172.4239921126571,29.766271755560602,31.70634569135606,0,0,,,,338.7515777777778,342.1390935555556,335.36406200000005,,-1.7416702726090305,-4.317459983039806,-2.2352181400689175,0,38.68814661045008,41.489189636006074,,,,,1.2819839707231981,-8.5711224859931,-9.853106456716299,-0.9026826172908641,38.68814661045008,,,,,,,,,-35.29834025525013,44.404837805869604,-22.202418902934802,0
2025-12-29,180.82,182.255,178.5,180.17,189.2949999999999,207.20956446582227,171.38043553417754,27.040855091898635,29.63405390462459,0,0,,,,337.81011111111115,341.18821222222226,334.43201000000005,,-1.6909570085500425,-4.820518238727867,-2.9261695788277198,0,37.7476848968832,40.63898264213301,,,,,1.1763398714553048,-8.382681617397168,-9.559021488852473,-0.8734165620496193,37.7476848968832,,,,,,,,,-34.93109975825001,44.456514623918586,-22.228257311959293,0
2025-12-30,180,181.5,176.88,177.14,188.8794999999999,207.50295453991117,170.25604546008861,23.027379593031963,26.611502146830418,0,0,,,,336.8669111111112,340.2355802222223,333.4982420000001,,-2.876317261193051,-6.215338350641497,-4.422582327655977,0,35.83972639712577,39.60505364049889,,,,,0.9422387697191716,-8.381223026703509,-9.32346179642268,-0.8787695679517188,35.83972639712577,,,,,,,,,-35.10245243616354,44.508506542470464,-22.254253271235232,0
2025-12-31,176.79,178.25,174.81,175.5,188.52399999999992,207.8700180915898,169.17798190841003,21.717199875387756,23.928478186772807,0,0,,,,335.896688888889,339.2556557777779,332.5377220000001,,-3.1772215448609753,-6.908404235004517,-5.260259872996576,0,34.814030057035524,38.946239414595155,,,,,0.7264542740034052,-8.415393953918425,-9.14184822792183,-0.87031985233171,34.814030057035524,34.814030057035524,,34.814030057035524,,,,,,-35.61617085211648,44.56208085065164,-22.28104042532582,0
2026-01-02,176.73,179.45,174.009,176.48,188.0809999999999,208.0926824879891,168.0693175120107,23.369732161777304,22.704770543399025,0,0,,,,334.8968222222223,338.24579044444454,331.54785400000003,,-2.2336465165748387,-6.16808715393895,-4.748882763980744,0,35.992855455503786,38.215554868284414,,,,,0.6990085948872355,-8.268087484312787,-8.967096079200022,-0.8785312991351627,35.992855455503786,,,,,,,,,-35.850193229018174,44.61619888872293,-22.308099444361464,0
2026-01-05,185.765,192.92,183,185.15,187.9194999999999,207.97101812208098,167.86798187791885,35.42284272683622,26.83659158800045,0,0,,,,334.01455555555566,337.35470111111124,330.6744100000001,,2.441102590490374,-1.473769353366683,-0.26090719568757637,0,45.400145657745206,38.33162064565763,,,,,1.2802134379127459,-7.366829281809089,-8.647042719721835,-0.6722298605450329,45.400145657745206,,,,,45.400145657745206,,45.400145657745206,,-34.63112794209544,44.665522697625526,-22.332761348812763,0
2026-01-06,189,191.81,178.55,178.94,186.8789999999999,206.52249653193456,167.23550346806525,35.67033475416951,31.487636547594366,0,0,,,,333.0404666666667,336.37087133333335,329.71006200000005,,-0.608767135461552,-4.248203382937577,-3.7950092832206628,0,40.777277561423766,38.466404797651016,,,,,1.2599162154373253,-7.072147450425177,-8.332063665862503,-0.6383498197926475,40.777277561423766,,,,,,,,,-33.926922962473434,44.71203753231796,-22.35601876615898,0
2026-01-07,178.96,181.04,171.8,176.3,185.29799999999992,202.89649493564968,167.69950506435015,34.258832700861205,35.117336727289,0,0,,,,331.911488888889,335.2306037777779,328.59237400000006,,-1.5793087663078298,-4.85596174810301,-5.274130112402986,0,38.96100342276445,38.43112801243338,,,,,1.0886306211983516,-6.971275389364564,-8.059906010562916,-0.6226189981148229,38.96100342276445,,,,,,,,,-33.62664579016697,44.75721753423058,-22.37860876711529,0
2026-01-08,172,174.51,169.63,173.87,183.5374999999999,198.03966242496688,169.03533757503294,31.127414939436512,33.685527464822435,0,0,,,,330.76117777777785,334.0687895555556,327.4535660000001,,-2.6429251357856454,-5.267315943608208,-6.603185744366902,0,37.31353682425983,38.37366562408533,,,,,0.8426080145635098,-7.0066459923585285,-7.849254006922038,-0.6690512621810631,37.31353682425983,,,,,,,,,-34.699311550914665,44.805913607917915,-22.402956803958958,0
2026-01-09,175.91,179.01,171.9,176.66,182.49849999999992,195.7950683918849,169.20193160811493,37.045360861776146,34.14386950069131,0,0,,,,329.5846000000001,332.88044600000006,326.2887540000001,,-0.8569648739804814,-3.1992043770222356,-5.119786314534391,0,40.42819136078073,38.57551818216454,,,,,0.8938463390493441,-6.731946083110358,-7.625792422159702,-0.6671681805203483,40.42819136078073,,,,,,,,,-34.723550537736855,44.85440203984697,-22.427201019923483,0
2026-01-12,170.05,170.096,161.3,161.74,180.5374999999999,193.93280944025094,167.14219055974888,23.70352290265204,30.625432901288253,0,0,,,,328.3811333333334,331.66494466666677,325.0973220000001,,-8.20397854649656,-10.41196427335036,-12.715930125254282,0,31.433630521530745,37.954426196711786,,,,,-0.0035320242005720814,-7.630207452410417,-7.626675428209845,-0.6662989543022297,31.433630521530745,,,,,,,,,-36.19659140257004,44.90793965523406,-22.45396982761703,0
2026-01-13,162.002,167.67,160.12,165.8,179.01349999999994,191.820432927131,166.20656707286886,24.250833638503444,28.33323913431056,0,0,,,,327.24344444444455,330.515878888889,323.9710100000001,,-5.125945593334547,-7.381286886184524,-10.110816339807826,0,35.63042939686096,37.656927746649394,,,,,-0.23717558345817213,-7.92314490753256,-7.685969324074388,-0.6878845565757787,35.63042939686096,,,,,,,,,-36.83280756175001,44.96351282369539,-22.481756411847694,0
2026-01-14,165.49,167.01,156,156.27,177.52849999999995,193.30732793492703,161.74967206507287,17.778372335992344,21.91090962571596,0,0,,,,326.2253111111112,329.4875642222223,322.96305800000005,,-9.498410271556669,-11.974697020478375,-14.82840688189231,0,30.856221792074322,37.25953524008365,,,,,-0.9092965249510634,-8.822589980263217,-7.913293455312154,-0.7709159423777205,30.856221792074322,,,,,,,,,-38.958200055760095,45.02686704669342,-22.51343352334671,0
2026-01-15,157.75,163.35,153.9,154.42,175.91099999999992,194.02799964122252,157.7940003587773,14.336458698993063,18.788554891162963,0,0,,,,325.17873333333335,328.43052066666667,321.92694600000004,,-9.464538029935943,-12.216973355844685,-15.403452450735989,0,30.0154302614923,36.70702215828073,,,,,-1.328820775698457,-9.574319424935226,-8.245498649236769,-0.823546589591084,30.0154302614923,,,,,,,,,-39.53112035628831,45.09208254065375,-22.546041270326874,0
2026-01-16,154.42,154.55,147.7,150.16,174.22149999999993,195.11421956926714,153.32878043073273,12.003199056165506,14.706010030383652,0,0,,,,324.1314000000001,327.3727140000001,320.8900860000001,,-10.582322501503372,-13.810867200661193,-17.205330706331424,0,28.1155971735124,35.95184005564233,,,,,-1.7188020783024935,-10.394001247114886,-8.675199168812393,-0.8565666966963555,28.1155971735124,,,,,,,,,-41.15516507268003,45.163409410482934,-22.581704705241467,0
2026-01-20,150.04,153.28,147.7,148.58,172.50599999999994,195.76976358201753,149.24223641798235,9.994437764675126,12.111365173277912,0,0,,,,323.0737111111112,326.30444822222233,319.8429740000001,,-9.553550774924592,-13.869662504492563,-17.47282513103735,0,27.42231947283733,35.21431395392476,,,,,-1.894874132410557,-11.043791834325589,-9.148917701915032,-0.8887199639379836,27.42231947283733,,,,,,,,,-41.80170498757983,45.23694136363466,-22.61847068181733,0
2026-01-21,148.31,149.69,142.1,146.81,170.54849999999993,195.48302086967033,145.61397913032954,8.968370599995417,10.32200247361203,0,0,,,,322.05606666666677,325.2766273333334,318.8355060000001,,-8.848200371287662,-13.918914560960626,-17.64877463216522,0,26.630121140540425,34.556485007025806,,,,,-1.935448580334441,-11.568228427333082,-9.632779846998641,-0.9259763020845801,26.630121140540425,26.630121140540425,,26.630121140540425,,,,,,-42.45158054919191,45.3127041269866,-22.6563520634933,0
2026-01-22,149.245,156.955,148.24,153.7,168.96499999999992,193.95578750259892,143.9742124974009,13.998611660573776,10.987140008414789,1,0,,,,321.3522000000001,324.5657220000001,318.1386780000001,,-3.2121963967478906,-9.034415411475717,-12.900904236329225,0,34.555719726736285,34.53803426914729,,,,,-1.3318965266441545,-11.297650505303835,-9.96575397865968,-0.9345683044096514,34.555719726736285,,,,,,,,,-41.68205887696259,45.384825055335796,-22.692412527667898,0
2026-01-23,153.93,161.28,153.85,155.975,167.80074999999994,192.93375942485864,142.66774057514124,24.476247282585327,15.814409847718187,0,0,,,,320.733288888889,323.9406217777779,317.52595600000006,,-0.6601427283985939,-7.047495318107899,-10.716074541130084,0,36.976544442446645,34.60829776821463,,,,,-0.6477405134423613,-10.775429620462631,-10.12768910702027,-0.9084846209470544,36.976544442446645,,,,,36.976544442446645,,36.976544442446645,,-40.4162176962378,45.45141884141849,-22.725709420709244,0
2026-01-26,155.53,155.89,148.52,151.56,166.34424999999993,191.69594486937797,140.9925551306219,25.835730338710093,21.436863093956415,0,0,,,,320.09955555555564,323.3005511111112,316.8985600000001,,-1.9038650110190347,-8.887743339490207,-12.477129385359087,0,34.32308782999131,33.817079351946504,,,,,-0.3743919279887926,-10.595679017006262,-10.22128708901747,-0.8729905510622644,34.32308782999131,,,,,,,,,-39.53197308616487,45.514151350072254,-22.757075675036127,0
2026-01-27,151.56,152,144.2,146.08,164.56524999999993,190.3579349077414,138.77256509225847,25.45296534413921,25.254980988478223,0,0,,,,319.4477333333334,322.64221066666676,316.2532560000001,,-4.482608681437339,-11.232778487560358,-14.74104128223056,0,31.31890240101322,33.14148112620289,,,,,-0.43997136115221736,-10.77125129045774,-10.331279929305524,-0.8571595863086606,31.31890240101322,,,,,,,,,-40.25780311540203,45.579323337800744,-22.789661668900372,0
2026-01-28,146.875,148.18,142.31,142.8,162.6967499999999,189.10396497526932,136.28953502473047,24.461183224915608,25.249959635921652,0,0,,,,318.870088888889,322.05878977777786,315.6813880000001,,-5.201629098054306,-12.22934692917953,-15.779126631115847,0,29.646314088534552,32.4761461737579,,,,,-0.5731448838786601,-11.04771103415385,-10.474566150275189,-0.846550908700804,29.646314088534552,,,,,,,,,-41.72920921637675,45.64993673203023,-22.824968366015113,0