time,open,high,low,close,Basis,Upper,Lower,温度计,Plot,Shapes,Shapes,Plot,Plot,Plot,Plot,Plot,Plot,ADX,Plot,Plot,Plot,Plot,RSI,RSI-based MA,Regular Bullish,Regular Bullish Label,Regular Bearish,Regular Bearish Label,Histogram,MACD,Signal line,Trend Strength Index,RSI,Regular Bullish,Regular Bullish Label,Hidden Bullish,Hidden Bullish Label,Regular Bearish,Regular Bearish Label,Hidden Bearish,Hidden Bearish Label,Distance from MA,Upper StdDev Band,Lower StdDev Band,Zero Line
2020-11-24,9.75,9.75,9.7441,9.7441,,,,,,0,0,,,,,,,,,,,0,,,,,,,,,,,,,,,,,,,,,,,0
2020-11-27,9.8,9.82,9.8,9.82,,,,,,0,0,,,,,,,,,,,0,,,,,,,,,,,,,,,,,,,,,,,0
2020-11-30,9.82,10.8,9.72,9.95,,,,,,0,0,,,,,,,,,,,0,,,,,,,,,,,,,,,,,,,,,,,0
2020-12-01,9.8734,9.97,9.8734,9.97,,,,,,0,0,,,,,,,,,,,0,,,,,,,,,,,,,,,,,,,,,,,0
2020-12-02,10.11,10.11,9.97,10.05,,,,,,0,0,,,,,,,,,,,0,,,,,,,,,,,,,,,,,,,,,,,0
2020-12-03,10.05,10.05,10.05,10.05,,,,,,0,0,,,,,,,,,,,0,,,,,,,,,,,,,,,,,,,,,,,0
2020-12-04,10.04,10.1846,9.99,10.06,,,,,,0,0,,,,,,,,,,,0,,,,,,,,,,,,,,,,,,,,,,,0
2020-12-07,10.1,10.25,10.05,10.2,,,,,,0,0,,,,,,,,,,,0,,,,,,,,,,,,,,,,,,,,,,,0
2020-12-08,10.12,10.2,9.9,10.19,,,,,,0,0,,,,,,,,,,,0,,,,,,,,,,,,,,,,,,,,,,,0
2020-12-09,10.21,11.39,10.2,10.3,,,,,,0,0,,,,,,,,2.6570228865360868,,,0,,,,,,,,,,,,,,,,,,,,,,,0
2020-12-10,10.18,10.25,10.16,10.25,,,,,,0,0,,,,,,,,1.6461721539071883,,,0,,,,,,,,,,,,,,,,,,,,,,,0
2020-12-11,10.35,11.04,10.13,10.35,,,,,,0,0,,,,,,,,2.1012133767386754,,,0,,,,,,,,,,,,,,,,,,,,,,,0
2020-12-14,10.49,11.04,10.14,10.3,,,,,,0,0,,,,,,,,1.258356272119543,,,0,,,,,,,,,,,,,,,,,,,,,,,0
2020-12-15,10.2237,10.46,10,10.3412,,,,,,0,0,,,,,,,,1.2937452003698668,,,0,,,,,,,,,,0.9665135879986316,,,,,,,,,,,,,0
2020-12-16,10.5,10.5665,10.25,10.44,,,,,,0,0,,,,,,,,1.8723434151824758,,,0,87.98995523528774,,,,,,,,,0.9710629968354378,87.98995523528774,,,,,87.98995523528774,,87.98995523528774,,,,,0
2020-12-17,10.275,10.5,10.2,10.3,,,,,,0,0,,,,,,,,0.2616537137695385,,,0,75.55294338234776,,,,,,,,,0.9370355475088757,75.55294338234776,,,,,,,,,,,,0
2020-12-18,10.2,10.34,10.15,10.34,,,,,,0,0,,,,,,,,0.37743468671367353,,,0,76.57185720262562,,,,,,,,,0.905638707784914,76.57185720262562,,,,,,,,,,,,0
2020-12-21,10.2,10.33,10.2,10.23,,,,,,0,0,,,,,,,,-0.719323920917081,,,0,68.15886301278573,,,,,,,,,0.7737929257062989,68.15886301278573,68.15886301278573,,68.15886301278573,,,,,,,,,0
2020-12-22,10.25,10.28,10.15,10.24,,,,,,0,0,,,,,,,,-0.6704742984852241,,,0,68.49771918832958,,,,,,,,,0.6199024083814072,68.49771918832958,,,,,,,,,,,,0
2020-12-23,10.1,10.33,10.1,10.25,10.168765,10.53481683936157,9.802713160638431,,,0,0,,,,,,,,-0.5252268024829032,0.7988679057879589,,0,68.85466681794392,,,,,,,,,0.41729784469010633,68.85466681794392,,,,,,,,,,,,0
2020-12-24,10.3485,10.4999,10.2896,10.3,10.19656,10.510056656441412,9.883063343558588,,,0,0,,,,,,,,-0.08846535882790496,1.0144597785920029,,0,70.64564281707544,,,,,,,,,0.18140619101593056,70.64564281707544,,,,,,,,,,,,0
2020-12-28,10.41,10.4516,10.32,10.32,10.22156,10.487018383932432,9.956101616067569,43.99178382929349,,0,0,,,,,,,,0.134677259725291,0.9630623896939472,,0,71.35519976554153,,,,,,,,,0.06245189332245408,71.35519976554153,,,,,,,,,,,,0
2020-12-29,10.38,10.605,9.97,10.29,10.23856,10.47414436620466,10.002975633795339,42.52298391389604,,0,0,,,,,,,,-0.1467231822627979,0.5024144020252752,,0,68.6736803370545,,,,,,,,,-0.21026619034963995,68.6736803370545,,,,,,,,,,,,0
2020-12-30,10.44,10.69,10.29,10.42,10.26106,10.4746816131386,10.047438386861401,39.89123372719905,42.135333823462865,0,0,,,,,,,,1.037525453311372,1.5489627777247161,,0,73.3477573252287,,,,,,,,,0.029390579155514858,73.3477573252287,,,,,73.3477573252287,73.3477573252287,73.3477573252287,,,,,0
2020-12-31,10.68,10.68,10.11,10.11,10.26406,10.467167738897274,10.060952261102727,32.13310886078396,38.18244216729302,0,0,,,,,,,,-1.6536964980544688,-1.5009655048781934,,0,53.02880363916112,,,,,,,,,-0.3770035526221503,53.02880363916112,53.02880363916112,,53.02880363916112,,,,,,,,,0
2021-01-04,10.3,10.65,10.22,10.3,10.27656,10.454666017865872,10.098453982134128,35.303420937137574,35.775921175040196,0,0,,,,,,,,0.1945525291829009,0.22809189067158897,,0,60.289756844111544,,,,,,,0.06809180354707678,,-0.3041781687721381,60.289756844111544,,,,,,,,,,,,0
2021-01-05,10.44,10.6,10.3525,10.3525,10.291185,10.441650680804798,10.140719319195203,38.96640814131179,35.46764597974445,0,0,,,,,,,,0.6930091185410214,0.595801163811549,,0,62.036075535622615,,,,,,,0.07004125651879534,,-0.21878610567478432,62.036075535622615,,,,,,,,,,,,0
2021-01-06,10.45,10.45,10.22,10.38,10.300185,10.449284299461535,10.151085700538466,45.43432740735151,39.90138549526696,0,0,,,,,,,,0.8134029379628593,0.7748889947122306,,0,62.95505949614007,69.1398557570897,,,,,,0.07296414694941511,,-0.03962221179030382,62.95505949614007,,,,,,,,,,,,0
2021-01-07,10.42,10.42,10.3769,10.41,10.311185,10.458597079220105,10.163772920779895,48.16500022413001,44.18857859093111,0,0,,,,,,,,0.9381135917387873,0.9583282619795908,,0,63.97943823670701,67.42481882861965,,,,,,0.07681582296258505,,0.34421841760310107,63.97943823670701,,,,,,,,,,,,0
2021-01-08,10.3477,10.42,10.3,10.42,10.317185,10.471876438353888,10.162493561646112,48.41573695194161,47.33835486114105,0,0,,,,,,,,0.8688076280825685,0.9965412077034497,1.9310820672379991,0,64.33348107018901,66.62342866346546,,,,,,0.07975584464854357,,0.47779069956381154,64.33348107018901,,,,,,,,,,,,0
2021-01-11,10.45,10.45,10.3,10.4,10.324684999999999,10.480162783300868,10.16920721669913,49.583592521317414,48.72144323246301,0,0,,,,,,,,0.5778390271028222,0.7294653541488394,1.5183170605761687,0,62.999778380704136,65.65399446189964,,,,,,0.07955494033243227,,0.6238491122181458,62.999778380704136,,,,,,,,,,,,0
2021-01-12,10.48,10.67,10.27,10.31,10.322685,10.477837509164663,10.167532490835336,47.33138657179162,48.443572015016876,0,0,,,,,,,,-0.28290253161497025,-0.12288469521253287,0.47959270192645675,0,57.2482726151899,64.87466657635707,,,,,,0.07131144047983717,,0.5028184376552666,57.2482726151899,57.2482726151899,,57.2482726151899,,,,,,,,,0
2021-01-13,10.6,10.6,10.275,10.52,10.333685,10.510523969404675,10.156846030595323,55.85420878912648,50.92306262741183,0,0,,,,,,,,1.522352770875024,1.8029870273769788,2.336720886321597,0,65.22569317559348,64.6409504325902,,,,,,0.08079232873800635,,0.5720554497594451,65.22569317559348,,,,,65.22569317559348,,65.22569317559348,,,,,0
2021-01-14,10.33,10.6,10.31,10.5,10.341625,10.532781186140943,10.150468813859058,57.74293086996799,53.64284207696202,0,0,,,,,,,,1.2511752368554063,1.531432439292657,1.9669258137203327,0,64.00082381930766,64.29424736125905,,,,,0.009589577935629895,0.08570422319967008,0.07611464526404019,0.6073076123456409,64.00082381930766,,,,,,,,,,,,0
2021-01-15,10.45,10.48,10.25,10.35,10.337125,10.522969525073911,10.15128047492609,48.54903150575929,54.04872372161791,0,0,,,,,,,,-0.42571614113575684,0.12455107198567905,0.41274326644431536,0,55.57189780854093,63.217551289220864,,,,,0.0003963440217999714,0.07661007529129016,0.07621373126949019,0.5229878601043786,55.57189780854093,55.57189780854093,,55.57189780854093,,,,,,,,,0
2021-01-19,10.49,10.49,10.335,10.4,10.342125,10.529082715807709,10.15516728419229,50.92638863589823,52.40611700387516,0,0,,,,,,,,-0.04084869164043825,0.5596045300167996,0.783755209179593,0,57.577506917998306,62.23343037153921,,,,,-0.0028905167505810236,0.0726005853312639,0.07549110208184492,0.5097580181725614,57.577506917998306,,,,,,,,,,,,0
2021-01-20,10.33,10.49,10.33,10.4248,10.346365,10.536752512983462,10.15597748701654,50.20121394883308,49.89221136349687,0,0,,,,,,,,0.1279357017446081,0.7580923348441626,0.905179575948134,0,58.5763634496354,61.512193451009274,,,,,-0.0039046916462369685,0.07061023752404871,0.07451492917028568,0.47630238823529825,58.5763634496354,,,,,,,,,,,,0
2021-01-21,10.49,10.59,10.34,10.42,10.355865000000001,10.540966769575288,10.170763230424715,50.298043006924466,50.475215197218596,0,0,,,,,,,,0.04339694377981651,0.6193108929094526,0.7871781685815371,0,58.290290111911816,60.436660078629494,,,,,-0.005321329606631314,0.06786326716199653,0.07318459676862785,0.5848250970375595,58.290290111911816,,,,,,,,,,,,0
2021-01-22,10.51,10.68,10.46,10.5,10.368865000000001,10.556099358758916,10.181630641241087,57.26243931027989,52.58723208867915,0,0,,,,,,,,0.7244486055898891,1.2646996561340051,1.4595683620077349,0,61.65179288693654,61.052587882042026,,,,,-0.0014920948379249649,0.07131947822122164,0.07281157305914661,0.5251403944526304,61.65179288693654,,,,,,,,,,,,0
2021-01-25,10.59,10.72,10.43,10.46,10.379365000000002,10.5622612686875,10.196468731312503,62.52501440987072,56.695165575691696,0,0,,,,,,,,0.3022492251986808,0.7768779689316219,1.0209945320535763,0,59.087618945879306,60.96672088931115,,,,,-0.0022303023583120918,0.0700236951112565,0.07225399746956859,0.4431526484903385,59.087618945879306,,,,,,,,,,,,0
2021-01-26,10.47,10.57,10.35,10.45,10.386865000000002,10.568425307060405,10.205304692939599,59.399124994692784,59.728859571614464,0,0,,,,,,,,0.15833643233127415,0.6078349915975334,0.8594771714948823,0,58.43330390118656,60.70938005828001,,,,,-0.0038729829366449114,0.06741276879876246,0.07128575173540737,0.3745353510617643,58.43330390118656,,,,,,,,,,,,0
2021-01-27,10.3,10.38,10.2,10.3,10.385865,10.56909999965882,10.202630000341182,43.238050584117225,55.05406332956024,0,0,,,,,,,,-1.2698802202352755,-0.8267486627257292,-0.5722725349404767,0,49.56671632622496,59.753069831857495,,,,,-0.01492210329776325,0.0526331226132033,0.06755522591096655,0.013038133193489993,49.56671632622496,49.56671632622496,,49.56671632622496,,,,,,,,,0
2021-01-28,10.4,10.42,10.3,10.39,10.390865000000002,10.568742668918672,10.212987331081331,44.81277246735085,49.14998268205361,0,0,,,,,,,,-0.2829315858373094,-0.008324619750144091,0.26747644100320045,0,54.0699918721408,59.04525223438848,,,,,-0.015937534926487487,0.04763330725285719,0.06357084217934468,-0.0569867343876946,54.0699918721408,,,,,,,,,,,,0
2021-01-29,10.35,10.39,10.3,10.38,10.388865000000001,10.566286264508904,10.211443735491098,41.54785917311015,43.19956074152608,0,0,,,,,,,,-0.2640408629178359,-0.08533174701952362,0.15847167306783927,0,53.49838932354161,58.27131710962795,,,,,-0.016956255754538553,0.04237552248617149,0.059331778240710044,-0.11740923158482774,53.49838932354161,,,,,,,,,,,,0
2021-02-01,10.38,10.44,10.32,10.35,10.400865,10.52597001628662,10.27575998371338,39.37710498727149,41.91257887591083,0,0,,,,,,,,-0.5522950800770365,-0.48904586301234954,-0.10208569471521489,0,51.73154124749983,57.46644302868479,,,,,-0.019161341699433385,0.03538010111641832,0.0545414428158517,-0.25334853534285756,51.73154124749983,,,,,,,,,,,,0
2021-02-02,10.37,10.5,10.36,10.5,10.410865000000001,10.534080522966727,10.287649477033275,48.92681578310551,43.28392664782905,0,0,,,,,,,,0.7921301504778322,0.8561728540327662,1.2805396998816443,0,59.019279675487226,57.59294353299174,,,,,-0.010463572006037036,0.041461977808305406,0.05192554981434244,-0.31297648603714834,59.019279675487226,,,,,,,,,,,,0
2021-02-03,10.51,10.63,10.46,10.62,10.424240000000001,10.57434895243127,10.274131047568732,57.20790086301001,48.50394054446233,0,0,,,,,,,,1.7533774073009267,1.8779306692861875,2.3458924956946126,0,63.736380551036106,57.486564059809076,,,,,0.0027212636009493057,0.05532712931552908,0.05260586571457977,0.189658460882073,63.736380551036106,,,,,63.736380551036106,63.736380551036106,63.736380551036106,,,,,0
2021-02-04,10.59,10.75,10.45,10.51,10.430740000000002,10.58385178138846,10.277628218611543,57.93702732511605,54.69058132374386,0,0,,,,,,,,0.6126747080221984,0.7598693860646266,1.1947917900309024,0,57.23301288683314,57.00314899320375,,,,,0.0033430693359726496,0.05678470238454558,0.05344163304857293,0.4156572623238611,57.23301288683314,,,,,,,,,,,,0
2021-02-05,10.47,10.54,10.46,10.52,10.436240000000002,10.593814292319466,10.278665707680537,60.260871624986095,58.46859993770405,0,0,,,,,,,,0.6891271056661319,0.8025879052225626,1.2001322399700198,0,57.65600738011788,57.152013962602105,,,,,0.003708515376335722,0.05807727726899259,0.05436876189265687,0.40734668542959573,57.65600738011788,,,,,,,,,,,,0
2021-02-08,10.51,10.53,10.45,10.45,10.437740000000002,10.595238500310032,10.280241499689971,53.90435483621246,57.36741792877152,0,0,,,,,,,,0.028716377907511692,0.1174583770049642,0.4623189395024152,0,53.65543183580847,56.871865742445685,,,,,-0.0012197427208186923,0.0528440834916335,0.05406382621245219,0.3442664517170046,53.65543183580847,,,,,,,,,,,,0
2021-02-09,10.5,10.5,10.37,10.39,10.437240000000003,10.5952771399382,10.279202860061805,47.281486053784974,53.81557083832784,0,0,,,,,,,,-0.48845895986974197,-0.4526100769935537,-0.1432977315517392,0,50.425691080766555,56.28967485895505,,,,,-0.00856668790369762,0.04335546633283016,0.05192215423652778,0.2148694372976931,50.425691080766555,50.425691080766555,,50.425691080766555,,,,,,,,,0
2021-02-10,10.45,10.45,10.35,10.43,10.443240000000003,10.590223732432786,10.29625626756722,46.42355578265365,49.20313222421703,0,0,,,,,,,,-0.22957719533194254,-0.12678057767515627,0.20582385103564693,0,52.479356573661775,55.874608177651474,,,,,-0.010643188691054906,0.03861816837270915,0.049261357063764055,0.1492005859567395,52.479356573661775,,,,,,,,,,,,0
2021-02-11,10.45,11.21,10.4,10.52,10.443240000000003,10.590223732432786,10.29625626756722,56.919550010991586,50.20819728247673,0,0,,,,,,,,0.506353300850293,0.7350209322010803,0.9961044816860998,0,56.81427068315523,55.52907087738138,,,,,-0.006092282263439011,0.041646004234465295,0.047738286497904306,0.34175373579386426,56.81427068315523,,,,,,,,,,,,0
2021-02-12,10.5,10.56,10.41,10.46,10.441240000000002,10.586153966200317,10.296326033799687,52.31149418273276,51.88486665879267,0,0,,,,,,,,-0.14319809069210931,0.1796721462201667,0.4072284245248303,0,53.32207440249411,55.11724626713958,,,,,-0.007184775451675986,0.038757317183309326,0.04594209263498531,0.37935770672261726,53.32207440249411,,,,,,,,,,,,0
2021-02-16,10.49,10.55,10.41,10.48,10.447740000000003,10.587262677725732,10.308217322274274,51.43787008475777,53.55630475949403,0,0,,,,,,,,-0.07627765064837089,0.3087749120862293,0.48025342500557233,0,54.329789241639546,54.82413807717193,,,,,-0.006635383228123119,0.03764786359983141,0.04428324682795453,0.4268429425599401,54.329789241639546,,,,,,,,,,,,0
2021-02-17,10.6,10.8,10.5,10.76,10.465740000000002,10.658654534444446,10.272825465555558,66.28120071613232,56.676854994540946,0,0,,,,,,,,2.339737492866667,2.811650203425642,3.0133971667486215,0,65.54468127816118,55.96542128802454,,,,,0.011522026887914955,0.05868578043784822,0.04716375354993327,0.48560886884409116,65.54468127816118,,,,,,,,,,,,0
2021-02-18,10.75,10.99,10.63,10.98,10.493500000000003,10.787933354088597,10.199066645911408,74.61476321447475,64.1112780051216,0,0,,,,,,,,4.0758293838862425,4.636203363987201,4.909537022174315,0,71.47227640262057,57.208441611630235,,,,,0.03590863919398661,0.09204955254241654,0.056140913348429924,0.5904126112019077,71.47227640262057,,,,,71.47227640262057,,71.47227640262057,,,,,0
2021-02-19,10.75,10.98,10.73,10.8,10.512500000000001,10.833366015651318,10.191633984348684,71.90895968113931,70.93497453724878,0,0,,,,,,,,2.089044333112766,2.734839476813322,3.0518618036365686,0,62.06425465995699,57.8202891356599,,,,,0.03731229965965989,0.10278128792300478,0.0654689882633449,0.6318869744935917,62.06425465995699,,,,,,,,,,,,0
2021-02-22,10.75,10.79,10.6,10.7,10.522500000000003,10.85349093643146,10.191509063568546,68.04442407824959,71.52271565795455,0,0,,,,,,,,0.9719731999622283,1.6868614872891152,2.003592051727554,0,57.533276356304164,58.23469878628878,,,,,0.02925747979147754,0.10204083800269181,0.07278335821121427,0.5920593049493083,57.533276356304164,,,,,,,,,,,,0
2021-02-23,10.56,10.56,10.05,10.45,10.522000000000002,10.853397042835077,10.190602957164927,47.336645256234604,62.4300096718745,0,0,,,,,,,,-1.3871850523733298,-0.6842805550275832,-0.3891653914785298,0,48.082596669543264,57.453507143007066,,,,,0.006057181371422277,0.08035483492549211,0.07429765355406984,0.4297846723125263,48.082596669543264,,,,,,,,,,,,0
2021-02-24,10.45,10.66,10.33,10.44,10.521500000000001,10.853359910202952,10.18964008979705,41.36648562703468,52.24918498717295,0,0,,,,,,,,-1.5280135823429575,-0.7746043815045511,-0.49713309747468903,0,47.74475417622619,56.31124811623493,,,,,-0.010117377833761612,0.061650931261867825,0.07176830909562944,0.3632663756239266,47.74475417622619,,,,,,,,,,,,0
2021-02-25,10.51,10.58,10.2,10.32,10.5225,10.851794700837997,10.193205299162004,34.236582739328355,40.97990454086588,0,0,,,,,,,,-2.558776319516598,-1.92444761225945,-1.6439689581249861,0,43.77034766408105,55.349629171752646,,,,,-0.028037326158846437,0.0367216513970714,0.06475897755591783,0.14565948466933712,43.77034766408105,,,,,,,,,,,,0
2021-02-26,10.41,10.517,10.22,10.25,10.515500000000001,10.861301966448908,10.169698033551095,28.801563115931167,34.8015438274314,0,0,,,,,,,,-2.972358954941323,-2.524844277495142,-2.2272474060809233,0,41.59518775312628,54.20242776982467,,,,,-0.042857071339401975,0.011187638381665366,0.05404470972106734,-0.06283866797305689,41.59518775312628,41.59518775312628,,41.59518775312628,,,,,,,,,0
2021-03-01,13.45,15.1499,12.71,13.95,10.694,12.226193199306095,9.161806800693906,65.82942655429598,42.95585746985183,0,0,,,,,,,,27.829194538623625,30.446979614737213,31.622482189292334,0,84.74585282790103,56.42317212640271,,,,,0.185733478808221,0.2862115582313436,0.10047807942312259,0.41183284490691097,84.74585282790103,,,,,84.74585282790103,,84.74585282790103,,,,,0
2021-03-02,14.5,15.15,13.01,13.14,10.8335,12.688949002263326,8.978050997736675,64.74287132803204,53.12462033275307,0,0,,,,,,,,17.5418194829591,21.29044168551253,22.90144688238125,0,72.17428778156594,57.976643319316956,,,,,0.2666648040738952,0.4338090845154916,0.1671442804415964,0.5486617110947436,72.17428778156594,,,,,,,,,,,,0
2021-03-03,13.8,14.1,12.5,12.59,10.938,12.936455403555447,8.939544596444554,63.448095495939626,64.67346445942255,0,0,,,,,,,,10.807956345713766,15.103309562991395,16.958593499368924,0,65.1112830133072,58.87892377929162,,,,,0.26678844357838416,0.5006298349145766,0.23384139133619244,0.6172989889815699,65.1112830133072,,,,,,,,,,,,0
2021-03-04,12.5,12.63,11.06,11.33,10.973500000000001,12.973322742144878,8.973677257855124,56.924319321982054,61.705095381984584,0,0,,,,,,,,-0.5878740019303441,3.2487355902856674,4.959239130434812,0,52.44841923740927,58.56707724745263,,,,,0.17033830362644364,0.44676427086924697,0.2764259672428033,0.572105378351401,52.44841923740927,,,,,,,,,,,,0
2021-03-05,12.2,12.55,11.3,12.5,11.073000000000002,13.166505194643598,8.979494805356406,60.29018398869661,60.22086626887276,0,0,,,,,,,,8.066049969741474,12.887203106655809,15.05891016200298,0,60.19057025267274,59.057684093893954,,,,,0.1731023529958744,0.4928039084876463,0.3197015554917719,0.6051058864562441,60.19057025267274,,,,,,,,,,,,0
2021-03-08,13.03,13.2,11.91,12,11.147000000000002,13.26160729214665,9.032392707853354,57.36422662919216,58.192909979956944,0,0,,,,,,,,2.590407796870964,7.652283125504611,9.950522264980787,0,55.994786485987596,59.17661246849025,,,,,0.13093700424538068,0.4833728107984978,0.3524358065531171,0.5801444812387447,55.994786485987596,,,,,,,,,,,,0
2021-03-09,12.5,12.7,12.06,12.29,11.239,13.384189035959288,9.093810964040713,57.7068827146899,58.4537644441929,0,0,,,,,,,,3.4424711724602153,9.351365779873632,11.981776765375862,0,57.83086808509264,58.6256258118425,,,,,0.11293867893428766,0.4936091552209767,0.38067047628668904,0.5846534385749218,57.83086808509264,,,,,,,,,,,,0
2021-03-10,12.5498,12.96,11.8,12.41,11.340000000000002,13.505899351308793,9.17410064869121,60.061516552477684,58.377541965453254,0,0,,,,,,,,2.7487994701109297,9.43562610229276,12.406026388092162,0,58.60061797519501,57.70622163845496,,,,,0.09992486473215473,0.5055765572018824,0.4056516924697277,0.6001500256560879,58.60061797519501,,,,,,,,,,,,0
2021-03-11,12.81,12.81,12.12,12.41,11.439000000000002,13.610468627450075,9.267531372549929,59.382418244841475,59.050272504003026,0,0,,,,,,,,1.0010580288109194,8.4885042398811,11.694467778711171,0,58.600617975195,57.458819018114816,,,,,0.08283158253430883,0.5091911706376138,0.42635958810330493,0.5824546184053158,58.600617975195,,,,,,,,,,,,0
2021-03-12,12.3,12.45,12.04,12.22,11.524000000000001,13.677939646322525,9.370060353677477,57.6499218452979,59.03128554753903,0,0,,,,,,,,-2.114706824735657,6.039569593891003,9.38385797404151,0,56.7000638409788,57.39930383844871,,,,,0.05176328087024118,0.49106368919110643,0.43930040832086525,0.5192943164411349,56.7000638409788,,,,,,,,,,,,0
2021-03-15,12.44,12.58,12.08,12.31,11.616500000000002,13.738379120025439,9.494620879974565,56.3698392239821,57.8007264380405,0,0,,,,,,,,-0.08116883116883189,5.969956527353326,9.558561765752959,0,57.404777248056035,58.06517387977106,,,,,0.031315326338234084,0.47844456624365783,0.44712923990542375,0.4191455549888874,57.404777248056035,,,,,,,,,,,,0
2021-03-16,12.35,12.4,11.55,11.87,11.686000000000002,13.744537344815488,9.627462655184516,47.83216099096836,53.950640686749466,0,0,,,,,,,,-2.649060936602987,1.5745336299845647,5.168340224453649,0,52.87410008657163,58.43155573051001,,,,,-0.015298820583025396,0.428005714176642,0.4433045347596674,0.2219475092706871,52.87410008657163,,,,,,,,,,,,0
2021-03-17,11.7,12.18,11.5,11.99,11.7475,13.764784065271947,9.730215934728054,45.17263372591711,49.79154464695586,0,0,,,,,,,,-1.1786038077969185,2.06426899340284,5.766120732747226,0,53.94176657270453,59.158085652554554,,,,,-0.04009707851801375,0.39318318661215024,0.433280265130164,-0.054041634173163,53.94176657270453,,,,,,,,,,,,0
2021-03-18,11.85,12.0399,11.31,11.47,11.772000000000002,13.763136358966872,9.780863641033132,39.31711018123347,44.10730163270632,0,0,,,,,,,,-5.573392607228134,-2.5654094461434074,0.9268492989969124,0,48.7840165540553,59.67157342404948,,,,,-0.0906735097128355,0.3199383779891196,0.4106118877019551,-0.6254281798882061,48.7840165540553,48.7840165540553,,48.7840165540553,,,,,,,,,0
2021-03-19,11.5075,12.06,11.29,11.6,11.812000000000001,13.754983273216723,9.86901672678328,33.598104932184576,39.36261627977839,0,0,,,,,,,,-3.79032926930416,-1.7947849644429525,1.7454609244803132,0,50.069382394451914,57.19468267880312,,,,,-0.11306775565241,0.2692771931364426,0.3823449487888526,-0.5598207379932079,50.069382394451914,,,,,,,,,,,,0
2021-03-22,12.25,13.17,12.01,12.51,11.9025,13.79790365094092,10.00709634905908,42.19175854274024,38.36899121871944,0,0,,,,,,,,3.3201189296332867,5.1039697542533125,9.092494622405688,0,58.01300732755544,56.18316264637379,,,,,-0.06658852841259844,0.29910928827310457,0.365697816685703,-0.2250820939701606,58.01300732755544,,,,,58.01300732755544,,58.01300732755544,,,,,0
2021-03-23,12.7735,12.95,11.91,12.08,11.984000000000002,13.758918589682336,10.209081410317667,42.113161262411445,39.30100824577877,0,0,,,,,,,,-0.05791346074296433,0.8010680907877044,4.84594242731089,0,53.668107020822156,55.365792932624856,,,,,-0.0647411611699894,0.2847713652232162,0.3495125263932056,-0.07443974535887116,53.668107020822156,,,,,,,,,,,,0
2021-03-24,12.35,12.39,11.3,11.35,12.029500000000002,13.686503017498744,10.37249698250126,37.62530995115566,40.64340991876912,0,0,,,,,,,,-5.266672231032499,-5.648613824348503,-1.762788148062655,0,47.20447404876151,54.99122541915001,,,,,-0.10996276209750022,0.21205907377133038,0.3220218358688306,-0.5689972295393186,47.20447404876151,47.20447404876151,,47.20447404876151,,,,,,,,,0
2021-03-25,11.13,11.89,10.8,11.89,12.108,13.571018796871787,10.644981203128214,32.971628367856646,37.57003319380792,0,0,,,,,,,,-0.3269343616397191,-1.8004625041294964,2.4793863303358643,0,51.826420514628225,54.39378615214684,,,,,-0.101016628924392,0.19575104971334056,0.29676767863773257,-0.4949996328130463,51.826420514628225,,,,,,,,,,,,0
2021-03-26,12.18,12.19,11.36,11.68,12.1795,13.390358786151435,10.968641213848567,30.904437844596437,33.83379205453626,0,0,,,,,,,,-1.6421052631579114,-4.101153577733085,0.33502276436734313,0,49.99346776045181,53.96512052889428,,,,,-0.1062211910364943,0.1639911898421147,0.270212380878609,-0.6010707344280721,49.99346776045181,,,,,,,,,,,,0
2021-03-29,12.1,12.6,11.71,11.85,12.0745,12.9783025226785,11.1706974773215,37.194796512476735,33.690287574976615,0,0,,,,,,,,0.17752979964491544,-1.8592902397614908,1.3918202042096928,0,51.489196486261754,53.51214398612064,,,,,-0.09552949123137289,0.15080051683939288,0.24633000807076577,-0.5569593327594187,51.489196486261754,,,,,,,,,,,,0
2021-03-30,11.71,11.79,11.35,11.4,11.9875,12.79404510103282,11.180954898967181,32.49525462557428,33.53149632754916,0,0,,,,,,,,-3.242233916143278,-4.9009384775808185,-2.7137736815155966,0,47.44386227073989,52.715232864373846,,,,,-0.11478401952209225,0.10284998366815046,0.2176340031902427,-0.5694478317202488,47.44386227073989,,,,,,,,,,,,0
2021-03-31,11.47,11.87,11.44,11.84,11.95,12.709368158405542,11.190631841594456,35.47481851704057,35.05495655169721,0,0,,,,,,,,0.62037902608989,-0.9205020920502016,0.7316658158924794,0,51.45960981432251,52.205160852882955,,,,,-0.09473957244220771,0.09920953763748308,0.1939491100796908,-0.4368223658780285,51.45960981432251,,,,,,,,,,,,0
2021-04-01,11.95,11.9916,11.23,11.48,11.957500000000001,12.694870327583109,11.220129672416894,32.58592969882236,33.51866761381242,0,0,,,,,,,,-2.4473147518694893,-3.9933096383023226,-2.469415496148608,0,48.21361960877584,51.59898626486846,,,,,-0.10195225239019529,0.0665087945919467,0.16846104698214198,-0.42871266431053334,48.21361960877584,,,,,,,,,,,,0
2021-04-05,11.79,11.79,10.92,11.03,11.884,12.681054577805154,11.086945422194846,26.912060932698687,31.65760304952055,0,0,,,,,,,,-5.815045683545406,-7.1861326152810605,-6.35347389274089,0,44.44006933462194,50.67293569962317,,,,,-0.13138229083726327,0.004233183435562893,0.13561547427282616,-0.46367785579656046,44.44006933462194,,,,,,,,,,,,0
2021-04-06,11.09,11.09,10.89,10.99,11.8335,12.717949546328096,10.949050453671905,23.964866621401132,27.82095241764074,0,0,,,,,,,,-4.92257115667446,-7.128068618751849,-6.76959619952493,0,44.109589035004234,50.04689919593977,,,,,-0.14673027894160046,-0.04779737440417442,0.09893290453742604,-0.5734309807189908,44.109589035004234,,,,,,,,,,,,0
2021-04-07,11,11.32,10.6,10.78,11.758000000000001,12.727403940573804,10.788596059426197,18.150289748660434,23.009072434253426,0,0,,,,,,,,-5.678537054860467,-8.317741112434096,-8.63632511229765,0,42.32982939976675,49.21747511215851,,,,,-0.16296191867079854,-0.10476949380107214,0.058192424869726395,-0.6397689255193995,42.32982939976675,42.32982939976675,,42.32982939976675,,,,,,,,,0
2021-04-08,10.79,11.13,10.68,11.11,11.693000000000001,12.653106244120908,10.732893755879095,21.497352389777166,21.20416958661292,1,0,,,,,,,,-2.586584831214389,-4.985888993414878,-6.017369727047139,0,46.01597854565502,49.01975811155848,,,,,-0.14406356310516866,-0.12188702901173443,0.02217653409343423,-0.7619664852277687,46.01597854565502,,,,,,,,,,,,0
2021-04-09,11.15,11.25,10.9,11.1,11.627500000000001,12.561392392088095,10.693607607911908,24.201955686188548,21.28319927487539,0,0,,,,,,,,-1.9954087939255016,-4.536658783057423,-6.30802993641325,0,45.92019385005718,48.72338750124458,,,,,-0.12550674579327525,-0.13470689814815984,-0.009200152354884583,-0.8319407534329331,45.92019385005718,,,,,,,,,,,,0
2021-04-12,11,11.16,10.7,10.84,11.5585,12.51082924978712,10.60617075021288,21.154918027269563,22.284742034411767,0,0,,,,,,,,-3.575876178615911,-6.216204524808589,-8.654251285076253,0,43.391203408867135,47.67897293562398,,,,,-0.12380513776265296,-0.16395657455820078,-0.04015143679554782,-0.8190047520550705,43.391203408867135,,,,,,,,,,,,0
2021-04-13,10.79,10.87,10.6,10.81,11.483500000000001,12.423463297155832,10.54353670284417,21.79109847278859,22.382657395415578,0,0,,,,,,,,-2.9448734063566295,-5.864936648234432,-8.096466120667657,0,43.09627554551536,46.92384211595921,,,,,-0.11779700984437597,-0.18739769910101778,-0.06960068925664181,-0.8025246217338025,43.09627554551536,,,,,,,,,,,,0
2021-04-14,11.21,11.21,10.64,10.74,11.427000000000001,12.402419909577372,10.451580090422631,23.636267922168553,22.194094807408913,0,0,,,,,,,,-2.9985549132948153,-6.012076660540833,-8.066310953861944,0,42.37257248460186,46.57870628994782,,,,,-0.11168881802449318,-0.20921171178725828,-0.0975228937627651,-0.8919877054266382,42.37257248460186,,,,,,,,,,,,0
2021-04-15,10.86,10.86,10.5,10.53,11.354000000000001,12.367733692840527,10.340266307159474,18.608132386563618,21.34516626050693,0,0,,,,,,,,-3.7565122018097363,-7.257354236392477,-9.330960649809128,0,40.19202048692987,45.747677716540785,,,,,-0.11451802112401996,-0.24067042016779006,-0.1261523990437701,-0.8914660078154245,40.19202048692987,40.19202048692987,,40.19202048692987,,,,,,,,,0
2021-04-16,10.5535,11.11,10.2696,10.9,11.325500000000002,12.356489330691657,10.294510669308346,23.084997512521273,21.776465940417822,1,0,,,,,,,,0.1562069282366796,-3.7570085205951287,-6.029082131156949,0,45.51244235983729,45.427604473639754,,,,,-0.08552544396240741,-0.23305920399677937,-0.14753376003437196,-0.8397795857921174,45.51244235983729,,,,,,,,,,,,0
2021-04-19,11.06,11.06,10.4001,10.74,11.282500000000002,12.335607306972987,10.229392693027018,22.878587860701963,21.52390591992896,0,0,,,,,,,,-1.0503040353786908,-4.808331486815886,-6.937785223268412,0,43.701974015281245,44.871374297141145,,,,,-0.07173586226276893,-0.23720358786283313,-0.1654677256000642,-0.7949054695307943,43.701974015281245,,,,,,,,,,,,0
2021-04-20,10.49,10.79,10.27,10.55,11.184500000000002,12.120757977269053,10.24824202273095,22.46671529821078,22.810100223811347,0,0,,,,,,,,-2.405180388529171,-5.673029639232874,-8.199669344780558,0,41.58638981178543,44.452983407215825,,,,,-0.06994912562038766,-0.2529041326255488,-0.18295500700516112,-0.7996711260091394,41.58638981178543,,,,,,,,,,,,0
2021-04-21,10.5,10.79,10.37,10.55,11.108,11.98737705223641,10.228622947763592,23.494474927982402,22.946592695631722,0,0,,,,,,,,-2.1970890887179184,-5.023406553835075,-7.734017432877572,0,41.58638981178543,43.7477534070346,,,,,-0.06349441908148312,-0.262323030857015,-0.1988286117755319,-0.8007023855379565,41.58638981178543,,,,,,,,,,,,0
2021-04-22,10.65,10.69,10.45,10.56,11.068500000000002,11.971501107418995,10.16549889258101,23.69731923210043,23.219503152764545,0,0,,,,,,,,-1.6026835631755665,-4.5941184442336525,-7.145788147019139,0,41.75848854120183,43.2866726164936,,,,,-0.053669392564845264,-0.2659153524815885,-0.21224595991674322,-0.7872672528443021,41.75848854120183,,,,,,,,,,,,0
2021-04-23,10.69,10.85,10.49,10.75,11.011500000000002,11.840795484130917,10.182204515869087,29.219692041427635,25.470495400503495,0,0,,,,,,,,0.49546601850982697,-2.3747899922808124,-5.012959472196021,0,45.06989383372938,43.33166008071556,,,,,-0.030637456016165382,-0.25054277993694996,-0.21990532392078457,-0.7006030219798143,45.06989383372938,,,,,,,,,,,,0
2021-04-26,10.8,10.8,10.65,10.7,10.962500000000002,11.742342932903773,10.182657067096232,31.708886349081567,28.208632540869885,0,0,,,,,,,,0.1591313301506636,-2.3945267958951244,-5.029585798816538,0,44.35519142444043,43.34920310853243,,,,,-0.01578146664877636,-0.23963215723175502,-0.22385069058297866,-0.6317187430482957,44.35519142444043,,,,,,,,,,,,0
2021-04-27,10.75,10.82,10.61,10.68,10.904000000000002,11.576975482465752,10.231024517534252,34.24649916422362,31.72502585157761,0,0,,,,,,,,0.09372071227737866,-2.054292002934721,-4.747748015578058,0,44.05425741536558,43.47237653821806,,,,,-0.00487827902191304,-0.22994853936036996,-0.22507026033845692,-0.6660667469348986,44.05425741536558,,,,,,,,,,,,0
2021-04-28,10.7,10.71,10.5,10.52,10.860000000000003,11.512257617816578,10.207742382183428,32.46770795587256,32.80769782305925,0,0,,,,,,,,-1.2021036814425456,-3.1307550644567472,-5.79666885559067,0,41.62139200267421,43.158477499433715,,,,,-0.00594754840938963,-0.23250469585019395,-0.22655714744080432,-0.623456635969802,41.62139200267421,,,,,,,,,,,,0
2021-04-29,10.68,10.7,10.47,10.49,10.792500000000002,11.284958120046683,10.300041879953321,29.817063951979556,32.17709035735858,0,0,,,,,,,,-1.4468245020669124,-2.802872365068354,-5.642840009594597,0,41.162387745151435,42.81863420622616,,,,,-0.00615501707805477,-0.2342509187883728,-0.22809590171031802,-0.5743040898631961,41.162387745151435,,,,,,,,,,,,0
2021-04-30,10.51,10.535,10.43,10.46,10.741500000000002,11.14111356333332,10.341886436666684,27.78874015829016,30.024504022047427,0,0,,,,,,,,-1.3207547169811318,-2.620676814225209,-5.6268984391446235,0,40.679264549788,42.6249242877205,,,,,-0.005797421372632977,-0.23534267842610923,-0.22954525705347625,-0.5792140193933721,40.679264549788,,,,,,,,,,,,0
2021-05-03,10.56,10.64,10.39,10.47,10.713500000000002,11.106756913480236,10.320243086519767,26.865208356804914,28.157004155691542,0,0,,,,,,,,-0.974179513856066,-2.2728333411116908,-5.214557305812006,0,40.92815103974402,42.47005825159398,,,,,-0.0025384799737145913,-0.2327183570206195,-0.2301798770469049,-0.5675826548504788,40.92815103974402,,,,,,,,,,,,0
2021-05-04,10.51,10.51,10.2,10.35,10.681500000000002,11.083608194395513,10.27939180560449,18.548862326020906,24.40093694703866,0,0,,,,,,,,-1.9236236141381702,-3.10349669990172,-5.686167304537959,0,38.82315376631477,42.2165283431449,,,,,-0.00592238098275083,-0.23758285327534345,-0.23166047229259262,-0.6216490953185604,38.82315376631477,,,,,,,,,,,,0
2021-05-05,10.46,10.4676,10.18,10.27,10.656000000000002,11.09305377243531,10.218946227564695,16.295650554675998,20.56990707916727,0,0,,,,,,,,-2.4228028503563204,-3.6223723723723955,-5.897803976665306,0,37.4406503279711,42.02000190321928,,,,,-0.010726292380382807,-0.24506833776807113,-0.23434204538768832,-0.8120279501083919,37.4406503279711,,,,,,,,,,,,0
2021-05-06,10.25,10.27,10.08,10.14,10.607500000000002,11.047539770929761,10.167460229070242,12.723853175578043,15.856122018758313,0,0,,,,,,,,-3.2719641324048476,-4.407259014847997,-6.744328632740593,0,35.24429651152603,41.28656291405419,,,,,-0.019334845606705453,-0.25851060239607015,-0.2391757567893647,-0.809673480402146,35.24429651152603,,,,,,,,,,,,0
2021-05-07,10.1,10.125,9.95,9.99,10.552000000000003,11.009235169250777,10.094764830749229,9.140368685254298,12.71995747183611,0,0,,,,,,,,-4.006918420294026,-5.326004548900709,-7.585568917668761,0,32.8497484525258,40.51140394528594,,,,,-0.031109085290187133,-0.27806211340209863,-0.2469530281119115,-0.8201260730897189,32.8497484525258,,,,,,,,,,,,0
2021-05-10,10.05,10.06,9.86,9.9,10.505,11.023324222856765,9.986675777143237,9.02892706631113,10.297716309047821,0,0,,,,,,,,-4.134792292049982,-5.759162303664922,-7.912687585265976,0,31.46827183557683,39.78868123269961,,,,,-0.040350327088101046,-0.2973909369720378,-0.25704060988393673,-0.8896062729374047,31.46827183557683,,,,,,,,,,,,0
2021-05-11,9.83,9.97,9.77,9.9,10.459500000000002,11.020729899417338,9.898270100582666,8.929688023687575,9.032994591750997,0,0,,,,,,,,-3.4052102644160587,-5.349204072852443,-7.352528308949635,0,31.46827183557683,39.065958520113284,,,,,-0.04168393741713772,-0.30914553165535885,-0.26746159423822113,-0.9449285735301618,31.46827183557683,31.46827183557683,,31.46827183557683,,,,,,,,,0
2021-05-12,9.92,10.05,9.86,9.92,10.4185,11.010725463822782,9.826274536177218,10.500666762551074,9.486427284183256,1,0,,,,,,,,-2.6401020708607503,-4.784757882612656,-6.734777022156713,0,32.20308725500175,38.38342985681328,,,,,-0.03661992807910447,-0.3132365043371017,-0.27661657625799724,-0.9803375437322952,32.20308725500175,,,,,,,,,,,,0
2021-05-13,10,10,9.82,9.91,10.387500000000001,11.016876675767435,9.758123324232567,10.38857026408673,9.93964168344179,0,0,,,,,,,,-2.1814233540618067,-4.596871239470524,-6.2618236852061475,0,32.01822911745505,37.45116809136511,,,,,-0.02964254410460776,-0.31366975638875694,-0.2840272122841492,-0.9745357811294153,32.01822911745505,,,,,,,,,,,,0
2021-05-14,9.97,10,9.9,9.94,10.3395,10.951397867294991,9.727602132705007,17.50507258954841,12.798103205395401,0,0,,,,,,,,-1.3791050699474394,-3.8638232022825014,-5.519295355173892,0,33.25605308541262,36.658372495720265,,,,,-0.019211392066934452,-0.3080414523678172,-0.28883006030088276,-0.9564230403689711,33.25605308541262,,,,,,,,,,,,0
2021-05-17,9.85,10.02,9.8,10,10.3025,10.902429162485086,9.702570837514914,20.37442860314162,16.089357152258916,0,0,,,,,,,,-0.31897926634770757,-2.936180538704203,-4.637782510569255,0,35.77481131269674,36.06698348838678,,,,,-0.005203986781228742,-0.2953350437774187,-0.29013105699618996,-0.9132746254327961,35.77481131269674,,,,,,,,,,,,0
2021-05-18,10.02,10.08,9.9868,10.01,10.2755,10.877047171882811,9.673952828117187,24.71839712598586,20.86596610622529,0,0,,,,,,,,0.12002400480095599,-2.5838158727069183,-4.244124868467147,0,36.20690873692464,35.68023468369038,,,,,0.00713163117323623,-0.28121651802964465,-0.2883481492028809,-0.8558218188069014,36.20690873692464,,,,,36.20690873692464,,36.20690873692464,,,,,0
2021-05-19,9.9,10,9.9,9.99,10.247499999999999,10.847462498828252,9.647537501171746,26.370545297833353,23.82112367565361,0,0,,,,,,,,0.20060180541623396,-2.512808001951683,-4.194105236238022,0,35.6897375490107,35.28933109825176,,,,,0.015841967395015366,-0.26854568995911166,-0.284387657354127,-0.7869438756149241,35.6897375490107,,,,,,,,,,,,0
2021-05-20,10.03,10.03,9.91,9.96,10.2175,10.811936708153302,9.623063291846696,29.26117969109439,26.78337403830453,0,0,,,,,,,,0.0803858520900258,-2.5201859554685457,-4.129367600346445,0,34.884812921406265,34.87544169622449,,,,,0.02114915335585843,-0.257951215659304,-0.27910036901516244,-0.708601158720723,34.884812921406265,,,,,,,,,,,,0
2021-05-21,9.95,10.03,9.95,10,10.18,10.728160560420125,9.631839439579874,34.36442397978893,29.99871632290555,0,0,,,,,,,,0.47221943132722544,-1.7681728880157177,-3.403419518948969,0,36.92737920233917,34.589672279267,,,,,0.02846413247405294,-0.24352020342259628,-0.2719843358966492,-0.5682047290509091,36.92737920233917,,,,,36.92737920233917,,36.92737920233917,,,,,0
2021-05-24,9.98,10,9.92,9.94,10.142,10.64413942286994,9.639860577130058,35.305557231794175,32.977053634225825,0,0,,,,,,,,-0.1707341568745857,-1.99171760993887,-3.7039429069654184,0,35.146431975805925,34.327049294230655,,,,,0.030207452255675338,-0.23422502057705508,-0.2644324728327304,-0.41969885074191776,35.146431975805925,,,,,,,,,,,,0
2021-05-25,9.94,9.9898,9.89,9.9,10.103,10.5500838847466,9.6559161152534,31.9215696757719,33.863850295785,0,0,,,,,,,,-0.5724615848147097,-2.0093041670790845,-3.8087835211814247,0,33.97019709169504,34.079159777353794,,,,,0.029574680584785462,-0.2274641221017486,-0.25703880268653406,-0.23109596556707498,33.97019709169504,,,,,,,,,,,,0
2021-05-26,9.91,9.97,9.89,9.9,10.072,10.483708634837884,9.660291365162115,30.62299574737102,32.616707551645696,0,0,,,,,,,,-0.5524861878453136,-1.707704527402687,-3.5463756819952508,0,33.97019709169504,33.98815267593729,,,,,0.029971091633905406,-0.2195749381441523,-0.2495460297780577,0.03389556657667064,33.97019709169504,33.97019709169504,,33.97019709169504,,,,,,,,,0
2021-05-27,9.91,9.91,9.89,9.91,10.043,10.412383269789112,9.673616730210886,33.85445093232063,32.133005451821184,0,0,,,,,,,,-0.45203415369162725,-1.3243054864084391,-3.2541490400259665,0,34.604750801186995,34.11350998655595,,,,,0.03156166040892561,-0.2100939542669007,-0.2416556146758263,0.06909336273198591,34.604750801186995,,,,,,,,,,,,0
2021-05-28,9.92,10.08,9.91,9.98,10.018999999999998,10.335474327553115,9.702525672446882,43.682156368312924,36.053201016001516,0,0,,,,,,,,0.21086454463297155,-0.3892604052300408,-2.278216593772353,0,39.02230715152591,34.65308393769517,,,,,0.037574448289105,-0.19468755431444507,-0.23226200260355007,0.043825518569144045,39.02230715152591,,,,,,,,,,,,0
2021-06-01,10.1,10.195,10.01,10.04,9.997499999999999,10.237739463869163,9.757260536130834,54.45456226815947,43.997056522931,0,0,,,,,,,,0.7728595804475935,0.4251062765691538,-1.4655849254121445,0,42.60141650409465,35.44830855687501,,,,,0.04531998074907925,-0.175612026667201,-0.22093200741628025,0.13895892867606988,42.60141650409465,,,,,,,,,-18.040076483886693,0,0,0
2021-06-02,10.11,10.1233,9.98,10.07,9.9835,10.165519229753569,9.80148077024643,57.82911995410251,51.98861286352496,0,0,,,,,,,,1.0131407362824474,0.8664296088546131,-1.0157273918740994,0,44.359932468561766,36.316654643557875,,,,,0.051727707014444374,-0.15627237364822477,-0.20800008066266915,0.2751091901399581,44.359932468561766,,,,,,,,,-17.53876953318502,0.5013069507020165,-0.25065347535100824,0
2021-06-03,10.04,10.17,9.98,10.09,9.974499999999999,10.11109795020429,9.837902049795709,63.03985415817671,58.44117879347956,0,0,,,,,,,,1.1123359054013182,1.1579527795879674,-0.669423114786305,0,45.55743689664719,37.283740913500175,,,,,0.0562049441296448,-0.13774390050061314,-0.19394884463025794,0.3566825620304364,45.55743689664719,,,,,,,,,-17.186028226967835,0.7008355372395643,-0.35041776861978213,0
2021-06-04,10.15,10.27,10.05,10.15,9.975,10.114068328529537,9.835931671470462,71.09249280429339,63.98715563885753,0,0,,,,,,,,1.5203040608121388,1.7543859649122862,0.05586041468150782,0,49.09691722068049,38.41523120887645,,,,,0.061662087993391845,-0.11687123463851812,-0.17853332263190996,0.48856693635604515,49.09691722068049,,,,,,,,,-16.843219798915367,0.885847967857221,-0.4429239839286105,0
2021-06-07,10.25,10.2898,10.06,10.07,9.979,10.124037926074852,9.833962073925147,68.5447105856475,67.55901918270585,0,0,,,,,,,,0.6496751624187391,0.911915021545262,-0.5104561172401656,0,44.904943834481806,39.0673835318611,,,,,0.05837233261837266,-0.10556790685894413,-0.16394023947731678,0.5956402692222135,44.904943834481806,,,,,,,,,-16.797290581325445,0.9283482772709692,-0.4641741386354846,0
2021-06-08,10.21,10.6,10.13,10.47,10.0075,10.261970037528961,9.75302996247104,76.48363538414927,72.04027959136339,0,0,,,,,,,,4.096241797574041,4.621533849612791,3.5198734427526857,0,62.25712188379898,40.92811304235213,,,,,0.08027208094784757,-0.06360013829250732,-0.1438722192403549,0.6998693205852081,62.25712188379898,,,,,,,,,-15.686415203981312,1.4597739151229594,-0.7298869575614797,0
2021-06-09,10.86,10.9,10.5,10.63,10.044,10.41090053147942,9.67709946852058,80.27637099120582,75.1015723203342,0,0,,,,,,,,4.925476260981121,5.834328952608536,5.119161420048202,0,66.76600146040772,43.1478461788805,,,,,0.10131290557637354,-0.01723108726988798,-0.11854399284626152,0.7791812570708735,66.76600146040772,,,,,66.76600146040772,,66.76600146040772,,-14.29981019418713,2.3319988300221324,-1.1659994150110662,0
2021-06-10,10.66,10.7199,10.45,10.52,10.074,10.490240315202625,9.657759684797375,76.53179568781634,77.76393402105714,0,0,,,,,,,,3.2080839792013593,4.42723843557673,4.031380822098485,0,61.34051796742285,45.03753939645311,,,,,0.10325069683785168,0.010519378201053087,-0.0927313186367986,0.8435873765662166,61.34051796742285,,,,,,,,,-13.002700772360585,3.241361537063554,-1.620680768531777,0
2021-06-11,10.55,10.6,10.45,10.47,10.102,10.544836312874107,9.659163687125893,73.74734741781988,76.85183803228068,0,0,,,,,,,,2.1563079324811607,3.642843001385865,3.5437613317950367,0,58.99384908606204,46.61371581671903,,,,,0.09670722525764235,0.028152712935254343,-0.068554512322388,0.8956961088949239,58.99384908606204,,,,,,,,,-12.971857945051347,3.659320267621119,-1.8296601338105596,0
2021-06-14,10.55,10.5925,10.17,10.22,10.115999999999998,10.55515373162495,9.676846268375046,63.24430935633748,71.17448415399123,0,0,,,,,,,,-0.5159155066680077,1.028074337682905,1.1513971825410696,0,48.917113065720486,47.597335894570065,,,,,0.07220693393868215,0.021704155100964684,-0.05050277883771746,0.8355339778716292,48.917113065720486,,,,,,,,,-14.075552050892334,3.625623873081898,-1.812811936540949,0
2021-06-15,10.44,10.5225,10.12,10.35,10.1335,10.580591713186369,9.68640828681363,63.75916856354394,66.91694177923377,0,0,,,,,,,,0.44642857142853654,2.136478018453647,2.4786296577445466,0,53.37678951324109,48.983521067537644,,,,,0.061822139686937116,0.026774895770953933,-0.035047243915983184,0.7984827051238074,53.37678951324109,,,,,,,,,-14.518292502616804,3.5169842035191747,-1.7584921017595874,0
2021-06-16,10.35,10.5259,10.21,10.27,10.1465,10.593591713186433,9.699408286813567,58.7348293977617,61.91276910588105,0,0,,,,,,,,-0.5230530802015076,1.21716848174247,1.7133802119442043,0,50.4574504493656,50.16118202165698,,,,,0.04728643904564804,0.02406080489107687,-0.02322563415457117,0.7036392518338129,50.4574504493656,,,,,,,,,-15.027720070800891,3.3792263640883307,-1.6896131820441653,0
2021-06-17,10.35,10.4101,10.23,10.34,10.163999999999998,10.612615648411992,9.715384351588003,57.921809614117166,60.138602525140946,0,0,,,,,,,,-0.08696492414730361,1.7316017316017618,2.3829955772658895,0,52.88561626876385,51.466958126483895,,,,,0.04037589035553747,0.027244228789850666,-0.013131661565686802,0.61526302983274,52.88561626876385,,,,,,,,,-14.650311182670356,3.2780080612570432,-1.6390040306285216,0
2021-06-18,10.36,10.42,10.24,10.4,10.185999999999998,10.635595373641799,9.736404626358198,60.13999039146523,58.93220980111471,0,0,,,,,,,,0.25062656641601233,2.1009228352641074,2.8888009497428424,0,54.924886194972814,52.60285662958724,,,,,0.037876700106658945,0.034214213567636875,-0.003662486539022066,0.5436315835408249,54.924886194972814,,,,,,,,,-14.466464416817166,3.197814305023995,-1.5989071525119976,0
2021-06-21,10.45,10.55,10.39,10.41,10.206499999999998,10.657688430702875,9.755311569297122,60.7045150066789,59.58877167075377,0,0,,,,,,,,0.019215987701715065,1.9938274628913177,2.8452874925904537,0,55.27236678529744,53.507924506816,,,,,0.03499626369700004,0.04008284308222798,0.005086579385227944,0.4655554026429386,55.27236678529744,,,,,,,,,-14.045447466598015,3.1587013715946526,-1.5793506857973263,0
2021-06-22,10.48,10.5,10.3,10.35,10.226999999999999,10.66495433551918,9.789045664480817,58.991463311513954,59.94532290321937,0,0,,,,,,,,-0.4424778761062398,1.2026987386330346,2.101213376738742,0,52.64980102560405,54.10005797517617,,,,,0.02748086678479797,0.03943766286622541,0.011956796081427438,0.32173553528486404,52.64980102560405,,,,,,,,,-13.985727453054807,3.1216016762277445,-1.5608008381138723,0
2021-06-23,10.35,10.39,10.29,10.31,10.247499999999999,10.65994999696934,9.835050003030657,54.11842125368536,57.93813319062608,0,0,,,,,,,,-0.5210343496719783,0.6099048548426689,1.5696834362275647,0,50.91535601941238,54.48276648394511,,,,,0.018668054770595147,0.03529186454467137,0.016623809774076223,0.10177465740340816,50.91535601941238,,,,,,,,,-14.217427055099833,3.063209658829281,-1.5316048294146405,0
2021-06-24,10.32,10.34,10.26,10.29,10.267,10.647531207655778,9.886468792344221,50.503012872544204,54.537632479247854,0,0,,,,,,,,-0.4931824775167293,0.22401870069153063,1.249631014464292,0,50.02793228255378,54.5492675597932,,,,,0.010737835277203144,0.030046103870580154,0.01930826859337701,-0.15094466083442723,50.02793228255378,50.02793228255378,,50.02793228255378,,,,,,-14.53275483122514,2.989807719171462,-1.494903859585731,0
2021-06-25,10.38,10.645,10.27,10.51,10.297,10.654105026567649,9.939894973432352,58.228422719316626,54.28328561518207,0,0,,,,,,,,1.5949734171096797,2.0685636593182455,3.211234410291719,0,58.57997695717872,55.52605563998584,,,,,0.019068288504708493,0.043143629224262625,0.024075340719554132,-0.3875817234788601,58.57997695717872,,,,,,,,,-14.05939446298955,2.9472760026863623,-1.4736380013431811,0
2021-06-28,10.7,10.98,10.6201,10.95,10.3455,10.773634324715943,9.917365675284056,72.77643711627961,60.50262423604682,0,0,,,,,,,,5.1065463620656,5.843120197187179,7.177814029363838,0,69.73551662545339,56.06022669296116,,,,,0.05115034580175118,0.0880132729717431,0.03686292716999193,0.17447020354487436,69.73551662545339,,,,,69.73551662545339,,69.73551662545339,,-12.238738076262687,3.123052088296962,-1.561526044148481,0
2021-06-29,11.01,11.09,10.81,10.9,10.388499999999999,10.85618686105133,9.920813138948667,73.50285972742218,68.16923985433948,0,0,,,,,,,,4.077150768643145,4.923713721904055,6.376057254391743,0,67.51039919425513,56.113397959664546,,,,,0.065050416672558,0.11817594801068942,0.05312553133813143,0.5291245377747119,67.51039919425513,,,,,,,,,-10.504229952559792,3.5789608365653938,-1.7894804182826969,0
2021-06-30,11.08,11.45,10.85,10.89,10.429499999999999,10.921454266167117,9.93754573383288,74.41224839470036,73.56384841280072,0,0,,,,,,,,3.3697199810156064,4.415360276139801,5.975087582717076,0,67.04960203105848,56.52118967849566,,,,,0.06923014950594884,0.1396632182205675,0.07043306871461864,0.7171215513921866,67.04960203105848,,,,,,,,,-9.402387947812974,4.1347837165521515,-2.0673918582760757,0
2021-07-01,11,11.13,10.6,10.96,10.472999999999999,10.990381870575332,9.955618129424666,77.44335256870136,75.1194868969413,0,0,,,,,,,,3.425497782391207,4.65005251599353,6.321746160064734,0,68.66207372177723,57.211777152475314,,,,,0.07204587786079111,0.16049041604060754,0.08844453817981643,0.8398997269961774,68.66207372177723,,,,,,,,,-9.336470941396898,4.5516653879470415,-2.2758326939735207,0
2021-07-02,11.1,12.28,11.03,11.39,10.535,11.167155044273091,9.90284495572691,82.89487326330358,78.25015807556844,0,0,,,,,,,,6.488406881076991,8.11580446131941,9.984550019312532,0,76.32609142760052,59.169561321181035,,,,,0.09666922134583855,0.20928106486211462,0.11261184351627607,0.853309295241412,76.32609142760052,,,,,76.32609142760052,,76.32609142760052,,-7.909192521512875,5.123258892681734,-2.561629446340867,0
2021-07-06,11.69,11.87,10.89,10.92,10.577499999999999,11.19296324016966,9.962036759830337,75.19437441687397,78.5108667496263,0,0,,,,,,,,1.6097515585744349,3.2380051997163983,5.134788189987205,0,59.26524985110477,59.59016563102845,,,,,0.0760141330116359,0.20762950978082095,0.13161537676918506,0.8620059165338398,59.26524985110477,,,,,,,,,-7.757226883779591,5.579523641262345,-2.7897618206311723,0
2021-07-07,11.04,11.23,10.71,11.1,10.609,11.262541123419142,9.955458876580858,74.59867379932427,77.56264049316728,0,0,,,,,,,,2.568841249306897,4.628145913846726,6.4714157820693785,0,62.70362587802289,60.4648924473611,,,,,0.06937040455978383,0.21832838246891484,0.148957977909131,0.8678639837735734,62.70362587802289,,,,,,,,,-7.290648717194895,6.004642105114101,-3.0023210525570505,0
2021-07-08,10.78,11.1431,10.59,11.13,10.634,11.325965317049878,9.942034682950123,72.23157757601595,74.00820859740473,0,0,,,,,,,,2.072633895817999,4.664284370885841,6.34096627281131,0,63.260244848812555,61.205937345936015,,,,,0.062126241503895396,0.22661577978900027,0.16448953828510487,0.8717038332662956,63.260244848812555,,,,,,,,,-7.948068846157117,6.2514212662242015,-3.1257106331121007,0
2021-07-09,11.12,11.49,11.12,11.45,10.680499999999999,11.455573544897572,9.905426455102425,75.33906976527345,74.05644038020456,0,0,,,,,,,,3.9019963702358718,7.204718880202243,8.861000190150236,0,68.63702257980837,62.18537565913856,,,,,0.0732510129042383,0.25605330441540275,0.18280229151116445,0.8962216268937997,68.63702257980837,,,,,,,,,-6.431728701973775,6.642980389240323,-3.3214901946201616,0
2021-07-12,11.67,11.69,11.33,11.6,10.737,11.601987861186496,9.872012138813504,76.74876224176921,74.77313652768622,0,0,,,,,,,,4.232186180249742,8.037626897643669,9.699587050405123,0,70.79463960303848,63.294109431834336,,,,,0.084289940932163,0.2881647176763682,0.2038747767442052,0.9141536811056471,70.79463960303848,,,,,,,,,-5.003842421032555,7.154068874598892,-3.577034437299446,0
2021-07-13,11.5282,11.57,10.97,10.97,10.7745,11.611147476539543,9.937852523460457,64.45211103023995,72.17998101242755,0,0,,,,,,,,-1.446410924445285,1.8144693489257069,3.4190182892339216,0,53.99368327267273,63.39010102091067,,,,,0.04472649354586805,0.2597828936765403,0.21505640013067223,0.8090764176056451,53.99368327267273,,,,,,,,,-5.417211227602205,7.510403895266565,-3.7552019476332825,0
2021-07-14,11.1,11.1,10.48,10.62,10.788,11.605302881433799,9.970697118566202,52.93130220315831,64.71072515838917,0,0,,,,,,,,-4.350175628208641,-1.5572858731924488,-0.062735257214519,0,47.28050862347332,63.130469064057884,,,,,-0.0067125559887386554,0.2066657051447489,0.21337826113348757,0.5203110452566181,47.28050862347332,,,,,,,,,-7.677230237018084,7.582770498090222,-3.791385249045111,0
2021-07-15,10.6,10.79,10.3,10.4,10.7945,11.597157461187543,9.991842538812456,43.68726800814117,53.690227080513154,0,0,,,,,,,,-5.9164103491949005,-3.6546389364954246,-2.23419922915421,0,43.61012356483624,62.67205415564949,,,,,-0.054586887336453144,0.14514465196292115,0.1997315392993743,0.06433946969319622,43.61012356483624,43.61012356483624,,43.61012356483624,,,,,,-10.956242609660308,7.4791007653755175,-3.7395503826877587,0
2021-07-16,10.47,10.89,10.3,10.8,10.817499999999999,11.592635472030581,10.042364527969417,43.53957697097691,46.71938239409214,0,0,,,,,,,,-2.156187715165836,-0.16177490177951004,1.3006503251626444,0,51.05057188566018,62.13423950768389,,,,,-0.058025904701879516,0.1271991584220249,0.1852250631239044,-0.20609360949860125,51.05057188566018,,,,,,,,,-11.372194467976918,7.371876567629973,-3.6859382838149863,0
2021-07-19,10.3625,10.78,10.27,10.71,10.832999999999998,11.586209134304777,10.07979086569522,32.852649610374755,40.02649819649761,0,0,,,,,,,,-2.3701002734731413,-1.1354195513707865,0.28089887640454503,0,49.468966975836054,60.6866288184255,,,,,-0.06457185164169568,0.10451024857178481,0.1690821002134805,-0.3312541411694281,49.468966975836054,,,,,,,,,-11.092307571464083,7.273710395229648,-3.636855197614824,0
2021-07-20,10.71,10.75,10.4216,10.6,10.842499999999998,11.578730262893494,10.106269737106501,30.7121549689342,35.701460516761955,0,0,,,,,,,,-3.090144450539456,-2.236569056951787,-0.9129716760663653,0,47.530730591281745,59.259509632498826,,,,,-0.07385119345718102,0.07676810839200421,0.15061930184918523,-0.48682317154976695,47.530730591281745,,,,,,,,,-10.526052413159604,7.191853142375812,-3.595926571187906,0
2021-07-21,10.68,10.75,10.5088,10.75,10.862499999999999,11.565091631034768,10.15990836896523,34.79512861977041,32.786644399693124,0,0,,,,,,,,-1.4032834999541888,-1.0356731875719172,0.40160642570286065,0,50.38546732108145,58.06921429607189,,,,,-0.06759642139368277,0.06612377510708178,0.13372019650076455,-0.5857415699015881,50.38546732108145,,,,,,,,,-10.665410958178148,7.109050356091265,-3.5545251780456324,0
2021-07-22,11,11.05,10.76,10.96,10.895,11.550942070613015,10.239057929386984,39.32745924376619,34.94491427749027,0,0,,,,,,,,0.6797721844570503,0.5966039467645734,2.257883933569782,0,54.14681334460671,57.03240998341686,,,,,-0.04794992743695743,0.07378278720456777,0.1217327146415252,-0.5836288861503958,54.14681334460671,,,,,54.14681334460671,,54.14681334460671,,-9.958281310567768,7.048327379622456,-3.524163689811228,0
2021-07-23,10.99,11.0499,10.62,10.77,10.918999999999999,11.517227381519891,10.320772618480106,36.970373191571994,37.03098701836954,0,0,,,,,,,,-0.44370493621745943,-1.3645938272735525,0.40709779669978463,0,50.42224817071548,55.18213546506792,,,,,-0.0463574412589885,0.06378591306778958,0.11014335432677808,-0.5061635946644156,50.42224817071548,,,,,,,,,-9.464672963564075,7.0056756365126684,-3.5028378182563342,0
2021-07-26,10.82,10.844,10.52,10.56,10.921499999999998,11.51325248203971,10.329747517960286,33.00441526890544,36.434082568081216,0,0,,,,,,,,-1.4373716632444022,-3.309984892185114,-1.5782279110226671,0,46.606338888245865,54.277927539149424,,,,,-0.05733503343997737,0.038474562526806366,0.09580959596678373,-0.607299802825034,46.606338888245865,,,,,,,,,-9.970734863704765,6.9456603398676435,-3.4728301699338218,0
2021-07-27,10.53,10.57,10.35,10.46,10.896999999999998,11.521663109203795,10.272336890796202,31.635379716230283,33.87005605890258,0,0,,,,,,,,-1.903779424177099,-4.010278058181127,-2.582888364584557,0,44.86513278051818,53.00374946075624,,,,,-0.0684652225328998,0.010228067800658991,0.07869329033355879,-0.6482015834965735,44.86513278051818,,,,,,,,,-11.345586116264727,6.861069618197761,-3.4305348090988805,0
2021-07-28,10.5,10.672,10.17,10.28,10.865999999999998,11.546070584572082,10.185929415427914,24.730478348951102,29.790091111362273,0,0,,,,,,,,-3.2834697525638057,-5.392968893797157,-4.238472286911909,0,41.83538710978703,51.47340247939727,,,,,-0.08405696052408118,-0.026377910321542686,0.057679050202538495,-0.6882616565025492,41.83538710978703,,,,,,,,,-12.69237127354549,6.780695156055313,-3.3903475780276566,0
2021-07-29,10.41,10.53,10.12,10.31,10.837,11.558695226532688,10.115304773467312,23.132577758323634,26.499478607835005,0,0,,,,,,,,-2.919020715630938,-4.862969456491639,-3.9709397994348805,0,42.53194489202169,49.608754073126796,,,,,-0.08803447404278524,-0.05236404235094305,0.03567043169184218,-0.6520449280393454,42.53194489202169,,,,,,,,,-13.361456018287052,6.712843192346726,-3.356421596173363,0
2021-07-30,10.37,10.37,10.12,10.17,10.797499999999998,11.572454837393865,10.02254516260613,19.69129114886944,22.518115752048057,0,0,,,,,,,,-3.665814151747704,-5.811530446862678,-5.2249005964214,0,40.117466780380305,47.41752744293692,,,,,-0.09517226331099614,-0.083294897446903,0.011877365864093145,-0.6400273629374127,40.117466780380305,,,,,,,,,-14.123035507671537,6.664936705684092,-3.332468352842046,0
2021-08-02,10.23,10.25,10,10.02,10.728999999999997,11.524283597215621,9.933716402784373,16.50062790098667,19.774832269393247,0,0,,,,,,,,-4.462242562929131,-6.608257992357148,-6.512409031535671,0,37.65122821461021,46.250209224503884,,,,,-0.10433793728492463,-0.11854505574206264,-0.014207118457138016,-0.6594530964111135,37.65122821461021,,,,,,,,,-14.787035322429999,6.6388734841041925,-3.3194367420520963,0
2021-08-03,10.05,10.06,9.96,10,10.682999999999998,11.533296418903532,9.832703581096464,15.888357060472043,17.36009203677605,0,0,,,,,,,,-4.104334484081374,-6.39333520546661,-6.579889764269852,0,37.321779854668755,45.53887145530356,,,,,-0.10576006676970748,-0.14640720191927237,-0.04064713514956489,-0.7556564846376138,37.321779854668755,37.321779854668755,,37.321779854668755,,,,,,-15.58686340242865,6.643886967480646,-3.321943483740323,0
2021-08-04,10,10.13,10,10.11,10.633499999999998,11.496107094800553,9.770892905199442,21.354843176688348,17.91460937938235,1,0,,,,,,,,-2.450791200308844,-4.923120327267583,-5.48162921873534,0,40.41014000470599,45.31030120100854,,,,,-0.09371679732700311,-0.15779313180831878,-0.06407633448131567,-0.89631510091842,40.41014000470599,,,,,,,,,-15.702100624029292,6.6504191150503775,-3.3252095575251888,0
2021-08-05,10.12,10.3,10.1,10.22,10.587999999999997,11.436942872047487,9.739057127952508,26.89990125736302,21.381033831507803,0,0,,,,,,,,-0.6802721088436048,-3.475632791839789,-4.426433915211902,0,43.41285262380887,44.76474982516201,,,,,-0.07365140525135691,-0.1561405910455118,-0.0824891857941549,-0.8683681228193986,43.41285262380887,,,,,,,,,-15.100513294171705,6.629775436888395,-3.3148877184441976,0
2021-08-06,10.3,10.47,10.06,10.12,10.5215,11.294941012618281,9.748058987381718,27.311736664295054,25.18882703278214,0,0,,,,,,,,-1.0268948655257626,-3.8159958180867815,-5.311418145525937,0,41.37187337537788,44.18638599655786,,,,,-0.06284360608381198,-0.16104369339891988,-0.0982000873151079,-0.8627950727424774,41.37187337537788,,,,,,,,,-14.726865613783255,6.595946766137444,-3.297973383068722,0
2021-08-09,10.22,10.4199,10.15,10.36,10.459499999999998,11.055670277689265,9.863329722310732,33.275181173151616,29.162273031603224,0,0,,,,,,,,1.5188633023027087,-0.9512883025001084,-3.02046929605585,0,47.72399207984325,44.20019038859797,,,,,-0.036563610504865424,-0.1439046004461897,-0.10734098994132427,-0.7888848651662708,47.72399207984325,,,,,,,,,-13.98784957457334,6.544086262202917,-3.2720431311014586,0
2021-08-10,10.42,10.81,10.35,10.57,10.439499999999999,10.990987987176633,9.888012012823365,43.851601985341695,34.81283994092945,0,0,,,,,,,,3.465152701644425,1.2500598687676723,-0.9372071227740641,0,52.56670393204213,44.35599300366659,,,,,-0.0037947768055189846,-0.112084460948223,-0.10828968414270401,-0.5545800060176297,52.56670393204213,,,,,,,,,-12.966510824944926,6.480162354629807,-3.2400811773149036,0
2021-08-11,10.76,11.25,10.6,11.18,10.4675,11.103231861715345,9.831768138284653,65.91560638976702,47.680796516086765,0,0,,,,,,,,8.480496797981662,6.806782899450692,4.688182782945338,0,63.22397901514398,45.00436198013354,,,,,0.056859053098565676,-0.037215867769496924,-0.0940749208680626,0.0786256767564958,63.22397901514398,,,,,63.22397901514398,,63.22397901514398,,-9.962943219130965,6.452535637662838,-3.226267818831419,0
2021-08-12,11.2,11.28,10.5,10.54,10.474499999999999,11.110187816463464,9.838812183536534,60.90277904451827,56.88999580654232,0,0,,,,,,,,2.042792138638694,0.6253281779559972,-1.196762803487117,0,50.42339516635707,45.00444390839366,,,,,0.051909411356864804,-0.029188156671981602,-0.0810975680288464,0.3315324207707408,50.42339516635707,,,,,,,,,-9.424032808708859,6.441449559471002,-3.220724779735501,0
2021-08-13,10.65,10.79,10.355,10.62,10.4655,11.087447747001262,9.84355225299874,63.484631032053414,63.4343388221129,0,0,,,,,,,,2.371312897628597,1.476279203095876,-0.3409553004472543,0,51.73874496280288,45.37104434229059,,,,,0.05193065883706931,-0.01618424448250977,-0.06811490331957908,0.524744601322693,51.73874496280288,,,,,,,,,-9.256153943946067,6.434629393306339,-3.2173146966531694,0
2021-08-16,10.69,10.69,10.15,10.21,10.4405,11.061321230307001,9.819678769692999,53.177758919060366,59.18838966521068,0,0,,,,,,,,-1.7608005388242698,-2.2077486710406546,-3.8334746161815314,0,45.13014103463555,45.38997350329897,,,,,0.023677433804776923,-0.03851811106360792,-0.06219554486838484,0.5151056132816305,45.13014103463555,,,,,,,,,-11.940972648876844,6.3753591000231244,-3.1876795500115622,0
2021-08-17,10.16,10.175,9.9,10.03,10.412,11.052924332507295,9.771075667492706,39.1515589360934,51.937982962402394,0,0,,,,,,,,-3.52058484032326,-3.6688436419516135,-5.264152131477829,0,42.559933977167766,45.441726850969026,,,,,-0.006192505071386217,-0.0699361762076176,-0.06374367113623139,0.36040847251757396,42.559933977167766,,,,,,,,,-13.32238122521148,6.323557202664379,-3.1617786013321894,0
2021-08-18,10,10.33,9.9699,10.1,10.3795,11.014463778494418,9.744536221505582,36.889725441198884,43.07301443211755,0,0,,,,,,,,-2.837902837902906,-2.6928079387253723,-4.30168656433575,0,43.898037436257795,45.53930488984303,,,,,-0.019541407384225967,-0.08817043036651384,-0.06862902298228787,0.2711435368436232,43.898037436257795,,,,,,,,,-14.730672208538067,6.300490024607781,-3.1502450123038903,0
2021-08-19,10.08,10.1,9.91,10.01,10.331999999999999,10.927032772206797,9.736967227793201,32.01440857736458,36.01856431821895,0,0,,,,,,,,-3.508771929824639,-3.1165311653116423,-4.817749603803434,0,42.52632899738456,45.7113664767719,,,,,-0.03200175991816094,-0.10863122287998905,-0.07662946296182811,0.10513188041832193,42.52632899738456,42.52632899738456,42.52632899738456,42.52632899738456,,,,,,-15.245059951888232,6.292049330803267,-3.1460246654016335,0
2021-08-20,10,10.65,9.9,10.47,10.316999999999998,10.881450174949181,9.752549825050815,39.91732525095963,36.27381975650769,0,0,,,,,,,,0.5860313190507505,1.4829892410584744,-0.1335368180083174,0,50.96083709880491,46.66205282564295,,,,,-0.008079340811306263,-0.08672863897596095,-0.07864929816465469,0.0576824014829544,50.96083709880491,,,,,,,,,-13.96146281417552,6.251304524455764,-3.125652262227882,0
2021-08-23,10.9508,11.07,10.65,11.07,10.342499999999998,10.988715908191903,9.696284091808092,55.12438997596017,42.35204126809479,0,0,,,,,,,,5.629770992366345,7.034082668600461,5.76769960826784,0,59.34217046270843,48.23493786907436,,,,,0.04634592935554058,-0.020716886470228957,-0.06706281582576953,0.1716433207119873,59.34217046270843,,,,,,,,,-11.18389371999646,6.206022876146485,-3.1030114380732425,0
2021-08-24,11.3,11.9,11.11,11.57,10.398,11.236966030301591,9.559033969698408,66.94076298897662,53.9941594052988,0,0,,,,,,,,9.357277882797632,11.271398345835749,10.33408563527136,0,64.74902448032483,49.97342961733285,,,,,0.1105493349031377,0.07112385280315259,-0.03942548209998511,0.3450666180733879,64.74902448032483,,,,,64.74902448032483,,64.74902448032483,,-6.754603276548721,6.320246690034353,-3.1601233450171766,0
2021-08-25,11.5805,11.6,9.98,10.43,10.405499999999998,11.242792660901848,9.568207339098148,55.11547141099474,59.06020812531051,0,0,,,,,,,,-0.7139457401238225,0.23545240497815367,-0.47709923664116527,0,48.81091148948029,50.35900525059509,,,,,0.07260290470648184,0.0513281487831172,-0.021274755923364645,0.24625474496259006,48.81091148948029,,,,,,,,,-6.753515345314287,6.423654527330823,-3.2118272636654117,0
2021-08-26,11,11.04,9.96,9.96,10.387999999999998,11.246896967045659,9.529103032954337,44.56865279704609,55.54162906567248,0,0,,,,,,,,-4.661625346989629,-4.120138621486302,-4.8286405911580506,0,44.00193017887267,50.546866450844725,,,,,0.01521250906286711,-0.0022591195947807563,-0.017471628657647866,-0.015377519705306915,44.00193017887267,,,,,,,,,-9.706605963760174,6.402364598972408,-3.201182299486204,0
2021-08-27,10.3141,10.5,9.5,10.35,10.396999999999998,11.250325260378608,9.54367473962139,41.288256793030364,46.99079366702373,0,0,,,,,,,,-0.6717850287908611,-0.45205347696449794,-0.960096966603885,0,48.533150583965124,50.60466348685343,,,,,0.0034920304399397063,-0.013106590607723234,-0.01659862104766294,-0.09778910608507327,48.533150583965124,,,,,,,,,-11.370474945847581,6.354360899928446,-3.177180449964223,0
2021-08-30,10.5,10.51,9.8,10.03,10.397499999999997,11.24995234470924,9.545047655290755,33.84945174717788,39.90212044575144,0,0,,,,,,,,-3.5762353393578805,-3.534503486414986,-3.8135728670523394,0,45.294544823373705,50.08522355051997,,,,,-0.02430752246543497,-0.04698302412945665,-0.022675501664021682,-0.192745185934563,45.294544823373705,,,,,,,,,-10.421940273765536,6.3189189081781025,-3.1594594540890513,0
2021-08-31,10.0213,10.2,9.66,10.03,10.398999999999997,11.248750551632794,9.5492494483672,30.818573768561585,35.31876076958994,0,0,,,,,,,,-3.5762353393578805,-3.5484181171266282,-3.6379939793761085,0,45.294544823373705,48.80454967967923,,,,,-0.04025077494547291,-0.07298897034586282,-0.03273819540038991,-0.10787057596174232,45.294544823373705,,,,,,,,,-8.010263520787381,6.350964591167859,-3.1754822955839295,0
2021-09-01,10.18,10.2997,9.98,10.14,10.400499999999997,11.248308350985212,9.552691649014783,32.905722508369095,32.52458267470285,0,0,,,,,,,,-2.5562175667884546,-2.5046872746502302,-2.390502165891173,0,46.71216456371361,48.539461779490416,,,,,-0.04081527369570308,-0.08375728752001876,-0.042942013824315686,-0.12558715864044692,46.71216456371361,,,,,,,,,-7.871617988013473,6.384828314871572,-3.192414157435786,0
2021-09-02,10.2,12.27,10,11.63,10.470999999999998,11.468354500666713,9.473645499333283,54.59866273090087,39.44098633594385,0,0,,,,,,,,10.049205147615359,11.068665838983893,11.712346311475464,0,61.32996303180503,49.224548784419135,,,,,0.056450326746428706,0.027620894608720192,-0.02882943213770851,0.22620016136701598,61.32996303180503,,,,,,,,,-2.602701836523255,6.733283804085212,-3.366641902042606,0
2021-09-03,11.75,14.34,11.01,13.52,10.640999999999998,12.288348172063275,8.993651827936722,67.52591513334673,51.67676679087223,0,0,,,,,,,,24.344707072564976,27.055727845127354,28.73329736249093,0,71.870736342112,51.13459130638174,,,,,0.23533351839308364,0.26533746585364604,0.0300039474605624,0.4687408533903239,71.870736342112,,,,,,,,,7.637437873684625,8.165449463373601,-4.082724731686801,0
2021-09-07,15.02,16.46,14.07,14.5,10.847999999999999,13.194261707482818,8.50173829251718,73.7777341695022,65.3007706779166,0,0,,,,,,,,29.27960057061334,33.665191740413,36.35936177549297,0,75.58671389504315,53.493647014801404,,,,,0.3973852357490868,0.526735492146921,0.12935025639783412,0.594868495128352,75.58671389504315,,,,,,,,,19.11774997292144,10.93060345355044,-5.46530172677522,0
2021-09-08,14.745,15.7,14.5102,15.09,11.074,14.054620069717037,8.093379930282962,79.30016990274835,73.53460640186576,0,0,,,,,,,,30.446058091286222,36.265125519234246,39.877641824249224,0,77.51273881362701,55.89469711318492,,,,,0.5145976820740565,0.7725973589904047,0.25799967691634823,0.6870567581951097,77.51273881362701,,,,,,,,,27.15379824907372,14.151549585535177,-7.0757747927675885,0
2021-09-09,16.27,21.34,16.27,20.72,11.550999999999998,16.70665669919945,6.395343300800546,90.72292585634254,81.26694330953103,0,0,,,,,,,,64.48360720806541,79.37840879577527,86.06321839080458,0,87.58111370920152,59.11289602117184,,,,,0.9180294253082397,1.4055364585516479,0.48750703324340816,0.7113728899211645,87.58111370920152,,,,,87.58111370920152,,87.58111370920152,,37.64989459130606,18.071866797915693,-9.035933398957846,0
2021-09-10,20.28,20.87,17.81,18.69,11.958499999999999,17.95059571018356,5.966404289816438,85.55445938060937,85.1925183799001,0,0,,,,,,,,38.75278396436528,56.29050466195595,63.727150616130345,0,74.60962053317594,60.802094837912634,,,,,0.988773640634364,1.7234740840363632,0.7347004434019991,0.7861240354586655,74.60962053317594,,,,,,,,,40.314961790279504,21.45094067196801,-10.725470335984005,0
2021-09-13,18.38,18.41,15.03,15.4,12.1975,18.336489737733732,6.0585102622662665,77.57382916548127,84.61707146747773,0,1,,,,,,,,10.196779964221836,26.255380200860845,32.87698812160256,0,59.28446316017977,60.79797288773201,,,,,0.7646233584839043,1.6904796415068795,0.9258562830229752,0.8062618864326161,59.28446316017977,,,,,,,,,33.641684364488704,23.515945729422874,-11.757972864711437,0
2021-09-14,15.89,16.97,15.13,15.78,12.475999999999999,18.73329781934664,6.2187021806533584,75.60807865903695,79.57878906837585,0,0,,,,,,,,8.453608247422672,26.482847066367434,33.93690762484083,0,60.298808947349585,60.48010034966235,,,,,0.5998573414614583,1.6756779598497982,1.0758206183883399,0.8332502997861843,60.298808947349585,,,,,,,,,20.083600189260242,24.277924344504452,-12.138962172252226,0
2021-09-15,16.0353,16.05,14.62,15.39,12.743999999999998,19.018406426109195,6.4695935738907995,68.54659689317391,73.90950157256404,0,0,,,,,,,,2.015113350125941,20.762711864406814,28.664585887860873,0,58.68294982405432,61.18524594498906,,,,,0.43044274087264967,1.613874044479152,1.1834313036065023,0.8057516360342853,58.68294982405432,,,,,,,,,11.65868575189628,24.542817011319656,-12.271408505659828,0
2021-09-16,15.58,16.59,14.91,15.89,13.0335,19.327485303446473,6.739514696553527,67.08929246726609,70.41465600649231,0,0,,,,,,,,1.4622310197305532,21.91659953197529,30.738851406944214,0,60.15708053838399,62.339185256382734,,,,,0.3228121461913531,1.5869464863456937,1.2641343401543406,0.7634086503934788,60.15708053838399,,,,,,,,,12.45462117339756,24.82048158428586,-12.41024079214293,0
2021-09-17,16.15,16.15,15.28,15.41,13.3035,19.518312225642877,7.088687774357122,63.99729393691358,66.5443944324512,0,0,,,,,,,,-3.9216908784836857,15.83417897545758,25.010140342337948,0,58.01705819538153,63.01660722862676,,,,,0.19627167836143822,1.5094739381061384,1.3132022597447002,0.6909311090522902,58.01705819538153,,,,,,,,,11.268830401712526,25.029488661994648,-12.514744330997324,0
2021-09-20,14.78,15.1,14.03,14.81,13.520499999999998,19.626537913410004,7.414462086589993,54.916841669395296,62.00114269119164,0,0,,,,,,,,-8.39930727362691,9.537369180133881,18.63818424566088,0,55.36570790405614,63.73597602010408,,,,,0.05640686629415992,1.3837108426124,1.3273039763182402,0.5596139428602207,55.36570790405614,,,,,,,,,9.617840305615145,25.16290325158537,-12.581451625792685,0
2021-09-21,14.86,15.09,14.29,14.47,13.6905,19.702772365753255,7.6782276342467455,49.83220804601246,56.24878121744044,0,0,,,,,,,,-10.485617073925136,5.6937292282970065,14.65624257151159,0,53.863539427647005,64.34804706326646,,,,,-0.06801341210707146,1.2422872111844008,1.3103006232914722,0.3628696296865187,53.863539427647005,,,,,,,,,6.039695107162583,25.178295816450944,-12.589147908225472,0
2021-09-22,15,15.4,14.5,14.54,13.838999999999999,19.78073678313002,7.897263216869978,46.897459549544344,50.54883642165069,0,0,,,,,,,,-9.745499689633775,5.065394898475328,14.015369334518258,0,54.13942001119101,64.87856530951485,,,,,-0.14991078093907562,1.1229121471176278,1.2728229280567034,0.08397234404364788,54.13942001119101,,,,,,,,,3.790896809452154,25.1361785167508,-12.5680892583754,0
2021-09-23,14.54,14.7666,14.05,14.15,14.025,19.757446249202868,8.292553750797133,41.50890906671962,46.07952555409213,0,0,,,,,,,,-8.43201967255548,0.891265597147961,10.102451043963168,0,52.26428256957589,64.23101670506992,,,,,-0.22987686681811703,0.9854768445340572,1.2153537113521742,-0.259583235986779,52.26428256957589,,,,,,,,,2.0454717326894056,25.05882338315083,-12.529411691575415,0
2021-09-24,14.18,14.25,13.46,14.05,14.229500000000002,19.65065661090877,8.808343389091235,38.588405507824504,42.33159137469614,0,0,,,,,,,,-6.264594035626114,-1.2614638602902462,8.338045545674166,0,51.76916228368736,62.795189986611014,,,,,-0.28540944921202693,0.8585918998371405,1.1440013490491674,-0.5185349300965181,51.76916228368736,51.76916228368736,,51.76916228368736,,,,,,0.8917812923002061,24.962814451763364,-12.481407225881682,0
2021-09-27,14.3,15.33,14.16,14.32,14.428,19.548826495791484,9.307173504208517,33.489115746670336,37.8621434404048,0,0,,,,,,,,-3.769907936294603,-0.7485444968117538,9.379773907729883,0,53.06210065386973,61.186289040812916,,,,,-0.2984534337650655,0.7709345568428354,1.069387990607901,-0.6838520900281618,53.06210065386973,,,,,,,,,0.2310222785710383,24.858191267632176,-12.429095633816088,0
2021-09-28,14.25,15.63,14.25,15.56,14.7045,19.427302028457277,9.98169797154272,38.91338718223552,36.9969694789101,0,0,,,,,,,,4.717679520829132,5.817946887007386,17.2540252693979,0,58.55685552944644,59.832297377657156,,,,,-0.22159923145833216,0.7923889512849858,1.013988182743318,-0.7294612801431802,58.55685552944644,,,,,,,,,3.3967407611061944,24.80529001287746,-12.40264500643873,0
2021-09-29,15.9727,16.39,14.59,14.66,14.935999999999998,19.145595705052983,10.726404294947013,36.731000139931474,36.377834356279095,0,0,,,,,,,,-0.852157446232904,-1.8478843063738482,9.201966529274452,0,53.647964100315036,57.408500977022406,,,,,-0.22849214262204587,0.7283730044657606,0.9568651470878065,-0.6654207941293577,53.647964100315036,,,,,,,,,4.678759188539377,24.776695435630945,-12.388347717815472,0
2021-09-30,15.36,16.19,15.02,16.13,15.235499999999998,18.847521456193252,11.623478543806744,46.14182043964432,40.59540258727042,0,0,,,,,,,,8.91289669142472,5.871156181287129,18.3795288303936,0,59.60455274416058,56.33671042066417,,,,,-0.13574614120453177,0.7871824705821417,0.9229286117866735,-0.2800208094303345,59.60455274416058,,,,,59.60455274416058,,59.60455274416058,,8.708610572473203,24.843692933994163,-12.421846466997081,0
2021-10-01,15.9,16.43,14.9398,15.98,15.453,18.673000621118014,12.232999378881985,52.32926028107676,45.067360286884174,0,0,,,,,,,,7.486379229165285,3.4103410341034257,15.590490427737835,0,58.774555301031405,56.300288430725004,,,,,-0.08848552082761074,0.8123217107521601,0.9008072315797708,-0.0426231270469595,58.774555301031405,,,,,,,,,9.422918433496362,24.924098058595554,-12.462049029297777,0
2021-10-04,15.97,16.04,14.36,14.79,15.516499999999999,18.629840810126716,12.403159189873282,47.842110874392766,48.77106386503794,0,0,,,,,,,,-0.5045408678102881,-4.682112589823739,5.879826277859945,0,52.52558314702049,55.74505801641578,,,,,-0.13838042987292454,0.7278316942386152,0.8662121241115397,0.043246967903570126,52.52558314702049,,,,,,,,,9.467699076924719,24.99868482836615,-12.499342414183076,0
2021-10-05,14.83,14.98,14.05,14.59,15.521,18.628705906291664,12.413294093708338,42.63023765302421,47.6005362694979,0,0,,,,,,,,-1.9291523828728896,-5.998324850202952,3.5780207298026223,0,51.53388424405494,55.23441047498726,,,,,-0.18306008479447367,0.6373870181184476,0.8204471029129212,0.04616649017207059,51.53388424405494,,,,,,,,,5.6567239532886235,24.975845838355944,-12.487922919177972,0
2021-10-06,14.4,14.68,13.8,14,15.4665,18.640061248818157,12.292938751181843,36.23113072697818,42.23449308479837,0,0,,,,,,,,-5.552182419213381,-9.481783208870787,-1.1787957930401771,0,48.617731042041584,54.41017122524851,,,,,-0.24660039605328787,0.5121966078463114,0.7587970038995993,0.068951573755282,48.617731042041584,48.617731042041584,,48.617731042041584,,,,,,0.9400705831381586,24.875886928324906,-12.437943464162453,0
2021-10-07,15.25,15.908,14.65,15.46,15.2035,17.271100299864596,13.135899700135404,45.15775429586273,41.33970755862169,0,0,,,,,,,,3.3837100441353574,1.6871115203735965,7.850432517905315,0,55.350848573652094,54.21972768083926,,,,,-0.18724305019014698,0.5247431911619156,0.7119862413520626,0.29656990990854665,55.350848573652094,,,,,,,,,2.3096084680053814,24.79433938737574,-12.39716969368787,0
2021-10-08,14,16.0999,13.825,14.71,15.004500000000002,16.321367115543566,13.687632884456438,38.89198024981001,40.093621757550295,0,0,,,,,,,,-2.0639147802929303,-1.962744509980341,1.4972745463327053,0,51.60952018119951,53.95142855777807,,,,,-0.1945777161700244,0.46876409613953207,0.6633418123095565,0.2745903996058581,51.60952018119951,,,,,,,,,2.3895279961261124,24.714207500580134,-12.357103750290067,0
2021-10-11,14.6639,14.68,14,14.05,14.937000000000001,16.303324997941647,13.570675002058355,34.30316625048475,39.45096693205248,0,0,,,,,,,,-6.289601814179946,-5.938274084488182,-3.8746607676343747,0,48.502574279446996,53.568502475763786,,,,,-0.23714207610573723,0.3669142171773849,0.6040562932831222,0.07194829427273314,48.502574279446996,,,,,,,,,2.318914290588084,24.63342006955783,-12.316710034778914,0
2021-10-12,14.11,14.24,13.48,13.5,14.823000000000002,16.267203586756356,13.37879641324365,29.79421591336159,34.32978747121877,0,0,,,,,,,,-8.703590992087651,-8.925318761384348,-8.362747759978284,0,46.01646312261944,52.98829126943725,,,,,-0.29199599383797903,0.23906130098564837,0.5310572948236274,-0.1703086731829398,46.01646312261944,,,,,,,,,-2.285050044207559,24.510299699219107,-12.255149849609554,0
2021-10-13,13.53,13.88,12.88,13.25,14.716000000000003,16.28778115525032,13.144218844749684,21.650042882502934,28.582475015449745,0,0,,,,,,,,-9.531612727024452,-9.96194618102747,-10.710274495709605,0,44.89012553976229,52.461565767307704,,,,,-0.33186641821948937,0.11622427204926566,0.44809069026875503,-0.441761033728818,44.89012553976229,,,,,,,,,-5.653505784582772,24.38103409282323,-12.190517046411616,0
2021-10-14,13.4,13.7,13.031,13.57,14.600000000000003,16.150380598433824,13.049619401566183,22.25820127987424,24.567486691912908,0,0,,,,,,,,-5.698401667824882,-7.0547945205479685,-9.253026013686716,0,46.68886363765742,52.09868729259127,,,,,-0.323122946645569,0.044187006961793784,0.3673099536073628,-0.656855831300511,46.68886363765742,,,,,,,,,-6.755233889000355,24.255381325372483,-12.127690662686241,0
2021-10-15,13.6739,13.75,12.705,12.8,14.469500000000002,16.158386911548526,12.780613088451476,16.721102551314285,20.20978223789714,0,0,,,,,,,,-9.039226833428094,-11.53806282179758,-14.624927742451877,0,43.04790332148976,51.383387483135564,,,,,-0.35319236512705765,-0.07418050280145927,0.2790118623255984,-0.8294372867105639,43.04790332148976,,,,,,,,,-8.338045463516442,24.137475451404274,-12.068737725702137,0
2021-10-18,12.8,12.88,12.2,12.4,14.349,16.25363539818,12.444364601820002,14.512986555821929,17.830763462336808,0,0,,,,11.223744888888888,11.335982337777777,11.111507439999999,,-10.359285765922088,-13.582828071642616,-17.08643516248385,0,41.24835614417951,50.14706609847365,,,,,-0.38159513010435564,-0.19798205030484617,0.18361307979950947,-0.8551373004741392,41.24835614417951,,,,,,,,,-10.233299401604757,24.033642329723353,-12.016821164861677,0
2021-10-19,12.6786,12.699,12.3,12.36,14.243500000000001,16.33429195521699,12.152708044783012,13.225736615360272,14.819941907498821,0,0,,,,11.235371111111112,11.347724822222224,11.1230174,,-9.184423218221916,-13.223575666093312,-16.957807041118002,0,41.06349237697674,49.24817526109234,,,,,-0.38362025761559054,-0.2959122422199787,0.08770801539561184,-0.9270713878783696,41.06349237697674,41.06349237697674,,41.06349237697674,,,,,,-12.90134559900392,23.95833590751587,-11.979167953757935,0
2021-10-20,12.4211,13.14,12.31,12.72,14.152500000000003,16.339944856447808,11.965055143552199,15.643701566903697,14.460808246028625,1,0,,,,11.248259999999998,11.360742599999998,11.135777399999998,,-5.651980418335578,-10.12188659247485,-14.083080040526873,0,43.51701456503045,48.099065391154475,,,,,-0.34260481875978055,-0.3405480080541139,0.002056810705666684,-0.9074719606438162,43.51701456503045,,,,,,,,,-12.951042810474512,23.883994679125273,-11.941997339562636,0
2021-10-21,12.73,13.08,12.48,12.66,14.078000000000003,16.36015336907932,11.795846630920684,16.357873642825247,15.075770608363067,0,0,,,,11.260304444444444,11.372907488888888,11.147701399999999,,-4.1054385699136775,-10.072453473504773,-12.90788598683761,0,43.194265407121584,46.986187541589494,,,,,-0.30278503693869896,-0.376424485467707,-0.07363944852900806,-0.8850045258579055,43.194265407121584,,,,,,,,,-12.241038103044213,23.80181961758846,-11.90090980879423,0
2021-10-22,12.64,13.05,12.3001,13,14.025500000000005,16.355619953993756,11.695380046006253,26.10413504487603,19.36857008486832,0,0,,,,11.273771111111111,11.386508822222222,11.1610334,,-0.23789425216792504,-7.311682292966415,-9.386617100371764,0,45.653987591180346,46.49535928760091,,,,,-0.23958491467202353,-0.37312059186903745,-0.13353567719701392,-0.8396178553933737,45.653987591180346,,,,,,,,,-10.688332605475233,23.70552703772564,-11.85276351886282,0
2021-10-25,13.0035,13.13,12.77,12.99,13.959000000000007,16.327306567993148,11.590693432006868,28.545583051389656,23.669197246363638,0,0,,,,11.286837777777778,11.399706155555556,11.1739694,,0.5029013539651572,-6.94175800558784,-8.946470711932541,0,45.59145835431633,46.07090029547671,,,,,-0.18683362266158476,-0.3670777055239949,-0.18024408286241012,-0.7843592206725081,45.59145835431633,,,,,,,,,-10.02296831814817,23.60529393794129,-11.802646968970645,0
2021-10-26,13.05,13.8164,12.95,13.22,13.842000000000004,16.11151624801406,11.57248375198595,33.074862759238265,29.241526951834643,0,0,,,,11.300926666666667,11.413935933333335,11.1879174,,2.5044584011785664,-4.493570293310234,-6.776673013186684,0,47.37669205271004,45.98225465338161,,,,,-0.12765469398799656,-0.3398124503474058,-0.21215775635940926,-0.7272116318430829,47.37669205271004,,,,,,,,,-8.695257554173777,23.498532285277562,-11.749266142638781,0
2021-10-27,13.1858,13.22,12.73,12.84,13.751000000000005,16.027962011101575,11.474037988898436,31.25408687495323,30.958177561860378,0,0,,,,11.313282222222222,11.426415044444445,11.200149399999999,,-0.12445550715619591,-6.6249727292560845,-8.910329171396182,0,44.76337980029489,45.22600688385609,,,,,-0.10618712846686193,-0.3448916669429867,-0.23870453847612474,-0.6342877958590627,44.76337980029489,,,,,,,,,-9.051204501241335,23.394971113353254,-11.697485556676627,0
2021-10-28,12.97,13.55,12.6649,13.37,13.613000000000005,15.614370530411552,11.611629469588458,37.73489133756702,34.0212803239195,0,0,,,,11.32737111111111,11.440644822222222,11.2140974,,4.160174509192882,-1.7850584000588032,-4.581787039680307,0,48.9896910773188,45.0388762335789,,,,,-0.05116558401796112,-0.30266151849857614,-0.251495934480615,-0.3550314329876594,48.9896910773188,,,,,,,,,-8.15133816629116,23.288732644976214,-11.644366322488107,0
2021-10-29,13.29,14.14,13.24,14.05,13.516500000000004,15.215291040710953,11.817708959289055,49.47608870226371,39.48835563826132,0,0,,,,11.344526666666667,11.457971933333333,11.2310814,,8.40212946531902,3.94702770687676,0.5966587112171462,0,53.86683285633086,45.42203756049917,,,,,0.03169189038382364,-0.21188107150083546,-0.2435729618846591,0.18731838864581649,53.86683285633086,,,,,,,,,-6.216075554973333,23.179765405138436,-11.589882702569218,0
2021-11-01,14.4262,14.57,13.95,14.26,13.490000000000006,15.123793132559822,11.85620686744019,63.84145466379803,50.350811567876256,0,0,,,,11.362126666666667,11.475747933333334,11.248505399999999,,8.465809690423654,5.707931801334287,2.2344366113035807,0,55.28857552960327,46.08433130385515,,,,,0.09758632646177551,-0.1215900538074397,-0.2191763802692152,0.5228994283805389,55.28857552960327,,,,,,,,,-2.932090439112113,23.07893324830141,-11.539466624150705,0
2021-11-02,14.45,14.49,14.02,14.25,13.473000000000004,15.067253430292663,11.878746569707346,68.0228794973682,60.44680762114331,0,0,,,,11.379904444444445,11.49370348888889,11.2661054,,6.8536292741451454,5.767089735025577,2.2164837529588644,0,55.20133411668824,46.82084620220701,,,,,0.13513205850483626,-0.0502613071381699,-0.18539336564300615,0.7036010326417652,55.20133411668824,,,,,,,,,-0.9330486340314897,22.99167456152302,-11.49583728076151,0
2021-11-03,14.16,14.98,14.16,14.91,13.518500000000007,15.218738512679813,11.8182614873202,74.83340934527499,68.89924783548041,0,0,,,,11.400171111111112,11.514172822222223,11.2861694,,9.996311324234597,10.293301771646203,6.856187290969862,0,59.719019118313945,47.75157159368247,,,,,0.19539100421150918,0.058845389621380306,-0.13654561459012887,0.9043882284502842,59.719019118313945,,,,,,,,,0.9802605829472754,22.922769628028068,-11.461384814014034,0
2021-11-04,15.2,16.24,14.91,15.74,13.532500000000008,15.299745031114693,11.765254968885323,82.42934337794979,75.09521074019766,0,0,,,,11.42434888888889,11.538592377777778,11.310105400000001,,13.53963788501764,16.31258082394229,12.37773388229131,0,64.55931404498898,49.28810093107529,,,,,0.2771309459341999,0.20986806782762102,-0.0672628781065789,0.9309290285779612,64.55931404498898,,,,,64.55931404498898,,64.55931404498898,,4.239936764785898,22.896594669945742,-11.448297334972871,0
2021-11-05,15.94,16.1428,15.4,15.51,13.572500000000005,15.475538360096783,11.669461639903227,81.59869269203203,79.6204818050856,0,0,,,,11.447321333333333,11.561794546666667,11.33284812,,9.890888479523863,14.275188800884099,10.352187833511174,0,62.324382633877796,50.79353139462517,,,,,0.29977145585939546,0.3074514417176655,0.007679985858269983,0.9460485783081326,62.324382633877796,,,,,,,,,6.936611495599642,22.916218221167856,-11.458109110583928,0
2021-11-08,15.79,15.84,14.89,14.94,13.617000000000004,15.602458133529842,11.631541866470167,77.81090798158556,80.61298135052245,0,0,,,,11.467321333333334,11.581994546666667,11.352648120000001,,4.409812006429492,9.715796430931878,6.140620929736884,0,57.05310067344372,51.93564627294425,,,,,0.26180148845479123,0.334931846426759,0.07313035797196778,0.9344578974825599,57.05310067344372,,,,,,,,,6.775829995107384,22.930302887358444,-11.465151443679222,0
2021-11-09,14.87,15.0462,14.13,14.84,13.684000000000006,15.738384579381279,11.629615420618734,69.88696016163934,76.43218694508563,0,0,,,,11.487499111111111,11.602374102222223,11.37262412,,2.5499274410890838,8.447822274188788,5.610247894674414,0,56.155749738553716,52.83841307105305,,,,,0.2172300999588044,0.3446679829204733,0.12743788296166889,0.9143075886163946,56.155749738553716,,,,,,,,,4.536402112727855,22.904566573865633,-11.452283286932817,0
2021-11-10,14.6836,15.27,14.32,14.59,13.751000000000008,15.831633557356854,11.670366442643163,66.12024516677116,71.27270443666534,0,0,,,,11.506388,11.621451879999999,11.39132412,,-0.38235695753107146,6.101374445494812,3.8483439309101364,0,53.87440838152031,53.601280426367246,,,,,0.16078981353761732,0.32842514988369054,0.16763533634607322,0.8530305640073698,53.87440838152031,,,,,,,,,2.2986502447902777,22.848499419633622,-11.424249709816811,0
2021-11-11,14.2,14.59,13.91,14.23,13.784000000000006,15.8730227380284,11.694977261971612,57.13887557712832,64.38202696851293,0,0,,,,11.524165777777778,11.639407435555556,11.40892412,,-3.407548194406751,3.235635519442792,1.7446017446017592,0,50.68145696495681,53.960385381637,,,,,0.09248260938359906,0.28323859807557206,0.190755988691973,0.7379377260289804,50.68145696495681,50.68145696495681,,50.68145696495681,,,,,,0.5850498614085675,22.775323497439985,-11.387661748719992,0
2021-11-12,14.29,14.48,14.08,14.37,13.862500000000006,15.91539916946733,11.809600830532682,51.72467389219999,58.327931545366475,0,0,,,,11.542521333333333,11.657946546666667,11.42709612,,-2.668653481441352,3.6609558160504374,3.1413737828073884,0,51.8759461414321,54.40927736643098,,,,,0.052016272943836095,0.2557763298717681,0.20376005692793203,0.6093747142677952,51.8759461414321,,,,,,,,,-0.5659607062194804,22.693789840183676,-11.346894920091838,0
2021-11-15,14.48,14.7,14.06,14.29,13.957000000000004,15.90313565816976,12.01086434183025,48.359446668256055,52.40766537919478,0,0,,,,11.56047688888889,11.676081657777779,11.44487212,,-3.2301753910747077,2.385899548613568,2.6900136536757158,0,51.11411372149874,54.676236057058745,,,,,0.016962923596018392,0.22496371142295501,0.20800078782693662,0.44334209867249613,51.11411372149874,,,,,,,,,-1.316065814835194,22.608382902377315,-11.304191451188657,0
2021-11-16,14.69,15.71,14.49,15.48,14.113000000000005,16.02190649325727,12.20409350674274,60.93940824701893,53.67450960249166,0,0,,,,11.583499111111111,11.699334102222222,11.46766412,,3.9623908663532603,9.686105009565615,11.004876183191525,0,60.42439219040792,55.79487979920968,,,,,0.06814965530048459,0.29318785695254235,0.22503820165205776,0.3682958242826356,60.42439219040792,,,,,,,,,1.4492689895483712,22.54513710770122,-11.27256855385061,0
2021-11-17,15.7,16.75,15.4,16.28,14.291000000000006,16.307996777389477,12.274003222610535,73.3334611558883,60.877438690387756,0,0,,,,11.609988,11.72608788,11.49388812,,8.338324349504234,13.917850395353693,16.10878661087869,0,65.21993018400298,56.954182592544264,,,,,0.14566249026392236,0.40711631448196073,0.26145382421803837,0.38602416832454645,65.21993018400298,,,,,65.21993018400298,,65.21993018400298,,5.637867903692771,22.53521028402682,-11.26760514201341,0
2021-11-18,16.2,16.33,14.71,15.48,14.432000000000007,16.36576937611478,12.498230623885235,70.18277013056932,68.15187984449217,0,0,,,,11.633054666666666,11.749385213333333,11.51672412,,3.1931204586360895,7.26164079822611,10.397946084724019,0,57.691471945255095,57.22737109889599,,,,,0.13317240944797448,0.42791933602800647,0.294746926580032,0.3493814161124114,57.691471945255095,,,,,,,,,8.147773436188661,22.56739076643157,-11.283695383215784,0
2021-11-19,15.28,16.2,15.26,15.5,14.557000000000007,16.426482281274506,12.687517718725509,68.53626755979445,70.68416628208402,0,0,,,,11.655632444444445,11.772188768888888,11.53907612,,3.3333333333333437,6.477983100913587,10.333372879345104,0,57.82255022257783,57.40836929125131,,,,,0.11695195281433557,0.4409368675979515,0.3239849147836159,0.31578186470820396,57.82255022257783,,,,,,,,,7.996988375609308,22.594158582013563,-11.297079291006781,0
2021-11-22,15.57,16.36,15.26,15.91,14.703000000000008,16.51538075469787,12.890619245302148,71.78358686018682,70.16754151685019,0,0,,,,11.681410222222222,11.798224324444444,11.564596120000001,,5.385175862754177,8.209209004964912,12.754246297040005,0,60.5227054712447,57.788467245148205,,,,,0.1238660037588043,0.4788174194821213,0.354951415723317,0.31318558548880937,60.5227054712447,,,,,,,,,6.991561692346582,22.600957800558266,-11.300478900279133,0
2021-11-23,15.81,15.8299,14.11,14.55,14.769500000000008,16.452312823815898,13.086687176184117,56.84536924793656,65.72174122263927,0,0,,,,11.700299111111113,11.817302102222223,11.583296120000002,,-3.4377488717812765,-1.4861708250110461,2.8607785842209577,0,49.257892621239776,57.04124392392862,,,,,0.031678289252555114,0.3945492772890109,0.3628709880364558,0.14715297732317106,49.257892621239776,49.257892621239776,,49.257892621239776,,,,,,4.728692235696298,22.57231943698679,-11.286159718493394,0
2021-11-24,14.28,15.58,14.2,15.51,14.90300000000001,16.36095884715557,13.44504115284445,58.88154811228296,62.50350140680211,0,0,,,,11.723221333333333,11.840453546666666,11.60598912,,2.308707124010545,4.0730054351472145,9.066616661197324,0,55.547440498060006,56.397538670576544,,,,,0.03019291923734463,0.4006121370831366,0.37041921784579196,0.3537856225122764,55.547440498060006,,,,,,,,,4.601124907158277,22.541445996114234,-11.270722998057117,0
2021-11-26,14.82,15.59,14.76,15.45,15.007000000000009,16.300137270362008,13.71386272963801,58.946244796152925,58.224387385457476,0,0,,,,11.745754666666667,11.863212213333334,11.62829712,,1.0993325480957772,2.9519557539814167,8.168028004667448,0,55.087849569994184,55.880643451727714,,,,,0.020473054238996147,0.39601053564453714,0.375537481405541,0.5057672973590265,55.087849569994184,,,,,,,,,3.4419907807501318,22.496227392418774,-11.248113696209387,0
2021-11-29,15.51,15.79,15.12,15.46,15.077500000000006,16.30639991455758,13.848600085442431,60.045198886756566,59.29099726506414,0,0,,,,11.76819911111111,11.885881102222221,11.65051712,,0.4483139497108546,2.5368927209417746,7.570275535764015,0,55.1544474198155,55.745025362182844,,,,,0.01052207293377716,0.38869007257276245,0.3781679996389853,0.5336493250308856,55.1544474198155,,,,,,,,,5.407733199315346,22.47522240494145,-11.237611202470726,0
2021-11-30,15.83,16.41,14.99,15.86,15.157500000000008,16.371334832256565,13.943665167743452,65.72748220098826,61.57297529463258,0,0,,,,11.792376888888889,11.910300657777778,11.674453119999999,,2.006688963210701,4.634669305624217,9.47494362891721,0,57.84703104998637,55.865831170142314,,,,,0.025812786244392094,0.4104339824444754,0.3846211962000833,0.5843259306070845,57.84703104998637,,,,,,,,,6.041151860228356,22.462311928092326,-11.231155964046163,0
2021-12-01,15.91,16.97,15.16,15.19,15.204500000000007,16.344701298016975,14.064298701983038,61.14087712831886,62.30451940535456,0,0,,,,11.813665777777777,11.931802435555555,11.695529119999998,,-2.11998195760037,-0.09536650333787922,4.171905360612627,0,52.19413474948513,55.74581162499695,,,,,-0.012220792577264494,0.3693452054785027,0.3815659980557672,0.46938938673199865,52.19413474948513,,,,,,,,,5.293437888681955,22.438227241660535,-11.219113620830267,0
2021-12-02,15.15,15.22,14.07,14.81,15.199500000000006,16.34568454011538,14.053315459884633,53.32790135812913,60.06542022914542,0,0,,,,11.833665777777778,11.952002435555556,11.71532912,,-3.655997918293019,-2.5625842955360745,1.0829503571916144,0,49.25427026990656,55.64386971820765,,,,,-0.06314824542946207,0.3026306912689396,0.36577893669840167,0.18384306999466382,49.25427026990656,,,,,,,,,3.68734754290429,22.394452931200643,-11.197226465600322,0
2021-12-03,15,15.11,12.74,13,15.062500000000005,16.528035738219828,13.596964261780183,34.367317671332266,49.61203205259341,0,0,,,,11.844688,11.96313488,11.72624112,,-14.04390372917218,-13.692946058091316,-11.339456215331456,0,38.213446478306054,54.66797688512721,,,,,-0.2106029591303642,0.10252523778544642,0.3131281969158106,-0.356144814306246,38.213446478306054,,,,,,,,,-2.768625636458897,22.310132276153425,-11.155066138076712,0
2021-12-06,12.9743,13.11,12,12.28,14.901000000000005,16.785642141097263,13.016357858902749,27.672735761971857,38.45598493047775,0,0,,,,11.852599111111111,11.971125102222222,11.73407312,,-17.038238075935695,-17.589423528622273,-16.112578559067302,0,34.865404443326,53.50735479382916,,,,,-0.34078800983215984,-0.11285681537438919,0.22793119445777066,-0.6868989697376415,34.865404443326,34.865404443326,,34.865404443326,,,,,,-9.265005429148124,22.24314935236653,-11.121574676183265,0
2021-12-07,12.62,13.12,12.55,12.9,14.799000000000007,16.875236017412142,12.722763982587871,29.21887199291369,30.41964180873926,0,0,,,,11.863932444444446,11.98257176888889,11.745293120000001,,-11.040617888421478,-12.831948104601699,-11.859156854260144,0,39.75986159503735,52.03131689415983,,,,,-0.3670318605322976,-0.2308586312076013,0.13617322932469628,-0.7749011367806826,39.75986159503735,,,,,,,,,-13.468919975308191,22.21728426703391,-11.108642133516955,0
2021-12-08,13.02,13.2158,12.81,12.94,14.704000000000004,16.932339291939112,12.475660708060895,29.607237330161404,28.83294836168231,0,0,,,,11.875221333333334,11.993973546666668,11.75646912,,-9.76290097629009,-11.99673558215455,-11.529433214065953,0,40.07273614969486,50.23508874885211,,,,,-0.3629293398886367,-0.31748844553609956,0.045440894352537106,-0.7858856134595,40.07273614969486,,,,,,,,,-13.533843500926247,22.191719014525145,-11.095859507262572,0
2021-12-09,12.99,13.15,12.42,12.53,14.601000000000004,17.022924028535904,12.179075971464105,26.52335460738761,28.44982131015423,0,0,,,,11.884577777777778,12.003423555555557,11.765732,,-10.767696909272196,-14.183960002739571,-14.272030651341005,0,37.8998814595116,48.82140371415614,,,,,-0.3679121218441118,-0.4144492579526027,-0.04653713610849086,-0.8325924280088806,37.8998814595116,,,,,,,,,-12.916476890728894,22.15836986672727,-11.079184933363635,0
2021-12-10,12.5,13.03,12.5,12.76,14.527500000000003,17.075918136805605,11.979081863194404,30.102795989055714,28.74446264220157,0,0,,,,11.894977777777777,12.013927555555554,11.776028,,-7.354969868583461,-12.16658062295648,-12.576792198597753,0,39.86960118409745,47.53905021140754,,,,,-0.3366463388034444,-0.4673450596127964,-0.13069872080935196,-0.8506057569336904,39.86960118409745,,,,,,,,,-13.18187260085733,22.127777952610803,-11.063888976305401,0
2021-12-13,12.71,13.01,11.68,11.76,14.397000000000002,17.21713545773956,11.576864542260445,22.89390991539074,26.506686837278014,0,0,,,,11.900577777777778,12.019583555555556,11.781572,,-12.258449600835641,-18.316315899145664,-19.00454566325359,0,34.7140599859199,45.695575533884345,,,,,-0.3620281028788842,-0.5832338494079572,-0.22120574652907302,-0.8616914124276306,34.7140599859199,34.7140599859199,,34.7140599859199,,,,,,-15.783569867007577,22.13103844301417,-11.065519221507085,0
2021-12-14,11.59,12.8,11.55,12.57,14.311000000000003,17.241678419751974,11.380321580248031,25.8077739108504,26.26815993843228,0,0,,,,11.909955555555557,12.029055111111113,11.790856000000002,,-3.8549793483249273,-12.165467123191965,-13.088570835926161,0,41.33173338153117,45.129421302476594,,,,,-0.30524979123994567,-0.6027679855790051,-0.29751819433905946,-0.8954685980504541,41.33173338153117,,,,,,,,,-15.619752090885394,22.130665285588975,-11.065332642794488,0
2021-12-15,12.55,12.8468,12.04,12.63,14.168500000000003,17.134893601665123,11.202106398334884,27.637006858106737,25.446230228115954,0,0,,,,11.919644444444446,12.03884088888889,11.800448000000001,,-1.4666874707442656,-10.858594770088592,-12.346450135332088,0,41.80232288221226,44.147627187058895,,,,,-0.24711907060955784,-0.6064170326010068,-0.3592979619914489,-0.8627165014878545,41.80232288221226,,,,,41.80232288221226,,41.80232288221226,,-15.845387590689954,22.132394231470418,-11.066197115735209,0
2021-12-16,12.79,13.1401,12.24,12.39,13.974000000000004,16.870393619658728,11.07760638034128,27.12919174686214,26.857990838606423,0,0,,,,11.928933333333335,12.048222666666668,11.809644000000002,,-1.479007633587781,-11.335337054529859,-13.507853403141368,0,40.40617509417955,43.09893615307214,,,,,-0.20977005945208232,-0.6215105363065518,-0.4117404768544695,-0.825887943420935,40.40617509417955,,,,,,,,,-14.367754477496838,22.11322915521726,-11.05661457760863,0
2021-12-17,12.24,12.75,11.48,12.18,13.809000000000006,16.719373859145847,10.898626140854168,25.4882668167333,26.75148847390072,0,0,,,,11.93688888888889,12.056257777777779,11.81752,,-2.5132063390427395,-11.796654355854919,-14.263591355968009,0,39.17331433119667,41.95742664674221,,,,,-0.18501187975265992,-0.6430053265452944,-0.4579934467926345,-0.7812858074958007,39.17331433119667,,,,,,,,,-15.096254419458935,22.10272546760695,-11.051362733803474,0
2021-12-20,11.91,12.1799,11.62,11.89,13.628500000000006,16.54475976209245,10.712240237907562,22.960849646176715,25.192769403257383,0,0,,,,11.9436,12.063036,11.824164,,-4.5363307908470425,-12.756356165388738,-15.587949925456146,0,37.47292912551339,40.502133652137005,,,,,-0.17412698758440293,-0.6756521812731382,-0.5015251936887353,-0.7430970990814054,37.47292912551339,,,,,,,,,-16.618260091058172,22.112628808857355,-11.056314404428678,0
2021-12-21,11.97,12.355,11.81,12.19,13.442500000000004,16.22440492289,10.66059507711001,23.667530067341787,24.038882176750594,0,0,,,,11.951777777777778,12.071295555555556,11.83226,,-1.5665374677002464,-9.317463269481152,-12.891239102472497,0,40.357117138743455,39.65663239422689,,,,,-0.13445891502493335,-0.669598837469902,-0.5351399224449687,-0.6676446534498502,40.357117138743455,,,,,,,,,-16.91650098666581,22.12560587506564,-11.06280293753282,0
2021-12-22,12.16,12.4,12.031,12.36,13.333000000000004,16.104296447513264,10.561703552486742,27.415699368474947,24.68135969399781,0,0,,,,11.960044444444446,12.07964488888889,11.840444000000002,,0.27583968846343065,-7.297682442061082,-11.151579048258032,0,41.990057297709285,39.13776003906994,,,,,-0.08681940576178326,-0.6436641796471978,-0.5568447738854145,-0.5826142053323243,41.990057297709285,,,,,41.990057297709285,,41.990057297709285,,-16.470836867364323,22.13066185680284,-11.06533092840142,0
2021-12-23,12.02,12.325,11.84,12,13.157500000000002,15.796514020424985,10.51848597957502,27.547781720135482,26.210337051984066,0,0,,,,11.96617777777778,12.085839555555557,11.846516000000003,,-2.224395013444125,-8.797263917917553,-13.200723327305596,0,39.522355241756095,39.23125352217351,,,,,-0.07030637903715709,-0.6447277476818609,-0.5744213686447038,-0.5524700700070925,39.522355241756095,,,,,,,,,-16.188288530045753,22.130594713973196,-11.065297356986598,0
2021-12-27,12.14,12.225,11.71,11.9,12.980000000000004,15.450530307444023,10.509469692555985,30.30037661779881,28.421285902136407,0,0,,,,11.972355555555556,12.092079111111111,11.852632,,-2.354968408960345,-8.320493066255807,-13.437757625721346,0,38.83954106752457,39.515120423901976,,,,,-0.05741563364295765,-0.646190910698401,-0.5887752770554433,-0.7089740717018266,38.83954106752457,,,,,,,,,-16.82036813025815,22.13830131919507,-11.069150659597534,0
2021-12-28,11.9,11.95,11.57,11.73,12.793500000000005,15.040010850185102,10.546989149814909,29.05151159853844,28.966556645490908,0,0,,,,11.977733333333335,12.097510666666668,11.857956000000001,,-3.7261982928430637,-8.312815101418725,-14.124652252428138,0,37.648727917356595,39.364325161210495,,,,,-0.05180739281010338,-0.6535345180680725,-0.6017271252579691,-0.7090589757647886,37.648727917356595,,,,,,,,,-18.22074247851726,22.165740871960363,-11.082870435980182,0
2021-12-29,11.73,11.7999,11.07,11.33,12.567000000000005,14.408000814774274,10.725999185225737,21.430995472660403,26.92762789633254,0,0,,,,11.981644444444443,12.101460888888887,11.861828,,-6.05306799336649,-9.843240232354622,-16.44953542107074,0,34.934653649189684,38.99731926831726,,,,,-0.06561766115266932,-0.6837492016988058,-0.6181315405461365,-0.7162169355892545,34.934653649189684,34.934653649189684,34.934653649189684,34.934653649189684,,,,,,-19.712422577894863,22.215985974567968,-11.107992987283984,0
2021-12-30,11.3,12.1,11.3,12.03,12.409000000000006,13.81295014156464,11.005049858435372,26.57043594811166,25.684314339770157,0,0,,,,11.988933333333334,12.108822666666667,11.869044,,0.2500000000000169,-3.0542348295592436,-10.528794902942707,0,42.71714754649516,39.34140970310181,,,,,-0.02052613163816175,-0.6437892050938387,-0.623263073455677,-0.649754465722896,42.71714754649516,,,,,,,,,-19.36534782050792,22.257918654896123,-11.128959327448062,0
2021-12-31,12.06,12.47,11.98,12.28,12.282500000000008,13.152807416950587,11.412192583049428,37.77851578660446,28.593315735792164,0,0,,,,11.997155555555556,12.117127111111111,11.877184000000002,,2.4272249562098835,-0.02035416242628374,-7.754713674036607,0,45.23648870108956,39.724758811458386,,,,,0.03044896565640176,-0.5852018663851748,-0.6156508320415766,-0.4241389396875759,45.23648870108956,,,,,45.23648870108956,,45.23648870108956,,-18.109280076914725,22.27795337495226,-11.13897668747613,0
2022-01-03,12.305,12.33,11.9,12.2,12.242500000000007,13.04837530052693,11.436624699473084,41.60001891071845,35.31632354847818,0,0,,,,12.004622222222222,12.124668444444445,11.884576,,1.742973897089506,-0.34715131713299874,-7.596758312504736,0,44.56110134963764,40.4281189088668,,,,,0.06131034200756813,-0.5390129045321164,-0.6003232465396845,-0.5321568219882802,44.56110134963764,,,,,,,,,-16.149039120436594,22.269798720657516,-11.134899360328758,0
2022-01-04,12.18,12.2869,11.5,11.65,12.21100000000001,13.056810853559567,11.365189146440452,38.344125407033964,39.24088670145228,0,0,,,,12.00991111111111,12.130010222222221,11.889812,,-2.6489512826940453,-4.594218327737353,-10.896389965327359,0,40.12559774322355,40.3419663632734,,,,,0.04781298272906187,-0.5405570181283572,-0.5883700008574191,-0.5222356355102814,40.12559774322355,,,,,,,,,-17.058303413815704,22.272553175834215,-11.136276587917108,0
2022-01-05,11.6161,11.65,10.63,10.7,12.101000000000008,13.115236658773165,11.08676334122685,24.63857751159056,34.86090727644765,0,0,,,,12.010888888888891,12.13099777777778,11.890780000000001,,-9.460145540700616,-11.577555573919573,-17.06069296953725,0,33.85686978923073,39.774433999489005,,,,,-0.018416059780174465,-0.6113900755826371,-0.5929740158024627,-0.5661748081111914,33.85686978923073,,,,,,,,,-20.661092891331876,22.329276662889125,-11.164638331444563,0
2022-01-06,10.81,10.94,10.11,10.65,11.986500000000008,13.107450935589608,10.86554906441041,20.64696808013061,27.876556999585038,0,0,,,,12.0104,12.130504,11.890296000000001,,-8.560144243152711,-11.150043799274245,-16.607939863753806,0,33.55969836945275,39.2853999477228,,,,,-0.05674659254800685,-0.6639072564874713,-0.6071606639394644,-0.6313432894448835,33.55969836945275,,,,,,,,,-24.151839340895062,22.44998670467726,-11.22499335233863,0
2022-01-07,10.6776,11.08,10.56,10.86,11.903000000000008,13.09604819684677,10.709951803153245,21.476019931213628,22.253855174311596,0,0,,,,12.009866666666667,12.129965333333335,11.889768,,-5.835428769617601,-8.762496849533797,-13.918833227647443,0,36.09668173547457,39.06564047659979,,,,,-0.05885960047231953,-0.6807351645298638,-0.6218755640575443,-0.6866645388801894,36.09668173547457,,,,,,,,,-25.893502807924932,22.603723885265765,-11.301861942632883,0
2022-01-10,10.78,10.84,10.06,10.46,11.788000000000007,13.068634217877758,10.507365782122257,19.915138958910664,20.67937565675163,0,0,,,,12.008355555555555,12.128439111111112,11.888271999999999,,-8.156993590306394,-11.265693926026522,-15.981686256660144,0,33.47470875800498,38.78005330749205,,,,,-0.07695602010101976,-0.718070589183819,-0.6411145690827993,-0.7833437952120951,33.47470875800498,33.47470875800498,,33.47470875800498,,,,,,-26.377726475032915,22.762484310783694,-11.381242155391847,0
2022-01-11,10.44,11.025,10.3,10.86,11.743000000000007,13.08613216028773,10.399867839712284,24.63338960638832,22.00818283217087,1,0,,,,12.009066666666666,12.129157333333332,11.888976,,-3.910812245620221,-7.519373243634564,-11.680988912683999,0,38.301105272787254,38.63319531706661,,,,,-0.05289235892549393,-0.7072300177396666,-0.6543376588141727,-0.7881048006084334,38.301105272787254,,,,,,,,,-25.853806858051154,22.903736172527793,-11.451868086263897,0
2022-01-12,11.62,11.735,11.2,11.45,11.687000000000008,12.979998066510229,10.394001933489788,36.568148856914746,27.038892474071236,0,0,,,,12.01351111111111,12.133646222222222,11.893376,,1.2020505568322681,-2.027894241464956,-5.75614574187886,0,44.67670385251835,38.82509864241011,,,,,0.008580875749862438,-0.6436115641268447,-0.6521924398767072,-0.6677900299393495,44.67670385251835,,,,,44.67670385251835,,44.67670385251835,,-24.44805283496508,23.01081845557398,-11.50540922778699,0
2022-01-13,11.61,11.62,10.605,10.64,11.587500000000007,12.88119045756673,10.293809542433285,32.00692405738153,31.069487506894863,0,0,,,,12.0144,12.134544,11.894256,,-4.7874720357941385,-8.176914778856581,-11.316089239574367,0,38.755682100619254,38.77033627518605,,,,,0.0009148909133573913,-0.6510488262350105,-0.6519637171483679,-0.6832598652468517,38.755682100619254,,,,,,,,,-23.988036189853876,23.105006918623946,-11.552503459311973,0
2022-01-14,10.5,10.68,10.05,10.42,11.489000000000008,12.82265512783449,10.155344872165525,27.072252967575764,31.88244196062401,0,0,,,,12.014844444444446,12.13499288888889,11.894696000000001,,-5.17790517790514,-9.304552180346482,-12.077403386398156,0,37.30938996211091,38.661039767656504,,,,,-0.012034017240381223,-0.6670062386988445,-0.6549722214584632,-0.7094657212607185,37.30938996211091,,,,,,,,,-24.931663146557668,23.213653918343034,-11.606826959171517,0
2022-01-18,10.265,10.575,10.06,10.09,11.384500000000008,12.809596137107711,9.959403862892305,23.593720910704654,27.55763264522065,0,0,,,,12.014133333333332,12.134274666666665,11.893991999999999,,-6.383373538689884,-11.370723351925927,-14.159317131270743,0,35.18813517812272,38.48528314342551,,,,,-0.034607871280074476,-0.6982320605585564,-0.6636241892784819,-0.7566924726356914,35.18813517812272,,,,,,,,,-27.986805304991638,23.382095356748035,-11.691047678374018,0
2022-01-19,10.21,10.32,9.69,9.85,11.28250000000001,12.834632404145735,9.730367595854284,19.13749673486857,23.267823537716325,0,0,,,,11.995911111111111,12.115870222222222,11.875952,,-7.057935459520626,-12.69665411034796,-15.619645916619085,0,33.68799502311846,38.39623609870614,,,,,-0.0562086281219204,-0.7338849744308824,-0.677676346308962,-0.8425368277261052,33.68799502311846,,,,,,,,,-29.714658241341436,23.583989397803943,-11.791994698901972,0
2022-01-20,10.01,10.42,9.7,9.73,11.159500000000008,12.792270345149412,9.526729654850605,16.332870307549836,19.688029317707684,0,0,,,,11.980755555555556,12.10056311111111,11.860948,,-7.342157889724743,-12.809713696850277,-15.88623461948534,0,32.932017965260485,37.697298271475084,,,,,-0.06828088863352799,-0.7630274571008719,-0.694746568467344,-0.8466364736433053,32.932017965260485,,,,,,,,,-31.216154603075335,23.814590147661225,-11.907295073830612,0
2022-01-21,9.585,9.7099,8.95,9,10.99150000000001,12.779652957663105,9.203347042336913,10.76564975041153,15.412005597609975,0,0,,,,11.9648,12.084448,11.845152,,-12.925696594427205,-18.118546149297256,-21.30344807484915,0,28.711077382248675,36.51691174870074,,,,,-0.11252117337028322,-0.835398035180198,-0.7228768618099147,-0.8457910327126174,28.711077382248675,,,,,,,,,-33.63493490039784,24.09825486934223,-12.049127434671115,0
2022-01-24,8.47,8.83,8,8.72,10.82750000000001,12.807003725684618,8.8479962743154,9.842821798085254,12.313780618682202,0,0,,,,11.953199999999999,12.072731999999998,11.833668,,-13.851017585457381,-19.464326945278287,-22.89554350389058,0,27.267449481886914,35.28165090100426,,,,,-0.1456301964309138,-0.904914607348557,-0.7592844109176432,-0.8452183448926028,27.267449481886914,,,,,,,,,-36.10171850747114,24.438226920333413,-12.219113460166707,0
2022-01-25,8.58,8.82,8.23,8.49,10.657000000000009,12.81683425289982,8.497165747100198,8.970727461050469,9.859733003182413,0,0,,,,11.935377777777777,12.054731555555556,11.816023999999999,,-14.45843828715363,-20.33405273529142,-23.97241873376914,0,26.106255313127235,34.28026929885453,,,,,-0.16650392675591008,-0.9674143193625309,-0.8009103926066208,-0.8486484393489265,26.106255313127235,,,,,,,,,-38.814918174669536,24.843296698654203,-12.421648349327102,0
2022-01-26,8.74,9.058,8.35,8.48,10.49450000000001,12.791641484541028,8.19735851545899,11.484528489031621,10.099359249389108,1,0,,,,11.919733333333333,12.038930666666667,11.800536,,-12.459997935377265,-19.19576921244468,-23.311126518554246,0,26.0543039852857,33.722943170001315,,,,,-0.164195195026136,-1.0061543863892908,-0.8419591913631548,-0.8972557241386164,26.0543039852857,,,,,,,,,-39.864410528367834,25.26294625166755,-12.631473125833775,0
2022-01-27,8.64,8.71,7.94,8.1,10.333000000000009,12.818888975799094,7.847111024200924,8.150907649469026,9.535387866517032,0,0,,,,11.901111111111112,12.020122222222223,11.7821,,-13.387510692899873,-21.610374528210663,-25.747112387703986,0,24.09230531156014,33.046700808723266,,,,,-0.17071547428142608,-1.0553535342149374,-0.8846380599335113,-0.9377303308999145,24.09230531156014,24.09230531156014,,24.09230531156014,,,,,,-41.156349016555076,25.70406557596612,-12.85203278798306,0
2022-01-28,8.08,8.325,7.55,8.24,10.143500000000008,12.66067520248383,7.626324797516187,10.33079769380031,9.98874461076698,1,0,,,,11.882577777777778,12.001403555555555,11.763752,,-9.569798068481072,-18.765712032336047,-23.436677300461493,0,26.294463279180334,32.3465423475594,,,,,-0.1488535224797104,-1.0707049630331493,-0.9218514405534389,-0.9492365203583246,26.294463279180334,,,,,,,,,-41.55424517432589,26.13867291485139,-13.069336457425695,0
2022-01-31,8.3663,9.16,8.3663,9.04,9.98150000000001,12.339849210782702,7.623150789217316,24.090820800895138,14.190842048054819,0,0,,,,11.8676,11.986276,11.748923999999999,,0.7354579897482116,-9.432450032560325,-15.122684026039057,0,37.45972893767303,32.63118664610711,,,,,-0.06788925233790077,-1.006713005975815,-0.9388237536379141,-0.9204075564654455,37.45972893767303,,,,,,,,,-40.04554955562345,26.512041877783584,-13.256020938891792,0
2022-02-01,9.55,9.684,9.08,9.49,9.846000000000009,11.979620397352674,7.712379602647344,33.16145561734772,22.52769137068105,0,0,,,,11.855466666666667,11.974021333333333,11.736912,,6.461745568768307,-3.6156814950234484,-10.141085124514737,0,42.71635188056833,32.94656140380577,,,,,0.023693476111833478,-0.9092069084981222,-0.9329003846099557,-0.803160935142742,42.71635188056833,,,,,42.71635188056833,,42.71635188056833,,-36.63219375710255,26.78228967066016,-13.39114483533008,0
2022-02-02,9.55,9.56,9.16,9.42,9.73450000000001,11.70630602494245,7.76269397505757,37.85958779483974,31.703954737694193,0,0,,,,11.842622222222223,11.961048444444446,11.724196000000001,,6.188704768346387,-3.2307771328780044,-10.10306654790688,0,42.123236738656566,32.764170895672784,,,,,0.08389154314669245,-0.8280359556765902,-0.9119274988232826,-0.6422106213954696,42.123236738656566,,,,,,,,,-33.756853674397405,26.977284097288813,-13.488642048644406,0
2022-02-03,9.1328,9.2992,8.95,9.03,9.65100000000001,11.593409843467471,7.7085901565325505,39.95132520294247,36.99078953837664,0,0,,,,11.83,11.9483,11.7117,,2.601977048062798,-6.434566366179784,-12.949871465295647,0,38.88383233477041,32.773324483826435,,,,,0.10064977206408443,-0.7861152837431771,-0.8867650558072615,-0.5070824447992455,38.88383233477041,,,,,,,,,-33.71396077346907,27.16464155251045,-13.582320776255225,0
2022-02-04,9.03,9.575,8.85,9.49,9.593000000000009,11.481143003058673,7.704856996941345,47.503059211847784,41.77132406987666,0,0,,,,11.818888888888889,11.937077777777779,11.7007,,7.231638418079167,-1.0736995726051135,-7.663866636396088,0,44.32259750256352,33.274267879573046,,,,,0.14331787102257465,-0.7076177170290432,-0.8509355880516178,-0.2328697652504779,44.32259750256352,,,,,,,,,-33.66252264017942,27.344518553722782,-13.672259276861391,0
2022-02-07,9.5287,9.87,9.471,9.57,9.52850000000001,11.325021917483692,7.731978082516328,52.08178556904181,46.51205666127735,0,0,,,,11.810444444444444,11.928548888888889,11.69234,,7.1068830442082565,0.43553549876675923,-6.145799280810726,0,45.235367197532945,33.99192730953092,,,,,0.17541167964313753,-0.6316709884976959,-0.8070826681408334,0.09229860995517002,45.235367197532945,,,,,,,,,-33.258761127605744,27.510131791343113,-13.755065895671557,0
2022-02-08,9.52,10.055,9.38,10.01,9.506000000000009,11.266197716166952,7.745802283833066,58.52160079787633,52.70214852625531,0,0,,,,11.803377777777778,11.921411555555556,11.685343999999999,,10.157367668097361,5.301914580264988,-1.2203545935989157,0,50.08247484430363,35.16296158247272,,,,,0.22176987773185797,-0.529870320976011,-0.7516401987078689,0.47404347451712137,50.08247484430363,,,,,,,,,-30.884787795392242,27.62569234256534,-13.81284617128267,0
2022-02-09,10.15,10.679,10.06,10.64,9.495000000000008,11.223681578544618,7.766318421455399,71.73371413817259,60.779033501696915,0,0,,,,11.795066666666665,11.913017333333332,11.677115999999998,,14.371708051166365,12.058978409689214,5.374356265680724,0,56.07690586745042,36.816167861200576,,,,,0.28625844315954296,-0.3938171447584402,-0.6800755879179832,0.7936547030362866,56.07690586745042,,,,,56.07690586745042,,56.07690586745042,,-28.095561160712354,27.69160052882319,-13.845800264411595,0
2022-02-10,10.21,11.11,10.2,10.28,9.43650000000001,10.964076839311,7.908923160689019,71.97651764009287,67.41061085871394,0,0,,,,11.787066666666668,11.904937333333335,11.669196000000001,,7.971851696250476,8.938695490912817,2.1631828270447295,0,52.21801981095259,38.495235177536564,,,,,0.29489824635411,-0.3114527799753457,-0.6063510263294557,0.886520862823851,52.21801981095259,,,,,,,,,-26.347878521668434,27.72990201097014,-13.86495100548507,0
2022-02-11,10.46,10.54,9.46,9.63,9.386000000000008,10.814669310932203,7.957330689067814,67.19868727774862,70.30297301867137,0,0,,,,11.779422222222221,11.897216444444444,11.661627999999999,,-0.31055900621109744,2.599616450031883,-3.5295689050656276,0,46.05554224149868,39.837241803223115,,,,,0.2489009593288768,-0.29522482716835974,-0.5441257864972365,0.8699120220972425,46.05554224149868,,,,,,,,,-27.183758637652062,27.777998727474234,-13.888999363737117,0
2022-02-14,9.59,9.85,9.27,9.48,9.33900000000001,10.688146396800366,7.989853603199653,61.69523096178392,66.95681195987514,0,0,,,,11.768711111111111,11.886398222222223,11.651024,,-2.3083264633140144,1.5097976228717336,-4.135908585296799,0,44.743266133708595,41.16845686183607,,,,,0.20241099271801782,-0.29111204559971426,-0.4935230383177321,0.7936515843729327,44.743266133708595,,,,,,,,,-29.882779652594603,27.864700266281584,-13.932350133140792,0
2022-02-15,9.68,10.23,9.64,10.16,9.34250000000001,10.69976010771677,7.985239892283251,65.70533559816883,64.86641794590047,0,0,,,,11.761955555555556,11.87957511111111,11.644336000000001,,3.9811687647119953,8.750334492908628,3.451786987068517,0,51.491136881952144,42.985373497312246,,,,,0.21055663033116995,-0.23032725040376967,-0.4408838807349396,0.7791129889937441,51.491136881952144,,,,,,,,,-30.119288504347015,27.952165254777398,-13.976082627388699,0
2022-02-16,10.1,10.11,9.76,9.94,9.34700000000001,10.711538017059034,7.982461982940985,64.63146869228085,64.0106784174112,0,0,,,,11.753466666666666,11.871001333333332,11.635932,,1.1910821541281535,6.34428158767506,1.8025399426464306,0,49.389699842724056,44.79233024953824,,,,,0.19460399983302568,-0.1976288809436575,-0.39223288077668317,0.7022974080070155,49.389699842724056,,,,,,,,,-29.338339817342433,28.024479588910303,-14.012239794455152,0
2022-02-17,9.77,9.97,9.02,9.06,9.31350000000001,10.671664570293101,7.955335429706919,53.455514156763066,61.26410614907092,0,0,,,,11.743066666666667,11.860497333333335,11.625636,,-7.795644209240704,-2.7218553712354043,-6.687723152979963,0,42.00504746366867,45.91451483414455,,,,,0.12182010499532342,-0.2399577495325289,-0.3617778545278523,0.34828530680861913,42.00504746366867,,,,,,,,,-30.29001518901832,28.108859612705054,-14.054429806352527,0
2022-02-18,9.08,9.285,8.72,8.94,9.310500000000008,10.671682941415163,7.949317058584853,46.45411237850592,54.84703174251663,0,0,,,,11.730177777777778,11.847479555555555,11.612876,,-8.504758980656957,-3.9793781214758406,-7.379908139655367,0,41.102550603720786,46.17471638171939,,,,,0.06545469855167829,-0.27995948133825443,-0.3454141798899327,-0.0033215940843819946,41.102550603720786,,,,,,,,,-33.13732304826116,28.237672610242107,-14.118836305121054,0
2022-02-22,8.74,9.05,8.59,8.73,9.311000000000009,10.671322020699378,7.9506779793006395,33.574984517138056,44.49487035080236,0,0,,,,11.717955555555555,11.83513511111111,11.600776,,-9.879219572623011,-6.23993126409631,-8.885332591149464,0,39.50300337510098,45.94519148847172,,,,,0.016442076057932298,-0.32486158481751737,-0.34130366087544967,-0.24199249222103186,39.50300337510098,,,,,,,,,-35.95069960323297,28.414320653713624,-14.207160326856812,0
2022-02-23,9.07,9.3599,8.56,8.63,9.318000000000008,10.662702197514218,7.9732978024858,27.868929823229642,35.966008906291215,0,0,,,,11.707288888888888,11.824361777777776,11.590216,,-9.624044402555132,-7.383558703584536,-9.351913448408677,0,38.73007016557731,45.702822447537486,,,,,-0.018410173039756228,-0.364316377175145,-0.34590620413538875,-0.448872755815061,38.73007016557731,38.73007016557731,,38.73007016557731,,,,,,-36.89018141723379,28.6036825278078,-14.3018412639039,0
2022-02-24,8.32,9.91,8.2,9.89,9.388500000000008,10.697442703100332,8.079557296899683,40.714869753891826,34.052928031419846,0,0,,,,11.702399999999999,11.819424,11.585375999999998,,4.390964745619708,5.341641369760808,4.236930860033694,0,51.584469204033404,46.610010795341985,,,,,0.04427402136386993,-0.29056367743055134,-0.33483769879442127,-0.5065198343509654,51.584469204033404,,,,,51.584469204033404,,51.584469204033404,,-34.54564514384192,28.743144860887615,-14.371572430443807,0
2022-02-25,9.83,9.94,9.26,9.45,9.456000000000008,10.623825329404877,8.28817467059514,42.262145122762334,36.94864823329461,0,0,,,,11.696488888888888,11.813453777777777,11.579524,,0.6282611010543171,-0.06345177664984769,0.3042739881120582,0,47.81214156148705,46.85926394240796,,,,,0.05621522196741713,-0.26456867133514983,-0.32078389330256696,-0.5625902880761477,47.81214156148705,,,,,,,,,-32.77745812044039,28.848242212903834,-14.424121106451917,0
2022-02-28,9.53,9.64,9.06,9.54,9.52100000000001,10.546961012904244,8.495038987095775,46.86936631105631,43.28212706257017,0,0,,,,11.689511111111111,11.806406222222222,11.572616,,1.6840758900022346,0.19955886986648963,1.6551822121190218,0,48.63950093454527,47.10241635219455,,,,,0.06942095560601613,-0.2340076987950468,-0.3034286544010629,-0.5815599323376691,48.63950093454527,,,,,,,,,-30.546855433517447,28.915894233710407,-14.457947116855204,0
2022-03-01,9.65,9.76,8.93,9.1,9.52400000000001,10.544654691851983,8.503345308148036,42.799388778389655,43.97696673740277,0,0,,,,11.680622222222222,11.797428444444444,11.563816000000001,,-2.611301369862895,-4.45191096178087,-2.5765469987866996,0,44.89242390363792,46.73169842786128,,,,,0.04874542145052879,-0.24249687758790195,-0.29124229903843074,-0.5850492619842966,44.89242390363792,,,,,,,,,-32.33997891098758,29.007935397649273,-14.503967698824637,0
2022-03-02,9,9.31,8.85,9.05,9.50200000000001,10.54339521796455,8.46060478203547,38.927219680320924,42.865324923255635,0,0,,,,11.672666666666666,11.789393333333333,11.55594,,-1.9820210115887305,-4.756893285624164,-2.750913389211296,0,44.47314466177185,45.902858341741386,,,,,0.032695398909293405,-0.250373050401814,-0.2830684493111074,-0.4932582659180495,44.47314466177185,,,,,,,,,-33.17457211107561,29.110044470614916,-14.555022235307458,0
2022-03-03,8.94,8.98,8.25,8.48,9.455000000000009,10.58779300845277,8.322206991547247,28.690295480585227,36.80563464643194,0,0,,,,11.66231111111111,11.778934222222222,11.545687999999998,,-6.679872345108285,-10.312004230565918,-8.426622511788661,0,39.89832003250593,45.02287978613805,,,,,-0.012873778473063258,-0.2991606724024365,-0.28628689392937323,-0.48733295133352733,39.89832003250593,,,,,,,,,-35.54060219744408,29.248069231016085,-14.624034615508043,0
2022-03-04,8.48,8.59,8.24,8.4,9.42350000000001,10.63417377934746,8.212826220652559,24.651462421681224,30.756325860862464,0,0,,,,11.65191111111111,11.768430222222221,11.535391999999998,,-6.883937479215064,-10.861145009815976,-8.854166666666696,0,39.28747569629123,44.53944646148038,,,,,-0.04325618143500132,-0.34035712072312485,-0.29710093928812353,-0.5589464860735017,39.28747569629123,,,,,,,,,-37.068034906334596,29.408797334457617,-14.704398667228809,0
2022-03-07,8.52,8.83,8.3,8.37,9.367500000000009,10.661437788303415,8.073562211696602,22.917343334553436,25.4197004122733,0,0,,,,11.64231111111111,11.758734222222222,11.525888,,-6.626506024096268,-10.648518815052132,-8.97226753670476,0,39.04605800738961,44.132503023886166,,,,,-0.05923763986092723,-0.3711479891142826,-0.31191034925335537,-0.6293027163690742,39.04605800738961,39.04605800738961,39.04605800738961,39.04605800738961,,,,,,-38.46820252434117,29.590329988293373,-14.795164994146687,0
2022-03-08,8.41,8.801,8.305,8.51,9.31450000000001,10.65684831545298,7.972151684547041,22.98035297195697,23.51638624273055,0,0,,,,11.63168888888889,11.748005777777779,11.515372000000001,,-4.831133974502244,-8.637071233023875,-7.3791902481497695,0,40.8720515512995,43.37399692883955,,,,,-0.054371073372757095,-0.37987419096930175,-0.32550311759654466,-0.5708142786366603,40.8720515512995,,,,,,,,,-38.11049547591193,29.759719585226094,-14.879859792613047,0
2022-03-09,8.68,9.05,8.5112,8.83,9.255500000000008,10.573900166868738,7.93709983313128,29.867392342682358,25.25502954973093,0,0,,,,11.623199999999999,11.739431999999999,11.506967999999999,,-1.4728855166256327,-4.597266490195107,-4.014783679976808,0,44.93272139908603,43.05564132572255,,,,,-0.025081380057186686,-0.356854842668028,-0.33177346261084134,-0.4259422975340453,44.93272139908603,,,,,44.93272139908603,,44.93272139908603,,-36.66810926188023,29.89867219527711,-14.949336097638556,0
2022-03-10,8.6,8.97,8.5112,8.74,9.16050000000001,10.331763847303172,7.989236152696848,30.7511422747434,27.866295863127586,0,0,,,,11.615155555555555,11.73130711111111,11.499004,,-1.2094495309143305,-4.590360788166681,-5.082536924413549,0,44.01712565771404,43.19936119672578,,,,,-0.008127234749971235,-0.3419325060483054,-0.33380527129833415,-0.43396129237673864,44.01712565771404,,,,,,,,,-34.28153247826708,29.995205430238784,-14.997602715119392,0
2022-03-11,8.9,8.99,8.37,8.39,9.066000000000011,10.163367759686503,7.96863224031352,30.27191065286906,30.29681509009828,0,0,,,,11.605555555555556,11.721611111111113,11.4895,,-4.0155588605421455,-7.456430619898635,-8.979134271145995,0,40.55608071990692,43.160327633596225,,,,,-0.016367605248144013,-0.3542647778585142,-0.33789717261037017,-0.5339690931901581,40.55608071990692,,,,,,,,,-32.91597275427956,30.06883847357591,-15.034419236787954,0
2022-03-14,8.35,8.68,8.265,8.53,9.01100000000001,10.10001606966997,7.921983930330049,35.39168329784776,32.13824540848675,0,0,,,,11.596533333333332,11.712498666666665,11.480567999999998,,-1.27314814814804,-5.337920319609479,-7.557257423596598,0,42.503552813006706,43.37465259344663,,,,,-0.0086594759623283,-0.3487215175632805,-0.3400620416009522,-0.6465112700057765,42.503552813006706,,,,,,,,,-31.876626547891334,30.125929088775745,-15.062964544387873,0
2022-03-15,8.51,8.73,7.72,7.92,8.93300000000001,10.097338438770874,7.768661561229147,21.940886291100973,29.201493413939275,0,0,,,,11.583955555555555,11.699795111111111,11.468115999999998,,-7.064069467261069,-11.339975372215482,-13.819368879216555,0,36.84021524447458,43.23966295622501,,,,,-0.039202720025835025,-0.38906544163324597,-0.34986272160741094,-0.8373459843947025,36.84021524447458,36.84021524447458,,36.84021524447458,,,,,,-33.25112339024369,30.199656285229253,-15.099828142614626,0
2022-03-16,7.89,8.68,7.82,8.6,8.85500000000001,9.880875236078655,7.829124763921365,30.741645351376967,29.358071646775244,0,0,,,,11.574622222222223,11.690368444444445,11.458876,,1.4509850182848893,-2.8797289666855908,-6.1169535315309,0,45.55002486224962,42.80863121752618,,,,,-0.009705919274703323,-0.3619951207007901,-0.3522892014260868,-0.7385520238292667,45.55002486224962,,,,,,,,,-32.026205416420304,30.254548598221927,-15.127274299110963,0
2022-03-17,8.53,8.805,8.47,8.65,8.79050000000001,9.689799171577176,7.8912008284228445,37.540410412482174,30.07431401832004,0,0,,,,11.565599999999998,11.681255999999998,11.449943999999999,,1.836590534495075,-1.5983163642569798,-5.305794774485506,0,46.13818391844033,42.68906281445141,,,,,0.015693540908963743,-0.3326722752898821,-0.3483658161988458,-0.5976808588276579,46.13818391844033,,,,,,,,,-30.989214227913862,30.29450777041044,-15.14725388520522,0
2022-03-18,8.73,9.49,8.571,9.07,8.791000000000011,9.690908884276267,7.891091115723754,48.26204670832579,38.848034157394984,0,0,,,,11.559155555555556,11.674747111111111,11.443564,,5.945567106646554,3.173700375383781,-0.7224168126094832,0,50.93278501714225,42.852868820351205,,,,,0.060770152588502824,-0.2724031254632173,-0.33317327805172015,-0.1902463240105857,50.93278501714225,,,,,50.93278501714225,,50.93278501714225,,-27.031991256925608,30.290123112701902,-15.145061556350951,0
2022-03-21,9.01,9.22,8.77,8.83,8.78550000000001,9.683040528332517,7.887959471667502,50.290308299680625,45.36425514016287,0,0,,,,11.551777777777778,11.667295555555556,11.436259999999999,,2.590914372022879,0.5065164190995342,-3.116085143734937,0,48.28761334423765,43.09538235182261,,,,,0.0735588655561254,-0.24122469610656339,-0.3147835616626888,0.10048378214442125,48.28761334423765,,,,,,,,,-25.670523712468448,30.27283167292119,-15.136415836460595,0
2022-03-22,8.77,9.39,8.77,9,8.79900000000001,9.700906868805985,7.897093131194035,60.94168967369218,53.1646815605662,0,0,,,,11.545288888888889,11.660741777777778,11.429836,,3.9741219963032925,2.284350494374232,-1.0445299615173487,0,50.258220781919846,43.50860207469032,,,,,0.0914373302967666,-0.20048689879173054,-0.29192422908849713,0.4760422227070841,50.258220781919846,,,,,,,,,-24.121086073510465,30.242755060955716,-15.121377530477858,0
2022-03-23,8.96,9.09,8.72,8.76,8.80550000000001,9.704309768526942,7.9066902314730765,58.923802983628505,56.718600319000444,0,0,,,,11.537688888888889,11.653065777777778,11.422312,,1.2833853624697689,-0.5167225029811928,-3.240058910162036,0,47.505893768978865,44.0520001987241,,,,,0.0851950878425326,-0.1854303692853314,-0.270625457127864,0.4878450092413186,47.505893768978865,,,,,,,,,-24.67140931880768,30.216705847226773,-15.108352923613387,0
2022-03-24,8.76,8.895,8.515,8.64,8.74300000000001,9.492989333257137,7.993010666742881,55.04981783158735,58.305103496302685,0,0,,,,11.530088888888889,11.645389777777778,11.414788,,0.011575413821152125,-1.1780853254032775,-3.8575667655786683,0,46.14515816202644,44.54183466056234,,,,,0.07162562489830193,-0.18109342600498657,-0.2527190509032885,0.40747242001001444,46.14515816202644,,,,,,,,,-24.979411563851382,30.192837338945687,-15.096418669472843,0
2022-03-25,8.6,8.6,7.835,7.96,8.668500000000009,9.418787278313815,7.918212721686204,41.7302241397947,51.901281651670196,0,0,,,,11.519822222222222,11.635020444444445,11.404624,,-7.398790134946376,-8.173271038818807,-10.655492367554654,0,39.27919882527512,44.55848757612558,,,,,0.01827379474739166,-0.22987680746904893,-0.24815060221644059,0.0057514121805204215,39.27919882527512,,,,,,,,,-27.709125417436884,30.19247567493169,-15.096237837465845,0
2022-03-28,8.075,8.085,7.51,7.64,8.57350000000001,9.339327003963305,7.807672996036714,29.48215626439083,42.0873994119243,0,0,,,,11.508711111111111,11.623798222222222,11.393624,,-10.191606911954764,-10.888202017845794,-13.603980549587247,0,36.52502492681471,44.247985674376665,,,,,-0.03428335206018468,-0.2910047922916714,-0.25672144023148674,-0.29720441647034623,36.52502492681471,36.52502492681471,,36.52502492681471,,,,,,-30.63050648247787,30.221793652953526,-15.110896826476763,0
2022-03-29,7.73,8.39,7.67,8.29,8.533,9.268230576078059,7.797769423921941,33.594204288254566,34.935528230813375,0,0,,,,11.501155555555554,11.61616711111111,11.386143999999998,,-2.9728464419475853,-2.8477674909176187,-5.831124574025037,0,44.966257166589045,44.25038108634117,,,,,-0.02160600166422655,-0.2837289423117699,-0.2621229406475434,-0.27583129919995836,44.966257166589045,,,,,,,,,-31.280562855845137,30.25725002476078,-15.12862501238039,0
2022-03-30,8.24,8.475,7.965,8.1,8.485499999999998,9.203538299814232,7.767461700185764,30.3834972882662,31.15328594697054,0,0,,,,11.493155555555555,11.60808711111111,11.378224,,-4.638568401224397,-4.54304401626302,-7.266066249427583,0,43.15948060808351,44.18912072565327,,,,,-0.022263093038002224,-0.2899518069450462,-0.26768871390704396,-0.3067994368260742,43.15948060808351,,,,,,,,,-30.56528439015565,30.283269970937756,-15.141634985468878,0
2022-03-31,8.12,8.35,7.99,8.05,8.464,9.206735484543442,7.72126451545656,30.660614319510806,31.5461052986772,0,0,,,,11.484933333333334,11.599782666666668,11.370084,,-4.552999762864573,-4.891304347826086,-7.1689409955794865,0,42.673546336145556,44.340368269670314,,,,,-0.022258293339508406,-0.29551158058142946,-0.27325328724192105,-0.42828490070386965,42.673546336145556,,,,,,,,,-29.090510743932786,30.292674859339144,-15.146337429669572,0
2022-04-01,8.05,8.11,7.76,7.92,8.44,9.219563980696957,7.6604360193030425,29.52904759495805,30.191053067578355,0,0,,,,11.476044444444446,11.59080488888889,11.361284000000001,,-4.796249549224651,-6.16113744075829,-8.266090112350877,0,41.36936434307707,44.25935480753248,,,,,-0.02689356670050691,-0.3068702456175547,-0.2799766789170478,-0.5138627289478171,41.36936434307707,,,,,,,,,-29.861543092321927,30.309058908247003,-15.154529454123502,0
2022-04-04,8.02,8.395,7.95,8.3,8.4365,9.217916022359413,7.655083977640588,35.97735395225984,32.05567195557624,0,0,,,,11.46888888888889,11.583577777777778,11.3542,,0.4113234938301735,-1.617969537130326,-3.6265820335178223,0,46.51497145816946,44.95040882279641,,,,,-0.0015858548475027878,-0.2819589974764263,-0.2803731426289235,-0.7065154978602194,46.51497145816946,,,,,46.51497145816946,,46.51497145816946,,-28.949149105799943,30.315339462039777,-15.157669731019888,0
2022-04-05,8.33,8.35,8.08,8.2,8.421000000000001,9.208245831999127,7.633754168000876,39.918986411766284,35.14179598632807,0,0,,,,11.461155555555555,11.57576711111111,11.346544,,0.17102369899832937,-2.624391402446291,-4.591995035681052,0,45.386121607814985,44.93870144747965,,,,,0.010534003822774252,-0.2672056378504557,-0.27773964167322995,-0.7068531833214664,45.386121607814985,,,,,,,,,-28.206676368609447,30.313860843461775,-15.156930421730888,0
2022-04-06,8.14,8.2664,7.98,8.06,8.382500000000002,9.161239365898489,7.603760634101516,39.83977308786395,38.57870448396337,0,0,,,,11.452533333333333,11.567058666666666,11.338008,,-0.6899950714637448,-3.847300924545205,-6.013137948458835,0,43.78408506262383,44.77055152920705,,,,,0.011175912912450348,-0.26376975053266705,-0.2749456634451174,-0.7111880898302246,43.78408506262383,,,,,,,,,-27.504003050538895,30.30551544516902,-15.15275772258451,0
2022-04-07,8.02,8.09,7.74,7.93,8.342000000000002,9.12638765926034,7.557612340739665,37.90961017775926,39.222789892463176,0,0,,,,11.44328888888889,11.557721777777779,11.328856000000002,,-1.4294592914853799,-4.938863581874875,-6.819161019936548,0,42.29128970470247,44.15330186403277,,,,,0.005202720106650183,-0.26844226331180465,-0.27364498341845483,-0.6576006230014464,42.29128970470247,,,,,,,,,-28.174976762706233,30.302580825717037,-15.151290412858518,0
2022-04-08,7.87,8.01,7.6713,7.8,8.312500000000002,9.13108108944682,7.493918910553183,35.25905596928064,37.66947974496796,0,0,,,,11.433555555555557,11.547891111111113,11.319220000000001,,-2.8521609166770268,-6.165413533834608,-7.75053220846803,0,40.793470699172246,43.61800596081381,,,,,-0.004615423825827025,-0.2794142632007386,-0.27479883937491156,-0.6286908024036149,40.793470699172246,40.793470699172246,,40.793470699172246,,,,,,-28.725699366845976,30.304065040214997,-15.152032520107499,0
2022-04-11,7.79,7.95,7.65,7.83,8.2775,9.115518496215984,7.439481503784015,34.86784605044102,36.012170732493644,0,0,,,,11.424088888888889,11.538329777777777,11.309848,,-2.7087475149105145,-5.406221685291445,-6.767215717404252,0,41.31004732659005,42.97885071400453,,,,,-0.006107479611439648,-0.2824331888892111,-0.27632570927777145,-0.5478013949536445,41.31004732659005,,,,,,,,,-28.80576411501036,30.305626120568984,-15.152813060284492,0
2022-04-12,7.96,8.34,7.96,8.2,8.291500000000001,9.114379699591609,7.468620300408394,42.30649218103285,37.477798066918176,0,0,,,,11.41608888888889,11.53024977777778,11.301928,,2.0027366587884288,-1.1035397696436355,-2.0115514837681925,0,47.40505563470922,42.971647990128126,,,,,0.019409237259512824,-0.2520641627033804,-0.2714733999628932,-0.2764137151830858,47.40505563470922,,,,,,,,,-27.513872212419415,30.29523473404051,-15.147617367020255,0
2022-04-13,8.22,8.42,8.04,8.38,8.2805,9.092398392657635,7.4686016073423644,49.15762671935688,42.11065498361025,0,0,,,,11.409155555555555,11.523247111111111,11.295064,,3.880004958472827,1.2016182597669234,0.40738078121256294,0,50.119001291930374,43.25549392797841,,,,,0.04834730741881821,-0.21103926568937048,-0.2593865731081887,0.21919604309382665,50.119001291930374,,,,,,,,,-25.4933605042356,30.268870008455664,-15.134435004227832,0
2022-04-14,8.35,8.48,8.25,8.42,8.269000000000002,9.066016938339434,7.471983061660569,54.13962711824312,48.53458200621096,0,0,,,,11.402577777777777,11.516603555555555,11.288552,,3.899308983218175,1.8260974724875867,0.9108341323106339,0,50.72746436857169,44.073227181071026,,,,,0.06886816785325403,-0.17330136329162116,-0.2421695311448752,0.33962306132235026,50.72746436857169,,,,,,,,,-23.45541448412703,30.22923809038078,-15.11461904519039,0
2022-04-18,8.38,8.38,7.93,7.98,8.214500000000001,8.929859350256944,7.499140649743059,56.00555178457611,53.10093520739204,0,0,,,,11.394044444444443,11.507984888888888,11.280103999999998,,-1.6029593094944228,-2.8547081380485784,-4.201680672268926,0,44.32270632594376,44.630204423865955,,,,,0.05224810376989161,-0.17685940143251067,-0.22910750520240228,0.03403956035109411,44.32270632594376,,,,,,,,,-23.908277087963565,30.192333422644975,-15.096166711322487,0
2022-04-19,8.02,8.465,7.95,8.44,8.195,8.861798320333808,7.528201679666194,58.15824117072083,56.10114002451336,0,0,,,,11.387511111111111,11.501386222222223,11.273636,,3.8897095027080386,2.9896278218425776,1.292155058607003,0,51.252240929573965,45.07920326407916,,,,,0.07053689239935518,-0.14093638970320832,-0.2114732821025635,0.3388062357855516,51.252240929573965,,,,,,,,,-23.506712405179698,30.1530754459435,-15.07653772297175,0
2022-04-20,8.47,8.535,8.204,8.46,8.168,8.73909018552249,7.596909814477509,63.20544544003829,59.12307946511174,0,0,,,,11.380755555555556,11.49456311111111,11.266948000000001,,3.8036809815951145,3.5749265426053167,1.5524967989756666,0,51.53467295832801,45.67743128909662,,,,,0.08150660516591315,-0.10959002564517206,-0.19109663081108522,0.4795228107545509,51.53467295832801,,,,,51.53467295832801,,51.53467295832801,,-23.155608684597837,30.111893036698724,-15.055946518349362,0
2022-04-21,8.58,8.74,7.825,7.87,8.1235,8.639146196534083,7.6078538034659156,49.61058228432521,56.99142296502811,0,0,,,,11.37111111111111,11.484822222222222,11.257399999999999,,-3.209937277087671,-3.1205761063580972,-5.16548843187662,0,43.5235982501963,45.738149282957394,,,,,0.048199267536811974,-0.13084754639007024,-0.1790468139268822,0.27495806837876907,43.5235982501963,,,,,,,,,-23.255853652160663,30.07134283651028,-15.03567141825514,0
2022-04-22,7.95,8.09,7.57,7.71,8.077000000000002,8.564938520717478,7.589061479282527,39.19658172205334,50.67086981547229,0,0,,,,11.360622222222222,11.474228444444444,11.247016,,-4.920458749537526,-4.543766249845261,-6.707538418101899,0,41.6334897835568,45.757015385848796,,,,,0.016217697746174986,-0.15877469174416348,-0.17499238949033846,-0.04481440005829982,41.6334897835568,,,,,,,,,-25.271902164194103,30.04312453620093,-15.021562268100466,0
2022-04-25,7.62,7.885,7.47,7.83,8.0705,8.567872094110774,7.5731279058892245,36.86166119286966,41.88960839974941,0,0,,,,11.350577777777776,11.464083555555554,11.237071999999998,,-3.4763313609467272,-2.979988848274573,-5.041031652989469,0,43.6113675280364,45.54961510512501,,,,,0.004575602743040197,-0.16927288606153823,-0.17384848880457843,-0.07407715720206065,43.6113675280364,,,,,,,,,-26.977875381300162,30.02692518088408,-15.01346259044204,0
2022-04-26,7.76,7.79,7.23,7.24,8.0505,8.639277547126333,7.461722452873666,25.836404854287665,33.964882589736895,0,0,,,,11.337644444444443,11.451020888888888,11.224267999999999,,-10.095616540419705,-10.067697658530516,-11.736020806241898,0,36.97669805024138,44.94894199386975,,,,,-0.03902877568142399,-0.22263445840635843,-0.18360568272493444,-0.29957737473964463,36.97669805024138,36.97669805024138,,36.97669805024138,,,,,,-28.743253582513912,30.024642296344894,-15.012321148172447,0
2022-04-27,7.272,7.45,7.15,7.32,8.001999999999999,8.65965036303503,7.344349636964968,25.606667791731738,29.43491127962969,0,0,,,,11.32542222222222,11.438676444444443,11.212167999999998,,-8.097928436911461,-8.522869282679313,-10.542610395958963,0,38.34632167346459,44.560530323215524,,,,,-0.057533891339897225,-0.255523046899806,-0.19798915555990876,-0.4585483163538814,38.34632167346459,,,,,,,,,-29.76230226822121,30.030779617952422,-15.015389808976211,0
2022-04-28,7.41,7.53,6.98,7.51,7.972499999999999,8.662075956657505,7.282924043342493,27.9087828357874,26.450618493935607,0,0,,,,11.312266666666666,11.425389333333333,11.199143999999999,,-4.671236354404639,-5.801191596111632,-7.811285240803667,0,41.59281601384991,44.510639345297484,,,,,-0.05218613221288487,-0.26322182082601486,-0.21103568861313,-0.5786895275982504,41.59281601384991,,,,,,,,,-30.56580529673806,30.043658033378033,-15.021829016689017,0
2022-04-29,7.48,7.82,7.34,7.38,7.938999999999998,8.673871417324252,7.204128582675745,26.531948061747173,26.682466229755438,0,0,,,,11.297822222222221,11.410800444444444,11.184843999999998,,-5.068175971185984,-7.041189066633057,-8.933859822309998,0,40.03929712661822,44.45676980440077,,,,,-0.05247090131766535,-0.2766243152602117,-0.22415341394254634,-0.737336550111242,40.03929712661822,,,,,,,,,-29.93308521637637,30.04993882565739,-15.024969412828694,0
2022-05-02,7.39,7.485,7.08,7.46,7.9159999999999995,8.680026177562066,7.151973822437934,30.693880882219325,28.378203926584636,0,0,,,,11.28422222222222,11.397064444444442,11.17138,,-3.392903392903379,-5.760485093481549,-7.333029688211701,0,41.48765874217825,44.469456334085635,,,,,-0.042749800731313264,-0.27759066485668793,-0.23484086412537467,-0.8493504245590529,41.48765874217825,,,,,,,,,-29.299467034978843,30.050013658388067,-15.025006829194034,0
2022-05-03,7.5,7.6,7.02,7.11,7.8565,8.675041996479168,7.037958003520832,25.414784579560482,27.546871174508997,0,0,,,,11.269288888888887,11.381981777777776,11.156595999999999,,-6.311767031229387,-9.501686501622853,-11.04716627048673,0,37.24848123795604,43.74398673431755,,,,,-0.05461097102289497,-0.30310457790399337,-0.2484936068810984,-0.8878340119349046,37.24848123795604,,,,,,,,,-30.349363022667337,30.058770397455472,-15.029385198727736,0
2022-05-04,7.12,7.13,6.585,7.06,7.7995,8.671451260105782,6.927548739894219,22.51675865456033,26.20847470544672,0,0,,,,11.255244444444443,11.367796888888888,11.142691999999998,,-5.2221774734863775,-9.481377011346892,-10.952280849274809,0,36.67200165102481,42.783486759967154,,,,,-0.06010793984143398,-0.32362853168289085,-0.2635205918414569,-0.8916956394695154,36.67200165102481,,,,,,,,,-31.120362856692513,30.073945141104286,-15.036972570552143,0
2022-05-05,6.98,7.1,6.61,6.78,7.7355,8.704117055393942,6.766882944606057,19.086685136206242,22.339409456775687,0,0,,,,11.239377777777776,11.351771555555553,11.126983999999998,,-7.629427792915511,-12.352142718634862,-13.766057574087476,0,33.541390438143296,41.55591005065084,,,,,-0.07586885480754157,-0.35835666035088387,-0.2824878055433423,-0.8940462920862353,33.541390438143296,,,,,,,,,-33.01471309404983,30.107043813314355,-15.053521906657178,0
2022-05-06,6.72,6.72,6.26,6.52,7.664999999999999,8.763298684329586,6.566701315670413,15.969614519603464,19.191019436790018,0,0,,,,11.22271111111111,11.33493822222222,11.110484,,-9.707796704057603,-14.938030006523151,-16.32085561497333,0,30.903245717335068,40.59737715003593,,,,,-0.09578752542391172,-0.40222221232323196,-0.30643468689932024,-0.9276709322046091,30.903245717335068,,,,,,,,,-34.57427820773793,30.15577583770558,-15.07788791885279,0
2022-05-09,6.25,6.3905,5.61,5.67,7.5584999999999996,8.95608756434082,6.160912435659179,10.092885729921829,15.049728461910517,0,0,,,,11.201955555555553,11.313975111111109,11.089935999999998,,-19.05781584582439,-24.985116094463187,-26.509980126155753,0,24.20147397194802,38.665179510205505,,,,,-0.15470212961115853,-0.4998123489132684,-0.3451102193021099,-0.8962000114916565,24.20147397194802,,,,,,,,,-38.691257988693756,30.253302629326196,-15.126651314663098,0
2022-05-10,5.84,5.96,5.38,5.51,7.442499999999998,9.092940850197367,5.792059149802628,8.357862369996116,11.47345420650714,0,0,,,,11.180222222222222,11.292024444444444,11.06842,,-19.350117096018728,-25.96573731944909,-27.920463960232023,0,23.182346136938975,36.640013308677716,,,,,-0.19058344309999736,-0.5833395231771066,-0.3927560800771092,-0.8876154577356554,23.182346136938975,,,,,,,,,-42.430523033193786,30.401423862031002,-15.200711931015501,0
2022-05-11,5.49,5.635,5.105,5.17,7.2909999999999995,9.175206994998193,5.406793005001805,5.959606253176103,8.136784784364687,0,0,,,,11.156933333333331,11.268502666666665,11.045363999999998,,-21.867915974006337,-29.09065971745988,-31.435391892489317,0,21.1446861929156,35.041519590300524,,,,,-0.2211997797332107,-0.6692558047436226,-0.44805602501041186,-0.9004904296842741,21.1446861929156,21.1446861929156,,21.1446861929156,,,,,,-46.470784244902994,30.610842968763876,-15.305421484381938,0
2022-05-12,5.02,5.39,4.9373,5.19,7.1315,9.15489590787372,5.108104092126279,7.485989932320027,7.267819518497421,1,0,,,,11.133999999999999,11.245339999999999,11.022659999999998,,-18.715740015661698,-27.224286615718984,-30.27317510076135,0,21.58133225121705,33.60922262370483,,,,,-0.2234326538989726,-0.7273468423841276,-0.503914188485155,-0.922549681545385,21.58133225121705,,,,,,,,,-47.68938224419105,30.835883041814707,-15.417941520907354,0
2022-05-13,5.35,5.99,5.31,5.86,7.0035,9.008466583262702,4.998533416737297,18.13599397514984,10.52719672021533,0,0,,,,11.11422222222222,11.225364444444441,11.003079999999997,,-5.984277234076673,-16.327550510459055,-20.49206277418485,0,34.638527485756626,32.9683054778277,,,,,-0.1657675430202662,-0.7111236172604878,-0.5453560742402216,-0.8971283554241583,34.638527485756626,,,,,,,,,-46.12757185995719,31.02875078568094,-15.51437539284047,0
2022-05-16,5.812,5.9,5.39,5.41,6.874999999999998,8.941634945993158,4.808365054006838,18.99912943968192,14.873704449050601,0,0,,,,11.092533333333332,11.203458666666666,10.981607999999998,,-10.252156602521556,-21.309090909090887,-25.754803293687157,0,30.91524853788431,32.53534479837362,,,,,-0.14468040164574514,-0.726206576297403,-0.5815261746516579,-0.9183388732012784,30.91524853788431,,,,,,,,,-44.96269259656947,31.19821261873924,-15.59910630936962,0
2022-05-17,5.51,5.79,5.33,5.66,6.735999999999999,8.735773987229587,4.736226012770412,24.225079032211205,20.453400815680993,0,0,,,,11.070977777777777,11.181687555555555,10.960268,,-3.7905830358660353,-15.973871733966726,-21.374328579366598,0,35.08963255672647,32.30272414717804,,,,,-0.10262292514556948,-0.7098048310836198,-0.6071819059380503,-0.9006077365653583,35.08963255672647,,,,,35.08963255672647,,35.08963255672647,,-43.042703959999976,31.334830170636145,-15.667415085318073,0
2022-05-18,5.32,5.34,4.63,4.7,6.547999999999999,8.57095427531126,4.525045724688738,17.290137572848412,20.171448681580518,0,0,,,,11.043199999999999,11.153631999999998,10.932768,,-16.76996635381617,-28.222357971899804,-33.63456650663659,0,28.074470846057395,31.33712806376429,,,,,-0.12661184608084297,-0.7654467135391041,-0.6388348674582611,-0.9053159198462284,28.074470846057395,,,,,,,,,-46.40180311164327,31.518893216254693,-15.759446608127346,0
2022-05-19,4.68,4.88,4.5499,4.75,6.391999999999999,8.463720058309063,4.320279941690934,17.051744710823687,19.522320438627776,0,0,,,,11.015866666666666,11.126025333333333,10.905707999999999,,-12.747979426891975,-25.688360450563184,-31.867081042314194,0,28.87206601539144,30.539468698676668,,,,,-0.12599541605806885,-0.7963291375308472,-0.6703337214727784,-0.9019803604707729,28.87206601539144,,,,,,,,,-47.931430596405455,31.723091089234583,-15.861545544617291,0
2022-05-20,4.85,4.9,4.5,4.73,6.2429999999999986,8.342581863133724,4.1434181368662735,17.870948884159052,17.404277055943727,1,0,,,,10.988488888888888,11.098373777777777,10.878604,,-10.161443494776801,-24.235143360563804,-31.09978150036422,0,28.73480337343041,29.628550458051826,,,,,-0.11416921044783623,-0.8130452345325736,-0.6988760240847374,-0.8886653691418006,28.73480337343041,,,,,,,,,-50.260291497973164,31.961465713984246,-15.980732856992123,0
2022-05-23,4.75,4.785,4.5,4.58,6.080499999999998,8.166649323514534,3.994350676485462,16.687061561367077,17.20325171878328,0,0,,,,10.960133333333332,11.069734666666665,10.850531999999998,,-11.171450737005406,-24.6772469369295,-32.22512701622853,0,27.67221664455107,28.9445315585229,,,,,-0.10397296548042179,-0.8288422309352645,-0.7248692654548428,-0.8764404696184466,27.67221664455107,,,,,,,,,-50.04163187410333,32.190029677585976,-16.095014838792988,0
2022-05-24,4.52,4.56,4.33,4.37,5.936999999999998,8.078477060348806,3.7955229396511885,14.782496142806075,16.446835529444076,0,0,,,,10.928933333333333,11.038222666666666,10.819644,,-13.328044426814733,-26.393801583291186,-34.20986601093998,0,26.21087934924921,28.197308536967494,,,,,-0.09892493668518954,-0.8485254363113297,-0.7496004996261402,-0.8701285394417422,26.21087934924921,26.21087934924921,26.21087934924921,26.21087934924921,,,,,,-50.85718672790955,32.42671900471707,-16.213359502358536,0
2022-05-25,4.37,4.64,4.2716,4.58,5.799999999999998,7.920518804443887,3.6794811955561086,18.121074301394145,16.53021066852244,1,0,,,,10.900755555555554,11.00976311111111,10.791747999999998,,-8.087497491470973,-21.034482758620666,-29.77255302836703,0,30.181528717010522,27.957318414029437,,,,,-0.0703394473154968,-0.8375248087705112,-0.7671853614550144,-0.8461662668524699,30.181528717010522,,,,,,,,,-50.89066487610186,32.6580143628476,-16.3290071814238,0
2022-05-26,4.62,4.83,4.59,4.66,5.657499999999999,7.67999227439812,3.635007725601878,21.177996507373763,18.027188983858,0,0,,,,10.87213333333333,10.980854666666664,10.763411999999997,,-5.476673427991841,-17.63146266018557,-27.160944094201056,0,31.68956445285886,28.01348403799543,,,,,-0.03663561070981736,-0.8129798748422861,-0.7763442641324687,-0.810010346461116,31.68956445285886,,,,,,,,,-50.131205361254416,32.870978851517734,-16.435489425758867,0
2022-05-27,4.74,5.1588,4.73,5,5.538499999999998,7.416501863683869,3.6604981363161277,32.01259055820785,23.770553788991922,0,0,,,,10.844888888888889,10.953337777777778,10.73644,,3.220478943022309,-9.722849146880897,-20.42862447615518,0,37.83510534912948,28.98731485065125,,,,,0.01518558853671903,-0.7573622784615699,-0.7725478669982889,-0.6997551930834413,37.83510534912948,,,,,37.83510534912948,,37.83510534912948,,-47.39670188789709,33.03639803281857,-16.518199016409284,0
2022-05-31,5.09,5.15,4.69,4.76,5.403499999999998,7.0877716526736565,3.7192283473263403,37.098795947978346,30.09646100451999,0,0,,,,10.815155555555554,10.923307111111109,10.707004,,-0.3975727139568619,-11.908947904136191,-22.93162070268234,0,35.41321006104177,29.86094798808716,,,,,0.038596990757678196,-0.7243016285511912,-0.7628986193088694,-0.6428273912840682,35.41321006104177,,,,,,,,,-46.307261363458146,33.182216483637276,-16.591108241818638,0
2022-06-01,4.73,4.83,4.59,4.71,5.283499999999998,6.797742715022945,3.769257284977051,37.996312799164315,35.70256643511684,0,0,,,,10.784533333333334,10.892378666666668,10.676688,,0.5550811272416967,-10.85454717516795,-22.17448777263722,0,34.911819283332605,30.844314637402665,,,,,0.055011803978357365,-0.6941338643359227,-0.7491456683142801,-0.6438266795829799,34.911819283332605,,,,,,,,,-45.47057183237349,33.313091553360515,-16.656545776680257,0
2022-06-02,4.75,5.14,4.75,4.92,5.176499999999999,6.458050233116147,3.8949497668838506,44.18412393803445,39.75974422839238,0,0,,,,10.757644444444443,10.865220888888887,10.650068,,4.54738631534215,-4.955085482468835,-17.087967644085023,0,38.829144041258225,32.07630119383417,,,,,0.08264800869047462,-0.6458356574511868,-0.7284836661416614,-0.5713471221340553,38.829144041258225,,,,,,,,,-44.89648918859621,33.43328468020097,-16.716642340100485,0
2022-06-03,4.86,4.96,4.76,4.9,5.082499999999999,6.135151414286832,4.029848585713165,43.779724972432206,41.986720569877,0,0,,,,10.732222222222223,10.839544444444446,10.6249,,3.7915695827155815,-3.5907525823905218,-16.02399314481585,0,38.59092960926417,32.35861563122757,,,,,0.10100239446943304,-0.6022306730548701,-0.7032330675243031,-0.3485360751387525,38.59092960926417,,,,,,,,,-43.476520874404294,33.53267610640246,-16.76633805320123,0
2022-06-06,5.11,5.14,4.85,4.98,5.0055,5.825974862503427,4.185025137496572,48.36764449245326,45.44383113430664,0,0,,,,10.708133333333333,10.815214666666666,10.601052,,4.930467762326218,-0.509439616421925,-13.300835654596188,0,40.17202910693929,33.019814243302925,,,,,0.11872851022217124,-0.5548224297465891,-0.6735509399687604,-0.07312464674980607,40.17202910693929,,,,,40.17202910693929,,40.17202910693929,,-41.653171014891704,33.60821087680369,-16.804105438401844,0
2022-06-07,4.86,4.935,4.65,4.84,4.9639999999999995,5.727842915788326,4.200157084211673,47.49757055738833,46.548313340757936,0,0,,,,10.681644444444444,10.788460888888888,10.574828,,1.4249790444258226,-2.497985495568089,-14.250280517333124,0,38.31296170727719,33.250052039770836,,,,,0.12082111388432049,-0.5225245476133598,-0.6433456614976802,0.5755772045924169,38.31296170727719,,,,,,,,,-41.32556449489112,33.67824071359218,-16.83912035679609,0
2022-06-08,4.81,4.9,4.66,4.85,4.930999999999999,5.653548268283894,4.208451731716105,48.148313305951305,48.00450945193097,0,0,,,,10.6556,10.762156,10.549044,,0.6224066390041694,-1.6426688298519454,-12.842937582365021,0,38.531777502745264,33.99700251524854,,,,,0.12230251111222368,-0.4904675226074007,-0.6127700337196244,0.6020423313978703,38.531777502745264,,,,,,,,,-40.9501030144408,33.74244553080547,-16.871222765402734,0
2022-06-09,4.83,4.83,4.43,4.44,4.894499999999999,5.63850201612631,4.150497983873688,44.044076759728476,46.56332020768938,0,0,,,,10.628222222222222,10.734504444444445,10.521939999999999,,-7.6154806491884885,-9.285933190315632,-18.81019139339276,0,33.31405697543255,34.3142875838229,,,,,0.09624098773210055,-0.4924687990544987,-0.5887097867865992,0.3377527278574935,33.31405697543255,,,,,,,,,-42.65898848827381,33.8240660458546,-16.9120330229273,0
2022-06-10,4.33,4.43,4.19,4.22,4.845999999999999,5.631910936429837,4.060089063570161,33.27040168326148,41.82093058298043,0,0,,,,10.599199999999998,10.705191999999998,10.493207999999997,,-11.381772364552688,-12.917870408584387,-21.253965292032195,0,30.896407876235898,34.468687905451866,,,,,0.06618828687688427,-0.5059744281904939,-0.5721627150673781,0.01194693718683278,30.896407876235898,,,,,,,,,-44.7506142651412,33.928568206064,-16.964284103032,0
2022-06-13,4.05,4.17,3.93,4.09,4.7574999999999985,5.461058810619299,4.053941189380698,25.990799583274395,34.435092675421465,0,0,,,,10.568666666666664,10.67435333333333,10.462979999999996,,-12.438450010704338,-14.030478192327877,-22.085344170688437,0,29.532541206116704,34.60156823127798,,,,,0.04080213879008521,-0.5211600415797717,-0.5619621803698569,-0.3009606779083297,29.532541206116704,,,,,,,,,-47.408130255942275,34.06465648090682,-17.03232824045341,0
2022-06-14,4.13,4.16,3.93,4,4.686999999999999,5.3974393007147325,3.9765606992852667,20.18485617185343,26.482019146129783,0,0,,,,10.538577777777775,10.643963555555553,10.433191999999996,,-12.948857453754059,-14.657563473437152,-22.08804051421902,0,28.591550205318512,34.77161614956864,,,,,0.022131389628689213,-0.5342979433339954,-0.5564293329626846,-0.6251933923871134,28.591550205318512,28.591550205318512,28.591550205318512,28.591550205318512,,,,,,-48.790986687818815,34.21636398929656,-17.10818199464828,0
2022-06-15,4.1,4.385,4.02,4.33,4.6205,5.188988346406499,4.0520116535935005,25.942490600921907,24.03938211868326,0,0,,,,10.510888888888886,10.615997777777775,10.405779999999996,,-4.981347377660727,-6.287198355156365,-14.110023803226767,0,36.57190880938961,35.228071870452865,,,,,0.03540145082756607,-0.512177519428227,-0.547578970255793,-0.7390772912194086,36.57190880938961,,,,,,,,,-47.889327426540795,34.35249591671705,-17.176247958358523,0
2022-06-16,4.23,4.255,4.07,4.14,4.592499999999999,5.1966150552668235,3.9883849447331756,24.967816404306483,23.69838772569395,0,0,,,,10.4828,10.587627999999999,10.377972,,-7.568653717347617,-9.853021230266734,-16.262135922330188,0,34.201913171608226,35.407525350363535,,,,,0.03472988237555463,-0.5041666172863497,-0.5388964996619043,-0.8357600153870673,34.201913171608226,,,,,,,,,-47.27754114481414,34.47762220030814,-17.23881110015407,0
2022-06-17,4.21,4.32,4.09,4.18,4.563999999999999,5.1891207883281565,3.938879211671842,31.622464380190124,27.51092379513952,0,0,,,,10.455688888888886,10.560245777777775,10.351131999999998,,-5.15089630133877,-8.413672217353184,-13.94455119407093,0,35.154643249244515,35.216063771800314,,,,,0.03995408153158109,-0.4889538977474279,-0.528907979279009,-0.8248643290751255,35.154643249244515,,,,,,,,,-46.013631320403086,34.584218119928316,-17.292109059964158,0
2022-06-21,4.39,4.42,4.14,4.15,4.534999999999999,5.1801201438492095,3.889879856150789,34.53111646916926,30.373799084555287,0,0,,,,10.428311111111109,10.53259422222222,10.324027999999997,,-4.024051803885276,-8.489525909592043,-13.149633763515977,0,34.74826016576915,35.16856735070942,,,,,0.044041472551061944,-0.4738561385901816,-0.5178976111412436,-0.845040209892563,34.74826016576915,,,,,,,,,-46.06904335847167,34.68908727743342,-17.34454363871671,0
2022-06-22,4.12,4.29,4.07,4.09,4.510499999999999,5.183537146077431,3.8374628539225655,33.45322792529062,33.20226959155,0,0,,,,10.401288888888887,10.505301777777776,10.297275999999998,,-3.742056954577544,-9.322691497616653,-13.451364886788564,0,33.90410953808319,35.096588083191605,,,,,0.0451871571237068,-0.46141366473661005,-0.5066008218603169,-0.8688977619942004,33.90410953808319,,,,,,,,,-45.60753048205976,34.78613919726778,-17.39306959863389,0
2022-06-23,4.14,4.205,3.98,4.07,4.495499999999999,5.19331014609995,3.7976898539000477,32.41218710692185,33.465510500460574,0,0,,,,10.374844444444442,10.478592888888887,10.271095999999996,,-2.4214816590745425,-9.465020576131655,-12.990807382598257,0,33.61099879920198,34.72386342304473,,,,,0.046878694288546185,-0.4480024539996341,-0.4948811482881803,-0.8439787104304894,33.61099879920198,,,,,,,,,-45.5382165687634,34.88020476066113,-17.440102380330565,0
2022-06-24,4.14,4.29,4.08,4.1,4.471499999999999,5.188780279946443,3.7542197200535545,34.987622003891595,33.61767901203469,0,0,,,,10.34862222222222,10.452108444444443,10.245135999999997,,-0.8943678994440152,-8.308173990830802,-11.676001723395224,0,34.52538213484526,34.43346717487195,,,,,0.0519077252739521,-0.42999649169574017,-0.48190421696969227,-0.7952416308959661,34.52538213484526,,,,,,,,,-45.07492725162539,34.96688152470774,-17.48344076235387,0
2022-06-27,4.17,4.31,4.03,4.09,4.442999999999999,5.173235578426614,3.7127644215733837,35.13604592093203,34.178618343915154,0,0,,,,10.321866666666665,10.425085333333332,10.218647999999998,,-0.8244422890397618,-7.945082151699278,-11.18992472495669,0,34.35552173400734,34.018002362519674,,,,,0.0560939878552959,-0.4117867321505724,-0.4678807200058683,-0.7258914615548833,34.35552173400734,,,,,,,,,-44.369370137239095,35.04381418013142,-17.52190709006571,0
2022-06-28,4.19,4.2198,3.96,3.96,4.390999999999999,5.103064603810656,3.6789353961893423,32.86203769405798,34.3285685396272,0,0,,,,10.294044444444442,10.396984888888886,10.191103999999997,,-3.6730722451957853,-9.815531769528562,-12.813738441215438,0,32.141662407461,33.577195269675656,,,,,0.051746599523036674,-0.40319747060207245,-0.4549440701251091,-0.678909512492325,32.141662407461,,,,,,,,,-44.16835804851606,35.1168228270809,-17.55841141354045,0
2022-06-29,3.96,4,3.66,3.72,4.338999999999999,5.086687100330109,3.591312899669888,24.724740958233,30.90760819107433,0,0,,,,10.2656,10.368255999999999,10.162944,,-8.89052167523875,-14.265959898594115,-17.06918332466386,0,28.491431664117727,32.86002770977369,,,,,0.035140497415000416,-0.4110184483563586,-0.446158945771359,-0.7120535659700701,28.491431664117727,28.491431664117727,,28.491431664117727,,,,,,-45.55188712354982,35.2032076423263,-17.60160382116315,0
2022-06-30,3.7,3.84,3.53,3.79,4.292999999999998,5.056756505700635,3.5292434942993616,24.870752612851284,27.485843755047416,0,0,,,,10.236399999999998,10.338763999999998,10.134035999999998,,-5.931993050384687,-11.716748194735583,-14.318010550113168,0,30.954403528306017,32.691481034978935,,,,,0.0314247737975204,-0.4068779785244585,-0.4383027523219789,-0.7056666117191305,30.954403528306017,,,,,,,,,-46.56188192364436,35.29904237242499,-17.649521186212496,0
2022-07-01,3.79,3.9,3.7,3.8,4.236999999999999,4.9723665752534645,3.501633424746534,25.248382144554867,24.947958571879713,0,0,,,,10.20631111111111,10.30837422222222,10.104247999999998,,-4.881101376720876,-10.313901345291466,-13.505311077390136,0,31.318342678975725,32.721619235174636,,,,,0.0320825908166375,-0.398199513801182,-0.4302821046178195,-0.7348624202977744,31.318342678975725,,,,,,,,,-46.94873095087854,35.39719425443022,-17.69859712721511,0
2022-07-05,3.82,3.97,3.585,3.97,4.190499999999999,4.867596005009642,3.5134039949903557,35.06808854209172,28.395741099832623,0,0,,,,10.174266666666664,10.27600933333333,10.072523999999998,,-0.10065425264214056,-5.261901921011791,-9.097847656846413,0,37.36281797954311,33.28092471899081,,,,,0.04558487801879363,-0.37330100709432745,-0.4188858851131211,-0.7376255452412601,37.36281797954311,,,,,,,,,-45.452504197928214,35.47658841952263,-17.738294209761314,0
2022-07-06,3.96,3.99,3.8,3.95,4.138999999999999,4.717581022848151,3.560418977151848,38.386129435685454,32.90086670744402,0,0,,,,10.144977777777775,10.246427555555552,10.043527999999998,,-0.1011633788568278,-4.566320367238442,-9.014127764127899,0,36.950808185183256,33.87801457469543,,,,,0.054200764803096824,-0.35113492910925004,-0.40533569391234686,-0.8101089880990653,36.950808185183256,,,,,,,,,-44.43265192714151,35.54350282147354,-17.77175141073677,0
2022-07-07,4.06,4.1701,3.94,4.16,4.1049999999999995,4.5866014950143,3.6233985049857,46.57383752379078,40.00935183385599,0,0,,,,10.116266666666666,10.217429333333333,10.015104,,5.023983842464053,1.3398294762484886,-3.8668926205516985,0,43.940973549687875,34.40437634185959,,,,,0.07385681961987534,-0.31301466938750266,-0.386871489007378,-0.5228303000592931,43.940973549687875,,,,,,,,,-42.45592474582654,35.58950089244674,-17.79475044622337,0
2022-07-08,4.13,4.3,4.055,4.25,4.074999999999999,4.423625873968083,3.7263741260319154,53.61178257740203,46.19058317895942,0,0,,,,10.089777777777774,10.190675555555552,9.988879999999996,,6.8107564714752655,4.294478527607382,-1.6962220508867976,0,46.669878427608076,35.294945288716725,,,,,0.09157578071249411,-0.27240176311676034,-0.36397754382925446,-0.20473528236376734,46.669878427608076,,,,,46.669878427608076,,46.669878427608076,,-40.84755071449576,35.61984145459853,-17.809920727299264,0
2022-07-11,4.21,4.24,3.95,3.97,4.051499999999999,4.359543828050519,3.743456171949479,48.117844755661906,49.434488285618244,0,0,,,,10.062844444444442,10.163472888888887,9.962215999999998,,0.10085728693898233,-2.0116006417375987,-7.7387868928655905,0,40.12556342740165,35.65001101572795,,,,,0.08333049642622592,-0.2598144232964721,-0.343144919722698,-0.10899955779567035,40.12556342740165,,,,,,,,,-40.48076400240806,35.64613714291863,-17.823068571459316,0
2022-07-12,3.97,4.0587,3.93,3.99,4.039999999999999,4.33906521028034,3.740934789719658,49.433086317461886,50.38757121684194,0,0,,,,10.035688888888886,10.136045777777776,9.935331999999997,,0.859453993933279,-1.2376237623762165,-6.79021959196402,0,40.76451234896279,36.07974331452749,,,,,0.07819892966238295,-0.24539625764471928,-0.32359518730710224,0.009279781700383216,40.76451234896279,,,,,,,,,-41.04326465098598,35.676380029059516,-17.838190014529758,0
2022-07-13,3.93,4.0689,3.85,4.01,4.035999999999999,4.334422519257557,3.7375774807424405,50.79586277661249,49.44893128324543,0,0,,,,10.00902222222222,10.109112444444442,9.908931999999997,,1.2370613481444082,-0.6442021803765852,-5.595228753041049,0,41.43753354895201,36.617845029589546,,,,,0.07510975474941822,-0.22970799387032947,-0.3048177486197477,0.11387285590966438,41.43753354895201,,,,,,,,,-41.974064150370644,35.71385954210637,-17.856929771053185,0
2022-07-14,3.99,4.05,3.86,3.91,4.0314999999999985,4.334635283330802,3.728364716669195,46.308406236845876,48.84578511030676,0,0,,,,9.979866666666664,10.079665333333331,9.880067999999998,,-1.758793969849226,-3.013766588118527,-7.331331963975519,0,39.04858516164832,37.006244055478575,,,,,0.06563334115210062,-0.22277607217962192,-0.28840941333172254,0.12829600490803358,39.04858516164832,,,,,,,,,-42.06821664992841,35.751162568428654,-17.875581284214327,0
2022-07-15,4,4,3.76,3.95,4.0124999999999975,4.284446685951617,3.7405533140483773,44.891172114057454,47.331813709171946,0,0,,,,9.94822222222222,10.047704444444443,9.848739999999998,,-1.1511511511511308,-1.5576323987538276,-5.817835002384508,0,40.52560914400432,37.43483169898993,,,,,0.061435180622337715,-0.2116154375538004,-0.2730506181761381,0.23061130746132943,40.52560914400432,,,,,,,,,-42.02403690318358,35.78707193922055,-17.893535969610276,0
2022-07-18,4.01,4.205,3.96,4.06,4.008499999999998,4.2751289556669825,3.741871044333014,50.536304766700376,47.24529437253457,0,0,,,,9.914844444444443,10.013992888888888,9.815695999999997,,0.9448035803082844,1.2847698640389593,-2.5288092189502454,0,44.50806526877789,38.16001338004497,,,,,0.0650926146342029,-0.19168484988338452,-0.25677746451758743,0.4375379874339942,44.50806526877789,,,,,,,,,-41.52226355838798,35.817671291037506,-17.908835645518753,0
2022-07-19,4.11,4.17,4.01,4.09,4.003999999999999,4.261790612707376,3.7462093872926214,57.637486999185555,51.021654626647795,0,0,,,,9.886666666666665,9.985533333333331,9.787799999999999,,1.3882002974714869,2.1478521478521806,-1.1679420056385226,0,45.578366012667914,39.11977792327404,,,,,0.06822828204103279,-0.17149211196629643,-0.23972039400732922,0.5272611732550502,45.578366012667914,,,,,,,,,-40.36134827103691,35.8378087202085,-17.91890436010425,0
2022-07-20,4.1,4.42,4.095,4.37,4.014999999999999,4.312489495612935,3.717510504387063,71.58648571430732,59.92009249339775,0,0,,,,9.86182222222222,9.960440444444442,9.763203999999996,,7.212953876349393,8.841843088418466,6.1194754735306445,0,54.41555413651294,40.97150095701655,,,,,0.08667144927969736,-0.13138108240770752,-0.21805253168740488,0.5528222367654517,54.41555413651294,,,,,54.41555413651294,,54.41555413651294,,-38.029306406794745,35.839704633385374,-17.919852316692687,0
2022-07-21,4.37,4.51,4.21,4.36,4.028499999999999,4.360841691636824,3.696158308363175,73.5841064636071,67.60269305903333,0,0,,,,9.835199999999999,9.933551999999999,9.736847999999998,,6.445312500000044,8.228869306193399,6.289614822037848,0,54.07780965019658,42.623172822865875,,,,,0.09503757528300019,-0.09925556258365464,-0.19429313786665484,0.5758084272796881,54.07780965019658,,,,,,,,,-36.29645543067068,35.829569784718,-17.914784892359,0
2022-07-22,4.4,4.4314,4.03,4.05,4.027499999999998,4.359456322428229,3.6955436775717674,64.24641489522146,69.80566902437863,0,0,,,,9.80862222222222,9.906708444444442,9.710536,,-0.6378802747791679,0.5586592178771443,-0.6216260428596909,0,44.79567836566754,43.585839657629585,,,,,0.07728713191175471,-0.09768422297696144,-0.17497135488871615,0.39706268396995303,44.79567836566754,,,,,,,,,-36.286834078981705,35.81908218404308,-17.90954109202154,0
2022-07-25,4.07,4.14,3.97,4.13,4.028999999999998,4.362520614055654,3.695479385944342,64.62469447931795,67.48507194604885,0,0,,,,9.782399999999997,9.880223999999997,9.684575999999998,,0.9286412512219178,2.5068255150161756,1.59901599015968,0,47.309165504029195,44.29629305223573,,,,,0.06881057227299026,-0.08895813954747833,-0.1577687118204686,0.3463580006075719,47.309165504029195,,,,,,,,,-37.2870820211559,35.81476011740295,-17.907380058701474,0
2022-07-26,4.09,4.13,4,4.1,4.029499999999998,4.36341465975617,3.695585340243826,59.080556180188594,62.650555184909344,0,0,,,,9.755555555555551,9.853111111111106,9.657999999999996,,-0.07311723129415082,1.7495967241593746,0.9603545924647072,0,46.45498073133495,44.975162519818,,,,,0.05941428232277374,-0.08350085891700143,-0.14291514123977517,0.23462791849476136,46.45498073133495,,,,,,,,,-38.367218364768746,35.81742017980809,-17.908710089904044,0
2022-07-27,4.17,4.29,4.11,4.28,4.045499999999998,4.394869431977208,3.696130568022788,62.99980054404044,62.23501706784901,0,0,,,,9.722888888888885,9.820117777777774,9.625659999999996,,3.631961259079941,5.796564083549693,5.2286510408127596,0,52.049186662887436,45.55432059933225,,,,,0.0632003845113227,-0.06391466060062179,-0.1271150451119445,0.42100886044382846,52.049186662887436,,,,,,,,,-36.997852487215624,35.81045056775527,-17.905225283877634,0
2022-07-28,4.4,4.55,4.21,4.55,4.086999999999998,4.467636309355892,3.706363690644104,74.59131360780782,65.5572234440123,0,0,,,,9.683022222222219,9.77985244444444,9.586191999999997,,8.4883166428231,11.328602887203388,11.364934323243636,0,58.97326903945587,46.43313421446424,,,,,0.080650024257279,-0.026302514790345732,-0.10695253904762474,0.7186111437613683,58.97326903945587,,,,,,,,,-34.6591179113363,35.78923504636675,-17.894617523183374,0
2022-07-29,4.56,4.68,4.4,4.67,4.1309999999999985,4.5639849881925,3.698015011807497,79.2471192629672,72.27941113827183,0,0,,,,9.639333333333331,9.735726666666665,9.542939999999998,,9.470229723394308,13.04768821108695,13.985843299975386,0,61.625498873318506,47.96884388917258,,,,,0.09599249839610721,0.013038083947509271,-0.08295441444859794,0.7708425635848405,61.625498873318506,,,,,,,,,-31.568388931549777,35.752765194348406,-17.876382597174203,0
2022-08-01,4.66,4.78,4.49,4.73,4.177499999999998,4.655699749058958,3.699300250941038,82.67309503032824,78.83717596703444,0,0,,,,9.593288888888887,9.689221777777776,9.497355999999998,,9.162243249480785,13.225613405146674,14.898785425101014,0,62.9163650669576,49.55111908331507,,,,,0.10516211795818567,0.04849823299913414,-0.05666388495905152,0.8175653168497805,62.9163650669576,,,,,,,,,-29.051973691193805,35.706764988858815,-17.853382494429408,0
2022-08-02,4.69,4.85,4.67,4.72,4.214999999999999,4.737781024904342,3.6922189750956567,83.39055282448693,81.77025570592747,0,0,,,,9.522177777777776,9.617399555555554,9.426955999999997,,7.370336669699751,11.981020166073563,14.15672363753604,0,62.53877437200985,51.058350570676346,,,,,0.10527510304392768,0.07492999384585808,-0.0303451091980696,0.8532905984831946,62.53877437200985,,,,,,,,,-27.945791454480496,35.657486076535676,-17.828743038267838,0
2022-08-03,4.84,5.17,4.74,5.15,4.274999999999999,4.922842573469857,3.6271574265301405,88.90585524483504,84.98983436655008,0,0,,,,9.461999999999998,9.556619999999999,9.367379999999997,,15.10952168082258,20.46783625730999,23.56046065259094,0,70.68564972205628,53.31814089641977,,,,,0.12754547105614678,0.12908672962211387,0.0015412585659670928,0.8540187010564619,70.68564972205628,,,,,,,,,-25.237497173050823,35.60198346033031,-17.800991730165155,0
2022-08-04,5.23,5.595,5.085,5.45,4.339499999999999,5.162019908573667,3.516980091426332,91.99035618512302,88.095588084815,0,0,,,,9.417777777777776,9.511955555555554,9.323599999999997,,18.917739471961646,25.59050581864273,29.351265822784555,0,74.80281740343497,55.76651291495053,,,,,0.1539492097109731,0.19397777070468347,0.04002856099371037,0.8565467675423518,74.80281740343497,,,,,74.80281740343497,,74.80281740343497,,-21.292415167932862,35.542373957426754,-17.771186978713377,0
2022-08-05,5.32,5.43,5.145,5.34,4.393999999999999,5.323115708617618,3.4648842913823796,89.09984511219842,89.99868551405217,0,1,,,,9.371377777777775,9.465091555555553,9.277663999999998,,13.327674023769154,21.529358215748772,25.47975248687997,0,70.87228971575834,57.649671804020564,,,,,0.15504341384259718,0.23383282829695684,0.07878941445435966,0.8825277030304634,70.87228971575834,,,,,,,,,-17.884549564457647,35.484012138815146,-17.742006069407573,0
2022-08-08,5.5,5.75,5.3809,5.45,4.467999999999999,5.482112419803657,3.4538875801963416,88.20729807990175,89.76583312574108,0,0,,,,9.327199999999998,9.420471999999998,9.233927999999997,,12.510322047894352,21.97851387645482,26.724538831188703,0,72.43226824821444,59.56780767798818,,,,,0.1539032428112574,0.2711684679684314,0.11726522515717402,0.9026266792243154,72.43226824821444,,,,,,,,,-16.145041731601264,35.428094434024786,-17.714047217012393,0
2022-08-09,5.43,5.535,5.22,5.44,4.5405,5.613187745804903,3.4678122541950964,86.93943444785933,88.08219254665318,0,0,,,,9.280755555555551,9.373563111111107,9.187947999999995,,9.28083567697875,19.810593546966217,25.182173812993547,0,72.05446544634921,60.82772991440505,,,,,0.14341348208440538,0.29653207776268076,0.15311859567827538,0.9450689543799438,72.05446544634921,,,,,,,,,-16.01383280014252,35.37264679236285,-17.686323396181425,0
2022-08-10,5.76,5.925,5.6,5.79,4.629499999999999,5.80207792917998,3.456922070820019,90.62829671870796,88.5916764154897,0,0,,,,9.237999999999996,9.330379999999996,9.145619999999996,,12.887502437122267,25.067501890052934,31.391830559757672,0,76.6459048931537,62.439736717473416,,,,,0.15026096089799262,0.34094479680076617,0.19068383590277355,0.9792066997664498,76.6459048931537,,,,,,,,,-13.475017618023877,35.32272281065922,-17.66136140532961,0
2022-08-11,6.18,6.23,5.84,5.86,4.726999999999999,5.966436968950025,3.487563031049974,90.67530098925025,89.41434405193918,0,0,,,,9.19822222222222,9.290204444444443,9.106239999999998,,11.40684410646391,23.96869050137511,30.86199196069648,0,77.4441039373994,64.77176711545427,,,,,0.14940470842955098,0.3774397214397123,0.2280350130101613,0.981209934066502,77.4441039373994,,,,,,,,,-11.088091970585099,35.280113999762825,-17.640056999881413,0
2022-08-12,6,7.15,5.61,7.1,4.8845,6.447336843691625,3.321663156308375,98.02652940358021,93.11004237051282,0,0,,,,9.165466666666665,9.257121333333332,9.073811999999998,,29.020534254043273,45.35776435663834,54.740283327279,0,86.34642021863266,67.56014245221165,,,,,0.2180909357235868,0.5006486826646448,0.282557746941058,0.933565170509068,86.34642021863266,,,,,86.34642021863266,,86.34642021863266,,-2.1972610173282434,35.28259732692383,-17.641298663461914,0
2022-08-15,7.18,7.29,6.58,6.61,5.012,6.696323009401709,3.32767699059829,92.30278224129798,93.66820421137616,0,1,,,,9.130222222222221,9.221524444444443,9.03892,,16.148304340186282,31.883479648842794,41.17898334045249,0,73.92935577432405,69.52259781242516,,,,,0.21586276477533206,0.5523862029102231,0.33652343813489105,0.9362658818546289,73.92935577432405,,,,,,,,,2.2959285653821904,35.31832787534904,-17.65916393767452,0
2022-08-16,6.58,6.755,6.29,6.61,5.138,6.902693741134703,3.3733062588652967,89.31258774082094,93.21396646189972,0,0,,,,9.09671111111111,9.187678222222221,9.005744,,12.414965986394598,28.649279875437927,38.574423480083574,0,73.92935577432405,71.08546703467063,,,,,0.20008228761717362,0.5866262976563581,0.3865440100391845,0.935955475196765,73.92935577432405,,,,,,,,,6.347884105952854,35.38964279527886,-17.69482139763943,0
2022-08-17,6.47,6.47,5.94,6.02,5.2204999999999995,6.988136557666769,3.45286344233323,78.97930908238673,86.86489302150191,0,0,,,,9.06102222222222,9.151632444444443,8.970411999999998,,0.8882185352773853,15.314625035916096,24.40586898119419,0,61.56589409084958,71.27065453834162,,,,,0.13852627650869342,0.5597018556750513,0.42117557916635784,0.8876500763005747,61.56589409084958,,,,,,,,,0.8554977311651072,35.411965749704734,-17.705982874852367,0
2022-08-18,6.11,6.115,5.71,6,5.3025,7.054948287396805,3.550051712603196,69.28209044946641,79.19132909089139,0,0,,,,9.024044444444442,9.114284888888887,8.933803999999997,,-0.36532713384254123,13.154172560113153,22.440650295897967,0,61.19231486700486,71.23971282360493,,,,,0.0875662543293263,0.5306333970780157,0.4430671427486894,0.8213696987413587,61.19231486700486,,,,,,,,,-2.1654136247333553,35.41230873655284,-17.70615436827642,0
2022-08-19,5.75,5.81,5.58,5.74,5.3870000000000005,7.050443416530902,3.723556583469099,62.33042437122164,70.1972746343583,0,0,,,,8.980399999999998,9.070203999999999,8.890595999999997,,-5.31177829099303,6.5528123259699145,15.959595959595706,0,56.40097302834124,70.77432767798948,,,,,0.030403180779708106,0.48107111872332453,0.4506679379436164,0.6854565880307054,56.40097302834124,,,,,,,,,-6.52464282235925,35.38756834839339,-17.693784174196693,0
2022-08-22,5.5,5.69,5.39,5.49,5.455,7.015339706602386,3.8946602933976133,52.12027600739572,61.24426360936129,0,0,,,,8.939644444444443,9.029040888888888,8.850247999999999,,-9.495548961424284,0.6416131989001039,9.785361951739535,0,52.170971338530656,70.03377031845524,,,,,-0.027082380783489568,0.4168149619642545,0.44389734274774406,0.4407649834289175,52.170971338530656,,,,,,,,,-9.099997711845923,35.35148168799883,-17.675740843999414,0
2022-08-23,5.51,5.535,5.31,5.35,5.5175,6.950690496758892,4.0843095032411085,45.32263542833644,53.25777860231796,0,0,,,,8.891733333333331,8.980650666666664,8.802815999999998,,-11.672445104837337,-3.035795197100144,6.02457391993636,0,49.91338843142564,68.55003736912448,,,,,-0.07467491421448669,0.3505536999796357,0.4252286141941224,0.16425169964481334,49.91338843142564,,,,,,,,,-12.30006555985743,35.30486244665572,-17.65243122332786,0
2022-08-24,5.25,5.37,5.14,5.35,5.571000000000001,6.890816653933413,4.251183346066588,41.016958141520924,46.15328985908439,0,0,,,,8.844488888888886,8.932933777777775,8.756043999999997,,-11.026110094794571,-3.966971818345022,5.094290204295215,0,49.91338843142563,66.77222101398095,,,,,-0.10446713785748934,0.2946446918722607,0.39911182972975007,-0.0565326684842407,49.91338843142563,,,,,,,,,-14.104089662079867,35.25410538381278,-17.62705269190639,0
2022-08-25,5.36,5.565,5.32,5.51,5.6190000000000015,6.853891088315059,4.384108911684944,36.032095781028005,40.79056311696183,0,0,,,,8.803244444444443,8.891276888888887,8.715212,,-7.828705252592805,-1.939846947855517,7.115085536547228,0,52.630307280792564,65.46922226862627,,,,,-0.11109178663246966,0.260247096439163,0.37133888307163265,-0.27013074992536407,52.630307280792564,,,,,,,,,-13.682688620488017,35.20445959836072,-17.60222979918036,0
2022-08-26,5.53,5.54,5.2,5.3,5.650500000000001,6.8172129038456575,4.4837870961543445,31.20369889136586,36.08425093797163,0,0,,,,8.761955555555554,8.84957511111111,8.674335999999998,,-8.589168678854742,-6.202990885762338,2.139140489496816,0,48.882378419675675,63.78708728087349,,,,,-0.12620750823442767,0.21357949777859808,0.33978700601302575,-0.49702801389947443,48.882378419675675,,,,,,,,,-13.621750340403056,35.155152232803495,-17.577576116401747,0
2022-08-29,5.18,5.23,5.04,5.13,5.6705000000000005,6.785999439712992,4.555000560287009,26.59542060845299,31.277071760282315,0,0,,,,8.722533333333333,8.809758666666665,8.635308,,-9.2035398230088,-9.531787320342133,-1.8119178256988167,0,46.02502614079603,61.92784161619113,,,,,-0.14301251968787254,0.16102135640318505,0.3040338760910576,-0.7313698959697845,46.02502614079603,,,,,,,,,-14.40968643079475,35.10442109749728,-17.55221054874864,0
2022-08-30,5.21,5.21,4.95,5.13,5.691000000000001,6.749487600305253,4.632512399694749,23.89199060601662,27.230370035278526,0,0,,,,8.676622222222223,8.763388444444445,8.589856000000001,,-6.761177753544123,-9.85767000527149,-2.4591202940805634,0,46.02502614079603,59.74063599102272,,,,,-0.1488204415140612,0.11800832419848106,0.26682876571254227,-0.8476295538036022,46.02502614079603,46.02502614079603,,46.02502614079603,,,,,,-16.03637320503097,35.05127328122816,-17.52563664061408,0
2022-08-31,5.43,5.91,5.38,5.5,5.708500000000001,6.741907470458768,4.675092529541233,27.693024595358885,26.06014526994287,0,0,,,,8.63568888888889,8.722045777777778,8.549332000000001,,0.9174311926605894,-3.6524481037050194,3.832357938455533,0,52.96495741192693,57.99212552491754,,,,,-0.12347941224962516,0.1124795004005108,0.23595891265013597,-0.8858317898388065,52.96495741192693,,,,,52.96495741192693,,52.96495741192693,,-14.511616875636768,35.00079486583347,-17.500397432916735,0
2022-09-01,5.5,5.58,5.12,5.27,5.699500000000001,6.744822438293542,4.654177561706461,23.796150785585517,25.127055328987044,0,0,,,,8.596666666666668,8.682633333333335,8.5107,,-1.989957225218475,-7.53574874989037,-1.0762107370794083,0,48.767342320572524,55.3079056750561,,,,,-0.11795240625791972,0.08851840482773632,0.20647081108565604,-0.8546443287647769,48.767342320572524,,,,,,,,,-13.299451793070412,34.95304715226211,-17.476523576131054,0
2022-09-02,5.4,5.46,5.16,5.32,5.698500000000001,6.74523349043583,4.651766509564172,26.53888042405537,26.009351934999966,0,0,,,,8.560311111111114,8.645914222222224,8.474708000000003,,-0.2811621368321804,-6.642098797929297,-0.9249487863928874,0,49.70060436546499,53.577280574423305,,,,,-0.10699639771704608,0.07272531393934845,0.17972171165639453,-0.7920744856094583,49.70060436546499,,,,,,,,,-11.87042950718569,34.90911421839739,-17.454557109198696,0
2022-09-06,5.39,5.4,5.23,5.26,5.689,6.747959867039353,4.630040132960647,26.69067550012145,25.67523556992082,0,0,,,,8.5248,8.610048,8.439552,,-0.9789156626505591,-7.540868342415196,-2.724694858833865,0,48.55751778648538,51.76500643243484,,,,,-0.09998800421366846,0.05473670638930894,0.1547247106029774,-0.7593593709278575,48.55751778648538,,,,,,,,,-12.746894300345646,34.86303443572481,-17.431517217862407,0
2022-09-07,5.26,5.68,5.2243,5.59,5.6965,6.750412235435185,4.642587764564816,36.891144748505596,30.040233557560843,0,0,,,,8.489333333333335,8.574226666666668,8.404440000000001,,4.76011994003005,-1.8695690336171467,2.437236576873536,0,54.725192255882135,51.2763848727943,,,,,-0.0707045091300644,0.0663440741903969,0.1370485833204613,-0.5119034885006579,54.725192255882135,,,,,54.725192255882135,,54.725192255882135,,-10.571430497677406,34.82331064366829,-17.411655321834147,0
2022-09-08,5.49,5.58,5.34,5.56,5.685,6.739599450028314,4.630400549971685,41.81193653691737,35.131252261848175,0,0,,,,8.457155555555557,8.541727111111113,8.372584000000002,,3.7894343849169676,-2.1987686895338587,1.0970361840109355,0,54.0902842702102,50.76909697302325,,,,,-0.05180771021336736,0.0722889455537521,0.12409665576711945,-0.14797771376936902,54.0902842702102,,,,,,,,,-8.75626952245271,34.79011638392222,-17.39505819196111,0
2022-09-09,5.61,5.785,5.56,5.59,5.6715,6.723702927196085,4.619297072803915,51.24128223706275,43.314787840828615,0,0,,,,8.42688888888889,8.511157777777779,8.34262,,4.193849021435292,-1.4370096094507678,1.0058423176532383,0,54.656810783999155,50.64451395557025,,,,,-0.03646455257477965,0.07851596504864489,0.11498051762342454,0.2845315618916536,54.656810783999155,,,,,,,,,-6.486684412732419,34.76659233688859,-17.383296168444296,0
2022-09-12,5.65,5.72,5.57,5.72,5.6025,6.427384840447451,4.777615159552549,58.33787365330595,50.46369747576207,0,0,,,,8.397377777777779,8.481351555555557,8.313404,,5.788792306269719,2.097278000892455,2.7052908786208363,0,57.12579598837978,50.99843000198804,,,,,-0.01768818564751369,0.09287028556403243,0.11055847121154612,0.5546406638667079,57.12579598837978,,,,,57.12579598837978,,57.12579598837978,,-5.363547896498308,34.74842029790215,-17.374210148951075,0
2022-09-13,5.48,5.69,5.38,5.64,5.554,6.238321561840638,4.8696784381593625,58.48001748742179,56.019724459263536,0,0,,,,8.365911111111112,8.449570222222222,8.282252000000002,,3.334554781971466,1.5484335613971778,0.7202809691051026,0,55.136157211259864,51.371484914833346,,,,,-0.011105632279890684,0.09667643086168276,0.10778206314157344,0.6405526910702714,55.136157211259864,,,,,,,,,-4.506144269745668,34.7345380097873,-17.36726900489365,0
2022-09-14,5.68,5.71,5.38,5.71,5.509,6.000971543892515,5.017028456107486,63.89460527023931,60.23749880365572,0,0,,,,8.335022222222223,8.418372444444445,8.251672000000001,,3.517041334300286,3.6485750589943633,1.3729435436144355,0,56.56178667419745,51.84637050360276,,,,,-0.0029130317876567002,0.10414077340700256,0.10705380519465926,0.7207086041493364,56.56178667419745,,,,,,,,,-3.3693023230552974,34.72669860310497,-17.363349301552486,0
2022-09-15,5.65,5.93,5.04,5.1,5.463,5.92646952434869,4.99953047565131,50.05440968904854,57.47634414890325,0,0,,,,8.299911111111113,8.382910222222224,8.216912000000002,,-6.866325785244653,-6.64470071389347,-9.42994139584461,0,43.568954956455315,51.19913105186438,,,,,-0.03753012661226782,0.060141146929324485,0.0976712735415923,0.5167717946618641,43.568954956455315,,,,,,,,,-6.1986540250914,34.70411597113142,-17.35205798556571,0
2022-09-16,5,5.12,4.9007,5.05,5.4155,5.84237117494628,4.98862882505372,38.1909205962198,50.71331185183592,0,0,,,,8.264622222222224,8.347268444444445,8.181976000000002,,-7.407407407407341,-6.749145969901205,-10.105025811428414,0,42.70306130275304,50.75775125779848,,,,,-0.06134139329911095,0.020994531917703618,0.08233592521681457,0.23005259685344412,42.70306130275304,42.70306130275304,,42.70306130275304,,,,,,-8.625013400647651,34.671320597264234,-17.335660298632117,0
2022-09-19,4.97,5.125,4.908,5.08,5.3825,5.805956018967718,4.959043981032282,35.176141248497764,41.1404905112554,0,0,,,,8.228444444444445,8.31072888888889,8.14616,,-6.445672191528473,-5.620065025545751,-9.431271171331957,0,43.429523771234294,50.57235823140122,,,,,-0.07188632775807291,-0.007521984480776567,0.06436434327729634,-0.07737369225545447,43.429523771234294,,,,,,,,,-10.728480199651697,34.63147983975262,-17.31573991987631,0
2022-09-20,5.08,5.1267,4.99,5.05,5.3605,5.804548420783114,4.916451579216886,30.382080094721545,34.58304731314641,0,0,,,,8.193822222222222,8.275760444444444,8.111884,,-6.6370863375854405,-5.792370114728107,-9.751593494966526,0,42.84451593022309,50.34517893064601,,,,,-0.07722861564613667,-0.032171426280374504,0.04505718936576217,-0.37996468122478716,42.84451593022309,,,,,,,,,-9.609281994839472,34.59532096306188,-17.29766048153094,0
2022-09-21,5.13,5.18,4.9,4.92,5.339,5.822855350285585,4.855144649714416,24.062718009870657,29.873646451030027,0,0,,,,8.156266666666665,8.237829333333332,8.074703999999999,,-7.899663047547656,-7.847911593931456,-11.80161338512119,0,40.310542571056715,49.44129215629813,,,,,-0.08523568064173695,-0.06148741143640901,0.02374826920532793,-0.4890633225010786,40.310542571056715,,,,,,,,,-9.149739340013864,34.56082657813244,-17.28041328906622,0
2022-09-22,4.92,4.9499,4.3,4.31,5.287000000000001,5.946578653384085,4.627421346615916,17.07555492610328,23.84011767689853,0,0,,,,8.112977777777777,8.194107555555554,8.031848,,-17.38547057695987,-18.479288821637997,-22.04738650750605,0,31.035157903445082,48.17470755507475,,,,,-0.12493144199980241,-0.13241603329442508,-0.007484591294622676,-0.6883300071621289,31.035157903445082,,,,,,,,,-13.083632295049384,34.515300481159244,-17.257650240579622,0
2022-09-23,4.2,4.21,3.97,4.12,5.2175,6.04100166970079,4.39399833029921,14.394401765585968,18.510891567186675,0,0,,,,8.06791111111111,8.148590222222222,7.987231999999999,,-18.73767258382635,-21.034978437949214,-24.69384024858361,0,28.811406689880684,46.682622006818725,,,,,-0.15531998409050105,-0.20163457140774899,-0.04631458731724794,-0.8073262575301333,28.811406689880684,28.811406689880684,,28.811406689880684,,,,,,-18.14338105879933,34.463632941927834,-17.231816470963917,0
2022-09-26,4.1,4.33,4.08,4.23,5.164000000000001,6.091564553009649,4.2364354469903525,16.556000356084972,16.008652349258117,1,0,,,,8.023377777777778,8.103611555555556,7.943144,,-14.041861410282364,-18.086754453911702,-21.307205754682045,0,31.855693609931706,45.489634565636315,,,,,-0.1587826190570922,-0.2447928611386132,-0.086010242081521,-0.9075707465870281,31.855693609931706,,,,,,,,,-21.81455826724843,34.41318535713024,-17.20659267856512,0
2022-09-27,4.39,4.4,4.16,4.19,5.117000000000001,6.137315637437721,4.09668436256228,15.853217013063528,15.601206378244866,0,0,,,,7.9757333333333325,8.055490666666666,7.895975999999999,,-12.269681742043437,-18.11608364275944,-20.863762276504815,0,31.3310051790845,43.818621203007915,,,,,-0.15439785189851205,-0.27900755695466106,-0.12460970505614902,-0.9342553457820366,31.3310051790845,,,,,,,,,-22.06646598772262,34.363196733504886,-17.181598366752443,0
2022-09-28,4.23,4.4299,4.15,4.38,5.079500000000001,6.149088238529163,4.009911761470839,21.951665593197387,18.120294320782005,0,0,,,,7.925244444444442,8.004496888888887,7.845991999999998,,-5.664441094120088,-13.771040456737893,-16.09731179362768,0,36.6670835926955,42.57410686889972,,,,,-0.13029437524324192,-0.2874776741102014,-0.1571832988669595,-0.9356343414600677,36.6670835926955,,,,,,,,,-19.958706854846692,34.3121175103144,-17.1560587551572,0
2022-09-29,4.29,4.32,4.09,4.16,5.012500000000001,6.13490589806003,3.8900941019399724,20.62707392702741,19.477318844429487,0,0,,,,7.874799999999998,7.953547999999998,7.796051999999998,,-8.551329962629051,-17.00748129675812,-19.353796445880633,0,33.42797611216652,41.05776153519739,,,,,-0.12096341249392778,-0.3083875644843692,-0.18742415199044143,-0.93690612402043,33.42797611216652,,,,,,,,,-19.98364494015951,34.261271849939945,-17.130635924969972,0
2022-09-30,4.16,4.2673,4.07,4.07,4.952500000000001,6.139847884994105,3.765152115005896,19.09700276028201,20.55858076016898,0,0,,,,7.826488888888886,7.904753777777775,7.748223999999998,,-8.559874185576167,-17.81928319030793,-20.1020808794662,0,32.175751594229254,39.27561550704378,,,,,-0.11280872337396503,-0.3284350562078977,-0.21562633283393268,-0.925414086084942,32.175751594229254,,,,,,,,,-20.390801864745924,34.2107868717882,-17.1053934358941,0
2022-10-03,4.14,4.37,4.01,4.31,4.902,6.108293496625098,3.6957065033749026,24.17813033027349,21.30073567252768,1,0,,,,7.779688888888886,7.857485777777775,7.701891999999997,,-1.4631915866482603,-12.076703386372923,-14.591452539798077,0,38.763484813967466,38.10613890723719,,,,,-0.08450183909607004,-0.3212536317040202,-0.23675179260795018,-0.8756804804845042,38.763484813967466,,,,,,,,,-20.504194112379096,34.16057206277777,-17.080286031388884,0
2022-10-04,4.44,4.63,4.44,4.62,4.870000000000001,6.070549874016055,3.669450125983947,34.77678890696471,26.01730733250678,0,0,,,,7.7353777777777735,7.812731555555551,7.658023999999996,,6.672823828215346,-5.1334702258727045,-7.919213393569169,0,46.05233170584725,37.355463552355026,,,,,-0.04038800970333417,-0.2872368047371179,-0.2468487950337837,-0.7351048803369439,46.05233170584725,,,,,,,,,-17.24318773563518,34.110978258380996,-17.055489129190498,0
2022-10-05,4.53,4.66,4.49,4.61,4.821000000000001,5.97925558492069,3.6627444150793114,41.06868553051459,33.34120158925098,0,0,,,,7.6926222222222185,7.769548444444441,7.615695999999996,,7.209302325581546,-4.376685334992747,-7.664574709574246,0,45.862691295992974,37.519301862321996,,,,,-0.00900881315333063,-0.258109811475447,-0.24910099832211635,-0.5712215844213567,45.862691295992974,,,,,,,,,-13.456366726186522,34.06663834421079,-17.033319172105394,0
2022-10-06,4.57,4.78,4.57,4.62,4.774000000000001,5.883763938862665,3.664236061137337,49.17796431145391,41.67447958297779,0,0,,,,7.649288888888885,7.725781777777773,7.572795999999996,,6.672823828215346,-3.2258064516129226,-7.011070110701323,0,46.101713859666766,37.76206275924441,,,,,0.014040499090694741,-0.23155037445874793,-0.24559087354944267,-0.3673067216953623,46.101713859666766,,,,,46.101713859666766,,46.101713859666766,,-11.090819320726602,34.02808932181451,-17.014044660907256,0
2022-10-07,4.51,4.56,4.33,4.36,4.712500000000001,5.769644739380543,3.6553552606194595,45.137666043562184,45.128105295176944,0,0,,,,7.605155555555552,7.6812071111111075,7.529103999999996,,0.1148105625718987,-7.480106100795769,-11.561866125760844,0,41.02951104387736,37.59063327871892,,,,,0.01339774782509634,-0.22884368876807226,-0.2422414365931686,-0.1922716077933495,41.02951104387736,,,,,,,,,-12.370504913793894,33.986392789181316,-16.993196394590658,0
2022-10-10,4.36,4.4,4.17,4.3,4.6415000000000015,5.605040865765403,3.6779591342346,40.26708759506407,44.86090598336009,0,0,,,,7.555466666666662,7.631021333333329,7.479911999999995,,-1.4213663457128378,-7.357535279543281,-12.18515997277082,0,39.93750986181797,37.382989988118545,,,,,0.010671960812802389,-0.2289014855771656,-0.239573446389968,0.05757175465251732,39.93750986181797,,,,,,,,,-13.999407435034138,33.941514840011976,-16.970757420005988,0
2022-10-11,4.28,4.33,4.16,4.19,4.569000000000001,5.434306881978849,3.703693118021152,36.29394504237433,40.5662328936669,0,0,,,,7.50173333333333,7.576750666666663,7.426715999999996,,-3.9431453461713395,-8.295031735609548,-13.88051520964667,0,37.943661514675,37.213927055519854,,,,,0.0035682508606302288,-0.23511313281418023,-0.23868138367481045,0.368360739917246,37.943661514675,,,,,,,,,-16.453173372727495,33.89352843530656,-16.94676421765328,0
2022-10-12,4.14,4.15,3.77,4,4.483500000000001,5.20730315003455,3.7596968499654526,26.174352184272024,34.24512827390351,0,0,,,,7.450711111111107,7.525218222222218,7.376203999999996,,-7.493061979648353,-10.78398572543774,-17.144238072222805,0,34.719408892969696,37.47708784048591,,,,,-0.011020614032686865,-0.25245715121566903,-0.24143653718298216,0.13960453322072303,34.719408892969696,34.719408892969696,34.719408892969696,34.719408892969696,,,,,,-18.457294473843465,33.844593671373794,-16.922296835686897,0
2022-10-13,3.85,4.175,3.81,4.11,4.434000000000001,5.116624347646587,3.751375652353415,30.97531187677516,31.147869701140547,0,0,,,,7.4000888888888845,7.474089777777773,7.326087999999996,,-4.8390831210927026,-7.307171853856575,-14.040713887339873,0,38.00397090141553,38.133699569881244,,,,,-0.010365839272978877,-0.25439383627420575,-0.24402799700122688,-0.09079749493237074,38.00397090141553,,,,,,,,,-19.327569119934925,33.795797061545294,-16.897898530772647,0
2022-10-14,4.2,4.23,3.92,3.95,4.3790000000000004,5.030794446125442,3.727205553874559,28.26171560497302,28.470459888673435,0,0,,,,7.346933333333329,7.4204026666666625,7.273463999999995,,-8.288832133735635,-9.79675725051382,-16.61975795102749,0,35.227535169542506,38.374545395567736,,,,,-0.017398114258271508,-0.26577563982406627,-0.24837752556579476,-0.3091413331781238,35.227535169542506,,,,,,,,,-20.529485658536014,33.74753267998335,-16.873766339991676,0
2022-10-17,4.01,4.29,4.01,4.22,4.336000000000001,4.905399683877648,3.7666003161223545,34.20630939045767,31.147778957401993,0,0,,,,7.301022222222217,7.374032444444439,7.228011999999995,,-1.8147975802697336,-2.6752767527675636,-10.2254999290883,0,42.81920484948308,39.19513108631049,,,,,-0.001398590362549773,-0.25012576351898197,-0.2487271731564322,-0.39402787760077596,42.81920484948308,,,,,,,,,-18.77676334907225,33.699171993013955,-16.849585996506978,0
2022-10-18,4.43,4.49,4.25,4.35,4.301000000000001,4.767257439618909,3.834742560381093,42.71906236891136,35.062362454780725,0,0,,,,7.251422222222218,7.32393644444444,7.178907999999996,,1.8496839147742028,1.1392699372238635,-6.858896581257823,0,46.095166861018484,39.86856560547642,,,,,0.01926681212699549,-0.22464365799768782,-0.2439104701246833,-0.29403688417622736,46.095166861018484,,,,,46.095166861018484,,46.095166861018484,,-16.878519467953126,33.651864287816956,-16.825932143908478,0
2022-10-19,4.26,4.36,4.16,4.19,4.264500000000002,4.635847546107348,3.8931524538926556,43.920916382674775,40.28209604734798,0,0,,,,7.201377777777773,7.27339155555555,7.129363999999995,,-0.9222038306926583,-1.7469808887325855,-9.379280513301358,0,42.84190686322408,40.540989230551965,,,,,0.023222346910364122,-0.21488253648672817,-0.2381048833970923,-0.4150641381320313,42.84190686322408,,,,,,,,,-14.957353348319126,33.60684617573476,-16.80342308786738,0
2022-10-20,4.19,4.38,4.18,4.21,4.259500000000001,4.630955246294858,3.888044753705144,47.82460683121211,44.82152852759945,0,0,,,,7.151377777777774,7.2228915555555515,7.079863999999996,,0.5253104106974105,-1.1621082286653595,-8.051834595224461,0,43.37984107069746,41.341281336013985,,,,,0.02793135573105024,-0.2031906887332795,-0.23112204446432974,-0.6020272110582661,43.37984107069746,,,,,,,,,-14.63116143452388,33.56248414513483,-16.781242072567416,0
2022-10-21,4.21,4.265,4.065,4.24,4.265500000000001,4.631586055456866,3.8994139445431366,50.7325000902542,47.492674434713734,0,0,,,,7.09973333333333,7.170730666666664,7.028735999999997,,1.5325670498085975,-0.5978197163287069,-6.477464892287577,0,44.2277429409257,41.73158548793957,,,,,0.03344028888599457,-0.18932168335683652,-0.2227619722428311,-0.614573633690942,44.2277429409257,,,,,,,,,-14.987088963504362,33.517779662066395,-16.758889831033198,0
2022-10-24,4.3,4.3,4.0801,4.25,4.2665000000000015,4.632301858934504,3.900698141065499,50.571299707188125,49.70946887621818,0,0,,,,7.051111111111107,7.121622222222218,6.9805999999999955,,1.8940302085832528,-0.38673385679132144,-5.232644566671885,0,44.52595675584122,41.62255870579628,,,,,0.03780924127848004,-0.17550042064473104,-0.21330966192321107,-0.46693051448679884,44.52595675584122,,,,,,,,,-14.22712559967629,33.47440177986852,-16.73720088993426,0
2022-10-25,4.28,4.7382,4.25,4.63,4.288500000000001,4.6848975277419935,3.8921024722580078,61.86570499658595,54.3898349313428,0,0,,,,7.0058666666666625,7.075925333333329,6.935807999999996,,9.845788849347748,7.963157281100597,4.021568186924029,0,54.48527746376784,42.2384577177802,,,,,0.06476100881402755,-0.13235840090567663,-0.19711940971970418,0.021856196970800587,54.48527746376784,,,,,,,,,-11.08204659271062,33.43798809714611,-16.718994048573055,0
2022-10-26,4.58,4.97,4.5201,4.69,4.304000000000001,4.736129610186521,3.8718703898134814,72.04807468288317,61.49502646221911,0,0,,,,6.968933333333328,7.038622666666662,6.899243999999994,,9.477124183006701,8.968401486988832,6.180665610142366,0,55.833571205191234,42.93359038531766,,,,,0.0838851353289719,-0.0922629905584893,-0.1761481258874612,0.5174056542942548,55.833571205191234,,,,,,,,,-7.752684137969936,33.41245105880107,-16.706225529400534,0
2022-10-27,4.72,4.86,4.72,4.79,4.3355000000000015,4.810746251957808,3.860253748042195,75.65786770032041,69.85721579326321,0,0,,,,6.9356444444444385,7.005000888888883,6.866287999999994,,10.06433823529429,10.483219928497256,8.69894099848687,0,58.06334027943063,44.15029247357147,,,,,0.09946204514684806,-0.05182056945390112,-0.15128261460074918,0.7346847367041281,58.06334027943063,,,,,,,,,-3.8112834916323504,33.404390448517674,-16.702195224258837,0
2022-10-28,4.79,5.23,4.745,5.13,4.388500000000001,4.960138872016199,3.8168611279838034,82.5842059944289,76.76338279254419,0,0,,,,6.901111111111106,6.9701222222222174,6.832099999999995,,14.765100671141095,16.896433861228168,16.344118536437556,0,64.60608285749967,45.91233340183445,,,,,0.1270886061039797,0.007578143029225437,-0.11951046307475426,0.8472265460119363,64.60608285749967,,,,,,,,,-0.13613851906986163,33.417014422789386,-16.708507211394693,0
2022-10-31,5.12,5.175,4.84,5.09,4.427500000000001,5.073932517746414,3.781067482253588,82.30382289415913,80.18196552963617,0,0,,,,6.866222222222218,6.934884444444441,6.797559999999995,,11.69629141979389,14.963297571993195,15.428225867412216,0,63.35379437557373,47.72734289189864,,,,,0.13627905208715607,0.05083835203419085,-0.08544070005296522,0.9094442486337144,63.35379437557373,,,,,,,,,2.858434218862421,33.449431262436946,-16.724715631218473,0
2022-11-01,5.25,5.365,5.13,5.2,4.456500000000002,5.182069431550094,3.73093056844991,85.18948513388922,83.35917134082577,0,0,,,,6.833644444444439,6.901980888888883,6.765307999999995,,12.020680741060064,16.6834960170537,17.789187556629127,0,65.34325836253446,49.91476071115327,,,,,0.14269436205315253,0.09292725251347544,-0.04976710953967709,0.9251939268077256,65.34325836253446,,,,,65.34325836253446,,65.34325836253446,,5.912951980803132,33.50470652114486,-16.75235326057243,0
2022-11-02,5.29,5.29,4.8817,4.89,4.470500000000001,5.2178546681462254,3.7231453318537766,78.93659615951474,82.1433013958544,0,1,,,,6.798666666666662,6.866653333333329,6.730679999999995,,3.7775891341257806,9.383737836930962,10.792236235933572,0,56.100026882557714,51.207336138377705,,,,,0.1199053212590443,0.10011454203412828,-0.019790779224916018,0.9157807942315156,56.100026882557714,,,,,,,,,4.561234720786668,33.54832169580612,-16.77416084790306,0
2022-11-03,4.83,5.275,4.81,4.94,4.486500000000001,5.259242518566155,3.7137574814338477,74.66401298242873,79.59669809194426,0,0,,,,6.76835555555555,6.836039111111106,6.700671999999994,,3.2392894461861443,10.108102084029834,11.39506915213444,0,57.152808745225464,52.77342710806935,,,,,0.10270726885918498,0.10859330684906521,0.005886037989880227,0.8838980202070783,57.152808745225464,,,,,,,,,3.8116299020815383,33.58550616229829,-16.792753081149144,0
2022-11-04,5.16,5.209,4.95,5.18,4.527500000000002,5.3541770832676665,3.7008229167323368,77.69667994115562,77.09909636103306,0,0,,,,6.735511111111106,6.802866222222217,6.668155999999994,,6.169296987087658,14.411927112092716,15.883668903802818,0,61.87854547574784,54.134808581373974,,,,,0.10180635547871311,0.13314398233827163,0.031337626859558515,0.8919788667299036,61.87854547574784,,,,,,,,,3.9282060813305244,33.62284614620606,-16.81142307310303,0
2022-11-07,5.25,5.26,4.982,5.09,4.567000000000002,5.4214495303994985,3.7125504696005054,73.01172672194726,75.1241398818439,0,0,,,,6.701999999999994,6.769019999999994,6.634979999999993,,2.5589361273424815,11.451718852638448,13.144635447539699,0,59.23992099612288,55.07371959102428,,,,,0.0898755341383635,0.14368204453251288,0.05380651039414939,0.8903462310763093,59.23992099612288,,,,,,,,,5.481384668703697,33.671274594427246,-16.835637297213623,0
2022-11-08,5.13,5.22,4.99,5.11,4.613000000000001,5.4802738898409995,3.7457261101590027,73.20996924698966,74.63945863669755,0,0,,,,6.669644444444438,6.736340888888882,6.602947999999993,,1.975653562163382,10.773899848254898,12.820135413599942,0,59.65167250326566,56.27441713674154,,,,,0.07847191204068801,0.1518964004450094,0.07342448840432139,0.8572107733720019,59.65167250326566,,,,,,,,,6.795111222214458,33.7293644386247,-16.86468221931235,0
2022-11-09,5.07,5.08,4.73,4.74,4.650000000000001,5.4714377639236815,3.8285622360763214,61.31567384617732,69.17912327170478,0,0,,,,6.63657777777777,6.702943555555548,6.570211999999993,,-5.502392344497464,1.9354838709677136,4.374633000586914,0,49.65760340505831,56.72282873205303,,,,,0.042928782679061486,0.12708546675314825,0.08415668407408676,0.6819846114850903,49.65760340505831,49.65760340505831,,49.65760340505831,,,,,,3.8418184074606265,33.76378891459316,-16.88189445729658,0
2022-11-10,5.16,5.71,5.16,5.31,4.710000000000002,5.540156611730541,3.879843388269462,70.75966199054827,68.42843502790511,0,0,,,,6.607333333333326,6.67340666666666,6.541259999999992,,4.7750591949488275,12.738853503184666,15.947303297182858,0,60.6071264093175,57.892784694081016,,,,,0.05400946800701091,0.1516685190828504,0.09765905107583948,0.6522418938193232,60.6071264093175,,,,,,,,,5.421464714368706,33.809263758379494,-16.904631879189747,0
2022-11-11,5.31,5.7599,5.22,5.63,4.794000000000002,5.639396948184643,3.9486030518153616,76.68962974879642,69.58832186184071,0,0,,,,6.5781777777777695,6.643959555555547,6.512395999999992,,10.00390777647533,17.438464747601113,21.55451601295397,0,65.18522100667263,59.368446426283256,,,,,0.07765467483714536,0.19472739462227118,0.11707271978512582,0.6508175934645763,65.18522100667263,,,,,65.18522100667263,65.18522100667263,65.18522100667263,,9.108383813151264,33.88417009343559,-16.942085046717796,0
2022-11-14,5.56,5.58,5.15,5.16,4.841000000000002,5.657551284366098,4.0244487156339055,70.30294553596978,72.58407909177153,0,0,,,,6.546177777777769,6.611639555555548,6.480715999999991,,0.6829268292684265,6.589547614129265,10.729613733905285,0,55.06332057916182,59.409735220239966,,,,,0.057342614387897034,0.1887509877699971,0.13140837338210007,0.5542542209963834,55.06332057916182,,,,,,,,,12.09782012471838,33.98533468881442,-16.99266734440721,0
2022-11-15,5.36,5.43,5.115,5.22,4.884500000000002,5.684311852875356,4.0846881471246475,69.2897446577692,72.09410664751185,0,0,,,,6.516044444444437,6.581204888888881,6.450883999999992,,1.8139262726742045,6.868666188965045,11.538461538461252,0,56.00256442519319,59.421806164525826,,,,,0.04423644858050421,0.18670393410773034,0.14246748552722613,0.4593795055185083,56.00256442519319,,,,,,,,,11.569861016690112,34.07984963233082,-17.03992481616541,0
2022-11-16,5.05,5.08,4.65,4.685,4.909250000000002,5.65002172597225,4.168478274027754,47.43187278431849,62.341520992685865,0,0,,,,6.4839777777777705,6.548817555555548,6.419137999999993,,-8.254185841574358,-4.567907521515546,0.05339028296820203,0,46.641286897178404,58.60594520865067,,,,,-0.0017384889841535744,0.14029437429703417,0.14203286328118775,0.03932474987289684,46.641286897178404,,,,,,,,,5.02812662128886,34.1184224590265,-17.05921122951325,0
2022-11-17,4.65,4.66,4.358,4.52,4.924750000000002,5.617783007871849,4.231716992128155,37.69196238209037,51.471193274726055,0,0,,,,6.451933333333326,6.516452666666659,6.387413999999993,,-10.75130812518501,-8.218691304127157,-3.401602849510499,0,44.188010393373816,57.14751146121311,,,,,-0.04228835573462636,0.08917241861290481,0.13146077434753117,-0.1959591432567019,44.188010393373816,,,,,,,,,0.589062243871795,34.127200259360876,-17.063600129680438,0
2022-11-18,4.7,4.71,4.425,4.6,4.942750000000002,5.580178231254241,4.305321768745763,35.48290450945424,40.202246558621056,0,0,,,,6.422022222222215,6.4862424444444375,6.357801999999992,,-8.119444721861468,-6.934398867027514,-1.8596878000216144,0,45.679868483084604,55.885088183178176,,,,,-0.06158049082721573,0.05448516081351151,0.11606565164072724,-0.34129545703480074,45.679868483084604,,,,,,,,,-3.7297459927749013,34.11338909874596,-17.05669454937298,0
2022-11-21,4.61,4.65,4.29,4.32,4.946250000000002,5.569025039641034,4.323474960358969,26.632862937717356,33.269243276420674,0,0,,,,6.387755555555548,6.451633111111104,6.323877999999992,,-12.364337153869442,-12.661106899166064,-7.8465531339996115,0,41.498791304428124,54.18191196474201,,,,,-0.0893713705263595,0.0043514384827778585,0.09372280900913736,-0.462217127858023,41.498791304428124,41.498791304428124,,41.498791304428124,,,,,,-6.257772879680911,34.08921416406911,-17.044607082034556,0
2022-11-22,4.32,4.41,4.2,4.36,4.932750000000002,5.592942964215686,4.272557035784319,24.878934314412206,28.998233920527962,0,0,,,,6.352555555555548,6.416081111111104,6.289029999999992,,-10.186424966525776,-11.611170239724322,-7.105571535101984,0,42.311138989585174,53.196991400958254,,,,,-0.10040690700771492,-0.031785824750506286,0.06862108225720863,-0.6287127586285912,42.311138989585174,,,,,,,,,-7.371279994111673,34.061169026319256,-17.030584513159628,0
2022-11-23,4.36,4.445,4.32,4.4,4.918250000000002,5.611065090770895,4.22543490922911,25.387692437419176,25.633163229849604,0,0,,,,6.317888888888882,6.38106777777777,6.254709999999993,,-8.723161497769816,-10.537284603263386,-6.518890974115898,0,43.161116297549476,52.197584797552814,,,,,-0.10013317025608914,-0.056545380562902814,0.043587789693186337,-0.7357912864435722,43.161116297549476,,,,,,,,,-8.762951240692376,34.02888741053756,-17.01444370526878,0
2022-11-25,4.5,4.5525,4.14,4.18,4.887750000000002,5.650629249947119,4.124870750052885,19.915822433004944,23.3941497282788,0,0,,,,6.28468888888888,6.347535777777769,6.221841999999991,,-11.205523101433768,-14.480077745383912,-11.236949212528991,0,39.69679484881184,50.613174038485965,,,,,-0.10914971871463122,-0.09284935870010269,0.01630036001452853,-0.7823273064128489,39.69679484881184,,,,,,,,,-9.725049326729051,33.9940899605791,-16.99704498028955,0
2022-11-28,4.17,4.2885,4,4.01,4.831750000000002,5.675428108048259,3.988071891951745,16.654987826670897,20.652834232365034,0,0,,,,6.254955555555546,6.317505111111101,6.192405999999991,,-11.780882191177945,-17.007295493351315,-14.883079208971829,0,37.21130851208507,49.03970171819754,,,,,-0.12007691811228575,-0.13379578762582867,-0.013718869513542911,-0.8357139332977697,37.21130851208507,,,,,,,,,-12.101049829539201,33.954254281093974,-16.977127140546987,0
2022-11-29,4.04,4.11,3.94,3.96,4.775250000000002,5.69049573203041,3.8600042679695945,14.815979272155584,17.128929843943833,0,0,,,,6.225222222222213,6.287474444444435,6.162969999999991,,-10.518585470568166,-17.07240458614736,-15.789473684210742,0,36.48769260713037,47.38513172561646,,,,,-0.12369705541078838,-0.1683401887770284,-0.04464313336624001,-0.8687956708245267,36.48769260713037,36.48769260713037,,36.48769260713037,,,,,,-15.071966096999935,33.91062587284972,-16.95531293642486,0
2022-11-30,3.99,4.2,3.88,4.19,4.724750000000003,5.652055100816263,3.7974448991837435,17.774454038134095,16.415140378986887,1,0,,,,6.1955777777777685,6.257533555555546,6.133621999999991,,-3.065355696934491,-11.318059156569172,-10.79728914593926,0,42.06842283485612,46.843047399173436,,,,,-0.10439661768811101,-0.17513890547637878,-0.07074228778826777,-0.9275626313001223,42.06842283485612,,,,,,,,,-14.885231574335437,33.86733069285697,-16.933665346428484,0
2022-12-01,4.28,4.28,4.07,4.22,4.691250000000002,5.640406862694412,3.742093137305591,23.214332233709474,18.601588514666407,0,0,,,,6.167844444444435,6.229522888888879,6.10616599999999,,-1.3096351730587874,-10.045297095656846,-10.177728901344729,0,42.77473880192211,45.56930542721663,,,,,-0.08426736017992639,-0.17607648801317577,-0.09180912783324938,-0.8865535781534222,42.77473880192211,,,,,,,,,-13.3151256609251,33.82601479016389,-16.913007395081944,0
2022-12-02,4.16,4.2901,4.07,4.25,4.656750000000002,5.617324177250196,3.6961758227498094,26.353104749408836,22.44729700708416,0,0,,,,6.138466666666658,6.199851333333324,6.077081999999992,,0.02353494940001699,-8.734632522682173,-9.564847324183656,0,43.51637499571088,44.02153071214793,,,,,-0.06448176106830912,-0.17241132916863577,-0.10792956810032665,-0.8370420245013529,43.51637499571088,,,,,43.51637499571088,,43.51637499571088,,-11.196720182747208,33.78849241951383,-16.894246209756915,0
2022-12-05,4.26,4.34,4.1,4.15,4.605250000000003,5.558504819027863,3.651995180972143,27.548210400841725,25.70521579465337,0,0,,,,6.106022222222214,6.1670824444444365,6.044961999999992,,-1.2844909609893485,-9.885456815590965,-11.636324922815078,0,41.58186692647642,43.05856973695611,,,,,-0.05409808350097661,-0.17555217247654742,-0.1214540889755708,-0.7795459517470179,41.58186692647642,,,,,,,,,-11.384394046981322,33.75071201420615,-16.875356007103075,0
2022-12-06,4.17,4.1879,3.93,4,4.5507500000000025,5.511521955252589,3.589978044747416,25.04162841454128,26.314314521597307,0,0,,,,6.076511111111102,6.137276222222213,6.01574599999999,,-4.122722914669053,-12.102400703180837,-14.678801237157602,0,38.79587814057357,41.829520716626135,,,,,-0.053219260464073465,-0.18797816455566263,-0.13475890409158917,-0.794624329768213,38.79587814057357,,,,,,,,,-12.833845740370563,33.710517208428335,-16.855258604214168,0
2022-12-07,4.005,4.04,3.87,3.94,4.492250000000003,5.452169137219313,3.532330862780693,21.701918449500848,24.763919088294642,0,0,,,,6.047711111111102,6.108188222222213,5.987233999999991,,-4.600484261501048,-12.29339417886366,-15.544282090672235,0,37.70757798228843,41.191398651276856,,,,,-0.052479078259655865,-0.200357751916159,-0.14787867365650315,-0.7808373267281992,37.70757798228843,,,,,,,,,-14.905837816275005,33.66797451276691,-16.833987256383455,0
2022-12-08,3.95,4.22,3.92,3.98,4.454250000000004,5.431937450057455,3.4765625499425523,22.929174924110185,23.224240596050794,0,0,,,,6.020555555555547,6.080761111111102,5.960349999999992,,-2.6418786692757434,-10.64713475893817,-14.251858235484448,0,38.93737101586694,40.81635298145493,,,,,-0.04536321820082301,-0.2045826964075319,-0.1592194782067089,-0.7575065040506965,38.93737101586694,,,,,,,,,-16.025245960336793,33.624800676559914,-16.812400338279957,0
2022-12-09,3.99,4.14,3.94,4,4.38875,5.301722480417664,3.475777519582336,23.573348939003587,22.7348141042049,0,0,,,,5.994555555555559,6.054501111111114,5.934610000000004,,-1.7199017199017064,-8.85787524921675,-13.329240547470533,0,39.57966613212035,40.380624242100346,,,,,-0.03579719324897129,-0.20396596976792303,-0.16816877651895173,-0.7057042324570028,39.57966613212035,,,,,,,,,-16.00153522141879,33.581805206103375,-16.790902603051688,0
2022-12-12,4.03,4.21,4.005,4.15,4.314749999999999,5.032297733603837,3.5972022663961614,33.1285392660453,26.54368770971972,0,0,,,,5.969755555555559,6.029453111111114,5.910058000000004,,1.6160626836435155,-3.818297699750828,-9.438079650845843,0,44.31090854868377,40.58148975954718,,,,,-0.01681903390410197,-0.1891925688990792,-0.17237353499497723,-0.5722754514799075,44.31090854868377,,,,,,,,,-14.566785160798874,33.54006199746112,-16.77003099873056,0
2022-12-13,4.35,4.5,4.0714,4.17,4.265249999999999,4.8705389805704415,3.6599610194295567,41.01221507033094,32.57136775845997,0,0,,,,5.948288888888892,6.007771777777781,5.888806000000003,,1.5834348355663996,-2.233163355020207,-8.388561385522575,0,44.930106818357935,40.7685588901738,,,,,-0.0011943598537018374,-0.17386648481210454,-0.1726721249584027,-0.36018516342490703,44.930106818357935,,,,,44.930106818357935,,44.930106818357935,,-13.289538390190037,33.49996786949293,-16.749983934746464,0
2022-12-14,4.15,4.23,4.06,4.12,4.210249999999999,4.629993671780754,3.7905063282192444,42.47120751935682,38.870653951911045,0,0,,,,5.927844444444447,5.987122888888892,5.868566000000002,,0.5368472425573589,-2.1435781723175396,-8.76545488097461,0,43.624201226600675,40.80163638510604,,,,,0.007044829070124714,-0.1638660886207468,-0.17091091769087152,-0.0790236874143994,43.624201226600675,,,,,,,,,-12.486615023187717,33.46120651497399,-16.730603257486994,0
2022-12-15,4.05,4.12,4,4.03,4.177499999999999,4.542623266856564,3.8123767331434344,38.70893250154016,40.73078503040933,0,0,,,,5.9080222222222245,5.967102444444447,5.848942000000002,,-1.2012748222603231,-3.530819868342283,-10.188314823756883,0,41.29742563822206,40.915967155778205,,,,,0.007654263956057589,-0.16134308774579953,-0.16899735170185712,-0.04104052263365382,41.29742563822206,,,,,,,,,-13.353385772448178,33.42130601041236,-16.71065300520618,0
2022-12-16,4.045,4.13,3.95,4.07,4.154999999999999,4.486873469864668,3.82312653013533,43.33466237174266,41.50493413087991,0,0,,,,5.888422222222224,5.947306444444446,5.829538000000002,,0.2216202905688469,-2.045728038507799,-8.706867546450592,0,42.75872263804779,41.3122110219184,,,,,0.011728419920615407,-0.15433682680108785,-0.16606524672170325,-0.15580442588382898,42.75872263804779,,,,,,,,,-14.100647685969525,33.38063876633514,-16.69031938316757,0
2022-12-19,4.08,4.08,3.79,3.9,4.119999999999999,4.40042824394131,3.839571756058689,32.82025879316452,38.28795122214914,0,0,,,,5.8697555555555585,5.928453111111114,5.811058000000003,,-3.369672943508417,-5.3398058252427045,-11.674782017891761,0,38.385314019082216,41.44775540848639,,,,,0.004332181103443883,-0.1606500203423984,-0.16498220144584227,-0.5106538062947568,38.385314019082216,,,,,,,,,-15.683495946651066,33.338764026337216,-16.669382013168608,0
2022-12-20,3.85,3.965,3.67,3.72,4.089999999999999,4.404706212204338,3.7752937877956603,25.10686451863358,33.75392856118028,0,0,,,,5.84966666666667,5.908163333333337,5.791170000000004,,-7.1856287425149485,-9.04645476772613,-14.870895152370666,0,34.376092025234186,40.89830320779911,,,,,-0.01051380643916186,-0.1781244594947946,-0.16761065305563275,-0.59795618129866,34.376092025234186,34.376092025234186,,34.376092025234186,,,,,,-17.84599681452463,33.29643238296403,-16.648216191482014,0
2022-12-21,3.775,3.89,3.66,3.74,4.058999999999999,4.383215977397775,3.734784022602223,23.106508980514167,27.01121076410411,0,0,,,,5.826111111111115,5.884372222222226,5.767850000000004,,-6.218655967903675,-7.859078590785884,-13.509346694931834,0,35.18612954833411,40.35625968968568,,,,,-0.01646340510330596,-0.1881899094347652,-0.17172650433145925,-0.6350425629168905,35.18612954833411,,,,,,,,,-20.111724995379422,33.25514253276207,-16.627571266381036,0
2022-12-22,3.72,3.74,3.61,3.73,4.0255,4.340172845984476,3.7108271540155235,19.257005796245988,22.490126431797936,0,0,,,,5.800511111111114,5.858516222222225,5.742506000000003,,-5.879384304819557,-7.340703018258599,-13.063745484209544,0,34.953806544941145,39.74464765748784,,,,,-0.018402038260998704,-0.19472905215770764,-0.17632701389670893,-0.6393512754996352,34.953806544941145,,,,,,,,,-21.45133880103604,33.21525605483385,-16.607628027416926,0
2022-12-23,3.74,3.78,3.64,3.77,4.005,4.329992307601231,3.6800076923987683,20.38245220906758,20.915322328609268,0,0,,,,5.775400000000004,5.833154000000004,5.717646000000004,,-4.3147208121827045,-5.867665418227208,-11.067426774130396,0,36.75270781155101,39.39970772070745,,,,,-0.014492224432566897,-0.19444229443741756,-0.17995007000485067,-0.6437439108009589,36.75270781155101,,,,,,,,,-21.297055161472482,33.17534115637085,-16.587670578185424,0
2022-12-27,3.76,3.77,3.555,3.56,3.9824999999999995,4.360911152055536,3.6040888479444626,14.89650379448435,18.178653933265995,0,0,,,,5.751088888888892,5.808599777777781,5.693578000000002,,-8.271064158721952,-10.608913998744496,-14.631709364134382,0,31.783064716542384,38.89879247613379,,,,,-0.023043061481485327,-0.2087538968567073,-0.18571083537522198,-0.7525318444914294,31.783064716542384,31.783064716542384,,31.783064716542384,,,,,,-22.753895040155896,33.13746549339044,-16.56873274669522,0
2022-12-28,3.55,3.69,3.48,3.58,3.9635,4.380694199384384,3.546305800615616,15.88452396198058,17.054493321844195,0,0,,,,5.724822222222224,5.782070444444447,5.667574000000002,,-6.331763474620578,-9.675791598334804,-13.054037644201832,0,32.71619394444649,38.54226504485937,,,,,-0.024225161613399993,-0.21599228739197196,-0.19176712577857197,-0.8599655769876982,32.71619394444649,,,,,,,,,-23.832621236479195,33.10152856029301,-16.550764280146506,0
2022-12-29,3.61,3.8,3.535,3.69,3.9385000000000003,4.358322581574588,3.5186774184254133,20.54462498955041,17.10855091533847,1,0,,,,5.69868888888889,5.755675777777779,5.641702000000001,,-2.355120402222788,-6.309508696204147,-9.258576171154843,0,37.75901350483274,38.45809665121407,,,,,-0.014927908772497778,-0.2104270117441942,-0.19549910297169643,-0.8980731772510702,37.75901350483274,,,,,,,,,-24.41854924989259,33.06683120270066,-16.53341560135033,0
2022-12-30,3.62,3.805,3.59,3.77,3.9160000000000004,4.321038269796769,3.510961730203232,30.430762301372944,22.286637084301333,0,0,,,,5.670955555555557,5.727665111111113,5.614246000000001,,0.4529709565681106,-3.728294177732394,-6.590683845391776,0,41.210038009094795,38.574551785283674,,,,,-0.001430284054771358,-0.1972869580401606,-0.19585667398538925,-0.8811590800411746,41.210038009094795,,,,,,,,,-22.982635364359805,33.02967116404689,-16.514835582023444,0
2023-01-03,3.85,4.05,3.775,3.87,3.897,4.272131976776143,3.5218680232238557,38.94637902169001,29.973922104204476,0,0,,,,5.6408666666666685,5.6972753333333355,5.5844580000000015,,3.669970533083333,-0.6928406466512604,-3.595449638794612,0,45.29329601128533,38.64472231832665,,,,,0.015272097772182691,-0.17676655177016087,-0.19203864954234356,-0.7440820399715818,45.29329601128533,,,,,,,,,-20.966748923988874,32.990090693306485,-16.495045346653242,0
2023-01-04,3.9,4.05,3.865,4.04,3.8914999999999997,4.2546680051986705,3.528331994801329,48.33285947130286,39.2366669314553,0,0,,,,5.613133333333335,5.669264666666668,5.5570020000000016,,7.8195890045369865,3.816009250931529,1.1095353299404476,0,51.464838537477284,39.111488869692316,,,,,0.037540021081177544,-0.14511362319087162,-0.18265364427204916,-0.41561680683808006,51.464838537477284,,,,,,,,,-18.539332161251053,32.9492192479521,-16.47460962397605,0
2023-01-05,3.97,4.26,3.905,4.17,3.9,4.28047338934541,3.51952661065459,63.244127360297796,50.174455284430245,0,0,,,,5.588866666666667,5.644755333333334,5.532978,,9.968354430379778,6.923076923076921,4.493818910791525,0,55.59062678165078,39.966233552195895,,,,,0.05949072877848738,-0.10829023329893994,-0.16778096207742732,0.03239359879619587,55.59062678165078,,,,,,,,,-15.766441743236816,32.90903016584579,-16.454515082922896,0
2023-01-06,4.2,4.25,4.05,4.23,3.9145000000000003,4.321168169396098,3.507831830603903,68.73042561644246,60.102470816014375,0,0,,,,5.5655333333333346,5.621188666666668,5.509878000000001,,10.127570945066445,8.059777749393282,6.112551216656592,0,57.39092774951549,41.11576941728828,,,,,0.07548909163470352,-0.07341959753404792,-0.14890868916875144,0.386338552348828,57.39092774951549,,,,,,,,,-13.272620001481705,32.87142914248541,-16.435714571242706,0
2023-01-09,4.25,4.36,4.205,4.22,3.9265,4.353830083190962,3.499169916809038,70.75131508037757,67.57528935237261,0,0,,,,5.539133333333334,5.5945246666666675,5.483742,,8.483290488431926,7.474850375652609,6.021271250313687,0,56.97635707103052,42.131314733929905,,,,,0.08227868806669497,-0.04606032908538271,-0.12833901715207768,0.6952304266895026,56.97635707103052,,,,,,,,,-12.029410039877789,32.835862127393725,-16.417931063696862,0
2023-01-10,4.19,4.38,4.09,4.38,3.9455000000000005,4.41583923927307,3.4751607607269315,76.40198634846091,71.96124234842698,0,0,,,,5.514422222222222,5.569566444444444,5.459277999999999,,10.85801063022025,11.012545938410835,9.857035364935673,0,61.73869083152629,43.79941307767591,,,,,0.093601959318825,-0.011336568003546432,-0.10493852732237144,0.8486149753594064,61.73869083152629,,,,,,,,,-10.583857030406362,32.80319573623217,-16.401597868116085,0
2023-01-11,4.4,4.525,4.335,4.51,3.9635,4.488181808337187,3.438818191662812,81.54382802431917,76.23237648438588,0,0,,,,5.494200000000001,5.549142000000002,5.439258000000001,,11.46811665842813,13.78831840544974,12.646740487885744,0,65.11724920444325,45.99521001904798,,,,,0.1050453978129384,0.026368219943801563,-0.07867717786913683,0.8979854740983265,65.11724920444325,,,,,,,,,-8.66289970817281,32.775273866424165,-16.387636933212082,0
2023-01-12,4.52,4.83,4.48,4.83,3.9965,4.638816899980048,3.3541831000199527,86.39142914995855,81.44574784091287,0,0,,,,5.475933333333334,5.530692666666667,5.421174000000001,,15.799568448813295,20.855748780182658,19.771863117870335,0,71.73378378816125,48.6057567504642,,,,,0.12785020726629506,0.08113558121373199,-0.04671462605256307,0.9281239202122383,71.73378378816125,,,,,,,,,-4.465618558571159,32.76135223112463,-16.380676115562316,0
2023-01-13,4.73,5.11,4.72,4.97,4.039,4.808308780659616,3.269691219340383,88.68435223153372,85.53986980193714,0,0,,,,5.459222222222222,5.513814444444445,5.40463,,15.608280995580426,23.05025996533796,22.45400788436227,0,74.0526496064153,51.39853125485521,,,,,0.14480206216488922,0.13428795165354845,-0.010514110511340762,0.9551505088697265,74.0526496064153,,,,,,,,,-0.446067980363736,32.76555650759259,-16.382778253796296,0
2023-01-17,5.05,5.5199,4.98,5.48,4.1114999999999995,5.104521147811056,3.118478852188943,93.46291378445596,89.51289838864942,0,0,,,,5.445222222222222,5.4996744444444445,5.39077,,22.59507829977636,33.28468928614863,33.636807023247805,0,80.37022119436952,54.51406792505653,,,,,0.18047925671615175,0.21508496038384894,0.034605703667697184,0.9615927333226011,80.37022119436952,,,,,80.37022119436952,,80.37022119436952,,6.133275671478592,32.80944121114113,-16.404720605570564,0
2023-01-18,5.545,5.68,5.085,5.17,4.1665,5.260908972916422,3.072091027083579,88.09658353831436,90.08128318476803,0,1,,,,5.424244444444444,5.478486888888888,5.3700019999999995,,12.391304347826138,24.08496339853594,25.141197353557775,0,69.32173493798933,57.195401512302745,,,,,0.1732810408357077,0.2512070047123318,0.07792596387662412,0.9676323343691114,69.32173493798933,,,,,,,,,8.297136955741506,32.868468895901145,-16.434234447950573,0
2023-01-19,5.04,5.12,4.69,4.79,4.211,5.330533831556675,3.091466168443326,77.07752906569766,86.21234212948933,0,0,,,,5.403533333333333,5.457568666666666,5.349498,,2.459893048128392,13.749703158394677,15.34756782790141,0,58.673944645868694,59.04952656240433,,,,,0.13472451169189,0.24633160349148664,0.11160709179959663,0.9304039257042238,58.673944645868694,,,,,,,,,6.885919817871169,32.91622708669546,-16.45811354334773,0
2023-01-20,4.92,4.95,4.68,4.78,4.263999999999999,5.38589839112105,3.1421016088789484,72.05099865615875,79.07503708672358,0,0,,,,5.382377777777777,5.436201555555555,5.328554,,0.9290540540540793,12.101313320825536,14.390555201020705,0,58.41964248684092,60.525285775404924,,,,,0.1018398674738577,0.23890692614191877,0.13706705866806107,0.8785456528548033,58.41964248684092,58.41964248684092,,58.41964248684092,,,,,,1.9410229701956443,32.931613954198006,-16.465806977099003,0
2023-01-23,4.82,4.84,4.61,4.82,4.318,5.437778549535579,3.1982214504644206,69.32602539494525,72.81818437226723,0,0,,,,5.363355555555555,5.416989111111111,5.309721999999999,,0.5213764337852478,11.625752663270038,14.543726235741117,0,59.181728593646696,61.80897796001576,,,,,0.07719288776666713,0.23355816837639498,0.15636528060972785,0.8168627347862116,59.181728593646696,,,,,,,,,-0.5307260794414854,32.93357756556902,-16.46678878278451,0
2023-01-24,4.81,5.0206,4.73,4.97,4.38,5.499999999999996,3.2600000000000042,69.48421781640116,70.28708062250172,0,0,,,,5.345222222222221,5.398674444444443,5.291769999999999,,2.0533880903490953,13.470319634703198,17.189342136288243,0,61.99476406944041,63.0019399641697,,,,,0.06584515680245151,0.23867172661279223,0.17282656981034072,0.7667476528596192,61.99476406944041,,,,,,,,,0.6559382494468192,32.94135929589047,-16.470679647945236,0
2023-01-25,4.97,5,4.72,4.91,4.436999999999999,5.54296744979226,3.3310325502077385,67.61892543474177,68.80972288202939,0,0,,,,5.329355555555555,5.38264911111111,5.276062,,-0.26406662604101516,10.660356096461587,14.952395817074704,0,60.207391508197,63.62640803350683,,,,,0.0498762202762813,0.23517184515569234,0.18529562487941104,0.6907079873777027,60.207391508197,,,,,,,,,1.477307886391026,32.953264858765706,-16.476632429382853,0
2023-01-26,5,5.045,4.7888,4.88,4.503,5.54758795704334,3.4584120429566605,65.43879975621817,67.51398100245369,0,0,,,,5.313711111111109,5.36684822222222,5.260573999999998,,-1.612903225806439,8.372196313568736,13.602855590905216,0,59.28699658859717,63.89043444828871,,,,,0.03364877159122365,0.2273565893684406,0.19370781777721696,0.5885998682245768,59.28699658859717,,,,,,,,,1.8173956860801033,32.966729067622474,-16.483364533811237,0
2023-01-27,4.86,5.04,4.81,4.94,4.571,5.540781418671226,3.601218581328774,65.40919901443519,66.15564140179838,0,0,,,,5.298466666666664,5.351451333333332,5.245481999999997,,-0.6236169784751167,8.072631809232123,14.316568960197129,0,60.58478236192679,64.11856692060381,,,,,0.023776859554533625,0.22342889222038398,0.19965203266585035,0.4750650531754132,60.58478236192679,,,,,,,,,1.542875072840826,32.978371641845584,-16.489185820922792,0
2023-01-30,4.87,4.965,4.7804,4.88,4.6305,5.519420131395388,3.741579868604611,60.07699653542251,63.641665102025286,0,0,,,,5.282333333333331,5.3351566666666645,5.229509999999998,,-1.6525594518339126,5.388187020840096,12.26993865030639,0,58.57402521686476,64.23268607387767,,,,,0.0106936647727498,0.2130191136317876,0.2023254488590378,0.2709662784611648,58.57402521686476,,,,,,,,,1.2914839105606732,32.988364743550136,-16.494182371775068,0
2023-01-31,4.89,4.985,4.83,4.97,4.6905,5.497183952982811,3.8838160470171896,61.07690842368463,62.18770132451411,0,0,,,,5.265177777777774,5.317829555555552,5.212525999999996,,1.2013846467114897,5.958853000746189,13.522156235723703,0,60.68199086923115,64.15720750514231,,,,,0.005831819416169448,0.20961522312924963,0.20378340371308018,0.056876040622493615,60.68199086923115,,,,,,,,,1.877213310562529,33.00122692509859,-16.500613462549296,0
2023-02-01,4.9,5.17,4.89,4.98,4.746,5.467481808502449,4.024518191497552,61.33484197480999,60.82958231130571,0,0,,,,5.248466666666663,5.300951333333329,5.195981999999996,,1.798855273916633,4.930467762326174,12.967863894139509,0,60.91994221468463,63.85739986301669,,,,,0.0012591175711919589,0.20535730067707014,0.20409818310587818,-0.20614572239865306,60.91994221468463,,,,,,,,,2.119489963831679,33.01510334462256,-16.50755167231128,0
2023-02-02,5.08,5.295,5.01,5.24,4.805999999999999,5.480726611302695,4.131273388697303,66.38619399334107,62.9326481306119,0,0,,,,5.234466666666664,5.286811333333331,5.182121999999998,,6.137330362568383,9.030378693300056,17.673478553783582,0,66.58267824283462,63.489463752636205,,,,,0.01305890003516974,0.22042180814984036,0.20736290811467062,-0.10696200820804785,66.58267824283462,,,,,,,,,4.546822786128809,33.0427979160262,-16.5213989580131,0
2023-02-03,5.12,5.47,5.06,5.31,4.8629999999999995,5.505000000000003,4.2209999999999965,66.65658002606416,64.79253866473842,0,0,,,,5.220155555555553,5.272357111111108,5.167953999999997,,6.412825651302634,9.191856878470084,17.8428761651128,0,67.93002421206398,63.052133367325396,,,,,0.022346954381212758,0.23529660109118655,0.2129496467099738,0.07750787358895038,67.93002421206398,,,,,67.93002421206398,,67.93002421206398,,6.849911330478822,33.084908854502714,-16.542454427251357,0
2023-02-06,5.22,5.28,4.9,4.92,4.897499999999999,5.470138629503824,4.3248613704961745,55.04303583249148,62.695269950632245,0,0,,,,5.206822222222219,5.258890444444441,5.154753999999997,,-1.5999999999999681,0.45941807044411753,8.242886476972377,0,54.697904380176716,61.218396452025914,,,,,0.00016675246110781083,0.21315808728635854,0.21299133482525073,0.4359811591919558,54.697904380176716,,,,,,,,,6.4336133925096854,33.12360385744717,-16.561801928723586,0
2023-02-07,4.92,4.95,4.7028,4.9,4.9315,5.412635116157604,4.450364883842395,49.6356348022068,57.11175022025415,0,0,,,,5.190377777777775,5.242281555555553,5.138473999999998,,-1.8626076507109568,-0.6387508871539938,6.88577037737188,0,54.11574570285744,60.13225436380221,,,,,-0.016962264459542048,0.19178850425082317,0.20875076871036521,0.5932671583978302,54.11574570285744,,,,,,,,,4.143388090386592,33.147349958130306,-16.573674979065153,0
2023-02-08,4.85,4.92,4.75,4.79,4.952,5.367913452535483,4.536086547464517,49.382511591951285,51.353727408883195,0,0,,,,5.173222222222221,5.224954444444443,5.121489999999999,,-3.8345713712105822,-3.271405492730206,3.717069649945537,0,50.90658111560219,59.57744268306889,,,,,-0.03573229442068376,0.1640854006845105,0.19981769510519426,0.324094063129147,50.90658111560219,,,,,,,,,0.6400739157154526,33.151674671129285,-16.575837335564643,0
2023-02-09,4.85,4.98,4.53,4.55,4.953999999999999,5.361695965150509,4.546304034849489,34.59066732779386,44.536271240650656,0,0,,,,5.153133333333333,5.204664666666666,5.101602,,-8.043654001616796,-8.155026241421059,-2.1785867851515373,0,44.68081665316536,58.596097980663494,,,,,-0.06276177874674435,0.12136547167176381,0.18412725041850816,-0.11948731474105978,44.68081665316536,44.68081665316536,,44.68081665316536,,,,,,-1.770703781672789,33.144761176363346,-16.572380588181673,0
2023-02-10,4.53,4.79,4.485,4.77,4.951,5.363160163043431,4.538839836956568,35.759700706886676,39.910959875543945,0,0,,,,5.135088888888888,5.186439777777777,5.083737999999999,,-3.2650577976069295,-3.655827105635223,1.6840758900017905,0,50.640040173113384,57.985977379196825,,,,,-0.06405202667874607,0.10406221707007557,0.16811424374882164,-0.3075455907791875,50.640040173113384,,,,,,,,,-2.460054218264936,33.1348931286157,-16.56744656430785,0
2023-02-13,4.84,4.84,4.635,4.71,4.938,5.363139976948757,4.512860023051243,34.17886707228337,34.843078368987975,0,0,,,,5.116022222222221,5.167182444444443,5.064861999999999,,-4.1514041514041145,-4.617253948967193,-0.317460317460605,0,49.08696197821533,57.06399151553789,,,,,-0.06686474130594708,0.08453331711638779,0.15139805842233486,-0.40077506564862664,49.08696197821533,,,,,,,,,-2.551691464549003,33.12456896138492,-16.56228448069246,0
2023-02-14,4.7,4.99,4.6,4.96,4.912,5.257519898124525,4.566480101875475,42.66708140948208,37.53521639621738,0,0,,,,5.099133333333333,5.150124666666666,5.0481419999999995,,0.9566456340321938,0.9771986970684043,4.0996222191125975,0,55.24589646706239,56.7095990125997,,,,,-0.050548387359810903,0.08821257422257123,0.13876096158238213,-0.3698937100373433,55.24589646706239,,,,,,,,,0.8727291145504656,33.12935225982812,-16.56467612991406,0
2023-02-15,4.92,5.23,4.9,5.16,4.9115,5.255550868331969,4.567449131668031,52.31160892599791,43.05251913592112,0,0,,,,5.083666666666667,5.134503333333334,5.03283,,4.644088420198811,5.059554107706399,7.328572419052581,0,59.469940913946786,56.72266646441039,,,,,-0.026173307250105166,0.10604432751975068,0.13221763476985585,-0.23012088104840467,59.469940913946786,,,,,59.469940913946786,,59.469940913946786,,4.231945528111775,33.15191098331761,-16.575955491658807,0
2023-02-16,5.02,5.16,4.96,4.97,4.9205,5.2607631334717135,4.580236866528286,53.02688774187859,49.335192692452864,0,0,,,,5.070377777777778,5.1210815555555556,5.019674,,1.3458401305057377,1.0059953256782883,2.7142463488561086,0,54.23311149679278,56.268975688329384,,,,,-0.022854190309154476,0.10364989688341275,0.12650408719256723,-0.20508014099010977,54.23311149679278,,,,,,,,,6.471494990301731,33.18773883724237,-16.593869418621185,0
2023-02-17,4.94,4.95,4.74,4.91,4.927,5.261191561832426,4.592808438167573,51.737592797791336,52.35869648855595,0,0,,,,5.058244444444444,5.108826888888888,5.007662,,0.9457236842105754,-0.34503754820376376,0.9595613433855954,0,52.65621604626914,55.84627503328684,,,,,-0.024558151136272688,0.09580639827222637,0.12036454940849906,-0.25932846796017983,52.65621604626914,,,,,,,,,6.436919650096722,33.22280281070562,-16.61140140535281,0
2023-02-21,4.82,4.89,4.532,4.58,4.915,5.279554522671134,4.550445477328866,39.37165420256325,48.045378247411065,0,0,,,,5.0417555555555555,5.092173111111111,4.991338,,-5.175983436852971,-6.815869786368256,-6.051282051282336,0,44.920046967212464,54.720421897428366,,,,,-0.0464959515897366,0.0622446099213283,0.1087405615110649,-0.40670276059363925,44.920046967212464,,,,,,,,,2.5710752426271415,33.23491051566038,-16.61745525783019,0
2023-02-22,4.6,4.73,4.54,4.62,4.897499999999999,5.282824538538643,4.512175461461355,35.76495478803674,42.29140059613045,0,0,,,,5.02628888888889,5.076551777777778,4.976026000000001,,-3.7900874635568016,-5.6661562021439345,-5.489260143198383,0,45.95650206433983,53.65160474383231,,,,,-0.056247405684740376,0.03843130440513942,0.0946787100898798,-0.4930855158244961,45.95650206433983,,,,,,,,,0.29919405240326086,33.23552633688168,-16.61776316844084,0
2023-02-23,4.69,4.77,4.5201,4.55,4.879499999999999,5.2933828336619,4.465617166338099,30.518877301729752,35.218495430776585,0,0,,,,5.010733333333334,5.060840666666667,4.960626000000001,,-4.771871075763878,-6.752741059534784,-7.02901512055607,0,44.38254855812413,52.065881194924415,,,,,-0.06474125043855598,0.013752147041684815,0.0784933974802408,-0.47112124718358556,44.38254855812413,,,,,,,,,-2.083233983287592,33.22578752019856,-16.61289376009928,0
2023-02-24,4.5,4.5,4.38,4.45,4.857999999999999,5.312251031919608,4.403748968080389,22.05062465702029,29.4448189155956,0,0,,,,4.9953111111111115,5.045264222222222,4.945358000000001,,-6.669463087248284,-8.398517908604342,-9.035159443990459,0,42.16106477226127,50.22524123493851,,,,,-0.07376856015281999,-0.013717302710784196,0.060051257442035794,-0.42960180438932116,42.16106477226127,42.16106477226127,,42.16106477226127,,,,,,-2.826826560585252,33.213116821235836,-16.606558410617918,0
2023-02-27,4.525,4.67,4.47,4.59,4.8405,5.307553530122627,4.373446469877372,26.487648699206247,26.3523835526521,0,0,,,,4.978822222222223,5.028610444444445,4.929034000000001,,-3.368421052631543,-5.1750852184691665,-6.019656019656305,0,46.21958555818072,49.619647033367364,,,,,-0.06717263609054351,-0.0239145376711436,0.04325809841939991,-0.4370326169089116,46.21958555818072,,,,,,,,,-2.8648530443842097,33.20024332925219,-16.600121664626094,0
2023-02-28,4.55,4.64,4.48,4.5,4.821499999999999,5.310959906427537,4.33204009357246,26.64933278070653,25.062535378977696,0,0,,,,4.962377777777778,5.012001555555556,4.9127540000000005,,-4.842461408331522,-6.668049362231643,-7.5659020883262045,0,44.07831461928727,48.90268767025521,,,,,-0.06565510366084298,-0.03881078115665382,0.026844322504189166,-0.470256364913604,44.07831461928727,,,,,,,,,-3.0674235968537835,33.186569791548,-16.593284895774,0
2023-03-01,4.45,4.515,4.1715,4.4,4.792999999999999,5.310149881562406,4.275850118437592,23.39146907025257,25.509483516721787,0,0,,,,4.9461111111111125,4.995572222222224,4.896650000000001,,-5.8420714744275015,-8.199457542249089,-8.946678623163695,0,41.763154439629986,48.24958576482863,,,,,-0.06788869565548547,-0.05801654706516768,0.009872148590317795,-0.5664999205714907,41.763154439629986,,,,,,,,,-3.2972948425897926,33.17202060326616,-16.58601030163308,0
2023-03-02,4.35,4.355,4.18,4.24,4.755999999999999,5.318259726461013,4.193740273538985,19.787873281107803,23.276225044022308,0,0,,,,4.929711111111111,4.979008222222222,4.880413999999999,,-7.4437895655969815,-10.849453322119407,-11.691196889753108,0,38.29716411892078,47.793610583811166,,,,,-0.07603065894394614,-0.08516617508961488,-0.00913551614566874,-0.793622821306782,38.29716411892078,38.29716411892078,,38.29716411892078,,,,,,-5.679508863597836,33.14977731717769,-16.574888658588844,0
2023-03-03,4.24,4.58,4.22,4.57,4.722499999999999,5.243762889528896,4.201237110471102,27.544207568798306,23.574516640052895,1,0,,,,4.915355555555555,4.964509111111111,4.8662019999999995,,0.6386258533363165,-3.2292218104817194,-4.6725073007929385,0,47.90095051121576,47.597961322247045,,,,,-0.05600511520385132,-0.07914191015048289,-0.02313679494663157,-0.7895180841166446,47.90095051121576,,,,,47.90095051121576,,47.90095051121576,,-4.987123051755745,33.12960697689541,-16.564803488447705,0
2023-03-06,4.58,4.6,4.39,4.43,4.6785,5.138989956459439,4.21801004354056,26.499942638917346,24.610674496274488,0,0,,,,4.900244444444443,4.949246888888887,4.851241999999998,,-1.4021811707099485,-5.311531473762954,-7.3673938802540135,0,44.72081343140685,47.28609356890359,,,,,-0.04924115085513038,-0.08468823351554455,-0.03544708266041417,-0.8465088432562555,44.72081343140685,,,,,,,,,-4.577048353101313,33.110712023785055,-16.555356011892528,0
2023-03-07,4.43,4.49,4.34,4.4,4.652499999999999,5.114230440841869,4.190769559158129,27.566357187840175,27.20350246518528,0,0,,,,4.883355555555554,4.93218911111111,4.834521999999999,,-1.6759776536312443,-5.427189682966116,-7.724571828032422,0,44.04599637599976,46.486100705256256,,,,,-0.04401169217431465,-0.09046169787830749,-0.04645000570399284,-0.8179990188620759,44.04599637599976,,,,,,,,,-3.231578575508587,33.09629294503831,-16.548146472519154,0
2023-03-08,4.39,4.395,4.26,4.29,4.621999999999999,5.0947620966194656,4.149237903380532,25.854988505356467,26.640429444038002,0,0,,,,4.8651777777777765,4.913829555555554,4.816525999999999,,-3.4218820351192836,-7.183037646040658,-9.601741940015717,0,41.569125545402215,45.2074710360745,,,,,-0.045023270339444185,-0.10272909362829807,-0.05770582328885389,-0.804432542357505,41.569125545402215,,,,,,,,,-5.111745743792814,33.07572571031235,-16.537862855156174,0
2023-03-09,4.26,4.35,4.07,4.08,4.586499999999999,5.107624745142665,4.065375254857333,18.55669468067047,23.99268012462237,0,0,,,,4.845888888888887,4.894347777777776,4.7974299999999985,,-7.167235494880497,-11.043279188923993,-13.522679101314395,0,37.261227906368624,43.995193636758486,,,,,-0.05617273013305811,-0.12792173595517653,-0.07174900582211842,-0.8061292063281932,37.261227906368624,,,,,,,,,-7.473706699357571,33.0488751202468,-16.5244375601234,0
2023-03-10,4.05,4.07,3.78,3.91,4.554499999999999,5.153448244842597,3.9555517551574013,16.126555136663157,20.179412774230034,0,0,,,,4.827799999999997,4.876077999999997,4.779521999999997,,-9.928587882976236,-14.150839828740791,-16.55403002063055,0,34.17376580368173,42.675018619430816,,,,,-0.07041120905475608,-0.1597630171405635,-0.08935180808580744,-0.8000020779476111,34.17376580368173,34.17376580368173,,34.17376580368173,,,,,,-10.808805625120131,33.01578922160084,-16.50789461080042,0
2023-03-13,3.79,4.005,3.7,3.94,4.512999999999999,5.159594154010088,3.866405845989911,16.9225806029012,17.201943473411607,0,0,,,,4.807799999999998,4.855877999999998,4.759721999999997,,-7.857811038353557,-12.696654110347872,-15.311313319481535,0,35.19427023569057,41.98032028146496,,,,,-0.07291540657695378,-0.18049606630699966,-0.10758065973004588,-0.8398881917513514,35.19427023569057,,,,,,,,,-13.079456244172611,32.98024672582269,-16.490123362911344,0
2023-03-14,4.055,4.0622,3.84,3.89,4.471999999999999,5.165703106523262,3.7782968934767354,15.978755725323946,16.3426304882961,0,0,,,,4.787488888888888,4.8353637777777765,4.739613999999999,,-7.710557532621543,-13.014311270125189,-15.788714100159018,0,34.24147029343443,41.14353229782887,,,,,-0.07287273382120199,-0.19867157700654836,-0.12579884318534637,-0.8584576492991928,34.24147029343443,,,,,,,,,-14.202313354182047,32.944071941485014,-16.472035970742507,0
2023-03-15,3.835,3.94,3.77,3.92,4.419999999999999,5.1154998202731745,3.7245001797268236,17.266479786299822,16.722605371508322,1,0,,,,4.7699333333333325,4.817632666666666,4.722233999999999,,-5.9275257979361395,-11.312217194570117,-14.4913836981025,0,35.372011331585,40.49992249593321,,,,,-0.06596446428624933,-0.20825442354315804,-0.1422899592569087,-0.8749773225858952,35.372011331585,,,,,,,,,-13.875684424209773,32.908197513326904,-16.454098756663452,0
2023-03-16,3.86,4,3.77,3.96,4.359999999999999,4.994129324349522,3.7258706756504765,21.45795571345555,18.23439707502644,0,0,,,,4.753266666666665,4.800799333333332,4.705733999999998,,-4.324716115003591,-9.174311926605494,-12.973408541499065,0,36.9290067259884,40.12620406405658,,,,,-0.0543265916076775,-0.21019819876650558,-0.15587160715882808,-0.8925596116722109,36.9290067259884,,,,,,,,,-13.495934587489623,32.872686402446824,-16.436343201223412,0
2023-03-17,3.97,4.02,3.8401,3.88,4.305499999999999,4.907080418564284,3.7039195814357146,20.20582532436623,19.6434202747072,0,0,,,,4.73571111111111,4.783068222222221,4.688353999999999,,-4.668304668304635,-9.882708163976295,-13.873473917869328,0,35.10729866241735,39.33246928578776,,,,,-0.04786867018951452,-0.21570744489572125,-0.16783877470620673,-0.8822512720374508,35.10729866241735,,,,,,,,,-13.290019615371492,32.83743923563876,-16.41871961781938,0
2023-03-20,3.9,3.95,3.8,3.85,4.2524999999999995,4.81736724103986,3.687632758960139,20.281476072522338,20.648419036781373,0,0,,,,4.720644444444444,4.767850888888889,4.673437999999999,,-4.037886340977037,-9.465020576131678,-13.606103672675884,0,34.42156152025693,38.642701207285604,,,,,-0.04169599120791126,-0.2199587637160958,-0.17826277250818454,-0.8735469493255577,34.42156152025693,,,,,,,,,-13.520096739077497,32.80213953104806,-16.40106976552403,0
2023-03-21,3.92,3.98,3.8144,3.95,4.220999999999999,4.779530214043962,3.6624697859560364,27.009165141055803,22.49882217931479,0,0,,,,4.705666666666666,4.752723333333332,4.6586099999999995,,-0.4285354171917777,-6.420279554607888,-10.71428571428602,0,38.71844396327402,38.42522188754589,,,,,-0.02763434879707216,-0.21280570850452474,-0.18517135970745258,-0.8371550401055656,38.71844396327402,,,,,38.71844396327402,,38.71844396327402,,-13.313125161128111,32.76710112208327,-16.383550561041634,0
2023-03-22,3.92,3.99,3.85,3.85,4.182499999999999,4.7317859000557005,3.6332140999442983,25.304351447375325,24.19833088698449,0,0,,,,4.6894,4.736294,4.642506,,-1.860820800407803,-7.949790794979061,-12.280701754386246,0,36.166431759287576,38.27302671900066,,,,,-0.022065739967116194,-0.21275353466634783,-0.19068779469923164,-0.8588749077794512,36.166431759287576,,,,,,,,,-13.338184398874319,32.732156184320665,-16.366078092160333,0
2023-03-23,3.87,3.99,3.81,3.85,4.147499999999999,4.68779158794118,3.607208412058818,25.03454628587589,25.782687624769007,0,0,,,,4.673711111111112,4.720448222222223,4.6269740000000015,,-1.282051282051222,-7.172995780590696,-11.649965577908938,0,36.166431759287576,37.43484680814864,,,,,-0.015680257058218794,-0.21028811602200514,-0.19460785896378635,-0.8198234433725607,36.166431759287576,,,,,,,,,-13.188908048860467,32.69743466589306,-16.34871733294653,0
2023-03-24,3.86,3.94,3.69,3.93,4.121499999999999,4.651000708214812,3.5919992917851866,25.045135232430837,25.128010988560685,0,0,,,,4.658022222222224,4.704602444444446,4.611442000000001,,0.7175807278319235,-4.646366614096786,-9.384367074014587,0,39.845136651294375,37.086584180997754,,,,,-0.003976359284678155,-0.19957830806963406,-0.1956019487849559,-0.7230133541640408,39.845136651294375,,,,,39.845136651294375,,39.845136651294375,,-13.229259647893846,32.662792505873554,-16.331396252936777,0
2023-03-27,4,4.16,3.925,3.93,4.088499999999999,4.57783730697751,3.599162693022488,27.18236867431647,25.754016730874397,0,0,,,,4.643888888888891,4.69032777777778,4.597450000000002,,0.7433991284286456,-3.8767274061391466,-8.79554420979376,0,39.84513665129436,36.78652277209022,,,,,0.005351130051870767,-0.18891303622011746,-0.19426416627198823,-0.5949759103097427,39.84513665129436,,,,,,,,,-12.582138702875573,32.6288039739029,-16.31440198695145,0
2023-03-28,3.92,3.98,3.85,3.89,4.057999999999999,4.515978165418396,3.600021834581602,28.869380715155188,27.032294873967498,0,0,,,,4.629800000000002,4.676098000000002,4.583502000000002,,-0.28197897974874264,-4.1399704287826244,-9.14752822109801,0,38.55663688374963,36.5713450105436,,,,,0.01013526735431225,-0.1815950820790979,-0.19173034943341016,-0.46469058736950347,38.55663688374963,,,,,,,,,-12.286150415513873,32.59520605550511,-16.297603027752555,0
2023-03-29,3.95,3.98,3.86,3.96,4.036,4.467666537966515,3.604333462033484,38.557363426082546,31.536370938518065,0,0,,,,4.617266666666669,4.663439333333336,4.571094000000002,,1.4084507042253946,-1.8830525272547027,-6.786975284425589,0,42.08614534869192,36.91598197070955,,,,,0.018817769933812484,-0.16820813701614457,-0.18702590694995705,-0.0022965458018217116,42.08614534869192,,,,,,,,,-12.073376731029418,32.56192987846253,-16.280964939231264,0
2023-03-30,3.99,4.06,3.88,3.95,4.021499999999999,4.444171267062275,3.5988287329377218,48.420299406087175,38.615681182441634,0,0,,,,4.605844444444447,4.651902888888891,4.559786000000003,,1.1782786885246255,-1.7779435534004406,-6.131178707224672,0,41.717470206224014,37.45481799946258,,,,,0.024340238603179215,-0.15660060869598302,-0.18094084729916224,0.12598877317021323,41.717470206224014,,,,,,,,,-11.911976037920283,32.52892815361988,-16.26446407680994,0
2023-03-31,3.95,4.165,3.915,4.04,3.9949999999999988,4.3352058200561014,3.6547941799438965,57.35261911360122,48.11009398192365,0,0,,,,4.598600000000002,4.644586000000002,4.552614000000002,,3.0612244897959773,1.1264080100125584,-3.279865932487791,0,46.278665730258936,38.24656053478889,,,,,0.0339188523590751,-0.13854228185031836,-0.17246113420939346,0.45965448537375336,46.278665730258936,,,,,,,,,-10.771343175008292,32.497443394975676,-16.248721697487838,0
2023-04-03,4.05,4.1,3.96,4.04,3.975499999999999,4.252590238009301,3.698409761990697,59.58800042406352,55.12030631458398,0,0,,,,4.592066666666668,4.637987333333334,4.546146000000001,,2.5641025641025994,1.6224374292542088,-2.6036644165866485,0,46.278665730258936,39.10636020884778,,,,,0.039716754844431795,-0.12281519065385371,-0.1625319454982855,0.5712659972847293,46.278665730258936,,,,,46.278665730258936,,46.278665730258936,,-10.159599233750752,32.46694769660487,-16.233473848302435,0
2023-04-04,4.075,4.075,3.83,3.87,3.948999999999998,4.149389620489833,3.748610379510163,52.09875374541867,56.3464577610278,0,0,,,,4.586288888888888,4.632151777777778,4.540425999999999,,-1.551767997964848,-2.0005064573309195,-6.166653196476545,0,39.50574051027559,39.40162657875425,,,,,0.031901519753934404,-0.1226550458058675,-0.1545565655598019,0.4262540724241481,39.50574051027559,,,,,,,,,-10.737131660522104,32.435686356438175,-16.217843178219088,0
2023-04-05,3.87,3.88,3.65,3.67,3.917999999999998,4.087186287860642,3.7488137121393543,34.72957689247944,48.80544368732054,0,0,,,,4.579533333333333,4.625328666666666,4.533738,,-6.210069000766627,-6.329760081674274,-10.327414888418652,0,33.32631016824496,39.144291110344,,,,,0.013976281367637261,-0.13708621385025532,-0.15106249521789258,0.017898268969240384,33.32631016824496,33.32631016824496,,33.32631016824496,,,,,,-13.433351057269887,32.40172995426038,-16.20086497713019,0
2023-04-06,3.69,3.77,3.62,3.77,3.9024999999999976,4.066191783544799,3.7388082164551966,33.81575610283935,40.21469558024582,0,0,,,,4.570244444444445,4.61594688888889,4.524542000000001,,-3.4571062740076486,-3.395259449071053,-7.2950819672134575,0,38.50569102768512,39.38703342214884,,,,,0.009767403768056293,-0.13885324050782222,-0.1486206442758785,-0.17902130931291055,38.50569102768512,,,,,,,,,-15.337846155699971,32.3670753606715,-16.18353768033575,0
2023-04-10,3.73,4.01,3.72,4,3.906999999999998,4.076127171087512,3.7378728289124834,46.727048036678,38.42412701066559,0,0,,,,4.56397777777778,4.609617555555558,4.518338000000003,,2.2494887525563056,2.380342974149019,-1.2751953928424542,0,48.42871095379274,40.38754409597283,,,,,0.022650346105500596,-0.12030771164400278,-0.14295805774950338,-0.1156188130540017,48.42871095379274,,,,,,,,,-14.234554113641977,32.332880305998614,-16.166440152999307,0
2023-04-11,4.05,4.11,3.99,4.07,3.9134999999999978,4.0966147181415895,3.730385281858406,55.1005390834134,45.214447740976915,0,0,,,,4.556911111111114,4.6024802222222245,4.511342000000003,,3.6678553234845257,3.9989778970231926,0.8840783276873543,0,51.019244977228865,41.26617273982674,,,,,0.03530831399921816,-0.09882266525048067,-0.13413097924969883,0.12329395405031955,51.019244977228865,,,,,,,,,-11.151412030234924,32.30146381869041,-16.150731909345204,0
2023-04-12,4.13,4.15,3.94,3.96,3.916999999999998,4.100858641352677,3.7331413586473183,54.22794219503005,52.01850977170715,0,0,,,,4.553622222222224,4.599158444444446,4.508086000000001,,0.6864988558352714,1.097778912433034,-1.4026060253963135,0,47.021991738894414,42.04156988122724,,,,,0.03559406639987753,-0.08963839624985193,-0.12523246264972945,0.09005901313745493,47.021991738894414,,,,,,,,,-9.665136116866279,32.27231290547131,-16.136156452735655,0
2023-04-13,4.03,4.15,3.99,4.11,3.926499999999998,4.1287152318695375,3.7242847681304583,63.450018225215956,57.59283316788646,0,0,,,,4.55077777777778,4.596285555555558,4.505270000000002,,4.103343465045639,4.67337323315935,2.579034941763725,0,52.48849577961786,43.207431596965115,,,,,0.04462164072143386,-0.06945541174793712,-0.11407705246937098,0.18693079895471953,52.48849577961786,,,,,,,,,-8.811381908360543,32.24474490563959,-16.122372452819796,0
2023-04-14,4.09,4.1,3.935,4.02,3.9294999999999973,4.135361603996668,3.7236383960033264,61.0936246397727,59.59052835333956,0,0,,,,4.547622222222224,4.593098444444447,4.5021460000000015,,1.6434892541087764,2.3030919964372565,0.5167527921319914,0,49.20767273940067,43.87618417468699,,,,,0.04323723824100684,-0.06003050466811244,-0.10326774290911928,0.24818918343031993,49.20767273940067,,,,,,,,,-9.196529123367837,32.216540535085116,-16.108270267542558,0
2023-04-17,4.01,4.21,3.98,4.14,3.9424999999999977,4.166274440006158,3.718725559993837,70.61951742497388,65.05438676332085,0,0,,,,4.545666666666669,4.591123333333336,4.500210000000003,,4.413619167717586,5.00951173113513,3.889585947302354,0,53.39091199718933,44.843739556536626,,,,,0.048702546070011316,-0.042389560321605124,-0.09109210639161644,0.38541620137110166,53.39091199718933,,,,,53.39091199718933,,53.39091199718933,,-7.872859206829929,32.190970880060895,-16.095485440030448,0
2023-04-18,4.17,4.17,4.03,4.08,3.953999999999997,4.181191549138782,3.726808450861212,69.64935622236972,67.1208327623721,0,0,,,,4.544377777777781,4.589821555555559,4.498934000000003,,2.796674225245721,3.1866464339909806,2.6845637583892357,0,51.123702866357654,45.74138712672292,,,,,0.046576436711453326,-0.03287156050229978,-0.0794479972137531,0.4093294826719099,51.123702866357654,,,,,,,,,-8.1335550590672,32.16491343324347,-16.082456716621735,0
2023-04-19,4.03,4.06,3.96,4,3.956499999999997,4.184559202840133,3.7284407971598608,63.23621527407353,67.83502964047238,0,0,,,,4.541800000000003,4.587218000000003,4.496382000000003,,0.45203415369166056,1.0994565904208997,1.0101010101009944,0,48.18561315537723,46.177063398629016,,,,,0.03842111789866229,-0.03142159984042525,-0.06984271773908754,0.4120278658765877,48.18561315537723,,,,,,,,,-8.285624622201098,32.138605890266376,-16.069302945133188,0
2023-04-20,3.985,4.0299,3.88,3.95,3.9614999999999965,4.184325043476015,3.738674956523978,58.74961163990274,63.87839437878201,0,0,,,,4.538644444444447,4.584030888888892,4.493258000000003,,-1.4962593516208988,-0.2902940805249554,0.03376667229442187,0,46.391118001262,46.510895383988874,,,,,0.028741283108393634,-0.0339161138535955,-0.06265739696198913,0.35316674217925575,46.391118001262,,,,,,,,,-9.68597488445187,32.10983539813891,-16.054917699069456,0
2023-04-21,3.95,4.0107,3.93,4,3.9689999999999968,4.186338445747829,3.7516615542521645,58.92559539887894,60.30380743761841,0,0,,,,4.534200000000003,4.579542000000003,4.488858000000003,,-0.8182494421026365,0.7810531620056294,1.3684744044602182,0,48.45825244301944,46.66658014918605,,,,,0.024929603356898068,-0.03149539276586655,-0.056424996122764616,0.4377042518742493,48.45825244301944,,,,,,,,,-10.246089705816951,32.080277126241235,-16.040138563120617,0
2023-04-24,4.01,4.07,3.88,3.92,3.968499999999996,4.186240671442237,3.750759328557756,53.99312709047482,57.222778043085505,0,0,,,,4.53046666666667,4.5757713333333365,4.485162000000003,,-2.60869565217392,-1.2221242282977496,-0.6672860883520593,0,45.439221782071606,46.606619867172675,,,,,0.016642668144638224,-0.03562166094196684,-0.05226432908660506,0.45359052750460715,45.439221782071606,,,,,,,,,-10.806065851998321,32.050021055323946,-16.025010527661973,0
2023-04-25,3.88,3.9,3.7623,3.81,3.962499999999996,4.190524121531276,3.7344758784687166,43.569554572349695,52.162759020567826,0,0,,,,4.52646666666667,4.571731333333338,4.481202000000003,,-4.726181545386343,-3.8485804416402813,-3.3485540334855513,0,41.601316668142445,46.756303878448875,,,,,0.004032682425317721,-0.047223476054957914,-0.051256158480275635,0.19601551237945017,41.601316668142445,,,,,,,,,-11.826137793732173,32.018647445787295,-16.009323722893647,0
2023-04-26,3.82,3.88,3.74,3.77,3.956499999999996,4.197769558792867,3.715230441207125,38.02705057179189,45.19657741153881,0,0,,,,4.521355555555559,4.566569111111114,4.476142000000003,,-5.276381909547744,-4.713762163528279,-4.266124936516025,0,40.26936009177121,47.25223601584361,,,,,-0.006167826143740306,-0.05896594115995102,-0.05279811501621071,-0.31498701914736515,40.26936009177121,40.26936009177121,,40.26936009177121,,,,,,-13.510537523987736,31.98597900615996,-15.99298950307998,0
2023-04-27,3.82,3.9,3.78,3.9,3.953499999999996,4.196009793616898,3.7109902063830944,40.538351136752645,40.71165209363142,0,0,,,,4.516911111111114,4.562080222222225,4.471742000000003,,-1.4902753220510156,-1.3532313140254493,-0.9481882831019472,0,46.288299071010975,47.808136590366885,,,,,-0.003460333027205005,-0.05712353130021697,-0.05366319827301196,-0.6926520167776503,46.288299071010975,,,,,,,,,-13.600261664370874,31.953357314328674,-15.976678657164337,0
2023-04-28,3.87,3.945,3.84,3.92,3.951999999999996,4.1949485542251805,3.7090514457748114,42.494984204368066,40.353461970970876,0,0,,,,4.512200000000004,4.5573220000000045,4.467078000000004,,-0.7343631299063125,-0.80971659919018,-0.40650406504065817,0,47.170306395343374,47.71825055047764,,,,,0.00018365799220236567,-0.05343362578275901,-0.053617283774961375,-0.7287657521725412,47.170306395343374,,,,,,,,,-12.701478748809153,31.921458588041673,-15.960729294020837,0
2023-05-01,3.92,3.985,3.84,3.88,3.9439999999999964,4.185362797464918,3.7026372025350756,36.13680029382348,39.72337854498141,0,0,,,,4.507933333333337,4.553012666666671,4.462854000000004,,-1.0960999235279045,-1.6227180527382479,-1.4227642276423036,0,45.55894977020217,47.32822946426144,,,,,0.00039412530072911733,-0.053124627149049974,-0.05351875244977909,-0.7187145237450743,45.55894977020217,,,,,,,,,-11.79480137647685,31.890493793969664,-15.945246896984832,0
2023-05-02,3.86,3.86,3.755,3.77,3.930499999999996,4.178973338610202,3.682026661389789,30.75018535294248,36.460656617044684,0,0,,,,4.503133333333338,4.548164666666671,4.458102000000005,,-3.1346351490236457,-4.083449942755268,-4.152542372881385,0,41.37332078758604,46.92475296773942,,,,,-0.006026641336929664,-0.06105205412094117,-0.055025412784011504,-0.8430061460176538,41.37332078758604,,,,,,,,,-12.666680433434633,31.858810627983985,-15.929405313991992,0
2023-05-03,3.81,4.01,3.77,3.91,3.932499999999996,4.17963356712535,3.685366432874642,38.744131250224235,35.21037229899674,0,0,,,,4.500777777777783,4.545785555555561,4.455770000000005,,0.6953386556785901,-0.572155117609563,-0.5595116988809989,0,47.93014348645797,46.59915637537085,,,,,-0.0002989978576604241,-0.05539916010608703,-0.05510016224842661,-0.751871962880915,47.93014348645797,,,,,47.93014348645797,,47.93014348645797,,-12.60285635244096,31.82727379497394,-15.91363689748697,0
2023-05-04,3.9,3.93,3.83,3.88,3.9429999999999965,4.16072459668143,3.7252754033185638,40.55510565357078,36.68314075224584,0,0,,,,4.499266666666672,4.544259333333338,4.454274000000005,,0.10319917440659854,-1.5977681968043833,-1.3475718281210525,0,46.72422445537529,46.42176721222618,,,,,0.0018944598210150904,-0.05273208747215774,-0.05462654729317283,-0.7152837812911849,46.72422445537529,,,,,,,,,-12.444557019023307,31.795964043520307,-15.897982021760154,0
2023-05-05,3.8,3.91,3.78,3.85,3.9469999999999965,4.154566856699419,3.739433143300574,39.582959820651276,39.62739890814877,0,0,,,,4.498200000000005,4.543182000000005,4.453218000000005,,-0.2849002849002802,-2.4575627058524563,-2.110348334604639,0,45.49161510125577,45.8575317196595,,,,,0.0017534557752604402,-0.052434727574097284,-0.054188183349357724,-0.628291173336153,45.49161510125577,,,,,,,,,-11.690003094995921,31.765471008167214,-15.882735504083607,0
2023-05-08,3.92,3.94,3.83,3.85,3.9394999999999962,4.149688011076014,3.7293119889239787,42.207733255252805,40.78193290982495,0,0,,,,4.4975333333333385,4.542508666666672,4.452558000000005,,-0.10378827192528695,-2.271861911409978,-2.0439318123993133,0,45.49161510125577,45.45523973643794,,,,,0.002067181445879307,-0.05160420654200859,-0.0536713879878879,-0.5128863284963594,45.49161510125577,,,,,,,,,-11.987792224325345,31.734762346574183,-15.867381173287091,0
2023-05-09,3.83,4.02,3.76,3.94,3.9329999999999963,4.134504342385202,3.7314956576147904,50.89849254088366,44.22972853892926,0,0,,,,4.495800000000005,4.540758000000006,4.450842000000005,,1.8877682958365671,0.17798118484626535,0.2374491180461069,0,50.074088781468205,45.5901308525873,,,,,0.008388355094007816,-0.04318594412037813,-0.051574299214385944,-0.22665669131287058,50.074088781468205,,,,,,,,,-11.353953423719076,31.70481167977325,-15.852405839886625,0
2023-05-10,4.05,4.2,3.85,4.12,3.9409999999999963,4.1582464038830045,3.723753596116988,68.60696292697254,53.90439624103633,0,0,,,,4.495711111111114,4.540668222222226,4.4507540000000025,,5.586878523833927,4.541994417660589,4.6127803639441245,0,57.72830918745773,46.39993022302985,,,,,0.02386798536849373,-0.021739317503768785,-0.045607302872262515,0.2479793350927627,57.72830918745773,,,,,57.72830918745773,,57.72830918745773,,-9.112495033561778,31.678133356949505,-15.839066678474753,0
2023-05-11,4.12,4.39,4.04,4.1,3.9404999999999957,4.1562289966604276,3.7247710033395642,70.27282701662735,63.259427494827854,0,0,,,,4.495355555555559,4.540309111111115,4.450402000000003,,4.538500764915865,4.047709681512601,3.981739792036487,0,56.6883625615984,46.98779523149977,,,,,0.03145855829954179,-0.006284104997835271,-0.03774266329737706,0.5984277576472053,56.6883625615984,,,,,,,,,-7.039599957135885,31.655604341057472,-15.827802170528736,0
2023-05-12,4.14,4.26,4.05,4.12,3.9454999999999956,4.172698151401165,3.7183018485988257,73.40438443210311,70.76139145856767,0,0,,,,4.495222222222225,4.540174444444447,4.450270000000002,,4.515474378488071,4.422760106450507,4.339017389836219,0,57.512627394916805,47.850181346702996,,,,,0.036187518683218914,0.007491735056646576,-0.028695783626572335,0.7622183670504211,57.512627394916805,,,,,,,,,-5.525394310772235,31.63678157574634,-15.81839078787317,0
2023-05-15,4.2,4.38,4.07,4.34,3.955499999999996,4.228957492126479,3.6820425078735117,81.95058113521203,75.2092641946475,0,0,,,,4.496333333333336,4.541296666666669,4.4513700000000025,,8.826479438314937,9.720642143850444,9.632873021219247,0,65.32900956093125,49.54501655333077,,,,,0.05155602993177367,0.03574925378814475,-0.015806776143628916,0.7923108415069716,65.32900956093125,,,,,,,,,-3.6632669868462577,31.62327137931668,-15.81163568965834,0
2023-05-16,4.22,4.36,4.22,4.28,3.965499999999996,4.269373328872563,3.6616266711274297,80.46677227683783,78.60724594805099,0,0,,,,4.497266666666669,4.5422393333333355,4.452294000000003,,5.966823471156246,7.930904047409015,7.899159663865518,0,61.98004135585985,51.09577950076567,,,,,0.05480111029529767,0.05269461172549317,-0.0021064985698045005,0.8140061811917029,61.98004135585985,,,,,,,,,-2.060910529762405,31.61498839766094,-15.80749419883047,0
2023-05-17,4.33,4.61,4.26,4.5,3.990499999999996,4.373565268590223,3.6074347314097683,84.82722407200136,82.4148591613504,0,0,,,,4.499044444444448,4.544034888888892,4.454054000000004,,9.809663250366008,12.767823581005011,12.847947839170736,0,68.38056087348778,52.6737982009426,,,,,0.06802138962853235,0.08292023846586094,0.014898848837328588,0.870025058363418,68.38056087348778,,,,,,,,,1.0786737808493532,31.618790240895,-15.8093951204475,0
2023-05-18,4.51,4.68,4.45,4.65,4.0254999999999965,4.503515690119144,3.5474843098808493,88.66341095318253,84.65246910067391,0,0,,,,4.501533333333336,4.54654866666667,4.456518000000003,,11.377245508982048,15.513600794932426,15.66205123953237,0,71.85908530083617,54.437282408477806,,,,,0.08217863056262645,0.11762213704061164,0.0354435064779852,0.917476124445562,71.85908530083617,,,,,,,,,3.6551332173703144,31.634229256325874,-15.817114628162937,0
2023-05-19,4.7,4.7,4.55,4.67,4.058999999999997,4.613036099906917,3.5049639000930766,90.19790287958368,87.8961793015892,0,0,,,,4.504688888888893,4.549735777777782,4.459642000000004,,9.701667841202699,15.052968711505388,15.299152333141276,0,72.29670388779535,56.34712198830589,,,,,0.08769739689430375,0.1450652525958649,0.05736785570156114,0.9509320221427847,72.29670388779535,,,,,,,,,6.765706531207645,31.665822768781194,-15.832911384390597,0
2023-05-22,4.7,5.015,4.69,4.95,4.1104999999999965,4.7822581410002325,3.4387418589997605,93.6186388086591,90.8266508804751,0,0,,,,4.510155555555559,4.555257111111115,4.465054000000003,,13.350125944584356,20.42330616713306,21.264086232239055,0,77.55838355207385,58.931769328626444,,,,,0.1039051443355264,0.18724928612096914,0.08334414178544274,0.948067890542608,77.55838355207385,,,,,77.55838355207385,,77.55838355207385,,10.268125136907443,31.718307760758044,-15.859153880379022,0
2023-05-23,4.8,4.897,4.45,4.52,4.145999999999996,4.825482155762816,3.4665178442371767,80.52520899354073,88.11391689392785,0,1,,,,4.513400000000003,4.558534000000003,4.468266000000003,,2.146892655367205,9.020742884708245,10.324627776421757,0,59.0194994398315,59.72386618243884,,,,,0.08041553900100139,0.18386356553669447,0.10344802653569309,0.9358903074609296,59.0194994398315,59.0194994398315,,59.0194994398315,,,,,,9.220558602625891,31.763502677808898,-15.881751338904449,0
2023-05-24,4.55,4.65,4.36,4.63,4.188999999999997,4.876659799610292,3.501340200389703,76.21024681296585,83.45136487172188,0,0,,,,4.5170888888888925,4.562259777777782,4.471918000000003,,3.4405719392314404,10.527572212938718,12.396827965690216,0,61.551387088519164,60.782949227663394,,,,,0.0675540211202949,0.18789055293606172,0.12033653181576681,0.9237610595821308,61.551387088519164,,,,,,,,,8.82993838234155,31.80574746083857,-15.902873730419286,0
2023-05-25,4.65,4.7,4.455,4.59,4.223499999999996,4.918892694813589,3.5281073051864027,72.39083690576264,76.37543090408974,0,0,,,,4.519844444444448,4.565042888888893,4.4746460000000035,,1.4364640883977486,8.677637030898634,10.994679993551483,0,60.09735327320121,61.82621623994522,,,,,0.05230158572377214,0.18571351397048197,0.13341192824670983,0.8839854424604172,60.09735327320121,,,,,,,,,5.994642940149858,31.831292216325004,-15.915646108162502,0
2023-05-26,4.59,4.6,4.38,4.45,4.249999999999997,4.937459089691927,3.5625409103080674,65.30506673793774,71.30205015222207,0,0,,,,4.52206666666667,4.567287333333336,4.476846000000004,,-2.3694602896007333,4.705882352941249,7.237529118804709,0,55.183744689836615,62.51851121055813,,,,,0.029849155139892197,0.17072337217157507,0.14087421703168287,0.777176056980093,55.183744689836615,55.183744689836615,,55.183744689836615,,,,,,5.413629676353334,31.85343360211454,-15.92671680105727,0
2023-05-30,4.51,4.6599,4.5,4.59,4.285499999999996,4.966160708429759,3.604839291570234,67.12137695846558,68.27242686738865,0,0,,,,4.523977777777781,4.569217555555559,4.478738000000003,,0.15273838097313863,7.10535526776348,10.21290219305262,0,58.81048587621287,63.142539574468465,,,,,0.021861814178271044,0.16820148475452168,0.14633967057625064,0.6983487239143744,58.81048587621287,,,,,,,,,5.0666513381925435,31.87348293898427,-15.936741469492135,0
2023-05-31,4.56,4.61,4.47,4.58,4.325999999999996,4.97479580763142,3.6772041923685723,63.35594330261547,65.26079566633959,0,0,,,,4.525444444444447,4.5706988888888915,4.480190000000002,,-0.7153696076306337,5.871474803513732,9.534438775510168,0,58.446656869207494,63.193850123164886,,,,,0.013737143698838217,0.16351110019979842,0.1497739565009602,0.6098304475365276,58.446656869207494,,,,,,,,,4.919857877068534,31.8924969457057,-15.94624847285285,0
2023-06-01,4.62,4.78,4.525,4.74,4.367499999999997,5.010706809665505,3.724293190334489,65.94059904552917,65.47263976887007,0,0,,,,4.52886666666667,4.574155333333337,4.483578000000003,,2.2212637481130004,8.52890669719526,12.696148359486426,0,62.44945313458675,63.605356592664045,,,,,0.016769999509844313,0.17073645588826558,0.15396645637842127,0.5515002111500211,62.44945313458675,,,,,,,,,7.034143262580706,31.922328815216293,-15.961164407608146,0
2023-06-02,4.8,4.925,4.7615,4.9,4.418499999999997,5.060754622404607,3.7762453775953873,70.04151061355752,66.44601765390073,0,0,,,,4.532911111111114,4.578240222222226,4.487582000000003,,5.10510510510509,10.897363358605938,15.629670416109477,0,65.97878147537202,64.21008188412513,,,,,0.02659896710821852,0.18721516526369442,0.1606161981554759,0.5223958788252732,65.97878147537202,,,,,,,,,9.272810726449903,31.964670926360274,-15.982335463180137,0
2023-06-05,4.85,4.95,4.79,4.9,4.470999999999997,5.09002827075996,3.8519717292400353,70.6915851264665,68.89123159518441,0,0,,,,4.53686666666667,4.582235333333337,4.4914980000000035,,4.589114194236932,9.59516886602556,14.8168398031711,0,65.97878147537202,64.25649416372804,,,,,0.029900904551961288,0.1979923288454275,0.1680914242934662,0.5229196073029377,65.97878147537202,,,,,,,,,11.593131368352376,32.021092050658616,-16.010546025329308,0
2023-06-06,4.9,5.19,4.895,5.18,4.537499999999997,5.161130499574943,3.9138695004250508,80.13734849157454,73.62348141053286,0,0,,,,4.542511111111115,4.587936222222226,4.497086000000004,,10.025488530161407,14.15977961432513,20.194910665944743,0,71.42894454802354,64.93141582031116,,,,,0.046739528586514034,0.22651583502660877,0.17977630644009474,0.5436519448620881,71.42894454802354,,,,,,,,,14.808461576331586,32.09911994562862,-16.04955997281431,0
2023-06-07,5.24,5.41,5.12,5.13,4.596999999999998,5.208198821988451,3.9858011780115445,80.04621924323091,76.95838428709065,0,0,,,,4.547755555555559,4.593233111111115,4.502278000000004,,7.569721115537842,11.594518164020062,17.831712732562544,0,69.29416537614449,64.99667328478664,,,,,0.0500136191306782,0.24229333035344247,0.19227971122276427,0.5969571569472334,69.29416537614449,,,,,,,,,16.382131712661415,32.18796841591739,-16.093984207958695,0
2023-06-08,5.14,5.28,5.04,5.28,4.654999999999998,5.293670494073482,4.016329505926513,80.84902401036345,80.34419724838965,0,0,,,,4.553177777777782,4.59870955555556,4.507646000000005,,9.226313611915593,13.426423200859361,19.891008174386915,0,71.99796359707332,65.00659316308929,,,,,0.05726363124406508,0.2638592502778456,0.20659561903378054,0.6992505529334502,71.99796359707332,,,,,71.99796359707332,71.99796359707332,71.99796359707332,,19.062028198289262,32.296992542064714,-16.148496271032357,0
2023-06-09,5.3,5.37,5.17,5.22,4.710999999999998,5.341552139002051,4.080447860997944,79.80467753351743,80.23330692903727,0,0,,,,4.558200000000004,4.603782000000004,4.512618000000003,,6.5958750255258325,10.804500106134629,17.356115107913638,0,69.3667891754992,64.79731354078243,,,,,0.053093391555023045,0.27296235847755934,0.2198689669225363,0.7685078364302276,69.3667891754992,,,,,,,,,19.127664162131733,32.40521699968194,-16.20260849984097,0
2023-06-12,5.24,5.36,5.1022,5.32,4.770999999999999,5.393507831276044,4.148492168723954,82.90519398500182,81.18629850962758,0,0,,,,4.562422222222226,4.608046444444448,4.516798000000004,,6.741573033707882,11.507021588765486,18.362503708098465,0,71.2524504814173,64.34688975002123,,,,,0.05207358577053925,0.28496094913571035,0.2328873633651711,0.9387618214405807,71.2524504814173,,,,,,,,,20.327164431792507,32.52205774937139,-16.261028874685696,0
2023-06-13,5.34,6.1,5.335,5.94,4.850999999999999,5.624353735363101,4.077646264636897,91.06587785557909,84.59191645803278,0,0,,,,4.569444444444448,4.615138888888893,4.523750000000003,,16.038288728267226,22.44897959183676,30.168005843681488,0,79.62619474107738,65.8187965572531,,,,,0.0861483697775679,0.340572825587131,0.2544244558095631,0.9180343223889887,79.62619474107738,,,,,79.62619474107738,,79.62619474107738,,24.861199093245133,32.67781166029263,-16.338905830146317,0
2023-06-14,5.96,6.04,5.585,5.69,4.921499999999999,5.730061067576251,4.112938932423747,86.95309717995937,86.97472300684676,0,1,,,,4.576733333333337,4.62250066666667,4.530966000000004,,8.795411089866146,15.615157980290583,22.964990635355107,0,70.68530021234281,66.47121892324049,,,,,0.08471578920505651,0.3603191923158837,0.2756034031108272,0.9478303065372969,70.68530021234281,,,,,,,,,27.89287958688467,32.86093789942977,-16.430468949714886,0
2023-06-15,5.64,5.79,5.48,5.68,4.980499999999998,5.828662130727425,4.132337869272572,84.7177864265031,87.57892048734719,0,0,,,,4.583622222222226,4.629458444444448,4.537786000000003,,6.686701728024036,14.044774621022027,21.203499537662672,0,70.34504623995485,67.20319699229432,,,,,0.07622613354328928,0.3708860700399388,0.2946599364966495,0.958298760960533,70.34504623995485,,,,,,,,,30.049637020993917,33.06355807296449,-16.531779036482245,0
2023-06-16,5.8,5.825,5.48,5.6,5.027999999999999,5.902793689963565,4.153206310036432,80.88903822524578,84.18664061056943,0,0,,,,4.590288888888892,4.636191777777781,4.544386000000004,,3.819058212829063,11.376292760540995,18.052139695031943,0,67.54390546055339,68.08606561877409,,,,,0.059117310467578066,0.3685565745811221,0.30943926411354405,0.9386470924036827,67.54390546055339,67.54390546055339,,67.54390546055339,,,,,,26.944738571268616,33.23219075461031,-16.616095377305154,0
2023-06-20,5.65,5.94,5.61,5.81,5.084999999999999,6.00637940068142,4.163620599318578,77.97001611325265,81.19228025500051,0,0,,,,4.597088888888893,4.643059777777783,4.551118000000004,,5.925250683682748,14.257620452310737,20.815138282387167,0,70.82776865917288,68.9444429604141,,,,,0.05587541521281142,0.3792835331295583,0.3234081179167469,0.9340209602764884,70.82776865917288,,,,,,,,,27.298700548567055,33.401956585982425,-16.700978292991213,0
2023-06-21,5.75,5.945,5.65,5.9,5.1324999999999985,6.116936386974844,4.148063613025153,79.00148516625325,79.2868465015839,0,0,,,,4.603088888888892,4.649119777777781,4.557058000000003,,6.17239517725392,14.9537262542621,20.96774193548385,0,72.12927120031871,69.92177255549346,,,,,0.05370951614358599,0.39054501309622935,0.33683549695264337,0.9286464860978122,72.12927120031871,,,,,,,,,28.365299901386877,33.5797699999321,-16.78988499996605,0
2023-06-22,5.86,5.87,5.57,5.79,5.195999999999998,6.178046842060047,4.213953157939949,75.08050397072063,77.35066841674218,0,0,,,,4.6080666666666685,4.654147333333335,4.561986000000002,,2.969944869286878,11.431870669746003,17.230208544239712,0,68.12854052655045,70.32742165491943,,,,,0.03944562303099336,0.3861425257413851,0.3466969027103917,0.9041838466114357,68.12854052655045,,,,,,,,,29.34849567676672,33.76482718603188,-16.88241359301594,0
2023-06-23,5.72,5.7361,5.52,5.54,5.241499999999998,6.198438347021428,4.284561652978567,63.400955317606886,72.49431481819359,0,0,,,,4.61166666666667,4.657783333333336,4.5655500000000035,,-1.929545052221615,5.694934656109951,11.103683401296859,0,59.985178634779125,69.89930716630566,,,,,0.00932230098764869,0.35834977894495257,0.3490274779573039,0.8036404902872794,59.985178634779125,,,,,,,,,26.744587056397062,33.922462311799435,-16.961231155899718,0
2023-06-26,5.55,5.665,5.36,5.37,5.280499999999998,6.190477472248677,4.370522527751319,54.576445391810026,64.35263489337918,0,0,,,,4.614555555555559,4.6607011111111145,4.568410000000004,,-5.190677966101687,1.694915254237328,6.787750232003176,0,55.15714768368233,69.12633332404211,,,,,-0.02407812384759922,0.3189298231478048,0.34300794699540404,0.5840900255995501,55.15714768368233,55.15714768368233,,55.15714768368233,,,,,,22.28218400723989,34.03926942098342,-17.01963471049171,0
2023-06-27,5.38,5.525,5.31,5.5,5.332999999999998,6.1628939691310425,4.503106030868954,51.19708039461318,56.39149370134336,0,0,,,,4.616111111111114,4.662272222222225,4.569950000000003,,-3.203097500879959,3.1314457153572395,8.381502890173387,0,57.94471752789485,68.16317425117577,,,,,-0.03858148970327957,0.2947810848663046,0.3333625745695842,0.42472239110291565,57.94471752789485,,,,,,,,,19.629897642691077,34.133874076794484,-17.066937038397242,0
2023-06-28,5.56,6.005,5.51,5.87,5.3969999999999985,6.184149286984437,4.60985071301556,56.287889414076815,54.02047173350001,0,0,,,,4.61797777777778,4.664157555555557,4.571798000000002,,3.436123348017639,8.764128219381174,14.521688235676656,0,64.67531843193973,67.833256612304,,,,,-0.02507608034810016,0.302017474134459,0.32709355448255917,0.37052459192757986,64.67531843193973,,,,,,,,,21.69720378839112,34.243339486572985,-17.121669743286493,0
2023-06-29,5.88,6.06,5.795,5.98,5.466999999999998,6.1980841264862185,4.735915873513777,62.90780112151778,56.79759031006927,0,0,,,,4.620822222222225,4.667030444444447,4.574614000000003,,4.838709677419373,9.38357417230662,15.39203704894836,0,66.3971287935602,67.43319698348164,,,,,-0.011258728319039402,0.3130201440837599,0.3242788724027993,0.36845637979321405,66.3971287935602,,,,,,,,,25.73866230855636,34.38520945474051,-17.192604727370256,0
2023-06-30,6.06,6.14,5.95,6,5.5299999999999985,6.21536121862862,4.844638781371377,70.7885853301484,63.328091955247665,0,0,,,,4.62326666666667,4.669499333333337,4.577034000000004,,4.602510460251064,8.499095840868032,14.671593298082431,0,66.71480171988856,67.24376930808089,,,,,-0.0036881139151233033,0.3196687300088952,0.3233568439240185,0.313209009842583,66.71480171988856,,,,,,,,,28.836673601405057,34.55334542276663,-17.276672711383316,0
2023-07-03,6.03,6.065,5.94,5.98,5.583999999999998,6.231438027922445,4.936561972077551,71.74864795797589,68.48167813654736,0,0,,,,4.625666666666671,4.671923333333337,4.579410000000005,,3.5677173536543316,7.091690544412654,13.329121920404297,0,66.04242677301872,66.87162475748097,,,,,-0.002973998347194362,0.3196393459900255,0.3226133443372199,0.23428016078529856,66.04242677301872,,,,,,,,,29.09001908559433,34.7216414277581,-17.36082071387905,0
2023-07-05,5.98,6.02,5.825,5.86,5.631999999999999,6.2078680404398865,5.056131959560111,63.59441361791174,68.71054896867868,0,0,,,,4.625977777777781,4.672237555555559,4.579718000000002,,1.4016265789929205,4.048295454545481,10.22634647940308,0,62.00458704664889,65.61293849359323,,,,,-0.012969826573252352,0.30640106112065446,0.3193708876939068,0.4253219487279312,62.00458704664889,,,,,,,,,27.733138807931805,34.87533527315887,-17.437667636579434,0
2023-07-06,5.76,5.77,5.53,5.6,5.652999999999999,6.19077690541717,5.115223094582827,52.953620987868824,62.76556085458549,0,0,,,,4.6248222222222255,4.671070444444448,4.578574000000003,,-2.591755087841363,-0.9375552803820852,4.908205320344683,0,54.263364444609394,64.43994308161227,,,,,-0.03805935432654467,0.271796694785726,0.30985604911227066,0.2804308063904385,54.263364444609394,54.263364444609394,,54.263364444609394,,,,,,24.494954328046344,34.9993114823775,-17.49965574118875,0
2023-07-07,5.62,5.8,5.62,5.73,5.682999999999999,6.164750973014169,5.2012490269858285,50.93275390499677,55.82692950359245,0,0,,,,4.618733333333335,4.664920666666668,4.572546000000002,,-0.22636252829529857,0.8270279781805723,6.538580725131693,0,57.14439618364157,63.49703950616132,,,,,-0.046318452170633184,0.25195798389897917,0.29827643606961235,0.22320612648242896,57.14439618364157,,,,,,,,,22.409102196099223,35.10522114447151,-17.552610572235753,0
2023-07-10,5.7,5.98,5.68,5.97,5.7174999999999985,6.177190113011034,5.257809886988963,55.5556772648606,53.14735071924207,0,0,,,,4.615888888888891,4.66204777777778,4.5697300000000025,,3.1800898721050963,4.4162658504591334,10.086667895998502,0,61.914189917958936,63.09491696740457,,,,,-0.036470094909044404,0.25268881743330684,0.28915891234235125,0.24510839701346865,61.914189917958936,,,,,,,,,22.89490896432177,35.21364526978234,-17.60682263489117,0
2023-07-11,6.01,6.25,5.85,6.18,5.7654999999999985,6.2075169680001965,5.3234830319998006,66.92666799651447,57.80503305545728,0,0,,,,4.613977777777779,4.660117555555557,4.567838000000002,,5.334924152036824,7.189315757523218,12.856099342585804,0,65.52940015091693,62.716462073957715,,,,,-0.017620009939299852,0.26713389991822645,0.2847539098575263,0.44459254931202224,65.52940015091693,,,,,,,,,26.583620993869754,35.35071938808971,-17.675359694044854,0
2023-07-12,6.35,6.42,5.9,6.07,5.802999999999999,6.213614174134431,5.392385825865567,67.97949018014575,63.48727848050694,0,0,,,,4.614200000000002,4.660342000000002,4.568058000000002,,2.464550979068214,4.601068412889897,9.7649186256781,0,62.19888776784039,62.00714897163784,,,,,-0.014497461891770647,0.266632082492813,0.28112954438458365,0.6138343494506676,62.19888776784039,,,,,,,,,28.472150423534757,35.50242096221861,-17.751210481109304,0
2023-07-13,6.12,6.82,6.12,6.64,5.837999999999998,6.3857809781291275,5.290219021870869,77.95570798419125,70.95395538695048,0,0,,,,4.617044444444446,4.6632148888888905,4.570874000000001,,10.64822529578404,13.737581363480666,18.606728192914535,0,70.55123888890753,62.180198854663345,,,,,0.022032735621718258,0.3086704639117315,0.2866377282900132,0.7440864480922419,70.55123888890753,,,,,70.55123888890753,70.55123888890753,70.55123888890753,,32.42611603099302,35.68848723325683,-17.844243616628415,0
2023-07-14,6.73,6.84,6.285,6.32,5.869499999999998,6.451031598453718,5.287968401546277,74.72867535221566,73.55462450551755,0,0,,,,4.619622222222223,4.6658184444444455,4.573426000000001,,4.722452361226193,7.675270465968187,11.733160469090652,0,62.23716681393658,62.341055153174594,,,,,0.020739289430833974,0.3125618400785557,0.2918225506477217,0.7530033730793592,62.23716681393658,,,,,,,,,32.74662978481158,35.87513805859941,-17.937569029299706,0
2023-07-17,6.33,6.935,6.2015,6.89,5.929999999999998,6.654320371106678,5.205679628893318,83.46337169176694,78.7159183427246,0,0,,,,4.6258444444444455,4.67210288888889,4.579586000000001,,12.508164598301775,16.188870151770686,20.286312849162,0,69.1997832918752,63.3441005537598,,,,,0.05255697248042224,0.3575187662482495,0.3049617937678273,0.7558725910523459,69.1997832918752,,,,,,,,,37.7591391158044,36.109392985391985,-18.054696492695992,0
2023-07-18,7.06,7.8699,7,7.83,6.041499999999997,7.125534593544025,4.95746540645597,90.6822397247988,82.95809558959381,0,0,,,,4.636866666666668,4.683235333333335,4.590498000000001,,24.10841654778888,29.603575271042025,34.40521828689131,0,76.79746401983013,64.69072530318375,,,,,0.12695288198815058,0.46365289625301553,0.33670001426486496,0.7312450560433982,76.79746401983013,,,,,,,,,44.74398576566332,36.417815622598276,-18.208907811299138,0
2023-07-19,7.88,8.05,7.61,7.93,6.147499999999997,7.501292820190809,4.793707179809186,92.69026022601918,88.94529054752832,0,0,,,,4.648333333333334,4.694816666666668,4.601850000000001,,21.70042971147943,28.995526636844303,33.80202474690661,0,77.43516382164239,65.60214283101966,,,,,0.17023985354789656,0.5494998311997357,0.3792599776518391,0.7992090882750581,77.43516382164239,,,,,77.43516382164239,,77.43516382164239,,54.165200351967236,36.83991552771627,-18.419957763858136,0
2023-07-20,7.86,8.03,7.56,7.81,6.242999999999997,7.771660851856998,4.7143391481429955,89.06416093349326,90.81222029477043,0,1,,,,4.658555555555558,4.705141111111113,4.611970000000002,,15.926970461629807,25.100112125580697,29.85645402649222,0,74.7791680118128,66.20085991803771,,,,,0.17733127380253155,0.6009240699050036,0.423592796102472,0.8641368805785551,74.7791680118128,,,,,,,,,58.68387864713815,37.3162214467109,-18.65811072335545,0
2023-07-21,7.87,7.89,7.36,7.5,6.328499999999997,7.935525513176486,4.721474486823508,84.43616382546759,88.73019499499334,0,0,,,,4.668333333333335,4.715016666666668,4.621650000000002,,8.47555684119181,18.5114956150747,23.085339168490137,0,68.2650899037019,66.31159478831009,,,,,0.1488347497869335,0.6096362333361389,0.4608014835492054,0.8982778390224203,68.2650899037019,,,,,,,,,55.17456102405573,37.73507234868073,-18.867536174340366,0
2023-07-24,7.47,7.5,7.27,7.39,6.420999999999998,8.04867195712163,4.793328042878364,77.96789925625598,83.8227413384056,0,0,,,,4.67837777777778,4.725161555555558,4.631594000000002,,4.73356009070296,15.09110730415828,19.89616570223347,0,66.06588711043125,66.3132705266967,,,,,0.11195053489556961,0.6007396521686674,0.4887891172730978,0.9051622100745049,66.06588711043125,,,,,,,,,50.673234796110904,38.08905516347751,-19.044527581738755,0
2023-07-25,7.52,7.7899,7.52,7.62,6.533499999999998,8.166071897344832,4.900928102655165,79.12140185730843,80.50848831301066,0,0,,,,4.6894444444444465,4.736338888888891,4.642550000000002,,5.833333333333357,16.629677814341505,22.043670919865434,0,68.36102533924114,66.76730183331043,,,,,0.09318545713644666,0.6052709386936561,0.5120854815572095,0.90287571325515,68.36102533924114,,,,,,,,,48.52802368350464,38.4115471187154,-19.2057735593577,0
2023-07-26,7.5,7.53,6.98,7.14,6.615499999999997,8.196113488491147,5.034886511508849,67.90731703376044,74.99887271577495,0,0,,,,4.696733333333336,4.74370066666667,4.649766000000002,,-2.2854796770220287,7.928350086917124,13.255432771109788,0,59.340683869710816,67.12996750653197,,,,,0.04123787007291113,0.5636328191483484,0.5223949490754373,0.8209652802816777,59.340683869710816,,,,,,,,,45.36150474486408,38.69321610439248,-19.34660805219624,0
2023-07-27,7.29,7.29,6.71,6.73,6.6584999999999965,8.202006073846222,5.114993926153771,56.97068063032401,67.99979984046429,0,0,,,,4.703222222222224,4.7502544444444466,4.656190000000001,,-8.009841443411691,1.073815423894331,6.307919123841588,0,52.917622958123495,66.82805513328067,,,,,-0.024411445597631642,0.49188064207839766,0.5162920876760293,0.6396743047120067,52.917622958123495,52.917622958123495,,52.917622958123495,,,,,,40.28111121410445,38.917958335568436,-19.458979167784218,0
2023-07-28,6.85,7.13,6.85,7.1,6.714499999999997,8.236596908872826,5.192403091127167,55.63946912573793,60.17248892994079,0,0,,,,4.7111333333333345,4.758244666666668,4.664022000000001,,-3.9761969164187283,5.741306128527857,11.325981288872589,0,57.39900329595641,66.50554180313763,,,,,-0.045373877304430876,0.4595747410454907,0.5049486183499216,0.499924498493615,57.39900329595641,,,,,,,,,36.23676124985604,39.101482278060004,-19.550741139030002,0
2023-07-31,7.11,7.395,7.09,7.37,6.782999999999997,8.293577373059783,5.272422626940211,55.45389126505644,56.02134700703946,0,0,,,,4.720511111111112,4.767716222222224,4.673306000000001,,-0.9674818597151025,8.653987910953909,14.547715262667072,0,60.363782462622545,66.1365691111166,,,,,-0.04350690069991242,0.450564992475031,0.49407189317494343,0.38976309331217945,60.363782462622545,,,,,,,,,37.153887622218456,39.29100154586008,-19.64550077293004,0
2023-08-01,7.26,7.345,7.15,7.26,6.846999999999997,8.324160790164767,5.369839209835227,54.87332476928204,55.32222838669214,0,0,,,,4.727933333333334,4.775212666666667,4.680654000000001,,-1.6926201760325,6.03183876150144,11.875898911033445,0,58.57523594054841,65.87773683773861,,,,,-0.051580314467112975,0.4295965000910522,0.4811768145581652,0.1749966062288359,58.57523594054841,,,,,,,,,40.125076357963515,39.50588528063288,-19.75294264031644,0
2023-08-02,7.08,7.0995,6.805,6.98,6.902999999999997,8.30947218244804,5.496527817551954,50.350017620377834,53.55907788490544,0,0,,,,4.734244444444446,4.78158688888889,4.686902000000002,,-4.2524005486968335,1.1154570476604952,6.918560122542727,0,54.1750301612119,64.7080076429032,,,,,-0.07619239153029067,0.38593632514530185,0.4621287166755925,-0.071505841015842,54.1750301612119,,,,,,,,,38.9375780367092,39.70672380753369,-19.853361903766846,0
2023-08-03,6.89,7.14,6.8,7.03,6.974499999999997,8.247833813263496,5.701166186736499,47.98687808239881,51.070073490686234,0,0,,,,4.740644444444446,4.788050888888891,4.693238000000002,,-2.5235718247365257,0.795755968169809,7.066707279926865,0,54.8276026140468,64.1787530571968,,,,,-0.0886468896587907,0.35132010460210417,0.43996699426089486,-0.5186887306034799,54.8276026140468,,,,,,,,,36.417687691346195,39.88225739956055,-19.941128699780275,0
2023-08-04,7.05,7.14,6.8004,6.83,7.029499999999997,8.171296391656655,5.8877036083433385,43.69954474346843,47.34548014874836,0,0,,,,4.74557777777778,4.793033555555557,4.698122000000002,,-4.408677396780947,-2.8380396898783244,3.4743965256034404,0,51.65866009822987,62.92581568622212,,,,,-0.10858073923196215,0.30424107022094216,0.4128218094529043,-0.8261719176580268,51.65866009822987,,,,,,,,,33.345794676471535,40.02969867374988,-20.01484933687494,0
2023-08-07,6.87,6.88,6.4,6.59,7.0604999999999976,8.115952035859582,6.005047964140413,31.36571775955501,41.01738019514076,0,0,,,,4.749800000000003,4.797298000000003,4.702302000000003,,-6.723283793347479,-6.663834006090186,-0.6882001306073526,0,48.06828624150986,60.87373155919926,,,,,-0.13446276514215855,0.2447433530252061,0.37920611816736466,-0.8355784284154459,48.06828624150986,,,,,,,,,30.57154904416656,40.15361133415787,-20.076805667078936,0
2023-08-08,6.424,6.74,6.27,6.66,7.084499999999997,8.078833445077738,6.090166554922257,28.65853035034614,34.57459761778987,0,0,,,,4.7540222222222255,4.801562444444448,4.706482000000003,,-4.433921653034856,-5.991954266356081,-0.27949690556999807,0,49.177771963627166,58.85534642648388,,,,,-0.14262627055458876,0.20092327997412873,0.3435495505287175,-0.8228561746929128,49.177771963627166,,,,,,,,,27.904443164765553,40.256600915166075,-20.128300457583038,0
2023-08-09,7.36,7.49,6.15,6.45,7.103499999999997,8.031902391207709,6.175097608792285,26.47785154821726,28.83403321937281,0,0,,,,4.760022222222226,4.807622444444448,4.712422000000004,,-6.521739130434789,-9.199690293517238,-3.8795886940539592,0,46.00253073286147,56.79987233513021,,,,,-0.15680007788855505,0.1475494531680237,0.30434953105657875,-0.820786849464824,46.00253073286147,,,,,,,,,25.08782294749842,40.3393433612074,-20.1696716806037,0
2023-08-10,6.51,6.6981,6.135,6.23,7.082999999999997,8.067826888341397,6.098173111658595,22.224101428730265,25.78682777576456,0,0,,,,4.765266666666671,4.812919333333338,4.717614000000004,,-9.051094890510935,-12.042919666807805,-7.323845886844859,0,42.8790347862377,54.98658268388277,,,,,-0.1742788091697643,0.0865010195943734,0.2607798287641377,-0.8362275587648866,42.8790347862377,42.8790347862377,,42.8790347862377,,,,,,22.42218024918792,40.404501240628534,-20.202250620314267,0
2023-08-11,6.15,6.385,6.12,6.32,7.082999999999997,8.067826888341397,6.098173111658595,22.472869255482486,23.72494074414334,0,0,,,,4.770777777777781,4.818485555555559,4.7230700000000025,,-6.674542232722979,-10.772271636312247,-6.143260234641856,0,44.53808153054963,53.44888228531979,,,,,-0.17273204633554048,0.044864770844712076,0.21759681718025256,-0.8493928953307802,44.53808153054963,,,,,,,,,19.936747507054875,40.45460855282728,-20.22730427641364,0
2023-08-14,6.24,6.37,6.08,6.31,7.053999999999997,8.092545136236355,6.015454863763638,20.979192368218552,21.89205435081044,0,0,,,,4.776377777777781,4.824141555555559,4.728614000000003,,-5.340534053405321,-10.547207258293135,-6.4353499406880506,0,44.38382980422953,51.7362254613904,,,,,-0.1653296313465758,0.010934777997032796,0.1762644093436086,-0.8358318055993366,44.38382980422953,,,,,,,,,18.82713178560328,40.49814137546373,-20.249070687731866,0
2023-08-15,6.26,6.28,6.07,6.09,6.966999999999996,8.022331227624868,5.9116687723751244,18.085053006241353,20.512371543314135,0,0,,,,4.7815777777777795,4.829393555555558,4.733762000000001,,-7.008703618873103,-12.587914453853832,-9.746579064367955,0,41.01808436899488,50.42746835419639,,,,,-0.1676699435846118,-0.033323020137156156,0.13434692344745564,-0.8634276801872454,41.01808436899488,,,,,,,,,17.757979841518896,40.53561484050199,-20.267807420250996,0
2023-08-16,6.03,6.105,5.87,5.88,6.864499999999997,7.923999410099025,5.805000589900969,19.38797851199219,19.48407462881737,0,0,,,,4.788555555555559,4.836441111111114,4.740670000000003,,-8.681472278304058,-14.34190399883455,-12.867374660410002,0,38.0517986636502,49.365623761734014,,,,,-0.17497379511009004,-0.08437032044015691,0.09060347466993313,-0.9666754400648664,38.0517986636502,,,,,,,,,14.83380466920047,40.5585178156552,-20.2792589078276,0
2023-08-17,5.9,5.95,5.55,5.56,6.751999999999997,7.862614244461206,5.6413857555387885,15.341974017739524,17.605001845324363,0,0,,,,4.794955555555559,4.842905111111114,4.747006000000003,,-11.633820724729816,-17.654028436018933,-17.593004298206626,0,34.01511335232399,47.69534590861741,,,,,-0.19162695928252074,-0.1489302244332178,0.04269673484930294,-0.978779195914924,34.01511335232399,34.01511335232399,,34.01511335232399,,,,,,10.009035872684974,40.56116979137667,-20.280584895688335,0
2023-08-18,5.43,5.9299,5.36,5.86,6.669999999999997,7.789732110819423,5.550267889180572,18.517611873343437,17.74918813435839,1,0,,,,4.802200000000004,4.850222000000004,4.754178000000003,,-5.407586763518957,-12.143928035981965,-13.202330403870842,0,40.39865537413381,46.269265402296796,,,,,-0.17326339694250478,-0.17388251132882804,-0.000619114386323262,-0.9700338473684449,40.39865537413381,,,,,,,,,8.452440009121096,40.55813318300973,-20.279066591504865,0
2023-08-21,5.94,5.98,5.82,5.88,6.5944999999999965,7.713490169751353,5.47550983024864,21.566054041798107,18.47521331096036,0,0,,,,4.809711111111114,4.857808222222225,4.761614000000003,,-3.984323971260606,-10.834786564561327,-12.867374660409991,0,40.809767904462944,45.00030339971926,,,,,-0.1513887206331544,-0.18985501517776626,-0.03846629454461187,-0.9537816616666971,40.809767904462944,,,,,,,,,8.342527398925888,40.5546149112734,-20.2773074556367,0
2023-08-22,5.93,6,5.655,5.83,6.504999999999997,7.566442414829991,5.443557585170003,22.649857449729637,20.911174454957063,0,0,,,,4.816155555555558,4.864317111111114,4.7679940000000025,,-3.492799205429553,-10.376633358954612,-13.45868381989115,0,40.06571764185089,43.992495362622044,,,,,-0.13258224373785593,-0.20419409921693177,-0.07161185547907585,-0.9365958384371227,40.06571764185089,,,,,,,,,9.904051879005008,40.55648251354121,-20.278241256770606,0
2023-08-23,5.83,6.01,5.83,5.93,6.444499999999996,7.49211586471387,5.396884135286122,29.983032547359016,24.73298134629559,0,0,,,,4.824022222222225,4.872262444444448,4.775782000000002,,-0.9851394222741616,-7.983551865932137,-11.913250148544286,0,42.33036222129476,43.09983533456833,,,,,-0.10680989006470656,-0.20512421805995906,-0.0983143279952525,-0.8939374193949221,42.33036222129476,,,,,42.33036222129476,,42.33036222129476,,10.193783281758275,40.55927015873973,-20.279635079369864,0
2023-08-24,6.03,6.0794,5.6,5.65,6.390499999999998,7.484016803711798,5.296983196288197,27.218468898343666,26.617119631810777,0,0,,,,4.831044444444447,4.879354888888892,4.782734000000002,,-4.737818243129299,-11.587512714185078,-15.659053590088078,0,38.00065491257918,42.12426353559328,,,,,-0.10202976005083644,-0.22585152805879805,-0.1238217680079616,-0.8842649219483161,38.00065491257918,,,,,,,,,8.6078468475845,40.556298288172414,-20.278149144086207,0
2023-08-25,5.7,5.875,5.63,5.79,6.324999999999997,7.397408504255812,5.2525914957441815,29.410393590527732,28.870631678743475,0,0,,,,4.837622222222226,4.885998444444448,4.789246000000004,,-1.497107859816249,-8.458498023715366,-13.340650568748746,0,41.23707329688631,41.63631975383446,,,,,-0.08362176618869344,-0.2283489757438284,-0.14472720955513496,-0.8463047934165288,41.23707329688631,,,,,,,,,8.207416643216598,40.55187699487665,-20.275938497438325,0
2023-08-28,5.88,6.0299,5.831,5.93,6.252999999999997,7.223630722777808,5.282369277222185,33.33104840173006,29.986636963533822,0,0,,,,4.843444444444448,4.891878888888892,4.795010000000004,,1.5410958904109817,-5.1655205501358825,-10.818127130539413,0,44.364684745457524,41.292527809679484,,,,,-0.05744647781798137,-0.21653530682761168,-0.1590888290096303,-0.7425756041920639,44.364684745457524,,,,,,,,,8.058492352619856,40.54686886449323,-20.273434432246614,0
2023-08-29,5.87,6.27,5.84,6.17,6.1984999999999975,7.052204281352809,5.344795718647186,38.75862491030266,33.83335563418682,0,0,,,,4.850377777777781,4.898881555555558,4.801874000000003,,5.506155950752389,-0.4597886585463784,-6.430087958750386,0,49.34231470214011,41.5310838074851,,,,,-0.021262253070863657,-0.18566664534820987,-0.1644043922773462,-0.4614524042006466,49.34231470214011,,,,,,,,,11.10014785416575,40.552518260395956,-20.276259130197978,0
2023-08-30,6.16,6.45,6.1199,6.38,6.168499999999997,6.949301511269108,5.387698488730886,49.89794170107907,40.66253833770393,0,0,,,,4.858200000000002,4.9067820000000015,4.809618000000002,,8.172261783655488,3.4287103833995802,-2.48127579354972,0,53.28105894124146,42.274085532842506,,,,,0.01743247329995462,-0.14261380065240292,-0.16004627395235754,-0.08153800389510352,53.28105894124146,,,,,53.28105894124146,,53.28105894124146,,14.487436946756057,40.57181312148051,-20.285906560740255,0
2023-08-31,6.37,6.49,6.22,6.31,6.132499999999998,6.810758800164131,5.454241199835864,61.116896058223304,49.92448755653501,0,0,,,,4.866866666666669,4.915535333333336,4.818198000000002,,5.642055918299005,2.894415002038353,-2.8084407249576726,0,51.83430994664266,42.79524470542058,,,,,0.037763613953824965,-0.11284175651007633,-0.1506053704639013,0.2747972963308657,51.83430994664266,,,,,,,,,16.51022046725618,40.5999970433268,-20.2999985216634,0
2023-09-01,6.38,6.48,6.27,6.34,6.107999999999997,6.715407606142832,5.500592393857162,64.83637801035779,58.61707192322006,0,0,,,,4.875933333333336,4.92469266666667,4.827174000000002,,5.298123235342955,3.798297314996768,-1.7612726615360952,0,52.4304621748707,43.37000416046639,,,,,0.0518147183201651,-0.08583697256369494,-0.13765169088386003,0.6327895445166339,52.4304621748707,,,,,,,,,17.229048898813375,40.63124930485441,-20.315624652427204,0
2023-09-05,6.31,6.595,6.29,6.53,6.104999999999998,6.703381149435797,5.506618850564198,71.16064649659329,65.70464018839147,0,0,,,,4.886333333333335,4.935196666666668,4.8374700000000015,,7.295432139336189,6.9615069615070135,1.634241245136181,0,56.13358846367522,44.44968302437212,,,,,0.07128576548350529,-0.04854448402947842,-0.11983024951298371,0.8301332563184036,56.13358846367522,,,,,56.13358846367522,,56.13358846367522,,17.845043959426018,40.665114822983234,-20.332557411491617,0
2023-09-06,6.51,6.58,6.3,6.41,6.092499999999998,6.653245040102999,5.531754959896996,70.69325919810919,68.8967612350201,0,0,,,,4.897044444444446,4.94601488888889,4.848074000000001,,4.329427083333326,5.211325400082112,0.39678396157456497,0,53.31086922421281,45.53961663584088,,,,,0.07318727286094084,-0.028346158436807656,-0.1015334312977485,0.887887529709286,53.31086922421281,,,,,,,,,18.213627342878922,40.700397992868105,-20.350198996434052,0
2023-09-07,6.29,6.36,6.06,6.32,6.085999999999998,6.6328601283693285,5.539139871630667,69.03032972119206,70.29474513863151,0,0,,,,4.906866666666668,4.9559353333333345,4.857798000000001,,2.215752870774712,3.8448899112718093,-0.587248322147671,0,51.23013631881479,46.76926113344736,,,,,0.06572457423571905,-0.01937771350309969,-0.08510228773881874,0.8507651793480348,51.23013631881479,,,,,,,,,17.86867336891424,40.733595866512196,-20.366797933256098,0
2023-09-08,6.3,6.335,6.14,6.2,6.0844999999999985,6.629934689032583,5.5390653109674135,65.24918008504406,68.32425633478177,0,0,,,,4.916866666666668,4.966035333333335,4.867698000000002,,-0.6091696056428231,1.8982660859561573,-2.2030600977969717,0,48.51139578556762,47.34874259140692,,,,,0.05071945018238054,-0.021702975010843062,-0.0724224251932236,0.8011473189010025,48.51139578556762,,,,,,,,,15.641583861975164,40.75607105957406,-20.37803552978703,0
2023-09-11,6.26,6.35,6.03,6.04,6.070499999999999,6.605307441982662,5.535692558017336,54.69944324651423,62.99298435091679,0,0,,,,4.924955555555557,4.974205111111113,4.875706000000001,,-3.5605939645537266,-0.5024297833786218,-4.192883202030373,0,45.076483148673105,47.65350796599336,,,,,0.029105166950266687,-0.03604096650539024,-0.06514613345565692,0.6656243749704941,45.076483148673105,,,,,,,,,13.071660908651785,40.76741732133584,-20.38370866066792,0
2023-09-12,5.81,5.83,5.2724,5.305,6.020249999999999,6.638024028266015,5.402475971733983,31.561654133705574,50.503425821754625,0,0,,,,4.929200000000002,4.978492000000002,4.879908000000001,,-14.442383678735593,-11.880735849840118,-14.922620479512483,0,33.3828916553087,47.176163252668914,,,,,-0.03228004602948269,-0.10549619099251029,-0.0732161449630276,0.11483656726654785,33.3828916553087,33.3828916553087,,33.3828916553087,,,,,,6.6053436418477105,40.75635698997776,-20.37817849498888,0
2023-09-13,5.465,5.48,5.23,5.365,5.983999999999999,6.663180388409484,5.304819611590514,27.89914938671516,38.05341558897833,0,0,,,,4.934422222222223,4.983766444444446,4.885078000000001,,-12.336601307189532,-10.344251336898381,-13.079872549549066,0,34.868276732422146,46.64315714632087,,,,,-0.06456637749592259,-0.15392411683293084,-0.08935773933700825,-0.17946977626807448,34.868276732422146,,,,,,,,,1.2660390375792658,40.73232431876417,-20.366162159382085,0
2023-09-14,5.36,5.43,5.21,5.26,5.952999999999999,6.7014076429326455,5.204592357067353,22.35343434770705,27.271412622709274,0,0,,,,4.9390888888888895,4.988479777777778,4.889698000000001,,-12.450066577896123,-11.641189316311095,-13.982011447260845,0,33.46213325837502,46.31897702816344,,,,,-0.08730434561789831,-0.19848817135938113,-0.11118382574148282,-0.5080675491162226,33.46213325837502,,,,,,,,,-3.6254485109277375,40.700763553785805,-20.350381776892903,0
2023-09-15,5.25,5.285,5.06,5.12,5.930999999999999,6.747128666326596,5.114871333673403,17.900252493180197,22.717612075867482,0,0,,,,4.9430000000000005,4.992430000000001,4.89357,,-13.058244184071988,-13.673916708818057,-15.390547537732735,0,31.630539436042767,45.63279603810319,,,,,-0.10490025668653824,-0.24230914659965563,-0.1374088899131174,-0.7299380577245104,31.630539436042767,,,,,,,,,-4.832783628889174,40.66803853063992,-20.33401926531996,0
2023-09-18,5.1,5.22,5.02,5.04,5.889999999999999,6.793941369780164,4.9860586302198335,15.25354576208657,18.502410867657954,0,0,,,,4.9465111111111115,4.995976222222223,4.8970460000000005,,-12.484806389998237,-14.431239388794548,-15.883171070931844,0,30.59981865311569,44.64959131722162,,,,,-0.11428267054507496,-0.2802622280944611,-0.16597955754938615,-0.8645216229830179,30.59981865311569,,,,,,,,,-6.877047799726346,40.633867874056584,-20.316933937028292,0
2023-09-19,4.26,4.7571,4.17,4.66,5.828999999999999,6.880088007732974,4.777911992267024,13.405104895383847,15.519634383550217,0,0,,,,4.946644444444445,4.996110888888889,4.897178,,-16.367552045943988,-20.05489792417222,-21.38117197165673,0,26.227863984430442,42.998559123099504,,,,,-0.13691000765815403,-0.3371170671220787,-0.20020705946392464,-0.9266062193662705,26.227863984430442,,,,,,,,,-10.431324746877431,40.59882663287893,-20.299413316439466,0
2023-09-20,4.62,4.64,4.39,4.42,5.758499999999998,6.9758582052954115,4.5411417947045845,10.601347717941731,13.086666125137393,0,0,,,,4.945444444444445,4.99489888888889,4.89599,,-17.736832309696627,-23.24390032126419,-24.478870030755207,0,23.904833791505283,40.900257326689776,,,,,-0.15740632513303407,-0.39696496588021724,-0.23955864074718317,-0.9507836665330891,23.904833791505283,23.904833791505283,,23.904833791505283,,,,,,-14.587401311096562,40.565472856891574,-20.282736428445787,0
2023-09-21,4.34,4.57,4.25,4.48,5.685999999999998,7.020902992730218,4.351097007269779,11.88102929011341,11.962493967813009,0,0,,,,4.944066666666668,4.993507333333334,4.8946260000000015,,-13.663518982462863,-21.209989447766407,-22.585104544669075,0,25.677141108698876,39.031888123979506,,,,,-0.15598844995250677,-0.4345442031878166,-0.27855575323530984,-0.9713054639037472,25.677141108698876,,,,,,,,,-17.84927787043649,40.535496773038204,-20.267748386519102,0
2023-09-22,4.54,4.67,4.455,4.48,5.627499999999999,7.062388497410182,4.192611502589815,11.636132073635004,11.372836360563396,1,0,,,,4.941177777777778,4.990589555555555,4.8917660000000005,,-10.703607733705379,-20.39093736117279,-21.796811358082145,0,25.677141108698876,37.12093661925295,,,,,-0.1443830413223201,-0.45903455488821,-0.3146515135658899,-0.9770189982266108,25.677141108698876,,,,,,,,,-18.91439319389904,40.50704710192632,-20.25352355096316,0
2023-09-25,4.47,4.5,4.31,4.35,5.5554999999999986,7.091497721352495,4.0195022786475025,10.41996328407923,11.312374882609229,0,0,,,,4.93788888888889,4.987267777777778,4.888510000000001,,-10.272277227722759,-21.699216992169912,-23.18559067631997,0,24.257466331419664,34.84407075266327,,,,,-0.13496787692806855,-0.4833613597259756,-0.34839348279790705,-0.9707768567739009,24.257466331419664,,,,,,,,,-19.348498837323888,40.4793026035207,-20.23965130176035,0
2023-09-26,4.34,4.435,4.22,4.24,5.470999999999998,7.098509139759299,3.843490860240698,10.047893730051538,10.701329695921936,0,0,,,,4.9336222222222235,4.982958444444446,4.884286000000001,,-10.576821680902649,-22.500456954852833,-24.204504826599916,0,23.093945019681627,32.685719023768186,,,,,-0.1258351012951196,-0.5056873594168065,-0.37985225812168694,-0.9634385739219242,23.093945019681627,23.093945019681627,,23.093945019681627,,,,,,-20.820258292089317,40.45404204847264,-20.22702102423632,0
2023-09-27,4.2,4.33,4.19,4.3,5.377499999999999,7.0479325787053,3.707067421294697,11.894550816236467,10.787469276789091,1,0,,,,4.931000000000002,4.980310000000002,4.881690000000002,,-7.227615965480039,-20.037192003719184,-22.303198217189657,0,25.201434534434725,30.82652603916961,,,,,-0.10622227015817198,-0.5126300958194019,-0.4064078256612299,-0.9478189449384476,25.201434534434725,,,,,,,,,-21.904708996623597,40.430840229432945,-20.215420114716473,0
2023-09-28,4.31,4.42,4.24,4.34,5.275499999999999,6.937730128471994,3.6132698715280043,15.234218882142354,12.392221142810135,0,0,,,,4.928333333333335,4.977616666666668,4.879050000000001,,-4.468412942989197,-17.732916311250115,-20.846252051796455,0,26.644646520192154,29.264615377357078,,,,,-0.0821031315167054,-0.5090367400571116,-0.42693360854040624,-0.9280845542272911,26.644646520192154,,,,,,,,,-21.94842236704513,40.40775099469597,-20.203875497347983,0
2023-09-29,4.4,4.57,4.32,4.38,5.1789999999999985,6.813657762346618,3.544342237653379,21.528101716619467,16.218957138332776,0,0,,,,4.924777777777779,4.974025555555556,4.875530000000001,,-1.9914969791899662,-15.427688743000555,-19.539526054742506,0,28.13785927852861,28.05471367234676,,,,,-0.056236762091180226,-0.49722956115438155,-0.4409927990632013,-0.9154259325747467,28.13785927852861,,,,,,,,,-21.08487862685381,40.383066953807294,-20.191533476903647,0
2023-10-02,4.4,4.42,4.29,4.39,5.081499999999998,6.659156806786588,3.5038431932134086,24.910984151172485,20.557768249978114,0,0,,,,4.921666666666668,4.970883333333335,4.872450000000001,,-0.31789282470480185,-13.608186559086866,-18.62333168561542,0,28.529548028855515,27.708046270457253,,,,,-0.032417575045324054,-0.48151476786985636,-0.4490971928245323,-0.8687185005543693,28.529548028855515,,,,,,,,,-20.560874616528213,40.35749855728911,-20.178749278644556,0
2023-10-03,4.35,4.37,4.13,4.17,4.963499999999998,6.43992846084735,3.487071539152646,19.073166561348895,21.837417476380296,0,0,,,,4.917488888888889,4.966663777777778,4.868314000000001,,-4.247990815154989,-15.986702931399178,-21.875975769687127,0,25.26670006928238,27.02221936594727,,,,,-0.025734339865948752,-0.4812651176569682,-0.45553077779101947,-0.8477527490976674,25.26670006928238,,,,,,,,,-21.590492746787252,40.3338181826054,-20.1669090913027,0
2023-10-04,4.23,4.34,4.14,4.31,4.8584999999999985,6.201139564440159,3.515860435559838,22.754481670634842,22.24621079438542,1,0,,,,4.915577777777778,4.964733555555556,4.866422,,-0.7826887661141813,-11.289492641761845,-18.479288821637986,0,30.69839391924353,26.82480941315216,,,,,-0.007108920829119181,-0.4644169288274185,-0.4573080079982993,-0.7896504359101326,30.69839391924353,,,,,,,,,-22.03157254004218,40.3110118079614,-20.1555059039807,0
2023-10-05,4.32,4.475,4.26,4.45,4.764999999999999,5.937130538805323,3.5928694611946748,28.910036068992135,23.579228100325306,0,0,,,,4.911755555555556,4.960873111111111,4.8626380000000005,,2.510942179221387,-6.610703043022004,-15.038503150257732,0,35.72900594340102,27.117557020820605,,,,,0.01804145511661598,-0.43475618910252933,-0.4527976442191453,-0.6449845694169772,35.72900594340102,,,,,,,,,-21.71103248320867,40.28761706471485,-20.143808532357426,0
2023-10-06,4.39,4.53,4.351,4.5,4.679999999999999,5.653236867365833,3.706763132634164,36.81762512767172,29.494047622432902,0,0,,,,4.906733333333333,4.955800666666667,4.857666,,3.6150126640571267,-3.8461538461538214,-13.45044236440568,0,37.47466804353118,27.608617691564568,,,,,0.04017841350811746,-0.4025746273339985,-0.442753040842116,-0.3593119305113883,37.47466804353118,,,,,,,,,-19.792426761873333,40.26094387989591,-20.130471939947956,0
2023-10-09,4.41,4.65,4.41,4.62,4.608999999999999,5.355877499995847,3.862122500004151,45.60051622797923,37.10939247488103,0,0,,,,4.904333333333334,4.953376666666667,4.85529,,5.720823798627017,0.23866348448688957,-10.470899812673572,0,41.57606580116389,28.70491782133124,,,,,0.06364182595334772,-0.3632007584004313,-0.42684258435377903,0.17659274414518472,41.57606580116389,,,,,,,,,-18.006478161670213,40.23179952672144,-20.11589976336072,0
2023-10-10,4.66,5.02,4.652,4.86,4.5867499999999986,5.2734542667699635,3.9000457332300336,61.19131254808042,47.86981796791046,0,0,,,,4.902733333333333,4.951760666666666,4.853706,,9.657039711191363,5.957377227884719,-5.1645635488486885,0,48.808557298395435,30.483755214680542,,,,,0.09421971031329385,-0.30906794646216174,-0.4032876567754556,0.47386781391179456,48.808557298395435,,,,,48.808557298395435,,48.808557298395435,,-15.588554109662276,40.20016267306781,-20.100081336533904,0
2023-10-11,4.95,5.07,4.76,4.83,4.559999999999999,5.1594997914929275,3.96050020850707,65.55374200557318,57.44852359387761,0,0,,,,4.903377777777779,4.952411555555557,4.854344000000001,,7.692307692307732,5.921052631578982,-4.921259842519666,0,48.008520157995704,32.07885371820175,,,,,0.11020834960419179,-0.26552721977021587,-0.37573556937440766,0.6814645638119358,48.008520157995704,,,,,,,,,-13.652855770065628,40.167263009507394,-20.083631504753697,0
2023-10-12,4.87,4.88,4.355,4.42,4.517999999999999,5.026196812268685,4.009803187731313,56.34746367326089,61.030839408971495,0,0,,,,4.902933333333333,4.951962666666667,4.853904,,-1.6247496105052162,-2.1691013722886066,-11.858548258441903,0,38.67766044811032,33.00746224244542,,,,,0.09171268246253483,-0.26109471629623915,-0.352807398758774,0.6919980881563542,38.67766044811032,,,,,,,,,-14.866842745556518,40.13520753800376,-20.06760376900188,0
2023-10-13,4.46,4.48,4.23,4.29,4.4765,4.911575855455144,4.041424144544855,51.396472352863604,57.76589267723256,0,0,,,,4.901555555555555,4.9505711111111115,4.852539999999999,,-4.326494201605713,-4.166201273316195,-13.286619054035832,0,36.27052067062586,33.865537552388716,,,,,0.07023240766923855,-0.26501688917222577,-0.3352492968414643,0.5359474414092347,36.27052067062586,,,,,,,,,-18.290864264461828,40.10669814982549,-20.053349074912745,0
2023-10-16,4.28,4.5,4.24,4.46,4.4475,4.7974642838919745,4.097535716108025,53.82551508195841,53.8564837026943,0,0,,,,4.902177777777778,4.951199555555556,4.853156,,-0.6902694277443722,0.28105677346823565,-8.693871980346657,0,41.40603834389291,35.17354421840381,,,,,0.06699269540215402,-0.2515084275887718,-0.3185011229909258,0.43566634974358237,41.40603834389291,,,,,,,,,-20.491523170009117,40.081499258451075,-20.040749629225537,0
2023-10-17,4.36,4.53,4.32,4.48,4.4384999999999994,4.775146699077897,4.101853300922102,54.366444214672875,53.19614388316496,0,0,,,,4.902711111111111,4.951738222222222,4.853683999999999,,-0.9287925696594423,0.9350005632533742,-6.983182227143725,0,41.99821458338214,36.37331422190005,,,,,0.06563030594179187,-0.23646324056368595,-0.3020935465054778,0.35621515940348275,41.99821458338214,,,,,,,,,-20.120215774942967,40.0557374046141,-20.02786870230705,0
2023-10-18,4.38,4.43,4.2,4.25,4.43,4.77652561232906,4.08347438767094,45.831515207620235,51.34115816808384,0,0,,,,4.902044444444444,4.951064888888888,4.853024,,-5.89016829052259,-4.063205417607218,-10.419447762242662,0,37.326293429430535,37.136289001131374,,,,,0.0494120040563476,-0.24032854143504334,-0.28974054549139094,0.13139047790872918,37.326293429430535,,,,,,,,,-20.364903847123042,40.03041346756822,-20.01520673378411,0
2023-10-19,4.29,4.345,4.19,4.21,4.4165,4.77501220341855,4.05798779658145,40.20913749283028,46.80236563837446,0,0,,,,4.902177777777776,4.951199555555554,4.8531559999999985,,-6.277827248441659,-4.675648137665577,-9.927257167308523,0,36.56449324393954,37.73819142723215,,,,,0.03674523042710981,-0.24380900745750367,-0.2805542378846135,-0.06759771585346577,36.56449324393954,,,,,,,,,-21.89757830986729,40.00781888189337,-20.003909440946686,0
2023-10-20,4.2,4.215,4.06,4.09,4.397,4.781088531461196,4.012911468538804,28.73816204235387,38.25960491426813,0,0,,,,4.902533333333333,4.951558666666667,4.853508,,-8.110536957986946,-6.9820332044575935,-11.157772789805243,0,34.30266311662953,38.15055679064458,,,,,0.0217793361904709,-0.2533300676465249,-0.2751094038369958,-0.2798920944127208,34.30266311662953,34.30266311662953,34.30266311662953,34.30266311662953,,,,,,-24.26117862670294,39.990146399834416,-19.995073199917208,0
2023-10-23,4.08,4.2298,4,4.11,4.385,4.788707815133691,3.9812921848663083,27.31141247993296,32.08623733837237,0,0,,,,4.903199999999999,4.9522319999999995,4.854167999999999,,-6.590909090909058,-6.2713797035347625,-9.458070201204283,0,35.0240799904812,38.84751249930163,,,,,0.015041768026121616,-0.25630719380434375,-0.27134896183046536,-0.5816178320085357,35.0240799904812,,,,,,,,,-25.107064563150413,39.9744443241458,-19.9872221620729,0
2023-10-24,4.19,4.28,4.105,4.14,4.38,4.793134360710917,3.9668656392890824,26.58014295213202,27.543239158139617,0,0,,,,4.902977777777777,4.952007555555555,4.853947999999999,,-4.343807763401086,-5.47945205479452,-8.010221086545943,0,36.15656053361695,39.23738154318545,,,,,0.014418643097403594,-0.25332565795871087,-0.26774430105611446,-0.755197076847722,36.15656053361695,,,,,,,,,-25.519967040318416,39.95973265927846,-19.97986632963923,0
2023-10-25,4.09,4.19,4.06,4.09,4.3695,4.8005208811647195,3.9384791188352812,23.442937903935803,25.778164445333598,0,0,,,,4.902399999999999,4.951423999999999,4.853375999999999,,-3.855195110484222,-6.3966128847694375,-8.254822790489003,0,35.05977706728244,39.18957948060555,,,,,0.012522321861133001,-0.2520913987296982,-0.2646137205908312,-0.8393290109086767,35.05977706728244,,,,,,,,,-25.52950966878737,39.94502714811694,-19.97251357405847,0
2023-10-26,4.21,4.3479,4.19,4.28,4.3665,4.799132638620796,3.933867361379204,34.42467013530386,28.14925033045723,0,0,,,,4.902533333333332,4.951558666666665,4.853507999999998,,0.9433962264151274,-1.9809916409023298,-3.284121723410649,0,42.23105420956919,39.52932134960827,,,,,0.025215092549641605,-0.23309485490377924,-0.25830994745342084,-0.8270123443095878,42.23105420956919,,,,,42.23105420956919,,42.23105420956919,,-24.514935798553534,39.927905319733355,-19.963952659866678,0
2023-10-27,4.31,4.3661,4.14,4.16,4.355500000000001,4.797290674414896,3.9137093255851063,34.62101195121965,30.829539996819772,0,0,,,,4.902577777777776,4.951603555555554,4.853551999999999,,-1.585048497752506,-4.48857766042936,-5.311077389984808,0,39.28069924554688,39.36536659563562,,,,,0.026545701325736526,-0.22512782079625016,-0.2516735221219867,-0.804399463644689,39.28069924554688,,,,,,,,,-24.39514521588352,39.91050930572522,-19.95525465286261,0
2023-10-30,4.2,4.28,4.11,4.2,4.346,4.79256018631311,3.8994398136868904,36.52518011241428,35.19028739964593,0,0,,,,4.903466666666666,4.952501333333332,4.854431999999999,,-0.023803856224668962,-3.359410952600095,-3.7874160048869787,0,40.76620832157783,38.7909130972915,,,,,0.030835297613878432,-0.21312940010463866,-0.2439646977185171,-0.7195427643897598,40.76620832157783,,,,,,,,,-23.721116503268775,39.891633866689595,-19.945816933344798,0
2023-10-31,4.19,4.25,4.115,4.23,4.349,4.791578806541839,3.9064211934581614,39.392423483579634,36.846205182404525,0,0,,,,4.904755555555554,4.953803111111109,4.855707999999999,,1.2931034482758896,-2.736261209473434,-2.780969891978824,0,41.914007499068745,38.35559076451101,,,,,0.036046205705032947,-0.1989069405872259,-0.23495314629225886,-0.5997637591786187,41.914007499068745,,,,,,,,,-24.03063556052967,39.87343362184963,-19.936716810924814,0
2023-11-01,4.21,4.26,4.12,4.24,4.3454999999999995,4.790358404439025,3.9006415955609746,42.30465543744897,39.407419677814296,0,0,,,,4.905911111111109,4.9549702222222205,4.856851999999998,,1.5568862275449513,-2.4277988723967137,-2.4165707710011253,0,42.315262744743634,38.61541949998481,,,,,0.04020289990223108,-0.18469952141447,-0.22490242131670107,-0.4526285615122134,42.315262744743634,,,,,,,,,-23.58863507245103,39.85429121519797,-19.927145607598984,0
2023-11-02,4.33,4.64,4.33,4.59,4.3525,4.807994237065648,3.897005762934352,61.667579874575026,47.788219598534546,0,0,,,,4.908533333333332,4.957618666666665,4.859447999999999,,8.948492760503225,5.456634118322801,5.549593745209291,0,54.232143843085,39.8983925837319,,,,,0.06508730763270401,-0.14354328677582107,-0.20863059440852508,-0.023256243971004426,54.232143843085,,,,,,,,,-21.287933985194915,39.83076397411309,-19.915381987056545,0
2023-11-03,4.71,4.81,4.59,4.61,4.358,4.823041933593116,3.892958066406884,66.99517059134469,56.9891353011229,0,0,,,,4.910577777777776,4.9596835555555545,4.861471999999998,,8.089097303634274,5.782469022487402,5.903974270617995,0,54.806686797664206,40.855581759001275,,,,,0.08045078667079342,-0.1080671110700333,-0.18851789774082672,0.3906019609099976,54.806686797664206,,,,,54.806686797664206,,54.806686797664206,,-19.05856762812036,39.80384893959264,-19.90192446979632,0
2023-11-06,4.63,4.65,4.33,4.35,4.3445,4.79374269610091,3.89525730389909,60.83418699067916,63.165645818866295,0,0,,,,4.911377777777776,4.960491555555554,4.862263999999999,,1.422242947073915,0.12659684658762327,-0.0689179875947632,0,46.614321063735986,41.185303650455126,,,,,0.0709890436121264,-0.09978159322566871,-0.17077063683779511,0.658081776286907,46.614321063735986,,,,,,,,,-18.457176976322476,39.77620370472508,-19.88810185236254,0
2023-11-07,4.33,4.51,4.27,4.5,4.3265,4.716642281738335,3.9363577182616654,63.49438340108041,63.77458032770142,0,0,,,,4.913066666666665,4.962197333333331,4.863935999999998,,4.046242774566466,4.01016988327747,3.171570500573173,0,51.15096186906014,42.17277996757152,,,,,0.07246677626885337,-0.08018716650172841,-0.15265394277058178,0.7745326512580339,51.15096186906014,,,,,,,,,-19.106558682589565,39.749458082548514,-19.874729041274257,0
2023-11-08,4.52,4.52,4.35,4.36,4.303,4.618474246175526,3.9875257538244737,58.07591721677031,60.80149586950996,0,0,,,,4.914533333333331,4.963678666666665,4.865387999999998,,0.18382352941177516,1.324657215895897,-0.08402719425557592,0,47.12574474939588,42.92715507510412,,,,,0.06205140623466171,-0.07508968497725466,-0.13714109121191637,0.7841067697406403,47.12574474939588,,,,,,,,,-20.745643500857366,39.72519482754362,-19.86259741377181,0
2023-11-09,4.54,4.55,4.21,4.28,4.296,4.606959804476412,3.985040195523588,53.625657777610506,58.39865279848707,0,0,,,,4.915466666666664,4.964621333333331,4.866311999999998,,-1.6544117647058654,-0.3724394785847296,-1.8723729461215033,0,44.94902548220342,43.68760952978796,,,,,0.04841529287180779,-0.07662197512215663,-0.12503726799396442,0.6663836384206966,44.94902548220342,,,,,,,,,-21.270248598074012,39.70183811702765,-19.850919058513824,0
2023-11-10,4.32,4.4,4.21,4.37,4.3,4.612601983359069,3.9873980166409306,56.331703154885275,56.011092716422034,0,0,,,,4.917555555555554,4.966731111111109,4.868379999999998,,-0.06860278984677226,1.6279069767441978,0.1987159889942136,0,47.866444091027354,44.604921251255554,,,,,0.04421396218494618,-0.0697698152627817,-0.11398377744772788,0.595071150299172,47.866444091027354,,,,,,,,,-22.127453575564612,39.680026593755954,-19.840013296877977,0
2023-11-13,4.38,4.39,4.26,4.33,4.2935,4.597820554678835,3.9891794453211653,52.393044718341336,54.116801883612375,0,0,,,,4.920266666666666,4.969469333333333,4.871063999999999,,-1.2767897856816979,0.8501222778618978,-0.6728857623489959,0,46.68234362020674,45.35676290029768,,,,,0.03774934233457629,-0.06679709952950752,-0.10454644186408381,0.48140070572515564,46.68234362020674,,,,,,,,,-22.35707399964045,39.658664460617366,-19.829332230308683,0
2023-11-14,4.5,4.64,4.2,4.32,4.2855,4.577970511334068,3.9930294886659317,52.58904888783223,53.77126558701962,0,0,,,,4.922844444444443,4.972072888888887,4.873615999999998,,-1.706484641638184,0.805040252012601,-1.0158099747956673,0,46.373490589666844,46.16488529475371,,,,,0.03203351426599338,-0.06450454903159208,-0.09653806329758546,0.2912896007530846,46.373490589666844,,,,,,,,,-21.935272151198433,39.63655481117555,-19.818277405587775,0
2023-11-15,4.38,4.65,4.31,4.4,4.292999999999999,4.589114842586517,3.996885157413481,55.8102284959443,53.59744070070596,0,0,,,,4.92582222222222,4.975080444444442,4.876563999999998,,-0.24937655860347574,2.492429536454721,0.7479774080293211,0,49.26535869019538,46.66733561479844,,,,,0.03275722641690479,-0.05559153027645447,-0.08834875669335926,0.27634909753169085,49.26535869019538,,,,,,,,,-21.51994874425182,39.61374383680654,-19.80687191840327,0
2023-11-16,4.37,4.4,4.14,4.22,4.2935,4.589085858931094,3.997914141068905,47.486756866887255,51.962011416887925,0,0,,,,4.92782222222222,4.977100444444442,4.878543999999998,,-3.5208047553726307,-1.7118900663794179,-3.203608838596228,0,43.5719408456793,46.97385287195075,,,,,0.020811926498237793,-0.06233384857056201,-0.0831457750687998,-0.03657820048068789,43.5719408456793,,,,,,,,,-21.905474779263077,39.59163734607439,-19.795818673037196,0
2023-11-17,4.26,4.305,4.15,4.21,4.2995,4.582941351958406,4.016058648041594,43.9679062895265,49.08829721745269,0,0,,,,4.930711111111109,4.9800182222222205,4.881403999999998,,-2.861098292570341,-2.0816373996976445,-3.218390804597693,0,43.27274330748377,47.15289108522975,,,,,0.012353695873013118,-0.06770365522753341,-0.08005735110054653,-0.33927928998217394,43.27274330748377,43.27274330748377,,43.27274330748377,,,,,,-22.50320339662453,39.57064724899698,-19.78532362449849,0
2023-11-20,4.29,4.39,4.26,4.31,4.3095,4.5792758328687455,4.039724167131254,46.37001298787479,45.941558714762856,0,0,,,,4.933955555555554,4.983295111111109,4.8846159999999985,,-0.4618937644341736,0.011602274045707794,-0.683616253168462,0,47.17884618556198,47.52895099140784,,,,,0.013516273599248466,-0.06316200910148595,-0.07667828270073442,-0.5372963245089633,47.17884618556198,,,,,,,,,-22.98351326684202,39.55059333011218,-19.77529666505609,0
2023-11-21,4.32,4.32,4.17,4.21,4.313,4.575609976962077,4.050390023037923,39.57528420443669,43.304401160612656,0,0,,,,4.936266666666665,4.985629333333332,4.886903999999998,,-2.1157870262729417,-2.3881289125898375,-2.501157943492349,0,43.9218503243199,47.64370724709186,,,,,0.007853704283545163,-0.06686115234630297,-0.07471485662984813,-0.8034603556198681,43.9218503243199,,,,,,,,,-23.03365914934727,39.530653545061,-19.7653267725305,0
2023-11-22,4.22,4.31,4.19,4.26,4.3214999999999995,4.56499743325145,4.078002566748549,36.61131126860892,40.8522028203068,0,0,,,,4.938444444444443,4.987828888888887,4.889059999999998,,-0.7224423211372399,-1.423116973273164,-0.9071877180739873,0,45.93171658812758,47.05081958602347,,,,,0.007764855659452521,-0.06500878705553248,-0.072773642714985,-0.7446380351313534,45.93171658812758,,,,,,,,,-22.740685125642326,39.51016846350534,-19.75508423175267,0
2023-11-24,4.28,4.41,4.2,4.38,4.326499999999999,4.570489753883333,4.082510246116666,43.0763216844514,39.75430571916567,0,0,,,,4.940711111111109,4.99011822222222,4.891303999999998,,1.836782143687521,1.2365653530567622,1.9157682463352366,0,50.515640145248085,46.74431625370804,,,,,0.015623703566157596,-0.053244013257288,-0.0688677168234456,-0.49908437340772477,50.515640145248085,,,,,,,,,-22.35982692661786,39.488995322899804,-19.744497661449902,0
2023-11-27,4.37,4.41,4.25,4.27,4.331999999999999,4.565460917500233,4.098539082499765,40.477443043895846,40.05502533231873,0,0,,,,4.941733333333332,4.991150666666665,4.892315999999998,,-0.4893964110929572,-1.4312096029547416,-0.628345357225979,0,46.614331021576085,46.74431696498233,,,,,0.013338367633658949,-0.052194757281371906,-0.06553312491503085,-0.5219626609421,46.614331021576085,,,,,,,,,-22.008197384670424,39.46721468289682,-19.73360734144841,0
2023-11-28,4.3,4.41,4.16,4.4,4.341999999999999,4.569033037243621,4.114966962756377,51.71282602383721,45.08886358406148,0,0,,,,4.9427555555555545,4.99218311111111,4.893327999999999,,2.373196835737579,1.3357899585444866,2.444703143189786,0,51.392115681080476,46.761542237269495,,,,,0.020100493360494395,-0.04040750821441286,-0.06050800157490725,-0.11026646033608395,51.392115681080476,,,,,51.392115681080476,,51.392115681080476,,-21.152195478799737,39.44401236341804,-19.72200618170902,0
2023-11-29,4.5,4.64,4.35,4.39,4.349999999999999,4.571900878772635,4.128099121227362,55.981333335589255,49.39053413444077,0,0,,,,4.943466666666666,4.992901333333332,4.894031999999999,,1.974448315911781,0.9195402298850741,2.2833178005591925,0,51.01390673501581,47.0392680933852,,,,,0.023198624947703493,-0.031509720390277884,-0.05470834533798138,0.13163534364556082,51.01390673501581,,,,,,,,,-21.067589986093115,39.42070777596723,-19.710353887983615,0
2023-11-30,4.41,4.505,4.34,4.38,4.356999999999999,4.573342321333693,4.140657678666305,56.16582563065798,54.61999499669482,0,0,,,,4.944177777777777,4.993619555555555,4.894735999999999,,1.789449221473416,0.5278861602019846,1.9473970051982592,0,50.61278131254278,47.44382208126659,,,,,0.023784952455480617,-0.024977154768630605,-0.04876210722411122,0.18455172329578534,50.61278131254278,,,,,,,,,-20.369857375896988,39.39635993316168,-19.69817996658084,0
2023-12-01,4.4,4.555,4.36,4.46,4.3504999999999985,4.545176654995062,4.155823345004935,62.41669793276424,58.187952299670485,0,0,,,,4.944533333333333,4.993978666666667,4.895087999999999,,3.0737231338109794,2.5169520744742435,3.6084869134273223,0,53.746167991414836,47.863802359865694,,,,,0.028455572596925452,-0.013192641477954403,-0.041648214074879855,0.46460931818977674,53.746167991414836,,,,,,,,,-19.96474086113811,39.37146381182672,-19.68573190591336,0
2023-12-04,4.46,4.59,4.45,4.58,4.348999999999998,4.535965237410805,4.162034762589192,68.691965951287,62.424829838236406,0,0,,,,4.9448444444444455,4.99429288888889,4.895396000000001,,4.949587534372157,5.311565877213198,5.993982874334702,0,58.045975320204896,48.675490338436994,,,,,0.03792915715639601,0.005763232370615157,-0.032165924785780856,0.6506196511105189,58.045975320204896,,,,,58.045975320204896,,58.045975320204896,,-18.77293450710798,39.345036318206084,-19.672518159103042,0
2023-12-05,4.54,4.6,4.42,4.45,4.353999999999999,4.546083315256794,4.161916684743204,64.68391457236555,65.2641928188056,0,0,,,,4.943155555555555,4.992587111111111,4.893724,,1.6445865692097383,2.2048690858980535,2.7160113872432445,0,52.36657789037248,49.1035680027731,,,,,0.033875661631382684,0.010178652253447495,-0.023697009377935185,0.7194293453987592,52.36657789037248,,,,,,,,,-18.300624113927494,39.318100195094395,-19.659050097547198,0
2023-12-06,4.48,4.61,4.45,4.46,4.3519999999999985,4.538719040271927,4.16528095972807,65.54946069856483,66.30844707407245,0,0,,,,4.940888888888889,4.990297777777778,4.89148,,1.2945718828072161,2.4816176470588536,2.6939903292655165,0,52.74955899293063,49.35243945296848,,,,,0.030413408755283207,0.014319751566168826,-0.01609365718911438,0.8738960667484847,52.74955899293063,,,,,,,,,-18.269255061775933,39.29118180366214,-19.64559090183107,0
2023-12-07,4.51,4.71,4.465,4.7,4.368999999999999,4.609657432879315,4.128342567120683,80.20230158813857,70.14522561968964,0,0,,,,4.9374222222222235,4.986796444444446,4.888048000000001,,5.689228693501258,7.576104371709813,7.715813598166599,0,60.87916661301394,50.58866986492096,,,,,0.04211197670162506,0.03654631368791694,-0.0055656630137081164,0.8739747252309238,60.87916661301394,,,,,,,,,-17.49473074978862,39.26348487047863,-19.631742435239314,0
2023-12-08,4.76,4.9313,4.72,4.8,4.395,4.696297195473236,4.093702804526763,81.71911675387425,75.82362634685921,0,0,,,,4.935777777777779,4.985135555555557,4.886420000000001,,6.928046335486759,9.215017064846421,9.57236341500538,0,63.68296957291079,52.046543169594315,,,,,0.05366934051509873,0.061521012630165295,0.007851672115066566,0.8722103660582539,63.68296957291079,,,,,63.68296957291079,,63.68296957291079,,-15.330300615212705,39.234033703191855,-19.617016851595928,0
2023-12-11,4.79,4.84,4.6015,4.66,4.4094999999999995,4.7317716245654315,4.0872283754345675,75.00473244111281,78.9753835943752,0,0,,,,4.935200000000001,4.984552000000001,4.885848000000001,,2.9151943462897956,5.680916203651232,5.973317161916336,0,57.47265794215186,52.78181543792217,,,,,0.049093781605463765,0.06921889912189627,0.020125117516432506,0.8999909878403808,57.47265794215186,,,,,,,,,-14.063720923114154,39.203937443981864,-19.601968721990932,0
2023-12-12,4.63,4.67,4.48,4.6,4.423,4.753339219591027,4.092660780408973,70.84563835893631,75.85649585130778,0,0,,,,4.934400000000001,4.983744000000001,4.885056000000001,,1.1433597185576128,4.001808727108291,4.2926239419589285,0,54.99729265732598,53.57291846170831,,,,,0.03963979608491412,0.06967486262257516,0.03003506653766104,0.8607528731919724,54.99729265732598,,,,,,,,,-14.577429119741737,39.174167245047514,-19.587083622523757,0
2023-12-13,4.6,4.93,4.53,4.93,4.4535,4.8468077675307395,4.0601922324692605,79.12766093416842,74.99267724473917,0,0,,,,4.93488888888889,4.984237777777779,4.8855400000000015,,7.127335940895274,10.699449870888067,11.186287776274284,0,64.14437659173622,54.87382274768036,,,,,0.05242224259373559,0.09556286977983053,0.04314062718609494,0.8615842478625265,64.14437659173622,,,,,,,,,-13.6677183125363,39.14403949914569,-19.572019749572846,0
2023-12-14,5.15,5.4786,5.03,5.17,4.491999999999999,4.992863254791215,3.991136745208784,83.61886163827951,77.86405364379475,0,0,,,,4.93577777777778,4.985135555555558,4.886420000000002,,10.446485793633853,15.093499554764044,15.789473684210575,0,69.06848102990824,56.19902566801323,,,,,0.07260890630091647,0.13390176006224053,0.061292853761324054,0.8749899495592482,69.06848102990824,,,,,69.06848102990824,,69.06848102990824,,-10.436510502543983,39.11353978700787,-19.556769893503937,0
2023-12-15,4.99,5.07,4.6,4.61,4.5115,4.998666296042779,4.024333703957221,66.89880990882645,76.5484441604248,0,0,,,,4.934444444444447,4.983788888888891,4.885100000000002,,-1.8313458262350868,2.183309320625071,3.232066880644968,0,51.34862269289033,56.53718935882138,,,,,0.04515855019723153,0.11774104150786346,0.07258249131063194,0.7612518121315669,51.34862269289033,,,,,,,,,-10.182063746447499,39.083147065772806,-19.541573532886403,0
2023-12-18,4.68,4.69,4.44,4.49,4.525499999999999,4.992895977731999,4.058104022267999,56.28083378537572,68.93283511082723,0,0,,,,4.932711111111113,4.982038222222224,4.883384000000001,,-4.2031149989331995,-0.7844437078775579,0.6350392230108914,0,48.47845661089895,56.329070853808425,,,,,0.01726607259428614,0.09416508205348961,0.07689900945920347,0.5811998966285629,48.47845661089895,,,,,,,,,-12.635424999667725,39.05290970088176,-19.52645485044088,0
2023-12-19,4.54,4.69,4.5287,4.69,4.544499999999999,5.006169795416653,4.082830204583345,55.59230189367517,59.59064852929246,0,0,,,,4.9316,4.980916000000001,4.882284,,-0.4457652303120341,3.201672351193774,4.851330203442927,0,53.176092136667044,56.48351266821208,,,,,0.010940951116644546,0.09057519835500916,0.07963424723836461,0.4980030252693349,53.176092136667044,,,,,,,,,-15.30091613820903,39.023917479700145,-19.511958739850073,0
2023-12-20,4.68,4.75,4.39,4.41,4.554499999999999,4.994930471243822,4.114069528756176,44.16969615070297,52.01427727658463,0,0,,,,4.929511111111113,4.978806222222224,4.880216000000002,,-6.289842753931152,-3.1726863541552075,-1.3422818791945845,0,46.749507741040304,56.2075645559619,,,,,-0.01219201132435345,0.0643942330829228,0.07658624440727625,0.20252211781386642,46.749507741040304,46.749507741040304,,46.749507741040304,,,,,,-16.354413409030148,38.99576358571996,-19.49788179285998,0
2023-12-21,4.49,4.54,4.34,4.43,4.562999999999999,4.986608309644723,4.139391690355275,34.18854334695197,44.650180463776714,0,0,,,,4.927111111111112,4.976382222222224,4.877840000000001,,-5.321649925197702,-2.9147490685952016,-0.9465603339046891,0,47.23999224971143,55.742837717268806,,,,,-0.02547404753732946,0.04474368498561443,0.07021773252294389,-0.03794069288646798,47.23999224971143,,,,,,,,,-16.528132317582994,38.967814306298536,-19.483907153149268,0
2023-12-22,5.09,5.76,4.94,5.44,4.615999999999999,5.177547860827616,4.054452139172382,59.38227447597626,45.91350465787707,0,0,,,,4.929155555555556,4.9784471111111115,4.879864,,14.69534050179211,17.850953206239218,20.59410330303708,0,64.8484740475004,56.2287304835042,,,,,0.03135209993776597,0.10940785744515136,0.07805575750738539,0.26269381967075356,64.8484740475004,,,,,,,,,-11.760724958512364,38.93771188764667,-19.468855943823336,0
2023-12-26,5.635,5.83,5.3818,5.64,4.684499999999999,5.379006299467508,3.9899937005324904,67.24139056435999,53.604069462429415,0,0,,,,4.930933333333335,4.980242666666668,4.881624000000001,,16.50485436893203,20.397054114633395,23.86530014641295,0,67.18405679582416,57.2871218338936,,,,,0.07737801270597824,0.17477827338985819,0.09740026068387994,0.409689922625157,67.18405679582416,,,,,,,,,-4.1342657963287595,38.91162949262244,-19.45581474631122,0
2023-12-27,5.65,5.81,5.555,5.74,4.751499999999999,5.570652610934037,3.932347389065962,73.04318072552059,66.55561525528562,0,0,,,,4.932844444444446,4.982172888888891,4.883516000000001,,15.84258324924319,20.80395664526995,24.77356713281653,0,68.3175641137947,58.399122199669605,,,,,0.1076636666690222,0.2319798440201577,0.1243161773511355,0.5054150253320885,68.3175641137947,,,,,,,,,3.885204376823051,38.899659805075125,-19.449829902537562,0
2023-12-28,5.71,6.1399,5.65,5.79,4.8214999999999995,5.738544709924242,3.9044552900757568,76.6305472739645,72.3050395212817,0,0,,,,4.936711111111112,4.986078222222224,4.887344000000001,,14.858163062884323,20.087109820595273,24.533983366791002,0,68.89607210323506,58.971758306113976,,,,,0.12305973686171712,0.2781408484282819,0.1550811115665648,0.6146538977950943,68.89607210323506,,,,,68.89607210323506,68.89607210323506,68.89607210323506,,5.970143609725665,38.892974974656056,-19.446487487328028,0
2023-12-29,5.78,5.78,5.44,5.53,4.8790000000000004,5.821950688000166,3.936049311999835,73.25720830987729,74.31031210312081,0,0,,,,4.939511111111113,4.988906222222224,4.890116000000002,,8.92259208193813,13.34289813486369,17.985918497973152,0,62.50473477029997,58.88759867735605,,,,,0.10825226314982012,0.29039644050383995,0.18214417735401983,0.6808123386833757,62.50473477029997,,,,,,,,,5.282247543950154,38.884416755073346,-19.442208377536673,0
2024-01-02,5.45,5.57,5.27,5.31,4.9215,5.861697319715397,3.9813026802846028,67.55705418116214,72.48160325500133,0,0,,,,4.941822222222224,4.991240444444446,4.892404000000002,,3.166893335923837,7.893934775982925,12.420606916019805,0,57.63280467198564,58.899037729487034,,,,,0.07759600324638263,0.2791391814119981,0.20154317816561548,0.6631977413839785,57.63280467198564,,,,,,,,,2.6502298569410008,38.86955566123901,-19.434777830619506,0
2024-01-03,5.17,5.21,5.05,5.1,4.9475,5.877185430669976,4.017814569330024,59.17507760946266,66.66311336683404,0,0,,,,4.9442666666666675,4.993709333333334,4.894824000000001,,-2.073732718894017,3.082364830722595,7.300652219650772,0,53.35751975204296,58.7819110933954,,,,,0.03907440265202394,0.2503861814806454,0.21131177882862145,0.5706284453436169,53.35751975204296,53.35751975204296,,53.35751975204296,,,,,,-1.5333630314650957,38.8470032596189,-19.42350162980945,0
2024-01-04,5.12,5.5501,5.1,5.47,4.9985,5.925328463093365,4.071671536906635,61.99516701779844,62.90909960280775,0,0,,,,4.947377777777779,4.9968515555555575,4.897904000000001,,3.480892924706769,9.432829848954682,14.156521739130469,0,59.11260618036074,58.422498921154286,,,,,0.034567511393313266,0.25452116807026304,0.21995365667694977,0.6076075188804444,59.11260618036074,,,,,,,,,-1.8476955884214386,38.8240196941602,-19.4120098470801,0
2024-01-05,5.45,5.615,5.36,5.4,5.0455,5.953475219926194,4.1375247800738055,61.17256431428606,60.78093631384906,0,0,,,,4.950444444444446,4.99994888888889,4.900940000000001,,0.2785515320334442,7.0260628282628135,11.770387746653842,0,57.66300516187645,57.60782207343773,,,,,0.02345808122829976,0.24927625821232446,0.2258181769840247,0.6752172771336508,57.66300516187645,,,,,,,,,-1.25193780212334,38.80196463476013,-19.400982317380066,0
2024-01-08,5.42,5.65,5.32,5.55,5.087999999999999,6.00681663023698,4.169183369763019,65.10572771638905,62.75781968282453,0,0,,,,4.953066666666669,5.002597333333336,4.903536000000003,,0.9641622703292718,9.080188679245293,13.861724680298227,0,59.9305686719718,58.220818214800694,,,,,0.02277910260364807,0.2542920552385848,0.2315129526349367,0.6429560530575796,59.9305686719718,,,,,,,,,1.5471021808559173,38.78486889137145,-19.392434445685726,0
2024-01-09,5.66,5.67,5.4,5.45,5.1205,6.042247796308732,4.198752203691267,63.70297056590903,63.32708753219473,0,0,,,,4.954355555555557,5.003899111111112,4.9048120000000015,,-0.8730447435431055,6.434918464993666,10.997963340122263,0,57.711379563351095,58.880312711404414,,,,,0.012666987977545535,0.24734668760686862,0.23467969962932309,0.5466774192731889,57.711379563351095,,,,,,,,,1.4925916449333687,38.76767228975851,-19.383836144879254,0
2024-01-10,5.45,5.4783,5.27,5.34,5.1545000000000005,6.055731934631686,4.2532680653683155,59.875714054844124,62.89480411238075,0,0,,,,4.956000000000001,5.005560000000002,4.906440000000001,,-2.3408924652523977,3.5987971675235153,7.973309968322462,0,55.286220741018504,59.0310361831438,,,,,-0.0034945870519222377,0.2303114658144203,0.23380605286634254,0.41263560754576334,55.286220741018504,,,,,,,,,1.222168351117391,38.749958276185524,-19.374979138092762,0
2024-01-11,5.3,5.32,5.06,5.16,5.1825,6.047135761462588,4.317864238537412,51.76058260377095,58.44642240817472,0,0,,,,4.957111111111113,5.006682222222223,4.907540000000002,,-4.621072088724587,-0.434153400868309,3.8020519010259823,0,51.474383189609775,59.36852728661306,,,,,-0.027059901792378355,0.1999811756258696,0.22704107741824794,0.08231339299834775,51.474383189609775,,,,,,,,,-0.9900564579894692,38.728402833194835,-19.364201416597417,0
2024-01-12,5.19,5.35,5.11,5.17,5.1945,6.05141248094542,4.337587519054579,47.711239284704874,53.11584531444,0,0,,,,4.959733333333334,5.009330666666668,4.9101360000000005,,-3.3283470456245356,-0.4716527095966816,3.462077246347839,0,51.67373166564339,59.68522295917962,,,,,-0.04184337329568019,0.1747368607986477,0.2165802340943279,-0.6167032967084023,51.67373166564339,,,,,,,,,-2.5210790863033083,38.70466545077672,-19.35233272538836,0
2024-01-16,5.11,5.16,4.88,4.94,5.183,6.047062497739605,4.318937502260395,33.552308078221884,44.34137665556591,0,0,,,,4.961155555555557,5.010767111111113,4.911544000000001,,-6.5986008697296095,-4.688404398996704,-1.5086063667175686,0,46.901304619635,58.40328228576067,,,,,-0.06556845139023187,0.13461966985653806,0.20018812124676993,-0.7576510441372384,46.901304619635,,,,,,,,,-4.754034373993863,38.67840661745612,-19.33920330872806,0
2024-01-17,4.9,5.015,4.8555,4.92,5.198500000000001,6.031453179956695,4.365546820043307,28.907507451385285,36.72368493810402,0,0,,,,4.962800000000001,5.012428000000002,4.913172000000001,,-6.285714285714283,-5.357314609983666,-2.20632081097194,0,46.49914240961579,56.92578840103149,,,,,-0.08010309430536194,0.10005925336506749,0.18016234767042943,-0.7906896699732281,46.49914240961579,,,,,,,,,-5.791654120363994,38.65127709905308,-19.32563854952654,0
2024-01-18,5,5.05,4.77,4.85,5.216500000000001,6.001618462399128,4.431381537600873,25.19528245320395,29.218365994270385,0,0,,,,4.964577777777778,5.0142235555555565,4.914932,,-7.177033492822971,-7.025783571360133,-3.7698412698412453,0,45.04334904120378,55.263344467275,,,,,-0.09112373253514999,0.06625768200149196,0.15738141453664195,-0.7950996897563346,45.04334904120378,45.04334904120378,,45.04334904120378,,,,,,-7.110289408851045,38.62327584538558,-19.31163792269279,0
2024-01-19,4.9,4.9,4.69,4.86,5.2250000000000005,5.99057168181692,4.459428318183081,23.143587705327793,25.748792536639026,0,0,,,,4.965777777777778,5.015435555555556,4.91612,,-5.886909372579385,-6.985645933014362,-3.832201042147587,0,45.30678489999653,53.57839538132939,,,,,-0.09405103811470467,0.03981761689326113,0.1338686550079658,-0.7831014597914242,45.30678489999653,,,,,,,,,-6.856106976375422,38.59549270974823,-19.297746354874114,0
2024-01-22,4.9,5.07,4.85,5.05,5.257000000000001,5.931747360128213,4.582252639871788,29.70242789256001,26.0137660170306,0,0,,,,4.968222222222223,5.017904444444445,4.91854,,-1.5402612595047716,-3.9376070001902352,-0.45992115637317754,0,50.19208531606338,52.69892042031249,,,,,-0.08005060455976723,0.03380539930825677,0.113856003868024,-0.7309082406793292,50.19208531606338,,,,,,,,,-5.427477682418631,38.5688395273956,-19.2844197636978,0
2024-01-23,5.1,5.22,5.035,5.08,5.289500000000001,5.855661637697182,4.723338362302821,35.62917493276499,29.49173017688428,0,0,,,,4.971244444444444,5.020956888888889,4.921532,,-0.0393545848091037,-3.9606768125531877,-0.11797090051117731,0,50.937266532736615,52.22066769608041,,,,,-0.06620249261216575,0.031102888102816806,0.09730538071498256,-0.7141280381146048,50.937266532736615,,,,,,,,,-3.5438634287252326,38.54413375172239,-19.272066875861196,0
2024-01-24,5.17,5.245,4.97,5.03,5.269,5.841534715104676,4.696465284895324,35.925939858683996,33.752514228003015,0,0,,,,4.974755555555555,5.024503111111111,4.925008,,-0.1984126984126755,-4.535965078762572,-1.2499181990706987,0,49.605205194924295,51.9526452277148,,,,,-0.05813031804165755,0.024642483162910622,0.08277280120456817,-0.8142611848754316,49.605205194924295,,,,,,,,,-2.0642656403173696,38.52134324071121,-19.260671620355605,0
2024-01-25,5.11,5.11,4.83,4.92,5.2330000000000005,5.798193772081731,4.66780622791827,33.030852320448275,34.861989037299104,0,0,,,,4.9763111111111105,5.026074222222221,4.9265479999999995,,-1.5606242496998712,-5.9812726925281945,-3.573528451035457,0,46.711089119856965,51.06682258053596,,,,,-0.05779811492592042,0.010525157547167652,0.06832327247308807,-0.7889773791538369,46.711089119856965,,,,,,,,,-2.5151697837266638,38.497984889412606,-19.248992444706303,0
2024-01-26,4.94,5.02,4.85,4.88,5.19,5.7243781432656,4.655621856734401,29.269079914652508,32.74195736459494,0,0,,,,4.97831111111111,5.028094222222221,4.928527999999999,,-1.810865191146882,-5.973025048169567,-4.53211607433972,0,45.667691731427425,50.210014478361025,,,,,-0.05773562054362676,-0.0038462532064453825,0.05388936733718138,-0.7700792973724017,45.667691731427425,,,,,,,,,-3.410425881470793,38.47356222491245,-19.236781112456224,0
2024-01-29,4.88,5.14,4.88,5.14,5.157500000000001,5.615577504359219,4.699422495640782,38.304756276914745,33.53489617067186,0,0,,,,4.981599999999999,5.031415999999999,4.9317839999999995,,3.482987718945041,-0.33931168201649653,0.41677520187548556,0,53.014396698421805,49.716002194536024,,,,,-0.038568560125881717,0.005678667179829233,0.04424722730571095,-0.5624423079305895,53.014396698421805,,,,,53.014396698421805,,53.014396698421805,,-2.3396484902527135,38.450515607055046,-19.225257803527523,0
2024-01-30,5.08,5.11,4.92,4.98,5.130000000000001,5.560534551458969,4.699465448541033,35.648917342405085,34.407584511324124,0,0,,,,4.984666666666667,5.034513333333333,4.93482,,0.18105009052507004,-2.92397660818714,-2.5885114429158085,0,48.654384130783306,49.069073949352614,,,,,-0.03514741006650323,0.0003129647225819099,0.03546037478908514,-0.40017422280197873,48.654384130783306,,,,,,,,,-1.6360171126058394,38.428476539653325,-19.214238269826662,0
2024-01-31,4.975,5.16,4.85,4.85,5.107000000000001,5.545684396804757,4.6683156031952455,31.628599563120183,35.19409106081335,0,0,,,,4.988088888888889,5.037969777777778,4.938208,,-2.2965350523771133,-5.032308596044677,-5.279604192435372,0,45.38817006971719,48.362070329973946,,,,,-0.0397801959384072,-0.014264870133923857,0.02551532580448334,-0.2918018696039121,45.38817006971719,,,,,,,,,-1.5689019203962635,38.40656703216662,-19.20328351608331,0
2024-02-01,4.19,4.29,3.89,4.02,5.053000000000001,5.698820408472812,4.40717959152719,17.881928132639835,28.386481679388382,0,0,,,,4.988577777777777,5.038463555555555,4.938691999999999,,-17.63982790411801,-20.44330100930143,-21.2485307561708,0,31.054291674662892,46.9034923646206,,,,,-0.09379987208976459,-0.09173451430772239,0.0020653577820421917,-0.4563290557480421,31.054291674662892,,,,,,,,,-8.21087865875567,38.37856341115592,-19.18928170557796,0
2024-02-02,4.01,4.02,3.92,3.975,4.978250000000001,5.747907553721113,4.208592446278889,14.378723206403333,21.2964169673878,0,0,,,,4.988733333333333,5.038620666666667,4.938846,,-17.05790297339591,-20.15266408878623,-21.76480236181726,0,30.49204524982261,45.39051476349054,,,,,-0.12563183861896546,-0.15497444049166464,-0.02934260187269918,-0.5578808010080105,30.49204524982261,30.49204524982261,,30.49204524982261,,,,,,-13.827304577941993,38.350766154456046,-19.175383077228023,0
2024-02-05,3.98,4.11,3.95,4.07,4.91175,5.7508523477502616,4.072647652249738,18.670133925653833,16.97692842156568,1,0,,,,4.989533333333333,5.039428666666667,4.9396379999999995,,-13.302801150282228,-17.13747645951035,-19.715948318374565,0,33.2400461914836,44.41471059005115,,,,,-0.13266748101167905,-0.195176953137298,-0.06250947212561894,-0.6694738611520966,33.2400461914836,,,,,,,,,-17.886981473521857,38.3261637563479,-19.16308187817395,0
2024-02-06,4.04,4.26,4.03,4.26,4.84725,5.67847484924357,4.0160251507564295,22.380680969050402,18.476512700369206,0,0,,,,4.991044444444444,5.040954888888889,4.941134,,-7.6422764227642155,-12.115116818814798,-15.874008491590674,0,38.47873169141642,43.84182411017978,,,,,-0.1174273937324202,-0.20929371429114418,-0.09186632055872399,-0.7294037329161269,38.47873169141642,,,,,,,,,-15.609351093499555,38.299540597604526,-19.149770298802263,0
2024-02-07,4.29,4.47,4.19,4.27,4.78825,5.607391471297852,3.9691085287021473,26.667029170590375,22.572614688431553,0,0,,,,4.992422222222222,5.042346444444445,4.942498,,-5.8745729086299825,-10.823369707095498,-15.022057116322262,0,38.75114939323013,43.39238127818167,,,,,-0.10024375990933906,-0.21717102044539782,-0.11692726053605876,-0.7836470616047062,38.75114939323013,,,,,,,,,-13.2493744190774,38.271678972932854,-19.135839486466427,0
2024-02-08,4.28,4.3594,4.23,4.3,4.73625,5.540593676546279,3.9319063234537213,30.14759503854399,26.398435059394938,0,0,,,,4.994288888888889,5.044231777777778,4.9443459999999995,,-3.8998770812381123,-9.210873581419909,-13.657508115524896,0,39.61501257166312,42.98582611187213,,,,,-0.08123791416254436,-0.2184746532392392,-0.13723673907669484,-0.8121599387589461,39.61501257166312,,,,,,,,,-11.312974585850574,38.243459238615536,-19.121729619307768,0
2024-02-09,4.39,4.42,4.24,4.34,4.695250000000001,5.4925797623944375,3.8979202376055637,33.61178499192626,30.14213640035354,0,0,,,,4.996466666666667,5.0464313333333335,4.946502,,-1.8210609659540578,-7.566157286619468,-12.029998986520718,0,40.813661261712696,42.3159386794185,,,,,-0.06126292484650178,-0.21381539513482206,-0.15255247028832028,-0.7797742245642663,40.813661261712696,,,,,,,,,-10.43514340685027,38.21530233435731,-19.107651167178656,0
2024-02-12,4.435,4.79,4.435,4.72,4.672750000000001,5.440053557922134,3.9054464420778676,45.75967261486364,36.50635088177796,0,0,,,,4.999888888888888,5.049887777777777,4.949889999999999,,7.7994747059495495,1.0111818522283267,-3.630857181747038,0,50.80439776429954,42.30644805310157,,,,,-0.019889980767790416,-0.17741494624805831,-0.1575249654802679,-0.6137892024259968,50.80439776429954,,,,,,,,,-7.046880395361852,38.18832075550877,-19.094160377754385,0
2024-02-13,4.58,4.65,4.38,4.44,4.64775,5.411166498380785,3.884333501619215,45.632873678211695,41.66811042833387,0,0,,,,5.002511111111111,5.052536222222222,4.9524859999999995,,2.6708289975720056,-4.469904792641599,-8.670163529774754,0,44.803123924794,41.96344224809226,,,,,-0.009348376115423773,-0.16921043562454763,-0.15986205950912385,-0.5166936406090625,44.803123924794,,,,,,,,,-5.895558635085639,38.16217472259149,-19.081087361295744,0
2024-02-14,4.57,4.82,4.39,4.8,4.64175,5.398369289999923,3.8851307100000763,57.56785999941377,49.65346876416303,0,0,,,,5.006733333333334,5.056800666666668,4.956666,,11.123972682023386,3.409274519308436,-0.9185674476210215,0,52.56198226225976,42.381363186835316,,,,,0.022180745635213522,-0.13213612746510695,-0.15431687310032047,-0.2915918731181927,52.56198226225976,,,,,,,,,-2.5609962429953614,38.13947991711303,-19.069739958556514,0
2024-02-15,4.875,5.035,4.8,4.89,4.643750000000001,5.402768280412245,3.8847317195877564,64.21887467044544,55.80653611602364,0,0,,,,5.011000000000001,5.061110000000001,4.960890000000001,,10.972427096334968,5.30282637954238,1.0852713178294282,0,54.2918068635298,42.99737141055692,,,,,0.04793030420892694,-0.09440399283916179,-0.14233429704808873,-0.03573425092108626,54.2918068635298,,,,,,,,,-1.261768882412654,38.11860471090289,-19.059302355451447,0
2024-02-16,4.9,5.08,4.84,4.89,4.645250000000001,5.406088189104593,3.884411810895409,66.200311320568,62.66234866347575,0,0,,,,5.015266666666666,5.065419333333333,4.965114,,8.714984437527807,5.268822991227573,1.490885191462854,0,54.2918068635298,43.088614993778926,,,,,0.06285467754034108,-0.0637659501226624,-0.12662062766300347,0.33580658157811044,54.2918068635298,,,,,54.2918068635298,,54.2918068635298,,1.9589236621038,38.10328035916586,-19.05164017958293,0
2024-02-20,4.92,5.1,4.79,4.83,4.634250000000001,5.377521652896812,3.8909783471031893,66.79393901069945,65.73770833390431,0,0,,,,5.019444444444445,5.069638888888889,4.969250000000001,,5.596851770878897,4.223984463505404,0.6424726515020129,0,52.803087086798676,43.384950919208585,,,,,0.06623935581581306,-0.043821432893237144,-0.1100607887090502,0.6671903956743171,52.803087086798676,,,,,,,,,2.2538812032307605,38.08854166670367,-19.044270833351835,0
2024-02-21,4.79,4.805,4.62,4.64,4.61225,5.326942066557319,3.8975579334426818,61.11605969098554,64.70343667408433,0,0,,,,5.022466666666667,5.072691333333334,4.9722420000000005,,0.6071118820468291,0.6016586264838031,-2.701569216789579,0,48.28763126162647,43.59205529005926,,,,,0.05376647717610321,-0.042852692238921186,-0.0966191694150244,0.9098957059446834,48.28763126162647,,,,,,,,,0.5975354430353871,38.07070528810905,-19.035352644054527,0
2024-02-22,4.71,4.75,4.43,4.44,4.58275,5.274367488211502,3.8911325117884976,61.52260790417115,63.144202201952055,0,0,,,,5.024644444444445,5.0748908888888895,4.974398000000001,,-4.082955281918322,-3.1149419016965663,-6.233501108725492,0,44.02029997548219,44.518198740117775,,,,,0.03124751666713313,-0.057559773581107976,-0.0888072902482411,0.777402319677291,44.02029997548219,,,,,,,,,-2.4429057325610155,38.04830262363482,-19.02415131181741,0
2024-02-23,4.46,4.53,4.36,4.38,4.55575,5.234640823328748,3.876859176671252,54.60223326650525,59.08030028722066,0,0,,,,5.0261555555555555,5.076417111111111,4.975894,,-5.542376536553794,-3.857762168687917,-6.871256954534177,0,42.79835001313317,45.39722050892566,,,,,0.012475601311423307,-0.07321278860896197,-0.08568838992038527,0.567411157334573,42.79835001313317,42.79835001313317,,42.79835001313317,,,,,,-5.481260174482411,38.02277772540744,-19.01138886270372,0
2024-02-26,4.39,4.6,4.35,4.57,4.54025,5.2027790559665865,3.877720944033414,53.38453339274348,56.5031248544733,0,0,,,,5.028511111111111,5.0787962222222225,4.978226,,-1.9313304721029878,0.6552502615494671,-2.4234013024447387,0,47.745042960983454,46.433291706747085,,,,,0.012962297622986244,-0.06948551789165247,-0.08244781551463871,0.4104994986838782,47.745042960983454,,,,,,,,,-5.850300802306729,37.997016621826354,-18.998508310913177,0
2024-02-27,4.6,4.795,4.57,4.71,4.518750000000001,5.127780992643187,3.9097190073568147,57.97363955719088,55.32013540547988,0,0,,,,5.032244444444445,5.0825668888888895,4.981922000000001,,1.0946555054732743,4.232365145228201,0.8961405262594146,0,51.100631959886904,47.33485601163783,,,,,0.022273978312239665,-0.05460534262433914,-0.0768793209365788,0.3353371607295037,51.100631959886904,,,,,,,,,-3.848590911318558,37.97311002403965,-18.986555012019824,0
2024-02-28,4.42,4.77,4.11,4.59,4.499250000000001,5.07184300554577,3.9266569944542313,48.152030719229735,53.17006788972137,0,0,,,,5.036333333333333,5.086696666666667,4.98597,,-1.797175866495504,2.0170028338056145,-1.4281112423493947,0,48.24109124886155,48.01270900132579,,,,,0.019985495057788155,-0.0518974521143436,-0.07188294717213176,0.15522407527390908,48.24109124886155,,,,,,,,,-2.2756383511946754,37.951088164067585,-18.975544082033792,0
2024-02-29,4.69,4.81,4.49,4.585,4.4860000000000015,5.037385527557555,3.9346144724424477,47.95476633928673,51.36014553856912,0,0,,,,5.039955555555554,5.09035511111111,4.9895559999999985,,-1.4508328855453834,2.206865804725777,-1.2987944890930136,0,48.12026217702914,48.6202268302805,,,,,0.01783970020282581,-0.04958332191859949,-0.0674230221214253,-0.0753090270360736,48.12026217702914,,,,,,,,,-2.0599462894814775,37.929382623808785,-18.964691311904392,0
2024-03-01,4.63,4.67,4.5,4.54,4.512000000000001,5.020403383151532,4.003596616848471,44.35788681459339,46.82156129103663,0,0,,,,5.042355555555554,5.09277911111111,4.9919319999999985,,-1.6783974011911118,0.6205673758864938,-2.049622437971965,0,46.979769783368305,49.0606631532559,,,,,0.013302458946315404,-0.05079494843853105,-0.06409740738484646,-0.3861748951079889,46.979769783368305,,,,,,,,,-3.1278460187487567,37.906391107508156,-18.953195553754078,0
2024-03-04,4.62,4.7,4.39,4.43,4.534750000000002,4.982047160733125,4.087452839266878,39.23875159751112,43.850468250463756,0,0,,,,5.043955555555555,5.09439511111111,4.993516,,-3.095264136497866,-2.3099399084845262,-4.126388688500948,0,44.22074669573571,48.590402362644205,,,,,0.0033256879565352476,-0.05994029743917739,-0.06326598539571264,-0.45620386237099503,44.22074669573571,,,,,,,,,-4.109827512244134,37.88238129425557,-18.941190647127787,0
2024-03-05,4.39,4.39,4.17,4.24,4.543250000000002,4.96033841988227,4.126161580117734,31.553479379402546,38.38337259716903,0,0,,,,5.0451999999999995,5.095651999999999,4.9947479999999995,,-6.038781163434903,-6.67473724756511,-7.699005877657639,0,39.86573048476106,48.23773140264185,,,,,-0.014650469088723611,-0.08157907175661716,-0.06692860266789355,-0.7632061788623911,39.86573048476106,39.86573048476106,,39.86573048476106,,,,,,-6.39021392911376,37.85652875270996,-18.92826437635498,0
2024-03-06,4.3,4.47,4.26,4.3,4.545250000000001,4.957238774118809,4.133261225881193,29.67054054418476,33.48759050703281,0,0,,,,5.046044444444444,5.096504888888888,4.995584,,-3.9857095009489862,-5.395742808426407,-5.860030650222569,0,41.81450143478373,47.47005420067928,,,,,-0.020710339146236587,-0.09281652660068929,-0.0721061874544527,-0.7859582567418917,41.81450143478373,,,,,,,,,-7.915711591908675,37.82990914459267,-18.914954572296335,0
2024-03-07,4.34,4.44,4.29,4.43,4.553250000000002,4.949460486988797,4.157039513011207,30.571413509344936,30.598477810977425,0,0,,,,5.047866666666666,5.098345333333333,4.997387999999999,,-1.060859854829732,-2.706857738977708,-2.5874074617019738,0,45.90496867864776,46.87099433033057,,,,,-0.014469203455375584,-0.09019269177367217,-0.07572348831829659,-0.7225025074401501,45.90496867864776,,,,,,,,,-7.756069548886139,37.80341467271308,-18.90170733635654,0
2024-03-08,4.47,4.53,4.34,4.42,4.559250000000002,4.943388972248169,4.175111027751836,30.131047536283518,30.12433386327108,0,0,,,,5.0491111111111096,5.099602222222221,4.998619999999998,,-1.3723083788909851,-3.0542304107035623,-2.449790333259727,0,45.63917948580182,46.25294951763571,,,,,-0.009746701010399289,-0.08790686458129571,-0.07816016357089642,-0.6350395942779239,45.63917948580182,,,,,,,,,-6.338570223539122,37.77775723396481,-18.888878616982407,0
2024-03-11,4.44,4.725,4.44,4.48,4.566250000000002,4.9390887721252845,4.193411227874719,39.62927522933293,33.44391209165381,0,0,,,,5.050888888888888,5.101397777777777,5.00038,,0.1676914477361624,-1.8888584724883972,-0.8337637423448507,0,47.59959530251759,45.8812715330442,,,,,-0.0017341586744645532,-0.08032786191397712,-0.07859370323951256,-0.4639072081778525,47.59959530251759,,,,,47.59959530251759,,47.59959530251759,,-4.9368314557470105,37.753221705046,-18.876610852523,0
2024-03-12,4.34,4.375,4.23,4.34,4.547250000000003,4.9255022306608,4.168997769339206,38.54757286359731,36.102631876404594,0,0,,,,5.052399999999999,5.102923999999999,5.001875999999998,,-2.153083079697904,-4.557699708615159,-3.3622801157871085,0,43.64453145644832,45.549621546960054,,,,,-0.0048390940480188965,-0.08464257079953619,-0.07980347675151729,-0.4390119897248691,43.64453145644832,,,,,,,,,-5.4383901496617,37.72831720187947,-18.864158600939735,0
2024-03-13,4.34,4.45,4.285,4.29,4.539750000000003,4.931903987611813,4.147596012388194,34.631764515820805,37.60287086958369,0,0,,,,5.053911111111111,5.104450222222222,5.003372,,-2.621722846441943,-5.501404262349318,-3.98388540734107,0,42.29294202444,45.42623883617132,,,,,-0.008994864207829897,-0.09104705701130467,-0.08205219280347477,-0.5853144626852657,42.29294202444,,,,,,,,,-6.18433785948238,37.70291430450061,-18.851457152250305,0
2024-03-14,4.28,4.2975,4.11,4.17,4.508250000000002,4.912740729189046,4.103759270810958,29.832634526631317,34.33732396868316,0,0,,,,5.054666666666665,5.105213333333332,5.004119999999999,,-4.445462878093487,-7.502911329229789,-6.1937612477504285,0,39.15865581063622,45.166260678850115,,,,,-0.018038160266984515,-0.10459989313720541,-0.0865617328702209,-0.794256422492406,39.15865581063622,,,,,,,,,-8.201505213596167,37.67650667524265,-18.838253337621325,0
2024-03-15,4.14,4.27,4.11,4.12,4.469750000000003,4.868102544864285,4.071397455135721,24.662635833110023,29.70901162518739,0,0,,,,5.0555555555555545,5.10611111111111,5.004999999999999,,-4.673762147154092,-7.82482241736121,-7.3879814176532115,0,37.898382127401376,44.462927762165684,,,,,-0.025162449266747572,-0.11801479445365537,-0.0928523451869078,-0.8326980002263089,37.898382127401376,,,,,,,,,-9.558887264887396,37.64979086210101,-18.824895431050503,0
2024-03-18,4.16,4.16,3.97,4,4.425250000000003,4.824718083831318,4.025781916168688,15.014341013234958,23.169870457658774,0,0,,,,5.056399999999998,5.106963999999998,5.005835999999999,,-6.520215003505491,-9.609626574769848,-10.10225868075062,0,34.98798688252188,43.31202454235389,,,,,-0.035120360972848874,-0.1367527964029689,-0.10163243543012002,-0.8321721863800136,34.98798688252188,34.98798688252188,,34.98798688252188,,,,,,-11.402472278954653,37.62308374773856,-18.81154187386928,0
2024-03-19,4,4.1,3.98,4.06,4.386750000000002,4.770888972248187,4.002611027751817,16.24140820723221,18.63946168452574,0,0,,,,5.057688888888887,5.108265777777776,5.007111999999998,,-4.717202534616294,-7.448566706559578,-8.746956358868696,0,37.569548327754035,42.5497714765605,,,,,-0.03476509641463102,-0.14508880594840878,-0.11032370953377776,-0.8353884240915365,37.569548327754035,,,,,,,,,-11.971704877317324,37.59652195840921,-18.798260979204606,0
2024-03-20,4.01,4.1,3.95,4.03,4.356250000000002,4.751811310039152,3.960688689960852,14.296485967583688,15.184078396016965,0,0,,,,5.058266666666666,5.108849333333333,5.0076839999999985,,-4.818138875767586,-7.489239598278374,-9.264887988292214,0,36.78306157144433,41.73997143330445,,,,,-0.03362870938515734,-0.15235959626522444,-0.1187308868800671,-0.831292550161858,36.78306157144433,,,,,,,,,-12.426653824072558,37.57012203992721,-18.785061019963607,0
2024-03-21,4.11,4.28,4.05,4.09,4.338750000000003,4.748650902658023,3.928849097341983,21.482060604277976,17.339984926364636,1,0,,,,5.059022222222221,5.109612444444443,5.008431999999998,,-2.6190476190476097,-5.7332180927687215,-7.7894262202682585,0,39.510470906637785,41.20645008496655,,,,,-0.026242064834766654,-0.1515334679235254,-0.12529140308875875,-0.8010949374691123,39.510470906637785,,,,,,,,,-11.66152472199075,37.5436181671213,-18.77180908356065,0
2024-03-22,4.06,4.12,4,4.05,4.322250000000002,4.750344323718361,3.894155676281644,23.22808935095611,19.668878640939273,0,0,,,,5.059777777777776,5.110375555555554,5.009179999999998,,-2.714388662022571,-6.298802706923523,-8.519369047170844,0,38.323406207554754,40.78521147866791,,,,,-0.021647055478840743,-0.15235022243730967,-0.13070316695846892,-0.7935600108329726,38.323406207554754,,,,,,,,,-11.627321931341825,37.51716524490868,-18.75858262245434,0
2024-03-25,4.07,4.2,4.06,4.08,4.297750000000002,4.7223966177892756,3.8731033822107293,26.712991359686164,23.807713771640096,0,0,,,,5.061155555555555,5.11176711111111,5.010543999999999,,-1.0429299054086627,-5.06660461869588,-7.660970917732223,0,39.78462591126145,40.77941829484651,,,,,-0.014526092477754493,-0.14886078255566204,-0.13433469007790755,-0.8529631224572196,39.78462591126145,,,,,,,,,-11.194223952242993,37.49071940994694,-18.74535970497347,0
2024-03-26,4.1,4.185,4.05,4.06,4.265250000000002,4.65693195005629,3.8735680499437137,27.417314731668178,25.7861318141035,0,0,,,,5.061822222222221,5.112440444444443,5.011203999999999,,-0.8547008547008406,-4.812144657405826,-7.653815535084707,0,39.11923190864291,40.586899042979304,,,,,-0.009352978602885365,-0.14602591333151427,-0.1366729347286289,-0.8682075165553962,39.11923190864291,,,,,,,,,-11.34212314534598,37.46434287314367,-18.732171436571836,0
2024-03-27,4.1,4.15,4.05,4.14,4.242750000000002,4.608037215763013,3.8774627842369904,34.63063063462344,29.586978908659272,0,0,,,,5.062977777777777,5.113607555555555,5.012347999999999,,1.4705882352941346,-2.421778327735602,-5.619514419240835,0,43.210661553177296,40.39444853401712,,,,,0.0007311617102085111,-0.13575898259086827,-0.13649014430107678,-0.7715430473824159,43.210661553177296,,,,,43.210661553177296,,43.210661553177296,,-10.64063154562452,37.437987409192694,-18.718993704596347,0
2024-03-28,4.13,4.23,4.09,4.11,4.219000000000002,4.552580574973839,3.885419425026165,37.88934154908365,33.31242897179177,0,0,,,,5.0641333333333325,5.114774666666666,5.013491999999999,,0.8836524300442017,-2.5835506044086687,-5.809556548642103,0,42.068908555892996,40.13942918188078,,,,,0.006343201468545112,-0.1285611424653954,-0.13490434393394052,-0.6662321680696985,42.068908555892996,,,,,,,,,-10.37628931982392,37.411693631027056,-18.705846815513528,0
2024-04-01,4.13,4.14,4.03,4.08,4.196000000000002,4.499999999999792,3.8920000000002126,36.81520561738798,36.4450592670317,0,0,,,,5.065155555555555,5.115807111111111,5.014504,,0.2457002457002755,-2.7645376549094935,-5.914908336215808,0,40.9049388530349,39.661239435489165,,,,,0.008843565401313175,-0.12384988718229906,-0.13269345258361223,-0.5406446031938685,40.9049388530349,,,,,,,,,-10.194747628537163,37.385465445069,-18.6927327225345,0
2024-04-02,4.03,4.03,3.8332,3.87,4.168000000000002,4.483569326772867,3.8524306732271367,25.385943711021824,33.3634969591645,0,0,,,,5.064844444444444,5.115492888888888,5.014195999999999,,-4.609317229479892,-7.149712092130556,-10.052295177222492,0,33.84558193126101,38.96131446940435,,,,,-0.0022448177608174746,-0.1354994747846341,-0.13325465702381661,-0.5373632533199147,33.84558193126101,33.84558193126101,,33.84558193126101,,,,,,-12.077175196878558,37.35942584862738,-18.67971292431369,0
2024-04-03,3.9,3.95,3.8,3.88,4.150000000000001,4.48740183757635,3.8125981624236527,21.865631177343975,28.02226016858461,0,0,,,,5.063777777777777,5.1144155555555555,5.013139999999999,,-3.936617974746204,-6.506024096385577,-9.151219512195086,0,34.42592785110385,38.399384885594635,,,,,-0.00722409054256451,-0.14228477020202224,-0.13506067965945773,-0.5234001417173151,34.42592785110385,,,,,,,,,-13.647097957275962,37.333956897122675,-18.666978448561338,0
2024-04-04,3.93,4.04,3.86,3.9,4.130000000000002,4.476756398643029,3.7832436013569746,21.610214257514905,22.953929715293583,0,0,,,,5.062888888888888,5.113517777777777,5.012259999999999,,-3.1296572280178347,-5.569007263922554,-8.15245123052163,0,35.64196141137339,38.14819242850444,,,,,-0.007458627782140376,-0.1443839643871332,-0.13692533660499281,-0.5357623628660408,35.64196141137339,,,,,,,,,-14.847826303805315,37.30918249915209,-18.654591249576043,0
2024-04-05,3.91,3.92,3.78,3.8,4.098500000000001,4.444983765853309,3.7520162341466934,17.8043361246253,20.42672718649474,0,0,,,,5.061466666666665,5.112081333333332,5.010851999999998,,-4.928696522391762,-7.283152372819357,-10.055623495995869,0,32.40606647181859,37.75588416739138,,,,,-0.012348081811711015,-0.15236043886963158,-0.14001235705792056,-0.6077252464767381,32.40606647181859,,,,,,,,,-15.262001947515907,37.284728268385905,-18.642364134192952,0
2024-04-08,3.81,3.84,3.73,3.77,4.066000000000001,4.407666504064882,3.7243334959351193,15.478076533413844,18.297542305184695,0,0,,,,5.058933333333332,5.109522666666665,5.008343999999999,,-5.013857394809751,-7.279881947860323,-10.334165774765102,0,31.482624345583375,37.50550112903863,,,,,-0.015403454001410577,-0.1592666745596838,-0.14386322055827322,-0.7634139340788545,31.482624345583375,31.482624345583375,,31.482624345583375,,,,,,-15.971938952169575,37.26084502994371,-18.630422514971855,0
2024-04-09,3.84,3.92,3.78,3.84,4.034000000000001,4.331617203803652,3.7363827961963496,17.974788558604388,17.085733738881192,1,0,,,,5.056977777777776,5.107547555555554,5.006407999999999,,-2.6615969581748833,-4.809122459097692,-8.137634065627353,0,36.06099261105967,37.39774714927474,,,,,-0.010732217597768434,-0.15727849255548376,-0.14654627495771533,-0.807392931646254,36.06099261105967,,,,,,,,,-16.310491454271936,37.23728259791964,-18.61864129895982,0
2024-04-10,3.74,3.78,3.66,3.74,4.0040000000000004,4.293025950391871,3.71497404960813,14.329762559347433,15.927542550455234,0,0,,,,5.0535999999999985,5.104135999999999,5.003063999999998,,-4.421160235113697,-6.593406593406604,-9.832442640736094,0,32.69946071840144,37.1060613740574,,,,,-0.012287508502426714,-0.16190566058574873,-0.14961815208332202,-0.8801219987081493,32.69946071840144,,,,,,,,,-16.652292207934085,37.214059016516806,-18.607029508258403,0
2024-04-11,3.83,3.955,3.78,3.86,3.9825000000000004,4.246081107061791,3.71891889293821,25.98534154405428,19.42996422066871,1,0,,,,5.0500888888888875,5.100589777777777,4.999587999999998,,-0.6435006435006163,-3.0759573132454587,-6.390202497877972,0,39.93523886764728,37.136401942700935,,,,,-0.003596043419558853,-0.1541132063577706,-0.15051716293821174,-0.8533414470276957,39.93523886764728,,,,,39.93523886764728,,39.93523886764728,,-15.879014683496166,37.19023744581658,-18.59511872290829,0
2024-04-12,3.85,3.87,3.7,3.73,3.9605000000000006,4.231163998344641,3.6898360016553595,25.341223934849808,21.885442679417185,0,0,,,,5.04591111111111,5.096370222222221,4.9954519999999984,,-3.0413309072003902,-5.819972225729087,-8.913308913308871,0,35.48431729228707,36.93360987732467,,,,,-0.004883951002029263,-0.1566221016907483,-0.15173815068871904,-0.8834557587269255,35.48431729228707,,,,,,,,,-16.54727678781401,37.167008424296476,-18.583504212148238,0
2024-04-15,3.76,3.785,3.51,3.53,3.931,4.249992162913015,3.612007837086985,17.537665231364294,22.954743570089477,0,0,,,,5.039599999999998,5.089995999999998,4.989203999999998,,-6.909282700421915,-10.200966675146283,-13.082731451083362,0,29.953250091762854,36.231368747360484,,,,,-0.0168153267498988,-0.17275730912609255,-0.15594198237619375,-0.8949939350213478,29.953250091762854,29.953250091762854,,29.953250091762854,,,,,,-17.905114951012745,37.1451363137189,-18.57256815685945,0
2024-04-16,3.51,3.65,3.47,3.56,3.9090000000000003,4.264522151208503,3.5534778487914975,17.962451267803157,20.2804468113391,0,0,,,,5.035333333333331,5.085686666666665,4.9849799999999975,,-5.344323318266375,-8.92811460731645,-11.713648011903743,0,31.67367795322778,35.69954346483083,,,,,-0.02007597150411361,-0.18103694675633575,-0.16096097525222214,-0.9125611251062246,31.67367795322778,,,,,,,,,-19.929931361846645,37.125765131046904,-18.562882565523452,0
2024-04-17,3.58,3.66,3.54,3.57,3.8845,4.261884419392118,3.5071155806078824,17.13236974243798,17.544162080535155,0,0,,,,5.03062222222222,5.080928444444442,4.980315999999998,,-4.289544235924914,-8.096280087527363,-10.972568578553599,0,32.270833727410874,34.9181271915618,,,,,-0.018961637741846837,-0.1846630224295307,-0.16570138468768386,-0.9066126186207748,32.270833727410874,,,,,,,,,-20.952459958235018,37.10789253267218,-18.55394626633609,0
2024-04-18,3.58,3.64,3.48,3.55,3.8604999999999996,4.258317797490179,3.4626822025098205,15.028168648133551,16.70766321945824,0,0,,,,5.025999999999999,5.076259999999999,4.975739999999999,,-3.924221921515536,-8.042999611449286,-10.91593475533248,0,31.67458804567829,34.175675726546466,,,,,-0.01703487992660721,-0.18699498459594288,-0.16996010466933567,-0.8993527778636831,31.67458804567829,,,,,,,,,-20.713454334354374,37.089682019986306,-18.544841009993153,0
2024-04-19,3.53,3.62,3.51,3.55,3.8334999999999995,4.238581473286476,3.428418526713523,17.142776455739074,16.434438282103546,1,0,,,,5.021999999999999,5.07222,4.971779999999999,,-3.2697547683923633,-7.395330637798347,-10.255329906463274,0,31.67458804567829,33.516364954592426,,,,,-0.013384735069216336,-0.1866910235058561,-0.17330628843663975,-0.8909553178721713,31.67458804567829,,,,,,,,,-20.704949595485655,37.07147995467045,-18.535739977335226,0
2024-04-22,3.58,3.61,3.49,3.59,3.8104999999999998,4.216035448512124,3.4049645514878755,21.371941424569453,17.847628842814036,0,0,,,,5.017555555555555,5.067731111111111,4.9673799999999995,,-1.6976998904709717,-5.786642172943179,-8.60488798370669,0,34.48242718477937,33.56185390127231,,,,,-0.0062625381549802905,-0.18113446113036513,-0.17487192297538484,-0.8779343715241639,34.48242718477937,,,,,,,,,-20.470384868097305,37.052958365764134,-18.526479182882067,0
2024-04-23,3.58,3.78,3.575,3.68,3.7905,4.180036904541689,3.400963095458311,31.439899543048867,23.318205807785812,0,0,,,,5.013555555555555,5.06369111111111,4.963419999999999,,1.2101210121012285,-2.915182693576046,-5.6732740943267075,0,40.41563402274846,33.98969005638978,,,,,0.00586767317466283,-0.1675373315070563,-0.17340500468171913,-0.7790525376736251,40.41563402274846,,,,,,,,,-19.425362456255602,37.033044399456934,-18.516522199728467,0
2024-04-24,3.73,3.78,3.62,3.69,3.772,4.143300417451865,3.4006995825481345,38.1915936781741,30.334478215264152,0,0,,,,5.008888888888888,5.058977777777777,4.958799999999998,,1.6248967226659472,-2.1739130434782594,-4.888736145716976,0,41.05437596164999,34.37629109569526,,,,,0.015382138476911555,-0.15417733158557967,-0.16955947006249122,-0.6297416827643644,41.05437596164999,,,,,,,,,-18.311594328184768,37.011832123332056,-18.505916061666028,0
2024-04-25,3.66,3.685,3.56,3.65,3.7474999999999996,4.081198966135556,3.413801033864443,42.598894514263876,37.41012924516229,0,0,,,,5.003333333333332,5.0533666666666655,4.953299999999999,,1.1080332409972415,-2.6017344896597683,-5.399568034557234,0,39.24223682909418,34.8645889783578,,,,,0.01953239865559983,-0.14514397174299143,-0.16467637039859126,-0.5346112505973067,39.24223682909418,,,,,,,,,-17.79740541966469,36.99010478778196,-18.49505239389098,0
2024-04-26,3.67,3.775,3.65,3.77,3.7305,4.020360311184417,3.4406396888155837,51.012167726645764,43.93421863969459,0,0,,,,4.998311111111111,5.048294222222222,4.948327999999999,,4.316546762589946,1.0588392976812688,-1.950585175552666,0,46.82527549439065,35.96049263184404,,,,,0.030269223411508034,-0.1268398411342062,-0.15710906454571424,-0.29168125419201224,46.82527549439065,,,,,,,,,-17.061119063208025,36.96769686976066,-18.48384843488033,0
2024-04-29,3.81,3.83,3.73,3.8,3.7165,3.960981083112634,3.472018916887366,56.51647651220793,50.042512917705864,0,0,,,,4.992177777777778,5.042099555555556,4.942256,,4.366932161494108,2.2467375218619745,-0.8954185864557207,0,48.55396923267756,36.852848104816744,,,,,0.03875895771941201,-0.10866036739644924,-0.14741932511586125,0.07313563326266366,48.55396923267756,,,,,,,,,-16.185465765682945,36.944581368560634,-18.472290684280317,0
2024-04-30,3.82,3.8351,3.71,3.76,3.711,3.9461935373260517,3.475806462673948,57.39820925222298,54.97561783035891,0,0,,,,4.986088888888888,5.035949777777777,4.936228,,2.704179186014777,1.320398814335766,-1.7336004878473754,0,46.38852599912518,37.830638482011295,,,,,0.040839637394832234,-0.09636977837232097,-0.1372094157671532,0.27981158012471624,46.38852599912518,,,,,,,,,-15.303363045211627,36.92087158128881,-18.460435790644404,0
2024-05-01,3.76,3.98,3.72,3.85,3.7095,3.940712023908662,3.4782879760913374,69.74056359719897,61.218416453876635,0,0,,,,4.979733333333333,5.029530666666666,4.929936,,4.364326375711602,3.787572449117138,0.8029324489439604,0,51.61707721328788,38.66505550669991,,,,,0.04699738762555167,-0.0784626812352136,-0.12546006886076527,0.746003068103275,51.61707721328788,,,,,,,,,-14.626379529054011,36.896796872978555,-18.448398436489278,0
2024-05-02,3.9,3.955,3.81,3.95,3.7119999999999997,3.9522998127339046,3.471700187266095,75.57550283878324,67.57142522940174,0,0,,,,4.974088888888888,5.0238297777777765,4.924347999999999,,5.92652185572542,6.411637931034497,3.493449781659397,0,56.67324998635139,40.178550699133076,,,,,0.055918827337239435,-0.055561534689215986,-0.11148036202645542,0.9415630250693606,56.67324998635139,,,,,,,,,-13.419168972778882,36.872206285185804,-18.436103142592902,0
2024-05-03,4,4.08,3.96,4,3.722,3.991042747532684,3.452957252467316,80.02413941622794,75.11340195073673,0,0,,,,4.968222222222222,5.0179044444444445,4.918539999999999,,5.9883412824589755,7.469102632993008,4.885936544008396,0,58.98140651591704,42.25199044371551,,,,,0.062786483952769,-0.03299725708549417,-0.09578374103826318,0.9481226320148224,58.98140651591704,,,,,,,,,-11.554645266398978,36.84721831524332,-18.42360915762166,0
2024-05-06,4.06,4.12,4.025,4.06,3.7365000000000004,4.042981647085092,3.430018352914909,83.77694984653549,79.79219736718223,0,0,,,,4.959866666666667,5.009465333333333,4.910268,,6.25490709238421,8.657834872206593,6.449921342422638,0,61.623455931194925,44.39126029928459,,,,,0.06850192874481424,-0.01015633010724537,-0.07865825885205961,0.9611698976363144,61.623455931194925,,,,,61.623455931194925,,61.623455931194925,,-9.922448414093589,36.822310216123434,-18.411155108061717,0
2024-05-07,3.9,3.99,3.655,3.97,3.7430000000000008,4.063193691380662,3.4228063086193394,78.08384548315426,80.62831158197257,0,0,,,,4.952222222222222,5.001744444444444,4.902699999999999,,3.11688311688314,6.064654020838889,4.1903595485959455,0,55.81589218869005,46.07305018937597,,,,,0.06346679710285444,0.0006752375265084432,-0.062791559576346,0.9649857018741128,55.81589218869005,,,,,,,,,-9.674589638516446,36.797491162019405,-18.398745581009702,0
2024-05-08,3.88,4.12,3.82,4.1,3.7609999999999992,4.116971909004099,3.4050280909958994,82.83066045600503,81.56381859523161,0,0,,,,4.945200000000001,4.994652,4.895748000000001,,5.37136982780777,9.013560223344875,7.564494971578473,0,61.46510165964575,48.200944018945066,,,,,0.06585259471744324,0.019524183820458063,-0.04632841089698518,0.9685444807581759,61.46510165964575,,,,,,,,,-8.817115794923708,36.772925040784855,-18.386462520392428,0
2024-05-09,4.128,4.3,4.11,4.26,3.7809999999999997,4.196879790324095,3.3651202096759043,86.52108562294367,82.47853052070099,0,0,,,,4.939244444444445,4.98863688888889,4.889852,,7.793522267206487,12.668606188838938,11.644972481872973,0,67.04915390547032,50.7276987232159,,,,,0.07452905810000411,0.046832911728019955,-0.027696146371984153,0.9597949178881612,67.04915390547032,,,,,67.04915390547032,,67.04915390547032,,-7.220978202019809,36.74907191698591,-18.374535958492956,0
2024-05-10,4.1,4.2,3.975,4.11,3.8,4.238907735179043,3.3610922648209565,81.47973454779768,83.61049354224879,0,1,,,,4.931688888888888,4.981005777777777,4.882371999999999,,3.1108881083793616,8.15789473684212,7.713811478990151,0,58.4916846922115,52.442645688032485,,,,,0.0667402117852281,0.055729118359550966,-0.011011093425677129,0.9491332390381623,58.4916846922115,,,,,,,,,-6.116696667772107,36.72594178930749,-18.362970894653746,0
2024-05-13,4.16,4.46,4.15,4.16,3.8314999999999997,4.278725893704756,3.3842741062952437,81.57548463568821,83.19210160214318,0,0,,,,4.923955555555555,4.97319511111111,4.874715999999999,,3.4311287916459765,8.57366566618818,8.94805761676125,0,60.31010960133557,53.86367965793156,,,,,0.061650950853214544,0.06605259514084105,0.004401644287626509,0.9488629513961973,60.31010960133557,,,,,,,,,-5.619765408974369,36.703217115892784,-18.351608557946392,0
2024-05-14,4.24,4.58,4.24,4.56,3.881499999999999,4.41198185642868,3.351018143571318,90.14015663105269,84.3984586048462,0,0,,,,4.918488888888888,4.967673777777777,4.869303999999999,,11.16528522671869,17.480355532654922,18.708781673030206,0,71.18552121701056,56.015904319028756,,,,,0.08071619255560054,0.10529688498212719,0.024580692426526645,0.9217511245422793,71.18552121701056,,,,,71.18552121701056,,71.18552121701056,,-3.3449605878406694,36.68264969730018,-18.34132484865009,0
2024-05-15,4.6,4.64,4.315,4.34,3.9199999999999995,4.466003662991386,3.373996337008613,84.16856610615045,85.2947357909638,0,1,,,,4.913155555555556,4.962287111111111,4.864024000000001,,4.553119730185506,10.71428571428572,12.532411408815891,0,61.245499023519955,57.58756590434488,,,,,0.0741706569878996,0.11729401366140113,0.04312335667350154,0.9155506989972853,61.245499023519955,,,,,,,,,-1.6127552705489006,36.66422957658698,-18.33211478829349,0
2024-05-16,4.34,4.445,4.22,4.24,3.9544999999999995,4.489718646909854,3.4192813530901454,78.84343092276006,84.38405121998774,0,0,,,,4.908133333333333,4.957214666666666,4.859051999999999,,1.435406698564634,7.219623214059956,9.617373319544997,0,57.32702398813981,58.33769079675553,,,,,0.05940497990862096,0.11737958155927775,0.057974601650656786,0.8849170429146099,57.32702398813981,57.32702398813981,,57.32702398813981,,,,,,-1.0359362671320131,36.64663279172162,-18.32331639586081,0
2024-05-17,4.24,4.3,4.18,4.25,3.9894999999999996,4.505541664984534,3.473458335015465,73.63797480723302,78.88332394538118,0,0,,,,4.902577777777777,4.951603555555555,4.853552,,1.0701545778834864,6.529640305802742,9.451455060520209,0,57.61903446713765,58.985195456359826,,,,,0.047145665626449534,0.1169066836837187,0.06976101805726917,0.8442718221142014,57.61903446713765,,,,,,,,,-3.3716798261253333,36.62612440634054,-18.31306220317027,0
2024-05-20,4.29,4.435,4.235,4.4,4.029999999999999,4.541390261933113,3.5186097380668855,72.18722968908872,74.88954513969394,0,0,,,,4.896044444444444,4.945004888888889,4.847083999999999,,3.7980655815051056,9.181141439205987,12.704918032786882,0,61.83753288520841,60.08869594822291,,,,,0.04592696292734007,0.12716972171644425,0.08124275878910418,0.8290036765155195,61.83753288520841,,,,,,,,,-2.9327504431831386,36.60613777416993,-18.303068887084965,0
2024-05-21,4.38,4.53,4.35,4.46,4.069,4.586606027785639,3.5513939722143606,73.62045459009771,73.14855302880649,0,0,,,,4.889288888888888,4.9381817777777774,4.840395999999999,,4.011194029850773,9.609240599655934,13.640224222863928,0,63.40657561511487,60.930802976924845,,,,,0.045843921503430224,0.13854766066839197,0.09270373916496175,0.8210922496780007,63.40657561511487,,,,,,,,,-1.2852505394430687,36.58826402730955,-18.294132013654774,0
2024-05-22,4.47,4.4895,4.28,4.34,4.1015,4.601150878113937,3.6018491218860627,69.82114759822649,71.87627729247096,0,0,,,,4.88191111111111,4.930730222222222,4.833091999999999,,0.6493506493506551,5.8149457515543235,10.021970593205998,0,58.2483903625314,61.04331300379484,,,,,0.03488537667650367,0.13631046001059133,0.10142508333408766,0.7702962507685022,58.2483903625314,,,,,,,,,-0.6220767872379026,36.571359597367504,-18.285679798683752,0
2024-05-23,4.36,4.38,4.18,4.22,4.130000000000001,4.586552297113919,3.673447702886082,62.942807362689365,68.79480318367119,0,0,,,,4.874088888888888,4.922829777777777,4.825347999999999,,-2.042711234911776,2.17917675544792,6.655433866891314,0,53.55638425536514,60.65581141375543,,,,,0.017605231208011912,0.12343162234410254,0.10582639113609063,0.6262254442168308,53.55638425536514,,,,,,,,,-1.982813762818606,36.55260098764155,-18.276300493820774,0
2024-05-24,4.25,4.268,4.18,4.21,4.152,4.578455155907417,3.725544844092584,58.30705609307461,63.69033701799682,0,0,,,,4.866755555555556,4.915423111111111,4.818088,,-2.501157943492349,1.3969171483622311,5.97415673770767,0,53.17200396900508,60.052136273599004,,,,,0.004248499843536618,0.1111370159405114,0.10688851609697478,0.46383041609165404,53.17200396900508,,,,,,,,,-3.858172503560303,36.53173492313912,-18.26586746156956,0
2024-05-28,4.25,4.47,4.24,4.39,4.181500000000001,4.587616978221788,3.775383021778213,61.78158465317607,61.010482702980006,0,0,,,,4.861377777777777,4.909991555555555,4.812764,,1.1287721723105326,4.986248953724726,9.713428857047646,0,58.8912793347406,60.271806784031185,,,,,0.0061667432942029005,0.11459694521472841,0.1084302019205255,0.35622652985838915,58.8912793347406,,,,,,,,,-3.472404222521661,36.51129941690223,-18.255649708451116,0
2024-05-29,4.31,4.32,4.15,4.18,4.202500000000001,4.559760409225557,3.845239590774444,50.13304237688305,56.74056104104457,0,0,,,,4.854488888888889,4.903033777777778,4.805943999999999,,-2.8584708343016296,-0.5353955978584346,3.928393833913457,0,51.05663797778791,59.52834509246991,,,,,-0.00734445660212911,0.09924963116786412,0.10659408776999323,0.06713862015379043,51.05663797778791,51.05663797778791,,51.05663797778791,,,,,,-3.7601072483672007,36.49059969574309,-18.245299847871546,0
2024-05-30,4.28,4.38,4.1715,4.33,4.226500000000001,4.54857297309773,3.9044270269022716,54.24269551221238,55.38577418075715,0,0,,,,4.8472,4.895672,4.798728,,0.6508600650860341,2.448834733230787,6.984022401581291,0,55.60028857371115,58.71056899734426,,,,,-0.006827154769017241,0.09806014430872168,0.10488729907773892,0.06352827842619159,55.60028857371115,,,,,,,,,-2.844789246968863,36.47091799516921,-18.235458997584605,0
2024-05-31,4.32,4.415,4.22,4.37,4.2475000000000005,4.548822086810775,3.946177913189226,58.97601343274141,54.4505837739456,0,0,,,,4.839155555555555,4.887547111111111,4.790763999999999,,1.274623406720754,2.884049440847547,7.248036649214651,0,56.7532583834544,58.5863956895759,,,,,-0.004548560199257201,0.09920159882866741,0.10375015902792462,-0.08431178817758282,56.7532583834544,,,,,,,,,-2.983570915540785,36.4511091938515,-18.22555459692575,0
2024-06-03,4.4,4.45,4.26,4.33,4.264,4.544741874325897,3.9832581256741038,57.44244934049941,56.88705276181772,0,0,,,,4.831422222222222,4.879736444444444,4.7831079999999995,,0.16192458940553767,1.5478424015009429,5.592586571289204,0,55.20930303570003,58.22205236345907,,,,,-0.006380515173262144,0.09577451506134693,0.10215503023460908,-0.28518040665159106,55.20930303570003,,,,,,,,,-1.8475996571237354,36.43269265308333,-18.216346326541665,0
2024-06-04,4.28,4.31,4.23,4.28,4.275,4.539688496161077,4.010311503838924,50.18987001863481,55.5361109306252,0,0,,,,4.8209333333333335,4.869142666666667,4.772724,,-0.7190906982138645,0.11695906432749315,3.791124403847701,0,53.25887201395194,56.94157742038346,,,,,-0.011316483013273024,0.08800942646801779,0.09932590948129082,-0.051521094737654996,53.25887201395194,,,,,,,,,-2.21547385826076,36.4138399358305,-18.20691996791525,0
2024-06-05,4.33,4.44,4.26,4.44,4.298500000000001,4.532361069868428,4.064638930131573,57.19016248022473,54.940827279786305,0,0,,,,4.812577777777777,4.860703555555555,4.7644519999999995,,3.0401485263402472,3.2918459927881782,7.013738250180768,0,58.33178995846536,56.73345534430813,,,,,-0.0045117324369153,0.09368624393514668,0.09819797637206198,0.17362451557641767,58.33178995846536,,,,,,,,,-1.6777953854205616,36.39569183892886,-18.19784591946443,0
2024-06-06,4.38,4.44,4.32,4.37,4.312,4.529034559460052,4.094965440539949,56.78080804739889,54.72028018208613,0,0,,,,4.801377777777778,4.849391555555555,4.753364,,1.345083487940646,1.3450834879406237,4.754294846184548,0,55.49407974459074,56.6025307554832,,,,,-0.00537262280942967,0.0914821978602749,0.09685482066970456,0.12779072200300057,55.49407974459074,,,,,,,,,-1.3666485436160694,36.377977866428644,-18.188988933214322,0
2024-06-07,4.31,4.44,4.28,4.44,4.321000000000001,4.5435219090336885,4.098478090966313,60.29868297851816,58.08988450204725,0,0,,,,4.78631111111111,4.834174222222221,4.738447999999999,,2.4457775726811626,2.753992131451044,5.764649833253932,0,57.709665400092916,56.60900439355144,,,,,-0.0020463408960469665,0.09429689454964585,0.09634323544569282,0.15906748417926198,57.709665400092916,,,,,,,,,-0.15654757037132497,36.36201235968221,-18.181006179841106,0
2024-06-10,4.38,4.62,4.335,4.56,4.343500000000001,4.567131393145087,4.119868606854914,72.83421813166369,63.30456971919357,0,0,,,,4.771333333333333,4.819046666666666,4.7236199999999995,,4.3717097734035315,4.984459537239538,7.946026986506727,0,61.269214243109744,56.5684102048301,,,,,0.006925557508526109,0.10500018233135044,0.09807462482282434,0.4598553508431484,61.269214243109744,,,,,,,,,0.7501461241966855,36.347490275228665,-18.173745137614333,0
2024-06-11,4.55,4.6,4.41,4.57,4.364,4.5917191252399085,4.136280874760091,75.2128686344811,69.44858991488763,0,0,,,,4.756933333333332,4.804502666666665,4.709363999999998,,4.1714155459311675,4.720439963336398,7.529411764705873,0,61.55957999896605,56.43648194653376,,,,,0.011929969449882644,0.11298708663517765,0.101057117185295,0.7610675536199243,61.55957999896605,,,,,,,,,2.259680603865643,36.33561290618357,-18.167806453091785,0
2024-06-12,4.71,4.94,4.62,4.64,4.368,4.611606239657412,4.124393760342588,79.60312308655081,75.88340328423186,0,0,,,,4.744222222222221,4.791664444444443,4.696779999999999,,4.669524024362737,6.227106227106205,8.428104066053855,0,63.615867504966864,56.81987317099344,,,,,0.017987167211214378,0.12354107619931298,0.1055539089880986,0.8651752470785165,63.615867504966864,,,,,63.615867504966864,63.615867504966864,63.615867504966864,,3.762214163330055,36.32667548704408,-18.16333774352204,0
2024-06-13,4.695,4.705,4.5101,4.55,4.378500000000001,4.63417753127722,4.122822468722782,76.04203338470937,76.95267503524708,0,0,,,,4.7315999999999985,4.778915999999999,4.684283999999998,,2.1324354657688005,3.9168665067945474,5.748373101952242,0,59.22895534784816,57.22505682045651,,,,,0.014134879809633086,0.12322250875013996,0.10908762894050687,0.8597871068897547,59.22895534784816,,,,,,,,,3.681647869133737,36.317554766214364,-18.158777383107182,0
2024-06-14,4.5,4.525,4.33,4.39,4.386,4.63366105870731,4.13833894129269,63.715843795657065,73.12033342230573,0,0,,,,4.717244444444443,4.764416888888888,4.6700719999999984,,-1.5032533094009426,0.09119927040581732,1.6831377393452307,0,52.32125073242195,57.16428873212914,,,,,-0.0002259903597543328,0.10880514099081395,0.10903113135056829,0.7132816470525642,52.32125073242195,,,,,,,,,2.3345292692911004,36.30579133547332,-18.15289566773666,0
2024-06-17,4.35,4.375,4.195,4.34,4.3905,4.6312882887517945,4.149711711248206,55.59627312340338,65.11805010125659,0,0,,,,4.704799999999998,4.751847999999998,4.657751999999998,,-2.6469268730372475,-1.150210682154662,0.2618204219928755,0,50.34522464669169,56.55385625441136,,,,,-0.013400157980744426,0.09228093387463776,0.10568109185538219,0.6036122680075089,50.34522464669169,50.34522464669169,,50.34522464669169,,,,,,0.12823566371851713,36.29029439337961,-18.145147196689805,0
2024-06-18,4.585,4.99,4.54,4.91,4.416,4.746659946168285,4.0853400538317155,74.44591676818911,64.58601122908317,0,0,,,,4.696711111111109,4.74367822222222,4.649743999999998,,8.604291086042926,11.186594202898537,12.69221941703005,0,66.07503531357867,57.62659892125355,,,,,0.014457581438887535,0.1237530686539916,0.10929548721510407,0.6214985125273628,66.07503531357867,,,,,,,,,2.8491145285794452,36.27949986093411,-18.139749930467055,0
2024-06-20,4.935,4.965,4.67,4.8,4.433000000000002,4.8035185555406805,4.062481444459323,72.2012341500148,67.41447468053575,0,0,,,,4.686488888888887,4.733353777777776,4.639623999999998,,5.332455562870297,8.278817956237262,9.472403831534116,0,61.99360947258876,58.08326469974481,,,,,0.02314401338975651,0.1382255039522997,0.1150814905625432,0.6795442492990145,61.99360947258876,,,,,,,,,5.898366533517319,36.27519903177143,-18.137599515885714,0
2024-06-21,4.81,5.1,4.72,5.01,4.466500000000001,4.911079576678889,4.021920423321113,74.92595871428279,73.85770321082889,0,0,,,,4.675999999999998,4.722759999999998,4.6292399999999985,,8.41809132222464,12.168364491212325,13.47678369195917,0,66.27633782874668,58.763484660122835,,,,,0.03972778664622276,0.16474122387032164,0.12501343722409888,0.7498330830246995,66.27633782874668,,,,,66.27633782874668,,66.27633782874668,,10.777656789132502,36.28399962298171,-18.141999811490855,0
2024-06-24,5.08,5.16,4.75,4.83,4.497000000000002,4.953293765024194,4.04070623497581,72.74028745237663,73.28916010555805,0,0,,,,4.6652,4.7118519999999995,4.618548,,3.648068669527915,7.404936624416236,8.93098782138022,0,60.03202321502581,59.10796467293182,,,,,0.03541267508786053,0.16927928108392454,0.133866605996064,0.7596173265160866,60.03202321502581,,,,,,,,,10.021674083025909,36.29043937037344,-18.14521968518672,0
2024-06-25,4.81,4.84,4.66,4.74,4.523500000000001,4.971530132915146,4.075469867084856,68.16115187333448,71.94246601333128,0,0,,,,4.655244444444444,4.701796888888888,4.608692,,1.3253527148354038,4.786116944843566,6.397306397306379,0,57.13353170935855,59.38472607974658,,,,,0.023887629778334418,0.16372614321898205,0.13983851344064763,0.7043278483583556,57.13353170935855,,,,,,,,,9.437473979695405,36.29510390889992,-18.14755195444996,0
2024-06-26,4.68,4.8,4.67,4.76,4.542000000000001,4.9969549428239874,4.087045057176014,67.20754694021561,69.36966208864222,0,0,,,,4.6451555555555535,4.691607111111109,4.598703999999998,,1.341281669150507,4.799647732276502,6.368715083798859,0,57.623185954356764,59.334111508024534,,,,,0.015413197872274381,0.1591050107809906,0.14369181290871622,0.6835123424771402,57.623185954356764,,,,,,,,,7.9005466743640405,36.29550718962966,-18.14775359481483,0
2024-06-27,4.79,4.92,4.76,4.86,4.576000000000001,5.019143317674931,4.132856682325071,68.68492088230634,68.01787323195212,0,0,,,,4.636399999999999,4.682763999999999,4.590036,,2.9879211697393604,6.206293706293686,8.361204013377899,0,60.07864013267092,59.661580107173116,,,,,0.014365358380846988,0.16164851088477494,0.14728315250392796,0.6580793675219921,60.07864013267092,,,,,,,,,8.68281682653889,36.29792591374467,-18.148962956872335,0
2024-06-28,4.9,4.95,4.705,4.8,4.599500000000002,5.037790999223055,4.161209000776949,65.81054731919626,67.23433838057274,0,0,,,,4.628444444444444,4.674728888888889,4.582159999999999,,1.1804384485665897,4.359169474942881,6.6587660173320184,0,57.91045461388646,59.67592219387266,,,,,0.007783724847131551,0.1570128085628424,0.14922908371571084,0.6033773017586039,57.91045461388646,,,,,,,,,9.740765345803043,36.30321256165505,-18.151606280827526,0
2024-07-01,4.78,4.8,4.5,4.54,4.608000000000002,5.034595827452539,4.181404172547466,53.409143802136356,62.634870667879646,0,0,,,,4.619022222222222,4.665212444444444,4.572832,,-4.601807102332433,-1.4756944444444975,0.6577488729583747,0,49.56321967356263,58.839779724619284,,,,,-0.014702636926357815,0.13085078755776358,0.1455534244841214,0.40800797273149886,49.56321967356263,49.56321967356263,,49.56321967356263,,,,,,8.389220545841496,36.304692242185055,-18.152346121092528,0
2024-07-02,4.51,4.65,4.49,4.61,4.622000000000002,5.029116690888434,4.21488330911157,49.86942761833167,56.363039579888095,0,0,,,,4.610844444444444,4.656952888888888,4.564736,,-3.6773923944838915,-0.25962786672438787,1.9385273089113308,0,51.58652441832026,58.12741861171601,,,,,-0.024885662650209778,0.11444634617135918,0.13933200882156896,0.2699531097999746,51.58652441832026,,,,,,,,,6.714932263481404,36.30186745190734,-18.15093372595367,0
2024-07-03,4.63,4.73,4.61,4.62,4.639000000000001,5.014760562060425,4.2632394379395775,46.28088289330782,49.85315143792528,0,0,,,,4.603688888888889,4.649725777777777,4.557652,,-2.8799663653563234,-0.40957102823886427,1.9942600632864682,0,51.88348224596069,57.28939109321557,,,,,-0.030595725028308013,0.10108735253618395,0.13168307756449196,0.17978949241040929,51.88348224596069,,,,,,,,,5.576400016835861,36.29634923563676,-18.14817461781838,0
2024-07-05,4.65,4.88,4.64,4.88,4.661000000000001,5.039095226100458,4.282904773899545,54.212029910123974,50.12078014058782,0,0,,,,4.5972888888888885,4.643261777777777,4.551316,,2.413431269674704,4.69856254022738,7.402244882987286,0,58.936050036473524,57.26846928526023,,,,,-0.017178739931063475,0.11020965265066263,0.1273883925817261,0.1870367182529853,58.936050036473524,,,,,,,,,8.325806912577738,36.29748998815171,-18.148744994075855,0
2024-07-08,4.97,5.1195,4.92,4.97,4.691000000000001,5.067186124145971,4.31481387585403,60.99858079981584,53.83049786774921,0,0,,,,4.591333333333333,4.637246666666666,4.54542,,4.3898340684729975,5.947559155830295,8.879801372863994,0,61.06352081130736,57.89291714803777,,,,,-0.0032864815838728467,0.12328029060188506,0.1265667721857579,0.11491049288706087,61.06352081130736,,,,,,,,,11.205935367582606,36.30669808888709,-18.153349044443544,0
2024-07-09,4.97,5.085,4.91,5.08,4.723000000000001,5.1168070593577015,4.3291929406423,68.48473064178523,61.23178045057501,0,0,,,,4.586844444444445,4.632712888888889,4.540976000000001,,6.142916840785628,7.558755028583519,10.595065312046415,0,63.54919854303305,58.836058140633575,,,,,0.011459257523052158,0.1408908440895731,0.12943158656652093,0.00415066413127828,63.54919854303305,,,,,,,,,14.833555067908478,36.32767067402081,-18.163835337010404,0
2024-07-10,5.15,5.245,5.03,5.13,4.751500000000002,5.17535256870749,4.3276474312925135,73.17013693335673,67.55114945831927,0,0,,,,4.583511111111112,4.629346222222223,4.537676000000001,,6.321243523316067,7.965905503525161,10.942906574394451,0,64.65376859099865,58.734539089020714,,,,,0.022111768030421114,0.15707129660454733,0.13495952857412621,0.2932549429496892,64.65376859099865,,,,,,,,,16.86224129983601,36.35588784631264,-18.17794392315632,0
2024-07-11,5.22,5.35,5.15,5.33,4.789500000000001,5.2734617753500315,4.305538224649971,79.65474992293086,73.7698724993576,0,0,,,,4.582488888888889,4.6283137777777785,4.536664,,9.176566980745605,11.285102829105309,14.492338536445647,0,68.73498394209392,59.21606583684252,,,,,0.039162552327925815,0.1839127189840335,0.14475016665610768,0.4862435464084289,68.73498394209392,,,,,,,,,19.69153067432158,36.39515865486977,-18.197579327434884,0
2024-07-12,5.39,5.68,5.38,5.65,4.840000000000001,5.446333241707876,4.2336667582921255,84.565632448328,79.13017310153852,0,0,,,,4.581555555555556,4.6273711111111115,4.5357400000000005,,13.888328965934305,16.735537190082628,20.102033586055402,0,73.92307349692453,59.76226124171236,,,,,0.06689868067356036,0.22837351749805812,0.16147483682449776,0.7266022087905756,73.92307349692453,,,,,,,,,24.028919812963483,36.453520843287635,-18.226760421643817,0
2024-07-15,5.59,5.765,5.36,5.72,4.8985,5.599934957782976,4.197065042217025,87.90267178485155,84.0410180520368,0,0,,,,4.580844444444446,4.6266528888888905,4.535036000000001,,13.20007916089454,16.770439930590975,20.404153802975024,0,74.90410779995449,60.824552997778696,,,,,0.08377131039950786,0.2661889748238826,0.18241766442437474,0.8239642131422749,74.90410779995449,,,,,74.90410779995449,,74.90410779995449,,28.42594268196008,36.533675329649796,-18.266837664824898,0
2024-07-16,5.825,5.84,5.51,5.63,4.9605,5.689841483805783,4.231158516194216,86.83942697762977,86.4359104036031,0,0,,,,4.579955555555556,4.625755111111112,4.534156,,9.066253390158895,13.49662332426167,17.47113645847822,0,71.19551152469205,61.82898012744537,,,,,0.08254866054822432,0.28560349010965513,0.2030548295614308,0.8725187896099541,71.19551152469205,,,,,,,,,30.497548754273506,36.62454286950693,-18.312271434753466,0
2024-07-17,5.45,5.605,5.34,5.45,5.016,5.716382752500378,4.315617247499622,81.87427854527684,85.53879243591939,0,1,,,,4.577822222222224,4.623600444444446,4.532044000000002,,3.8886770873046705,8.652312599681022,12.836438923395432,0,64.33486569541918,62.30838582323554,,,,,0.06411659850843504,0.2832005776969746,0.21908397918853956,0.8861974963351229,64.33486569541918,,,,,,,,,28.74059400852381,36.705048221153284,-18.352524110576642,0
2024-07-18,5.5,5.55,5.1901,5.26,5.0335,5.73987879356618,4.32712120643382,69.04119296513758,79.25163282934807,0,0,,,,4.57608888888889,4.621849777777779,4.530328000000001,,-0.9416195856873477,4.499850998311317,8.171099533863435,0,57.98329606026242,62.15871838949208,,,,,0.03507993812463961,0.26293390184433907,0.22785396371969946,0.8649521791515149,57.98329606026242,,,,,,,,,25.026765128116427,36.76606721791741,-18.383033608958705,0
2024-07-19,5.26,5.36,5.15,5.2,5.0535,5.754934957783006,4.352065042216993,61.77497122132357,70.89681424391267,0,0,,,,4.573466666666668,4.6192013333333355,4.527732000000001,,-2.6581804567577305,2.8989809043237447,6.382978723404231,0,56.099742954946535,62.02938184242494,,,,,0.00913501268352429,0.23927272957410484,0.23013771689058055,0.8000637949127505,56.099742954946535,56.099742954946535,,56.099742954946535,,,,,,21.635058401279696,36.811127877239926,-18.405563938619963,0
2024-07-22,5.25,5.37,5.18,5.34,5.07,5.782011235866406,4.357988764133594,60.32019737992755,63.71212052212957,0,0,,,,4.570844444444446,4.61655288888889,4.525136000000002,,-0.7250418293362704,5.325443786982231,8.52923243682675,0,59.41277613740769,62.73292158984244,,,,,-0.000769285106994616,0.22917611050683728,0.2299453956138319,0.7161607273504554,59.41277613740769,,,,,,,,,20.748029584513333,36.85207020613456,-18.42603510306728,0
2024-07-23,5.33,5.5199,5.3,5.4,5.0985,5.81541770796935,4.381582292030649,61.673535034586976,61.25623454527937,0,0,,,,4.567422222222223,4.613096444444445,4.521748000000001,,-0.20328959526886292,5.913503971756406,9.039509995288398,0,60.77888879259652,63.38951904514789,,,,,-0.00520408833750613,0.22344028519194925,0.22864437352945538,0.6234804281050963,60.77888879259652,,,,,,,,,21.792943530689758,36.89714616810017,-18.448573084050086,0
2024-07-24,5.31,5.465,5.19,5.21,5.122,5.820959226278639,4.423040773721361,54.41616723767422,58.803299884062916,0,0,,,,4.562222222222224,4.607844444444447,4.516600000000001,,-3.8568001476286917,1.7180788754392884,4.744672295938868,0,54.52073924107449,63.57789454479887,,,,,-0.021920793410431072,0.20124338176641654,0.2231641751768476,0.3945469633750654,54.52073924107449,54.52073924107449,,54.52073924107449,,,,,,21.840310345147046,36.94208565365282,-18.47104282682641,0
2024-07-25,5.12,5.4,5.09,5.25,5.1465,5.827096062286613,4.465903937713386,52.97024565209543,56.35331597478554,0,0,,,,4.557511111111113,4.603086222222224,4.511936000000002,,-2.9754204398447337,2.0110754881958792,5.070046697798514,0,55.55820984416175,63.33662024534804,,,,,-0.030731214714868393,0.18475015678326212,0.21548137149813051,0.15597417301961686,55.55820984416175,,,,,,,,,21.120223876900393,36.98362555406422,-18.49181277703211,0
2024-07-26,5.34,5.46,5.3,5.4,5.173499999999999,5.849318762687202,4.497681237312796,54.345099693218664,53.910504194329434,0,0,,,,4.5533333333333355,4.598866666666669,4.507800000000002,,0.2599331600446009,4.3780806030733865,7.526881720430101,0,59.307054786231326,63.21115838641403,,,,,-0.027034288005514634,0.18168851149123721,0.20872279949675185,-0.0341992408755673,59.307054786231326,,,,,,,,,21.071073771503066,37.02464602601423,-18.512323013007116,0
2024-07-29,5.42,5.5,5.2802,5.32,5.199499999999999,5.855563259145084,4.543436740854913,51.36257774916077,52.89264103149162,0,0,,,,4.547955555555557,4.593435111111113,4.5024760000000015,,-0.4863449307893397,2.3175305317819417,5.395232120451676,0,56.56643882358728,62.71238983502504,,,,,-0.03030824294292217,0.17083749581809915,0.20114573876102132,-0.2799844595186515,56.56643882358728,,,,,,,,,21.849131295742694,37.06863758594155,-18.534318792970776,0
2024-07-30,5.34,5.395,5.16,5.26,5.235499999999999,5.817719030949737,4.653280969050261,48.429924020911315,51.379200487763576,0,0,,,,4.542844444444446,4.58827288888889,4.497416000000002,,-0.9229610096063046,0.4679591252029436,3.611293499671664,0,54.531121170862015,61.98934359072957,,,,,-0.036434353427581584,0.15560279697654433,0.19203715040412592,-0.5836750975615919,54.531121170862015,,,,,,,,,21.869918138810053,37.11238661733909,-18.556193308669545,0
2024-07-31,5.3,5.45,5.21,5.24,5.266999999999999,5.773718856961223,4.760281143038775,41.44983682831538,47.080779532795816,0,0,,,,4.538044444444446,4.58342488888889,4.492664000000001,,-0.9077155824507965,-0.5126257831782444,2.610966057441222,0,53.83576442260104,60.9251136250515,,,,,-0.04139125110521841,0.1402980865226029,0.1816893376278213,-0.7174633720960842,53.83576442260104,,,,,,,,,20.593045144183822,37.150501720023335,-18.575250860011668,0
2024-08-01,5.24,5.25,4.89,4.96,5.283999999999999,5.720733328245133,4.8472666717548645,29.59695401480876,39.82557162134515,0,0,,,,4.532533333333334,4.577858666666668,4.487208000000001,,-5.66755420311903,-6.131718395155172,-2.9037520391517524,0,45.15460027889955,58.87022268090686,,,,,-0.061853713638418434,0.10437219557979827,0.1662259092182167,-0.7300545322011345,45.15460027889955,,,,,,,,,17.802537732378642,37.17753703165623,-18.588768515828114,0
2024-08-02,4.71,4.86,4.65,4.81,5.280499999999999,5.731031907860093,4.8299680921399055,23.23067321017252,31.42582135109888,0,0,,,,4.527066666666668,4.572337333333335,4.481796000000001,,-7.836750335313258,-8.9101410851245,-5.846274305102472,0,41.311384692182145,56.47074245892312,,,,,-0.08252481431037115,0.06306989133025276,0.1455947056406239,-0.7290436063632605,41.311384692182145,,,,,,,,,14.126053964600333,37.19177954137552,-18.59588977068776,0
2024-08-05,4.25,4.7401,4.2,4.66,5.264999999999999,5.7746469366140145,4.755353063385983,19.727644560780167,24.18509059525381,0,0,,,,4.524200000000001,4.569442000000001,4.478958000000001,,-9.532129683556557,-11.490978157644804,-8.573670786737331,0,37.84273863398265,54.08840153815817,,,,,-0.10205498132623683,0.018025978982827873,0.1200809603090647,-0.73079197620917,37.84273863398265,,,,,,,,,9.301118338245828,37.192171249752754,-18.596085624876377,0
2024-08-06,4.81,4.86,4.625,4.715,5.246749999999999,5.8053757691872665,4.688124230812731,22.770521957455582,21.909613242802752,1,0,,,,4.521311111111113,4.566524222222224,4.476098000000002,,-7.2306935563206665,-10.134845380473612,-7.424981183939283,0,39.837416754197946,52.33858375664237,,,,,-0.10653100457431804,-0.013082795408832837,0.0934482091654852,-0.7609782262281188,39.837416754197946,,,,,,,,,6.992703002214785,37.18705873314093,-18.593529366570465,0
2024-08-07,4.82,4.82,4.55,4.58,5.219249999999998,5.847917439907698,4.590582560092298,20.306008530069764,20.934725016101833,0,0,,,,4.518288888888891,4.56347177777778,4.473106000000001,,-8.755852176511569,-12.247928342194726,-9.98132800471716,0,36.72235117225446,50.81994483607038,,,,,-0.11321929203796502,-0.04807590588197108,0.06514338615599394,-0.8371875400291583,36.72235117225446,36.72235117225446,,36.72235117225446,,,,,,5.004311259479959,37.177806019457556,-18.588903009728778,0
2024-08-08,4.68,4.93,4.63,4.77,5.191249999999998,5.846992899313492,4.535507100686504,26.541560713888785,23.206030400471374,0,0,,,,4.5167333333333355,4.561900666666669,4.471566000000002,,-4.053102685306198,-8.114615940284109,-6.2530708506666315,0,43.42718930255126,49.914762432327855,,,,,-0.09994478236332942,-0.05978759179816784,0.04015719056516158,-0.8892999830896138,43.42718930255126,,,,,,,,,5.734687442245192,37.16998332020427,-18.584991660102133,0
2024-08-09,5.35,5.59,5.2,5.37,5.177249999999998,5.804557540206618,4.549942459793378,49.91342517705674,32.25366480700509,0,0,,,,4.518200000000002,4.5633820000000025,4.4730180000000015,,8.080909731307283,3.7230189772563094,5.187555091247398,0,58.41294030164108,49.84334558691596,,,,,-0.048460813377299364,-0.02041882615646262,0.02804198722083674,-0.6373930572059264,58.41294030164108,,,,,,,,,10.435346615843095,37.17311698303214,-18.58655849151607,0
2024-08-12,5.41,5.54,5.18,5.39,5.160749999999998,5.746038604023749,4.575461395976248,56.11941283324836,44.19146624139796,0,0,,,,4.5214444444444455,4.56665888888889,4.476230000000001,,8.330821023012792,4.44218379111565,5.1741520049432,0,58.804666133498046,49.70232968269464,,,,,-0.012630563280540581,0.01225378312016101,0.02488434640070159,-0.35955309530112234,58.804666133498046,,,,,58.804666133498046,,58.804666133498046,,16.251869744533767,37.19379963432458,-18.59689981716229,0
2024-08-13,5.25,5.3,5.03,5.23,5.140749999999998,5.686536359301955,4.594963640698041,56.68248460167662,54.238440870660575,0,0,,,,4.525044444444445,4.570294888888889,4.479794000000001,,5.178481649069933,1.7361279968876708,1.5961407711982067,0,54.390753418856455,49.69304498110763,,,,,0.0000515662840367484,0.024948804255747525,0.024897237971710777,-0.22891010573153034,54.390753418856455,,,,,,,,,19.427689154146602,37.22579994930094,-18.61289997465047,0
2024-08-14,5.27,5.35,5.16,5.18,5.127249999999998,5.654824402335887,4.59967559766411,59.963431468409496,57.58844296777816,0,0,,,,4.528155555555557,4.5734371111111125,4.482874000000002,,4.298801973220612,1.028816617094952,0.25483048933903074,0,53.05065285480468,49.513933767582124,,,,,0.004579909654609932,0.03062212503997319,0.02604221538536326,-0.10282995982431993,53.05065285480468,,,,,,,,,17.858153680361287,37.25173174538977,-18.625865872694884,0
2024-08-15,5.25,6.04,5.25,5.83,5.1557499999999985,5.7642997103771165,4.5472002896228805,73.0515861798417,63.23250074997594,0,0,,,,4.534155555555557,4.579497111111113,4.488814000000001,,15.36558820619376,13.077631770353527,11.96107928175907,0,65.09179882280932,49.92712977019484,,,,,0.048422160693493026,0.08656991625222954,0.038147755558736514,0.3027767789297118,65.09179882280932,,,,,,,,,20.759064903179695,37.288449510645435,-18.644224755322718,0
2024-08-16,6.27,7.1,5.92,6.56,5.223749999999998,6.087363773628043,4.360136226371953,81.01666733807673,71.34389499544264,0,0,,,,4.54397777777778,4.589417555555558,4.498538000000002,,25.466194893372894,25.580282364202,24.63979226701283,0,73.35645017709187,51.12641629544517,,,,,0.11960237338296932,0.18765072228744817,0.06804834890447885,0.5944264683100403,73.35645017709187,,,,,,,,,28.784560781072212,37.360967398674234,-18.680483699337117,0
2024-08-19,6.78,7.36,6.47,7.19,5.316249999999998,6.533677102540463,4.0988228974595335,88.00092274521435,80.68972542104426,0,0,,,,4.557088888888891,4.60265977777778,4.5115180000000015,,31.16847578217645,35.24570891135674,34.715673109952206,0,78.16172082623169,52.81431627082872,,,,,0.19753174205802315,0.3149630264770078,0.11743128441898464,0.7490581206042506,78.16172082623169,,,,,78.16172082623169,,78.16172082623169,,40.53026631680094,37.50070091447217,-18.750350457236085,0
2024-08-20,7.25,7.258,6.6,6.65,5.378749999999998,6.72814940343846,4.029350596561537,82.54697403495972,83.8548547060836,0,1,,,,4.567533333333336,4.61320866666667,4.521858000000003,,17.180616740088126,23.63467348361612,23.388069394192378,0,67.0064466654677,53.75507928817634,,,,,0.2004892832104549,0.36804288843205324,0.16755360522159835,0.8560116718345471,67.0064466654677,,,,,,,,,43.48289351979821,37.658922387679304,-18.829461193839652,0
2024-08-21,6.7,7.27,6.22,7,5.468249999999998,6.987734369778154,3.9487656302218412,85.04777114309029,85.19855597442144,0,0,,,,4.5793555555555585,4.6251491111111145,4.5335620000000025,,18.303194186243044,28.01170392721626,28.39717526214418,0,69.99548644002023,55.52942829968496,,,,,0.21264166128952455,0.43335568183350404,0.22071402054397948,0.9110161141461821,69.99548644002023,,,,,,,,,44.44154084980831,37.822262271956,-18.911131135978,0
2024-08-22,7,7.26,6.83,6.84,5.547749999999998,7.175744087827134,3.919755912172862,82.57791669407862,83.39088729070954,0,0,,,,4.5902888888888915,4.63619177777778,4.544386000000003,,11.691704768125422,23.29322698391243,24.314663920273794,0,67.00694657562143,57.364825577073475,,,,,0.1968884753747876,0.46682461476246395,0.26993613938767635,0.9315825382226145,67.00694657562143,,,,,,,,,40.579546699015886,37.95831067821056,-18.97915533910528,0
2024-08-23,6.99,7.07,6.7624,6.96,5.625749999999998,7.363723748363327,3.8877762516366694,79.54270665957024,82.38946483224639,0,0,,,,4.601711111111113,4.6477282222222245,4.555694000000002,,10.775107432755071,23.716837754966047,25.499624342599514,0,68.10679571342477,59.52654393989077,,,,,0.181890627813024,0.49729942415395634,0.31540879634093233,0.9330028375695122,68.10679571342477,,,,,,,,,41.4894850094933,38.09900791552626,-19.04950395776313,0
2024-08-26,6.96,6.97,6.51,6.74,5.696749999999999,7.493970840631455,3.899529159368542,75.97095129843214,79.36385821736033,0,0,,,,4.613133333333336,4.65926466666667,4.567002000000003,,5.017139295730777,18.313073243516076,20.792138355386935,0,63.9010344627515,61.24537377621602,,,,,0.14603985241804274,0.4979586118634858,0.35191875944544304,0.9084268038568314,63.9010344627515,,,,,,,,,38.80979650968842,38.22160595395107,-19.110802976975535,0
2024-08-27,6.59,6.6,6.11,6.12,5.739749999999999,7.534265185224152,3.945234814775846,64.53172359026249,73.34846051608828,0,0,,,,4.62117777777778,4.667389555555558,4.5749660000000025,,-5.94744121715075,6.624852998824005,9.36057420257912,0,53.81518079233639,62.46629017765044,,,,,0.07313830284079675,0.443341637996439,0.37020333515564224,0.7900619130284173,53.81518079233639,,,,,,,,,33.311219615852345,38.31164899552726,-19.15582449776363,0
2024-08-28,6.02,6.25,5.96,6.09,5.782249999999999,7.5676476447839445,3.9968523552160526,57.89985931791357,66.13417806886939,0,0,,,,4.62846666666667,4.674751333333337,4.582182000000003,,-7.699302819036058,5.322322625275655,8.411214953270996,0,53.37617878901587,63.17693228382649,,,,,0.01832139015771167,0.39310507285278184,0.3747836826950702,0.6308069692640655,53.37617878901587,53.37617878901587,,53.37617878901587,,,,,,26.947844056537736,38.369470084949945,-19.184735042474973,0
2024-08-29,6.19,6.47,6.14,6.23,5.845749999999998,7.59971486566865,4.091785134331346,52.98160357361419,58.471062160596745,0,0,,,,4.636155555555558,4.682517111111113,4.589794000000002,,-6.146429647484175,6.573151434803104,10.268739490840417,0,55.212342951783874,62.94831818740812,,,,,-0.011479584639453644,0.36043420189575315,0.3719137865352068,0.4974229621997878,55.212342951783874,,,,,,,,,23.11598608221637,38.410431901234965,-19.205215950617482,0
2024-08-30,6.24,6.49,6.22,6.27,5.918749999999998,7.614780291592702,4.222719708407295,50.74495091841623,53.875471269981325,0,0,,,,4.643488888888891,4.68992377777778,4.597054000000002,,-5.1293690422151705,5.934530095036972,10.280538211239087,0,55.74856862638536,62.730025508328644,,,,,-0.030394439952624364,0.33392073659442634,0.3643151765470507,0.336686880731802,55.74856862638536,,,,,,,,,23.781426916308646,38.45380426360525,-19.226902131802625,0
2024-09-03,6.2,6.25,5.995,6.06,5.988749999999999,7.583748040751162,4.393751959248835,45.33146310408299,49.686005865371136,0,0,,,,4.648822222222225,4.695310444444447,4.602334000000003,,-6.711822660098521,1.1897307451471661,6.13889132148171,0,52.21412353357907,62.57455194509454,,,,,-0.05737967937917682,0.2925905773230797,0.3499702567022565,0.0388921776932946,52.21412353357907,,,,,,,,,23.31147239128741,38.494946204864256,-19.247473102432128,0
2024-09-04,6.02,6.47,6.02,6.34,6.0699999999999985,7.559227987918584,4.580772012081413,47.204892005186274,47.760435342561834,0,0,,,,4.655533333333337,4.70208866666667,4.608978000000004,,-1.933488012374307,4.448105436573324,10.436928436638082,0,56.201356389293274,62.79960219755801,,,,,-0.05660723321026484,0.2792112151894255,0.33581844839969033,-0.37677760744349925,56.201356389293274,,,,,,,,,23.726483929748884,38.53746973462143,-19.268734867310716,0
2024-09-05,6.29,6.34,6.04,6.08,6.144999999999998,7.4683669181296874,4.821633081870308,42.152374620345846,44.89624324320504,0,0,,,,4.662911111111114,4.709540222222225,4.6162820000000035,,-4.597520790836329,-1.0577705451586317,5.375660764320145,0,51.87308834309952,61.85540859186445,,,,,-0.07280981949701504,0.24480617402842153,0.31761599352543657,-0.7626900731977864,51.87308834309952,,,,,,,,,22.17772259479774,38.57353686822151,-19.286768434110755,0
2024-09-06,6.11,6.2,5.74,5.81,6.196999999999998,7.373776954227131,5.020223045772865,30.218714036263115,39.858660220598416,0,0,,,,4.66966666666667,4.716363333333336,4.622970000000003,,-7.336523125996797,-6.244957237372906,0.37142610348099847,0,47.75966225816752,60.02706659765557,,,,,-0.09927488925092226,0.19352238196178373,0.292797271212706,-0.866315119242691,47.75966225816752,47.75966225816752,,47.75966225816752,,,,,,20.253977122609534,38.6021482934043,-19.30107414670215,0
2024-09-09,5.9,6.275,5.88,6.14,6.235499999999999,7.350282041477179,5.120717958522819,32.108830414813525,34.82663969047417,0,0,,,,4.6771333333333365,4.7239046666666695,4.630362000000003,,-0.7756948933419383,-1.5315532034319568,5.622294217150681,0,52.69692073812924,58.208152305648255,,,,,-0.0922680762922995,0.1774621758473316,0.2697302521396311,-0.811194682057661,52.69692073812924,,,,,,,,,18.69574352085476,38.62507675230614,-19.31253837615307,0
2024-09-10,6.14,6.17,5.96,6.15,6.2734999999999985,7.320137950773848,5.226862049226149,33.845119194996926,32.05755454869119,0,0,,,,4.684555555555558,4.731401111111113,4.637710000000002,,0.34263338228097684,-1.968598071252059,5.29319446426022,0,52.842367022113365,57.19643233112294,,,,,-0.08486039923295871,0.1636547530984327,0.2485151523313914,-0.7939767140093572,52.842367022113365,,,,,,,,,18.9174726343531,38.64858096592235,-19.324290482961175,0
2024-09-11,6.18,6.6987,6.15,6.68,6.345999999999998,7.289236979767066,5.40276302023293,46.459069860292416,37.47100649003429,0,0,,,,4.695355555555557,4.742309111111113,4.648402000000002,,8.003233629749417,5.2631578947368585,13.447875682866739,0,59.88286916555413,56.47410252580395,,,,,-0.04421119179284225,0.1932511625903386,0.23746235438318083,-0.49449171335823217,59.88286916555413,,,,,,,,,24.256455064038306,38.69192465991528,-19.34596232995764,0
2024-09-12,6.68,7.05,6.63,6.86,6.429999999999998,7.231498596380612,5.628501403619384,54.1935262771019,44.83257177746375,0,0,,,,4.707133333333336,4.754204666666669,4.660062000000003,,9.549664643883782,6.687402799377962,15.446105517067267,0,61.96004358920364,56.113609455345525,,,,,-0.007093151816239263,0.22859591461288176,0.23568906642912102,-0.09907660590775853,61.96004358920364,,,,,,,,,28.462698947426627,38.75316791663987,-19.376583958319934,0
2024-09-13,6.96,7.47,6.91,7.46,6.511499999999998,7.380988930349365,5.642011069650631,71.28398911374748,57.31219508371394,0,0,,,,4.722111111111113,4.769332222222224,4.674890000000002,,16.836335160532535,14.566536128388275,23.80715293336648,0,67.92228960953318,56.1004304479247,,,,,0.05268541734529508,0.30154583811073987,0.2488604207654448,0.4382096537816629,67.92228960953318,,,,,67.92228960953318,67.92228960953318,67.92228960953318,,36.25890272674358,38.85337351748412,-19.42668675874206,0
2024-09-16,7.47,7.526,7.17,7.37,6.551999999999998,7.49877558058924,5.605224419410756,73.75898537793928,66.41216692292956,0,0,,,,4.736600000000002,4.783966000000002,4.689234000000002,,13.471901462663638,12.48473748473753,20.605482067366676,0,66.2450343824032,56.26785901361411,,,,,0.0793792070602084,0.3480844295907053,0.2687052225304969,0.7225270882239876,66.2450343824032,,,,,,,,,39.856754830481606,38.97340025405107,-19.486700127025536,0
2024-09-17,7.45,7.51,7.07,7.17,6.5509999999999975,7.495116518232845,5.60688348176715,73.31395406838917,72.78564285335865,0,0,,,,4.750066666666668,4.797567333333335,4.702566000000001,,8.537693006357895,9.44893909326825,15.747840826539639,0,62.54865144317054,56.89167834581655,,,,,0.07673590112082207,0.3646250989315245,0.28788919781070244,0.7776418892735506,62.54865144317054,,,,,,,,,40.97431764141874,39.099117829964136,-19.549558914982068,0
2024-09-18,7.15,7.5,7.1,7.12,6.574499999999998,7.5501736134589885,5.598826386541007,72.07045739559985,73.04779894730943,0,0,,,,4.763533333333335,4.811168666666668,4.715898000000002,,6.523040095751087,8.297208913225385,13.472163195920084,0,61.62290828668473,57.4807304527929,,,,,0.06524099137642836,0.36944043703123786,0.3041994456548095,0.8009642108535809,61.62290828668473,,,,,,,,,37.97272210733218,39.20624859992133,-19.603124299960665,0
2024-09-19,7.33,7.3701,7,7.17,6.582999999999998,7.576158597606677,5.589841402393319,71.65465527503387,72.3463555796743,0,0,,,,4.776377777777779,4.824141555555557,4.728614000000001,,5.549830708081882,8.916907185173951,12.718126080804893,0,62.2249987253719,57.98163443662061,,,,,0.05503371897988041,0.37299159437966,0.3179578753997796,0.8318933201640952,62.2249987253719,,,,,,,,,35.97483897774013,39.30151817139001,-19.650759085695004,0
2024-09-20,7.15,7.72,7.13,7.47,6.614499999999998,7.675885415388829,5.5531145846111665,76.634692336429,73.45326833568758,0,0,,,,4.791088888888891,4.838999777777779,4.743178000000002,,7.343009053024874,12.933706251417366,15.796000620058903,0,65.70192404115801,58.692588394818664,,,,,0.06199757778971071,0.39545484763691796,0.33345726984720725,0.8752974789370728,65.70192404115801,,,,,,,,,36.94979570805894,39.401327837724814,-19.700663918862407,0
2024-09-23,7.63,7.67,7.465,7.56,6.644499999999998,7.774924256640008,5.514075743359988,79.08158007068498,75.79030922738262,0,0,,,,4.806022222222224,4.854082444444447,4.757962000000002,,6.463878326996242,13.778312890360468,15.879828326180245,0,66.6923916156568,59.726750400681354,,,,,0.06581589757125145,0.41572714181127157,0.3499112442400201,0.8827617187141946,66.6923916156568,,,,,,,,,38.73766819174612,39.51028912572661,-19.755144562863304,0
2024-09-24,7.58,7.615,7.275,7.59,6.686999999999998,7.890164161700356,5.4838358382996395,79.9786385918659,78.5649703329933,0,0,,,,4.820955555555557,4.869165111111112,4.7727460000000015,,4.761904761904789,13.503813369223906,15.046483427647516,0,67.0341336705344,60.50052020648429,,,,,0.06348342422384384,0.4292655245198249,0.36578210029598107,0.9033395440836511,67.0341336705344,,,,,,,,,40.43383646201167,39.62810802911769,-19.814054014558845,0
2024-09-25,7.555,8.79,7.55,8.62,6.811999999999998,8.250090400496475,5.37390959950352,87.32377873434989,82.12799913230026,0,0,,,,4.840422222222219,4.888826444444441,4.792017999999996,,15.875789756687752,26.541397533763988,28.458596194923214,0,76.1006692427205,62.23106169931436,,,,,0.12109099726345718,0.5171458468753025,0.39605484961184534,0.9009628962860724,76.1006692427205,,,,,,,,,46.20079345625461,39.780443482015855,-19.890221741007927,0
2024-09-26,8.84,8.98,8.6301,8.69,6.941999999999998,8.554955052070598,5.329044947929399,89.43998222390762,85.58079985004115,0,0,,,,4.85864444444444,4.9072308888888845,4.810057999999996,,14.01207032274996,25.180063382310603,27.28249194414607,0,76.57224667969062,64.28910344370887,,,,,0.15170699783413955,0.5856885969045198,0.43398159907038025,0.8997377044925197,76.57224667969062,,,,,,,,,51.67420277066275,39.96853025188976,-19.98426512594488,0
2024-09-27,8.87,10.29,8.8426,9.78,7.119499999999998,9.115761255447321,5.123238744552675,93.07407107447918,89.94594401091223,0,0,,,,4.881622222222219,4.930438444444442,4.832805999999997,,24.52253628724217,37.36919727508958,40.537433539301595,0,82.39689489949944,66.41053016952102,,,,,0.22854850851327546,0.7196672347119746,0.4911187261986991,0.8738060230911989,82.39689489949944,,,,,82.39689489949944,,82.39689489949944,,62.28014546706883,40.23620148973545,-20.118100744867725,0
2024-09-30,9.87,10.15,9.52,9.73,7.292499999999999,9.547262736963704,5.037737263036293,91.59332407850478,91.3691257922972,0,0,,,,4.90553333333333,4.954588666666663,4.8564779999999965,,20.27194066749076,33.42475145697639,37.72765877135038,0,81.39717899319888,68.45015959602713,,,,,0.2570620693934178,0.8124463129404713,0.5553842435470535,0.8757897505542738,81.39717899319888,,,,,,,,,66.358082483031,40.53528019158663,-20.267640095793315,0
2024-10-01,9.66,9.72,9.09,9.23,7.450999999999999,9.781329590422793,5.120670409577204,86.25081802569693,90.3060710595603,0,1,,,,4.926555555555551,4.975821111111107,4.877289999999996,,11.258437801350096,23.875989800026876,29.404617253948963,0,71.9907048610388,69.31500500284746,,,,,0.2244860344573547,0.835991786618747,0.6115057521613922,0.8808392648089505,71.9907048610388,,,,,,,,,67.01348558615666,40.83637294615588,-20.41818647307794,0
2024-10-02,8.96,9.76,8.8,9.71,7.6194999999999995,10.087417948392943,5.151582051607057,86.52916572148362,88.12443594189511,0,0,,,,4.9503333333333295,4.9998366666666625,4.9008299999999965,,13.500876680303953,27.436183476606104,34.214891264283075,0,74.97995042935297,70.24499834857241,,,,,0.21735757540645417,0.88320272141946,0.6658451460130058,0.8939527665698931,74.97995042935297,,,,,,,,,64.74138589262434,41.114535821438686,-20.557267910719343,0
2024-10-03,9.6,9.86,9.164,9.25,7.777999999999999,10.237232400567313,5.318767599432684,78.48074695932695,83.75357690216917,0,0,,,,4.972422222222218,5.022146444444441,4.922697999999996,,5.557457491726603,18.925173566469546,26.544758082903886,0,67.54074520062248,70.21774517650736,,,,,0.1660688436517016,0.8734312005776328,0.7073623569259312,0.9072494297130024,67.54074520062248,67.54074520062248,,67.54074520062248,,,,,,60.57091334893034,41.355959961159684,-20.677979980579842,0
2024-10-04,9.515,10.01,9.42,9.8,7.977499999999997,10.413011239965883,5.541988760034112,78.07241490640962,81.02744252907341,0,0,,,,4.996555555555551,5.046521111111106,4.946589999999995,,8.937305469097389,22.8455029771232,32.28346456692912,0,71.21776108524195,70.57293994099585,,,,,0.15386728453090381,0.8996964625895609,0.7458291780586571,0.9237340945833796,71.21776108524195,,,,,,,,,62.505468203263035,41.60996449018033,-20.804982245090166,0
2024-10-07,9.96,10.11,9.48,9.68,8.154499999999999,10.544231993341526,5.764768006658471,76.40653903345535,77.65323363306398,0,0,,,,5.020333333333329,5.070536666666662,4.970129999999996,,5.125977410947025,18.70746213747012,29.083877850380023,0,69.3713005183634,71.06027201779534,,,,,0.12369590444049916,0.900449058609281,0.7767531541687819,0.9101238278714593,69.3713005183634,,,,,,,,,61.15146775929085,41.85060318704064,-20.92530159352032,0
2024-10-08,9.6,10.14,9.362,9.41,8.317499999999999,10.579400749369874,6.055599250630124,71.71317082207563,75.39737492064688,0,0,,,,5.042955555555551,5.093385111111107,4.992525999999995,,0.21299254526094824,13.13495641719269,24.01159725882971,0,65.27079123226304,71.32083508533665,,,,,0.07398844473983257,0.8692387100935726,0.79525026535374,0.8598863263753923,65.27079123226304,,,,,,,,,60.85135938156727,42.08638211337275,-21.043191056686375,0
2024-10-09,9.27,9.66,8.99,9.45,8.456,10.637672752728975,6.274327247271025,69.15170703279743,72.42380562944281,0,0,,,,5.065399999999997,5.1160539999999965,5.014745999999997,,-0.2427953129948035,11.754966887417218,22.74321340433818,0,65.59524834649832,71.5615672011314,,,,,0.03425673714298949,0.8380711867824768,0.8038144496394873,0.7937374892750506,65.59524834649832,,,,,,,,,57.746544358542245,42.29668387272562,-21.14834193636281,0
2024-10-10,9.34,9.5287,9.27,9.39,8.5825,10.670732506211912,6.494267493788087,64.55352648887009,68.47280144791439,0,0,,,,5.088377777777774,5.139261555555552,5.037493999999996,,-1.6032694121345115,9.408680454413055,20.245870149827105,0,64.62002193219328,71.48428847906249,,,,,-0.003599404946989071,0.799315193455751,0.80291459840274,0.6982927200988776,64.62002193219328,64.62002193219328,,64.62002193219328,,,,,,55.1552886940051,42.48665392104586,-21.24332696052293,0
2024-10-11,9.35,9.78,9.2,9.7,8.694499999999998,10.770144237339371,6.618855762660624,64.45160046109282,66.05227799425346,0,0,,,,5.112777777777774,5.1639055555555515,5.061649999999997,,1.7304667016255992,11.56478233365923,22.402624716076346,0,67.32316014309092,71.5293433738792,,,,,-0.014674758005847277,0.784571150895431,0.7992459089012782,0.6134663928399638,67.32316014309092,,,,,,,,,55.78351346596751,42.679157322796854,-21.339578661398427,0
2024-10-14,9.92,10.11,9.66,9.88,8.819999999999999,10.863408916492284,6.7765910835077126,66.07171926848353,65.02561540614884,0,0,,,,5.13753333333333,5.188908666666664,5.086157999999997,,3.4554973821989687,12.018140589569182,22.809198259788644,0,68.81313161905226,71.65641465591621,,,,,-0.016646692576005817,0.7784375431812709,0.7950842357572767,0.5429327962153977,68.81313161905226,,,,,,,,,56.884959532028375,42.87747569629561,-21.438737848147806,0
2024-10-15,9.82,10.34,9.48,9.94,8.958499999999997,10.909184751568086,7.007815248431909,72.47377679348354,67.66569884101999,0,0,,,,5.162999999999997,5.214629999999997,5.111369999999996,,3.3156636524269922,10.956075235809593,21.600130489744295,0,69.3153840247768,71.17175142606307,,,,,-0.02042958720979493,0.769547251745033,0.789976838954828,0.4734054022359336,69.3153840247768,,,,,,,,,58.36150592956485,43.084270272230796,-21.542135136115398,0
2024-10-16,10.03,11.19,9.98,11.19,9.161999999999999,11.151830143504732,7.172169856495265,80.08411112938107,72.87653573044939,0,0,,,,5.193799999999997,5.245737999999997,5.141861999999997,,14.546012897942484,22.134905042567144,34.23704414587328,0,77.45968321533576,71.23513975003773,,,,,0.05084033216505379,0.8535272541611452,0.8026869219960914,0.494963083760352,77.45968321533576,,,,,77.45968321533576,77.45968321533576,77.45968321533576,,64.13098819698821,43.331543978497415,-21.665771989248707,0
2024-10-17,11.17,11.19,10.55,10.68,9.337499999999999,11.209257195792256,7.465742804207741,76.74752292393113,76.43513694893193,0,0,,,,5.2217999999999964,5.274017999999996,5.169581999999997,,7.748184019370474,14.377510040160658,25.804931678969645,0,69.3696988409254,70.30462574585387,,,,,0.052980850684261394,0.8689129853514181,0.8159321346671567,0.6609207068770663,69.3696988409254,,,,,,,,,66.41321134787428,43.59385580397169,-21.796927901985846,0
2024-10-18,10.765,11,10.48,10.81,9.504499999999998,11.273131957191804,7.735868042808192,78.1966719182034,78.34276865717187,0,0,,,,5.2508666666666635,5.30337533333333,5.198357999999997,,7.959652451812649,13.735598926824167,24.884473197781865,0,70.2233982069697,69.50649854683749,,,,,0.052402741256057705,0.8814355612372289,0.8290328199811712,0.7790519613466464,70.2233982069697,,,,,,,,,69.18932797820666,43.87535406412901,-21.937677032064506,0
2024-10-21,10.85,11.29,10.68,11.26,9.689499999999999,11.378078988380476,8.000921011619521,83.85574134074902,79.59997872762787,0,0,,,,5.281355555555553,5.334169111111109,5.228541999999997,,10.70691180808181,16.208266680427275,27.567975830815673,0,73.02595027893112,69.58044464811552,,,,,0.07045316992484452,0.9170992823872268,0.8466461124623823,0.8099595265726361,73.02595027893112,,,,,,,,,68.17548066264669,44.145623373580406,-22.072811686790203,0
2024-10-22,11.21,11.5199,11.03,11.16,9.867999999999999,11.37622544733873,8.359774552661268,80.80215818756699,80.95152381550649,0,0,,,,5.311444444444442,5.364558888888887,5.258329999999997,,7.867774985501641,13.09282529387923,24.087320707164285,0,71.41732711109408,69.32597155395418,,,,,0.06397307995514723,0.9266124624063163,0.8626393824511691,0.87556551250733,71.41732711109408,,,,,,,,,69.39759009035502,44.422596632237685,-22.211298316118842,0
2024-10-23,11.16,11.27,10.6498,10.91,9.982499999999998,11.441251178234385,8.523748821765611,75.45390565662659,80.0372683949809,0,0,,,,5.340466666666665,5.3938713333333315,5.287061999999999,,3.9839878002287277,9.291259704482858,19.435118960735622,0,67.41894977447339,69.3172718806578,,,,,0.032738975999727415,0.9035631024508284,0.870824126451101,0.8620317212603287,67.41894977447339,67.41894977447339,,67.41894977447339,,,,,,68.69517763694425,44.69098857971783,-22.345494289858916,0
2024-10-24,11.005,12.085,11.005,11.19,10.107499999999998,11.52980622581784,8.685193774182157,76.44885034473734,77.56830472964367,0,0,,,,5.370377777777776,5.424081555555554,5.316673999999998,,4.8538230884557665,10.709868909225829,20.594891690914952,0,69.47990595754855,69.19313937153684,,,,,0.02137562205889909,0.8975436540247248,0.8761680319658257,0.8994147293633422,69.47990595754855,,,,,,,,,66.97831101519476,44.94329927887494,-22.47164963943747,0
2024-10-25,11.24,11.33,10.91,11.18,10.177499999999998,11.664764267035356,8.690235732964641,72.88718851736029,74.92998150624145,0,0,,,,5.399711111111109,5.45370822222222,5.345713999999997,,3.3271719038817205,9.85015966592977,18.898223971073058,0,69.31127619571838,69.18885191991934,,,,,0.004506713183809241,0.8818014234455873,0.8772947102617781,0.9064248638307776,69.31127619571838,,,,,,,,,65.76006190797581,45.1838796028635,-22.59193980143175,0
2024-10-28,11.25,11.47,11.0606,11.26,10.253999999999998,11.797650219447451,8.710349780552544,73.49598732499948,74.27734206236573,0,0,,,,5.429977777777776,5.484277555555553,5.375677999999998,,2.755977368132889,9.810805539301759,18.12014826211619,0,69.93982808347073,69.52235455214847,,,,,-0.009195356753341377,0.8658005143201013,0.8749958710734427,0.8867204559528786,69.93982808347073,,,,,,,,,66.2837062094052,45.425876529527095,-22.712938264763547,0
2024-10-29,11.15,11.58,10.87,11.47,10.365999999999996,11.921215740661173,8.810784259338819,75.97155574881799,74.11824386372594,0,0,,,,5.461133333333332,5.515744666666666,5.406521999999998,,3.231032310323112,10.650202585375323,18.540719305498143,0,71.58504537166945,69.95019719680354,,,,,-0.011876973873987007,0.860149653730959,0.872026627604946,0.8699260204527569,71.58504537166945,,,,,,,,,66.58939538982573,45.6676647539194,-22.8338323769597,0
2024-10-30,11.35,11.63,10.95,10.96,10.428499999999996,11.973676688925998,8.883323311073994,64.95392006835043,71.47382104738932,0,0,,,,5.488955555555554,5.54384511111111,5.434065999999999,,-1.1544011544011412,5.096610250755185,11.791105671154622,0,62.62130113491019,69.80743142556904,,,,,-0.05343225779306393,0.805236305363616,0.8586685631566799,0.7753268659131057,62.62130113491019,,,,,,,,,64.45381793756617,45.8915990090339,-22.94579950451695,0
2024-10-31,10.91,10.91,10.29,10.7,10.500999999999998,11.951350302513235,9.05064969748676,57.56511145968079,66.1635290922831,0,0,,,,5.515177777777776,5.570329555555554,5.460025999999998,,-3.5166816952209246,1.8950576135606356,7.844784142449135,0,58.59318387444267,69.18386169209417,,,,,-0.10109820742527498,0.7322958038750862,0.8333940113003612,0.5750976997255389,58.59318387444267,58.59318387444267,,58.59318387444267,,,,,,60.58882990482184,46.08682309357097,-23.043411546785485,0
2024-11-01,10.9,11.5,10.85,11.42,10.581999999999997,12.047572925514183,9.116427074485811,61.278593541210626,61.26587502308064,0,0,,,,5.54522222222222,5.600674444444443,5.489769999999997,,2.4123397004752967,7.919107919107948,13.594164456233383,0,65.25787758791137,68.9299149755841,,,,,-0.08732374229314632,0.7242393334339283,0.8115630757270746,0.4970965913262667,65.25787758791137,,,,,,,,,59.1918466238693,46.271100384399396,-23.135550192199698,0
2024-11-04,11.265,11.395,10.97,11.25,10.660499999999997,12.092204927699935,9.22879507230006,57.934034281073096,58.92591309398821,0,0,,,,5.574777777777776,5.630525555555553,5.519029999999998,,0.8968609865470878,5.529759392148614,10.550623996855425,0,62.69208140392377,68.45682193123746,,,,,-0.09236038803406976,0.6961125906844874,0.7884729787185571,0.3091266724900358,62.69208140392377,,,,,,,,,59.53198755846625,46.45593740233091,-23.227968701165455,0
2024-11-05,11.34,11.85,11.28,11.81,10.780499999999998,12.174666058975811,9.386333941024185,63.20233450025948,60.80498744084776,0,0,,,,5.605355555555554,5.66140911111111,5.549301999999998,,5.305394560855992,9.549649830712891,14.471261025491899,0,67.25883082891261,67.72818961792153,,,,,-0.062126041752234906,0.7108154265282636,0.7729414682804985,0.554302689896025,67.25883082891261,,,,,,,,,63.62567501499361,46.66632885115217,-23.333164425576086,0
2024-11-06,12.295,13.06,12.07,13.05,10.960499999999998,12.53853010110713,9.382469898892866,74.57909703406632,65.238488605133,0,0,,,,5.6403777777777755,5.696781555555553,5.583973999999998,,14.183218129320174,19.06391131791436,24.705357711664643,0,74.65644976724761,68.1058146840874,,,,,0.032168153836789615,0.8131516605764855,0.7809835067396959,0.5871432583317548,74.65644976724761,,,,,,,,,69.63435470608145,46.9173558607759,-23.45867793038795,0
2024-11-07,13.5,13.89,13.08,13.46,11.163999999999998,12.91920255241387,9.408797447586126,80.11002238184457,72.63048463872349,0,0,,,,5.679711111111109,5.73650822222222,5.622913999999998,,15.477007549759803,20.566105338588358,26.698252329704108,0,76.54359803583432,68.5572575290063,,,,,0.10862878568129353,0.9167694888413127,0.8081407031600192,0.6622243587101644,76.54359803583432,,,,,,,,,77.92198471346346,47.229873568611175,-23.614936784305588,0
2024-11-08,13.32,13.9,12.9,13.51,11.354499999999998,13.25388384746218,9.455116152537816,83.97430137267962,79.55447359619687,0,0,,,,5.7197999999999976,5.776997999999997,5.662601999999998,,13.634452014467158,18.98366286494344,25.69780424264978,0,76.77076455175569,68.82474426277949,,,,,0.14668154664751376,0.9914926364694114,0.8448110898218977,0.7679806468008474,76.77076455175569,,,,,,,,,83.46349406225004,47.584948173184166,-23.792474086592083,0
2024-11-11,14.64,15.24,14.01,14.78,11.599499999999995,13.897224744176384,9.301775255823607,89.53453129668677,84.53961835040367,0,0,,,,5.764644444444443,5.822290888888888,5.706997999999998,,20.741769463279148,27.4192853140222,35.39344712815655,0,81.63568776641475,69.55462716673097,,,,,0.23618944256439234,1.140047893027388,0.9038584504629957,0.8270147263045463,81.63568776641475,,,,,,,,,88.2700227738295,47.977662041128774,-23.988831020564387,0
2024-11-12,14.49,15.02,14.24,14.66,11.835499999999996,14.361227419972389,9.309772580027603,87.85512386376719,87.12131884437788,0,0,,,,5.810199999999997,5.868301999999997,5.7520979999999975,,16.71974522292996,23.864644501711,32.10380872281626,0,79.93225365268766,70.44843458660341,,,,,0.26401139218560743,1.233872690695005,0.9698612985093976,0.867077004249659,79.93225365268766,,,,,,,,,89.97476751331008,48.38058458754811,-24.190292293774053,0
2024-11-13,19.24,22.55,18.65,18.83,12.217499999999996,16.154107041603257,8.280892958396734,91.5111302208835,89.63359512711251,0,0,,,,5.874199999999997,5.932941999999997,5.815457999999998,,41.08039259758749,54.12318395743814,65.15612209098347,0,88.73156154045697,71.82355284252544,,,,,0.5248873555623084,1.6259704929622831,1.1010831373999748,0.8407146655289724,88.73156154045697,,,,,88.73156154045697,,88.73156154045697,,101.80909597813839,48.89038250773352,-24.44519125386676,0
2024-11-14,19.43,19.43,17.2505,17.36,12.551499999999995,17.00873355905885,8.09426644094114,84.96693534674161,88.11106314379747,0,1,,,,5.927177777777776,5.986449555555554,5.867905999999998,,23.88496396203528,38.310162132016146,48.73625589033266,0,76.06894970577311,72.30624380752936,,,,,0.5570335622883706,1.797375090260438,1.2403415279720673,0.8870467145454156,76.06894970577311,,,,,,,,,101.64211231052218,49.390905071654885,-24.695452535827442,0
2024-11-15,17.03,19.48,16.8,19,12.960999999999995,18.148122130815935,7.773877869184056,87.29025832190048,87.9227746298419,0,0,,,,5.986555555555553,6.046421111111108,5.926689999999997,,28.630424480400805,46.59362703495107,58.61973006817862,0,79.57155827764873,72.99422453568492,,,,,0.6413345738100713,2.0420097452346564,1.400675171424585,0.9222411705327734,79.57155827764873,,,,,,,,,107.4078585677479,49.941829534448,-24.970914767224,0
2024-11-18,19.54,20.35,18.47,19.29,13.362499999999997,19.167152875064982,7.557847124935011,87.15584731116166,86.47101365993461,0,0,,,,6.046777777777775,6.107245555555553,5.986309999999997,,23.852327447833076,44.35921421889619,56.84627059843881,0,80.12550101063935,73.60425708132563,,,,,0.6662904308702147,2.2335382100123535,1.5672477791421389,0.9538797501708248,80.12550101063935,,,,,,,,,103.24614162210479,50.44276828960246,-25.22138414480123,0
2024-11-19,19.025,20.97,18.72,20.5,13.829499999999996,20.313342919133714,7.345657080866279,88.16844269227964,87.53818277511397,0,0,,,,6.112155555555553,6.173277111111108,6.051033999999998,,24.6655315008514,48.23384793376482,61.82081305091434,0,82.28406870277266,75.00874047903008,,,,,0.709935307599459,2.4546669136414625,1.7447316060420035,0.967769428822692,82.28406870277266,,,,,,,,,109.51328078576212,50.99868843377575,-25.499344216887874,0
2024-11-20,20.55,20.76,19.64,20.18,14.292999999999997,21.188068092484677,7.397931907515316,86.44703946902675,87.25710982415605,0,1,,,,6.1772666666666645,6.239039333333332,6.115493999999997,,17.61963047152768,41.187994122997296,54.92092737601715,0,79.8151647835515,76.52459625825215,,,,,0.6637470514207411,2.57441542031793,1.9106683688971888,0.969645991102534,79.8151647835515,,,,,,,,,109.7797814218358,51.54874033457142,-25.77437016728571,0
2024-11-21,20.4,22.48,19.75,22.41,14.853999999999996,22.439149701884617,7.268850298115376,89.33557775875708,87.98368664002119,0,0,,,,6.253266666666664,6.315799333333331,6.190733999999997,,24.141369377354337,50.868452941968535,66.49331352154529,0,83.52499165284456,77.82939012003308,,,,,0.7248966215462933,2.8167891458300556,2.0918925242837623,0.9755248110472398,83.52499165284456,,,,,,,,,116.37648673383171,52.158063078682794,-26.079031539341397,0
2024-11-22,23.025,23.81,22.38,23.26,15.457999999999995,23.674309633892854,7.241690366107138,92.82170480495571,89.53477401091321,0,0,,,,6.3339777777777755,6.397317555555554,6.270637999999997,,22.247332737688573,50.47224737999747,67.19378953421504,0,84.68074417256865,79.40000888922201,,,,,0.7603973381088625,3.0423891969198404,2.281991858810978,0.9767844375130554,84.68074417256865,,,,,,,,,121.3001547985056,52.809720875455746,-26.404860437727873,0
2024-11-25,25.385,25.5799,22.8202,24.06,16.097999999999995,24.881142034602455,7.314857965397538,92.68101426672655,91.61276561014648,0,0,,,,6.416599999999997,6.480765999999997,6.352433999999997,,20.57128539213233,49.459560193812926,67.26143578810766,0,85.69769725505819,80.71707077680385,,,,,0.7730368613976575,3.24828793555805,2.4752510741603926,0.977422941791748,85.69769725505819,,,,,,,,,128.236802882152,53.52630983202799,-26.763154916013995,0
2024-11-26,23.72,26.71,23.62,25.44,16.796499999999995,26.196653775337964,7.396346224662025,93.85139916938012,93.11803941368748,0,0,,,,6.505666666666664,6.570723333333331,6.440609999999997,,20.952788475253215,51.46012562140927,70.72297780959195,0,87.26783994132698,81.61788436066665,,,,,0.8059371845785828,3.482672554883621,2.676735370305038,0.9799315070586891,87.26783994132698,,,,,,,,,130.9068824828759,54.25997012217768,-27.12998506108884,0
2024-11-27,25.895,27.2,24.73,25.67,17.531999999999996,27.285661056239366,7.778338943760627,92.72153001030422,93.08464781547032,0,1,,,,6.595088888888887,6.661039777777775,6.529137999999998,,18.202329971911446,46.4179785535022,66.86167446697864,0,87.51387348278053,82.40147546401995,,,,,0.774584688050326,3.6449662303679453,2.8703815423176193,0.9803891832809852,87.51387348278053,,,,,,,,,131.5786827482841,54.987983462551824,-27.493991731275912,0
2024-11-29,26,28.05,25.66,27.28,18.360999999999997,28.463197582704474,8.258802417295518,95.24766339448672,93.94019752472373,0,0,,,,6.692111111111109,6.7590322222222206,6.625189999999998,,20.12858338103838,48.575785632590836,71.17041746841795,0,89.10147873721684,83.28224076298146,,,,,0.7909062594698133,3.859014366654886,3.068108107185073,0.9804213381470361,89.10147873721684,,,,,89.10147873721684,,89.10147873721684,,135.63882234331857,55.74841624575139,-27.874208122875697,0
2024-12-02,27.975,28.1,24,24.155,18.997749999999996,28.872525174655895,9.122974825344098,86.81805003104812,91.5957478119464,0,1,,,,6.775733333333331,6.843490666666665,6.707975999999998,,4.0065448125901515,27.146635785816777,47.446918905720636,0,70.39250226112196,82.47915608403197,,,,,0.5322741358089891,3.7334507769463094,3.2011766411373204,0.9459152915091033,70.39250226112196,,,,,,,,,126.97789131477559,56.40172521764067,-28.200862608820334,0
2024-12-03,23.8,24.2599,22.5,23.01,19.585749999999997,28.931460928013994,10.240039071986,72.902969128214,84.98956085124964,0,0,,,,6.855066666666664,6.923617333333331,6.786515999999997,,-2.4855381094653795,17.48337439209633,37.17794580845164,0,65.00655132994993,81.41303448955071,,,,,0.2400101000371757,3.50118926618379,3.261179166146614,0.8714766934158775,65.00655132994993,65.00655132994993,,65.00655132994993,,,,,,114.87078852381153,56.92543882325492,-28.46271941162746,0
2024-12-04,22.95,24,22.34,23.11,20.150749999999995,28.89472065125455,11.406779348745442,64.83848526879906,74.85316814268708,0,0,,,,6.9347999999999965,7.004147999999996,6.865451999999997,,-3.1331866289426746,14.685557609518284,34.57824192249084,0,65.25657882323549,79.73625000974917,,,,,0.02089315689714022,3.2872956122680392,3.266402455370899,0.7956606415239716,65.25657882323549,,,,,,,,,98.81363838043116,57.30316944769906,-28.65158472384953,0
2024-12-05,23.105,24.52,22.66,23.92,20.694249999999997,28.942448151717784,12.44605184828221,61.090604616258844,66.277353004424,0,0,,,,7.019155555555552,7.089347111111108,6.948963999999997,,-1.2855167860016836,15.587663239788863,35.86406020731763,0,67.2949600367014,79.10953646195834,,,,,-0.09562721186326373,3.1468684405418195,3.242495652405083,0.7059435284034096,67.2949600367014,,,,,,,,,95.33727448199755,57.64948775958265,-28.824743879791324,0
2024-12-06,24.425,25,23.43,24.68,21.255249999999997,28.967853629773842,13.542646370226151,64.71701023897499,63.54870004134432,0,0,,,,7.106977777777774,7.178047555555552,7.0359079999999965,,0.9056156346464617,16.112489855447485,36.68965135277338,0,69.12528833457117,78.3633743231671,,,,,-0.14470677458890613,3.0616121841689505,3.2063189587578567,0.6316400781391754,69.12528833457117,,,,,,,,,97.56268950250677,58.009270081836846,-29.004635040918423,0
2024-12-09,24.96,25.09,21.87,23.24,21.741749999999996,28.621255269276325,14.862244730723665,57.51934757579073,61.10898747700821,0,0,,,,7.188711111111108,7.260598222222219,7.116823999999998,,-4.974137754789121,6.891119620085795,25.910876337532173,0,62.040554133266824,77.07159240335476,,,,,-0.2890119592476834,2.845054009698252,3.1340659689459356,0.43813921427366537,62.040554133266824,,,,,,,,,95.49260825928792,58.34932475290544,-29.17466237645272,0
2024-12-10,22.85,24.4,22.8,22.85,22.145249999999997,28.246790358794698,16.043709641205297,51.966904543728184,58.067754119498,0,0,,,,7.268666666666664,7.3413533333333305,7.195979999999997,,-6.10425099135008,3.1823980311805222,21.25982859113944,0,60.23978991512598,75.49700106138,,,,,-0.417770738949681,2.6118525452588344,3.0296232842085153,0.17940154173511577,60.23978991512598,,,,,,,,,90.41739961811338,58.64868364635232,-29.32434182317616,0
2024-12-11,22.98,23.985,21.93,23.35,22.579749999999997,27.635254401145385,17.52424559885461,49.76740958719231,53.0845539022371,0,0,,,,7.349999999999997,7.423499999999997,7.276499999999997,,-3.2184527386898143,3.4112423742512776,21.362797668032485,0,61.77177792135039,74.20818771407993,,,,,-0.4722856803947879,2.4392661837150307,2.9115518641098186,-0.18824012879752947,61.77177792135039,,,,,,,,,84.83953234143434,58.9068326602887,-29.45341633014435,0
2024-12-12,22.92,23.96,22.33,22.58,22.767249999999997,27.521760989576205,18.01273901042379,44.37298361863589,48.70243258318548,0,0,,,,7.4277777777777745,7.502055555555552,7.353499999999997,,-5.195759420594104,-0.8224533046371385,15.044623523517565,0,58.06154891495443,72.3893703756592,,,,,-0.55738025749966,2.214826542235244,2.772206799734904,-0.49050075211929856,58.06154891495443,58.06154891495443,,58.06154891495443,,,,,,81.68468133659168,59.142153680219884,-29.571076840109942,0
2024-12-13,22.43,24.57,22.42,24.42,23.120249999999995,27.219711519517137,19.020788480482853,45.760868509707095,46.63375390517845,0,0,,,,7.513955555555553,7.589095111111108,7.438815999999997,,3.7757898986464866,5.621695267135984,21.5862978914088,0,63.676098095002196,70.88903851297587,,,,,-0.4893462745487489,2.1605239565489676,2.6498702310977165,-0.5449493818446809,63.676098095002196,,,,,,,,,84.2059859246102,59.39162549782516,-29.69581274891258,0
2024-12-16,24.465,25.95,23.35,25.9,23.465249999999994,27.270456269047905,19.660043730952083,52.187989457660215,47.44061386200109,0,0,,,,7.607199999999996,7.683271999999996,7.531127999999996,,9.255040917911096,10.37598150456529,25.928867207442252,0,67.45071228883313,69.58568244395978,,,,,-0.3507597703852592,2.2114205181161424,2.5621802885014016,-0.3663920951146014,67.45071228883313,,,,,,,,,88.96882924955916,59.670575966926584,-29.835287983463292,0
2024-12-17,25.9,26.45,24.53,26.37,23.819249999999993,27.309135778933463,20.329364221066523,58.46760533513705,52.138821100834804,0,0,,,,7.702711111111108,7.7797382222222184,7.625683999999997,,9.683054654354905,10.708775465222487,25.147318215254643,0,68.5677712002311,68.24996324816722,,,,,-0.23887363429451458,2.263588245633258,2.5024618799277727,-0.06352099750134593,68.5677712002311,,,,,68.5677712002311,,68.5677712002311,,96.44259239384922,59.99969904184938,-29.99984952092469,0
2024-12-18,26.28,26.78,22.89,22.92,23.940249999999995,27.114991682405254,20.765508317594737,48.18056419925705,52.94538633068479,0,0,,,,7.781733333333331,7.859550666666664,7.703915999999998,,-4.591433209840545,-4.261651402971955,6.895506377818705,0,53.93540787617352,65.85150141912386,,,,,-0.39920882861014295,2.0034508441650942,2.402659672775237,-0.051738212398499434,53.93540787617352,53.93540787617352,,53.93540787617352,,,,,,90.33983403856581,60.282418642987075,-30.141209321493537,0
2024-12-19,23.66,24.7,22.7,23.22,24.092249999999996,26.787138634062853,21.39736136593714,43.57842565197732,50.07553172879049,0,0,,,,7.862799999999997,7.9414279999999975,7.784171999999997,,-3.0601594789796516,-3.6204588612520516,6.609122839236914,0,54.83792443613323,63.404104683332164,,,,,-0.4815359262052774,1.8007397650186405,2.282275691223918,0.2166777303552051,54.83792443613323,,,,,,,,,81.23790572053365,60.503727364487936,-30.251863682243968,0
2024-12-20,22.14,25.29,22.01,24.87,24.215249999999994,26.814652767945212,21.615847232054776,46.903761090505554,46.22091698057999,0,0,,,,7.951777777777775,8.031295555555554,7.872259999999997,,3.7460370432170986,2.7038746244618883,12.225021622231402,0,59.53390817946334,62.62849082035655,,,,,-0.42340197361459,1.7530232242056805,2.1764251978202704,0.3518804998250244,59.53390817946334,,,,,,,,,75.08198028363476,60.6870745603151,-30.34353728015755,0
2024-12-23,24.97,26.32,24.34,25.59,24.331749999999992,26.958172043389435,21.70532795661055,55.347770608220685,48.60998578356787,0,0,,,,8.047644444444442,8.128120888888887,7.967167999999997,,5.713223447763061,5.171226894900727,13.413255922175193,0,61.41911131912466,62.37224510529759,,,,,-0.33866264241392363,1.7530968948028658,2.0917595372167894,0.4033537358916707,61.41911131912466,,,,,,,,,79.57727146026257,60.89493695323223,-30.447468476616116,0
2024-12-24,25.57,26.6,25.09,26.6,24.458749999999995,27.260142287774308,21.657357712225682,65.39825360983973,55.883261769522,0,0,,,,8.148199999999997,8.229681999999997,8.066717999999998,,8.209258807257358,8.754535697858667,15.866274637917899,0,63.95584732403218,62.27933571249736,,,,,-0.22241074792540427,1.8137461023100343,2.0361568502354386,0.48685176567873933,63.95584732403218,,,,,,,,,86.13289223539897,61.141349139173194,-30.570674569586597,0
2024-12-26,26.6,28.8,26.11,28.44,24.608749999999993,27.885226575530737,21.33227342446925,76.8524133929735,65.86614587034465,0,0,,,,8.25651111111111,8.33907622222222,8.173945999999999,,13.347415407915197,15.568649362523534,21.451092874783797,0,68.07422043148527,62.33499716926763,,,,,-0.03902592562185081,1.9873744432081253,2.026400368829976,0.6312767060109058,68.07422043148527,,,,,,,,,93.1072342181342,61.431545774613426,-30.715772887306713,0
2024-12-27,28.21,28.71,26.74,27.22,24.686249999999994,28.128596401802362,21.243903598197626,75.32604470398651,72.52557056893325,0,0,,,,8.358555555555553,8.442141111111109,8.274969999999996,,6.515359029544121,10.263810825864628,14.869284493490586,0,62.939237143599165,61.89313636991249,,,,,-0.01836992346239663,2.0034379645019804,2.021807887964377,0.753539808889083,62.939237143599165,,,,,,,,,95.17323460149142,61.73320270217385,-30.866601351086924,0
2024-12-30,26.22,26.81,24.9,26.32,24.638249999999992,27.959221657512593,21.31727834248739,71.25775191869133,74.4787366718838,0,0,,,,8.456555555555553,8.541121111111108,8.371989999999998,,2.233443387065459,6.8257688756304,9.68875676351486,0,59.380719097357705,61.70314815306183,,,,,-0.0803284937606823,1.9213972707635243,2.0017257645242066,0.7399279842694609,59.380719097357705,,,,,,,,,92.54862391836645,62.01415785568442,-31.00707892784221,0
2024-12-31,26.54,26.88,25.18,25.47,24.703999999999994,28.036148856219025,21.37185114378096,61.36226355315779,69.31535339194522,0,0,,,,8.550644444444442,8.636150888888887,8.465137999999998,,-0.902653490000771,3.100712435233177,5.200839844422256,0,56.15169231492125,61.41114118161864,,,,,-0.18744633885157524,1.7674178409597374,1.9548641798113127,0.6421543342028928,56.15169231492125,,,,,,,,,83.9149004957735,62.23768400880216,-31.11884200440108,0
2025-01-02,25.43,25.66,23.7,24.96,24.801499999999994,28.042544738969482,21.560455261030505,54.771264534618965,62.46376000215605,0,0,,,,8.642288888888887,8.728711777777775,8.555865999999998,,-2.3512382144673327,0.6390742495413937,2.2957807088846094,0,54.245673285292476,60.87356227904308,,,,,-0.29512861423768255,1.5859534120142094,1.881082026251892,0.49875330143064134,54.245673285292476,54.245673285292476,,54.245673285292476,,,,,,77.43155468425317,62.421835189260165,-31.210917594630082,0
2025-01-03,25.025,28.77,25.025,28.74,25.08299999999999,28.64916376516866,21.516836234831324,66.73355725781241,60.9556951151964,0,0,,,,8.749044444444444,8.836534888888888,8.661553999999999,,9.93382549822135,14.579595742136142,16.47652434699789,0,63.99957398312595,61.297706926769614,,,,,-0.12306934519773138,1.7272453447547278,1.8503146899524592,0.5050628052600318,63.99957398312595,,,,,,,,,81.4625016262217,62.62742049981664,-31.31371024990832,0
2025-01-06,28.99,30.26,28.58,28.8,25.32699999999999,29.196377727749223,21.45762227225076,71.49713615170536,64.33398598137893,0,0,,,,8.85731111111111,8.945884222222222,8.768737999999999,,7.861128796674288,13.712638685987333,15.37614090845356,0,64.1302868075428,61.330148977665374,,,,,-0.021814336272999224,1.82304676961121,1.8448611058842093,0.5636696934367981,64.1302868075428,,,,,,,,,87.23995159119147,62.86591527595543,-31.432957637977715,0
2025-01-07,29.13,29.96,27.42,27.95,25.49049999999999,29.510134187336234,21.470865812663746,69.85896451445377,69.36321930799053,0,0,,,,8.960199999999999,9.049801999999998,8.870598,,3.484023843903894,9.64869265020305,11.148668800827144,0,60.76430729041254,60.85254862063534,,,,,-0.02827037555495293,1.809523136440518,1.837793511995471,0.6469404959763184,60.76430729041254,,,,,,,,,92.0311167762434,63.13262936671534,-31.56631468335767,0
2025-01-08,27.3,28.32,25.89,27.36,25.696499999999993,29.65551136649057,21.737488633509418,64.47650469391753,68.61086845335892,0,0,,,,9.060066666666666,9.150667333333333,8.969465999999999,,0.640035312293108,6.473644270620538,8.214292777144205,0,58.47026653348202,60.131298287296126,,,,,-0.08524215039884053,1.7312408239969201,1.8164829743957607,0.7173967507181604,58.47026653348202,,,,,,,,,87.06508805895943,63.365863919041935,-31.682931959520968,0
2025-01-10,26.85,27.99,26.01,26.91,25.899499999999996,29.665524296257413,22.13347570374258,58.30025683921765,64.21190868252967,0,0,,,,9.157933333333332,9.249512666666666,9.066353999999999,,-1.127971488407964,3.901619722388472,6.036028344574396,0,56.71165434028384,60.32960160616114,,,,,-0.1617608980238625,1.6142818518659325,1.776042749889795,0.5918053224345093,56.71165434028384,,,,,,,,,81.26928261118367,63.56318127655673,-31.781590638278367,0
2025-01-13,25.55,25.67,23.61,23.91,25.92749999999999,29.624990365099272,22.23000963490071,46.147378545363225,56.30804669283282,0,0,,,,9.242733333333332,9.335160666666665,9.150305999999999,,-10.663577940517088,-7.781313277408131,-5.595440995505485,0,46.640263954838815,59.74405442892583,,,,,-0.40888642723615054,1.264934715844607,1.6738211430807575,0.1197871946416657,46.640263954838815,46.640263954838815,,46.640263954838815,,,,,,70.98856222132164,63.704666273707986,-31.852333136853993,0
2025-01-14,24.45,24.86,23.42,24.16,26.006499999999996,29.47494792378397,22.538052076216022,42.942157293846726,49.12993089280922,0,0,,,,9.329488888888887,9.422783777777777,9.236193999999998,,-8.685463753874057,-7.100148039913079,-4.418406841574307,0,47.47734445902031,58.88287130603703,,,,,-0.5416509110635468,0.9967575042513239,1.5384084153148707,-0.22219876224880222,47.47734445902031,,,,,,,,,62.78117620923937,63.80717651740522,-31.90358825870261,0
2025-01-15,25.04,26.5,24.78,24.87,26.028999999999996,29.461642713712155,22.596357286287837,37.861237431437516,42.316924423549175,0,0,,,,9.420288888888887,9.514491777777776,9.326085999999998,,-5.483981302017993,-4.452725805831936,-1.2958148949258952,0,49.881986452978,58.058790958455134,,,,,-0.565185716213024,0.8319262700485908,1.3971119862616148,-0.4247523110348833,49.881986452978,,,,,,,,,57.168543155810234,63.8857777594203,-31.94288887971015,0
2025-01-16,25.03,25.7769,24.2,24.64,25.965999999999998,29.451641404390422,22.480358595609573,34.49142428280396,38.43160633602941,0,0,,,,9.510333333333332,9.605436666666666,9.415229999999998,,-6.061761341974825,-5.106677963490702,-2.271345091091792,0,49.09779889983832,56.99750178529843,,,,,-0.5777241729383871,0.674956770088631,1.252680943027018,-0.5336016442601104,49.09779889983832,,,,,,,,,57.72477312295131,63.96606012237294,-31.98303006118647,0
2025-01-17,25.13,25.6532,23.94,24,25.84749999999999,29.429945393861903,22.265054606138076,31.940493418090746,34.76438504411075,0,0,,,,9.59668888888889,9.692655777777778,9.500722000000001,,-8.16560802020354,-7.147693200502914,-4.934180123321519,0,46.88886487348067,55.48426210258383,,,,,-0.6075615367993563,0.4932290220278226,1.100790558827179,-0.5364168494486948,46.88886487348067,,,,,,,,,56.42063667213058,64.0407134277525,-32.02035671387625,0
2025-01-21,26,31.64,25.52,31.27,26.264999999999993,30.30273946658291,22.227260533417077,59.073344638816494,41.83508744657041,0,0,,,,9.714733333333333,9.811880666666667,9.617586,,18.505324591655015,19.05577765086619,22.542552218724254,0,65.74307154402749,55.6845359883287,,,,,-0.14049492016274945,0.9251719086237422,1.0656668287864917,-0.07282405283510039,65.74307154402749,,,,,65.74307154402749,65.74307154402749,65.74307154402749,,67.52991527918634,64.16188575306371,-32.08094287653186,0
2025-01-22,29.65,30.1799,28.44,29.62,26.58499999999999,30.621154110041218,22.548845889958763,60.88755282952958,50.63379696214562,0,0,,,,9.825977777777776,9.924237555555555,9.727717999999998,,11.904492047300641,11.416212149708539,15.218546996356451,0,60.49414784315708,55.76406661302865,,,,,0.04460373607352208,1.1214214988783944,1.0768177628048723,0.09111939692573588,60.49414784315708,,,,,,,,,75.3640623324401,64.32025007009975,-32.16012503504987,0
2025-01-23,29,31.75,28.51,31.57,26.919999999999995,31.41704792058096,22.42295207941903,70.92083869950672,63.62724538928427,0,0,,,,9.94591111111111,10.045370222222221,9.846452,,17.662405426558834,17.27340267459141,21.716444764303677,0,64.13822376102763,56.3345331448934,,,,,0.2729090887437533,1.4179541237345639,1.1450450349908106,0.24163301573120943,64.13822376102763,,,,,,,,,88.10294016691903,64.54780095975329,-32.273900479876644,0
2025-01-24,32.03,33.34,30.2,30.36,27.158499999999993,31.84985918471415,22.467140815285838,70.83588190457942,67.54809114453859,0,0,,,,10.060666666666664,10.161273333333332,9.960059999999997,,11.9015148722863,11.788206270596714,15.99001579135042,0,60.41429684220758,56.77514911324448,,,,,0.3140415851614031,1.5375970164425645,1.2235554312811614,0.2746998834000211,60.41429684220758,,,,,,,,,84.25570508380964,64.75122817478692,-32.37561408739346,0
2025-01-27,28.94,30.23,28.48,29.43,27.299999999999994,32.0852189082634,22.51478109173659,66.35919069752838,69.37197043387151,0,0,,,,10.171777777777777,10.273495555555554,10.07006,,7.475440967023328,7.802197802197819,11.502614230506914,0,57.64403478226212,56.32118202746849,,,,,0.2528547095625824,1.5396238182343893,1.286769108671807,0.4214198092373841,57.64403478226212,,,,,,,,,82.21923266864404,64.94173701115288,-32.47086850557644,0
2025-01-28,29.7,30.49,27.8501,28.98,27.32699999999999,32.14363409446909,22.51036590553089,64.08764706088434,67.09423988766406,0,0,,,,10.281733333333333,10.384550666666668,10.178916,,3.9082108282538774,6.048962564496696,9.022509248228738,0,56.298810806609104,55.76179088454465,,,,,0.16079972256701902,1.4877687618805808,1.3269690393135618,0.5489405642210344,56.298810806609104,,,,,,,,,75.66274430358492,65.09637919454866,-32.54818959727433,0
2025-01-29,29.24,30.45,28.26,28.87,27.409499999999998,32.27227893801482,22.546721061985174,61.65744312427017,64.03476029422764,0,0,,,,10.390933333333333,10.494842666666667,10.287023999999999,,1.794718098797654,5.328444517411857,7.758727946848487,0,55.955059431930856,55.41827318036739,,,,,0.07555438649846913,1.4214120224366482,1.345857635938179,0.6246802916575757,55.955059431930856,,,,,,,,,71.63734591034618,65.23028616521115,-32.61514308260558,0
2025-01-30,29.185,30.81,27.77,28.53,27.519999999999992,32.379164537243184,22.6608354627568,56.51676977215931,60.75395331910462,0,0,,,,10.498044444444444,10.60302488888889,10.393063999999999,,-0.6857660041076241,3.670058139534915,5.94788636504302,0,54.84046400171723,55.15900157095562,,,,,-0.01580435732390839,1.3261021892832936,1.341906546607202,0.6528766414365824,54.84046400171723,,,,,,,,,68.83883831466822,65.35030771382421,-32.675153856912104,0
2025-01-31,28.75,30.53,28.2588,29.05,27.698999999999995,32.50638972832468,22.891610271675308,54.724138958463556,57.63278395163102,0,0,,,,10.607511111111112,10.713586222222224,10.501436,,-0.40455293472297926,4.877432398281556,7.459926017262619,0,56.27501718723831,55.12781320288093,,,,,-0.05128647816523535,1.2777984489006577,1.329084927065893,0.6723677901149452,56.27501718723831,,,,,,,,,67.87405907746484,65.46518511584229,-32.732592557921144,0
2025-02-03,27.19,29.18,26.45,28.38,27.869999999999994,32.51611235335544,23.22388764664455,50.36191842408605,53.86760905156965,0,0,,,,10.713733333333334,10.820870666666668,10.606596,,-4.141052489360275,1.829924650161474,4.721959139493959,0,53.89923864143668,55.646311394780774,,,,,-0.12571231051128162,1.171944538926791,1.2976568494380727,0.5520850129496592,53.89923864143668,53.89923864143668,,53.89923864143668,,,,,,65.72172014672488,65.56988855087342,-32.78494427543671,0
2025-02-04,29.02,30.16,28.41,28.68,27.866999999999997,32.510938414751124,23.22306158524887,49.67811284258068,51.58805674171011,0,0,,,,10.82191111111111,10.930130222222221,10.713691999999998,,-2.2728047159846,2.917429217353873,5.084455952221023,0,54.819004430157705,56.170715678433446,,,,,-0.15845612396120923,1.099586694486561,1.2580428184477703,0.40912258532628126,54.819004430157705,,,,,,,,,64.79683025426357,65.66996595768757,-32.83498297884378,0
2025-02-05,28.96,29.1356,27.85,28.6,27.856999999999992,32.493714785276495,23.220285214723486,48.34166484428655,49.460565370317774,0,0,,,,10.929955555555557,11.039255111111112,10.820656000000001,,-2.2055052145666054,2.6671931650931846,4.107262027543523,0,54.50670406561474,56.50105265076464,,,,,-0.18724752936614153,1.0239834067400935,1.211230936106235,0.2301599551762787,54.50670406561474,,,,,,,,,62.79983702210368,65.76111693900388,-32.88055846950194,0
2025-02-06,28.58,28.92,27.25,27.68,27.843499999999995,32.48062529483529,23.2063747051647,43.70740455119771,47.242394079354995,0,0,,,,11.034444444444446,11.144788888888892,10.924100000000001,,-4.075408927086233,-0.587210659579418,0.4159814259456329,0,50.91446635988807,56.63081461219677,,,,,-0.26523241154359756,0.879690421676738,1.1449228332203356,-0.11124301842549195,50.91446635988807,,,,,,,,,60.500152578161895,65.84250897203178,-32.92125448601589,0
2025-02-07,27.98,29.691,27.22,27.41,27.845999999999993,32.48213373405066,23.209866265949323,41.35577839345697,44.46828259631376,0,0,,,,11.137955555555557,11.249335111111112,11.026576000000002,,-4.0299709393928795,-1.5657545069309498,-0.7818721494244452,0,49.875590121991706,56.84415212994757,,,,,-0.327876715740016,0.7350769385453155,1.0629536542853315,-0.8795654629907654,49.875590121991706,49.875590121991706,,49.875590121991706,,,,,,57.21538749114199,65.91092542083813,-32.95546271041906,0
2025-02-10,27.75,31.08,27.36,30.6,28.030499999999996,32.794873935786455,23.266126064213537,52.73333974330009,45.93217422931827,0,0,,,,11.256177777777777,11.368739555555555,11.143616,,6.7020015342771355,9.16680044951037,10.23319484137466,0,60.20664701397105,56.448693234943526,,,,,-0.1560655107465958,0.8678717658520867,1.0239372765986825,-0.5333900318380018,60.20664701397105,,,,,60.20664701397105,,60.20664701397105,,59.80174408195568,65.98861332149022,-32.99430666074511,0
2025-02-11,29.86,30.32,28.08,28.22,28.246,32.61921117715586,23.872788822844136,42.33901918810426,45.476045774953796,0,0,,,,11.363555555555557,11.477191111111113,11.249920000000001,,-1.3355709390951875,-0.09204843163633791,1.6863649466705155,0,51.65281980320288,55.81716980351823,,,,,-0.20141744461789612,0.7721654708263124,0.9735829154442085,-0.5615870955926403,51.65281980320288,,,,,,,,,59.46916309738188,66.0645314084109,-33.03226570420545,0
2025-02-12,28.01,28.58,27.4,27.62,28.418999999999993,32.38694102778782,24.451058972212167,37.319552733075,44.13063722149314,0,0,,,,11.468399999999999,11.583084,11.353715999999999,,-3.0094462197563066,-2.8114993490270357,-0.523434498655384,0,49.734450007138186,54.78832882109755,,,,,-0.2664510907721369,0.6405190519790374,0.9069701427511743,-0.4908194381502935,49.734450007138186,49.734450007138186,,49.734450007138186,,,,,,58.57535206154849,66.13659700112508,-33.06829850056254,0
2025-02-13,28.08,28.381,27.01,28.3,28.5905,32.21136439956004,24.969635600439958,38.43180873549955,39.36346021889295,0,0,,,,11.575999999999999,11.691759999999999,11.460239999999999,,-0.5412244324172311,-1.0160717720921197,1.6839533379644278,0,51.91415582407525,54.18117589123096,,,,,-0.25811777607278863,0.5843229226601885,0.8424406987329771,-0.35430553772023987,51.91415582407525,,,,,,,,,53.142130077111666,66.18892656539249,-33.094463282696246,0
2025-02-14,28.24,28.65,27.04,28.02,28.759499999999996,31.9123112851869,25.606688714813092,40.13670634367169,38.62935593741543,0,0,,,,11.682533333333334,11.799358666666667,11.565708,,-1.1675073189658436,-2.571324258071228,0.3713477175846913,0,50.93472180423431,53.70193924994326,,,,,-0.2649129724327608,0.5112994831920261,0.7762124556247869,-0.3068674805911385,50.93472180423431,,,,,,,,,51.883950818525925,66.23673607075052,-33.11836803537526,0
2025-02-18,28.27,29.7884,27.3898,27.74,28.946499999999997,31.286938206832538,26.606061793167456,39.352692698356,39.30706925917577,0,0,,,,11.787688888888889,11.905565777777777,11.669812,,-1.9337504860890475,-4.168034131933041,-0.9604055839194658,0,49.92045409556201,53.246342342011324,,,,,-0.280230420764471,0.4259244296691982,0.7061548504336692,-0.33204334916906747,49.92045409556201,,,,,,,,,50.94847662997416,66.28119872235028,-33.14059936117514,0
2025-02-19,28,28.295,25.73,25.93,28.679499999999997,31.115196820214095,26.2438031797859,26.098227452328196,35.195875498118646,0,0,,,,11.884888888888888,12.003737777777777,11.766039999999998,,-7.432528916178804,-9.586987220837173,-7.111981467771599,0,43.8427239101088,52.38117551902404,,,,,-0.39708880940349567,0.20979383867929968,0.6068826480827954,-0.48626824110161065,43.8427239101088,,,,,,,,,44.903944454247046,66.30718463358066,-33.15359231679033,0
2025-02-20,25.98,26.1499,23.87,25.26,28.461499999999994,31.272942867995333,25.650057132004655,21.879484952497883,29.110135034394045,0,0,,,,11.978755555555555,12.09854311111111,11.858967999999999,,-8.736180359852597,-11.248528714227968,-9.127973906369903,0,41.813364746018586,51.45066842933128,,,,,-0.49780799994886726,-0.015377351853288701,0.48243064809557856,-0.626164269584621,41.813364746018586,,,,,,,,,37.76061235018625,66.31456600683651,-33.15728300341826,0
2025-02-21,25.895,25.93,23.36,23.55,28.060499999999998,31.246880234686635,24.87411976531336,16.23879455858049,21.405502321135543,0,0,,,,12.065155555555554,12.18580711111111,11.944503999999998,,-13.62552723271595,-16.074196824718012,-14.8302632847912,0,37.094120472250005,50.08060437826068,,,,,-0.6483673526406866,-0.3280285427052796,0.3203388099354069,-0.6950499303614358,37.094120472250005,,,,,,,,,28.366403117477148,66.30267185757498,-33.15133592878749,0
2025-02-24,23.74,23.9,21.72,22.49,27.666999999999994,31.498736420997922,23.835263579002067,13.667127848525823,17.261802453201415,0,0,,,,12.146977777777776,12.268447555555554,12.025507999999999,,-15.997460127740649,-18.711822749123495,-18.183471775904934,0,34.49510285625874,48.6945946793194,,,,,-0.7793137415164861,-0.6538033669602008,0.12551037455628536,-0.7790627465749795,34.49510285625874,,,,,,,,,21.113987482752986,66.27985575332663,-33.139927876663315,0
2025-02-25,21.7,22.16,19.78,20.28,27.2095,32.12243181308279,22.296568186917206,9.935243831790117,13.280388746298831,0,0,,,,12.219911111111111,12.342110222222223,12.097712,,-21.2151820053611,-25.467208144214325,-25.625290335199622,0,29.806100991555525,46.90795871941925,,,,,-0.96271677828957,-1.0778855983056772,-0.11516882001610715,-0.8244010313503425,29.806100991555525,29.806100991555525,,29.806100991555525,,,,,,11.757206909229696,66.24800877541098,-33.12400438770549,0
2025-02-26,21.015,21.46,20.5,21.25,26.82299999999999,32.30164618313707,21.344353816862906,13.582652271604076,12.395007983973358,1,0,,,,12.29711111111111,12.420082222222222,12.17414,,-15.149337166586818,-20.7769451590053,-21.813677394034535,0,34.04391575132966,45.44633098268461,,,,,-0.9642499382482541,-1.3204812428264248,-0.35623130457817065,-0.8679207697592426,34.04391575132966,,,,,,,,,7.158113045590565,66.21382680137353,-33.106913400686764,0
2025-02-27,21.975,22.16,19.755,19.83,26.37099999999999,32.54681703096862,20.195182969031364,10.188218571457295,11.235371558283846,0,0,,,,12.36791111111111,12.491590222222221,12.244232,,-18.27735421388834,-24.803761707936733,-26.648829266488296,0,31.085235343121894,44.02995733862988,,,,,-1.0020367079134753,-1.6087771894700147,-0.6067404815565395,-0.923291142834243,31.085235343121894,,,,,,,,,2.1980037132882164,66.17865507106409,-33.08932753553204,0
2025-02-28,16.36,20.49,16.17,20.49,25.968999999999994,32.56288170958516,19.375118290414825,13.846435635842635,12.539102159634686,1,0,,,,12.442088888888888,12.566509777777776,12.317668,,-12.749105774144098,-21.09823250799029,-23.795946197235484,0,33.958120387884634,42.892995214765094,,,,,-0.9255411077988323,-1.7636668663050799,-0.8381257585062476,-0.9645421722607036,33.958120387884634,,,,,,,,,2.103243266333108,66.14353478665146,-33.07176739332573,0
2025-03-03,21.24,21.45,18.4,18.66,25.449499999999993,32.60390696354364,18.295093036456343,12.246802055902048,12.093818754400678,0,0,,,,12.508266666666666,12.633349333333333,12.383183999999998,,-17.243214475784985,-26.678323739169706,-30.083555022668516,0,30.19896816008621,40.74958958234475,,,,,-0.9382220455881767,-2.0109033154914684,-1.0726812699032917,-0.9642800977965666,30.19896816008621,,,,,,,,,-2.563349538493854,66.1089590735727,-33.05447953678635,0
2025-03-04,17.97,19.95,17.51,18.995,24.980249999999995,32.524738369001646,17.435761630998343,13.869590508474776,13.320942733406504,0,0,,,,12.575622222222222,12.701378444444444,12.449866,,-12.358410039910483,-23.959928343391258,-28.38066271609283,0,31.689738077740472,39.323655173383145,,,,,-0.8658287139959897,-2.154967162398279,-1.2891384484022892,-0.9676340829859262,31.689738077740472,,,,,,,,,-4.245982957003,66.07495537225249,-33.037477686126245,0
2025-03-05,19.115,20.84,18.77,20.4,24.566249999999993,32.16176372521974,16.970736274780243,23.912888364821455,16.676426976399444,0,0,,,,12.649666666666665,12.776163333333331,12.523169999999999,,-3.4113775715537087,-16.95924286368492,-22.01785179569187,0,37.69949044475942,38.464015204641804,,,,,-0.673649157521079,-2.131199895303638,-1.457550737782559,-0.9429969458868678,37.69949044475942,,,,,37.69949044475942,,37.69949044475942,,-4.625025324141007,66.04114548944848,-33.02057274472424,0
2025-03-06,19.58,20.27,18.3701,18.66,24.06924999999999,31.842686997236274,16.295813002763705,21.111901662626366,19.631460178640882,0,0,,,,12.715444444444444,12.842598888888888,12.588289999999999,,-8.799882700813766,-22.47369569055949,-27.65899707301943,0,33.740538389455665,37.16589967359755,,,,,-0.615635455857906,-2.2270950576049415,-1.6114596017470355,-0.929246365080099,33.740538389455665,,,,,,,,,-4.789583315396964,66.00745155024536,-33.00372577512268,0
2025-03-07,18.29,19.1,17.67,18.8,23.625249999999987,31.536209154868793,15.71429084513118,22.631452907664958,22.55208097837094,0,0,,,,12.78242222222222,12.910246444444441,12.654597999999998,,-5.931800555402655,-20.424122496058196,-25.89332054423734,0,34.33801681569062,35.98042074584443,,,,,-0.5233751211591202,-2.265678503195936,-1.7423033820368157,-0.9057413438615244,34.33801681569062,,,,,,,,,-5.292578953741349,65.97401562731855,-32.987007813659275,0
2025-03-10,18.2,18.23,16.47,17.12,23.11074999999999,31.303626341676473,14.917873658323504,19.609132334483846,21.117495634925074,0,0,,,,12.842822222222221,12.971250444444443,12.714393999999999,,-11.972645705324314,-25.92191945306833,-31.32083040818373,0,30.754208229413067,34.61140318397664,,,,,-0.529441369918155,-2.4041050944345095,-1.8746637245163544,-0.9096539504863145,30.754208229413067,,,,,,,,,-10.781052830967221,65.94393172134569,-32.971965860672846,0
2025-03-11,16.31,18.14,16.05,17.83,22.472249999999985,30.20865644937961,14.735843550620359,19.1516755591783,20.464086933775718,0,0,,,,12.906244444444443,13.035306888888888,12.777181999999998,,-7.152342020985758,-20.657700052286664,-27.345580495093213,0,33.894299411226044,33.90080143405645,,,,,-0.44308789300089435,-2.4285235907674725,-1.9854356977665781,-0.895149007752214,33.894299411226044,,,,,,,,,-12.26968368853302,65.91511296048613,-32.95755648024306,0
2025-03-12,18.92,19.38,17.58,18.43,21.98274999999999,29.436217297171297,14.52928270282868,22.38333370407846,20.38138053258022,1,0,,,,12.972288888888889,13.102011777777777,12.842566,,-2.5975741880929215,-16.161535749621827,-23.808867606021977,0,36.51430569219971,33.522297215926535,,,,,-0.30934437053403885,-2.3721161609341266,-2.0627717904000877,-0.8691456770064308,36.51430569219971,,,,,,,,,-13.000917457448784,65.88698250287894,-32.94349125143947,0
2025-03-13,18.345,18.52,17.2907,17.57,21.480249999999987,28.697098671685048,14.263401328314927,22.73645470977823,21.423821324345013,0,0,,,,13.0346,13.164945999999999,12.904254,,-6.0201652804150685,-18.20393151848786,-26.21522309711286,0,34.409218387665305,33.33051849559906,,,,,-0.24537747284225908,-2.3694936314529116,-2.1241161586106525,-0.8591018583675862,34.409218387665305,,,,,,,,,-12.40816959684979,65.8583546279955,-32.92917731399775,0
2025-03-14,18.095,18.965,17.8,18.81,21.005749999999985,27.586521440340622,14.424978559659348,30.64492601255666,25.25490480880447,0,0,,,,13.10242222222222,13.233446444444443,12.971397999999997,,1.5247604911617696,-10.45309022529539,-19.918257870872978,0,39.79840224136588,33.70932559453528,,,,,-0.09392210332646433,-2.241518787768733,-2.1475966844422687,-0.7656495526775018,39.79840224136588,,,,,,,,,-11.003194304651975,65.82859525551925,-32.91429762775962,0
2025-03-17,19.09,19.95,18.85,19.1,20.559749999999983,26.338791853975692,14.780708146024274,36.18538653562888,29.85558908598794,0,0,,,,13.171355555555555,13.30306911111111,13.039642,,2.8457582855450525,-7.100037695010797,-17.51894689112644,0,41.01894700441599,34.510243166882454,,,,,0.04401709150230193,-2.092575320064391,-2.136592411566693,-0.654021832565433,41.01894700441599,,,,,,,,,-10.149059443716965,65.7982281581569,-32.89911407907845,0
2025-03-18,18.595,18.595,17.96,17.98,20.071749999999984,24.915774437387025,15.227725562612942,33.789850322339184,33.54005429017492,0,0,,,,13.234911111111112,13.367260222222223,13.102562,,-2.6529507309150047,-10.421363358949698,-21.17549922914489,0,37.82905557900907,34.78061029743098,,,,,0.07617037952423766,-2.041379437161396,-2.1175498166856337,-0.5763559553186982,37.82905557900907,,,,,,,,,-9.759568467842568,65.76762302300806,-32.88381151150403,0
2025-03-19,18.3,19.07,17.78,18.78,19.714249999999986,23.766811258019757,15.661688741980214,37.804892433946684,35.926709763971594,0,0,,,,13.301977777777777,13.434997555555555,13.168958,,2.5781079309591615,-4.738957860430826,-16.45969410072582,0,41.33821665187609,35.51296610519914,,,,,0.16268988891162817,-1.9141874555460987,-2.076877344457727,-0.4473243391354643,41.33821665187609,,,,,,,,,-10.089388151522883,65.73729485907351,-32.86864742953676,0
2025-03-20,18.4,18.87,18.16,18.53,19.377749999999985,22.555759557884073,16.199740442115896,39.08109797717725,36.891946911154385,0,0,,,,13.36811111111111,13.501792222222221,13.23443,,1.284503962831396,-4.374862922681865,-16.322337374968942,0,40.567614854086166,35.98507285278497,,,,,0.2113702467791989,-1.8126645359837283,-2.0240347827629273,-0.2433506626611337,40.567614854086166,,,,,,,,,-11.249395776696488,65.7078884795088,-32.8539442397544,0
2025-03-21,18.105,18.98,17.98,18.94,19.147249999999982,21.685756401410643,16.60874359858932,44.36544352564542,40.4171446455898,0,0,,,,13.435533333333332,13.569888666666666,13.301177999999998,,3.4463924845704375,-1.0824008669651275,-13.330638580220988,0,42.461971682976845,36.86100167584859,,,,,0.2754197553118747,-1.679760088623084,-1.9551798439349586,-0.162365093421361,42.461971682976845,,,,,,,,,-9.932814581471947,65.67752847341112,-32.83876423670556,0
2025-03-24,19.445,20.45,19.41,20.21,19.033249999999985,21.12684087455081,16.93965912544916,56.751628384784055,46.732723295868915,0,0,,,,13.508466666666667,13.643551333333335,13.373382,,8.550864754538612,6.182601500006668,-6.492184547999258,0,47.99183856469264,38.0254374249166,,,,,0.4000002222065817,-1.4551795661767315,-1.8551797883833132,0.14091585673167795,47.99183856469264,,,,,,,,,-7.86926616339055,65.64587944217381,-32.822939721086904,0
2025-03-25,20.295,20.39,19.61,20.27,19.032749999999982,21.125154059927826,16.940345940072138,61.31751153483289,54.1448611484208,0,0,,,,13.581844444444444,13.717662888888889,13.446026,,7.464743929593887,6.5006370598049035,-4.6962300079145365,0,48.244911075062376,38.77868175565253,,,,,0.4778585525514836,-1.2578565976939586,-1.7357151502454422,0.636152335753503,48.244911075062376,,,,,48.244911075062376,,48.244911075062376,,-5.433136419275449,65.61305580800295,-32.80652790400148,0
2025-03-26,20.04,20.345,19.392,19.44,18.94224999999998,20.784890700191646,17.099609299808314,65.79927259984073,61.28947083981924,0,0,,,,13.651133333333334,13.787644666666667,13.514622000000001,,2.5154247745609926,2.627723739260235,-7.3233908324526915,0,44.9839712109045,39.58178410004172,,,,,0.46446403343386633,-1.1551351084531092,-1.6195991418869755,0.7254684281589324,44.9839712109045,,,,,,,,,-4.979047326721574,65.58009582549758,-32.79004791274879,0
2025-03-27,19.05,19.29,18.31,18.42,18.87174999999998,20.680720079908063,17.0627799200919,59.09653466345141,62.07110626604169,0,0,,,,13.715444444444445,13.85259888888889,13.57829,,-3.296934061318757,-2.3937896591465058,-10.883185369747672,0,41.29039487845325,40.0783825330962,,,,,0.3813921953511876,-1.142858897697991,-1.5242510930491786,0.7016458981370989,41.29039487845325,,,,,,,,,-8.137103527905735,65.54874371776452,-32.77437185888226,0
2025-03-28,19.56,19.79,18.43,18.62,18.77824999999998,20.42941103091215,17.127088969087808,58.9587544684686,61.284853910586925,0,0,,,,13.780422222222223,13.918226444444445,13.642618,,-2.1493509905933017,-0.8427302863684205,-8.486988147213726,0,42.29096517098044,40.90243660035101,,,,,0.33599100653382696,-1.104262334881895,-1.440253341415722,0.5262126295417813,42.29096517098044,,,,,,,,,-11.059869426924623,65.51943902422332,-32.75971951211166,0
2025-03-31,17.89,18.395,17.3506,17.88,18.739249999999977,20.435959388788497,17.042540611211457,49.64105006806038,55.89877973332681,0,0,,,,13.841844444444444,13.98026288888889,13.703425999999999,,-5.431850637330093,-4.5852955694597135,-10.639467568490579,0,39.601670690846106,41.310105977466726,,,,,0.2558266607574404,-1.1204700154689213,-1.3762966762263618,0.22642671028723466,39.601670690846106,39.601670690846106,39.601670690846106,39.601670690846106,,,,,,-13.818808959441782,65.49255607377039,-32.746278036885194,0
2025-04-01,17.69,18.8,17.11,18.15,18.69699999999998,20.408152827774884,16.98584717222508,40.813180192147485,49.804328242892176,0,0,,,,13.904866666666667,14.043915333333334,13.765818,,-4.09004438807864,-2.9256030379204323,-7.817327633639493,0,41.07403140644821,41.63580067134162,,,,,0.22194854889186333,-1.0988609901115325,-1.3208095390033958,0.0672063603180204,41.07403140644821,,,,,,,,,-14.7076874080592,65.46657238781049,-32.73328619390524,0
2025-04-02,17.59,19.75,17.5,19.34,18.643999999999984,20.19946006056153,17.088539939438437,50.56306861682183,47.005766292343246,0,0,,,,13.9726,14.112326,13.832874,,1.8967334035827177,3.733104484016403,-0.6651429158427313,0,47.18505560227526,42.54836047238519,,,,,0.2770640834068874,-0.9744794347447865,-1.2515435181516739,-0.057112309533248175,47.18505560227526,,,,,,,,,-14.014384426165906,65.43993454138132,-32.71996727069066,0
2025-04-03,17.77,18.31,17.42,17.89,18.605499999999985,20.19521035097646,17.01578964902351,42.973530263814474,44.78325969092794,0,0,,,,14.033177777777778,14.173509555555556,13.892846,,-5.423979699725113,-3.8456370428098463,-6.93843579584369,0,41.53300144323911,42.67226041537614,,,,,0.2159597464174392,-0.9815938351298747,-1.197553581547314,-0.22062866579167198,41.53300144323911,,,,,,,,,-14.386860659811703,65.4136875265506,-32.7068437632753,0
2025-04-04,17.125,17.38,15,16.37,18.48399999999998,20.34412257660686,16.6238774233931,31.246443680272208,41.594347520302854,0,0,,,,14.087666666666669,14.228543333333336,13.946790000000002,,-12.267538453293325,-11.436918415927188,-13.771761173588981,0,36.585648738859625,42.35559625355069,,,,,0.08025478342368575,-1.0972351022677067,-1.1774898856913925,-0.42198303025800116,36.585648738859625,36.585648738859625,,36.585648738859625,,,,,,-17.33695887276698,65.39063714525754,-32.69531857262877,0
2025-04-07,14.715,18.24,14.71,17.52,18.503999999999984,20.312926753630894,16.695073246369073,33.29574930387545,35.83857441598739,0,0,,,,14.147044444444445,14.288514888888889,14.005574000000001,,-4.730831973898864,-5.3177691309986175,-6.901773932142429,0,42.19583904285454,42.667509358111076,,,,,0.07511571721454313,-1.0835952391732135,-1.1587109563877567,-0.6228255992645403,42.19583904285454,,,,,,,,,-20.250461463540997,65.37126694283299,-32.685633471416494,0
2025-04-08,18.537,19.39,16.73,17.18,18.47149999999998,20.349725492320314,16.59327450767965,31.02293501264375,31.855042665597153,0,0,,,,14.203133333333335,14.345164666666669,14.061102000000002,,-4.983131463967705,-6.991852313022672,-8.20442948358312,0,41.03982968627692,42.646196003425416,,,,,0.05682270096862041,-1.0876825801769812,-1.1445052811456016,-0.7169004798634403,41.03982968627692,,,,,,,,,-21.402643082211515,65.3534948805905,-32.67674744029525,0
2025-04-09,17.5,21.39,17.2,20.59,18.57949999999998,20.671948087767493,16.48705191223247,55.37056877155852,39.89641769602593,0,0,,,,14.275355555555556,14.418109111111113,14.132602,,13.156737744559234,10.821066228908304,10.145237649450367,0,54.50269592802905,43.64155893727848,,,,,0.2704307227000755,-0.8064668777705073,-1.0768976004705828,-0.43125193339094375,54.50269592802905,,,,,54.50269592802905,,54.50269592802905,,-15.002598613601661,65.327944241885,-32.6639721209425,0
2025-04-10,19.81,20.74,18.93,19.63,18.682499999999983,20.76883530382859,16.596164696171375,57.532275407910205,47.975259730704174,0,0,,,,14.343755555555557,14.487193111111113,14.200318000000001,,7.168204400283873,5.07159106115358,5.047225765021723,0,50.973887400441306,44.249552917097375,,,,,0.33869257969364985,-0.6535318758535205,-0.9922244555471703,-0.29448086536764506,50.973887400441306,,,,,,,,,-11.905927377037356,65.299588312987,-32.6497941564935,0
2025-04-11,19.56,19.97,18.87,19.63,18.723499999999984,20.850086701736323,16.596913298263644,60.020845141161985,57.64122977354358,0,0,,,,14.412111111111113,14.556232222222224,14.267990000000001,,6.580519057443812,4.841509333190985,5.208621783133394,0,50.97388740044132,44.462556405365135,,,,,0.3727688854770522,-0.526263348700855,-0.8990322341779072,-0.04029416966047786,50.97388740044132,,,,,,,,,-8.322385340234094,65.26874996211683,-32.634374981058414,0
2025-04-14,20.31,20.46,18.66,19.13,18.724999999999984,20.85268888703251,16.597311112967457,60.5064652340794,59.35319526105054,0,0,,,,14.47757777777778,14.622353555555557,14.332802000000003,,3.1656150568947883,2.1628838451269283,2.4428121346268705,0,49.055373993030514,44.52044661379143,,,,,0.3508735661862814,-0.4604402764450555,-0.8113138426313369,0.20508220984416403,49.055373993030514,,,,,,,,,-10.707411098797202,65.2395380515658,-32.6197690257829,0
2025-04-15,19.95,22.1,19.77,21.07,18.879499999999986,21.207670741161703,16.55132925883827,70.81329261723711,63.78020099749284,0,0,,,,14.551400000000001,14.696914000000001,14.405886,,11.86620653039554,11.602531846712116,12.415301712639405,0,55.978446179208476,45.30576625438457,,,,,0.44995949335045216,-0.24886447594327166,-0.6988239692937238,0.5009302597487211,55.978446179208476,,,,,55.978446179208476,,55.978446179208476,,-8.635486480730236,65.20897073386938,-32.60448536693469,0
2025-04-16,20.3,20.64,19.51,19.975,18.939249999999983,21.314990463519035,16.563509536480932,68.09931781832061,66.47302522321239,0,0,,,,14.62088888888889,14.76709777777778,14.474680000000001,,5.696219276662173,5.468801562891978,6.653733548094309,0,51.707254762582494,46.04982767467952,,,,,0.4249677155732715,-0.16761432482713445,-0.592582040400406,0.5745753671438982,51.707254762582494,,,,,,,,,-8.26050622215097,65.1782228465942,-32.5891114232971,0
2025-04-17,20.085,20.43,19.42,19.74,18.999749999999985,21.3922893936154,16.60721060638457,66.36782939246557,68.42681327600776,0,0,,,,14.689866666666667,14.836765333333334,14.542968,,3.4401446275578174,3.896103896103975,5.196777660339813,0,50.811217190084925,46.658417104615545,,,,,0.3774311499087511,-0.12079310301446711,-0.4982242529232182,0.631812853102806,50.811217190084925,,,,,,,,,-7.55004889107101,65.14712040452893,-32.57356020226447,0
2025-04-21,19.47,19.72,18.21,18.65,18.985249999999983,21.382572412609882,16.587927587390084,59.62751605508835,64.69822108862485,0,0,,,,14.754044444444446,14.901584888888891,14.606504000000001,,-3.4254200864769935,-1.765844537206429,-0.5854707309055796,0,46.763372136860085,47.16996720790225,,,,,0.26283154878293213,-0.16968481694455306,-0.4325163657274852,0.5249927247889884,46.763372136860085,46.763372136860085,,46.763372136860085,,,,,,-11.53957391557474,65.11870199213804,-32.55935099606902,0
2025-04-22,18.88,19.42,18.5497,19.04,18.92674999999998,21.257857622998564,16.595642377001397,58.34641607629885,61.44725384128426,0,0,,,,14.819155555555557,14.967347111111113,14.670964000000001,,-2.1758676497033114,0.5983594647787749,1.1483668753264897,0,48.34887439180823,47.6895988497137,,,,,0.20605673289986004,-0.17494544960266012,-0.38100218250252016,0.463335449699472,48.34887439180823,,,,,,,,,-13.259076035217362,65.09176305665575,-32.545881528327875,0
2025-04-23,20.45,21.4,20.09,20.29,18.927749999999982,21.26117768261671,16.594322317383252,64.36481955601863,60.779583895801956,0,0,,,,14.890755555555556,15.039663111111112,14.741848,,2.6068927153657384,7.197104780018848,7.321373473795534,0,53.163583711143,48.11663657177568,,,,,0.2429151477271403,-0.0773582478435948,-0.3202733955707351,0.5984446687151673,53.163583711143,,,,,,,,,-12.685667469319101,65.06435378297125,-32.532176891485626,0
2025-04-24,20.31,22.07,20.0201,21.88,19.04974999999998,21.70982983902776,16.389670160972205,70.39092130025189,64.36738564418981,0,0,,,,14.968755555555557,15.118443111111112,14.819068000000001,,9.930414248750207,14.857150356303993,15.031763417305587,0,58.46699632527029,49.3262076347779,,,,,0.3576732315153134,0.12681814382340661,-0.23085508769190674,0.6578518220095159,58.46699632527029,,,,,,,,,-8.008125956061479,65.03366435059654,-32.51683217529827,0
2025-04-25,21.99,22.56,21.75,22.38,19.247749999999982,22.257401931702727,16.238098068297237,77.91402004002674,70.88992029876577,0,0,,,,15.0488,15.199288,14.898312,,10.910127115494195,16.273330649037,16.676948743124754,0,60.000836920187496,50.998721076301315,,,,,0.44486504705414487,0.3252262211257744,-0.11963882592837051,0.6514342466272482,60.000836920187496,,,,,,,,,-3.168681748664248,65.00103816688251,-32.500519083441255,0
2025-04-28,23.2,23.77,21.722,22.67,19.450249999999983,22.790538123800356,16.10996187619961,80.54061486031048,76.28185206686305,0,0,,,,15.130311111111112,15.281614222222224,14.979008,,10.679848651287681,16.553771802419103,17.401324023166097,0,60.902711615721614,52.33492626007753,,,,,0.49579247382257086,0.500101766349843,0.004309292527272204,0.6595798351507131,60.902711615721614,,,,,60.902711615721614,,60.902711615721614,,0.19533337765327366,64.9679506471251,-32.48397532356255,0
2025-04-29,22.83,23,22.3001,22.4,19.676249999999982,23.16914117351256,16.183358826487403,80.08931704857558,79.5146506496376,0,0,,,,15.210844444444447,15.362952888888891,15.058736000000003,,7.64314375645736,13.842830823963004,15.345995073764795,0,59.55631332071669,53.657532233966094,,,,,0.4844524813286445,0.6098748941880778,0.12542241285943334,0.631372073019287,59.55631332071669,,,,,,,,,0.7231602830523097,64.93489788815862,-32.46744894407931,0
2025-04-30,21.2,22.1,20.73,21.79,19.85824999999998,23.393146427054397,16.323353572945564,73.79741315323362,78.14244835403991,0,0,,,,15.287955555555557,15.440835111111113,15.135076000000002,,4.350741086607757,9.72769503858608,11.475857129458312,0,56.51639357313106,53.80136778004481,,,,,0.41187676700881104,0.6402683716204471,0.2283916046116361,0.7300148043704706,56.51639357313106,,,,,,,,,-0.4013747374253293,64.9019499676802,-32.4509749838401,0
2025-05-01,22.365,22.38,21.7,22.12,19.997249999999983,23.656156223176808,16.33834377682316,71.62202194855708,75.16958405012211,0,0,,,,15.366844444444446,15.520512888888891,15.213176,,4.854000758437627,10.615209591318898,12.523209183630236,0,57.77214062551135,54.28695729612124,,,,,0.3637740809743871,0.68310920582962,0.31933512485523285,0.7516825560443351,57.77214062551135,,,,,,,,,-1.4507352486502345,64.86917416848524,-32.43458708424262,0
2025-05-02,22.38,23.4199,22.34,22.99,20.252249999999982,23.99800823432342,16.506491765676543,75.32201981290052,73.58048497156376,0,0,,,,15.449288888888889,15.603781777777778,15.294796,,7.324588021100764,13.518251058524445,16.07105291944699,0,60.97208179119663,55.00111403831805,,,,,0.3671646609828227,0.7782909510837612,0.41112629010093854,0.7866666982431548,60.97208179119663,,,,,60.97208179119663,,60.97208179119663,,-0.7627946561236283,64.83636035388066,-32.41818017694033,0
2025-05-05,22.56,22.925,22.2601,22.48,20.557749999999977,23.96884729412732,17.146652705872636,74.02833034458335,73.65745736868034,0,0,,,,15.528933333333335,15.684222666666669,15.373644,,3.100348559897248,9.35048825868603,12.82403031392989,0,58.18842837886052,55.65347506587733,,,,,0.31374726414934434,0.803310370287619,0.48956310613827464,0.7598337626704914,58.18842837886052,,,,,,,,,0.08103022589462101,64.80352933183116,-32.40176466591558,0
2025-05-06,21.915,22.44,21.502,22.37,20.80024999999998,23.99581329150311,17.60468670849685,71.93844887936045,73.76293301228147,0,0,,,,15.608044444444447,15.764124888888892,15.451964000000002,,1.0525364773907864,7.54678429345812,11.86771238779476,0,57.57784255384095,55.76771766406536,,,,,0.2523359282423505,0.8049830164412128,0.5526470881988623,0.819124060749426,57.57784255384095,,,,,,,,,0.23603759830366622,64.7707406824446,-32.3853703412223,0
2025-05-07,22.4,22.48,21.845,22.29,21.05574999999998,23.843783850225442,18.267716149774515,70.17673520685884,72.0478381436009,0,0,,,,15.686488888888888,15.843353777777777,15.529624,,-0.21041321574071237,5.861819218028441,11.093574780911265,0,57.10849689510074,56.15352067353094,,,,,0.1904728351898296,0.7907381321861493,0.6002652969963197,0.7872731764057033,57.10849689510074,,,,,,,,,-1.0200166684964347,64.73810519736566,-32.36905259868283,0
2025-05-08,23.025,23.2,22.25,23.1,21.181249999999977,24.097161306950678,18.265338693049276,73.87965803758576,71.99828070793502,0,0,,,,15.768933333333335,15.926622666666669,15.611244000000001,,2.854089674518012,9.05871938624976,14.43480271142783,0,60.6096194196274,56.8534065470697,,,,,0.18793314974984388,0.8351817341836245,0.6472485844337806,0.7704617680406082,60.6096194196274,,,,,,,,,-0.3242742069519198,64.70544964966085,-32.352724824830425,0
2025-05-09,22.9,22.9,20.2319,20.51,21.225249999999978,24.07193838301686,18.378561616983095,55.611517010096456,66.55597008484703,0,0,,,,15.840577777777778,15.998983555555556,15.682172,,-7.911278735632199,-3.3698071871943847,1.2547825729214201,0,47.311214112865756,56.892538116784394,,,,,0.005300966780093619,0.6538747929088977,0.6485738261288041,0.43833068137563763,47.311214112865756,47.311214112865756,,47.311214112865756,,,,,,-3.193815000498642,64.67332355787117,-32.336661778935586,0
2025-05-12,21.755,21.8,20.885,21.26,21.306749999999976,24.05781211307621,18.555687886923742,52.76743305581455,60.75286936783228,0,0,,,,15.915777777777778,16.074935555555555,15.75662,,-3.9356558673354414,-0.21941403545813198,4.503412172402799,0,50.68547781699857,57.05943836144083,,,,,-0.06749690867777125,0.56420269028159,0.6316995989593612,0.04550590013512666,50.68547781699857,,,,,,,,,-4.8555961791758815,64.64175732431832,-32.32087866215916,0
2025-05-13,21.68,22.37,21.44,21.83,21.441749999999978,24.011293295996918,18.872206704003037,52.29862709036085,53.55919238542398,0,0,,,,15.990977777777779,16.150887555555556,15.831068000000002,,-1.1053728368216276,1.810719740692912,6.615223071475684,0,53.14158168971934,57.057866788482,,,,,-0.07896992348611875,0.5329871946017128,0.6119571180878316,-0.33639262839095874,53.14158168971934,,,,,,,,,-6.891530645713728,64.61109793763262,-32.30554896881631,0
2025-05-14,21.99,24.52,21.86,24.13,21.59474999999998,24.410174435143375,18.779325564856585,69.83860607755119,58.301555407908886,0,0,,,,16.076888888888888,16.237657777777777,15.91612,,8.16747355208889,11.74012202039858,16.71194447355484,0,61.47861374948982,57.2729823187834,,,,,0.05918027752934285,0.6859324649995102,0.6267521874701674,-0.03255994764128548,61.47861374948982,,,,,,,,,-1.8797427695133822,64.57883084183239,-32.28941542091619,0
2025-05-15,23.59,25.23,22.77,25.22,21.856999999999978,24.980345001757392,18.733654998242564,73.04766190596301,65.06163169129171,0,0,,,,16.166711111111113,16.328378222222224,16.005044,,11.50411176938717,15.386375074346992,20.838490716709956,0,64.6853422620649,57.60758984320322,,,,,0.20651509267736956,0.8848960533168793,0.6783809606395097,0.2857175296631781,64.6853422620649,,,,,,,,,3.5200539614392206,64.54658396483168,-32.27329198241584,0
2025-05-16,25.3,25.7499,24.9304,25.57,22.148499999999977,25.50652486590012,18.790475134099836,78.01855840273052,73.63494212874826,0,0,,,,16.25888888888889,16.421477777777778,16.096300000000003,,11.776534359153668,15.447998735806156,21.03091644906563,0,65.6734773616958,57.94835882505851,,,,,0.30418735066385116,1.0586151489693236,0.7544277983054725,0.5065935569631248,65.6734773616958,,,,,,,,,8.49504314311132,64.51596356395358,-32.25798178197679,0
2025-05-19,24.3,25.82,24.29,25.8,22.50599999999998,25.820196131794706,19.191803868205252,82.29368837448372,77.78663622772577,0,0,,,,16.352488888888892,16.516013777777783,16.188964000000002,,11.168562564632856,14.636097040789231,20.329273127239688,0,66.34000753462453,58.43290841176621,,,,,0.35726051462463215,1.2010034415862627,0.8437429269616306,0.6382039653116832,66.34000753462453,,,,,,,,,10.203456332782478,64.4862821916881,-32.24314109584405,0
2025-05-20,25.94,26.3968,25.34,26,22.85399999999998,26.100298815574803,19.60770118442516,84.810452083997,81.70756628707043,0,0,,,,16.44688888888889,16.61135777777778,16.28242,,10.305035849136623,13.76564277588177,19.684217794588154,0,66.94113257253966,59.17753262600968,,,,,0.37686884863033276,1.3148289877495465,0.9379601391192137,0.6981582944607977,66.94113257253966,,,,,66.94113257253966,,66.94113257253966,,10.580138666885306,64.45686285877915,-32.22843142938957,0
2025-05-21,25.655,26.66,25.04,25.17,23.097999999999978,26.26947662769305,19.926523372306907,79.56246385311945,82.22220143720007,0,0,,,,16.537155555555557,16.702527111111113,16.371784,,5.494781843329566,8.970473634080989,14.460251172872773,0,61.9931592202291,59.479033954203814,,,,,0.30788302020091773,1.3228139143703608,1.014930894169443,0.7232441964493971,61.9931592202291,,,,,,,,,9.304911736891638,64.42676991779757,-32.213384958898786,0
2025-05-22,24.75,26.5684,23.9203,25.82,23.29499999999998,26.624891890137462,19.9651081098625,80.43284997204748,81.60192196972132,0,0,,,,16.630577777777777,16.796883555555556,16.464271999999998,,6.999295511997006,10.839235887529597,16.492589501229492,0,64.22340752444566,59.71127150657874,,,,,0.28073285300003414,1.3658469604194856,1.0851141074194515,0.7977589170682653,64.22340752444566,,,,,,,,,8.876631940792594,64.39650221331665,-32.198251106658326,0
2025-05-23,25.335,25.515,24.67,25.42,23.44699999999998,26.872119559957376,20.021880440042587,76.74668715657515,78.91400032724736,0,0,,,,16.723377777777777,16.890611555555555,16.556144,,3.2410039801803237,8.41472256578677,13.697864251369829,0,61.81933751323919,59.97062215903436,,,,,0.2135793304269913,1.3520882704531907,1.1385089400261994,0.8115477700722301,61.81933751323919,61.81933751323919,,61.81933751323919,,,,,,7.73429507980395,64.36575571799676,-32.18287785899838,0
2025-05-27,26.6,28.76,26.58,28.76,23.75149999999998,27.86068617246812,19.642313827531837,85.14954682544023,80.77636131802096,0,0,,,,16.83071111111111,16.999018222222222,16.662404,,13.353302853539306,21.08708923646938,26.909414507505325,0,71.43466776195997,60.960395388185724,,,,,0.36306405050104007,1.5923390031524995,1.2292749526514595,0.8545549767669417,71.43466776195997,,,,,,,,,12.483638165537082,64.33774769931344,-32.16887384965672,0
2025-05-28,29.91,30.78,28.5204,28.93,24.07799999999998,28.710177025978467,19.445822974021496,85.48110584821193,82.45911327674243,0,0,,,,16.938755555555556,17.10814311111111,16.769368,,10.919408020857269,20.151175346789696,25.845531461382887,0,71.82361717695909,62.01147540831846,,,,,0.43736769733461833,1.7759845743197324,1.3386168769851141,0.885013334050295,71.82361717695909,,,,,71.82361717695909,,71.82361717695909,,16.519419834977086,64.31315884955912,-32.15657942477956,0
2025-05-29,29.69,30.03,27.26,27.35,24.35599999999998,29.072156910027836,19.639843089972125,80.45053519803247,83.69372929056154,0,1,,,,17.038622222222223,17.209008444444446,16.868236,,3.582790486289933,12.292658893085996,17.898941711510453,0,63.20918104469734,62.19715838153775,,,,,0.347976422879003,1.7735874055838678,1.4256109827048649,0.8991053196320974,63.20918104469734,,,,,,,,,18.934720834407283,64.29109838903993,-32.145549194519965,0
2025-05-30,27.015,27.22,26.03,26.79,24.58949999999998,29.302140342738134,19.876859657261825,77.41115455093447,81.11426519905963,0,0,,,,17.1356,17.306956,16.964244,,0.862166334098835,8.948941621423856,14.364994663820706,0,60.44214343098626,63.13508190426064,,,,,0.22497128981385894,1.7068250949721886,1.4818538051583297,0.8424141162543008,60.44214343098626,,,,,,,,,15.972727593417753,64.26603939985733,-32.13301969992867,0
2025-06-02,26.5,27,25.81,26.6,24.769999999999982,29.500264263231273,20.03973573676869,71.58386072027945,76.48185015641546,0,0,,,,17.231244444444446,17.40355688888889,17.058932000000002,,-0.240024002400252,7.387969317723142,12.456137878553042,0,59.49058945415765,63.764018449771996,,,,,0.11044555424857716,1.619910747969051,1.509465193720474,0.757521323370642,59.49058945415765,59.49058945415765,,59.49058945415765,,,,,,12.67164555527453,64.23829062842461,-32.119145314212304,0
2025-06-03,27.385,28,26.47,26.72,24.98199999999998,29.66252390230013,20.301476097699833,68.88479730488335,72.62660419203242,0,0,,,,17.3272,17.500472000000002,17.153928,,-0.13454925997909983,6.957009046513574,11.69323375320479,0,59.919766164555874,64.24817448368889,,,,,0.02676991709062615,1.5429275900837567,1.5161576729931305,0.6529371319232931,59.919766164555874,,,,,,,,,11.805026948545718,64.20997624338708,-32.10498812169354,0
2025-06-04,26.75,27.46,26.1603,26.91,25.208999999999982,29.800308745880923,20.61769125411904,65.52496998257597,68.66454266924626,0,0,,,,17.423111111111112,17.597342222222224,17.24888,,0.23466309084811954,6.747590146376381,11.26731445110607,0,60.630966598755656,64.18762825863645,,,,,-0.02877683847289303,1.4801866249020144,1.5089634633749074,0.5438584420433543,60.630966598755656,,,,,,,,,12.027253240253865,64.18184778040084,-32.09092389020042,0
2025-06-05,26.88,26.96,25.52,26.45,25.41699999999998,29.83412168725326,20.999878312746702,56.639770644506896,63.68317931065542,0,0,,,,17.515555555555554,17.69071111111111,17.3404,,-1.9462465245598026,4.064208993980478,8.444602369791344,0,57.949924962762466,63.706527022972,,,,,-0.10519699653235892,1.3774672177094587,1.4826642142418176,0.41046059390921624,57.949924962762466,57.949924962762466,,57.949924962762466,,,,,,11.806660765193934,64.15360739031131,-32.076803695155654,0
2025-06-06,28.16,29.09,26.35,28.92,25.70799999999998,30.24151342779561,21.17448657220435,61.98597538125098,61.38357200277795,0,0,,,,17.61866666666667,17.794853333333336,17.442480000000003,,5.99230346344144,12.494165240392196,17.441624365482266,0,66.51267597749082,63.76646978124307,,,,,-0.0034686077074601585,1.4783284546074924,1.4817970623149526,0.48229156250036886,66.51267597749082,,,,,,,,,14.70974973543401,64.1275883862748,-32.0637941931374,0
2025-06-09,30,32.7,28.3548,29.64,26.164499999999983,30.336724706317128,21.992275293682837,71.07328573232436,63.23301058602743,0,0,,,,17.725377777777776,17.902631555555555,17.548123999999998,,6.976576316454319,13.283265493321172,19.194112679454722,0,68.52471517049726,63.92252032666254,,,,,0.09291406273096703,1.5979396407286615,1.5050255779976944,0.5621145483896615,68.52471517049726,,,,,68.52471517049726,68.52471517049726,68.52471517049726,,18.060357322489384,64.10476233578115,-32.05238116789057,0
2025-06-10,29.57,29.79,27,27.17,26.45999999999998,29.98839340210287,22.93160659789709,61.54542254086235,64.86822788481258,0,0,,,,17.821911111111113,18.000130222222225,17.643692,,-1.372150428343255,2.6832955404384906,8.60614781948279,0,56.07699386500861,63.146510418981755,,,,,-0.022896515922561367,1.4764049330944928,1.4993014490170542,0.4722390225215983,56.07699386500861,,,,,,,,,18.618164584688476,64.08254859950426,-32.04127429975213,0
2025-06-11,27.715,28.04,26.89,27.36,26.736499999999978,29.568172827147247,23.90482717285271,59.54808115692593,64.05559647670422,0,0,,,,17.920133333333336,18.09933466666667,17.740932,,-0.11317586068417818,2.3320180277898173,8.647596860232731,0,56.728156314040206,62.77043878282541,,,,,-0.09582755879337723,1.3795170005253325,1.4753445593187098,0.3150351653332558,56.728156314040206,,,,,,,,,16.09928580544221,64.05783156107154,-32.02891578053577,0
2025-06-12,27.04,27.41,26.28,26.4,26.849999999999984,29.425018446536406,24.27498155346356,52.111467473799486,57.73499039052927,0,0,,,,18.014355555555557,18.194499111111114,17.834212,,-3.282532239155933,-1.6759776536312332,4.199557941269361,0,52.493617574544686,61.932596643546766,,,,,-0.2112312765700206,1.211305463606184,1.4225367401762046,0.06005737558430926,52.493617574544686,,,,,,,,,11.487186109169373,64.02954333614642,-32.01477166807321,0
2025-06-13,25.65,26.5097,25.24,25.41,26.85949999999998,29.411694937696495,24.307305062303463,43.536413899901014,51.731987510208825,0,0,,,,18.103555555555555,18.284591111111112,17.92252,,-6.436409161204814,-5.3966008302462125,-0.14016793953126605,0,48.47502371391799,60.97943137216668,,,,,-0.3486394816712637,0.9867373880871249,1.3353768697583885,-0.3582307413226886,48.47502371391799,48.47502371391799,,48.47502371391799,,,,,,8.967564171927746,63.99988219148146,-31.99994109574073,0
2025-06-16,25.87,26.58,25.6,26.55,26.908499999999982,29.396609925224944,24.42039007477502,37.87190929839763,44.5065968906994,0,0,,,,18.197555555555557,18.379531111111113,18.01558,,-2.2207490884985193,-1.3322927699425113,3.855632195897951,0,52.94239241654764,59.658554561780086,,,,,-0.355910264129236,0.8904890395968437,1.2463993037260797,-0.2966701000339783,52.94239241654764,,,,,,,,,7.763610120211598,63.96972714580876,-31.98486357290438,0
2025-06-17,26.1,27.22,25.71,26.42,26.93949999999998,29.386706366452103,24.49229363354786,36.59681928907474,39.335047495791144,0,0,,,,18.291822222222223,18.474740444444446,18.108904,,-2.5918961766766224,-1.928395107555747,2.8188929391467,0,52.3846149859504,58.27005440527946,,,,,-0.3614695263876402,0.7945623957415293,1.1560319221291695,-0.19350688834086063,52.3846149859504,,,,,,,,,7.704570782564422,63.939590671069304,-31.969795335534652,0
2025-06-18,26.4,28.065,26.23,27.85,27.031999999999982,29.470004101719876,24.593995898280088,43.85620864536252,39.44164574427831,0,0,,,,18.392266666666668,18.576189333333335,18.208344,,2.3257522871734437,3.0260432080498,7.618986281960494,0,57.6679055872168,57.87424901545943,,,,,-0.2652851975048205,0.824425425248144,1.0897106227529645,-0.06433628649703434,57.6679055872168,,,,,,,,,10.950545062648487,63.91112639361863,-31.955563196809315,0
2025-06-20,28.35,30.11,27.84,30.04,27.275499999999983,29.88756795470617,24.663432045293796,57.650399897803666,46.03447594408033,0,0,,,,18.50177777777778,18.686795555555555,18.316760000000002,,8.935306063243376,10.135469560594746,14.934319602091595,0,64.21630477335691,58.14383196848589,,,,,-0.0612660351244787,1.013128078847366,1.0743941139718447,0.18084810044138813,64.21630477335691,,,,,,,,,15.529556727704218,63.88609431874372,-31.94304715937186,0
2025-06-23,28.925,32.93,28.44,32.78,27.623499999999986,31.08394664747227,24.1630533525277,73.38185024108725,58.296152928084474,0,0,,,,18.623822222222216,18.81006044444444,18.437583999999994,,17.23052714398112,18.667076945354566,23.888230995993865,0,70.3882327368019,58.92223506010334,,,,,0.2348862429531724,1.3680019176633103,1.1331156747101379,0.4062963337368929,70.3882327368019,,,,,,,,,23.805078966967056,63.87047578908148,-31.93523789454074,0
2025-06-24,33.08,34.23,32.43,33.46,28.025499999999983,32.169186643558234,23.881813356441736,78.48410568852363,69.83878527580485,0,0,,,,18.74915555555555,18.936647111111107,18.561663999999993,,18.04967541631386,19.391268666036353,24.42824736900824,0,71.69311341476163,59.76318843511803,,,,,0.44126124052488835,1.6846922253662484,1.24343098484136,0.5443997374421136,71.69311341476163,,,,,,,,,30.85993600046615,63.86615291012543,-31.933076455062714,0
2025-06-25,34,34.5,31.78,32.35,28.204999999999984,32.75182526605131,23.658174733948652,77.77683165736529,76.54759586232538,0,0,,,,18.86964444444444,19.058340888888885,18.680947999999994,,12.085094588039635,14.695975890799584,18.669144799589187,0,66.5386968559693,60.18516916777615,,,,,0.4653077177004665,1.8250656319669432,1.3597579142664766,0.6203052772123436,66.5386968559693,,,,,,,,,33.393600690971496,63.86657859839216,-31.93328929919608,0
2025-06-26,32.41,37.27,32.41,36.14,28.565499999999986,34.278773930068596,22.852226069931373,84.97727483462614,80.41273739350501,0,0,,,,19.008222222222216,19.19830444444444,18.818139999999993,,21.519838601210495,26.516252122315453,30.29214185283553,0,73.53507984599491,61.29839451657847,,,,,0.6854596768095413,2.2165825102784034,1.531122833468862,0.692202366019432,73.53507984599491,,,,,73.53507984599491,,73.53507984599491,,37.167532733364204,63.87479393703757,-31.937396968518787,0
2025-06-27,36.645,37.66,34.83,35.38,28.966999999999985,35.369240545309275,22.564759454690694,83.64517100121229,82.13309249773457,0,0,,,,19.144088888888884,19.335529777777772,18.952647999999996,,15.47751158691819,22.13898574239659,25.850743437122105,0,70.3581739555947,61.573072943585885,,,,,0.7250533516915949,2.4374395230833557,1.7123861713917607,0.8051145758304329,70.3581739555947,,,,,,,,,38.62898548474857,63.88618301310675,-31.943091506553376,0
2025-06-30,36.535,37.95,35.42,35.77,29.415999999999986,36.37951750195271,22.452482498047257,85.30470114001018,84.64238232528287,0,0,,,,19.28235555555555,19.475179111111107,19.089531999999995,,12.931742122876821,21.600489529507815,25.666038199852494,0,71.04937350451286,61.75340568172985,,,,,0.7211387962912306,2.613809666755799,1.8926708704645683,0.9126124710340203,71.04937350451286,,,,,,,,,42.11658712239268,63.90577210971827,-31.952886054859135,0
2025-07-01,37.015,38.26,33.88,34.33,29.802499999999988,36.953482799587874,22.651517200412098,81.8503891351691,83.60008709213052,0,1,,,,19.41397777777777,19.60811755555555,19.219837999999992,,5.787008504868707,15.191678550457222,19.38239692125794,0,65.02056106399971,62.39223191022922,,,,,0.5717293865324669,2.6073326036301516,2.0356032170976848,0.9216080270461069,65.02056106399971,65.02056106399971,,65.02056106399971,,,,,,38.85739426280829,63.91745024349048,-31.95872512174524,0
2025-07-02,34.39,35.79,33.73,35.68,30.250499999999988,37.689745862317054,22.811254137682926,79.59989247033573,82.25166091517167,0,0,,,,19.552199999999996,19.747721999999996,19.356677999999995,,6.896758343819287,17.948463661757707,22.672106535865353,0,67.78077397785611,63.18170460050179,,,,,0.5157071040429022,2.6802370971513128,2.1645299931084105,0.9350195541359465,67.78077397785611,,,,,,,,,38.890354957775855,63.92909539007348,-31.96454769503674,0
2025-07-03,35.79,36.21,35.25,35.66,30.687999999999988,38.316728858728844,23.059271141271132,79.07932809385011,80.17653656645165,0,0,,,,19.68948888888888,19.88638377777777,19.492593999999993,,4.394156737609389,16.201772679874903,21.260895684798765,0,67.6955482410487,64.26755679096637,,,,,0.4325492440997687,2.705216548233121,2.2726673041333525,0.9205479041745696,67.6955482410487,,,,,,,,,38.46845848440069,63.939677609382855,-31.969838804691427,0
2025-07-07,36.98,39.06,35.275,38.88,31.309499999999986,39.46315556054475,23.155844439455223,84.86127461883282,81.18016506100622,0,0,,,,19.838422222222217,20.03680644444444,19.640037999999993,,10.94940501669377,24.179562113735507,30.187289327410348,0,73.47766171390722,66.05345950525131,,,,,0.5425259658885104,2.9508247614939904,2.40829879560548,0.9194103533077529,73.47766171390722,,,,,,,,,43.903635715198966,63.9632607416064,-31.9816303708032,0
2025-07-08,38.49,39.94,37.98,38.74,31.800499999999982,40.48487096167614,23.116129038323827,84.25036388043719,82.7303221977067,0,0,,,,19.98664444444444,20.186510888888886,19.786777999999995,,8.701142007351503,21.82198393107033,27.874480117949997,0,72.86698427076277,67.47664463769524,,,,,0.5521266635387594,3.0984571250289292,2.54633046149017,0.913549143287772,72.86698427076277,,,,,,,,,47.187210197107596,63.99544784666968,-31.99772392333484,0
2025-07-09,38.53,39.43,37.77,39.14,32.27549999999998,41.46004674984042,23.090953250159536,84.76657541052904,84.62607130326634,0,0,,,,20.13735555555555,20.338729111111107,19.935981999999996,,8.100643521970863,21.268454400396664,27.273515575885042,0,73.5435420465267,68.98799657059355,,,,,0.5315134595421016,3.2107222859177966,2.679208826375695,0.9134445720039862,73.5435420465267,,,,,73.5435420465267,,73.5435420465267,,50.94614659460107,64.03824197868859,-32.019120989344295,0
2025-07-10,39.17,39.68,38.13,39.1,32.871999999999986,42.20121132786703,23.54278867213294,85.17491191930733,84.73061707009117,0,0,,,,20.288111111111107,20.490992222222218,20.085229999999996,,6.0137736565262,18.946215624239528,25.73425374094245,0,73.34658505362992,70.10790224676592,,,,,0.4637521467807266,3.2588990098516035,2.795146863070877,0.9155691507349581,73.34658505362992,,,,,,,,,50.729667498172056,64.0801379818542,-32.0400689909271,0
2025-07-11,38.97,40.3,38.6,39.03,33.45549999999999,42.792526239654826,24.118473760345147,85.35050329236643,85.09733020740092,0,0,,,,20.435666666666663,20.64002333333333,20.231309999999997,,5.001210621183172,16.662432186038224,24.16491696888723,0,72.97825001062726,70.73375547799951,,,,,0.36701995797704345,3.253921810542181,2.8869018525651375,0.9071682372861313,72.97825001062726,,,,,,,,,50.758838360493975,64.12187106457237,-32.06093553228619,0
2025-07-14,39.3,43.47,38.77,43.21,34.295999999999985,43.961833435353796,24.630166564646178,89.82435629022997,86.78325716730122,0,0,,,,20.59855555555555,20.804541111111106,20.392569999999992,,13.848342730673968,25.991369255889964,35.18897046554314,0,79.57451901200535,71.38991878337119,,,,,0.5275888050089583,3.5463878588263356,3.0187990538173772,0.8991317374401732,79.57451901200535,,,,,,,,,55.346541174268374,64.17754230399484,-32.08877115199742,0
2025-07-15,43.29,45.48,42.8206,44.6,35.255499999999984,45.01193679834007,25.499063201659894,91.29736372069537,88.82407443443059,0,0,,,,20.764822222222215,20.972470444444436,20.557173999999993,,14.838942245796538,26.50508431308596,36.99331415290423,0,81.21655731196566,72.07016477602862,,,,,0.661757908606226,3.84599643957516,3.184238530968934,0.9043177484576662,81.21655731196566,,,,,,,,,61.38165007594157,64.25342145150287,-32.12671072575144,0
2025-07-16,45.55,48.07,44.86,47.69,36.312499999999986,46.63167026703238,25.993329732967588,95.25766057906463,92.1264601966633,0,0,,,,20.947222222222216,21.156694444444437,20.737749999999995,,18.711572449157376,31.332185886402808,43.38832207500651,0,84.24815040694655,73.33512574395557,,,,,0.879328546708626,4.283399214354716,3.4040706676460903,0.8881802127917172,84.24815040694655,,,,,,,,,70.99331799472334,64.36594675990166,-32.18297337995083,0
2025-07-17,48.7,53.44,48.6,51.33,37.55799999999998,48.77463692913375,26.341363070866205,96.99693746740243,94.51732058905414,0,0,,,,21.14424444444444,21.355686888888883,20.932801999999995,,22.981455747759828,36.66861920230051,50.61767036062561,0,86.9252099281731,74.29156360696831,,,,,1.170863785986755,4.867650400129534,3.696786614142779,0.9110108972908773,86.9252099281731,,,,,,,,,79.09925105429592,64.51321734934932,-32.25660867467466,0
2025-07-18,50.65,51.85,47.91,51.39,38.734999999999985,50.55394326917616,26.91605673082381,95.2155249889896,95.8233743451522,0,1,,,,21.342244444444436,21.55566688888888,21.128821999999992,,18.653459860081732,32.67071124306189,47.267569039135715,0,86.9645366272317,75.4777323692281,,,,,1.2623399734903913,5.274711581005768,4.012371607515377,0.936201305988915,86.9645366272317,,,,,86.9645366272317,,86.9645366272317,,85.22600163799946,64.68877846024584,-32.34438923012292,0
2025-07-21,50.05,51.58,46.85,47.19,39.59249999999999,51.25110176007415,27.93389823992582,85.88147383356477,92.69797876331891,0,0,,,,21.52104444444444,21.736254888888883,21.305833999999994,,6.904988446377591,19.189240386436857,32.60460280439488,0,70.89054285683063,75.46638732296508,,,,,0.9488873142155345,5.198480750284794,4.24959343606926,0.9368541799476884,70.89054285683063,,,,,,,,,82.41146521162234,64.849482387215,-32.4247411936075,0
2025-07-22,45.99,47.87,44.46,46.88,40.297499999999985,51.92825212529291,28.666747874707063,77.45456313803419,86.18385398686284,0,0,,,,21.699444444444442,21.916438888888887,21.482449999999996,,4.279740190408399,16.334760220857426,29.554059157861822,0,69.86410468814064,75.81235472468943,,,,,0.6441528110319057,5.054784449859142,4.410631638827236,0.907030799822394,69.86410468814064,,,,,,,,,75.36747653020788,64.97714223117545,-32.488571115587725,0
2025-07-23,47.62,49.28,46.93,49.15,41.08199999999999,52.87757985009662,29.286420149903353,76.78647615241329,80.04083770800406,0,0,,,,21.890688888888885,22.109595777777773,21.671781999999997,,6.9477990295276015,19.63877123801181,33.429253990661344,0,72.95242074778854,76.18175806539888,,,,,0.5240387834887859,5.065680118188219,4.541641334699433,0.8943226532316869,72.95242074778854,,,,,,,,,71.5671780614633,65.08802891954913,-32.544014459774566,0
2025-07-24,49.3,49.62,47.31,48.13,41.87099999999999,53.330970157029384,30.41102984297059,71.33047435567939,75.19050454870893,0,0,,,,22.077533333333328,22.29830866666666,21.856757999999996,,2.710200597524537,14.948293568340887,28.228126887144356,0,69.50561710830925,76.31104869877463,,,,,0.31478336483716696,4.935120540745892,4.620337175908725,0.8532095884847147,69.50561710830925,,,,,,,,,71.97372765942782,65.1999053968426,-32.5999526984213,0
2025-07-25,47.9,48.23,46.45,47.43,42.43549999999999,53.82268134570634,31.048318654293638,67.73524464321387,71.95073171710216,0,0,,,,22.260644444444438,22.483250888888882,22.038037999999993,,-0.5660377358490676,11.769626845447823,24.15038696111196,0,67.1604542265392,75.85981959253407,,,,,0.0803295614774342,4.720749127755518,4.640419566278084,0.8003589629178242,67.1604542265392,,,,,,,,,72.1702488009426,65.31190699321523,-32.655953496607616,0
2025-07-28,47.955,48.165,44.41,45.11,42.92199999999999,53.885381959961215,31.958618040038765,56.4251310636196,65.16361668750427,0,0,,,,22.43326666666666,22.657599333333327,22.208933999999996,,-5.804969722280228,5.097618936675863,16.18104084751295,0,59.94178105451135,74.93659079137326,,,,,-0.26119534815908274,4.31392538107923,4.5751207292383125,0.6597807241335548,59.94178105451135,,,,,,,,,66.81748957784713,65.40220996625851,-32.701104983129255,0
2025-07-29,45.41,45.51,42.83,43.79,43.32299999999999,53.785934769939175,32.86006523006081,50.34375670421219,58.16804413701521,0,0,,,,22.60095555555555,22.826965111111107,22.374945999999994,,-8.406367002028913,1.0779493571544174,11.029411764705909,0,56.23800843406628,73.70048124762607,,,,,-0.5875140719410457,3.840728139312006,4.4282422112530515,0.43287574481727287,56.23800843406628,56.23800843406628,,56.23800843406628,,,,,,61.13933938166994,65.47158099682997,-32.735790498414985,0
2025-07-30,43.86,46.56,43.36,46.44,43.928499999999985,53.612239515290796,34.244760484709175,50.67994786221215,52.48294521001463,0,0,,,,22.77917777777777,23.00696955555555,22.551385999999994,,-2.6088415401392617,5.717245068691201,15.801810338378708,0,61.395193118509845,72.8468103951175,,,,,-0.6325004975374169,3.63761658933128,4.270117086868697,0.23155408298737,61.395193118509845,,,,,,,,,59.346985828005245,65.53452160971662,-32.76726080485831,0
2025-07-31,46.37,47.72,45.43,45.92,44.440499999999986,53.37984555770191,35.50115444229806,49.34700921263766,50.12357125968731,0,0,,,,22.95624444444444,23.185806888888884,22.726681999999997,,-2.594234562925568,3.3291704638787056,12.678821191077972,0,59.90339787999395,71.91289238578655,,,,,-0.69965542390349,3.3955478069893346,4.095203230892825,-0.14029850183037362,59.90339787999395,,,,,,,,,59.75723211832707,65.59846262745094,-32.79923131372547,0
2025-08-01,43.195,46.17,42.315,44.81,44.89799999999998,52.878134334709245,36.91786566529072,44.636200709673325,48.22105259484102,0,0,,,,23.129577777777772,23.36087355555555,22.898281999999995,,-3.603312896633315,-0.19599982181829345,8.45064741236743,0,56.73437454690722,70.28145349542238,,,,,-0.8132425302840289,3.0786500680377884,3.8918925983218173,-0.48915957014569145,56.73437454690722,,,,,,,,,60.383470976604706,65.66412772297501,-32.832063861487505,0
2025-08-04,45.1,45.8,44.0701,44.54,45.18099999999999,52.67396710255715,37.68803289744283,38.293513344683106,44.09224108899801,0,0,,,,23.300244444444438,23.533246888888883,23.067241999999993,,-3.6347901341410638,-1.4187379650737908,6.550775487420779,0,55.95889811672871,68.4773349814769,,,,,-0.8945176219111604,2.773745570932867,3.6682631928440275,-0.7709611917388602,55.95889811672871,,,,,,,,,57.671703798889354,65.7205595920877,-32.86027979604385,0
2025-08-05,45.12,45.38,43.13,44.75,45.48149999999998,52.37520807330895,38.58779192669102,35.632044823076036,39.52058629247747,0,0,,,,23.471799999999995,23.706517999999996,23.237081999999994,,-2.7321929271632572,-1.6083462506733093,6.040978815500564,0,56.45741146150089,66.49228219965936,,,,,-0.9186083288396651,2.520002781794446,3.438611110634111,-0.8323274585749229,56.45741146150089,,,,,,,,,55.84965811654806,65.77097171633534,-32.88548585816767,0
2025-08-06,44.71,45.1,43.67,44.1,45.72949999999999,52.023622575864366,39.43537742413561,32.25309457701397,35.39288424825768,0,0,,,,23.638111111111105,23.874492222222216,23.401729999999993,,-3.0811832446925425,-3.5633453241342816,3.629783967540323,0,54.40467326317378,64.16938672358798,,,,,-0.9583835933058973,2.2406316190017392,3.1990152123076365,-0.8057029436323008,54.40467326317378,54.40467326317378,,54.40467326317378,,,,,,54.679198137894325,65.8175450108153,-32.90877250540765,0
2025-08-07,44.185,44.58,43.1,44.21,45.984999999999985,51.5551508058584,40.41484919414157,31.66673932172781,33.18395957393925,0,0,,,,23.804111111111105,24.042152222222217,23.566069999999993,,-1.9951230325870095,-3.859954332934623,2.93204606835753,0,54.704816551728264,61.86512100390915,,,,,-0.9552187749159495,2.0049917436627,2.9602105185786494,-0.7814238943423252,54.704816551728264,,,,,,,,,53.84089578469618,65.86136220819749,-32.930681104098745,0
2025-08-08,47.54,49.92,43.5,44.69,46.26799999999999,50.89046946988349,41.64553053011648,35.648559388021624,33.18946442892111,0,0,,,,23.969577777777772,24.20927355555555,23.729881999999993,,-0.3256311892229524,-3.4105645370450133,3.363735187769379,0,56.06395136359858,60.80607875439257,,,,,-0.8995161770675404,1.835815297244224,2.7353314743117645,-0.7672920955661032,56.06395136359858,,,,,,,,,52.997900471526314,65.90247095611447,-32.951235478057235,0
2025-08-11,44.65,46.1,41.505,45.02,46.358499999999985,50.80548673260963,41.91151326739034,39.7906037346749,35.70196748147476,0,0,,,,24.136911111111104,24.378280222222216,23.895541999999992,,0.43054409173042263,-2.887280649719004,3.3588171820832846,0,57.01882560286751,59.888558819730214,,,,,-0.8213264093555899,1.708673462617277,2.529999871972867,-0.7315207307903642,57.01882560286751,,,,,57.01882560286751,,57.01882560286751,,53.07773499167172,65.94356913062701,-32.971784565313506,0
2025-08-12,45.37,47.27,43.42,43.43,46.29999999999998,50.86713914830806,41.7328608516919,35.40741608850821,36.948859737068226,0,0,,,,24.29806666666666,24.541047333333328,24.055085999999992,,-3.0385568529392115,-6.198704103671671,-0.8726614271475808,0,51.24044742381116,58.337703582303256,,,,,-0.8537989015537146,1.4627512450307236,2.3165501465844383,-0.7032213645685543,51.24044742381116,,,,,,,,,51.288774295285656,65.97937231796878,-32.98968615898439,0
2025-08-13,44,44.7,42.44,43,46.065499999999986,50.8015721067151,41.32942789328487,32.453638337577964,35.88388605358701,0,0,,,,24.457533333333327,24.70210866666666,24.212957999999993,,-3.255562805138712,-6.654654785034319,-2.4972789938323636,0,49.77144025005685,56.928119520999516,,,,,-0.8779556222490656,1.2191056187731064,2.097061241022172,-0.6842058201403995,49.77144025005685,,,,,,,,,48.75983364406562,66.00814574309715,-33.00407287154857,0
2025-08-14,42.76,45.69,42.01,42.81,45.639499999999984,49.91514486364386,41.36385513635611,30.548098231130602,32.80305088573891,0,0,,,,24.61593333333333,24.862092666666666,24.369773999999996,,-3.004350190320826,-6.199673528412852,-3.4484314035047814,0,49.10159203309353,55.63820079289626,,,,,-0.8783165654823031,0.9991655341692933,1.8774820996515964,-0.6669727932052995,49.10159203309353,49.10159203309353,,49.10159203309353,,,,,,45.75860461116604,66.02914299956699,-33.01457149978349,0
2025-08-15,42.975,44.88,41.75,44.27,45.28349999999999,48.6799173771793,41.88708262282068,33.78055363773345,32.26076340214732,0,0,,,,24.77948888888888,25.02728377777777,24.53169399999999,,0.42647792749874736,-2.2381220532864843,-0.797741227087323,0,54.20222966286114,55.22823283634981,,,,,-0.756442848745333,0.9319285387199301,1.688371387465263,-0.6142300389027002,54.20222966286114,,,,,,,,,46.221813462438064,66.05113157869313,-33.025565789346565,0
2025-08-18,44.3,47.08,44.03,44.97,45.17249999999999,48.45565016409578,41.889349835904206,39.97823513986876,34.76896233624425,0,0,,,,24.945755555555547,25.1952131111111,24.69629799999999,,1.9150141643059282,-0.4482815872488666,0.3145285417921695,0,56.4553527440839,55.243757429922496,,,,,-0.6111209750725177,0.924470168624616,1.5355911436971337,-0.6376884990348299,56.4553527440839,,,,,,,,,47.86684245517129,66.0770961450252,-33.0385480725126,0
2025-08-19,45.1,45.16,40.9,40.92,44.87449999999999,48.54294640140805,41.20605359859193,27.677440029095237,33.812076268899126,0,0,,,,25.093888888888884,25.344827777777773,24.842949999999995,,-6.45146541081798,-8.81235445520282,-8.867525333135351,0,43.209930301811916,53.94481008587264,,,,,-0.7604612984641856,0.5850145206169017,1.3454758190810874,-0.6453660290440172,43.209930301811916,,,,,,,,,45.19988678644455,66.09629910716673,-33.048149553583364,0
2025-08-20,40.21,40.86,38.26,40.69,44.451499999999996,47.99943052355894,40.90356947644105,26.15799435072283,31.27122317322893,0,0,,,,25.236422222222217,25.48878644444444,24.984057999999994,,-6.246399852537953,-8.462031652475165,-9.48390923921102,0,42.5986866044231,52.70875928047472,,,,,-0.8411447909869363,0.294044830347417,1.1351896213343533,-0.672028156766733,42.5986866044231,42.5986866044231,,42.5986866044231,,,,,,40.61652161907449,66.10500131428054,-33.05250065714027,0
2025-08-21,40.78,41.87,40.22,41.53,44.12149999999999,47.46110641393609,40.78189358606389,27.52633927158395,27.12059121713399,0,0,,,,25.382377777777773,25.63620155555555,25.128553999999994,,-3.7164120279136625,-5.873553709642665,-7.781470433669102,0,45.624025394401485,51.91516291243861,,,,,-0.8043639106140503,0.1297347330667904,0.9340986436808407,-0.7137300645025059,45.624025394401485,,,,,,,,,36.24218407668363,66.10485262929014,-33.05242631464507,0
2025-08-22,40.97,44.684,40.4194,44.38,43.968999999999994,46.949616714708895,40.98838328529109,35.67860361693842,29.78764574641505,0,0,,,,25.53615555555555,25.791517111111105,25.280793999999993,,2.965059626003441,0.9347494825900249,-1.8416667895427286,0,54.40460909192041,51.80414226780944,,,,,-0.5657799391680214,0.22687371972081394,0.7926536588888353,-0.5497923105401288,54.40460909192041,,,,,,,,,39.47389798149546,66.1109999680727,-33.05549998403635,0
2025-08-25,45.16,49.59,44.05,47.22,44.07449999999999,47.344512079488446,40.80448792051154,51.04460436939642,38.08318241930624,0,0,,,,25.702777777777772,25.95980555555555,25.445749999999993,,8.997737869904432,7.136779770615687,4.131903351244892,0,61.13886977158147,52.13853214710091,,,,,-0.21256531554872482,0.5269470144529294,0.7395123300016542,-0.11163069507219607,61.13886977158147,,,,,,,,,45.809121333620375,66.13121540121993,-33.06560770060997,0
2025-08-26,47.73,50.92,47,48.13,44.2915,48.0033527718646,40.5796472281354,64.55415295615988,50.42578698083155,0,0,,,,25.87566666666666,26.134423333333327,25.616909999999994,,9.90591888929484,8.666448415610217,5.863980292099291,0,63.023402407522845,52.75415565741155,,,,,0.07129787404197552,0.8286346725541236,0.7573367985121481,0.18586829470472901,63.023402407522845,,,,,63.023402407522845,,63.023402407522845,,51.62569100098057,66.16625452415607,-33.08312726207804,0
2025-08-27,48.68,48.74,45.82,46.25,44.282,47.9727213387086,40.59127866129139,64.3115894481918,59.97011559124934,0,0,,,,26.038066666666662,26.29844733333333,25.777685999999996,,4.834870911440015,4.444243710762841,1.8363572309318732,0,56.88587022980359,52.909945205845496,,,,,0.11859856655577328,0.9055850067068647,0.7869864401510914,0.31854959414934697,56.88587022980359,,,,,,,,,52.26622248204032,66.20284635667811,-33.101423178339054,0
2025-08-28,46.88,47.975,45.34,47.91,44.381499999999996,48.34100640863236,40.42199359136763,69.60114809707626,66.15563016714263,0,0,,,,26.209888888888884,26.471987777777773,25.947789999999994,,7.356533040536006,7.950384732377236,5.756920224272677,0,60.539999792989356,53.22966295080199,,,,,0.24079110820798477,1.0879753254110724,0.8471842172030877,0.5097584888667387,60.539999792989356,,,,,,,,,51.64900204329351,66.23753001127679,-33.118765005638394,0
2025-08-29,47.85,48.8,46.02,48.6,44.571,48.9363723781597,40.20562762184029,73.10056385587161,69.00443380037987,0,0,,,,26.382333333333328,26.646156666666663,26.118509999999993,,7.85619174434089,9.03950999528842,7.5007188834082195,0,61.98236455997007,53.58420144773788,,,,,0.3410669295111448,1.2735178790920187,0.9324509495808739,0.6870531690462817,61.98236455997007,,,,,,,,,51.08186567807382,66.27047488893021,-33.135237444465105,0
2025-09-02,46.75,49.54,45.68,49.31,44.8095,49.638617828340976,39.98038217165902,75.5869203640525,72.7628774390001,0,0,,,,26.55846666666666,26.824051333333326,26.292881999999995,,8.38791928605973,10.043629141141942,8.900978364092804,0,63.46233405614402,54.457193350047376,,,,,0.4228481435995559,1.461011129080319,1.038162985480763,0.7660091409422518,63.46233405614402,,,,,63.46233405614402,,63.46233405614402,,53.07983607038784,66.30869035517566,-33.15434517758783,0
2025-09-03,50.27,50.8999,43.5118,43.53,44.74849999999999,49.60979725484885,39.887202745151136,62.031236473410715,70.23957356444492,0,0,,,,26.710111111111104,26.977212222222214,26.443009999999994,,-4.862856518413272,-2.7229963015519942,-3.6264612114771277,0,47.31444974909695,54.281694028550234,,,,,0.07360979517698962,1.130175229452,1.0565654342750104,0.6181986710744817,47.31444974909695,,,,,,,,,47.24709052494527,66.33138813407554,-33.16569406703777,0
2025-09-04,44.16,44.58,42.7,42.99,44.693,49.60769673530305,39.778303264696945,53.13891713593359,63.58569132446558,0,0,,,,26.859177777777774,27.127769555555552,26.590585999999995,,-6.512993367402409,-3.8104401136643262,-4.387343573927993,0,46.13340672312001,54.069680792123556,,,,,-0.19323882668597525,0.8150169009175414,1.0082557276035167,0.4311948760599689,46.13340672312001,46.13340672312001,,46.13340672312001,,,,,,40.34799276275237,66.33834888988804,-33.16917444494402,0
2025-09-05,43.565,45.99,42.39,45.84,44.774499999999996,49.7084780096793,39.840521990320696,53.70713854551357,56.292430718285935,0,0,,,,27.021177777777773,27.29138955555555,26.750965999999995,,-1.2409513960703111,2.3797027325821674,2.124625906920441,0,52.82621565191824,53.97139407705621,,,,,-0.177676207675044,0.7861604680097116,0.9638366756847556,0.42699772533161645,52.82621565191824,,,,,,,,,35.80778961109862,66.33644450440623,-33.168222252203115,0
2025-09-08,45.5,48.2,45.488,47.73,44.9265,50.025253867367866,39.82774613263213,55.55722336834322,54.1344263499301,0,0,,,,27.190199999999997,27.462101999999998,26.918297999999997,,2.0940728540566056,6.240192314113058,6.311577040441296,0,56.670977432431584,53.986795840509615,,,,,-0.04677950955129595,0.9053622887456356,0.9521417982969316,0.5095083281257166,56.670977432431584,,,,,,,,,39.31352958177235,66.3411559236787,-33.17057796183935,0
2025-09-09,47.01,47.53,45.5117,47.03,45.027,50.207741645748875,39.84625835425113,56.19852344737811,55.154295120411604,0,0,,,,27.355311111111106,27.62886422222222,27.081757999999994,,0.6376786784216382,4.448442045883572,4.603316997946338,0,54.88672237947075,54.82085241748524,,,,,-0.01563659556719854,0.9325960538379334,0.948232649405132,0.4075239902155971,54.88672237947075,,,,,,,,,42.58686830504313,66.35262570164949,-33.17631285082474,0
2025-09-10,47.53,48.11,45.6,46.17,45.164,50.31338986677036,40.014610133229645,55.02243944949299,55.59272875507141,0,0,,,,27.516333333333325,27.79149666666666,27.24116999999999,,-0.7864878803506836,2.2274377823044977,2.509639650974327,0,52.691774794963045,55.5417872882381,,,,,-0.05882517118873565,0.8747011854192124,0.933526356607948,0.19697790261724882,52.691774794963045,,,,,,,,,42.12656009534394,66.36299824535082,-33.18149912267541,0
2025-09-11,46.32,49.665,46.055,48.43,45.435500000000005,50.67173328357283,40.19926671642718,63.63886848223923,58.28661045970341,0,0,,,,27.68184444444444,27.958662888888885,27.405025999999996,,3.584720023955179,6.590661487163119,7.369307852613849,0,57.50154840233855,56.39018178880503,,,,,0.052905917620354015,0.9996587536333905,0.9467528360130365,0.04081973793098814,57.50154840233855,,,,,,,,,41.93961903644701,66.37287335590749,-33.18643667795374,0
2025-09-12,48.98,54.03,48.6106,53.34,45.962,52.07975318233715,39.84424681766286,78.23757295531567,65.63296029568262,0,0,,,,27.87144444444444,28.150158888888882,27.592729999999996,,12.77670888217013,16.052391105696007,17.6098779950022,0,65.66817358771465,57.19472210993319,,,,,0.42487674832845257,1.4778487714236022,1.0529720230951496,0.22198907942050786,65.66817358771465,,,,,,,,,47.2021234868325,66.39463595230549,-33.197317976152746,0
2025-09-15,53.58,55.17,52.72,54.04,46.4505,53.44697189660599,39.45402810339401,78.48235897043567,73.45293346933018,0,0,,,,28.06357777777777,28.344213555555548,27.78294199999999,,12.957505068873987,16.338898397218536,18.350452245899106,0,66.6520485492414,57.58852059405176,,,,,0.6708207372533379,1.8914979446618219,1.220677207408484,0.436354799326127,66.6520485492414,,,,,66.6520485492414,,66.6520485492414,,53.82947130403165,66.43350597124608,-33.21675298562304,0
2025-09-16,52,52.08,47.01,47.245,46.564249999999994,53.5346684056626,39.59383159433739,67.6139514046279,74.77796111012641,0,0,,,,28.223511111111108,28.505746222222218,27.941276,,-0.8176846613274003,1.4619584767284088,3.26512620807482,0,51.28720515378887,56.75022079021362,,,,,0.34503842652486116,1.6519752405645605,1.3069368140396993,0.4287452772427675,51.28720515378887,,,,,,,,,51.47829793851178,66.4657675077842,-33.2328837538921,0
2025-09-17,47.565,48.54,46.45,48.08,46.92225,53.41548222671088,40.42901777328912,65.12757712409224,70.40796249971861,0,0,,,,28.387599999999996,28.671475999999995,28.103723999999996,,-0.019754832135920886,2.4673795480822047,4.835866891010365,0,52.72928241528239,56.453321660604956,,,,,0.16412955697144493,1.5120987602540055,1.3479692032825605,0.3786762341303859,52.72928241528239,,,,,,,,,45.26353688919334,66.4824777744313,-33.24123888721565,0
2025-09-18,48.92,49.19,47,47.18,47.24675,53.076498086324065,41.41700191367593,57.49050356816976,63.410677365629965,0,0,,,,28.548799999999993,28.834287999999994,28.263311999999992,,-2.738695280208603,-0.14127955891145572,2.6436877467919118,0,50.97756017151369,55.77029025907098,,,,,-0.0275896356226617,1.3134821587542334,1.341071794376895,0.352496589577872,50.97756017151369,50.97756017151369,,50.97756017151369,,,,,,37.676495315507225,66.48325911341408,-33.24162955670704,0
2025-09-19,47.68,48.93,47.13,47.79,47.559749999999994,52.76713559643895,42.35236440356104,52.71396304354695,58.444014578602975,0,0,,,,28.711466666666663,28.99858133333333,28.424351999999995,,-1.8756352212879857,0.4841278602179422,3.701560550442129,0,52.1381398608458,55.067131351990675,,,,,-0.11960673766611252,1.1915633722942545,1.311170109960367,0.3872381928648995,52.1381398608458,,,,,,,,,37.50275700894816,66.48365686849014,-33.24182843424507,0
2025-09-22,47.13,50.26,46.8,49.81,47.83125,52.91185810828758,42.75064189171241,56.21045155706872,55.47163938959514,0,0,,,,28.88315555555555,29.171987111111108,28.594323999999993,,1.83699130061441,4.136939762184766,7.686043620666672,0,55.864416819708396,54.52442297795956,,,,,-0.05405329843071782,1.2436034869219696,1.2976567853526875,0.5330171596030229,55.864416819708396,,,,,,,,,38.36606357804786,66.48561946749692,-33.24280973374846,0
2025-09-23,49.025,54.1579,47.9101,52.91,48.11574999999999,53.64502054411339,42.58647945588659,65.94527851742605,58.2898977060139,0,0,,,,29.068266666666663,29.358949333333328,28.777583999999997,,6.889968585541273,9.963993079189247,13.741325011554695,0,60.89597016053163,55.494531578776325,,,,,0.17587215914701226,1.5174969842864527,1.3416248251394405,0.5366479634533444,60.89597016053163,,,,,,,,,42.79010817922182,66.4964674355183,-33.24823371775915,0
2025-09-24,51.795,52.48,48.43,48.69,48.14374999999999,53.67869433124676,42.60880566875322,59.26217932076662,60.47263646508713,0,0,,,,29.233688888888885,29.526025777777775,28.941351999999995,,-2.1336040119393163,1.1346228742048714,4.276500130283156,0,52.175923705834045,55.926139934684464,,,,,0.029223593615250953,1.3781543171585042,1.3489307235432533,0.3499101104768534,52.175923705834045,,,,,,,,,42.61984728717962,66.5068534735499,-33.25342673677495,0
2025-09-25,48,48.62,45.21,46.63,48.16274999999999,53.67411958931282,42.65138041068716,50.23364971837966,58.480369185524104,0,0,,,,29.39222222222222,29.68614444444444,29.0983,,-5.933853121249088,-3.182438710414137,-0.39339943393204013,0,48.523181944607906,55.6187803841623,,,,,-0.20798716665496952,1.0889467652245415,1.296933931879511,0.09445691137688147,48.523181944607906,,,,,,,,,38.70150341154826,66.50923165048539,-33.254615825242695,0
2025-09-26,47.3,47.69,45.83,46.26,48.08024999999999,53.65333574759059,42.507164252409396,38.65921443026387,49.38501448980338,0,0,,,,29.550266666666662,29.84576933333333,29.254763999999994,,-5.328107892394107,-3.785858018625099,-1.4259078398295322,0,47.87488237913494,54.990487880355396,,,,,-0.3811996794042867,0.8204343326241528,1.2016340120284394,-0.08905968940097185,47.87488237913494,47.87488237913494,,47.87488237913494,,,,,,31.807584172435444,66.49970859751184,-33.24985429875592,0
2025-09-29,47.4,48.1,46.37,47.01,48.00074999999999,53.58725720486424,42.41424279513574,36.50228272878854,41.798382292477356,0,0,,,,29.70844444444444,30.005528888888882,29.411359999999995,,-2.3888871585635463,-2.0640302495273377,-0.0223306855520633,0,49.3520591652379,54.59515479362448,,,,,-0.4328746296672623,0.6605407249443616,1.0934153546116239,-0.26215222835980206,49.3520591652379,,,,,,,,,29.583428468088595,66.48691016786411,-33.243455083932055,0
2025-09-30,47.21,47.99,46.51,47.91,47.93074999999999,53.48487304058878,42.3766269594112,37.34042001542636,37.500639058159585,0,0,,,,29.87137777777777,30.170091555555548,29.572663999999993,,-0.6573081468886577,-0.043291623853147776,1.6798072943748021,0,51.141397221320474,54.4844135383643,,,,,-0.3951040456408592,0.5995352975605499,0.9946393432014091,-0.45510693383980444,51.141397221320474,,,,,,,,,30.115724971445115,66.47485256766926,-33.23742628383463,0
2025-10-01,47.38,49.42,47.12,47.97,48.15274999999999,53.3275093905416,42.97799060945838,39.216013576189546,37.68623877346814,0,0,,,,30.032088888888882,30.332409777777773,29.73176799999999,,-0.5102040816326481,-0.3795214188182183,1.3019101016820134,0,51.26501043782559,54.03894654089908,,,,,-0.35595704556292507,0.5496930362477528,0.9056500818106779,-0.5260272512690807,51.26501043782559,,,,,,,,,30.95952901341589,66.46400376105744,-33.23200188052872,0
2025-10-02,48.64,52.65,48.51,52.47,48.62674999999999,53.55385490552014,43.699645094479834,53.59818765972693,43.38487375044761,0,0,,,,30.207288888888883,30.509361777777773,29.905215999999992,,7.64180941635042,7.903571593824421,9.893638930874026,0,59.53412085256422,53.600799916959765,,,,,-0.0338377595409618,0.8633528823844756,0.8971906419254374,-0.13448716120127618,59.53412085256422,,,,,,,,,35.09486103209494,66.45968644534909,-33.229843222674546,0
2025-10-03,52.05,56.9392,51.26,56.16,49.14274999999999,54.88801890145262,43.39748109854737,70.43507388994071,54.4164250419524,0,0,,,,30.39706666666666,30.70103733333333,30.093095999999992,,13.266911379129521,14.279318922933705,16.432794407798102,0,64.80726315417695,53.469029531598025,,,,,0.3971418633827539,1.3936179711538799,0.9964761077711259,0.4354624214570894,64.80726315417695,,,,,,,,,41.419473485619456,66.46714723591533,-33.23357361795767,0
2025-10-06,56.865,59.26,55.8,58.5,49.68124999999999,56.67843791729926,42.68406208270072,77.21526376105766,67.08284177024176,0,0,,,,30.59702222222222,30.90299244444444,30.291051999999997,,15.9540940714753,17.7506604604353,20.112104630988913,0,67.68322244768285,54.64017362401902,,,,,0.7867013597135473,1.9798528074130601,1.1931514476995129,0.5675517012053911,67.68322244768285,,,,,,,,,49.452889269440355,66.49267364696792,-33.24633682348396,0
2025-10-07,59.01,62.56,57.02,61.51,50.40524999999999,58.975079330272536,41.83542066972744,83.06578762332147,76.90537509143995,0,0,,,,30.804711111111104,31.112758222222215,30.496663999999992,,19.87682952973049,22.03093923748025,25.069047901452123,0,70.96960393313032,55.94305373243673,,,,,1.1708429538486034,2.656705140010267,1.4858621861616637,0.6803166301826657,70.96960393313032,,,,,,,,,55.73819659245603,66.53467606944784,-33.26733803472392,0
2025-10-08,64.15,68.5341,63.65,65.31,51.362249999999996,61.87992202141222,40.84457797858777,87.47649923597339,82.58585020678417,0,0,,,,31.029822222222222,31.340120444444445,30.719524,,23.289222811621045,27.155644466509955,31.26714703488196,0,74.49577831164284,57.62292645673167,,,,,1.5791987412080952,3.4598606126717826,1.8806618714636874,0.7469081862921109,74.49577831164284,,,,,,,,,61.77956147095963,66.59442890716221,-33.297214453581105,0
2025-10-09,64.9,68.5397,64.42,66.42,52.26174999999999,64.55046729473828,39.9730327052617,90.1907153499102,86.9110007364017,0,0,,,,31.241333333333333,31.553746666666665,30.92892,,20.869122142961128,27.091036943845182,31.71819999669483,0,75.43442431666702,59.286946775004616,,,,,1.8060560015846643,4.138231873444518,2.3321758718598535,0.8055009230246365,75.43442431666702,,,,,75.43442431666702,,75.43442431666702,,66.57819883320755,66.66952059010568,-33.33476029505284,0
2025-10-10,70.8,73.5,64.14,64.26,52.80775,66.16361705347121,39.451882946528784,86.28698716423669,87.98473391670676,0,1,,,,31.449777777777776,31.764275555555553,31.135279999999998,,13.229489709613773,21.68668424615707,26.072100057222293,0,70.03300401299566,60.29898871738228,,,,,1.6944611413673893,4.45025229856909,2.755791157201701,0.8613267888039657,70.03300401299566,,,,,,,,,66.90502095157329,66.74530868729524,-33.37265434364762,0
2025-10-13,67.88,70.44,64.6221,65.42,53.376749999999994,67.81954137666946,38.93395862333052,86.11887540557125,87.53219263990604,0,0,,,,31.65608888888889,31.97264977777778,31.339527999999998,,11.65156247333301,22.56272628063718,26.951476281497722,0,71.22465177488428,61.03675168983604,,,,,1.584593660022641,4.736533232230002,3.151939572207361,0.941766219686612,71.22465177488428,,,,,,,,,65.15161961694245,66.8148140458316,-33.4074070229158,0
2025-10-14,65.34,69.67,62.19,68.03,54.416,69.89818124167253,38.93381875832746,87.00738563507362,86.47108273496049,0,0,,,,31.87271111111111,32.19143822222222,31.553983999999996,,12.251464400627011,25.0183769479565,30.436866677531626,0,73.75360902156548,62.578014926673994,,,,,1.570492304263877,5.115054952537207,3.54456264827333,0.9660838732711309,73.75360902156548,,,,,,,,,64.77453615910186,66.88270335748078,-33.44135167874039,0
2025-10-15,70.02,73.97,67.08,69.27,55.47549999999999,71.94690124579566,39.00409875420433,89.91178574894866,87.67934892986449,0,0,,,,32.08946666666667,32.410361333333334,31.768572,,10.416832709014102,24.865931807734952,30.664830656342247,0,74.88302541402024,64.46086088877487,,,,,1.5261448480249649,5.452243708304536,3.9260988602795712,0.9691394041245178,74.88302541402024,,,,,,,,,67.25950955956775,66.95848759199879,-33.479243795999395,0
2025-10-16,70.07,72.25,66.4249,67,56.466499999999996,73.20503311972095,39.72796688027905,85.98630360658811,87.63515833020345,0,1,,,,32.297555555555554,32.62053111111111,31.97458,,4.380881161587835,18.654423419195453,24.503303054047443,0,69.02713182295354,65.97173584904763,,,,,1.2376860960901652,5.473206480392278,4.235520384302113,0.9475827739374578,69.02713182295354,,,,,,,,,66.96200628983557,67.03285219779251,-33.516426098896254,0
2025-10-17,65.89,68.5,63.7,66.27,57.390499999999996,74.15143013528773,40.629569864712266,82.40327187431218,86.10045374328297,0,0,,,,32.492488888888886,32.81741377777777,32.167564,,1.6426632310311495,15.472072904052059,21.607858849004025,0,67.20698715789482,67.24708784852314,,,,,0.9068028629748373,5.369023963020659,4.462221100045822,0.9079633628769117,67.20698715789482,,,,,,,,,64.13844711048097,67.0975448091495,-33.54877240457475,0
2025-10-20,69.135,72.18,66.675,67.35,58.2675,75.18488144631121,41.350118553688795,78.51123452431364,82.30027000173796,0,0,,,,32.68844444444444,33.01532888888889,32.36156,,1.9157435990557525,15.587591710644855,22.124070318803945,0,68.52913592636388,68.48906918459765,,,,,0.6801174171507416,5.312367871484248,4.632250454333507,0.8680752784275525,68.52913592636388,,,,,,,,,61.43289970260016,67.15343473398947,-33.576717366994735,0
2025-10-21,68.04,68.04,64.86,65.4,58.891999999999996,75.89410998670445,41.88989001329554,72.17998710979788,77.69816450280787,0,0,,,,32.87217777777778,33.20089955555556,32.543456,,-1.6141892196831709,11.05073694219929,17.285924792343522,0,63.54727630345963,69.36637388928581,,,,,0.3357067048694278,5.051883835420291,4.7161771305508635,0.7990393492898337,63.54727630345963,,,,,,,,,59.18675562075331,67.20232196619943,-33.60116098309972,0
2025-10-22,62.97,64.02,58.41,60.565,59.485749999999996,75.83827924626635,43.133220753733646,59.2964516107064,69.99589108160595,0,0,,,,33.02828888888889,33.358571777777776,32.698006,,-8.232762865822718,1.8143000634605722,7.688341245710406,0,53.216975474684396,68.91514921943724,,,,,-0.24931644866119562,4.404531569724369,4.653848018385565,0.5141289675153486,53.216975474684396,53.216975474684396,,53.216975474684396,,,,,,53.65358665211255,67.23563575402633,-33.61781787701317,0
2025-10-23,61.56,64.7,60.75,63.57,60.33275,75.65651372664361,45.008986273356385,56.293225079061074,62.58988793318843,0,0,,,,33.19673333333333,33.52870066666666,32.864765999999996,,-3.2618868269077117,5.365659612731077,12.026175273295436,0,57.807706449944206,68.41518088342062,,,,,-0.4535842115677653,4.086867753925858,4.540451965493624,0.24107980471636595,57.807706449944206,,,,,,,,,49.77753688491156,67.25903730642612,-33.62951865321306,0
2025-10-24,64.81,66.18,63.65,64.56,61.24775000000001,75.22753199937287,47.26796800062714,54.36818348038151,56.6526200567163,0,0,,,,33.36242222222222,33.69604644444444,33.028798,,-1.8001779643614935,5.407953761566731,13.025869665439194,0,59.227219149003886,67.8111806478007,,,,,-0.5360526008446245,3.8703862144378434,4.406438815282468,-0.08524431370040328,59.227219149003886,,,,,,,,,48.28607092538025,67.27877337111168,-33.63938668555584,0
2025-10-27,66.19,66.35,64.1501,65.62,62.17825000000001,74.63824970906855,49.71825029093148,55.845518827184634,55.502309128875716,0,0,,,,33.546711111111115,33.88217822222223,33.211244,,-0.21820614778712555,5.535295702275289,14.110493458615657,0,60.749877668464485,67.08120020032456,,,,,-0.5321673643610643,3.7412296098311373,4.2733969741922015,-0.3319805487475494,60.749877668464485,,,,,,,,,51.492029547324364,67.30607119279748,-33.65303559639874,0
2025-10-28,65.675,66.54,63.61,63.75,62.97025000000001,73.57779565156298,52.362704348437035,48.55655767400252,52.92341999385621,0,0,,,,33.727777777777774,34.06505555555555,33.390499999999996,,-2.426705236816118,1.2382831575227904,9.808087042645708,0,56.725221284273765,65.81187469836962,,,,,-0.660133856631119,3.4482296534033026,4.108363510034422,-0.4486027573400305,56.725221284273765,,,,,,,,,50.96539052107067,67.3319062619367,-33.66595313096835,0
2025-10-29,64.145,67.39,63.48,66.16,63.87975,72.01883254964851,55.740667450351495,50.98876123483441,51.796945912007175,0,0,,,,33.919111111111114,34.25830222222223,33.57992,,1.7462648693953753,3.569597564173299,12.7884279345704,0,60.36920404578601,64.73578753616384,,,,,-0.5893900633818525,3.371625930807106,3.9610159941889584,-0.3591215276190003,60.36920404578601,,,,,,,,,51.492931526160305,67.3588819098408,-33.6794409549204,0
2025-10-30,65,65.18,60.89,60.92,64.30225,70.72456926565431,57.8799307343457,41.876800005768274,47.14070630486838,0,0,,,,34.083555555555556,34.42439111111111,33.74272,,-5.427957122786864,-5.259924808229877,3.050755711180475,0,50.42660137076486,63.33533020457593,,,,,-0.8846688083970746,2.855179983692615,3.7398487920896897,-0.6059297574795233,50.42660137076486,50.42660137076486,,50.42660137076486,,,,,,47.2951469161751,67.3757994194046,-33.6878997097023,0
2025-10-31,61.77,63.4495,60.4004,62.98,64.64325,69.92259491674838,59.3639050832516,40.687362740343566,44.517641326982066,0,0,,,,34.25377777777778,34.596315555555556,33.91124,,-1.728106104934668,-2.57296778859355,5.63067281270877,0,53.6579268835067,62.080564140906105,,,,,-0.925999104589466,2.582349911352857,3.508349015942323,-0.6883517951024015,53.6579268835067,,,,,,,,,46.08388329869172,67.38992216667864,-33.69496108333932,0
2025-11-03,63.03,63.1,59.13,61.34,64.78524999999999,69.52077687142595,60.04972312857402,34.64747505345204,39.07054593318794,0,0,,,,34.42311111111111,34.767342222222226,34.07888,,-3.3810337630834852,-5.317954318305462,2.221123588015894,0,50.81797685913247,60.44230470073232,,,,,-1.0400076472928683,2.208339456826238,3.248347104119106,-0.6966357770593221,50.81797685913247,,,,,,,,,41.87281215373285,67.39526202171507,-33.697631010857535,0
2025-11-04,57.8,59.4899,56.51,56.57,64.53825,70.32908696454953,58.74741303545048,21.133582359313735,32.156140051036424,0,0,,,,34.57297777777778,34.91870755555556,34.227248,,-9.637640068047304,-12.346554175237168,-5.919201718522626,0,43.59133985264908,58.20718430349152,,,,,-1.3909718906482573,1.5096322408087843,2.9006041314570417,-0.7027129402221497,43.59133985264908,,,,,,,,,38.0959835461398,67.39356390100976,-33.69678195050488,0
2025-11-05,56.66,57.28,54.87,56.42,64.09375,70.86172966530597,57.325770334694035,19.840055510745795,25.207037641170498,0,0,,,,34.71995555555556,35.06715511111111,34.372756,,-9.276560163372949,-11.972696245733783,-6.569036848540389,0,43.38241497466037,56.375418814327716,,,,,-1.5740493378588534,0.9330424591334747,2.507091796992328,-0.740810976315046,43.38241497466037,,,,,,,,,32.71366176519269,67.38322008184223,-33.69161004092111,0
2025-11-06,56.21,56.21,49.41,49.61,63.25325,72.41039490165981,54.09610509834019,14.348897921243683,18.440845263767716,0,0,,,,34.840088888888886,35.188489777777775,34.491687999999996,,-18.39520997483264,-21.56924742997396,-17.981246400692175,0,35.146489182297216,54.08538324464218,,,,,-2.063739435636928,-0.07258249755383162,1.9911569380830962,-0.7657233728511561,35.146489182297216,35.146489182297216,,35.146489182297216,,,,,,23.42396611307247,67.36166210120369,-33.680831050601846,0
2025-11-07,47.657,52.1,46.3109,51.64,62.622249999999994,73.06406328840907,52.18043671159092,16.30888756216462,16.83261366471801,0,0,,,,34.96106666666667,35.31067733333334,34.611456,,-13.211542663148535,-17.537297046976107,-14.877483907657552,0,38.871892204003494,51.96700869304501,,,,,-2.1510862108429722,-0.6977008254706192,1.453385385372353,-0.7897012651226065,38.871892204003494,,,,,,,,,19.151252245084994,67.3365166169344,-33.6682583084672,0
2025-11-10,53.74,54.5,50.76,51.9,61.94625,73.28782875914963,50.604671240850365,19.670163617023963,16.7759830334774,1,0,,,,35.07662222222222,35.42738844444444,34.725856,,-10.715821706893303,-16.217688722077604,-14.678152510747433,0,39.352416406149274,50.23880441466571,,,,,-2.089727628219074,-1.1587741499014896,0.9309534783175845,-0.8185194110579672,39.352416406149274,,,,,,,,,15.142676506180953,67.30890249794845,-33.654451248974226,0
2025-11-11,56,56.96,51.21,51.24,61.10675,72.99517810257069,49.218321897429306,22.904724911123303,19.627925363437274,0,0,,,,35.187155555555556,35.53902711111111,34.835284,,-9.91244417876862,-16.146743199401037,-15.916605813963026,0,38.52453712472005,49.189344532525396,,,,,-1.9923292652393862,-1.5594581032316484,0.4328711620077379,-0.9084391313591731,38.52453712472005,,,,,,,,,15.777392287609578,67.2816597402958,-33.6408298701479,0
2025-11-12,51.93,55.33,49.6601,49.97,60.14174999999999,72.35189057044387,47.9316094295561,22.88506555173016,21.819984693292454,0,0,,,,35.30737777777778,35.66045155555556,34.954304,,-9.571291554316975,-16.91295979914118,-18.090247707199005,0,36.91520613005065,47.697023081104426,,,,,-1.9118355027963294,-1.9569232164876738,-0.045087713691344455,-0.9371226560216774,36.91520613005065,,,,,,,,,13.957475357896591,67.25353959837425,-33.62676979918712,0
2025-11-13,48.76,49.38,44.37,45.25,59.05424999999999,72.44464330079587,45.6638566992041,16.752755225724172,20.847515229525857,0,0,,,,35.40528888888889,35.75934177777778,35.051236,,-15.723012739328057,-23.375540287108876,-25.533403000057596,0,31.62720310559257,45.725593363717906,,,,,-2.061970312845512,-2.622550604748234,-0.5605802919027224,-0.9530760301681218,31.62720310559257,,,,,,,,,8.468200347982245,67.22377716933721,-33.611888584668606,0
2025-11-14,43.71,47.22,43.3,45.54,58.01774999999999,72.1993890008347,43.836110999165285,16.26928200904749,18.635700928833916,0,0,,,,35.49715555555556,35.852127111111116,35.142184,,-12.335412335412366,-21.506780252595103,-24.61700172980311,0,32.26917123709559,43.6912571900487,,,,,-2.0243621861229326,-3.0910330245563884,-1.0666708384334558,-0.9553736496282943,32.26917123709559,,,,,,,,,3.7272836480934437,67.1938923734618,-33.5969461867309,0
2025-11-17,45.15,45.682,42.225,43.31,56.815749999999994,71.68804211486906,41.94345788513092,13.519864201985612,15.513967145585736,0,0,,,,35.57591111111111,35.93167022222222,35.220152,,-13.630471632266449,-23.771137404680907,-27.70239628746547,0,29.941134027286395,41.778108100263886,,,,,-2.0272584858761635,-3.6007439457786603,-1.5734854599024968,-0.9612575433711713,29.941134027286395,,,,,,,,,-1.5275452274221613,67.16525920803515,-33.582629604017576,0
2025-11-18,42.22,43.61,41.23,42.78,55.684749999999994,71.20025884599005,40.16924115400994,12.42168211518301,14.070276108738682,0,0,,,,35.647822222222224,36.004300444444446,35.291344,,-12.274945658860704,-23.17465733436892,-27.835022562098487,0,29.398284106959096,39.56589953320482,,,,,-1.9422797859727465,-4.00133519236843,-2.059055406395683,-0.9595815573968539,29.398284106959096,,,,,,,,,-3.610588341491908,67.13754671535291,-33.568773357676456,0
2025-11-19,42.5,44.53,42.43,43.62,54.83749999999999,71.03033653347978,38.64466346652019,14.448487834170585,13.463344717113046,1,0,,,,35.71528888888889,36.07244177777778,35.358136,,-8.141346923303738,-20.455892409391375,-25.50953900275228,0,31.51751910716868,38.215250800090814,,,,,-1.714820414630534,-4.202580924683851,-2.4877605100533167,-0.9518227767357584,31.51751910716868,,,,,,,,,-5.245795411483948,67.11072220498902,-33.55536110249451,0
2025-11-20,46.08,46.26,39.32,39.48,53.632999999999996,70.61310376882292,36.65289623117707,11.456375113298634,12.775515020884052,0,0,,,,35.769777777777776,36.127475555555556,35.412079999999996,,-15.047446904654338,-26.38860403110026,-31.529458693082148,0,27.186217838246193,36.32441443971506,,,,,-1.7238842580588511,-4.6426158326268805,-2.9187315745680293,-0.9541298448644321,27.186217838246193,27.186217838246193,,27.186217838246193,,,,,,-8.234922852630318,67.08585371484637,-33.54292685742318,0
2025-11-21,39.83,41.045,37.57,40.3,52.419999999999995,69.5697043706297,35.270295629370295,12.845936796794742,12.916933248087965,0,0,,,,35.83191111111111,36.190230222222226,35.473592,,-11.114051919980628,-23.120946203739024,-29.125618831833112,0,29.259844520660465,34.78454784410992,,,,,-1.5602564351737547,-4.8690521185352225,-3.308795683361468,-0.9561555320639722,29.259844520660465,,,,,,,,,-10.207131273789813,67.0625378774802,-33.5312689387401,0
2025-11-24,40.76,42.53,39.3,42.45,51.2615,67.80767934751076,34.71532065248924,16.945358989604806,13.749223633232704,1,0,,,,35.907377777777775,36.266451555555555,35.548303999999995,,-4.378970131098814,-17.189313617432177,-24.325480653528363,0,34.5248942977382,34.13694459018772,,,,,-1.2085328293940498,-4.81946172010403,-3.6109288907099804,-0.927610403332012,34.5248942977382,,,,,,,,,-11.224210096108465,67.04011022520662,-33.52005511260331,0
2025-11-25,42.03,42.805,40.38,42.6,50.20399999999999,66.11357623571404,34.29442376428595,20.494651612401086,16.761982466266854,0,0,,,,35.98577777777778,36.34563555555555,35.62592,,-2.136457615437659,-15.146203489761756,-22.892903794115625,0,34.889000699453405,33.530272141958655,,,,,-0.8822332003836304,-4.7137203911895185,-3.831487190805888,-0.8906539934135864,34.889000699453405,,,,,34.889000699453405,,34.889000699453405,,-9.182958812110003,67.01602085337227,-33.508010426686134,0
2025-11-26,43.24,43.5898,41.3799,41.93,48.99249999999999,63.48445345700489,34.500546542995096,27.250453657993567,21.563488086666464,0,0,,,,36.044399999999996,36.404844,35.683955999999995,,-1.8630342180405712,-14.415471755880993,-22.832718338501756,0,33.980041807674496,33.446954472342746,,,,,-0.6392936896145951,-4.630604302824132,-3.991310613209537,-0.8795343192894819,33.980041807674496,,,,,,,,,-8.240874908894694,66.9912549500887,-33.49562747504435,0
2025-11-28,42.51,42.6999,41.8,42.14,48.05349999999999,61.74393940127543,34.36306059872455,30.85577590332155,26.200293724572045,0,0,,,,36.10368888888889,36.46472577777778,35.742652,,-0.6483555345986547,-12.306075519993332,-21.245175939971418,0,34.55555814367743,33.13864489660517,,,,,-0.4037213528044372,-4.495962304215084,-4.092240951410647,-0.8258601590506673,34.55555814367743,,,,,,,,,-8.690504071861069,66.966843139465,-33.4834215697325,0
2025-12-01,41.15,41.3,39.98,40.37,46.92299999999999,59.15260195590997,34.69339804409,28.48012999809758,28.862119853137543,0,0,,,,36.15888888888889,36.52047777777778,35.7973,,-3.646952121819702,-13.965432730217575,-23.31582596472568,0,32.02179108622525,32.615028802324886,,,,,-0.31055452079773893,-4.48043410240782,-4.169879581610081,-0.7906794995760568,32.02179108622525,,,,,,,,,-10.437291226447622,66.9438303086607,-33.47191515433035,0
2025-12-02,40.56,42.9896,40.42,41.9,45.950999999999986,56.40375829625837,35.498241703741606,31.417375560751395,30.251093820723487,0,0,,,,36.22351111111111,36.58574622222222,35.861276,,0.34245755202715333,-8.815912602554876,-19.10598274647095,0,36.365345922237736,32.46080085929043,,,,,-0.1002225524635394,-4.295157772189505,-4.1949352197259655,-0.7043799635663474,36.365345922237736,,,,,,,,,-10.581201814103684,66.92095880764296,-33.46047940382148,0
2025-12-03,41.895,44.74,41.5,44.72,45.35849999999999,54.61087110150649,36.106128898493495,42.34405440159412,34.080519986814345,0,0,,,,36.30266666666667,36.66569333333334,35.93964,,6.600557793616324,-1.4076744160410826,-12.497024207460871,0,43.5276654745527,32.93311938389771,,,,,0.25507351791246347,-3.876093322335386,-4.131166840247849,-0.378591951457946,43.5276654745527,,,,,,,,,-8.849748761515663,66.89673640528567,-33.44836820264283,0
2025-12-04,45.645,49.68,44.82,49.37,45.005999999999986,52.99702096105397,37.014979038946,61.11201839298043,44.95781611844196,0,0,,,,36.41582222222222,36.77998044444444,36.051663999999995,,16.09368386398904,9.696484913122717,-2.6878929836203547,0,52.934639112219294,34.45507909865677,,,,,0.7988100325618168,-3.132654299545578,-3.931464332107395,0.1956952389921684,52.934639112219294,,,,,,,,,-2.6549804799348826,66.86893024176587,-33.43446512088293,0
2025-12-05,48.875,49.6999,47.7,49.055,44.97824999999999,52.90875141857402,37.04774858142596,66.15562564317817,56.53723281258422,0,0,,,,36.526466666666664,36.89173133333333,36.161201999999996,,12.81290604482157,9.063825293336247,-2.377785664297416,0,52.299087852159786,35.885787428304205,,,,,1.113478449902174,-2.5396162697296774,-3.6530947196318513,0.5446027659024449,52.299087852159786,,,,,,,,,2.0876567223540223,66.83976405906787,-33.41988202953394,0
2025-12-08,50.08,52.37,49.22,51.56,44.97424999999999,52.891376546292165,37.05712345370782,73.37558167038578,66.88107523551479,0,0,,,,36.64508888888889,37.011539777777784,36.278638,,15.580761945325516,14.643379267025058,3.4998444290545994,0,56.746559103523886,37.80046064803546,,,,,1.4455039525788087,-1.8462147789083403,-3.291718731487149,0.7102127690884944,56.746559103523886,,,,,,,,,6.317990894821605,66.81039181837649,-33.405195909188244,0
2025-12-09,51.23,53.75,50.34,53.43,45.05074999999998,53.2583210627449,36.84317893725506,78.10186104849969,72.54435612068785,0,0,,,,36.773044444444444,37.14077488888889,36.405314,,16.895476672318498,18.599579363273698,8.135640101058804,0,59.76258520314931,39.96933929776333,,,,,1.7271844021576368,-1.132738228790103,-2.85992263094774,0.8125385210628345,59.76258520314931,,,,,,,,,8.497611243250205,66.78129976229509,-33.390649881147546,0
2025-12-10,53.44,58.83,52.25,57.52,45.36474999999999,54.872899912049455,35.85660008795052,84.21754960432034,78.56499744106858,0,0,,,,36.922022222222225,37.29124244444445,36.552802,,21.86569772984881,26.79448250017915,16.90462882983588,0,65.43892135493104,42.39229660117493,,,,,2.1002820042279358,-0.23457012566282032,-2.334852129890756,0.8974683648534701,65.43892135493104,,,,,,,,,13.688603790582315,66.75382535221617,-33.376912676108084,0
2025-12-11,57.51,64.15,56.85,63.53,46.04274999999999,58.30324651319241,33.78225348680757,90.36884166548018,84.22941743943339,0,0,,,,37.065400000000004,37.436054000000006,36.694746,,28.70875920542142,37.980463808091415,29.34992483601353,0,71.74630367815672,45.57515987545425,,,,,2.628862660619166,0.9512261958832013,-1.6776364647359645,0.8962051865603049,71.74630367815672,,,,,71.74630367815672,,71.74630367815672,,21.34767382554631,66.73129650846727,-33.36564825423363,0
2025-12-12,62.5,65.18,59.8,61.49,46.85474999999999,60.82901973941778,32.880480260582196,88.63402333494693,87.74013820158245,0,0,,,,37.20704444444445,37.579114888888896,36.834974,,19.87640000389903,31.235360342334584,25.147980176592476,0,67.25931777578398,48.28940796510593,,,,,2.707464108305302,1.706693670645663,-1.000770437659639,0.9195063369257216,67.25931777578398,,,,,,,,,26.23857794346513,66.71353019755048,-33.35676509877524,0
2025-12-15,63.052,64.56,55.08,55.41,47.34824999999999,61.79119958621689,32.905300413783095,81.69724351012901,86.90003617018534,0,1,,,,37.313,37.686130000000006,36.93987,,4.946163243273927,17.02650045144225,13.355768542290992,0,56.01533424992959,49.824439390262455,,,,,2.235912667560694,1.7941203967912287,-0.44179227076946537,0.9149782480610874,56.01533424992959,,,,,,,,,24.18613554083719,66.6936304153402,-33.3468152076701,0
2025-12-16,54.19,56.73,52.68,55.49,47.957249999999995,62.6919503617312,33.22254963826879,74.85644142648158,81.72923609051915,0,0,,,,37.42468888888889,37.79893577777778,37.050442,,2.4604163781562827,15.707218408061351,13.974099596397327,0,56.11928139478881,51.34088801135784,,,,,1.8322762721747412,1.8485530694489611,0.01627679727421999,0.8955828786312349,56.11928139478881,,,,,,,,,18.12840026225051,66.66872456736755,-33.334362283683774,0
2025-12-17,56.1,56.91,53.085,53.96,48.51624999999999,63.27115727690294,33.761342723097044,69.55905436066001,75.37091309909017,0,0,,,,37.53371111111112,37.90904822222223,37.158374,,-2.0360738178880733,11.220467369180454,11.029948867786675,0,53.51451380061604,52.736207439425094,,,,,1.385444431308073,1.7480823364093112,0.3626379051012383,0.8341279867036411,53.51451380061604,53.51451380061604,,53.51451380061604,,,,,,12.551322712812436,66.64093109718317,-33.320465548591585,0
2025-12-18,56.2,60.25,56.03,59.92,49.33125,64.7021588459337,33.96034115406629,73.33685919637402,72.58411832783851,0,0,,,,37.67122222222223,38.04793444444445,37.29451,,6.739821684643643,21.464588876219448,22.998183354601622,0,61.090687868200185,54.63157384831958,,,,,1.4097987793905187,2.1248863793393866,0.715087599948868,0.819844216964042,61.090687868200185,,,,,,,,,15.063265380737988,66.61428179021935,-33.307140895109676,0
2025-12-19,61.12,70.56,60.7465,70.52,50.88324999999999,68.11732156623202,33.649178433767965,84.47864202212429,75.79151852638608,0,0,,,,37.85633333333334,38.23489666666667,37.47777000000001,,20.995830688193774,38.591776272152444,42.714998364133685,0,70.34712185776448,57.3690974748581,,,,,2.021107550665498,3.2414720382807403,1.2203644876152424,0.8192553355964227,70.34712185776448,,,,,,,,,24.196819511769764,66.59447737027477,-33.29723868513739,0
2025-12-22,72.94,78.45,72.752,77.55,52.74574999999999,72.81960545305157,32.67189454694841,88.56030795591565,82.12526972480462,0,0,,,,38.0742,38.454941999999996,37.693458,,27.37755001478266,47.0260637112943,54.24599136116366,0,74.65375541272209,60.10398386703555,,,,,2.735826594505613,4.640147730747259,1.904321136241646,0.8121895168029154,74.65375541272209,,,,,74.65375541272209,,74.65375541272209,,38.56012848467811,66.59420974744656,-33.29710487372328,0
2025-12-23,73.81,79.1799,73.29,77.18,54.482249999999986,76.5979449868189,32.36655501318107,88.77408624233375,87.27101207345788,0,0,,,,38.288111111111114,38.670992222222225,37.90523,,22.010212308519183,41.6608161373659,50.979567484032515,0,74.04422783765959,62.28373832154318,,,,,2.9994082260439336,5.653581418796563,2.654173192752629,0.8210416627077706,74.04422783765959,,,,,,,,,48.44797121930028,66.61356949658729,-33.306784748293644,0
2025-12-24,78.035,79.83,74.8007,77.18,56.211249999999986,79.7047852544058,32.717714745594165,88.61733551684776,88.65057657169903,0,1,,,,38.505,38.89005,38.11995,,18.332490072520425,37.30347572772359,48.468283611997244,0,74.04422783765959,63.79156608764606,,,,,2.9831845604097857,6.383153893264861,3.3999693328550755,0.8407548929387862,74.04422783765959,,,,,,,,,51.42921142488351,66.63972600668335,-33.31986300334167,0
2025-12-26,76.68,76.99,70.39,70.65,57.647249999999985,80.9839698798376,34.31053012016237,82.24427925534744,86.54523367150962,0,0,,,,38.69153333333333,39.07844866666667,38.304618,,7.150982027754593,22.55571601420714,34.12816691505216,0,63.44195282984131,64.58748501462331,,,,,2.368906200819501,6.361102083879452,3.9921958830599507,0.8093489838538567,63.44195282984131,,,,,,,,,45.61152151371843,66.6526855136801,-33.32634275684005,0
2025-12-29,69.5,72.74,69.322,70.12,59.046249999999986,81.84521113313079,36.24728886686919,76.83632893793964,82.5659812367116,0,0,,,,38.87606666666667,39.264827333333336,38.487306,,4.973202790502684,18.754366280669842,31.05929629456565,0,62.65774711331223,65.0097127296082,,,,,1.7894869984527348,6.229054631125869,4.439567632673135,0.7643310446110637,62.65774711331223,,,,,,,,,39.97432621451682,66.654609571155,-33.3273047855775,0
2025-12-30,73.025,74.69,70.44,70.45,60.55024999999999,82.16027556106785,38.940224438932134,74.56833430646145,77.8829808332495,0,0,,,,39.066155555555554,39.45681711111111,38.675494,,3.144856665983431,16.349643477937768,29.663769911993022,0,62.964714271992776,65.2384362345256,,,,,1.3130955405702007,6.080937058385885,4.767841517815684,0.7100869224828851,62.964714271992776,,,,,,,,,34.59756551359573,66.6476016764649,-33.32380083823245,0
2025-12-31,71.5,73.1959,69.13,69.76,61.94324999999999,82.10829259231818,41.7782074076818,69.84793251915852,73.75086525451987,0,0,,,,39.25437777777778,39.646921555555565,38.861834,,0.04445782959743294,12.619211939961206,26.343623504695323,0,61.82040587479542,64.97997084308733,,,,,0.8581662769301364,5.840549363978354,4.982383087048218,0.6547625577865333,61.82040587479542,61.82040587479542,,61.82040587479542,,,,,,33.36743641487839,66.63875108562982,-33.31937554281491,0
2026-01-02,70.63,76.24,66.85,75.99,63.50674999999999,82.92285112123459,44.09064887876539,73.03923201234403,72.48516627932132,0,0,,,,39.45611111111111,39.85067222222222,39.061550000000004,,5.641439136962667,19.656571939203317,34.92183269266618,0,67.55404156447278,64.68052354925278,,,,,0.8801995436683638,6.082632516633673,5.202432972965309,0.7112511112676791,67.55404156447278,,,,,,,,,36.326110885377794,66.63437391649495,-33.317186958247476,0
2026-01-05,74.62,78.25,71.31,78.14,64.94525,84.22126397462675,45.66923602537325,75.04649545525821,72.64455332892025,0,0,,,,39.67797777777778,40.07475755555556,39.281197999999996,,5.946796105973906,20.316728321162824,35.96146540499312,0,69.2692131171015,64.82408750220404,,,,,0.9376464427151596,6.374491026359259,5.436844583644099,0.7401545805163751,69.2692131171015,,,,,,,,,40.30218669162471,66.63670608535892,-33.31835304267946,0
2026-01-06,77.76,86.25,74.05,86.03,66.794,86.70144925900864,46.88655074099135,82.80939728030037,76.9650415826342,0,0,,,,39.937577777777776,40.33695355555555,39.538202,,14.24208219905716,28.79899392160974,45.754681018684536,0,74.57986705099891,66.15012555942327,,,,,1.3784547634464186,7.159913037952123,5.781458274505704,0.7463542689554425,74.57986705099891,,,,,74.57986705099891,74.57986705099891,74.57986705099891,,49.15770330049707,66.65691855086266,-33.32845927543133,0
2026-01-07,84.1,85.9599,81.85,84.08,68.41999999999999,88.396917680163,48.443082319836975,83.12764133679224,80.3278446907836,0,0,,,,40.18548888888889,40.58734377777778,39.783634,,10.692751257273759,22.888044431452805,39.01388540613229,0,71.30036168834704,67.23448843753457,,,,,1.4053311065662042,7.53812215771346,6.132791051147255,0.7282817760183522,71.30036168834704,,,,,,,,,52.79639860449956,66.68553649349829,-33.342768246749145,0
2026-01-08,85.5,89.87,82.26,83.08,69.90249999999999,89.60856797410409,50.19643202589589,82.70072551492443,82.87925471067234,0,0,,,,40.4302,40.834502,40.025898,,8.533207921826813,18.851257108114883,34.35213260561956,0,69.60989053828676,68.38415820451105,,,,,1.228777749762397,7.668763238350252,6.439985488587855,0.6908530288337567,69.60989053828676,,,,,,,,,54.56849300920246,66.71838706267634,-33.35919353133817,0
2026-01-09,84.525,88.4299,82.45,84.85,71.26899999999999,91.14059067613881,51.39740932386117,83.74261428725777,83.19032704632481,0,0,,,,40.68402222222222,41.09086244444444,40.277181999999996,,9.745844920131908,19.05597103930181,34.159035509585614,0,70.92393370052358,69.08653290681987,,,,,1.1079481125659614,7.824920629295306,6.716972516729345,0.6595197499057347,70.92393370052358,,,,,,,,,52.824002369807346,66.74674214678438,-33.37337107339219,0
2026-01-12,84.98,88.8399,83.4189,87.9,72.48749999999998,93.27886250946565,51.69613749053432,85.55416416380727,83.99916798866316,0,0,,,,40.95944444444444,41.36903888888889,40.54985,,11.20951417004048,21.262286601138157,35.693868047104374,0,73.0836872137756,69.28200186082067,,,,,1.107540484338151,8.101398122152034,6.993857637813883,0.6911725541401142,73.0836872137756,,,,,,,,,54.12444163021873,66.77813399820056,-33.38906699910028,0
2026-01-13,89.14,89.7292,85.6501,86.58,73.74199999999999,94.75429126011747,52.72970873988251,80.19856912675651,83.16511585927385,0,1,,,,41.23197777777778,41.64429755555555,40.819658000000004,,7.304860818481518,17.409346098559865,30.668055146809124,0,70.63819161043551,68.99517587494304,,,,,0.9012249072357514,8.120388771858572,7.2191638646228204,0.7917824495597098,70.63819161043551,,,,,,,,,55.2615554918338,66.81221335103032,-33.40610667551516,0
2026-01-14,86.35,92.19,84.5,91.8,75.5615,96.20804670883258,54.91495329116741,85.56618209993547,83.77297179683309,0,0,,,,41.53531111111111,41.95066422222222,41.119958000000004,,10.841453254609345,21.490441560847785,35.05196852710479,0,74.30048120356474,69.01347968679342,,,,,0.9919790678555227,8.459137699442223,7.467158631586701,0.8840896700641339,74.30048120356474,,,,,,,,,58.32824922035712,66.8541350121256,-33.4270675060628,0
2026-01-15,89.265,92.459,86.65,90.76,77.325,96.80488757667764,57.84511242332236,86.08084777094193,83.94853299921131,0,0,,,,41.83873333333332,42.25712066666666,41.42034599999999,,6.875802216177385,17.374717103136117,30.397615028195823,0,72.36388412716315,68.89345513604367,,,,,0.8624138053675763,8.545175888296171,7.682762082928595,0.9484730555085196,72.36388412716315,,,,,,,,,58.937136771259595,66.89748427770944,-33.44874213885472,0
2026-01-16,92.525,99.58,92.4,96.3,79.442,97.4521289279118,61.431871072088185,88.76092712915626,86.80265233334457,0,0,,,,42.17659999999999,42.59836599999999,41.754833999999995,,10.750759039470026,21.220513078724103,35.02176752794257,0,75.95862836412056,69.78750338849218,,,,,1.0195032343377042,8.957141125850725,7.937637891513021,0.9551242497318863,75.95862836412056,,,,,75.95862836412056,,75.95862836412056,,63.357754588503866,66.95310693396345,-33.47655346698173,0
2026-01-20,93.7,98.2699,88.3,89.16,80.904,96.98134978160272,64.82665021839728,83.23095392329063,86.02424294112961,0,1,,,,42.478422222222214,42.903206444444436,42.05363799999999,,1.256047425443474,10.204687036487691,22.728492804360734,0,64.34248526671419,69.9078418280209,,,,,0.5364957517416187,8.608257581190045,8.071761829448427,0.9156521936921838,64.34248526671419,,,,,,,,,60.55661994857493,67.00042774395138,-33.50021387197569,0
2026-01-21,90.02,91.25,82.71,87.82,81.76899999999999,97.37313393944076,66.16486606055922,73.6297486177553,81.87387655673407,0,0,,,,42.78059999999999,43.20840599999999,42.352793999999996,,-0.4680788367164457,7.400114957991422,18.771441838238935,0,62.41338911165625,69.86846145942545,,,,,0.04652764388571917,8.129921384305575,8.083393740419856,0.8440414167315279,62.41338911165625,62.41338911165625,,62.41338911165625,,,,,,57.598202740925224,67.03949281307925,-33.519746406539625,0
2026-01-22,86.38,89.4,81.3506,87.98,82.2905,97.99261638601634,66.58838361398365,65.68660505899679,74.18243586668092,0,0,,,,43.08055555555555,43.51136111111111,42.64974999999999,,-0.7255452873407564,6.913920804953189,17.065771323897927,0,62.5577395050397,69.92112814730002,,,,,-0.3264978613710845,7.675271413706,8.001769275077084,0.7624060109907689,62.5577395050397,,,,,,,,,51.71647365210782,67.06378606800514,-33.53189303400257,0
2026-01-23,89.055,94.4499,86.12,88.9,82.8765,98.64661512323234,67.10638487676765,61.662609009849135,66.99298756220043,0,0,,,,43.392733333333325,43.82666066666666,42.95880599999999,,-0.34190908581358537,7.26804341399554,16.457796602768425,0,63.42748494255401,69.62637410287725,,,,,-0.5574258163212704,7.304987004675496,7.8624128209967665,0.6597238184630294,63.42748494255401,,,,,,,,,50.63046946558506,67.08544686223223,-33.542723431116116,0
2026-01-26,86.745,87.16,80.01,80.48,83.0415,98.63785377259688,67.44514622740311,50.49644106194399,59.28188504359665,0,0,,,,43.666,44.10266,43.22933999999999,,-9.336697909156443,-3.084602277174664,4.381209307151557,0,51.61115465897349,68.36508421301097,,,,,-1.2819706485033748,6.259949510367548,7.541920158870923,0.18688631557884697,51.61115465897349,51.61115465897349,,51.61115465897349,,,,,,45.74070025453931,67.09652572639027,-33.548262863195134,0
2026-01-27,82.89,87,82,87,83.85900000000001,98.45342071477972,69.2645792852203,51.574784426397876,54.577944832730346,0,0,,,,43.961999999999996,44.401619999999994,43.52238,,-1.8922393378289937,3.7455729259828985,11.704108228869291,0,58.117769779222144,67.18922012216977,,,,,-1.3215653711700046,5.8899634449084175,7.211528816078422,0.11759012992772737,58.117769779222144,,,,,,,,,44.52721738364958,67.10511508515437,-33.55255754257718,0
2026-01-28,87.22,89.8,86.0276,88.57,84.78150000000001,98.05853924073428,71.50446075926574,49.55160914066841,50.540944876336766,0,0,,,,44.27271111111111,44.71543822222222,43.829983999999996,,-0.34542120008551613,4.468545614314423,12.417023112950076,0,59.52897697313339,66.34840692822594,,,,,-1.2426563351830584,5.6582083970995996,6.900864732282658,0.02282820479564462,59.52897697313339,,,,,,,,,43.72728907799109,67.11208625991512,-33.55604312995756,0